model,model_label,snap_current,snap_next,z_current,z_next,z_mid,dt_yr,mass_bin_left_msun,mass_bin_right_msun,mass_bin_center_msun,n_halos,mean_mass_current_msun,median_mass_current_msun,mean_dM200c_dt_msun_yr,median_dM200c_dt_msun_yr,std_dM200c_dt_msun_yr,sem_dM200c_dt_msun_yr,p16_dM200c_dt_msun_yr,p84_dM200c_dt_msun_yr,negative_fraction,correa2015_mean_dMdt_msun_yr,mean_over_correa
PL,PL,25,26,17.551495663828796,15.864996058026179,16.708245860927487,33142246.615712106,100000000.0,316000000.0,177763888.34631178,247,233648742.8168295,225620996.20699883,6.411887808105301,5.545264440466935,4.38441757861233,0.27897380997941795,3.231368564873722,8.903307624464713,0.0,8.786334787557308,0.7297568284315139
PL,PL,25,26,17.551495663828796,15.864996058026179,16.708245860927487,33142246.615712106,316000000.0,1000000000.0,562138772.9022079,99,465946315.6654378,417914837.59880066,13.94365004789703,10.840018404723725,13.143448721812632,1.3209662988342052,6.824536627610913,19.238507089403125,0.0,17.52185897989138,0.7957859987287416
PL,PL,26,27,15.864996058026179,14.331814598205613,15.098405328115895,38233370.82707757,100000000.0,316000000.0,177763888.34631178,868,237904182.86271358,229287305.84681034,5.246413846933506,4.349978890986165,3.471318794161112,0.11782423726847885,2.626734813780767,7.6725653237087075,0.004608294930875576,7.037084731972669,0.7455379673199993
PL,PL,26,27,15.864996058026179,14.331814598205613,15.098405328115895,38233370.82707757,316000000.0,1000000000.0,562138772.9022079,427,472871665.4611415,422124341.13025665,10.050489410524762,8.281659082994045,6.466837100289745,0.31295218182174095,4.995223702301315,15.588952444667008,0.00234192037470726,13.98730336372166,0.7185437499405594
PL,PL,27,28,14.331814598205613,12.938013271096011,13.634913934650811,44105611.17019093,100000000.0,316000000.0,177763888.34631178,2244,236872074.2805783,230431677.77359486,3.953537216626097,3.240510628987238,2.8695111226937295,0.060575427279103145,1.8220634704858465,6.002593276294742,0.0071301247771836,5.5103420726204,0.7174758235555462
PL,PL,27,28,14.331814598205613,12.938013271096011,13.634913934650811,44105611.17019093,316000000.0,1000000000.0,562138772.9022079,1441,493097454.05094236,434386432.1708679,8.468883365093697,6.773177356056939,6.507333090347564,0.17142377201106415,3.7137897235263986,12.774225787992666,0.004857737682165163,11.47089902940786,0.7382929048004069
PL,PL,27,28,14.331814598205613,12.938013271096011,13.634913934650811,44105611.17019093,1000000000.0,3160000000.0,1777638883.4631178,134,1499772722.3741474,1361846551.2990952,24.921798190711485,19.81201528091878,19.82803639613566,1.7128814583899616,11.305621477067518,34.605368677205696,0.0,34.88913058479644,0.7143141079466051
PL,PL,28,29,12.938013271096011,11.670921155541825,12.304467213318919,50878301.841837466,100000000.0,316000000.0,177763888.34631178,5273,239352841.10896394,233638305.21702766,3.11799887891431,2.523114309594509,2.511185033459467,0.034581977879504906,1.3172900972845565,4.785721942326842,0.01194765787976484,4.378238381669956,0.7121583173653138
PL,PL,28,29,12.938013271096011,11.670921155541825,12.304467213318919,50878301.841837466,316000000.0,1000000000.0,562138772.9022079,3435,500498843.96088696,445505455.13629913,6.50139839437497,5.097447212877167,5.080824061939354,0.08669035587403473,2.695471013159898,10.141387103668224,0.006695778748180495,9.155116933052906,0.7101382147182456
PL,PL,28,29,12.938013271096011,11.670921155541825,12.304467213318919,50878301.841837466,1000000000.0,3160000000.0,1777638883.4631178,486,1502075118.9670446,1322989314.7945404,20.75973533929848,16.665012689689046,15.877250258598705,0.7202066972599832,8.985063093613341,30.623535661657378,0.00205761316872428,27.47593430494979,0.7555606702538452
PL,PL,29,30,11.670921155541825,10.51901923231075,11.094970193926287,58688735.33458358,100000000.0,316000000.0,177763888.34631178,9713,239475733.40466556,233631357.55062103,2.4099420606753656,1.9456638062908245,2.0439467197602337,0.02073924185958566,0.8937348211623419,3.784174186548072,0.02697415834448677,3.4437783383140257,0.6997959287516756
PL,PL,29,30,11.670921155541825,10.51901923231075,11.094970193926287,58688735.33458358,316000000.0,1000000000.0,562138772.9022079,7347,502596389.3516933,448685064.91184235,5.216526724511386,3.9641745078802693,4.985645219993269,0.05816561854368245,1.9512959140710968,8.046537447725399,0.011297128079488227,7.227582243748471,0.7217526620362492
PL,PL,29,30,11.670921155541825,10.51901923231075,11.094970193926287,58688735.33458358,1000000000.0,3160000000.0,1777638883.4631178,1191,1559899165.025286,1402298510.0746155,16.76286384250641,13.004593929022448,13.964835118182922,0.40465036050308556,6.766832424995407,25.510459696372326,0.0033585222502099076,22.432114010444273,0.7472708026850126
PL,PL,29,30,11.670921155541825,10.51901923231075,11.094970193926287,58688735.33458358,3160000000.0,10000000000.0,5621387729.0220785,129,4823527710.382328,4320219457.149506,51.27878918159605,42.508787479321235,33.408464190601464,2.9414512575562206,25.28756409099593,75.19851241259056,0.0,69.36469097352177,0.7392635714497804
PL,PL,30,31,10.51901923231075,9.471835665737043,9.995427449023897,67694718.7794931,100000000.0,316000000.0,177763888.34631178,16126,240235113.44212338,234366189.68844414,1.8756984540852129,1.4800189414444573,1.7315235566472245,0.013635311898642125,0.5951169783380538,3.0393407526067113,0.04061763611558973,2.715405428832061,0.6907618413696626
PL,PL,30,31,10.51901923231075,9.471835665737043,9.995427449023897,67694718.7794931,316000000.0,1000000000.0,562138772.9022079,13202,513174397.2199177,460142698.13895226,4.104839008698668,3.113617114762376,3.8405999102492836,0.033425599345529286,1.3759564662178085,6.608799093060024,0.02105741554309953,5.8004698987698005,0.7076735299616411
PL,PL,30,31,10.51901923231075,9.471835665737043,9.995427449023897,67694718.7794931,1000000000.0,3160000000.0,1777638883.4631178,2437,1591171168.3626003,1414275616.4073944,13.317348965683369,10.27247000106164,11.892376349241934,0.24090226313266772,4.820430349445065,20.614930031142173,0.01272055806319245,17.98519278412554,0.7404618413341557
PL,PL,30,31,10.51901923231075,9.471835665737043,9.995427449023897,67694718.7794931,3160000000.0,10000000000.0,5621387729.0220785,358,4902114133.928075,4329856187.105179,45.915845438236275,35.29175785581535,35.078905583661864,1.8539777687157837,18.91435979149222,70.21418779105534,0.002793296089385475,55.40916621761693,0.828668766786779
PL,PL,31,32,9.471835665737043,8.519850605215494,8.995843135476267,78077415.13720101,100000000.0,316000000.0,177763888.34631178,23864,240808365.09241706,235152505.338192,1.4445914850763715,1.118501168956783,1.4659903552733253,0.009489853169629487,0.385219659308569,2.401035325008059,0.05950385517934965,2.1389541490944595,0.675372815115251
PL,PL,31,32,9.471835665737043,8.519850605215494,8.995843135476267,78077415.13720101,316000000.0,1000000000.0,562138772.9022079,20801,519575695.03823143,466134473.6814499,3.2690422250939473,2.3877854486603702,3.484797334712997,0.024162141253408327,0.9221200307528421,5.370036791490691,0.03571943656554973,4.615074680832416,0.7083400488991249
PL,PL,31,32,9.471835665737043,8.519850605215494,8.995843135476267,78077415.13720101,1000000000.0,3160000000.0,1777638883.4631178,4430,1612712814.0416427,1436011642.217636,10.758634701946612,7.904787613044894,10.589231434750472,0.15909721489554313,3.4374719822788062,17.348161665175745,0.01805869074492099,14.32474641638102,0.7510523669475648
PL,PL,31,32,9.471835665737043,8.519850605215494,8.995843135476267,78077415.13720101,3160000000.0,10000000000.0,5621387729.0220785,745,4943691311.666629,4372914135.456085,34.04089954692219,24.816071854066355,32.613468461957254,1.1948650341458105,12.368103920671244,53.284398764024296,0.012080536912751677,43.911801148906804,0.7752107327934019
PL,PL,31,32,9.471835665737043,8.519850605215494,8.995843135476267,78077415.13720101,10000000000.0,31600000000.0,17776388834.631176,103,14921541237.136696,13240792751.312256,100.67630011751798,88.33462615955364,63.51070460234317,6.257895672153245,42.606985874885765,165.7563383234687,0.0,132.53896943243126,0.7595977284917931
PL,PL,32,33,8.519850605215494,7.654409641104996,8.087130123160245,90044456.23328698,100000000.0,316000000.0,177763888.34631178,32434,241367575.1751409,235927989.70639706,1.113369315462649,0.847235400926492,1.2348935345703964,0.006856922811724264,0.23201560029738505,1.8976231361854452,0.0779737312696553,1.6843964715506736,0.6609900544600815
PL,PL,32,33,8.519850605215494,7.654409641104996,8.087130123160245,90044456.23328698,316000000.0,1000000000.0,562138772.9022079,29870,522661776.02154696,470853876.32250786,2.536786413325369,1.7900784755389136,2.879403470616439,0.01666038037003522,0.6162614195171194,4.215258288316244,0.05159022430532307,3.6474230256748004,0.6955010141320377
PL,PL,32,33,8.519850605215494,7.654409641104996,8.087130123160245,90044456.23328698,1000000000.0,3160000000.0,1777638883.4631178,7170,1625993294.0932329,1446450650.691986,8.387719963570838,6.0765484440542785,9.016645706943997,0.10648426249747252,2.2942606088387083,13.697051491407167,0.03138075313807531,11.347080755765809,0.7391962870546042
PL,PL,32,33,8.519850605215494,7.654409641104996,8.087130123160245,90044456.23328698,3160000000.0,10000000000.0,5621387729.0220785,1410,5004090810.709811,4448438733.816147,28.0146292572704,20.499013048832346,26.848704761059615,0.7150127446895418,8.715908145886797,45.6532645418703,0.016312056737588652,34.92131409433353,0.8022215080908471
PL,PL,32,33,8.519850605215494,7.654409641104996,8.087130123160245,90044456.23328698,10000000000.0,31600000000.0,17776388834.631176,224,15817353150.674274,13744328022.003174,101.70797697947589,77.00210004574066,94.62974512821513,6.322715801205742,36.661335677407415,163.50460277204402,0.008928571428571428,110.3822409324626,0.9214161274521138
PL,PL,33,34,7.654409641104996,6.867645128277267,7.261027384691131,103833283.33709192,100000000.0,316000000.0,177763888.34631178,41109,241753847.83365512,236519258.4693432,0.8503412180797095,0.6366478740607173,0.9883086538076453,0.004874433410911049,0.12897840224727913,1.489800240871656,0.10082950205551096,1.325184392279258,0.6416776586216508
PL,PL,33,34,7.654409641104996,6.867645128277267,7.261027384691131,103833283.33709192,316000000.0,1000000000.0,562138772.9022079,39701,525248324.6136212,472650229.9308777,1.9454240661159894,1.350559262850154,2.3779226309358705,0.011934301273256794,0.37864801643122503,3.34145031300688,0.07135840407042644,2.879171885312599,0.6756887548256848
PL,PL,33,34,7.654409641104996,6.867645128277267,7.261027384691131,103833283.33709192,1000000000.0,3160000000.0,1777638883.4631178,10423,1641455954.4044893,1471040695.9056854,6.597553563015192,4.519657830984661,7.748448982539331,0.07589591636819222,1.6053814259943462,11.035573572416471,0.043365633694713614,8.997713297566234,0.7332478091738871
PL,PL,33,34,7.654409641104996,6.867645128277267,7.261027384691131,103833283.33709192,3160000000.0,10000000000.0,5621387729.0220785,2323,5093726618.660456,4516166746.616364,21.900751311355773,15.301569220871471,23.424428476555665,0.48600909728135505,5.6194882792497,36.86290972909733,0.03142488161859664,27.921487389234166,0.7843690776946274
PL,PL,33,34,7.654409641104996,6.867645128277267,7.261027384691131,103833283.33709192,10000000000.0,31600000000.0,17776388834.631176,419,16015026711.620977,14326978921.890259,72.02690343334197,55.33012096846304,63.18919436480351,3.08699415265131,25.672354285203888,114.76284519788848,0.014319809069212411,87.7870761121389,0.8204727463679854
PL,PL,33,34,7.654409641104996,6.867645128277267,7.261027384691131,103833283.33709192,31600000000.0,100000000000.0,56213877290.22079,68,51286641604.76012,46035377979.278564,246.59913677776586,196.29979286061217,190.0263929432499,23.044084992945464,106.09912807010092,414.39179768966284,0.0,281.12999067469934,0.8771712195697763
PL,PL,34,35,6.867645128277267,6.152404662070242,6.510024895173754,119714620.32581401,100000000.0,316000000.0,177763888.34631178,49588,241675105.70834,236613899.4693756,0.6463579238060102,0.4747203843254442,0.8178146818243346,0.0036725406090931606,0.06192636155448521,1.1676445916422935,0.12337662337662338,1.0403395933745356,0.6212951308614793
PL,PL,34,35,6.867645128277267,6.152404662070242,6.510024895173754,119714620.32581401,316000000.0,1000000000.0,562138772.9022079,49170,528579291.9283042,476202368.7362671,1.5126142835098075,1.017213789837839,2.001800371686263,0.009027565775403158,0.22403494847347244,2.6112551077197916,0.09038031319910514,2.2753769529515733,0.6647752503371692
PL,PL,34,35,6.867645128277267,6.152404662070242,6.510024895173754,119714620.32581401,1000000000.0,3160000000.0,1777638883.4631178,13798,1652886322.7798085,1485516130.9242249,5.1260584730313274,3.501947356376601,6.065861654551553,0.051639785630202266,1.017333600706955,8.723316969354864,0.06529931874184665,7.115184991416917,0.7204392407526884
PL,PL,34,35,6.867645128277267,6.152404662070242,6.510024895173754,119714620.32581401,3160000000.0,10000000000.0,5621387729.0220785,3449,5132985815.997744,4575561881.065369,16.855317096121066,12.072337597961544,19.077005882651733,0.3248355979334124,3.963210165780274,27.947092565867308,0.04552044070745143,22.095980307780916,0.7628227786836688
PL,PL,34,35,6.867645128277267,6.152404662070242,6.510024895173754,119714620.32581401,10000000000.0,31600000000.0,17776388834.631176,700,15905523632.25392,14106135368.347168,58.46314156232526,41.64673856805716,72.31575922074298,2.7332787824130285,14.916303464704912,96.44211577053822,0.03142857142857143,68.46855798196133,0.8538684512346224
PL,PL,34,35,6.867645128277267,6.152404662070242,6.510024895173754,119714620.32581401,31600000000.0,100000000000.0,56213877290.22079,130,49180596278.26397,44600136280.059814,160.53198419152145,116.36486679498651,155.05577507213167,13.599291096688004,44.16255556500735,267.7803150118509,0.023076923076923078,211.70786864491146,0.7582712216557943
PL,PL,35,36,6.152404662070242,5.502186056427491,5.8272953592488665,137995904.84494817,100000000.0,316000000.0,177763888.34631178,57041,242142532.053723,237100105.73267937,0.49911736505411997,0.357282408853973,0.6943272871670431,0.002907171604867411,0.022805284263395075,0.9138811869819526,0.14389649550323452,0.8183926036573246,0.6098752149318167
PL,PL,35,36,6.152404662070242,5.502186056427491,5.8272953592488665,137995904.84494817,316000000.0,1000000000.0,562138772.9022079,58153,529733341.2754495,477544479.07209396,1.1517559184314157,0.7605081887106577,1.5557251666462029,0.00645129371944804,0.12492457938402074,2.0585877462964355,0.11058758791463896,1.7903911581891119,0.6432984843358796
PL,PL,35,36,6.152404662070242,5.502186056427491,5.8272953592488665,137995904.84494817,1000000000.0,3160000000.0,1777638883.4631178,17212,1669834385.1245365,1507252827.2867203,4.008023082277892,2.6165890082652306,5.282685222476931,0.04026605334864711,0.6310404020032473,7.025428023090389,0.07976992795723914,5.643701247063032,0.7101763376230549
PL,PL,35,36,6.152404662070242,5.502186056427491,5.8272953592488665,137995904.84494817,3160000000.0,10000000000.0,5621387729.0220785,4686,5200218590.365177,4639492183.923721,13.99317801044195,9.175843704050138,17.490643926430156,0.2555080905334196,2.713078348042375,24.14202115018577,0.0597524541186513,17.575683196424002,0.7961669457770518
PL,PL,35,36,6.152404662070242,5.502186056427491,5.8272953592488665,137995904.84494817,10000000000.0,31600000000.0,17776388834.631176,1060,16134729388.749823,14401947855.949402,43.607632775523356,30.87544411277291,53.40978973521557,1.6404686512735507,9.681667617216684,68.7634390388568,0.0330188679245283,54.53211000054996,0.799668906541184
PL,PL,35,36,6.152404662070242,5.502186056427491,5.8272953592488665,137995904.84494817,31600000000.0,100000000000.0,56213877290.22079,213,50105506276.8605,44893584251.40381,152.8015577092314,93.18892617727089,183.3546997161453,12.563257013932008,36.57725628363807,255.6601754173288,0.046948356807511735,169.34643984969347,0.9023015650335089
PL,PL,36,37,5.502186056427491,4.9110782331159015,5.206632144771696,159024380.77429926,100000000.0,316000000.0,177763888.34631178,63551,242354867.04933825,237675458.19282532,0.3794689330456754,0.26872700846303527,0.5509102297427952,0.0021853431568040985,-0.00508611572145342,0.7133302189364233,0.16467089424241949,0.6429931006172469,0.59016019406958
PL,PL,36,37,5.502186056427491,4.9110782331159015,5.206632144771696,159024380.77429926,316000000.0,1000000000.0,562138772.9022079,66305,532231120.68160725,480686388.90981674,0.886067657450528,0.5737733083310134,1.2939724930820888,0.0050251832628595275,0.05475023253228198,1.6082069602349542,0.13238820601764573,1.4120654670508022,0.6274975758037213
PL,PL,36,37,5.502186056427491,4.9110782331159015,5.206632144771696,159024380.77429926,1000000000.0,3160000000.0,1777638883.4631178,20299,1673939132.7921739,1506896167.9935455,3.0491017529426183,1.938490495332287,4.155862072012113,0.029169152003813006,0.3635143737107882,5.409160136027182,0.10276368294004631,4.441137602652178,0.6865587211532789
PL,PL,36,37,5.502186056427491,4.9110782331159015,5.206632144771696,159024380.77429926,3160000000.0,10000000000.0,5621387729.0220785,5892,5226954769.618804,4685375392.436981,10.672080611287818,6.869277931660389,13.60900984226139,0.17729445749461778,1.6029653011785525,18.872614445612758,0.079938900203666,13.867663955018063,0.7695658508819063
PL,PL,36,37,5.502186056427491,4.9110782331159015,5.206632144771696,159024380.77429926,10000000000.0,31600000000.0,17776388834.631176,1533,16084914786.008474,14559193849.563599,34.37607656866173,22.729456315518814,41.37084777446112,1.0566309879680176,6.386768123143992,58.325826265363425,0.0593607305936073,42.67498052479501,0.8055323317297953
PL,PL,36,37,5.502186056427491,4.9110782331159015,5.206632144771696,159024380.77429926,31600000000.0,100000000000.0,56213877290.22079,319,51132052677.17846,46028032302.856445,134.60344041003614,94.44964238496333,142.53343854432936,7.980340480175651,33.07350370264803,218.77945403644333,0.018808777429467086,135.658744930962,0.9922208883661505
PL,PL,36,37,5.502186056427491,4.9110782331159015,5.206632144771696,159024380.77429926,100000000000.0,316000000000.0,177763888346.31177,59,164422538563.35657,161748809814.45312,457.03383677542803,339.586020722721,414.51034870904266,53.964650888711816,112.44158367093962,867.2436938061528,0.03389830508474576,436.2303888070408,1.0476891305653382
PL,PL,37,38,4.9110782331159015,4.373707484650818,4.64239285888336,183189372.56709933,100000000.0,316000000.0,177763888.34631178,68610,242262860.0371334,237374128.77380848,0.29285433389462723,0.2070297672193119,0.4408880309538587,0.0016831956468157285,-0.017065751793992286,0.5632065029996464,0.17958023611718407,0.5044735347749953,0.5805147618402733
PL,PL,37,38,4.9110782331159015,4.373707484650818,4.64239285888336,183189372.56709933,316000000.0,1000000000.0,562138772.9022079,73046,533639263.8102817,482235122.4720478,0.6886225738787108,0.4385481300045,1.0627797956534684,0.0039322857551150146,0.022104047767136717,1.2599716788944786,0.14611340798948608,1.1112181440763795,0.6197006209353061
PL,PL,37,38,4.9110782331159015,4.373707484650818,4.64239285888336,183189372.56709933,1000000000.0,3160000000.0,1777638883.4631178,23082,1685827331.2338417,1520510166.8834686,2.3354796993453384,1.4375069860028857,3.356856939831535,0.022095107293988475,0.21787106409591572,4.271106731988325,0.11571787540074517,3.510464925071377,0.665290709121058
PL,PL,37,38,4.9110782331159015,4.373707484650818,4.64239285888336,183189372.56709933,3160000000.0,10000000000.0,5621387729.0220785,6944,5279851955.520462,4788552522.659302,8.217668262896748,5.137444062976526,11.944711673907902,0.14334112707635427,0.986843895515397,14.40765440808517,0.09835829493087557,10.99444454127974,0.7474382386525023
PL,PL,37,38,4.9110782331159015,4.373707484650818,4.64239285888336,183189372.56709933,10000000000.0,31600000000.0,17776388834.631176,1989,16478521771.74023,14948694705.963135,27.25860386929046,17.956511430121633,32.92813782596084,0.7383287490828246,4.214844947536719,49.39975589972521,0.08295625942684766,34.31387759882931,0.7943900770404464
PL,PL,37,38,4.9110782331159015,4.373707484650818,4.64239285888336,183189372.56709933,31600000000.0,100000000000.0,56213877290.22079,442,51669174815.73459,46577198505.40161,101.05956379166331,70.8263605737588,107.3514829110748,5.106189324635336,22.93866128846778,166.50215114155523,0.04072398190045249,107.59276619703702,0.9392784232965131
PL,PL,37,38,4.9110782331159015,4.373707484650818,4.64239285888336,183189372.56709933,100000000000.0,316000000000.0,177763888346.31177,100,162346178150.177,141769247055.0537,328.35142550137806,241.3532856855333,297.8491518355036,29.78491518355036,94.72099630919793,595.9213079377863,0.04,338.05986743522135,0.9712818856390766
PL,PL,38,39,4.373707484650818,3.885188622409834,4.129448053530326,210922995.7883258,100000000.0,316000000.0,177763888.34631178,72744,242172026.65881804,237183310.0914955,0.25578394959370665,0.15700607466636418,7.332069812879099,0.02718491644112574,-0.02470083539284636,0.44449913294725196,0.19660728032552513,0.39575975939111446,0.6463111610620448
PL,PL,38,39,4.373707484650818,3.885188622409834,4.129448053530326,210922995.7883258,316000000.0,1000000000.0,562138772.9022079,78232,533765243.46264535,483495034.2774391,0.5322499152798317,0.3344292478521508,0.8687837700632589,0.0031061289588778323,-0.00018126709820458152,0.9841381088412076,0.16012629103180284,0.8722840835028555,0.6101795565757212
PL,PL,38,39,4.373707484650818,3.885188622409834,4.129448053530326,210922995.7883258,1000000000.0,3160000000.0,1777638883.4631178,25606,1682500780.8647945,1512019932.27005,1.8246518121788742,1.0982074703998448,2.822705609020547,0.01763984300838487,0.09757267799772239,3.3456549842725307,0.13574943372647036,2.749558292909333,0.6636163404443385
PL,PL,38,39,4.373707484650818,3.885188622409834,4.129448053530326,210922995.7883258,3160000000.0,10000000000.0,5621387729.0220785,7873,5272107070.57617,4742777943.611145,6.275884821967993,3.8075571504012,9.415636364610009,0.10611567765604034,0.5598433409633377,11.243759059090651,0.11583894322367586,8.61572599660715,0.7284220533985667
PL,PL,38,39,4.373707484650818,3.885188622409834,4.129448053530326,210922995.7883258,10000000000.0,31600000000.0,17776388834.631176,2368,16701321145.267904,15147709250.450134,21.79730517215775,14.15785759175699,29.462952594899324,0.6054599462033997,2.4471266808747174,38.833033142550626,0.09586148648648649,27.293453043100605,0.7986276099889749
PL,PL,38,39,4.373707484650818,3.885188622409834,4.129448053530326,210922995.7883258,31600000000.0,100000000000.0,56213877290.22079,581,51590026840.69582,46312737464.904785,79.61910623302441,50.87779309789511,99.28434818420672,4.11900882801156,11.180365847408677,138.47687474092777,0.08089500860585198,84.30889765075796,0.9443737073023942
PL,PL,38,39,4.373707484650818,3.885188622409834,4.129448053530326,210922995.7883258,100000000000.0,316000000000.0,177763888346.31177,143,164325401399.51907,145792760848.99902,233.41061272443554,193.6473033174209,225.26206992398505,18.83736061315911,41.67263359658553,409.47780514434254,0.055944055944055944,268.54208645387314,0.8691770284749313
PL,PL,39,40,3.885188622409834,3.4410805658271224,3.6631345941184783,242698183.00789833,100000000.0,316000000.0,177763888.34631178,75697,242276023.31695572,237444154.91819382,0.17329357077526686,0.12044919185041904,0.2935785474298719,0.0010670505238100044,-0.026152906382236562,0.34628697215158527,0.2073529994583669,0.31072223538112725,0.5577121655381616
PL,PL,39,40,3.885188622409834,3.4410805658271224,3.6631345941184783,242698183.00789833,316000000.0,1000000000.0,562138772.9022079,82707,535997197.84660476,484870187.93821335,0.4172880422893603,0.2593556699057608,0.7111457453287979,0.002472791402086895,-0.01143511514307063,0.7782187853507654,0.16985261223354733,0.6874235642172257,0.6070319145438798
PL,PL,39,40,3.885188622409834,3.4410805658271224,3.6631345941184783,242698183.00789833,1000000000.0,3160000000.0,1777638883.4631178,27165,1686349652.4675894,1522711813.4498596,1.4350769625317938,0.8586562179210995,2.2852728221793868,0.013865425449276474,0.06463230276470634,2.6028001421262705,0.1401803791643659,2.162765949659887,0.6635378011002401
PL,PL,39,40,3.885188622409834,3.4410805658271224,3.6631345941184783,242698183.00789833,3160000000.0,10000000000.0,5621387729.0220785,8792,5290620007.176796,4754587262.868881,4.9828624108021025,2.9495291945792266,7.457570540305751,0.0795341291702522,0.33668894694307205,9.1770316509405,0.1293221110100091,6.785290812832326,0.734362394811218
PL,PL,39,40,3.885188622409834,3.4410805658271224,3.6631345941184783,242698183.00789833,10000000000.0,31600000000.0,17776388834.631176,2691,17010316713.642164,15443985462.18872,18.71121753050539,11.06702730496124,27.50698853003646,0.5302567400114728,1.259446977407027,33.2601810871189,0.12077294685990338,21.815958349659518,0.8576848759338329
PL,PL,39,40,3.885188622409834,3.4410805658271224,3.6631345941184783,242698183.00789833,31600000000.0,100000000000.0,56213877290.22079,727,52369587365.665985,46818051338.1958,62.26670741017153,39.33871170695458,92.96180263936215,3.4477624165282794,7.13779683389409,111.10708273335646,0.09628610729023383,67.1646951665487,0.927074964842294
PL,PL,39,40,3.885188622409834,3.4410805658271224,3.6631345941184783,242698183.00789833,100000000000.0,316000000000.0,177763888346.31177,184,164822339700.6159,151452918052.67334,230.7019292140206,147.3031150097006,262.0085760718028,19.315528492692888,27.51032202602213,455.29357071629335,0.08695652173913043,211.3868517873212,1.091373125922385
PL,PL,40,41,3.4410805658271224,3.0373459689337468,3.2392132673804346,279022399.0609782,100000000.0,316000000.0,177763888.34631178,78092,242296876.00393856,237532099.70891476,0.13341397698013965,0.09226469529823948,0.2436242600769684,0.0008718007941756697,-0.02756510342806335,0.27116128497813036,0.22176407314449623,0.24390354713666634,0.5469948204787028
PL,PL,40,41,3.4410805658271224,3.0373459689337468,3.2392132673804346,279022399.0609782,316000000.0,1000000000.0,562138772.9022079,85498,537622902.9888752,486648678.77960205,0.3196990734804381,0.19926313284334857,0.5701932836121805,0.0019500426926184111,-0.020651725288774313,0.6022703840897089,0.18426162015485742,0.5411878816744092,0.5907358318728508
PL,PL,40,41,3.4410805658271224,3.0373459689337468,3.2392132673804346,279022399.0609782,1000000000.0,3160000000.0,1777638883.4631178,28649,1686494873.7866392,1523467749.3572235,1.0851539679250264,0.6523477030746386,1.8298259266992536,0.010810730552353856,0.00606675305061154,2.0068781408930896,0.15721316625362142,1.6976780251086656,0.639198924575564
PL,PL,40,41,3.4410805658271224,3.0373459689337468,3.2392132673804346,279022399.0609782,3160000000.0,10000000000.0,5621387729.0220785,9501,5328766007.841719,4786527454.853058,4.02712143068303,2.2863029624674938,6.894352022743633,0.07073083669223923,0.11700905110976893,7.204928798022109,0.14482686033049152,5.36410106729053,0.7507542046960677
PL,PL,40,41,3.4410805658271224,3.0373459689337468,3.2392132673804346,279022399.0609782,10000000000.0,31600000000.0,17776388834.631176,2922,16851197269.010187,15231968760.490417,13.574778251051164,8.032772988195838,19.834634080989087,0.3669307317720881,0.9112783544737719,24.733885120157396,0.12799452429842573,16.96293759620937,0.8002610499542637
PL,PL,40,41,3.4410805658271224,3.0373459689337468,3.2392132673804346,279022399.0609782,31600000000.0,100000000000.0,56213877290.22079,917,51109856186.412285,45759186744.68994,47.11373504799142,27.189678249649603,75.34933254947637,2.4882541771731894,1.6297546228157478,88.38803014422678,0.1406761177753544,51.44876575836747,0.9157408220299043
PL,PL,40,41,3.4410805658271224,3.0373459689337468,3.2392132673804346,279022399.0609782,100000000000.0,316000000000.0,177763888346.31177,249,166237069938.07748,143290262222.29004,161.5978441249076,95.2042607895881,209.80837261285663,13.296065368784298,20.38932005099098,282.16876733749876,0.10441767068273092,167.33938832477602,0.9656892244118574
PL,PL,40,41,3.4410805658271224,3.0373459689337468,3.2392132673804346,279022399.0609782,316000000000.0,1000000000000.0,562138772902.2078,65,515077542231.6331,472539863586.4258,578.0166562638653,429.81310105778016,603.9726599446684,74.9135885753752,122.65358935360462,1109.7397760206409,0.07692307692307693,518.4930225790005,1.114801224110582
PL,PL,41,42,3.0373459689337468,2.670314517212497,2.853830243073122,320424784.4428499,100000000.0,316000000.0,177763888.34631178,79675,242419468.65145528,237510837.6145363,0.10670571853259891,0.07187922965154113,1.188611888813148,0.0042109398101932176,-0.027527512454860317,0.21148381860845988,0.23341073109507374,0.19159250100075684,0.5569409970392182
PL,PL,41,42,3.0373459689337468,2.670314517212497,2.853830243073122,320424784.4428499,316000000.0,1000000000.0,562138772.9022079,87018,537650449.2920945,486399512.7379894,0.2440115499636854,0.15413231127022758,0.4606097433071719,0.0015614517606053486,-0.02597889512758184,0.4663042843515012,0.19516651727228848,0.424923768776005,0.5742478248900076
PL,PL,41,42,3.0373459689337468,2.670314517212497,2.853830243073122,320424784.4428499,1000000000.0,3160000000.0,1777638883.4631178,29845,1688342140.4929113,1527207940.8168793,0.8529919804002953,0.5076275747985465,1.54169484904818,0.008924063045635425,-0.021802395742127497,1.591636163368011,0.16950913050762273,1.334355260497211,0.6392540320052781
PL,PL,41,42,3.0373459689337468,2.670314517212497,2.853830243073122,320424784.4428499,3160000000.0,10000000000.0,5621387729.0220785,9893,5333818406.676976,4804667830.467224,2.990309065299467,1.7620329780423416,4.92703647646463,0.04953609561794664,0.07117055147993895,5.5212239718401985,0.14879207520469018,4.215501395592962,0.7093602361099073
PL,PL,41,42,3.0373459689337468,2.670314517212497,2.853830243073122,320424784.4428499,10000000000.0,31600000000.0,17776388834.631176,3272,16927464442.250196,15243776440.620422,11.321131654160975,6.316320128575306,20.155998555046473,0.3523689814216979,0.3269770987695807,19.830561118780007,0.14547677261613692,13.37836134256632,0.8462270800042007
PL,PL,41,42,3.0373459689337468,2.670314517212497,2.853830243073122,320424784.4428499,31600000000.0,100000000000.0,56213877290.22079,1008,52696059294.16323,46743988990.78369,37.23030731057266,21.32744448146321,52.8846714616821,1.6657105816067328,3.335981640679761,69.4565699693581,0.10912698412698413,41.64752051151854,0.8939381469366418
PL,PL,41,42,3.0373459689337468,2.670314517212497,2.853830243073122,320424784.4428499,100000000000.0,316000000000.0,177763888346.31177,285,165245132044.742,146545839309.69238,118.07840898498978,72.85168913034614,176.24218164412548,10.439685851071182,8.897539582389209,205.0792796585053,0.12982456140350876,130.59895025251458,0.9041298475729231
PL,PL,41,42,3.0373459689337468,2.670314517212497,2.853830243073122,320424784.4428499,316000000000.0,1000000000000.0,562138772902.2078,81,524188636026.26465,454365310668.9453,552.1299488549744,206.65952553726524,775.854835363314,86.206092818146,62.11706368260865,1018.5532488308681,0.09876543209876543,414.28443157279634,1.332731589161724
PL,PL,42,43,2.670314517212497,2.3366495611022704,2.503482039157384,367433754.36246824,100000000.0,316000000.0,177763888.34631178,80137,242660441.55156678,237885992.9740429,0.08115255829012412,0.055649091900183,0.5562310573071612,0.001964892043508054,-0.02538534876725489,0.16892865608219354,0.24456867614210664,0.15065696525022085,0.5386578586349505
PL,PL,42,43,2.670314517212497,2.3366495611022704,2.503482039157384,367433754.36246824,316000000.0,1000000000.0,562138772.9022079,87995,537725603.9262693,487215407.19270706,0.188539265531442,0.12021757906075867,0.367863212201098,0.0012401018660234248,-0.027455061314387744,0.3660592691639122,0.2053071197227115,0.33384966707751745,0.5647430089773448
PL,PL,42,43,2.670314517212497,2.3366495611022704,2.503482039157384,367433754.36246824,1000000000.0,3160000000.0,1777638883.4631178,30594,1695175055.4380608,1534052565.6938553,0.6755081830103083,0.4047906344183897,1.2717397767923992,0.007270765268048124,-0.019205305058881076,1.2402219600789397,0.17016408446100542,1.0524580264801884,0.6418385968982149
PL,PL,42,43,2.670314517212497,2.3366495611022704,2.503482039157384,367433754.36246824,3160000000.0,10000000000.0,5621387729.0220785,10280,5353805071.272043,4844139963.388443,2.3455544303335305,1.356263124114694,4.045804786651423,0.039903258952963636,0.013293794215748035,4.267699766426678,0.15778210116731517,3.3239370184187336,0.705655497482729
PL,PL,42,43,2.670314517212497,2.3366495611022704,2.503482039157384,367433754.36246824,10000000000.0,31600000000.0,17776388834.631176,3422,16841984242.810484,15147228837.013245,8.208924464710854,4.603532941402078,14.90391522744297,0.25477708774140456,0.08918955647576966,15.05058656474127,0.15458796025715957,10.456431293827764,0.7850598578079339
PL,PL,42,43,2.670314517212497,2.3366495611022704,2.503482039157384,367433754.36246824,31600000000.0,100000000000.0,56213877290.22079,1131,52993266734.26742,47371864318.84766,28.761186566105366,15.360058803324332,43.93162310390122,1.306309083051413,0.6623300768326802,55.20811523032476,0.14942528735632185,32.90113828950404,0.8741699546389439
PL,PL,42,43,2.670314517212497,2.3366495611022704,2.503482039157384,367433754.36246824,100000000000.0,316000000000.0,177763888346.31177,326,160136165823.67316,146663436889.64844,83.26902292617488,48.497268246359255,111.3786360463272,6.168692120467452,3.5164612906577823,151.51304034551157,0.12576687116564417,99.42135032616714,0.8375366322525086
PL,PL,42,43,2.670314517212497,2.3366495611022704,2.503482039157384,367433754.36246824,316000000000.0,1000000000000.0,562138772902.2078,98,510043206312.21844,446177902221.6797,441.5350626203243,224.44586413766433,599.8802731572163,60.597058435643724,10.44257696979403,864.3748115324923,0.14285714285714285,316.66291018909993,1.3943377907967027
PL,PL,43,44,2.3366495611022704,2.0333177828202462,2.184983671961258,420541460.5202637,100000000.0,316000000.0,177763888.34631178,80016,242644980.67011514,237873429.43251133,0.06040432332793892,0.04361902582376885,0.13446025265506734,0.00047534125051369025,-0.023714977134161482,0.13305417969212796,0.2541616676664667,0.1184459422202051,0.5099737668989968
PL,PL,43,44,2.3366495611022704,2.0333177828202462,2.184983671961258,420541460.5202637,316000000.0,1000000000.0,562138772.9022079,88431,537597832.4428222,487225614.48812485,0.1471126842129493,0.09488534962805209,0.3025552877822382,0.001017425174805619,-0.026563741572704226,0.2866484087840618,0.213929504359331,0.26242571193261277,0.5605879207854669
PL,PL,43,44,2.3366495611022704,2.0333177828202462,2.184983671961258,420541460.5202637,1000000000.0,3160000000.0,1777638883.4631178,30923,1699685851.0879743,1536472439.7659302,0.5143582383192261,0.3124522129091501,1.0260119110972519,0.005834606780312875,-0.03824947619783708,0.9604734986373145,0.1842318015716457,0.8296932067355208,0.6199378687732064
PL,PL,43,44,2.3366495611022704,2.0333177828202462,2.184983671961258,420541460.5202637,3160000000.0,10000000000.0,5621387729.0220785,10502,5354858456.203266,4835073947.906494,1.8361248745528236,1.052977363683409,3.487433827946603,0.03403062841305213,-0.04732867888189239,3.2907919922105378,0.16968196533993524,2.6139475605437323,0.7024337068838855
PL,PL,43,44,2.3366495611022704,2.0333177828202462,2.184983671961258,420541460.5202637,10000000000.0,31600000000.0,17776388834.631176,3568,16754670707.09964,14949610233.306885,5.992970496676656,3.5920354909584202,10.611112049326112,0.1776431549636075,-0.062752840156063,11.31806107764897,0.16311659192825112,8.178709293763296,0.7327525996365486
PL,PL,43,44,2.3366495611022704,2.0333177828202462,2.184983671961258,420541460.5202637,31600000000.0,100000000000.0,56213877290.22079,1190,52917449199.85282,47566518783.569336,23.321915921265628,13.386589224108487,43.472751378056834,1.2602121044558707,0.1288691768490522,40.4669234822898,0.15798319327731092,25.83139001291681,0.9028517594137855
PL,PL,43,44,2.3366495611022704,2.0333177828202462,2.184983671961258,420541460.5202637,100000000000.0,316000000000.0,177763888346.31177,391,162912413506.86154,146756000518.79883,78.3691334428054,42.40250688827015,121.1297564406802,6.125795088094777,3.8341411372993726,140.8354416725352,0.12531969309462915,79.524885550474,0.9854667869099285
PL,PL,43,44,2.3366495611022704,2.0333177828202462,2.184983671961258,420541460.5202637,316000000000.0,1000000000000.0,562138772902.2078,102,531043566722.4959,458280868530.27344,315.90698736872116,194.01020839735327,429.14010474061456,42.49120203016722,21.383706803610227,527.9062603052552,0.09803921568627451,259.2262796729317,1.218653401064522
PL,PL,44,45,2.0333177828202462,1.7575616207456761,1.8954397017829612,480151358.9503279,100000000.0,316000000.0,177763888.34631178,79512,242496661.34669134,237826658.41281414,0.046077927705928556,0.03364438132945108,0.10718871005379109,0.0003801304902187792,-0.022176325425847385,0.10450569076470316,0.26687795552872523,0.09319123164813306,0.4944448838267034
PL,PL,44,45,2.0333177828202462,1.7575616207456761,1.8954397017829612,480151358.9503279,316000000.0,1000000000.0,562138772.9022079,88287,537297181.1801114,486279353.49941254,0.11160006769979028,0.07347944597800267,0.24957500148400674,0.0008399485844350565,-0.027110825635829453,0.2232452165533397,0.22623942369771313,0.20648278535950193,0.5404812198047708
PL,PL,44,45,2.0333177828202462,1.7575616207456761,1.8954397017829612,480151358.9503279,1000000000.0,3160000000.0,1777638883.4631178,31003,1696405760.3500636,1531180143.3563232,0.3962010627586852,0.2461873412561218,0.8245357974442287,0.004682822056505586,-0.03782894932409785,0.7400429557244801,0.18930426087797955,0.6519270875898477,0.6077383043300548
PL,PL,44,45,2.0333177828202462,1.7575616207456761,1.8954397017829612,480151358.9503279,3160000000.0,10000000000.0,5621387729.0220785,10669,5334863089.634671,4821768701.076508,1.383019931399539,0.811977694260404,2.6393308313245427,0.02555241624442626,-0.046941016966562936,2.5222806342510937,0.1731183803542975,2.050182708645374,0.6745837459107963
PL,PL,44,45,2.0333177828202462,1.7575616207456761,1.8954397017829612,480151358.9503279,10000000000.0,31600000000.0,17776388834.631176,3685,16825270417.910904,15202385187.149048,5.0559419281616185,2.8946485844823164,9.792332199199212,0.16131226609025526,-0.08170005336045934,9.239128322112254,0.16580732700135686,6.465935095148927,0.7819351499452636
PL,PL,44,45,2.0333177828202462,1.7575616207456761,1.8954397017829612,480151358.9503279,31600000000.0,100000000000.0,56213877290.22079,1214,53171135505.302345,48570773601.53198,16.911126656644342,10.163028065297222,28.19559021148567,0.8092297613985385,-0.08101213465871976,30.869536903961663,0.1614497528830313,20.4336157799086,0.8276130293725228
PL,PL,44,45,2.0333177828202462,1.7575616207456761,1.8954397017829612,480151358.9503279,100000000000.0,316000000000.0,177763888346.31177,404,166624054696.30026,151656951904.29688,67.09381704550118,35.34748147536728,107.01592866452201,5.324241448302931,2.862558522693431,133.668769294967,0.1485148514851485,64.03346253561104,1.0477930505192998
PL,PL,44,45,2.0333177828202462,1.7575616207456761,1.8954397017829612,480151358.9503279,316000000000.0,1000000000000.0,562138772902.2078,116,513361936602.0991,456866378784.1797,227.51862708528978,136.2865165496685,330.9379015311429,30.72681277021474,12.90882274141286,382.50261245000775,0.12931034482758622,197.28449409381193,1.1532514409221692
PL,PL,45,46,1.7575616207456761,1.506874200677888,1.632217910711782,546506079.4615679,100000000.0,316000000.0,177763888.34631178,78599,242531830.52846774,237768702.20899582,0.04861732411610764,0.025619862213255157,3.8926927271207594,0.013884863459820717,-0.020337680189850025,0.0826757750774321,0.28154302217585464,0.07351054677336429,0.661365290425558
PL,PL,45,46,1.7575616207456761,1.506874200677888,1.632217910711782,546506079.4615679,316000000.0,1000000000.0,562138772.9022079,87751,537432885.8500115,487788505.85222244,0.08454236297011876,0.056788402505143186,0.20284123440309715,0.0006847471094777253,-0.025582746055837272,0.17381813488733555,0.23661268817449374,0.16289402181452708,0.5190022447010341
PL,PL,45,46,1.7575616207456761,1.506874200677888,1.632217910711782,546506079.4615679,1000000000.0,3160000000.0,1777638883.4631178,30871,1695619740.6228623,1528000980.6156158,0.3019014321665416,0.19258139198714497,0.6601302738217332,0.0037571133807893344,-0.039276188265003925,0.5715053895674693,0.19630073531793593,0.5139363933439084,0.5874295653635869
PL,PL,45,46,1.7575616207456761,1.506874200677888,1.632217910711782,546506079.4615679,3160000000.0,10000000000.0,5621387729.0220785,10771,5350075386.524776,4828421175.479889,1.1004239264143945,0.6605059132864273,2.203104002027263,0.021227897719909943,-0.0639990800822725,2.0557791750301218,0.17704948472750906,1.6215890758965414,0.6786083741998533
PL,PL,45,46,1.7575616207456761,1.506874200677888,1.632217910711782,546506079.4615679,10000000000.0,31600000000.0,17776388834.631176,3684,16977957792.248451,15417470335.960388,3.861523320553913,2.1904348763696233,7.374269078861859,0.12149521382987179,-0.223809254055258,7.036940881021768,0.1772529858849077,5.145959430083098,0.750399099141665
PL,PL,45,46,1.7575616207456761,1.506874200677888,1.632217910711782,546506079.4615679,31600000000.0,100000000000.0,56213877290.22079,1228,53654265625.08077,49340934753.41797,14.453890688724286,7.885339572405259,28.404542370362535,0.8105664300451006,0.034054083292431925,24.567885167991065,0.15879478827361562,16.262419634688147,0.8887909064831765
PL,PL,45,46,1.7575616207456761,1.506874200677888,1.632217910711782,546506079.4615679,100000000000.0,316000000000.0,177763888346.31177,423,167792873066.9315,153960857391.35742,58.723183138552194,27.92913668627805,118.1457914818311,5.7444449566697715,-1.2839241678199742,96.71479923125199,0.17257683215130024,50.85743103058817,1.1546627886735603
PL,PL,45,46,1.7575616207456761,1.506874200677888,1.632217910711782,546506079.4615679,316000000000.0,1000000000000.0,562138772902.2078,132,510254138744.23865,471576347351.0742,198.07716961097194,116.92506877187749,276.45848982070726,24.062622938520434,17.76210504050671,353.37616850765613,0.11363636363636363,154.6562389387415,1.280757704766306
PL,PL,46,47,1.506874200677888,1.2789765460708074,1.3929253733743476,619595835.9472761,100000000.0,316000000.0,177763888.34631178,77215,242425410.1955396,237536262.7208233,0.02636779932532968,0.01952838436688739,0.07297388843148413,0.0002626132597247586,-0.018712662962626806,0.06530127736643071,0.2953959722851778,0.058095314302742035,0.453871360225779
PL,PL,46,47,1.506874200677888,1.2789765460708074,1.3929253733743476,619595835.9472761,316000000.0,1000000000.0,562138772.9022079,86913,537742816.2043478,486891642.21286774,0.06522355542976821,0.044221044234700156,0.16804404352343114,0.0005700077397270071,-0.024212748344436395,0.13795982645055502,0.24817921369645507,0.1288657731721888,0.5061356000449966
PL,PL,46,47,1.506874200677888,1.2789765460708074,1.3929253733743476,619595835.9472761,1000000000.0,3160000000.0,1777638883.4631178,30384,1698202762.7929864,1536540165.5435562,0.23754012524133467,0.1504765853523042,0.5429882400403304,0.003115071002716423,-0.04176743707822474,0.4560832232454981,0.20451553449183782,0.4069607355708566,0.5836929818502753
PL,PL,46,47,1.506874200677888,1.2789765460708074,1.3929253733743476,619595835.9472761,3160000000.0,10000000000.0,5621387729.0220785,10756,5376062771.591523,4859842956.066132,0.8827965485099801,0.5275941166711156,1.8708328715107754,0.018038881071222673,-0.06679305211465433,1.5867474900382073,0.18268873187058385,1.2883305267998117,0.6852252043602738
PL,PL,46,47,1.506874200677888,1.2789765460708074,1.3929253733743476,619595835.9472761,10000000000.0,31600000000.0,17776388834.631176,3765,16955557585.0792,15341695547.103882,2.987286830170588,1.7083406281697093,6.154952468246319,0.10030953407260086,-0.24729467618705878,5.407784525618266,0.18406374501992032,4.063264021246324,0.7351938772746296
PL,PL,46,47,1.506874200677888,1.2789765460708074,1.3929253733743476,619595835.9472761,31600000000.0,100000000000.0,56213877290.22079,1254,53744392695.419334,48905079364.77661,11.479116094569896,5.711057997795887,22.53824107653492,0.636460201095836,-0.1600068775158366,19.741253204453727,0.1674641148325359,12.87941467493834,0.8912762252237098
PL,PL,46,47,1.506874200677888,1.2789765460708074,1.3929253733743476,619595835.9472761,100000000000.0,316000000000.0,177763888346.31177,428,168014387861.59055,154739403724.6704,42.73647274800818,19.952929383157425,79.64076968093697,3.8495819033121665,-3.0742467691281545,85.8466300975922,0.1939252336448598,40.26330681395501,1.0614248090819005
PL,PL,46,47,1.506874200677888,1.2789765460708074,1.3929253733743476,619595835.9472761,316000000000.0,1000000000000.0,562138772902.2078,154,542412128696.194,490438079833.9844,144.5672386887252,75.41785984972572,254.16729146103012,20.481384016343,-5.646459750443599,298.35391600319116,0.18831168831168832,129.98473663634346,1.1121862645548841
PL,PL,47,48,1.2789765460708074,1.0717968600643704,1.1753867030675889,699053818.7873163,100000000.0,316000000.0,177763888.34631178,75962,242509256.8477397,237905737.01262474,0.01950087092447645,0.01481132532638018,0.05925617809430607,0.00021499850574536078,-0.016756006833009145,0.051412148661405865,0.3108001369105605,0.04609669453593313,0.4230427175049439
PL,PL,47,48,1.2789765460708074,1.0717968600643704,1.1753867030675889,699053818.7873163,316000000.0,1000000000.0,562138772.9022079,85184,538876399.3349631,488612521.4397907,0.049465289778759504,0.0341847940613218,0.1364207170800795,0.0004674135663076983,-0.022693104986800293,0.10912730166404196,0.26179799023290756,0.10243081478891118,0.48291414923035886
PL,PL,47,48,1.2789765460708074,1.0717968600643704,1.1753867030675889,699053818.7873163,1000000000.0,3160000000.0,1777638883.4631178,29952,1702529702.3525112,1542590931.05793,0.18309024691591488,0.12024353916305372,0.45325973721311574,0.00261899234555324,-0.03977621189071735,0.3509513055938261,0.21277377136752137,0.3236206017363348,0.565755844756401
PL,PL,47,48,1.2789765460708074,1.0717968600643704,1.1753867030675889,699053818.7873163,3160000000.0,10000000000.0,5621387729.0220785,10581,5374043610.65569,4851841032.505035,0.6443305348186592,0.39965887576582443,1.4597856099392532,0.014191415676203158,-0.09325473243403695,1.177754744149103,0.19865797183631037,1.0215100650723365,0.6307627862413984
PL,PL,47,48,1.2789765460708074,1.0717968600643704,1.1753867030675889,699053818.7873163,10000000000.0,31600000000.0,17776388834.631176,3789,17065822182.748713,15378495454.788208,2.4150026149936936,1.380886400295426,5.711352221757523,0.09278475845569893,-0.2909256251153472,4.472519709348884,0.19345473739773028,3.243909129030228,0.744472954985537
PL,PL,47,48,1.2789765460708074,1.0717968600643704,1.1753867030675889,699053818.7873163,31600000000.0,100000000000.0,56213877290.22079,1245,53390076648.75812,49001054763.793945,7.817126836231182,4.306872276304361,15.668709945736556,0.4440670662503714,-1.0328057028317925,14.669208460109788,0.19759036144578312,10.148503552064714,0.7702738434417542
PL,PL,47,48,1.2789765460708074,1.0717968600643704,1.1753867030675889,699053818.7873163,100000000000.0,316000000000.0,177763888346.31177,452,172172761680.80557,154322218894.9585,24.454531236171476,13.556582678939233,49.900558457151895,2.3471248342319195,-4.126674994527191,46.97481936596756,0.20575221238938052,32.726978366813974,0.747228508604663
PL,PL,47,48,1.2789765460708074,1.0717968600643704,1.1753867030675889,699053818.7873163,316000000000.0,1000000000000.0,562138772902.2078,150,547349688720.7031,483202838897.7051,120.88109059625596,55.79915828616075,263.0238753640534,21.475809493710997,-12.881377311689103,203.20582310393408,0.18,104.04143632808919,1.161855265195146
PL,PL,48,49,1.0717968600643704,0.8834516909676096,0.97762427551599,784054791.209321,100000000.0,316000000.0,177763888.34631178,74025,242671428.06447506,237954575.56843758,0.015091419122721925,0.011323402162947416,0.050268978906961664,0.00018476123461811378,-0.015236483427238568,0.04145543279879346,0.3242147922998987,0.03673632249759829,0.4108037521640484
PL,PL,48,49,1.0717968600643704,0.8834516909676096,0.97762427551599,784054791.209321,316000000.0,1000000000.0,562138772.9022079,83432,539597927.3679235,488674938.67874146,0.03709198566768121,0.02605093056446974,0.11441177755842159,0.000396099601834889,-0.021851339380381876,0.08548659838593987,0.27816665068558827,0.08168593903670007,0.4540804219807821
PL,PL,48,49,1.0717968600643704,0.8834516909676096,0.97762427551599,784054791.209321,1000000000.0,3160000000.0,1777638883.4631178,29426,1704834466.67666,1539210379.1236877,0.13604033799787782,0.09046320801509594,0.3663248973955325,0.0021355061246320917,-0.04270870392740269,0.27496403736812497,0.23078230136613878,0.2580829118301263,0.5271187349568554
PL,PL,48,49,1.0717968600643704,0.8834516909676096,0.97762427551599,784054791.209321,3160000000.0,10000000000.0,5621387729.0220785,10386,5376014968.184132,4873678237.199783,0.4826751438905208,0.3063920771996266,1.1921113348192554,0.011697489343550398,-0.10391890950734839,0.907485263054079,0.21259387637203928,0.8138371344262896,0.5930856721483718
PL,PL,48,49,1.0717968600643704,0.8834516909676096,0.97762427551599,784054791.209321,10000000000.0,31600000000.0,17776388834.631176,3762,17088015466.405636,15404720902.442932,1.8400202550481348,1.0908461382105532,4.389422317298042,0.07156455445566305,-0.28174849526608997,3.2864349050017325,0.19962785752259438,2.586834601933601,0.7113018565905841
PL,PL,48,49,1.0717968600643704,0.8834516909676096,0.97762427551599,784054791.209321,31600000000.0,100000000000.0,56213877290.22079,1243,53900967060.51262,48774719238.28125,6.541819559137197,3.7568858163567107,13.445846746123374,0.3813753266256729,-0.8378144007083289,12.681610981556094,0.19549477071600965,8.15968869784422,0.8017241590191471
PL,PL,48,49,1.0717968600643704,0.8834516909676096,0.97762427551599,784054791.209321,100000000000.0,316000000000.0,177763888346.31177,450,171951824018.6903,153831281661.9873,24.134354423145187,13.020551853675238,47.615984489755824,2.244639035038654,-3.2715588685878485,43.179302836478925,0.2088888888888889,26.03057851343979,0.9271539781831754
PL,PL,48,49,1.0717968600643704,0.8834516909676096,0.97762427551599,784054791.209321,316000000000.0,1000000000000.0,562138772902.2078,147,549890686087.0569,493582649230.95703,68.45478779013132,42.81669254618186,118.54695931877222,9.777588410614966,-17.798785544020014,146.7976449363449,0.24489795918367346,83.2440874627916,0.8223381368764383
PL,PL,49,50,0.8834516909676096,0.7122288099705543,0.7978402504690819,873244859.7008324,100000000.0,316000000.0,177763888.34631178,71892,242851045.68029574,238159978.76226902,0.01117573348566015,0.008530111793803419,0.042074069885546114,0.00015691853365697457,-0.014219181247601366,0.03332260965098555,0.3419573805152173,0.029422554163527664,0.3798355990287764
PL,PL,49,50,0.8834516909676096,0.7122288099705543,0.7978402504690819,873244859.7008324,316000000.0,1000000000.0,562138772.9022079,81273,539487308.5412377,488742515.44475555,0.11541808593047927,0.01977962685786439,24.894809738645872,0.08732441119336043,-0.020354123115384894,0.0681531250131686,0.2946858120162908,0.0653614420791363,1.7658436267476616
PL,PL,49,50,0.8834516909676096,0.7122288099705543,0.7978402504690819,873244859.7008324,1000000000.0,3160000000.0,1777638883.4631178,28677,1702090609.5520017,1537697017.1928406,0.10353254366361259,0.07017024987043531,0.3068914562181362,0.0018122492962979724,-0.04115430592354928,0.2151667034907238,0.24001813299857028,0.20621633730457078,0.5020579116905777
PL,PL,49,50,0.8834516909676096,0.7122288099705543,0.7978402504690819,873244859.7008324,3160000000.0,10000000000.0,5621387729.0220785,10243,5352716047.666297,4832978844.642639,0.35868269772552275,0.22905348322309263,0.9477221201687499,0.009364129928784746,-0.09922277930562362,0.7124491992158136,0.22395782485599922,0.6485068960410233,0.5530900286723137
PL,PL,49,50,0.8834516909676096,0.7122288099705543,0.7978402504690819,873244859.7008324,10000000000.0,31600000000.0,17776388834.631176,3629,17009276180.892782,15478401184.082031,1.4980181447294478,0.8125746162348833,3.9478820182647008,0.06553460426835597,-0.2928015260328571,2.6377998368718276,0.21300633783411407,2.0607543538171575,0.7269270798601748
PL,PL,49,50,0.8834516909676096,0.7122288099705543,0.7978402504690819,873244859.7008324,31600000000.0,100000000000.0,56213877290.22079,1287,53410200507.67604,48517026901.24512,4.947145385662019,2.9365314883220393,10.769243077302738,0.30018978257395296,-0.8736470448839087,9.250969222152875,0.20357420357420358,6.470898706323649,0.7645221491146892
PL,PL,49,50,0.8834516909676096,0.7122288099705543,0.7978402504690819,873244859.7008324,100000000000.0,316000000000.0,177763888346.31177,437,169843195297.62527,154404010772.70508,19.087601752029677,10.535157211524032,35.20670385831293,1.684165042820193,0.37541297835476845,36.10061329028963,0.15331807780320367,20.577307373547985,0.9276044433571851
PL,PL,49,50,0.8834516909676096,0.7122288099705543,0.7978402504690819,873244859.7008324,316000000000.0,1000000000000.0,562138772902.2078,157,539967626340.8296,504783020019.53125,62.600855227215796,36.801419130550634,114.62822755748518,9.148328500339897,-9.285747278122606,109.36454455615782,0.22929936305732485,65.41963485501917,0.9569123301582123
PL,PL,50,51,0.7122288099705543,0.5565716454277756,0.6344002276991649,964738966.0656586,100000000.0,316000000.0,177763888.34631178,69936,242734520.41815567,237929513.67795467,0.008039012758726857,0.006189661377670932,0.0349546702252835,0.0001321766725482732,-0.012696822674993277,0.02670349132063802,0.3603580416380691,0.02367038051890721,0.33962330061848933
PL,PL,50,51,0.7122288099705543,0.5565716454277756,0.6344002276991649,964738966.0656586,316000000.0,1000000000.0,562138772.9022079,79045,539782992.6457332,488568395.37620544,0.020806562541213085,0.014866076592539627,0.07896983011029604,0.0002808820601344011,-0.018801316320060924,0.05404543307138918,0.3118350306787273,0.052637213740956375,0.3952823689264493
PL,PL,50,51,0.7122288099705543,0.5565716454277756,0.6344002276991649,964738966.0656586,1000000000.0,3160000000.0,1777638883.4631178,28036,1702372240.874465,1540819853.5442352,0.07902070338258481,0.05329120095499813,0.261795331025092,0.0015635215490280676,-0.03786082765401708,0.16849278175232657,0.25542160079897275,0.16600769703833756,0.4760062623140654
PL,PL,50,51,0.7122288099705543,0.5565716454277756,0.6344002276991649,964738966.0656586,3160000000.0,10000000000.0,5621387729.0220785,10083,5356055356.66337,4832580983.638763,0.278747713793911,0.18472461423532885,0.7939533982912278,0.007906788616382658,-0.1046655199412802,0.5615287600279002,0.22959436675592582,0.5222984689369736,0.5336942962158057
PL,PL,50,51,0.7122288099705543,0.5565716454277756,0.6344002276991649,964738966.0656586,10000000000.0,31600000000.0,17776388834.631176,3522,17095222865.431772,15590259432.792664,1.0106261853898226,0.6253329334631934,2.9035751752652996,0.0489258521793495,-0.3132531474874972,1.9392995026607966,0.227427597955707,1.6670493738723575,0.6062365045866986
PL,PL,50,51,0.7122288099705543,0.5565716454277756,0.6344002276991649,964738966.0656586,31600000000.0,100000000000.0,56213877290.22079,1270,53419076654.85472,48021585941.3147,3.494230687915172,2.1440741810241746,9.830596012831585,0.2758531761237475,-1.2041951757445617,6.697985922832764,0.25196850393700787,5.20918849618436,0.6707821555074528
PL,PL,50,51,0.7122288099705543,0.5565716454277756,0.6344002276991649,964738966.0656586,100000000000.0,316000000000.0,177763888346.31177,437,168022510017.9013,151115636825.56152,13.276601434215808,7.266977609544344,32.50580365903677,1.5549634646754968,-2.4007090706775642,22.546711411486065,0.20823798627002288,16.384800732150605,0.8102998413745842
PL,PL,50,51,0.7122288099705543,0.5565716454277756,0.6344002276991649,964738966.0656586,316000000000.0,1000000000000.0,562138772902.2078,159,551401499742.232,506864204406.7383,45.64095816338412,22.83028021052688,112.95495317212136,8.957910472786956,-17.02294247512944,97.12576819170027,0.2641509433962264,53.77019838426953,0.8488151343093497
PL,PL,51,52,0.5565716454277756,0.4150651322070684,0.485818388817422,1056219583.1531391,100000000.0,316000000.0,177763888.34631178,67890,242546218.14106184,237570917.23382473,0.005654560008121078,0.00443951882023178,0.029045842754411477,0.00011147592316366217,-0.011742903214011925,0.02154372889504653,0.3817204301075269,0.01915728850862455,0.2951649449542618
PL,PL,51,52,0.5565716454277756,0.4150651322070684,0.485818388817422,1056219583.1531391,316000000.0,1000000000.0,562138772.9022079,76907,539120824.9362801,488306060.43338776,0.01521899807545111,0.011046293192868418,0.06608375595563004,0.00023829327352160295,-0.01749314228744126,0.0428164555287695,0.3347419610698636,0.042581959279634284,0.3574048337115835
PL,PL,51,52,0.5565716454277756,0.4150651322070684,0.485818388817422,1056219583.1531391,1000000000.0,3160000000.0,1777638883.4631178,27466,1700926840.4067817,1540991142.3921585,0.059019931576395436,0.04003254924359958,0.21974646010587356,0.0013259409391451619,-0.03749436224696857,0.12947802424751517,0.27382946188014273,0.1343461318979824,0.4393124739997207
PL,PL,51,52,0.5565716454277756,0.4150651322070684,0.485818388817422,1056219583.1531391,3160000000.0,10000000000.0,5621387729.0220785,9865,5350717152.760105,4842018485.069275,0.21578786192376037,0.13858189778805466,0.7000862556649665,0.007048602291206672,-0.09897922256785968,0.4382143655572244,0.24247339077546884,0.42262144101482424,0.5105937394127412
PL,PL,51,52,0.5565716454277756,0.4150651322070684,0.485818388817422,1056219583.1531391,10000000000.0,31600000000.0,17776388834.631176,3452,17059942101.27193,15440627932.548523,0.7592978295923163,0.4871254748849967,2.167755354769004,0.03689562522202658,-0.28532156873469067,1.557083592349583,0.22740440324449596,1.3474637340435514,0.5635014957425006
PL,PL,51,52,0.5565716454277756,0.4150651322070684,0.485818388817422,1056219583.1531391,31600000000.0,100000000000.0,56213877290.22079,1249,53623215274.10832,48448786735.53467,2.9827426264188492,1.6517934249967618,9.092741301550445,0.25728449574534756,-1.0651589772426526,5.634280144367319,0.22818254603682947,4.235380018041449,0.7042443921710118
PL,PL,51,52,0.5565716454277756,0.4150651322070684,0.485818388817422,1056219583.1531391,100000000000.0,316000000000.0,177763888346.31177,428,170056598431.59616,153384113311.76758,10.336267697242526,6.3602450724452435,25.79410180917936,1.2468049710546225,-2.504042644502228,21.849273563306387,0.21728971962616822,13.43176300137027,0.769539165944787
PL,PL,51,52,0.5565716454277756,0.4150651322070684,0.485818388817422,1056219583.1531391,316000000000.0,1000000000000.0,562138772902.2078,162,560336446644.3474,517301807403.56445,36.64721322142804,20.402852559506687,112.41252215612175,8.831961856319635,-13.343293478713294,60.6789169006054,0.24074074074074073,44.2576555204015,0.8280423531367298
PL,PL,52,53,0.4150651322070684,0.2864228474609716,0.35074398983402,1145147894.303131,100000000.0,316000000.0,177763888.34631178,65994,242546421.92845705,237636892.1250105,0.004088302651547028,0.0032287752048650903,0.024402061513350636,9.498921340719236e-05,-0.010695975319334592,0.017574075879081115,0.3994908628057096,0.015619207718607538,0.2617484014042873
PL,PL,52,53,0.4150651322070684,0.2864228474609716,0.35074398983402,1145147894.303131,316000000.0,1000000000.0,562138772.9022079,74661,539362839.1304921,489539988.3389473,0.011305769568388746,0.00784461079324928,0.0823689192267262,0.00030145081775666857,-0.016328613547331415,0.03457167491487068,0.3562234633878464,0.03473322819234158,0.3255029882561157
PL,PL,52,53,0.4150651322070684,0.2864228474609716,0.35074398983402,1145147894.303131,1000000000.0,3160000000.0,1777638883.4631178,26860,1700945527.5042949,1543645262.7182007,0.04272425193381796,0.029237474904772943,0.1795414866850977,0.001095498564594953,-0.034325910378471346,0.1019677320468265,0.2924795234549516,0.1095354089369438,0.39004968665806516
PL,PL,52,53,0.4150651322070684,0.2864228474609716,0.35074398983402,1145147894.303131,3160000000.0,10000000000.0,5621387729.0220785,9672,5353635553.2428465,4835707247.257233,0.16360280755353804,0.10843963777355187,0.595061517795629,0.006050673543238327,-0.09144261974293252,0.34689664117579333,0.2566170388751034,0.34475687206998806,0.4745454574153507
PL,PL,52,53,0.4150651322070684,0.2864228474609716,0.35074398983402,1145147894.303131,10000000000.0,31600000000.0,17776388834.631176,3404,17012041209.027014,15409323573.112488,0.5806004104807111,0.36365068063209516,1.9172889548448881,0.032861909453662574,-0.284235318143806,1.2215938794291847,0.2482373678025852,1.0955206151821981,0.5299767091869378
PL,PL,52,53,0.4150651322070684,0.2864228474609716,0.35074398983402,1145147894.303131,31600000000.0,100000000000.0,56213877290.22079,1207,53826553564.77486,48088421821.59424,2.3431143368576057,1.2752684825436889,6.9867215768196,0.2011035799509648,-0.8615915937629524,4.178323231200195,0.23695111847555925,3.4662565385234165,0.6759783388265151
PL,PL,52,53,0.4150651322070684,0.2864228474609716,0.35074398983402,1145147894.303131,100000000000.0,316000000000.0,177763888346.31177,423,172163882109.00848,156655502319.33594,5.4370429373283855,4.491192607763735,16.6598447432512,0.8100293706101931,-3.625682959766289,14.328517627442242,0.2647754137115839,11.086799033859366,0.49040691733687225
PL,PL,52,53,0.4150651322070684,0.2864228474609716,0.35074398983402,1145147894.303131,316000000000.0,1000000000000.0,562138772902.2078,155,557538452886.7659,493768615722.65625,40.551036832343335,19.218394551672365,99.04052377752939,7.9551263042739135,-10.521273198697973,67.44065781102627,0.23225806451612904,35.90367912876544,1.1294395955052559
PL,PL,53,54,0.2864228474609716,0.16947531587361064,0.2279490816672911,1229059140.4331608,100000000.0,316000000.0,177763888.34631178,64012,242551051.50774023,237809801.4742136,0.002998216409141079,0.002119213853887368,0.02136610093171099,8.444901285268966e-05,-0.00985517863024825,0.014679799389776541,0.423951759045179,0.012817060531806401,0.23392387058645797
PL,PL,53,54,0.2864228474609716,0.16947531587361064,0.2279490816672911,1229059140.4331608,316000000.0,1000000000.0,562138772.9022079,72512,539340243.9329218,489617008.715868,0.008284430998729553,0.005730806002611918,0.04794208026841781,0.0001780376826236981,-0.015029868291344176,0.02793538425788838,0.3778271182700794,0.02850021267999693,0.2906796202452214
PL,PL,53,54,0.2864228474609716,0.16947531587361064,0.2279490816672911,1229059140.4331608,1000000000.0,3160000000.0,1777638883.4631178,26219,1699792772.98163,1538897007.7037811,0.03123158058678083,0.022031561547715982,0.15222059073234584,0.0009400811428425345,-0.033349133905261744,0.08054912906055514,0.3165643235821351,0.08982169620541663,0.3477064217909685
PL,PL,53,54,0.2864228474609716,0.16947531587361064,0.2279490816672911,1229059140.4331608,3160000000.0,10000000000.0,5621387729.0220785,9462,5360584522.157914,4856249690.055847,0.11695777765073069,0.07757020898335015,0.49281702463541244,0.005066338818780852,-0.09309218475127061,0.26722943966086665,0.27848235045444936,0.283267938354701,0.4128874532361622
PL,PL,53,54,0.2864228474609716,0.16947531587361064,0.2279490816672911,1229059140.4331608,10000000000.0,31600000000.0,17776388834.631176,3292,16960212904.801489,15331641435.623169,0.485552014180513,0.28160796819443895,1.9133712861684067,0.03334796515063936,-0.22650808973733846,0.9096137031357873,0.25455650060753343,0.8962240076136208,0.5417752816881064
PL,PL,53,54,0.2864228474609716,0.16947531587361064,0.2279490816672911,1229059140.4331608,31600000000.0,100000000000.0,56213877290.22079,1208,52905033951.16882,47522895336.15112,1.6270374352870196,0.9724381464382927,5.181248317316596,0.14907366874577332,-0.6367370800016591,3.2291773556719217,0.25496688741721857,2.79564660047563,0.5819896674387269
PL,PL,53,54,0.2864228474609716,0.16947531587361064,0.2279490816672911,1229059140.4331608,100000000000.0,316000000000.0,177763888346.31177,429,168304035080.06274,149958648681.64062,5.876213580197524,3.328302879394489,16.280407461449727,0.7860254791489865,-3.3475706740645865,12.248514631639706,0.2773892773892774,8.893645242760751,0.6607204829741374
PL,PL,53,54,0.2864228474609716,0.16947531587361064,0.2279490816672911,1229059140.4331608,316000000000.0,1000000000000.0,562138772902.2078,152,574788247033.1694,526455669403.0762,15.19833748237734,12.080183152335302,50.539429148217,4.099289009780623,-8.62179914798084,40.62407066789301,0.2565789473684211,30.373382054622528,0.5003834428133532
PL,PL,54,55,0.16947531587361064,0.06315937806691885,0.11631734697026475,1305873471.9289856,100000000.0,316000000.0,177763888.34631178,62128,242479272.3518302,237573208.28735828,0.001973526818643483,0.0013652329491977118,0.01843020292912601,7.394118910624499e-05,-0.008985320282980033,0.012083622068272513,0.4438256502704095,0.010575248599385028,0.18661753433940528
PL,PL,54,55,0.16947531587361064,0.06315937806691885,0.11631734697026475,1305873471.9289856,316000000.0,1000000000.0,562138772.9022079,70515,539791139.6680347,490303337.5740051,0.005914732424851276,0.003911049466947162,0.04084928403312662,0.00015383094002337152,-0.01362392040276309,0.022901435582526542,0.40113451038786074,0.023541911184276718,0.25124266158992375
PL,PL,54,55,0.16947531587361064,0.06315937806691885,0.11631734697026475,1305873471.9289856,1000000000.0,3160000000.0,1777638883.4631178,25367,1698560840.347979,1535691022.8729248,0.023851458500615364,0.016150270250108307,0.13511170614277632,0.0008483174951090301,-0.02945438485770018,0.06509053914625552,0.3348050616943273,0.07407933459069803,0.3219718242934965
PL,PL,54,55,0.16947531587361064,0.06315937806691885,0.11631734697026475,1305873471.9289856,3160000000.0,10000000000.0,5621387729.0220785,9198,5351394930.367211,4844114780.426025,0.0832782406231932,0.05484204279851522,0.4459678826504926,0.004650042053783276,-0.08469150872290153,0.2071121227910078,0.30539247662535335,0.23339038917936125,0.35681949422173337
PL,PL,54,55,0.16947531587361064,0.06315937806691885,0.11631734697026475,1305873471.9289856,10000000000.0,31600000000.0,17776388834.631176,3241,16938308211.838306,15334347486.495972,0.3433578316844996,0.20247368356458645,1.4418575812259211,0.025326947478957484,-0.24080583092243676,0.7368600112082199,0.27275532243134837,0.7387304426305242,0.46479447965058335
PL,PL,54,55,0.16947531587361064,0.06315937806691885,0.11631734697026475,1305873471.9289856,31600000000.0,100000000000.0,56213877290.22079,1186,53286350410.66406,48047356605.529785,1.165814849706529,0.8104013771845013,4.41962528522657,0.1283344060737621,-0.7948111984070825,2.6439326330915307,0.2765598650927487,2.3239776211843353,0.5016463321675239
PL,PL,54,55,0.16947531587361064,0.06315937806691885,0.11631734697026475,1305873471.9289856,100000000000.0,316000000000.0,177763888346.31177,429,167966841006.33456,150223770141.60156,5.154373578902651,2.6147448884722104,20.184085563037723,0.974496833905293,-3.009847644952802,9.426396357173347,0.2680652680652681,7.32553790213467,0.7036170787404786
PL,PL,54,55,0.16947531587361064,0.06315937806691885,0.11631734697026475,1305873471.9289856,316000000000.0,1000000000000.0,562138772902.2078,153,570912178762.5979,518943977355.95703,17.87871967729103,9.564658937860122,44.339137516068426,3.584606810343859,-6.818671951263614,41.16322552597316,0.28104575163398693,24.89919307441145,0.7180441399791682
PL,PL,55,56,0.06315937806691885,-2.220446049250313e-16,0.03157968903345931,875738675.5472679,100000000.0,316000000.0,177763888.34631178,61880,242509537.03993505,237782616.16826057,0.0010759692752429543,0.0007316147877177277,0.01973281422569246,7.932569297946563e-05,-0.010920186009885013,0.012647061075063934,0.4719941822882999,0.009053636468275617,0.11884387881192304
PL,PL,55,56,0.06315937806691885,-2.220446049250313e-16,0.03157968903345931,875738675.5472679,316000000.0,1000000000.0,562138772.9022079,70063,540193830.4967796,490253381.43110275,0.0038679052887300755,0.002777275456676503,0.042818186224616854,0.00016176475414793115,-0.0164644518837221,0.022811138861451287,0.43690678389449494,0.020167118470552213,0.1917926596393999
PL,PL,55,56,0.06315937806691885,-2.220446049250313e-16,0.03157968903345931,875738675.5472679,1000000000.0,3160000000.0,1777638883.4631178,25298,1696896953.0907862,1530223116.2786484,0.016588569355698166,0.011773813661745024,0.14072454931107914,0.0008847626328835397,-0.03363218301180868,0.058665001009669114,0.38220412680844335,0.06335044932636451,0.26185401259331736
PL,PL,55,56,0.06315937806691885,-2.220446049250313e-16,0.03157968903345931,875738675.5472679,3160000000.0,10000000000.0,5621387729.0220785,9171,5355668044.729797,4837275445.461273,0.072016763124927,0.045095248782638986,0.47937580414499587,0.005005733944765014,-0.0909428564158625,0.18471900342627293,0.3337694907861738,0.19994377175261066,0.3601850785031351
PL,PL,55,56,0.06315937806691885,-2.220446049250313e-16,0.03157968903345931,875738675.5472679,10000000000.0,31600000000.0,17776388834.631176,3240,17017893206.190182,15348234176.635742,0.25671547133514505,0.16900917345915514,1.3149118989615687,0.02310064735097639,-0.2447125637168938,0.6175066328176487,0.29259259259259257,0.635330966465914,0.40406573091053327
PL,PL,55,56,0.06315937806691885,-2.220446049250313e-16,0.03157968903345931,875738675.5472679,31600000000.0,100000000000.0,56213877290.22079,1180,53604219715.47402,48323240280.15137,1.0398774344407413,0.5497392331597903,5.310207597335396,0.1545861197279405,-0.934964007417911,2.2127257393889366,0.2957627118644068,2.00121250649848,0.5196236936677026
PL,PL,55,56,0.06315937806691885,-2.220446049250313e-16,0.03157968903345931,875738675.5472679,100000000000.0,316000000000.0,177763888346.31177,416,168975444848.72086,151226720809.93652,3.034179758344398,1.7462947239581776,16.524386675706303,0.8101747125921063,-3.1843496467107038,6.758293493457192,0.2932692307692308,6.308379737962836,0.4809760801311915
PL,PL,55,56,0.06315937806691885,-2.220446049250313e-16,0.03157968903345931,875738675.5472679,316000000000.0,1000000000000.0,562138772902.2078,157,571828527997.2538,512389488220.21484,20.443087103273314,10.093320730183864,68.08832623386824,5.4340400152602975,-5.674438499866661,36.1009340042022,0.2356687898089172,21.348140274680258,0.9576050578756795
BT_soft,BT kp=1,18,19,35.15161683067906,31.86510620970823,33.508361520193645,12185207.548046157,100000000.0,316000000.0,177763888.34631178,100,225174609.94422436,215234383.94069672,9.64060511072089,7.990994502741055,5.613263346377543,0.5613263346377544,5.00240098342958,14.468041162126749,0.0,45.28308433482771,0.21289638840493458
BT_soft,BT kp=1,19,20,31.86510620970823,28.87736928155293,30.37123774563058,14057824.641014814,100000000.0,316000000.0,177763888.34631178,509,233217460.41621348,224987324.32723045,7.736482483265315,6.555960692632003,5.76423186124611,0.2554950852864109,3.037048444046119,12.39903407256665,0.023575638506876228,36.922665154938976,0.2095320706346801
BT_soft,BT kp=1,19,20,31.86510620970823,28.87736928155293,30.37123774563058,14057824.641014814,316000000.0,1000000000.0,562138772.9022079,100,423289252.07257277,397185459.73300934,12.976413863557216,10.854902068977495,9.144161716797612,0.9144161716797612,6.256183759788504,18.27675107046332,0.01,67.01456782038444,0.19363571661518736
BT_soft,BT kp=1,20,21,28.87736928155293,26.16124480141175,27.519307041482342,16218177.243445203,100000000.0,316000000.0,177763888.34631178,1841,231607392.35745898,223672892.89832115,5.989648086639964,5.081623572216656,4.626325871680376,0.1078224823879482,2.2379410472067294,9.339723275882342,0.03259098316132537,28.864227841375136,0.20751111443397643
BT_soft,BT kp=1,20,21,28.87736928155293,26.16124480141175,27.519307041482342,16218177.243445203,316000000.0,1000000000.0,562138772.9022079,470,431398206.4895173,391192045.0627804,12.778977003169206,10.276782498072881,8.98411468772945,0.4144063087970549,4.991006795644791,20.395064423715965,0.00425531914893617,53.76329311309655,0.23768962545295225
BT_soft,BT kp=1,21,22,26.16124480141175,23.692040728556133,24.926642764983942,18710451.734156907,100000000.0,316000000.0,177763888.34631178,5025,234697183.10666916,226258188.48609924,5.222350578192973,4.235390537968669,4.513837082036863,0.06367630393029339,1.6237917796977763,8.512643447998908,0.042587064676616916,23.022225902146328,0.22683951588304505
BT_soft,BT kp=1,21,22,26.16124480141175,23.692040728556133,24.926642764983942,18710451.734156907,316000000.0,1000000000.0,562138772.9022079,1609,446952511.50724673,393285080.7905197,10.403384268475367,8.40347660085654,8.720595496507558,0.21740429527334293,4.061379799181893,16.246018305880725,0.014294592914853946,43.843055767630524,0.23728693373047735
BT_soft,BT kp=1,22,23,23.692040728556133,21.44730975323285,22.56967524089449,21585606.417292625,100000000.0,316000000.0,177763888.34631178,11239,235787124.9743719,228728633.37397575,4.270574910724521,3.386461250599978,3.9960346025048223,0.0376934079322843,1.1763081779455893,7.126204783137138,0.05044932823204912,18.203030475197895,0.23460790864154682
BT_soft,BT kp=1,22,23,23.692040728556133,21.44730975323285,22.56967524089449,21585606.417292625,316000000.0,1000000000.0,562138772.9022079,4576,457827618.282119,408285949.3792057,8.849896750871785,7.017738905739308,7.74065413600545,0.11442861859210461,2.8729732742607244,14.213271939254472,0.024694055944055944,35.344805569356254,0.2503874786779021
BT_soft,BT kp=1,22,23,23.692040728556133,21.44730975323285,22.56967524089449,21585606.417292625,1000000000.0,3160000000.0,1777638883.4631178,180,1359023792.8761377,1255336254.8351288,24.56612447727117,20.01758749569193,19.498152649908107,1.4533064920287395,8.11778896977871,40.079169218084225,0.027777777777777776,104.9181609086256,0.23414558799468554
BT_soft,BT kp=1,23,24,21.44730975323285,19.40664523021168,20.426977491722266,24902402.092678517,100000000.0,316000000.0,177763888.34631178,21320,236875311.75895634,229924619.19784546,3.411090067493664,2.67134620268528,3.4213251137593215,0.023431535266307695,0.7467041173725482,5.805432021154579,0.07387429643527205,14.390485782453252,0.23703786787051398
BT_soft,BT kp=1,23,24,21.44730975323285,19.40664523021168,20.426977491722266,24902402.092678517,316000000.0,1000000000.0,562138772.9022079,10543,469396974.9574992,417111478.74593735,7.178451644252656,5.381597738451092,7.110159377866746,0.06924640516688993,1.9658502933786202,11.936069244132394,0.03926776059944987,28.516481706317172,0.25172991949643053
BT_soft,BT kp=1,23,24,21.44730975323285,19.40664523021168,20.426977491722266,24902402.092678517,1000000000.0,3160000000.0,1777638883.4631178,628,1376227176.0185814,1247616261.2438202,22.675009955411927,18.15255493589166,17.510270241448325,0.6987358511591806,8.747978269656624,36.00953908371863,0.007961783439490446,83.6076054649134,0.2712075035437736
BT_soft,BT kp=1,24,25,19.40664523021168,17.551495663828796,18.479070447020238,28728585.555879116,100000000.0,316000000.0,177763888.34631178,36124,238138149.64444897,231607165.18759727,2.787547341151642,2.0989598337029056,3.062546720842573,0.016113311616270585,0.4754360596483225,4.918986362204027,0.09304063780312258,11.38308168680232,0.24488512143276256
BT_soft,BT kp=1,24,25,19.40664523021168,17.551495663828796,18.479070447020238,28728585.555879116,316000000.0,1000000000.0,562138772.9022079,20353,480032162.67630714,427528023.7197876,6.013990042746248,4.367175861100554,6.533244897477158,0.04579464762838788,1.330930398219824,10.28588638991464,0.057337984572298925,22.945694875832153,0.2620966623713174
BT_soft,BT kp=1,24,25,19.40664523021168,17.551495663828796,18.479070447020238,28728585.555879116,1000000000.0,3160000000.0,1777638883.4631178,1654,1449427856.9319518,1297892779.1118622,19.37343005486709,14.742611072320997,17.602408254566587,0.432817026248577,5.914639246076716,31.18505125799574,0.019347037484885126,69.28312712270974,0.27962695766537987
BT_soft,BT kp=1,25,26,17.551495663828796,15.864996058026179,16.708245860927487,33142246.615712106,100000000.0,316000000.0,177763888.34631178,54108,239049984.62364644,232847407.4602127,2.2285405271908783,1.6354556903725568,2.641865876599696,0.011357428847511156,0.24273978214659592,4.028452327161905,0.11384638131145117,8.989447880361103,0.2479062737612044
BT_soft,BT kp=1,25,26,17.551495663828796,15.864996058026179,16.708245860927487,33142246.615712106,316000000.0,1000000000.0,562138772.9022079,34528,490589117.43516874,436764303.59482765,4.971155654689123,3.4817255884113782,5.761467597125666,0.031006119194447092,0.9132936105436747,8.610399406783602,0.07414272474513438,18.44854877861205,0.26946052583021224
BT_soft,BT kp=1,25,26,17.551495663828796,15.864996058026179,16.708245860927487,33142246.615712106,1000000000.0,3160000000.0,1777638883.4631178,3655,1473989619.0924783,1306753456.5925598,16.10701873375069,12.006952242585642,16.027937276464993,0.26511478212007755,4.297901192148784,27.09956544371963,0.03502051983584131,55.42921442930076,0.2905871732007853
BT_soft,BT kp=1,25,26,17.551495663828796,15.864996058026179,16.708245860927487,33142246.615712106,3160000000.0,10000000000.0,5621387729.0220785,200,4298163415.491581,3760539442.3007965,53.51175409606121,44.27231895839871,43.39328633806893,3.068368702761811,18.833438119292094,91.26121368018941,0.025,161.6319535249801,0.3310716286541139
BT_soft,BT kp=1,26,27,15.864996058026179,14.331814598205613,15.098405328115895,38233370.82707757,100000000.0,316000000.0,177763888.34631178,73723,239569061.244967,233408827.3346424,1.7647239367619718,1.2506542393733804,2.248787966430799,0.008282224698759659,0.10247024180591827,3.2520397084138275,0.13548010797173202,7.086330987769306,0.24903210699695053
BT_soft,BT kp=1,26,27,15.864996058026179,14.331814598205613,15.098405328115895,38233370.82707757,316000000.0,1000000000.0,562138772.9022079,52908,499653440.7488343,445357747.3759651,4.073352989297115,2.760968427980223,5.0541668425323785,0.021972977035860073,0.5540256302182529,7.203675738076016,0.09393664474181598,14.779494655628886,0.2756084077438836
BT_soft,BT kp=1,26,27,15.864996058026179,14.331814598205613,15.098405328115895,38233370.82707757,1000000000.0,3160000000.0,1777638883.4631178,6998,1519492460.6931791,1345447227.358818,13.930172748444125,9.765944820476854,15.274188329270006,0.18258755455481962,2.9571531953305157,24.05636468693729,0.050157187767933695,44.94581417957666,0.3099325933397817
BT_soft,BT kp=1,26,27,15.864996058026179,14.331814598205613,15.098405328115895,38233370.82707757,3160000000.0,10000000000.0,5621387729.0220785,513,4558327610.497354,3998183906.0783386,44.88712064598436,34.45508069494306,40.30769425135313,1.7796281758200627,12.64524414986365,72.91994971570249,0.023391812865497075,134.83301237150224,0.3329089802006939
BT_soft,BT kp=1,27,28,14.331814598205613,12.938013271096011,13.634913934650811,44105611.17019093,100000000.0,316000000.0,177763888.34631178,94332,240130857.44899696,234334515.40768147,1.4046264796663916,0.9634408558938662,1.935242824701651,0.006300948714111818,0.011587320909155919,2.6364204096580592,0.15673366408005768,5.586150966737712,0.25144799845727894
BT_soft,BT kp=1,27,28,14.331814598205613,12.938013271096011,13.634913934650811,44105611.17019093,316000000.0,1000000000.0,562138772.9022079,73569,507415338.77840465,453358404.33835983,3.287711035377494,2.12373994580184,4.358319301467007,0.01606836240249185,0.3021869694224465,5.9383693506550745,0.11424648968995094,11.803975196551185,0.2785257492186258
BT_soft,BT kp=1,27,28,14.331814598205613,12.938013271096011,13.634913934650811,44105611.17019093,1000000000.0,3160000000.0,1777638883.4631178,11781,1553675534.004277,1378539502.620697,11.378895832030768,7.850558106209528,13.39178068827246,0.12338070584257341,1.9606554917144288,19.923419386079047,0.07291401409048467,36.14306873542119,0.3148292668596549
BT_soft,BT kp=1,27,28,14.331814598205613,12.938013271096011,13.634913934650811,44105611.17019093,3160000000.0,10000000000.0,5621387729.0220785,1171,4623668994.993149,4108799099.92218,37.432340912252265,28.594893233388067,35.736289229129945,1.04431377567108,9.445585623786787,62.31495809854579,0.03842869342442357,107.56015824306155,0.34801307030121387
BT_soft,BT kp=1,27,28,14.331814598205613,12.938013271096011,13.634913934650811,44105611.17019093,10000000000.0,31600000000.0,17776388834.631176,63,13399819211.354332,12318984270.095825,134.28733658785885,105.7561348586162,98.091425055333,12.358357925921014,46.58502799058383,244.26725165682853,0.0,311.71925939387535,0.43079576426870375
BT_soft,BT kp=1,28,29,12.938013271096011,11.670921155541825,12.304467213318919,50878301.841837466,100000000.0,316000000.0,177763888.34631178,114362,240535994.194105,234818039.46197033,1.106530163727799,0.7377832966503668,1.6112061206006005,0.004764422117627761,-0.03603206685830111,2.1197546901234956,0.17351917595005334,4.3998805991792835,0.2514909527168082
BT_soft,BT kp=1,28,29,12.938013271096011,11.670921155541825,12.304467213318919,50878301.841837466,316000000.0,1000000000.0,562138772.9022079,94970,512795979.18317544,459049772.4711895,2.6397759560423895,1.6578344081247844,3.77331466595225,0.012244182794359034,0.14438977865406544,4.8175920444862905,0.1338843845424871,9.380055935929827,0.2814243298838829
BT_soft,BT kp=1,28,29,12.938013271096011,11.670921155541825,12.304467213318919,50878301.841837466,1000000000.0,3160000000.0,1777638883.4631178,17857,1575828985.2718184,1402965337.0380402,9.332589067338281,6.180839231616998,11.610962533578588,0.0868888350186748,1.3318096079536366,16.555836719270363,0.08629669037352299,28.82503886019972,0.32376674711874504
BT_soft,BT kp=1,28,29,12.938013271096011,11.670921155541825,12.304467213318919,50878301.841837466,3160000000.0,10000000000.0,5621387729.0220785,2284,4744475740.945903,4195396006.1073303,31.093443767882206,22.012710676944778,33.59601674549601,0.7029747715289295,6.332656614279224,52.98084742682466,0.05735551663747811,86.78587516934807,0.3582777002272382
BT_soft,BT kp=1,28,29,12.938013271096011,11.670921155541825,12.304467213318919,50878301.841837466,10000000000.0,31600000000.0,17776388834.631176,161,14270469653.680458,12689546346.664429,106.58817711699656,81.42973825039127,100.53309505696211,7.923117838581653,20.85774837623055,184.7005843873764,0.043478260869565216,261.0352050668022,0.4083287428211812
BT_soft,BT kp=1,29,30,11.670921155541825,10.51901923231075,11.094970193926287,58688735.33458358,100000000.0,316000000.0,177763888.34631178,131862,240832982.79494002,235184198.24540615,0.8685295200671341,0.5691398554143559,1.3287025878095229,0.0036590466931858885,-0.06673743989886403,1.6881527354617683,0.1890461239780983,3.4632962493084527,0.2507811799930662
BT_soft,BT kp=1,29,30,11.670921155541825,10.51901923231075,11.094970193926287,58688735.33458358,316000000.0,1000000000.0,562138772.9022079,115818,516885489.5182181,463178139.179945,2.0859729366769173,1.2682700075930406,3.0947179993585396,0.00909354144141268,0.04313924535383992,3.901639773479402,0.15052927869588492,7.433066502749885,0.2806342356691152
BT_soft,BT kp=1,29,30,11.670921155541825,10.51901923231075,11.094970193926287,58688735.33458358,1000000000.0,3160000000.0,1777638883.4631178,24845,1601166089.6447084,1432715654.373169,7.608641375650842,4.849254383597836,10.117451158976268,0.0641876707165583,0.7676153932580035,13.89521396207195,0.1081907828536929,23.0255525984496,0.3304433777699286
BT_soft,BT kp=1,29,30,11.670921155541825,10.51901923231075,11.094970193926287,58688735.33458358,3160000000.0,10000000000.0,5621387729.0220785,3840,4874473590.015745,4322115927.934647,26.639836563385636,18.177266844553316,30.992208175885366,0.5001346088641557,4.29947591190406,46.597702628098666,0.07291666666666667,70.09731767524877,0.3800407411707868
BT_soft,BT kp=1,29,30,11.670921155541825,10.51901923231075,11.094970193926287,58688735.33458358,10000000000.0,31600000000.0,17776388834.631176,360,14654181129.402582,13151586055.755615,92.88127539106493,65.03207963292485,90.0907229109436,4.748198007494942,24.501642294023206,166.40526440636592,0.03333333333333333,210.7343020592816,0.44075062523488245
BT_soft,BT kp=1,30,31,10.51901923231075,9.471835665737043,9.995427449023897,67694718.7794931,100000000.0,316000000.0,177763888.34631178,147064,241202432.28405553,235944809.3920946,0.6846840024767209,0.44166803173559466,1.109702915242879,0.002893700236968705,-0.07944804080328928,1.3415764312059362,0.20223848120546156,2.726339146210669,0.25113676830278475
BT_soft,BT kp=1,30,31,10.51901923231075,9.471835665737043,9.995427449023897,67694718.7794931,316000000.0,1000000000.0,562138772.9022079,135270,521392394.58786803,468129888.176918,1.6779628792942363,0.9896488446090401,2.673619311929779,0.00726940431639894,-0.02453380338679244,3.148971678098271,0.16702151253049458,5.893358878849876,0.28472097386027523
BT_soft,BT kp=1,30,31,10.51901923231075,9.471835665737043,9.995427449023897,67694718.7794931,1000000000.0,3160000000.0,1777638883.4631178,31673,1626326226.2642035,1459957808.2561493,6.145263966837923,3.683464803907113,8.895359481059247,0.04998260686247454,0.4214846007547908,11.208571990006982,0.12442774602974142,18.38255449245015,0.3342986944149589
BT_soft,BT kp=1,30,31,10.51901923231075,9.471835665737043,9.995427449023897,67694718.7794931,3160000000.0,10000000000.0,5621387729.0220785,5872,4951241643.799911,4421872198.581696,21.58522498134616,14.26775327156614,26.01915660388816,0.33954722977753915,3.0678163967136047,38.51420886388592,0.0861716621253406,55.96446017568822,0.385695223604124
BT_soft,BT kp=1,30,31,10.51901923231075,9.471835665737043,9.995427449023897,67694718.7794931,10000000000.0,31600000000.0,17776388834.631176,724,15070212588.784445,13334096670.150757,75.0861646442407,51.69704585009399,88.73919955329268,3.2979663785310804,12.671660427897349,124.20778025215233,0.049723756906077346,170.34036569802802,0.4408007716582585
BT_soft,BT kp=1,30,31,10.51901923231075,9.471835665737043,9.995427449023897,67694718.7794931,31600000000.0,100000000000.0,56213877290.22079,50,47193255043.029785,42043781280.51758,251.74294112894486,187.28555418225434,240.38695874621487,33.99584972765187,92.29881941387325,389.57348975553646,0.0,533.430850769333,0.4719317241698192
BT_soft,BT kp=1,31,32,9.471835665737043,8.519850605215494,8.995843135476267,78077415.13720101,100000000.0,316000000.0,177763888.34631178,158398,241656101.73871732,236568180.84418774,0.5412003618723085,0.3440233168397525,0.9181102067797676,0.0023068532544862894,-0.08300961114445567,1.0699945133573912,0.2137842649528403,2.1464840777838035,0.2521334155113257
BT_soft,BT kp=1,31,32,9.471835665737043,8.519850605215494,8.995843135476267,78077415.13720101,316000000.0,1000000000.0,562138772.9022079,151713,525092006.3917724,472100302.57701874,1.3419437640104048,0.773104439830612,2.238566979958547,0.005747231556775328,-0.046764437860469056,2.524523568715617,0.17547606335646912,4.664072717311861,0.2877193057109612
BT_soft,BT kp=1,31,32,9.471835665737043,8.519850605215494,8.995843135476267,78077415.13720101,1000000000.0,3160000000.0,1777638883.4631178,38518,1640612964.691344,1469735652.2083282,4.925789213365113,2.8699316487114404,7.58239356295112,0.038634425468566484,0.1817734659617507,9.082516746703105,0.13972688093878186,14.57256647433306,0.3380179614923013
BT_soft,BT kp=1,31,32,9.471835665737043,8.519850605215494,8.995843135476267,78077415.13720101,3160000000.0,10000000000.0,5621387729.0220785,8176,5039925719.164823,4503179490.566254,17.075759644719458,10.856006088575946,22.74190921515868,0.25151070820989235,1.7440966680814018,30.829034498831522,0.10787671232876712,44.76659282163342,0.38143978731541106
BT_soft,BT kp=1,31,32,9.471835665737043,8.519850605215494,8.995843135476267,78077415.13720101,10000000000.0,31600000000.0,17776388834.631176,1228,15325770083.001852,13686409592.628479,57.93450281937816,39.166823197345,65.42824062419525,1.8670934646784414,9.607763577722883,104.1197435871235,0.07084690553745929,136.12948825313384,0.42558378469511693
BT_soft,BT kp=1,31,32,9.471835665737043,8.519850605215494,8.995843135476267,78077415.13720101,31600000000.0,100000000000.0,56213877290.22079,117,48051956555.78222,43349471092.22412,196.91671645041916,152.26815948037486,187.17070312790568,17.303937625443897,45.88777138765583,289.09386874315743,0.05128205128205128,426.8162852550907,0.4613617691104032
BT_soft,BT kp=1,32,33,8.519850605215494,7.654409641104996,8.087130123160245,90044456.23328698,100000000.0,316000000.0,177763888.34631178,166594,241726991.2625678,236662020.906806,0.4264928654214514,0.2697265886139298,0.7450211771114255,0.0018253196945668064,-0.07190623621294702,0.8417652748231673,0.21803306241521303,1.6869046758487911,0.2528257058786414
BT_soft,BT kp=1,32,33,8.519850605215494,7.654409641104996,8.087130123160245,90044456.23328698,316000000.0,1000000000.0,562138772.9022079,164834,528143828.95119816,475356057.2862625,1.0574573626923023,0.6040910466434821,1.8294341171352986,0.004506022698884336,-0.06491643320163307,1.9919070154498153,0.18544717716005193,3.685679823858475,0.28690971902851514
BT_soft,BT kp=1,32,33,8.519850605215494,7.654409641104996,8.087130123160245,90044456.23328698,1000000000.0,3160000000.0,1777638883.4631178,44871,1653962280.9060376,1483533680.4389954,3.904609906692617,2.2134460324907286,6.194399545929995,0.029242624004919462,0.0639695513203314,7.249183246441156,0.15194669162710883,11.54226381905072,0.33828804885294567
BT_soft,BT kp=1,32,33,8.519850605215494,7.654409641104996,8.087130123160245,90044456.23328698,3160000000.0,10000000000.0,5621387729.0220785,10472,5116216327.946681,4602362811.565399,14.080775906895644,8.303830407002367,20.42943246260285,0.1996372069403969,0.8963697757746207,26.16212059029132,0.12633689839572193,35.70378798490286,0.3943776473479402
BT_soft,BT kp=1,32,33,8.519850605215494,7.654409641104996,8.087130123160245,90044456.23328698,10000000000.0,31600000000.0,17776388834.631176,1860,15507298458.647984,13906136155.128479,46.61792891797954,30.211512703373298,60.44795125788581,1.401603308364822,5.381686197062357,80.6891490688819,0.1064516129032258,108.21850775969547,0.43077593549429594
BT_soft,BT kp=1,32,33,8.519850605215494,7.654409641104996,8.087130123160245,90044456.23328698,31600000000.0,100000000000.0,56213877290.22079,222,46075008183.98622,41460537910.461426,157.09112151295048,108.44887177857811,195.57725086814958,13.126285618227088,29.862602368608137,253.87367133170636,0.05405405405405406,321.5368972218433,0.48856328113586917
BT_soft,BT kp=1,33,34,7.654409641104996,6.867645128277267,7.261027384691131,103833283.33709192,100000000.0,316000000.0,177763888.34631178,172616,241973218.42314205,236920667.8122282,0.3372861234236206,0.21236730174873636,0.6201614172279294,0.0014926714258977672,-0.06556023754915448,0.6713126438170315,0.22407540436575984,1.3263868818525084,0.2542893992984515
BT_soft,BT kp=1,33,34,7.654409641104996,6.867645128277267,7.261027384691131,103833283.33709192,316000000.0,1000000000.0,562138772.9022079,174903,530124560.58628434,478506535.29167175,0.840292277809596,0.47489975754647,1.5271532228019882,0.0036516066024227497,-0.06481863294887098,1.5787693935268385,0.19146040948411405,2.905901188121835,0.2891675330339434
BT_soft,BT kp=1,33,34,7.654409641104996,6.867645128277267,7.261027384691131,103833283.33709192,1000000000.0,3160000000.0,1777638883.4631178,50292,1657578988.5520039,1488775908.946991,3.1010607293853227,1.7281427905201354,5.136714370423131,0.022905298919456748,-0.014193556610418467,5.799380177961876,0.16237174898592222,9.08609242120762,0.3412975111443083
BT_soft,BT kp=1,33,34,7.654409641104996,6.867645128277267,7.261027384691131,103833283.33709192,3160000000.0,10000000000.0,5621387729.0220785,12798,5144863483.924048,4604459702.968597,11.492383401159097,6.657898953005324,16.639381109529253,0.14708423162068932,0.6688766041606721,21.238492511899025,0.1277543366150961,28.201796374280917,0.4075053676949374
BT_soft,BT kp=1,33,34,7.654409641104996,6.867645128277267,7.261027384691131,103833283.33709192,10000000000.0,31600000000.0,17776388834.631176,2599,15695074693.933731,14040454626.083374,40.89964363567867,25.942682508479052,53.93696046113999,1.057994302684073,4.964103609110472,72.47901720290922,0.09465178914967295,86.03324499872829,0.47539347883813093
BT_soft,BT kp=1,33,34,7.654409641104996,6.867645128277267,7.261027384691131,103833283.33709192,31600000000.0,100000000000.0,56213877290.22079,372,48123130541.975784,43139705657.958984,132.42595151395483,90.67406971451074,152.754922078963,7.919973766409737,26.193364725221123,228.51527671643544,0.08602150537634409,263.78906508955976,0.5020145602661525
BT_soft,BT kp=1,34,35,6.867645128277267,6.152404662070242,6.510024895173754,119714620.32581401,100000000.0,316000000.0,177763888.34631178,175741,242008947.94766134,236993879.07981873,0.26264431957485285,0.16558277849522043,0.498637753659154,0.00118945662824914,-0.06100128920631908,0.523293590820088,0.23270039433029288,1.0417766851200376,0.25211191930695775
BT_soft,BT kp=1,34,35,6.867645128277267,6.152404662070242,6.510024895173754,119714620.32581401,316000000.0,1000000000.0,562138772.9022079,182051,531855876.7031788,479966774.58286285,0.661043749377346,0.3741103879167164,1.2351590594588628,0.002894851923192809,-0.06616359358560951,1.2490427804469282,0.1989717167167442,2.2894816778149774,0.288730744509923
BT_soft,BT kp=1,34,35,6.867645128277267,6.152404662070242,6.510024895173754,119714620.32581401,1000000000.0,3160000000.0,1777638883.4631178,54779,1668671534.510227,1499248147.0108032,2.522359949051577,1.365150596883981,4.423551396536681,0.01890009676558395,-0.04836109625955023,4.68472738855677,0.1691524124208182,7.183135642373796,0.3511502600858611
BT_soft,BT kp=1,34,35,6.867645128277267,6.152404662070242,6.510024895173754,119714620.32581401,3160000000.0,10000000000.0,5621387729.0220785,14799,5189345716.821945,4654070138.931274,9.241642574429378,5.181052405996851,14.795752978736799,0.12162444930973598,0.21930127710949346,16.988356088499014,0.14784782755591594,22.338592951454856,0.41370746109716333
BT_soft,BT kp=1,34,35,6.867645128277267,6.152404662070242,6.510024895173754,119714620.32581401,10000000000.0,31600000000.0,17776388834.631176,3466,16093953266.284126,14464044570.922852,32.89336193335752,19.707678720628902,45.98651275517477,0.7811171951301183,2.1734546782764097,60.828494686054306,0.12406231967686093,69.27969162467615,0.47479082487199625
BT_soft,BT kp=1,34,35,6.867645128277267,6.152404662070242,6.510024895173754,119714620.32581401,31600000000.0,100000000000.0,56213877290.22079,541,49316352722.60514,44714345932.006836,119.86410755916272,75.96103949897396,163.02086346152618,7.008814350666601,17.365343928832267,206.1614292109487,0.07948243992606285,212.29225984105858,0.5646183598446027
BT_soft,BT kp=1,34,35,6.867645128277267,6.152404662070242,6.510024895173754,119714620.32581401,100000000000.0,316000000000.0,177763888346.31177,65,151682084597.07407,139437427520.75195,413.78600626018687,307.1491082398231,377.70618048205733,46.848685848795654,96.5156329296992,694.7232609642507,0.07692307692307693,652.9463502226014,0.6337212944357827
BT_soft,BT kp=1,35,36,6.152404662070242,5.502186056427491,5.8272953592488665,137995904.84494817,100000000.0,316000000.0,177763888.34631178,176678,242041953.87835878,236877799.03411865,0.2058728864572463,0.13118128482830743,0.40453077116914754,0.0009624104393686838,-0.05337264096536287,0.4105977650323545,0.23740929827143165,0.8180526698418593,0.2516621411394505
BT_soft,BT kp=1,35,36,6.152404662070242,5.502186056427491,5.8272953592488665,137995904.84494817,316000000.0,1000000000.0,562138772.9022079,186128,533525853.6704789,482472795.9930897,0.5203429684400774,0.29624360562496066,1.01053289897413,0.002342311235555256,-0.058960947407168965,0.9705831430989996,0.20234462305510187,1.8032090802082066,0.2885649668423344
BT_soft,BT kp=1,35,36,6.152404662070242,5.502186056427491,5.8272953592488665,137995904.84494817,1000000000.0,3160000000.0,1777638883.4631178,57909,1674548525.2826014,1509149521.5892792,1.9796072853028563,1.0726454881788074,3.548551402105571,0.014746130324716744,-0.07042985848094083,3.6642020379734315,0.17460152998670328,5.659634083831702,0.34977655021163784
BT_soft,BT kp=1,35,36,6.152404662070242,5.502186056427491,5.8272953592488665,137995904.84494817,3160000000.0,10000000000.0,5621387729.0220785,16748,5233004905.22473,4702774137.25853,7.331013146381045,4.056308230575166,11.990714014919845,0.09265387107352908,0.10185060193411181,13.652461852068052,0.15386911870074038,17.68649428506119,0.4144978099234255
BT_soft,BT kp=1,35,36,6.152404662070242,5.502186056427491,5.8272953592488665,137995904.84494817,10000000000.0,31600000000.0,17776388834.631176,4196,16374796140.296215,14610435962.677002,27.729450312858187,15.776811281220487,42.49168711450847,0.6559734094300155,1.2089942954229285,50.39878283010756,0.1406101048617731,55.343486887473816,0.5010427038910398
BT_soft,BT kp=1,35,36,6.152404662070242,5.502186056427491,5.8272953592488665,137995904.84494817,31600000000.0,100000000000.0,56213877290.22079,790,49926656140.55682,44612944126.12915,97.08628804212019,57.85901270952586,143.23119677466454,5.095937290900291,6.876130910301093,173.4774294188836,0.1240506329113924,168.7419626953803,0.5753535545712729
BT_soft,BT kp=1,35,36,6.152404662070242,5.502186056427491,5.8272953592488665,137995904.84494817,100000000000.0,316000000000.0,177763888346.31177,109,153641166687.01172,139854717254.63867,425.17261888774493,298.45349397222867,508.1178958959115,48.66886766803686,69.35899867997287,782.36772807186,0.045871559633027525,519.2759544037289,0.8187797168000195
BT_soft,BT kp=1,36,37,5.502186056427491,4.9110782331159015,5.206632144771696,159024380.77429926,100000000.0,316000000.0,177763888.34631178,176459,242066561.71199742,237041004.00209427,0.16312327232221183,0.10503555753555005,0.34256162752273306,0.000815486557354457,-0.04594710946257722,0.32822278151558804,0.24251525850197497,0.6422281960579195,0.25399581227277745
BT_soft,BT kp=1,36,37,5.502186056427491,4.9110782331159015,5.206632144771696,159024380.77429926,316000000.0,1000000000.0,562138772.9022079,187650,535237015.2048927,484073664.9930477,0.413111700638409,0.23616476396598318,0.8196447861692863,0.0018921318503087494,-0.05307491476294696,0.7783282127198203,0.20611244337863044,1.420040423209872,0.29091545133948205
BT_soft,BT kp=1,36,37,5.502186056427491,4.9110782331159015,5.206632144771696,159024380.77429926,1000000000.0,3160000000.0,1777638883.4631178,60146,1680703607.8170364,1518961340.18898,1.536592807954096,0.8366754651065126,2.8440608490969326,0.011596729015318052,-0.0746617378114637,2.8368761703910566,0.17974595151797293,4.459084470496178,0.34459827305830654
BT_soft,BT kp=1,36,37,5.502186056427491,4.9110782331159015,5.206632144771696,159024380.77429926,3160000000.0,10000000000.0,5621387729.0220785,18158,5260355718.346048,4740378707.647324,5.783093852196676,3.089620338674891,10.03642180343159,0.07448089716966644,-0.044541756526612436,10.794057179726977,0.16339905275911443,13.956280205424607,0.41437215125194105
BT_soft,BT kp=1,36,37,5.502186056427491,4.9110782331159015,5.206632144771696,159024380.77429926,10000000000.0,31600000000.0,17776388834.631176,4919,16490185355.044737,14769757986.068726,21.53700655915576,11.71478991409747,35.653278013517635,0.5083479240984328,0.5559821474549027,39.63007329196865,0.14657450701362065,43.750206217376174,0.4922721152935264
BT_soft,BT kp=1,36,37,5.502186056427491,4.9110782331159015,5.206632144771696,159024380.77429926,31600000000.0,100000000000.0,56213877290.22079,1073,49877939997.49261,44498014450.07324,73.19037561948417,44.25476855540065,104.20197756339385,3.1810910529501357,3.2554678866241717,136.53901278415069,0.1342031686859273,132.33145132117266,0.5530837521145958
BT_soft,BT kp=1,36,37,5.502186056427491,4.9110782331159015,5.206632144771696,159024380.77429926,100000000000.0,316000000000.0,177763888346.31177,167,158942840770.3331,142867965698.2422,258.0580570918776,191.2797766774107,283.9067569105747,21.96936443708243,33.48072736986686,492.1144536296954,0.08982035928143713,421.6921708736483,0.6119583784475798
BT_soft,BT kp=1,37,38,4.9110782331159015,4.373707484650818,4.64239285888336,183189372.56709933,100000000.0,316000000.0,177763888.34631178,174477,242204821.40445647,237388927.48951912,0.12728731424027928,0.08140312859944432,0.2714129958212147,0.0006497728278771675,-0.0410977613323873,0.25888965841698197,0.2506863368810789,0.5043526786347865,0.2523775913807548
BT_soft,BT kp=1,37,38,4.9110782331159015,4.373707484650818,4.64239285888336,183189372.56709933,316000000.0,1000000000.0,562138772.9022079,187169,536017487.2999519,484875775.87366104,0.32617249642774626,0.18740883455219212,0.6761245880371238,0.0015628229126627155,-0.048614995445845244,0.6097561565916029,0.21176049452633716,1.1161704129059267,0.29222463940659643
BT_soft,BT kp=1,37,38,4.9110782331159015,4.373707484650818,4.64239285888336,183189372.56709933,1000000000.0,3160000000.0,1777638883.4631178,61750,1683084260.5426242,1520627439.0220642,1.224824046211265,0.6635974925401804,2.41042034984266,0.009700057400335705,-0.07889763605805629,2.225727508033029,0.18344939271255062,3.504752920484607,0.3494751481773234
BT_soft,BT kp=1,37,38,4.9110782331159015,4.373707484650818,4.64239285888336,183189372.56709933,3160000000.0,10000000000.0,5621387729.0220785,19139,5286253274.150437,4768130779.266357,4.57008920954397,2.408481330453839,8.33353491154619,0.06023787430432146,-0.15365901641729945,8.437565583097802,0.17367678562098332,11.007774260230429,0.41516923417071444
BT_soft,BT kp=1,37,38,4.9110782331159015,4.373707484650818,4.64239285888336,183189372.56709933,10000000000.0,31600000000.0,17776388834.631176,5512,16584159106.837994,14819343090.057373,16.948510606677264,9.185937242545435,27.332905878146875,0.3681554224072076,-0.1849113624241782,32.11501451120878,0.16690856313497823,34.53385039958306,0.49077963825550974
BT_soft,BT kp=1,37,38,4.9110782331159015,4.373707484650818,4.64239285888336,183189372.56709933,31600000000.0,100000000000.0,56213877290.22079,1364,50681120442.15552,45065369606.01807,64.81478196551738,34.94609614022934,108.05756393297332,2.9258225806693585,1.888534622987099,118.78667398115263,0.1436950146627566,105.53530149810244,0.6141526204545195
BT_soft,BT kp=1,37,38,4.9110782331159015,4.373707484650818,4.64239285888336,183189372.56709933,100000000000.0,316000000000.0,177763888346.31177,236,162910862534.73312,150037603378.2959,236.7724177771149,150.20411517034194,281.2505600916742,18.307852065540914,13.99325458361299,493.5304969758804,0.13559322033898305,339.2357320620388,0.6979583675867447
BT_soft,BT kp=1,38,39,4.373707484650818,3.885188622409834,4.129448053530326,210922995.7883258,100000000.0,316000000.0,177763888.34631178,171635,242110829.5426238,237049460.41107178,0.09933550631152548,0.0650772054901681,0.22322979520454503,0.0005388268561491023,-0.03591246116038887,0.20492536519318721,0.2563055320884435,0.3956597504994411,0.25106295544627505
BT_soft,BT kp=1,38,39,4.373707484650818,3.885188622409834,4.129448053530326,210922995.7883258,316000000.0,1000000000.0,562138772.9022079,185501,536749407.9211154,485597476.36318207,0.25429583687729956,0.1492161391361077,0.5463551239555342,0.0012685333601015253,-0.04406472600959537,0.47941784658894276,0.2168775370483178,0.8771608325822671,0.2899078794121256
BT_soft,BT kp=1,38,39,4.373707484650818,3.885188622409834,4.129448053530326,210922995.7883258,1000000000.0,3160000000.0,1777638883.4631178,62329,1684819095.1655564,1523362547.159195,0.9606495724312026,0.5307421227753878,1.9415984001080433,0.007777039878026939,-0.07339973763744265,1.7348368484230203,0.18821094514591924,2.7533469035202325,0.348902483447685
BT_soft,BT kp=1,38,39,4.373707484650818,3.885188622409834,4.129448053530326,210922995.7883258,3160000000.0,10000000000.0,5621387729.0220785,19931,5293388926.3058195,4768229722.976685,3.607806838941059,1.9352329169784632,6.7146953743013205,0.047562181977555296,-0.13371122496669896,6.620852469034326,0.1746023782048066,8.650505001511911,0.4170631469851178
BT_soft,BT kp=1,38,39,4.373707484650818,3.885188622409834,4.129448053530326,210922995.7883258,10000000000.0,31600000000.0,17776388834.631176,5941,16604628678.30402,14850496053.695679,13.464489280103596,7.254041092619402,23.375127074438318,0.30326633605646064,-0.1255240391078104,25.364056649937314,0.16663861302810976,27.135437321844446,0.496195772355011
BT_soft,BT kp=1,38,39,4.373707484650818,3.885188622409834,4.129448053530326,210922995.7883258,31600000000.0,100000000000.0,56213877290.22079,1615,50713866775.618996,45279378890.99121,50.03603755593672,28.100958391945536,83.27693490228756,2.072232443110217,0.44751250594073955,95.45943929258209,0.15417956656346749,82.87706879204579,0.603738021689529
BT_soft,BT kp=1,38,39,4.373707484650818,3.885188622409834,4.129448053530326,210922995.7883258,100000000000.0,316000000000.0,177763888346.31177,319,162015078404.1067,144704809188.84277,183.3295039974856,110.4008384908871,232.86441794473703,13.037904367535232,9.424559353023536,361.161881634125,0.12852664576802508,264.7665353078759,0.6924194697955552
BT_soft,BT kp=1,38,39,4.373707484650818,3.885188622409834,4.129448053530326,210922995.7883258,316000000000.0,1000000000000.0,562138772902.2078,58,468388971131.4234,426164131164.5508,478.609256306612,309.2875790433102,501.9868196065781,65.9140986251368,113.717671738085,940.0506990254019,0.06896551724137931,765.445576328186,0.625268825254021
BT_soft,BT kp=1,39,40,3.885188622409834,3.4410805658271224,3.6631345941184783,242698183.00789833,100000000.0,316000000.0,177763888.34631178,168377,242331694.90521434,237450432.03234673,0.07621688618924935,0.05073877232729838,0.18259835458632523,0.00044499535331794446,-0.03245638113886347,0.16186194705991527,0.2650837109581475,0.3107936349365356,0.24523309882074296
BT_soft,BT kp=1,39,40,3.885188622409834,3.4410805658271224,3.6631345941184783,242698183.00789833,316000000.0,1000000000.0,562138772.9022079,182612,537651699.5182494,487205013.63277435,0.19983488444665662,0.11806595522696287,0.4506167403104881,0.0010544904845798085,-0.04005944703677037,0.3780010525587298,0.22097671565943092,0.6895454847061661,0.28980667538097454
BT_soft,BT kp=1,39,40,3.885188622409834,3.4410805658271224,3.6631345941184783,242698183.00789833,1000000000.0,3160000000.0,1777638883.4631178,62343,1689112326.836423,1526862978.9352417,0.7584305538421918,0.4173922017646862,1.5818659023041335,0.006335425907624063,-0.0703374702380067,1.3643516674399119,0.19097573103636334,2.166309116432073,0.35010264605788693
BT_soft,BT kp=1,39,40,3.885188622409834,3.4410805658271224,3.6631345941184783,242698183.00789833,3160000000.0,10000000000.0,5621387729.0220785,20300,5313734028.6976,4797299504.28009,2.828324192974873,1.528978644816839,5.351018779428858,0.03755678916919712,-0.12776924715214544,5.177398947119893,0.17561576354679803,6.814934854109146,0.4150185223369378
BT_soft,BT kp=1,39,40,3.885188622409834,3.4410805658271224,3.6631345941184783,242698183.00789833,10000000000.0,31600000000.0,17776388834.631176,6341,16685119059.687061,15095845460.891724,10.593885696066666,5.707780568349311,18.552572238610793,0.2329835480223631,-0.2984832378841515,19.949581808848286,0.17110865794038796,21.398888015607376,0.49506711228826317
BT_soft,BT kp=1,39,40,3.885188622409834,3.4410805658271224,3.6631345941184783,242698183.00789833,31600000000.0,100000000000.0,56213877290.22079,1818,51812640453.46033,46164689064.02588,43.394967429157376,22.83444758420203,73.05499676302651,1.7133772117581625,-0.2502134781304538,80.44599757877694,0.16446644664466448,66.45040331389286,0.6530429503064391
BT_soft,BT kp=1,39,40,3.885188622409834,3.4410805658271224,3.6631345941184783,242698183.00789833,100000000000.0,316000000000.0,177763888346.31177,394,162722299619.37454,145753188133.23975,158.38288994196492,81.90223811963452,256.90340603601425,12.942606618195713,7.530509261610393,280.6436419143501,0.13705583756345177,208.69352233812677,0.758925759494115
BT_soft,BT kp=1,39,40,3.885188622409834,3.4410805658271224,3.6631345941184783,242698183.00789833,316000000000.0,1000000000000.0,562138772902.2078,84,495244415146.964,462951793670.6543,561.8823141067585,309.5038581928296,762.1199323681514,83.1541018740876,-44.08876838069509,1130.6972584837397,0.21428571428571427,635.1575761715671,0.8846345146247366
BT_soft,BT kp=1,40,41,3.4410805658271224,3.0373459689337468,3.2392132673804346,279022399.0609782,100000000.0,316000000.0,177763888.34631178,163985,242252403.0038454,237237606.1975956,0.05899015406264899,0.03919485186043128,0.19377713652610962,0.0004785204163081497,-0.02958243051385629,0.12862870334723217,0.2771412019392018,0.24385877923600896,0.24190293352349532
BT_soft,BT kp=1,40,41,3.4410805658271224,3.0373459689337468,3.2392132673804346,279022399.0609782,316000000.0,1000000000.0,562138772.9022079,179007,538246957.5735096,487465001.642704,0.15600184527732888,0.09325095014829272,0.3689320950459087,0.0008719898524307186,-0.03593418678339496,0.29961299239730804,0.2278011474411615,0.5418160743664056,0.2879239887073412
BT_soft,BT kp=1,40,41,3.4410805658271224,3.0373459689337468,3.2392132673804346,279022399.0609782,1000000000.0,3160000000.0,1777638883.4631178,61547,1690641612.530903,1527082175.0164032,0.5973945213602845,0.33550448730973315,1.2992978505573312,0.005237273758237108,-0.05624148255924475,1.0697501522740847,0.19147968219409556,1.7018522608869204,0.3510260761700621
BT_soft,BT kp=1,40,41,3.4410805658271224,3.0373459689337468,3.2392132673804346,279022399.0609782,3160000000.0,10000000000.0,5621387729.0220785,20585,5330323182.670764,4809360504.150391,2.2071379297165863,1.2267189227832156,4.307518907753758,0.03002283896295433,-0.15953690497396714,4.006342187386653,0.1838231722127763,5.365668567749387,0.4113444395322321
BT_soft,BT kp=1,40,41,3.4410805658271224,3.0373459689337468,3.2392132673804346,279022399.0609782,10000000000.0,31600000000.0,17776388834.631176,6550,16758223515.06648,15074794292.449951,8.188359830227864,4.389521136677425,15.424950409726447,0.19059132376242763,-0.5033659760124558,14.961620879937067,0.18595419847328246,16.869347333093007,0.4853987334865386
BT_soft,BT kp=1,40,41,3.4410805658271224,3.0373459689337468,3.2392132673804346,279022399.0609782,31600000000.0,100000000000.0,56213877290.22079,1952,52465945194.00206,47113692760.46753,30.301627449528215,16.603521227893417,51.08708334367921,1.1563018009140797,-0.5885612200436638,59.1660539221127,0.16649590163934427,52.813846995233334,0.5737439927877828
BT_soft,BT kp=1,40,41,3.4410805658271224,3.0373459689337468,3.2392132673804346,279022399.0609782,100000000000.0,316000000000.0,177763888346.31177,493,160491637119.6569,144454393386.84082,109.25480260018453,61.638781785702975,176.75516930201903,7.960652459191728,-1.0833567789267564,211.19530117585248,0.1643002028397566,161.55585752834338,0.6762664274244397
BT_soft,BT kp=1,40,41,3.4410805658271224,3.0373459689337468,3.2392132673804346,279022399.0609782,316000000000.0,1000000000000.0,562138772902.2078,107,512255676661.6964,440371665954.58984,506.4288043676336,288.85303235759005,630.8145539205947,60.98314470961021,36.13214855116126,1075.2959945170944,0.11214953271028037,515.6524452120877,0.9821126789369524
BT_soft,BT kp=1,41,42,3.0373459689337468,2.670314517212497,2.853830243073122,320424784.4428499,100000000.0,316000000.0,177763888.34631178,159082,242220049.1274474,237216372.04289436,0.045959034616473333,0.031052932851490307,0.125367363998292,0.00031432141667323785,-0.025777679905214936,0.10303978879024238,0.28371531662915983,0.19143489284508522,0.24007658130362233
BT_soft,BT kp=1,41,42,3.0373459689337468,2.670314517212497,2.853830243073122,320424784.4428499,316000000.0,1000000000.0,562138772.9022079,174522,538360323.3356122,487485267.22192764,0.11962159734598238,0.07305253557284958,0.30396843379564137,0.0007276179345178398,-0.03333876926105487,0.23427004043396182,0.2370474782548905,0.42548480681535744,0.28114187728891843
BT_soft,BT kp=1,41,42,3.0373459689337468,2.670314517212497,2.853830243073122,320424784.4428499,1000000000.0,3160000000.0,1777638883.4631178,60708,1692550885.6018353,1530655696.9881058,0.46387959764505343,0.2681801580588139,1.0318478228655281,0.0041878651555085095,-0.052897262770466406,0.8410895070275168,0.19432364762469526,1.337681577504583,0.3467787890974855
BT_soft,BT kp=1,41,42,3.0373459689337468,2.670314517212497,2.853830243073122,320424784.4428499,3160000000.0,10000000000.0,5621387729.0220785,20609,5347026460.636616,4855889678.001404,1.8041952115799678,0.9873571621934889,3.7241642305030975,0.025941815417750758,-0.10342641006541814,3.2261198778327294,0.17963025862487264,4.225940178028867,0.4269334480786499
BT_soft,BT kp=1,41,42,3.0373459689337468,2.670314517212497,2.853830243073122,320424784.4428499,10000000000.0,31600000000.0,17776388834.631176,6668,16819259136.754307,15239037275.314331,6.722856002207122,3.6335112627610267,12.951289014616572,0.1586043883397274,-0.3769220764386457,12.113492408655175,0.1817636472705459,13.292842942510276,0.50575005145871
BT_soft,BT kp=1,41,42,3.0373459689337468,2.670314517212497,2.853830243073122,320424784.4428499,31600000000.0,100000000000.0,56213877290.22079,2061,52992986478.2549,48122367858.88672,26.0652504553942,13.435856751161392,47.02311763962096,1.0357916929216457,-0.6573876357275296,48.66098161139778,0.17515769044153323,41.88219234762025,0.6223468494450776
BT_soft,BT kp=1,41,42,3.0373459689337468,2.670314517212497,2.853830243073122,320424784.4428499,100000000000.0,316000000000.0,177763888346.31177,553,165049819084.01572,148442182540.89355,86.48912452101578,45.75014718063612,180.36851987287358,7.670049659174148,0.5633124413018682,163.04445308427404,0.15732368896925858,130.44458765601368,0.6630334464247012
BT_soft,BT kp=1,41,42,3.0373459689337468,2.670314517212497,2.853830243073122,320424784.4428499,316000000000.0,1000000000000.0,562138772902.2078,118,527992620306.49994,478550701141.3574,360.9587358209484,172.1303162750903,604.130341136546,55.61470579525596,-9.215319525283457,656.4414187354224,0.1694915254237288,417.2908520804897,0.8650051493372407
BT_soft,BT kp=1,42,43,2.670314517212497,2.3366495611022704,2.503482039157384,367433754.36246824,100000000.0,316000000.0,177763888.34631178,154117,242231112.26157984,237279441.20764732,0.0352405311519109,0.024416862268000848,0.10304026269611617,0.0002624712163955749,-0.023305905122785398,0.08281291783510202,0.2944905493878028,0.15039041398414346,0.23432697748691958
BT_soft,BT kp=1,42,43,2.670314517212497,2.3366495611022704,2.503482039157384,367433754.36246824,316000000.0,1000000000.0,562138772.9022079,169552,538870755.3544576,488370116.8000698,0.0925893396097453,0.05790900187760988,0.24798701217235558,0.0006022509276468107,-0.030612320813205876,0.1861377762706502,0.24496319713126358,0.33456064014679765,0.2767490508420811
BT_soft,BT kp=1,42,43,2.670314517212497,2.3366495611022704,2.503482039157384,367433754.36246824,1000000000.0,3160000000.0,1777638883.4631178,59418,1696062975.8390667,1533821821.2127686,0.3715934129137322,0.21283201542011163,0.8571378978307364,0.0035163466545223955,-0.04421586767887012,0.673753553734778,0.19650610925982026,1.0530092963622673,0.35288711523957217
BT_soft,BT kp=1,42,43,2.670314517212497,2.3366495611022704,2.503482039157384,367433754.36246824,3160000000.0,10000000000.0,5621387729.0220785,20403,5359006352.134355,4875304400.920868,1.388631925350773,0.7702243637449251,3.0384825081695506,0.021272068644092347,-0.12437911862627948,2.49743638300999,0.18659020732245257,3.327166260008832,0.4173617477556072
BT_soft,BT kp=1,42,43,2.670314517212497,2.3366495611022704,2.503482039157384,367433754.36246824,10000000000.0,31600000000.0,17776388834.631176,6807,16921021837.625662,15363394021.987915,5.536214001473486,2.866885500918167,11.240080626329492,0.1362358956280831,-0.34020114195727014,9.785120463346917,0.1814308799764948,10.50550218523221,0.526982328294201
BT_soft,BT kp=1,42,43,2.670314517212497,2.3366495611022704,2.503482039157384,367433754.36246824,31600000000.0,100000000000.0,56213877290.22079,2095,53093050329.66814,48263516426.086426,20.820867705587258,11.097073308469552,38.89068512937273,0.8496764482705114,-0.8746295199817147,38.363429637517925,0.17326968973747017,32.96308944053923,0.6316418775960054
BT_soft,BT kp=1,42,43,2.670314517212497,2.3366495611022704,2.503482039157384,367433754.36246824,100000000000.0,316000000000.0,177763888346.31177,614,164248818683.31363,151042852401.7334,78.44615931555657,42.59812496081628,120.0197170249132,4.843601587994739,-1.7232417477735955,148.77773216075335,0.1758957654723127,101.97471170225037,0.7692707143375569
BT_soft,BT kp=1,42,43,2.670314517212497,2.3366495611022704,2.503482039157384,367433754.36246824,316000000000.0,1000000000000.0,562138772902.2078,139,517044357601.68726,448871116638.1836,294.9371014354553,155.5032582546261,446.7566178299708,37.893401750464676,22.95833553471499,518.9595810073772,0.08633093525179857,321.0096104579399,0.9187796621250979
BT_soft,BT kp=1,43,44,2.3366495611022704,2.0333177828202462,2.184983671961258,420541460.5202637,100000000.0,316000000.0,177763888.34631178,149122,242200673.66969755,237269876.52480602,0.026552357866688196,0.01865945047821692,0.08661046757088914,0.000224284635401964,-0.021154713963499244,0.06598550641193197,0.3080699024959429,0.11822905596459758,0.22458403012740805
BT_soft,BT kp=1,43,44,2.3366495611022704,2.0333177828202462,2.184983671961258,420541460.5202637,316000000.0,1000000000.0,562138772.9022079,164371,538619105.0183698,487985685.46772003,0.07217558879574186,0.04565267434729697,0.20460879673372323,0.0005046748965985357,-0.027505487154032005,0.1488393493446868,0.2535057887340224,0.26292424106822604,0.2745109713067996
BT_soft,BT kp=1,43,44,2.3366495611022704,2.0333177828202462,2.184983671961258,420541460.5202637,1000000000.0,3160000000.0,1777638883.4631178,58007,1697148320.2469556,1537115722.8946686,0.2843257341640766,0.1682318744189566,0.7004739383128386,0.0029083842159624883,-0.04868152131906199,0.526998049342262,0.20595790163256159,0.8284545236580995,0.3432001709745228
BT_soft,BT kp=1,43,44,2.3366495611022704,2.0333177828202462,2.184983671961258,420541460.5202637,3160000000.0,10000000000.0,5621387729.0220785,20208,5363429881.918436,4865850657.224655,1.0891239950848677,0.6089587434302679,2.516116381880063,0.017699828515879718,-0.12462013190485147,1.9555663840615545,0.19244853523357086,2.618131659436691,0.4159928287636994
BT_soft,BT kp=1,43,44,2.3366495611022704,2.0333177828202462,2.184983671961258,420541460.5202637,10000000000.0,31600000000.0,17776388834.631176,6762,16973709923.492596,15399070382.118225,4.333757191620213,2.3043817756905107,9.23461553782825,0.11230038265175016,-0.2988296139793212,7.625195979205363,0.1847086660751257,8.285632199389402,0.5230448428473066
BT_soft,BT kp=1,43,44,2.3366495611022704,2.0333177828202462,2.184983671961258,420541460.5202637,31600000000.0,100000000000.0,56213877290.22079,2187,53754212946.77623,48552308082.58057,15.54674790676457,7.860619760291429,32.99788295680692,0.705605059548157,-1.541584891133612,27.652972264868495,0.1906721536351166,26.239852080198546,0.592486110792395
BT_soft,BT kp=1,43,44,2.3366495611022704,2.0333177828202462,2.184983671961258,420541460.5202637,100000000000.0,316000000000.0,177763888346.31177,649,169060959220.85098,151096611022.94922,64.99998178989885,33.183777888822185,117.68718512798682,4.6196261068679405,-4.850153842420884,125.49547915731092,0.18181818181818182,82.52626760406608,0.7876277902418587
BT_soft,BT kp=1,43,44,2.3366495611022704,2.0333177828202462,2.184983671961258,420541460.5202637,316000000000.0,1000000000000.0,562138772902.2078,166,507191936998.48224,448530483245.8496,285.32526128406715,161.18359791991585,450.35619653348033,34.95441986945653,5.67266208819957,479.6876891800468,0.14457831325301204,247.58322508203904,1.1524418150281464
BT_soft,BT kp=1,44,45,2.0333177828202462,1.7575616207456761,1.8954397017829612,480151358.9503279,100000000.0,316000000.0,177763888.34631178,143330,242365070.3928922,237454595.04425526,0.020383535468186685,0.014510804511243426,0.07143512704203006,0.00018868756109708865,-0.018693640791964734,0.05319957850605307,0.32011442126561085,0.09314066137227779,0.21884679760555792
BT_soft,BT kp=1,44,45,2.0333177828202462,1.7575616207456761,1.8954397017829612,480151358.9503279,316000000.0,1000000000.0,562138772.9022079,158922,538754823.3962722,487665068.3581829,0.05566583291329829,0.03539500678130189,0.17373682912580476,0.0004358126981122175,-0.026120099064675197,0.11803453977375614,0.2664766363373227,0.20704295584874474,0.2688612741501091
BT_soft,BT kp=1,44,45,2.0333177828202462,1.7575616207456761,1.8954397017829612,480151358.9503279,1000000000.0,3160000000.0,1777638883.4631178,56543,1697160354.500085,1535733789.2055511,0.21990620503449151,0.1335042816470735,0.5803523212970991,0.002440632006490622,-0.04702428819962322,0.4142236868425191,0.2142086553596378,0.6522170773894784,0.33716719886371843
BT_soft,BT kp=1,44,45,2.0333177828202462,1.7575616207456761,1.8954397017829612,480151358.9503279,3160000000.0,10000000000.0,5621387729.0220785,19807,5372590459.463796,4866074025.630951,0.8370396727911378,0.4781007666901969,1.9832436684440617,0.014091808271246991,-0.13788854682610957,1.522817982202574,0.20316049881355078,2.0646813002618343,0.4054086568638888
BT_soft,BT kp=1,44,45,2.0333177828202462,1.7575616207456761,1.8954397017829612,480151358.9503279,10000000000.0,31600000000.0,17776388834.631176,6662,16939611474.661022,15412643551.826477,3.3195758449836914,1.8248764105203332,7.105231906165121,0.08705143670785138,-0.4120026240787842,5.985912517045781,0.19423596517562294,6.509876252306793,0.5099291778100068
BT_soft,BT kp=1,44,45,2.0333177828202462,1.7575616207456761,1.8954397017829612,480151358.9503279,31600000000.0,100000000000.0,56213877290.22079,2225,53388401422.607765,48071641921.99707,12.339666386918424,6.638489954100293,25.30457344262984,0.5364558840730573,-1.2960924613461402,22.598282487773297,0.19415730337078652,20.517110861104406,0.6014329439683204
BT_soft,BT kp=1,44,45,2.0333177828202462,1.7575616207456761,1.8954397017829612,480151358.9503279,100000000000.0,316000000000.0,177763888346.31177,692,168513195914.34015,150084905624.38965,47.26642433594861,25.86683559273554,92.62034473010769,3.520897206072382,-2.850372818004795,91.5400591541729,0.1893063583815029,64.7594576725696,0.7298767783839768
BT_soft,BT kp=1,44,45,2.0333177828202462,1.7575616207456761,1.8954397017829612,480151358.9503279,316000000000.0,1000000000000.0,562138772902.2078,187,526021220365.31006,487076454162.59766,212.77267701737148,116.96703434504715,313.0294237572417,22.890978553407695,-15.115250424559074,420.2393802708333,0.1925133689839572,202.14944456003792,1.0525513808878089
BT_soft,BT kp=1,45,46,1.7575616207456761,1.506874200677888,1.632217910711782,546506079.4615679,100000000.0,316000000.0,177763888.34631178,137932,242472459.14341524,237681549.0424633,0.015491819440055123,0.010961928194455874,0.06066144442632818,0.00016333536616452288,-0.017046223439966944,0.042922983995016525,0.33520140359017486,0.07349255151489287,0.21079441549822622
BT_soft,BT kp=1,45,46,1.7575616207456761,1.506874200677888,1.632217910711782,546506079.4615679,316000000.0,1000000000.0,562138772.9022079,153413,538809269.5963491,487416796.3862419,0.04139855288172216,0.0271235607891225,0.14216503761700056,0.00036296247105795874,-0.02368907356947488,0.09298174250303555,0.2788029697613631,0.16331119889822285,0.25349488070026444
BT_soft,BT kp=1,45,46,1.7575616207456761,1.506874200677888,1.632217910711782,546506079.4615679,1000000000.0,3160000000.0,1777638883.4631178,54959,1698379440.783476,1537190228.7006378,0.16805775902813408,0.10207686294721711,0.483281724614691,0.0020614887141049026,-0.04501497741506411,0.3234196573410097,0.2232391419057843,0.514772848778625,0.3264697418033528
BT_soft,BT kp=1,45,46,1.7575616207456761,1.506874200677888,1.632217910711782,546506079.4615679,3160000000.0,10000000000.0,5621387729.0220785,19342,5369830231.914451,4862563610.076904,0.6515217759930962,0.3755680698264269,1.6739554124858367,0.012036305338841938,-0.11853939544616636,1.177214608569915,0.2077861648226657,1.6275767002131267,0.400301734417666
BT_soft,BT kp=1,45,46,1.7575616207456761,1.506874200677888,1.632217910711782,546506079.4615679,10000000000.0,31600000000.0,17776388834.631176,6543,16872849674.303562,15318561792.373657,2.5044806002429563,1.3602599306195733,5.7716471262138,0.07135284772256051,-0.32868373049686705,4.527157228370368,0.20204799021855419,5.1141015283651585,0.48972054746116306
BT_soft,BT kp=1,45,46,1.7575616207456761,1.506874200677888,1.632217910711782,546506079.4615679,31600000000.0,100000000000.0,56213877290.22079,2257,53222848000.017265,47959680557.25098,10.239598682706108,5.178180164524983,22.576727908635267,0.47522055745514613,-0.6191607088545299,17.600106456993014,0.18165706690296854,16.13165846640363,0.6347517649243234
BT_soft,BT kp=1,45,46,1.7575616207456761,1.506874200677888,1.632217910711782,546506079.4615679,100000000000.0,316000000000.0,177763888346.31177,712,169255237016.785,150990695953.36914,41.987313420624794,20.23951848506158,95.49799581192015,3.5789387048314105,-3.0776921355123483,72.53888014277643,0.18398876404494383,51.300668412259455,0.8184554845018545
BT_soft,BT kp=1,45,46,1.7575616207456761,1.506874200677888,1.632217910711782,546506079.4615679,316000000000.0,1000000000000.0,562138772902.2078,192,540787858664.98944,490975990295.41016,144.87180253854072,80.71600215707016,259.1820622146975,18.704854173597244,-10.312718653549297,328.68274420093405,0.21354166666666666,163.91090230193126,0.8838448236449845
BT_soft,BT kp=1,46,47,1.506874200677888,1.2789765460708074,1.3929253733743476,619595835.9472761,100000000.0,316000000.0,177763888.34631178,132690,242328782.93936127,237436834.72275734,0.011396187719216832,0.008235811822967311,0.05079857624189185,0.0001394544712013416,-0.015341276634595549,0.034438357748529984,0.34928781370110784,0.05807215835216177,0.19624184880658224
BT_soft,BT kp=1,46,47,1.506874200677888,1.2789765460708074,1.3929253733743476,619595835.9472761,316000000.0,1000000000.0,562138772.9022079,148228,538455966.8790559,487826969.47455406,0.04038553916721415,0.020889423153685475,3.4451002510271813,0.008948221787017702,-0.02201176999623136,0.07443776954836484,0.2935882559300537,0.1290366740383932,0.3129772172769887
BT_soft,BT kp=1,46,47,1.506874200677888,1.2789765460708074,1.3929253733743476,619595835.9472761,1000000000.0,3160000000.0,1777638883.4631178,53370,1699134172.2501292,1540941819.5486069,0.12898519640132436,0.07896706517075165,0.4125267671930674,0.0017856795787614533,-0.04528379805679621,0.2549428616031531,0.23664980326025858,0.4071839404119399,0.3167737810848645
BT_soft,BT kp=1,46,47,1.506874200677888,1.2789765460708074,1.3929253733743476,619595835.9472761,3160000000.0,10000000000.0,5621387729.0220785,18805,5382486367.805687,4874069392.681122,0.5026955332436284,0.3014864752078067,1.3855024183691746,0.010103471466368738,-0.11817227413246968,0.9381707925336115,0.21164583887264027,1.2898698903538004,0.3897257676940914
BT_soft,BT kp=1,46,47,1.506874200677888,1.2789765460708074,1.3929253733743476,619595835.9472761,10000000000.0,31600000000.0,17776388834.631176,6438,16933705431.032196,15363650918.006897,2.0090303338200393,1.1232405334292626,4.682352789002922,0.05835642063960875,-0.2667452377786632,3.6722878541771182,0.19695557626592108,4.058027326971873,0.49507560495389547
BT_soft,BT kp=1,46,47,1.506874200677888,1.2789765460708074,1.3929253733743476,619595835.9472761,31600000000.0,100000000000.0,56213877290.22079,2192,52875169202.359055,47942869663.238525,7.30620588160299,3.9551968720406308,16.509112816445207,0.3526171739209971,-1.2689467021842704,13.349407003739376,0.20666058394160583,12.671112203724896,0.5766033607890555
BT_soft,BT kp=1,46,47,1.506874200677888,1.2789765460708074,1.3929253733743476,619595835.9472761,100000000000.0,316000000000.0,177763888346.31177,749,166873173732.78305,148101129531.86035,28.516413268703424,15.48992369089173,61.0415319906245,2.230409036397308,-5.735753572500486,51.89364457385398,0.22696929238985314,39.98982395815074,0.7130917430030647
BT_soft,BT kp=1,46,47,1.506874200677888,1.2789765460708074,1.3929253733743476,619595835.9472761,316000000000.0,1000000000000.0,562138772902.2078,212,532840950084.1825,477993507385.2539,103.35860629854147,47.80495487236128,217.58662543456492,14.943910788692001,-18.664394977753638,188.4539311300821,0.24056603773584906,127.69108008745289,0.8094426504009001
BT_soft,BT kp=1,47,48,1.2789765460708074,1.0717968600643704,1.1753867030675889,699053818.7873163,100000000.0,316000000.0,177763888.34631178,127687,242355154.72715172,237521771.34156227,0.013121193680468442,0.006214947177049956,1.7305373298614726,0.004842923739189627,-0.013871967374046243,0.027739221739377835,0.36390548763773917,0.04606740246489051,0.2848259936181237
BT_soft,BT kp=1,47,48,1.2789765460708074,1.0717968600643704,1.1753867030675889,699053818.7873163,316000000.0,1000000000.0,562138772.9022079,142725,538538529.1270791,488127395.5106735,0.02333311974462161,0.015957563258263512,0.10040547621241012,0.0002657708677915813,-0.020202673164734317,0.059565481076658294,0.307780697144859,0.10236659167442862,0.22793686263220847
BT_soft,BT kp=1,47,48,1.2789765460708074,1.0717968600643704,1.1753867030675889,699053818.7873163,1000000000.0,3160000000.0,1777638883.4631178,51605,1699964379.3700104,1540290564.2986298,0.09433385595867358,0.06094169667428728,0.3421342740506138,0.0015060891906946627,-0.04440769898380913,0.19728207692301614,0.2503633368859607,0.32313297948451863,0.2919350915810595
BT_soft,BT kp=1,47,48,1.2789765460708074,1.0717968600643704,1.1753867030675889,699053818.7873163,3160000000.0,10000000000.0,5621387729.0220785,18244,5371690497.98828,4882327616.214752,0.38623199254315554,0.23524009915327565,1.1326607159930169,0.008385709364732334,-0.10917959453142682,0.7316182100034597,0.22210041657531243,1.0210627802253653,0.3782646865826485
BT_soft,BT kp=1,47,48,1.2789765460708074,1.0717968600643704,1.1753867030675889,699053818.7873163,10000000000.0,31600000000.0,17776388834.631176,6293,16981537547.036493,15442308187.484741,1.584090157897082,0.8742296501571469,4.007287170475484,0.05051514455525836,-0.29749407992027543,2.8075560117381535,0.20959796599396155,3.2278881195355766,0.49075125879053033
BT_soft,BT kp=1,47,48,1.2789765460708074,1.0717968600643704,1.1753867030675889,699053818.7873163,31600000000.0,100000000000.0,56213877290.22079,2185,53173556079.03522,48191094398.498535,6.36922585932013,3.2924196390503657,15.951415586370965,0.34125066731755516,-0.5911886264323355,11.049147378713577,0.1977116704805492,10.107346844510538,0.6301580382372411
BT_soft,BT kp=1,47,48,1.2789765460708074,1.0717968600643704,1.1753867030675889,699053818.7873163,100000000000.0,316000000000.0,177763888346.31177,727,167394061068.8851,151410903930.66406,24.699922947812563,11.176830036560132,57.06689477098489,2.116493973150066,-3.679550497794902,41.5932192361315,0.2324621733149931,31.818632412314265,0.7762722994421766
BT_soft,BT kp=1,47,48,1.2789765460708074,1.0717968600643704,1.1753867030675889,699053818.7873163,316000000000.0,1000000000000.0,562138772902.2078,224,528147956047.73926,468430614471.43555,70.41171801982149,43.62932822189177,146.97171438699334,9.819960728266492,-17.430423015369897,134.05693331595305,0.20982142857142858,100.39152862109394,0.701371111556387
BT_soft,BT kp=1,48,49,1.0717968600643704,0.8834516909676096,0.97762427551599,784054791.209321,100000000.0,316000000.0,177763888.34631178,122788,242336698.6802603,237347139.04559612,0.006221375786346235,0.004654173125683565,0.0359555711228589,0.0001026096553223394,-0.01226342202779662,0.022661212209664834,0.37987425481317394,0.0366856501679136,0.16958608496429597
BT_soft,BT kp=1,48,49,1.0717968600643704,0.8834516909676096,0.97762427551599,784054791.209321,316000000.0,1000000000.0,562138772.9022079,137440,538951302.8622957,488670896.7387676,0.01762383519947735,0.012114495899824176,0.08437500485561934,0.00022759212855863966,-0.018533010464708025,0.04769644683490259,0.32514551804423747,0.08158805109594389,0.21601000345936086
BT_soft,BT kp=1,48,49,1.0717968600643704,0.8834516909676096,0.97762427551599,784054791.209321,1000000000.0,3160000000.0,1777638883.4631178,49758,1700802797.9479163,1542240083.2176208,0.07506663502816371,0.048539943761225376,0.2801817697420678,0.0012560543047222812,-0.038855631755584534,0.15873042205304982,0.2591342095743398,0.2574725858275808,0.2915519521695132
BT_soft,BT kp=1,48,49,1.0717968600643704,0.8834516909676096,0.97762427551599,784054791.209321,3160000000.0,10000000000.0,5621387729.0220785,17593,5383681361.531477,4891006350.517273,0.30631037052661875,0.18516021667317173,0.9771250113423933,0.0073668220384750975,-0.09984065547289926,0.5803997777412735,0.22821576763485477,0.8149976958514553,0.3758420080029871
BT_soft,BT kp=1,48,49,1.0717968600643704,0.8834516909676096,0.97762427551599,784054791.209321,10000000000.0,31600000000.0,17776388834.631176,6077,16977230017.369997,15321893692.016602,1.2631312266293007,0.6587662284112437,3.612253885071025,0.04633761199116463,-0.3356989709356846,2.2133066209657346,0.22725028797103833,2.5700635711770126,0.49147859251233394
BT_soft,BT kp=1,48,49,1.0717968600643704,0.8834516909676096,0.97762427551599,784054791.209321,31600000000.0,100000000000.0,56213877290.22079,2146,53793626822.607605,48950800895.69092,5.104395545546437,2.5209254341570224,13.00440430090011,0.2807214537328175,-1.0869996266527404,9.82197170445334,0.22087604846225536,8.143439213394819,0.6268107874066794
BT_soft,BT kp=1,48,49,1.0717968600643704,0.8834516909676096,0.97762427551599,784054791.209321,100000000000.0,316000000000.0,177763888346.31177,709,168289586068.54483,152855281829.83398,20.73387346080448,9.428187687442176,47.14096864590661,1.7704162391673335,-2.3392015652316505,34.877206122020006,0.2016925246826516,25.476178040864404,0.8138533742206876
BT_soft,BT kp=1,48,49,1.0717968600643704,0.8834516909676096,0.97762427551599,784054791.209321,316000000000.0,1000000000000.0,562138772902.2078,236,536181593345.3835,486266994476.31836,59.48298418678563,34.39964523836255,135.68078401632536,8.832066756054887,-17.850426318658855,126.0859869130782,0.24152542372881355,81.16876423201641,0.7328309695187278
BT_soft,BT kp=1,49,50,0.8834516909676096,0.7122288099705543,0.7978402504690819,873244859.7008324,100000000.0,316000000.0,177763888.34631178,117512,242478889.63413647,237566456.19869232,0.004518570937449409,0.0033537195314126047,0.029991756578155462,8.749047888073036e-05,-0.011008238120059832,0.018392301387334047,0.39622336442235684,0.029377465696254525,0.1538107808266628
BT_soft,BT kp=1,49,50,0.8834516909676096,0.7122288099705543,0.7978402504690819,873244859.7008324,316000000.0,1000000000.0,562138772.9022079,132176,539977960.2468117,489718411.1177921,0.012845340708527875,0.009019862903973929,0.07034782460658215,0.00019349705954928347,-0.017066857266980675,0.03826732866005458,0.34472218859702214,0.06542088685666334,0.19634922920980755
BT_soft,BT kp=1,49,50,0.8834516909676096,0.7122288099705543,0.7978402504690819,873244859.7008324,1000000000.0,3160000000.0,1777638883.4631178,47586,1703617346.464388,1547106355.4286957,0.054871981789035185,0.03681090542003618,0.2365688514052942,0.001084471045398977,-0.03660500966357382,0.1256484911576608,0.27157147060059683,0.20640130871110643,0.2658509392778987
BT_soft,BT kp=1,49,50,0.8834516909676096,0.7122288099705543,0.7978402504690819,873244859.7008324,3160000000.0,10000000000.0,5621387729.0220785,17134,5400851288.093101,4904241114.854813,0.22341939729893454,0.1387494405387697,0.8143915447127098,0.006221625625907234,-0.10123918576314336,0.4501159040254745,0.24314229018326136,0.6543387083548831,0.34144303927953196
BT_soft,BT kp=1,49,50,0.8834516909676096,0.7122288099705543,0.7978402504690819,873244859.7008324,10000000000.0,31600000000.0,17776388834.631176,5847,17052753045.861895,15397331714.630127,0.9764151460306973,0.5246659351182011,3.003985618432308,0.039285411107275535,-0.25921932408375103,1.758287482950587,0.23037455105182145,2.066021781885382,0.472606414216821
BT_soft,BT kp=1,49,50,0.8834516909676096,0.7122288099705543,0.7978402504690819,873244859.7008324,31600000000.0,100000000000.0,56213877290.22079,2054,53586581044.675316,48624389171.60034,3.4153334418574888,1.9319758873511115,10.205682722793092,0.22518623671659202,-1.3186392877856647,6.351476663767235,0.24342745861733203,6.492268043600809,0.5260616812061323
BT_soft,BT kp=1,49,50,0.8834516909676096,0.7122288099705543,0.7978402504690819,873244859.7008324,100000000000.0,316000000000.0,177763888346.31177,714,167245296456.90063,148392920494.0796,14.811410354234507,7.153342106918773,37.45318276108045,1.4016501374280073,-2.3110801776599605,23.657466292807932,0.21288515406162464,20.262559627091036,0.7309743007212008
BT_soft,BT kp=1,49,50,0.8834516909676096,0.7122288099705543,0.7978402504690819,873244859.7008324,316000000000.0,1000000000000.0,562138772902.2078,244,532622398782.949,483109607696.5332,59.79937280287591,29.473072797572204,126.45134975164426,8.095218142751955,-10.606036516825494,104.17861209187865,0.23770491803278687,64.5297257543201,0.9266949782267205
BT_soft,BT kp=1,50,51,0.7122288099705543,0.5565716454277756,0.6344002276991649,964738966.0656586,100000000.0,316000000.0,177763888.34631178,112940,242579550.6403293,237654261.29102707,0.0032272411100088437,0.002373323773349933,0.026003271295864456,7.737561169377652e-05,-0.00985837347053862,0.01512914938878899,0.4126792987426952,0.023655268562009772,0.1364280055222782
BT_soft,BT kp=1,50,51,0.7122288099705543,0.5565716454277756,0.6344002276991649,964738966.0656586,316000000.0,1000000000.0,562138772.9022079,126934,539744976.0296929,489543620.4969883,0.009350126720987652,0.0065669925185747775,0.060636981062586665,0.0001701957017708134,-0.015465110896023607,0.0304323667193706,0.3632911591850883,0.0526335065312601,0.17764590157857757
BT_soft,BT kp=1,50,51,0.7122288099705543,0.5565716454277756,0.6344002276991649,964738966.0656586,1000000000.0,3160000000.0,1777638883.4631178,46002,1704162969.2468715,1544290333.9862823,0.040371209866593,0.027327204144566304,0.19648857143581291,0.0009161127728622353,-0.03563889430487797,0.0990783245368036,0.29120473022912047,0.1661823208285914,0.242933241426047
BT_soft,BT kp=1,50,51,0.7122288099705543,0.5565716454277756,0.6344002276991649,964738966.0656586,3160000000.0,10000000000.0,5621387729.0220785,16390,5405596627.157733,4919400364.160538,0.17420807375261488,0.10623185957140543,0.6817995168680441,0.005325583671297804,-0.09280312395513732,0.35740434967310053,0.25527760829774254,0.527129511188284,0.33048438771698735
BT_soft,BT kp=1,50,51,0.7122288099705543,0.5565716454277756,0.6344002276991649,964738966.0656586,10000000000.0,31600000000.0,17776388834.631176,5693,17000950317.108082,15361429452.896118,0.692163428711957,0.3982012686751121,2.4188510733938804,0.032058156016261434,-0.333708966496262,1.3454692955940482,0.24890216054804146,1.6578563382568847,0.41750507130172476
BT_soft,BT kp=1,50,51,0.7122288099705543,0.5565716454277756,0.6344002276991649,964738966.0656586,31600000000.0,100000000000.0,56213877290.22079,1996,53379045309.18908,48455646038.05542,2.490711187238573,1.440471221274343,7.990998195686475,0.17886310436178873,-1.3008142886151772,5.0244818283346415,0.24899799599198397,5.205284819101442,0.4784966190704105
BT_soft,BT kp=1,50,51,0.7122288099705543,0.5565716454277756,0.6344002276991649,964738966.0656586,100000000000.0,316000000000.0,177763888346.31177,700,166980827263.4234,149479088783.26416,9.408796471352135,5.063250528981728,29.48943956847869,1.1145960485837503,-4.082322381030913,19.283104589316544,0.2557142857142857,16.283220507236575,0.5778215966043502
BT_soft,BT kp=1,50,51,0.7122288099705543,0.5565716454277756,0.6344002276991649,964738966.0656586,316000000000.0,1000000000000.0,562138772902.2078,238,534955583941.0349,474207077026.3672,41.45743037170462,22.52276800589653,102.752443583372,6.660451653482543,-9.715566769390591,76.21804463646038,0.25210084033613445,52.16646651982092,0.7947141744007648
BT_soft,BT kp=1,51,52,0.5565716454277756,0.4150651322070684,0.485818388817422,1056219583.1531391,100000000.0,316000000.0,177763888.34631178,108752,242560965.09316373,237644771.11399174,0.001887098485145677,0.0015566077798093653,0.021657744880388685,6.567417219095729e-05,-0.009135438812180806,0.012245606335266905,0.4348425776077681,0.019158453282984694,0.09849952171356528
BT_soft,BT kp=1,51,52,0.5565716454277756,0.4150651322070684,0.485818388817422,1056219583.1531391,316000000.0,1000000000.0,562138772.9022079,122608,540013466.8747842,490029957.1454525,0.0064321043702322,0.0046017698044858255,0.05151346697665084,0.00014711649715262585,-0.014315529990238548,0.02457819845553377,0.385423463395537,0.042652463776805524,0.15080264539677046
BT_soft,BT kp=1,51,52,0.5565716454277756,0.4150651322070684,0.485818388817422,1056219583.1531391,1000000000.0,3160000000.0,1777638883.4631178,44445,1704354821.8343508,1546280980.1101685,0.029350088414354995,0.020124377282902697,0.17094489334358653,0.0008108577581652835,-0.03276836925861191,0.07758448629774087,0.3136685791427607,0.13461688783766873,0.21802679356060853
BT_soft,BT kp=1,51,52,0.5565716454277756,0.4150651322070684,0.485818388817422,1056219583.1531391,3160000000.0,10000000000.0,5621387729.0220785,15922,5409806177.2503,4901320934.295654,0.12587275816749358,0.08035572358589017,0.5762261967859977,0.004566612791148031,-0.09093529544308401,0.2775724313944862,0.27151111669388267,0.4272885329139587,0.29458491972411543
BT_soft,BT kp=1,51,52,0.5565716454277756,0.4150651322070684,0.485818388817422,1056219583.1531391,10000000000.0,31600000000.0,17776388834.631176,5524,16990897519.099894,15334033370.018005,0.4701411441330682,0.3024459218799075,1.8524487836190162,0.02492409365639945,-0.32761270105715723,1.0552744282549709,0.2657494569152788,1.3420103116370314,0.3503260295813774
BT_soft,BT kp=1,51,52,0.5565716454277756,0.4150651322070684,0.485818388817422,1056219583.1531391,31600000000.0,100000000000.0,56213877290.22079,1936,53704862386.48084,49054977893.829346,2.2812224487545887,1.1703884678310483,7.225328739876566,0.1642120168153765,-0.7741142046227181,4.319709709613525,0.24328512396694216,4.24182883962937,0.537792196479552
BT_soft,BT kp=1,51,52,0.5565716454277756,0.4150651322070684,0.485818388817422,1056219583.1531391,100000000000.0,316000000000.0,177763888346.31177,681,166253830157.7127,150450639724.73145,9.853848609008528,4.295987478256916,29.07469894144662,1.114144884252869,-2.96505409425724,18.094161989109438,0.2393538913362702,13.131404869577587,0.7504032285104243
BT_soft,BT kp=1,51,52,0.5565716454277756,0.4150651322070684,0.485818388817422,1056219583.1531391,316000000000.0,1000000000000.0,562138772902.2078,236,539940134226.2656,486582069396.97266,27.19853779792055,14.092809445856691,84.0659886394724,5.472229755749611,-19.44658470079488,52.1126959101187,0.2711864406779661,42.64667166544819,0.6377646070785044
BT_soft,BT kp=1,52,53,0.4150651322070684,0.2864228474609716,0.35074398983402,1145147894.303131,100000000.0,316000000.0,177763888.34631178,104850,242600410.1454316,237845759.8388195,0.0012834934007811248,0.00100508038860186,0.0183405047033185,5.664049827255377e-05,-0.008152090700791297,0.010228871886067836,0.4492513113972341,0.015622684385748526,0.08215575307608246
BT_soft,BT kp=1,52,53,0.4150651322070684,0.2864228474609716,0.35074398983402,1145147894.303131,316000000.0,1000000000.0,562138772.9022079,118192,540146100.6379727,490264166.1465168,0.004652932669952711,0.0032827117430675075,0.04353481530551055,0.00012663176656034622,-0.012961492748531351,0.020223902528849695,0.404232096927034,0.03478366770856309,0.13376774148538814
BT_soft,BT kp=1,52,53,0.4150651322070684,0.2864228474609716,0.35074398983402,1145147894.303131,1000000000.0,3160000000.0,1777638883.4631178,43030,1703165027.7793534,1546230912.2085571,0.019516168847043935,0.01435977375373729,0.13904972802289142,0.0006703235396157275,-0.029845089200963064,0.06079408041796453,0.3368115268417383,0.10967833760005091,0.17794004973170632
BT_soft,BT kp=1,52,53,0.4150651322070684,0.2864228474609716,0.35074398983402,1145147894.303131,3160000000.0,10000000000.0,5621387729.0220785,15508,5391645991.686143,4896000772.714615,0.08793613132504914,0.05967319977827197,0.4950252244802635,0.003975112582794947,-0.08705299490663969,0.21307575155015882,0.2894635027082796,0.34720462177827405,0.253268896233776
BT_soft,BT kp=1,52,53,0.4150651322070684,0.2864228474609716,0.35074398983402,1145147894.303131,10000000000.0,31600000000.0,17776388834.631176,5386,16939489443.727999,15317496061.325073,0.3602734441875767,0.22018495423587142,1.792896812799809,0.02442992426627828,-0.28453966335603964,0.7744677903964134,0.279056813962124,1.0908485153691105,0.33026899620949746
BT_soft,BT kp=1,52,53,0.4150651322070684,0.2864228474609716,0.35074398983402,1145147894.303131,31600000000.0,100000000000.0,56213877290.22079,1907,53525552508.33968,48361940383.91113,1.6064545199516063,0.8912767653571864,5.6637877169968,0.12969750475226471,-0.8668682710080859,3.2163393571883585,0.26533822758259046,3.4468730407723425,0.46606141303993237
BT_soft,BT kp=1,52,53,0.4150651322070684,0.2864228474609716,0.35074398983402,1145147894.303131,100000000000.0,316000000000.0,177763888346.31177,679,168131692574.5474,151871175765.9912,7.05262389060792,3.3918439025691978,22.418744316214998,0.8603524440632625,-2.2920318298111444,13.107577076290514,0.24005891016200295,10.827139025689382,0.6513838857960788
BT_soft,BT kp=1,52,53,0.4150651322070684,0.2864228474609716,0.35074398983402,1145147894.303131,316000000000.0,1000000000000.0,562138772902.2078,237,549738827797.934,511627540588.3789,20.127824885493272,11.740354949702741,66.24508784695769,4.3030808626801695,-15.680466279704216,49.19027973932661,0.2869198312236287,35.401408415303166,0.5685600033018038
BT_soft,BT kp=1,53,54,0.2864228474609716,0.16947531587361064,0.2279490816672911,1229059140.4331608,100000000.0,316000000.0,177763888.34631178,101331,242630091.5492386,237866006.79159164,0.0008435662756415617,0.0005815295400764906,0.016202503556040866,5.089920055308973e-05,-0.007494205069655289,0.008519553250590948,0.46631336905784015,0.012821237223641058,0.06579445188691395
BT_soft,BT kp=1,53,54,0.2864228474609716,0.16947531587361064,0.2279490816672911,1229059140.4331608,316000000.0,1000000000.0,562138772.9022079,113773,540216510.7280308,490559004.24718857,0.0029842710480019095,0.0021768712377928465,0.036762287888856784,0.0001089890649882846,-0.011631487980430377,0.016295065127307027,0.42633137914971037,0.028546517012569845,0.10454063613742615
BT_soft,BT kp=1,53,54,0.2864228474609716,0.16947531587361064,0.2279490816672911,1229059140.4331608,1000000000.0,3160000000.0,1777638883.4631178,41788,1702455198.9957995,1545972898.6024857,0.016531481686728695,0.010450073104933379,0.12828095965068362,0.0006275327662077964,-0.026198283444266883,0.04910852745835044,0.35859576912032165,0.08996238607327309,0.18375992910263672
BT_soft,BT kp=1,53,54,0.2864228474609716,0.16947531587361064,0.2279490816672911,1229059140.4331608,3160000000.0,10000000000.0,5621387729.0220785,15068,5396225190.733072,4889823049.3068695,0.062019129212479776,0.043108718729856624,0.3872509924478171,0.0031547484357047524,-0.07969590707650095,0.17191292048315543,0.30880010618529335,0.28515128869963763,0.2174955249029481
BT_soft,BT kp=1,53,54,0.2864228474609716,0.16947531587361064,0.2279490816672911,1229059140.4331608,10000000000.0,31600000000.0,17776388834.631176,5244,16939539090.765059,15356013774.871826,0.2822103391983411,0.16628992689289945,1.3873939102750628,0.019158806113407437,-0.23735283911505448,0.6507496371376511,0.2913806254767353,0.895131546771744,0.315272476113842
BT_soft,BT kp=1,53,54,0.2864228474609716,0.16947531587361064,0.2279490816672911,1229059140.4331608,31600000000.0,100000000000.0,56213877290.22079,1855,53801373661.68904,48328785896.30127,1.345348003417043,0.6083551892034216,5.602118429386353,0.13007095491952333,-0.9019723382969667,2.72599457898857,0.29056603773584905,2.8430116407646135,0.47321227395861754
BT_soft,BT kp=1,53,54,0.2864228474609716,0.16947531587361064,0.2279490816672911,1229059140.4331608,100000000000.0,316000000000.0,177763888346.31177,660,168960333636.31277,154720139503.479,3.928240464280404,2.3635940504249664,18.14973531043873,0.7064774887993831,-3.549227470811659,9.287470586998854,0.3106060606060606,8.928325852348317,0.4399750333089829
BT_soft,BT kp=1,53,54,0.2864228474609716,0.16947531587361064,0.2279490816672911,1229059140.4331608,316000000000.0,1000000000000.0,562138772902.2078,229,542742194213.20087,503411445617.6758,19.153852403350296,8.851037454954529,61.820451845523436,4.085210446806006,-12.073145079686913,35.69621431595593,0.3231441048034934,28.679981031432597,0.6678474571638704
BT_soft,BT kp=1,54,55,0.16947531587361064,0.06315937806691885,0.11631734697026475,1305873471.9289856,100000000.0,316000000.0,177763888.34631178,97610,242512958.87880296,237691076.47240162,0.000553360130932729,0.0003100834429379421,0.013993963429414056,4.479129080790455e-05,-0.006732918770006778,0.007276850159092165,0.48030939452924903,0.010576717769898991,0.05231870065660395
BT_soft,BT kp=1,54,55,0.16947531587361064,0.06315937806691885,0.11631734697026475,1305873471.9289856,316000000.0,1000000000.0,562138772.9022079,110285,540190906.9985336,490379855.03673553,0.0020602894265862367,0.0013763228950053085,0.0314668468384774,9.475344362457763e-05,-0.010733499687293004,0.01354879004938246,0.4463798340662828,0.023559346237017244,0.08745104409344942
BT_soft,BT kp=1,54,55,0.16947531587361064,0.06315937806691885,0.11631734697026475,1305873471.9289856,1000000000.0,3160000000.0,1777638883.4631178,40395,1704247897.9305253,1549241840.839386,0.010686988559880085,0.007240315384569236,0.1075538301472708,0.0005351334204468247,-0.024036281504484534,0.03932485939944359,0.38182943433593264,0.07432736423525742,0.14378269254986817
BT_soft,BT kp=1,54,55,0.16947531587361064,0.06315937806691885,0.11631734697026475,1305873471.9289856,3160000000.0,10000000000.0,5621387729.0220785,14661,5397636031.894712,4894462823.867798,0.04300530050513219,0.031168125094998965,0.33857211115980773,0.002796207425640333,-0.06931181041302083,0.13411869798588957,0.3288315940249642,0.2354071023582642,0.182684804639763
BT_soft,BT kp=1,54,55,0.16947531587361064,0.06315937806691885,0.11631734697026475,1305873471.9289856,10000000000.0,31600000000.0,17776388834.631176,5091,16931370651.293447,15301265716.552734,0.23065531805390985,0.1290058949213648,1.2038439925393445,0.016872081374574015,-0.19846362762581976,0.5255720187467212,0.30072677273620113,0.7384278747997831,0.31235998250533215
BT_soft,BT kp=1,54,55,0.16947531587361064,0.06315937806691885,0.11631734697026475,1305873471.9289856,31600000000.0,100000000000.0,56213877290.22079,1803,53779977829.14029,48446350097.65625,0.948122263567164,0.5018740925585963,4.174309365058057,0.09830752646086,-0.740581746242848,2.093192821176542,0.2961730449251248,2.34550619397832,0.4042292729822259
BT_soft,BT kp=1,54,55,0.16947531587361064,0.06315937806691885,0.11631734697026475,1305873471.9289856,100000000000.0,316000000000.0,177763888346.31177,648,168914055397.4811,153476061820.9839,3.4640326908568775,1.934890331000696,12.664724794822956,0.4975173769044844,-2.2687983631404776,7.714853946016926,0.2808641975308642,7.366848763744132,0.4702190586435109
BT_soft,BT kp=1,54,55,0.16947531587361064,0.06315937806691885,0.11631734697026475,1305873471.9289856,316000000000.0,1000000000000.0,562138772902.2078,222,554733462376.6376,518956031799.3164,10.389844394949847,6.013389621175376,40.778277151130695,2.7368587631177057,-12.24090323021014,27.621176502218077,0.33783783783783783,24.19359071037836,0.42944615040101924
BT_soft,BT kp=1,55,56,0.06315937806691885,-2.220446049250313e-16,0.03157968903345931,875738675.5472679,100000000.0,316000000.0,177763888.34631178,96651,242529539.42811134,237636212.25953102,0.0002105468293522231,6.529711165908639e-05,0.016210629090318545,5.2143081494863435e-05,-0.007800665207338186,0.00790518312482768,0.496259738647298,0.00905438321973643,0.0232535805302873
BT_soft,BT kp=1,55,56,0.06315937806691885,-2.220446049250313e-16,0.03157968903345931,875738675.5472679,316000000.0,1000000000.0,562138772.9022079,109655,539874519.3410264,490288995.20635605,0.0014621551432128824,0.0007543836991284939,0.153710939292356,0.0004641844170432131,-0.012586849906512312,0.014015273356409202,0.4732114358670375,0.020155197590409762,0.07254481811225728
BT_soft,BT kp=1,55,56,0.06315937806691885,-2.220446049250313e-16,0.03157968903345931,875738675.5472679,1000000000.0,3160000000.0,1777638883.4631178,40156,1702315738.532829,1547532826.6620636,0.0076311572563313715,0.005298382049241593,0.11670485035936212,0.0005823896970021431,-0.02726621913563035,0.03738796057191503,0.4184679748978982,0.06355274946717818,0.12007595769357679
BT_soft,BT kp=1,55,56,0.06315937806691885,-2.220446049250313e-16,0.03157968903345931,875738675.5472679,3160000000.0,10000000000.0,5621387729.0220785,14621,5388581616.189067,4875267446.041107,0.03831490462003142,0.024705194100341554,0.38532209746503226,0.0031866574180409897,-0.06918039682464643,0.11912561728947764,0.35729430271527257,0.2011725379054889,0.19045792740374837
BT_soft,BT kp=1,55,56,0.06315937806691885,-2.220446049250313e-16,0.03157968903345931,875738675.5472679,10000000000.0,31600000000.0,17776388834.631176,5060,16956868247.316761,15403741598.129272,0.16227463615517893,0.09507259457562978,1.20374023514378,0.016922227084716714,-0.24286889657878682,0.4356578913381615,0.33438735177865614,0.6330527146500258,0.25633668792478076
BT_soft,BT kp=1,55,56,0.06315937806691885,-2.220446049250313e-16,0.03157968903345931,875738675.5472679,31600000000.0,100000000000.0,56213877290.22079,1784,53445168428.89145,48070173263.549805,0.4786331906433932,0.3239294847805322,3.8858007949233473,0.09199900021947414,-0.9157794148375198,1.4529580258348795,0.33856502242152464,1.995274626503711,0.23988336456826237
BT_soft,BT kp=1,55,56,0.06315937806691885,-2.220446049250313e-16,0.03157968903345931,875738675.5472679,100000000000.0,316000000000.0,177763888346.31177,664,168803605300.83438,154368910789.48975,3.289478659677647,1.4649748587560736,14.563960207550396,0.5651912685728177,-2.725728897502335,6.720559409699212,0.3253012048192771,6.3019644323363995,0.5219767098015977
BT_soft,BT kp=1,55,56,0.06315937806691885,-2.220446049250313e-16,0.03157968903345931,875738675.5472679,316000000000.0,1000000000000.0,562138772902.2078,213,549155349373.25775,511789703369.1406,8.917939254839107,4.807386564982745,63.37550393627296,4.342417977676453,-9.93055182004514,22.39265442186374,0.3615023474178404,20.501679886575463,0.43498578185676334
BT_deep,BT kp=10,23,24,21.44730975323285,19.40664523021168,20.426977491722266,24902402.092678517,100000000.0,316000000.0,177763888.34631178,61,228207139.45099565,220684241.5034771,6.3762606024051,5.590388346289359,3.912462249320727,0.500939459258266,3.5089433027655605,8.317750629153071,0.0,13.863882948957043,0.45991881393407
BT_deep,BT kp=10,24,25,19.40664523021168,17.551495663828796,18.479070447020238,28728585.555879116,100000000.0,316000000.0,177763888.34631178,289,231734422.26431775,223759487.2713089,5.066688581466132,4.198399453439046,3.521795632523132,0.20716444897194894,2.2036181934720553,7.951868758401201,0.010380622837370242,11.076981416951055,0.457406976752042
BT_deep,BT kp=10,24,25,19.40664523021168,17.551495663828796,18.479070447020238,28728585.555879116,316000000.0,1000000000.0,562138772.9022079,68,445402557.68772435,407216828.3164501,10.706328459102496,8.185591908171986,7.259944417841492,0.8803975785551114,4.583870678389182,16.746277217526476,0.0,21.290388395306962,0.5028714488582318
BT_deep,BT kp=10,25,26,17.551495663828796,15.864996058026179,16.708245860927487,33142246.615712106,100000000.0,316000000.0,177763888.34631178,1125,234049223.84354803,225946754.21714783,3.8830705039026547,3.222382478884385,2.912087144187287,0.08682166414408007,1.5787095395279287,6.030992977562326,0.010666666666666666,8.801394831683343,0.4411880819076928
BT_deep,BT kp=10,25,26,17.551495663828796,15.864996058026179,16.708245860927487,33142246.615712106,316000000.0,1000000000.0,562138772.9022079,341,444102219.9969137,407900698.48299026,8.301074239924056,6.972969468872523,5.621037251566319,0.3043962332450452,4.004305225037634,13.003487970591669,0.0,16.70041421044296,0.49705798522849204
BT_deep,BT kp=10,26,27,15.864996058026179,14.331814598205613,15.098405328115895,38233370.82707757,100000000.0,316000000.0,177763888.34631178,3090,235243312.41773748,227978359.90786552,3.2623375258929075,2.580693135451403,2.8201643292249745,0.05073354100070495,1.1395124266645975,5.189136018815194,0.0255663430420712,6.958377537518237,0.46883594750399926
BT_deep,BT kp=10,26,27,15.864996058026179,14.331814598205613,15.098405328115895,38233370.82707757,316000000.0,1000000000.0,562138772.9022079,1231,462376828.5255816,410379916.42951965,7.053719922184536,5.761970358229211,5.191934551644447,0.14797903222866884,2.8035633619775737,10.908883744361916,0.004061738424045491,13.676871424799469,0.5157407497005814
BT_deep,BT kp=10,26,27,15.864996058026179,14.331814598205613,15.098405328115895,38233370.82707757,1000000000.0,3160000000.0,1777638883.4631178,53,1386753298.2016509,1254983395.3380585,23.984135197012336,19.46717098631989,16.38248857696476,2.2503078698148355,11.262669806476634,36.830906930125465,0.0,41.0194572636791,0.5847014270042333
BT_deep,BT kp=10,27,28,14.331814598205613,12.938013271096011,13.634913934650811,44105611.17019093,100000000.0,316000000.0,177763888.34631178,7286,236769072.48445308,230201948.43411446,2.6146122813353125,2.040013717871699,2.3541110342871265,0.02757924415024893,0.8416278316485557,4.25311112134745,0.034175130387043645,5.507945947486324,0.4746982461816914
BT_deep,BT kp=10,27,28,14.331814598205613,12.938013271096011,13.634913934650811,44105611.17019093,316000000.0,1000000000.0,562138772.9022079,3389,477663365.8695622,422271303.832531,5.837698297663591,4.448963739406654,5.273019896797879,0.09057818741516327,2.0476024019611487,9.339897937707766,0.015048686928297432,11.111856682534786,0.52535759454485
BT_deep,BT kp=10,27,28,14.331814598205613,12.938013271096011,13.634913934650811,44105611.17019093,1000000000.0,3160000000.0,1777638883.4631178,237,1429656614.797025,1277116090.0592804,20.093995661603326,14.86446333334565,25.007196677898143,1.624391980618145,7.662569986022801,29.08902571655549,0.008438818565400843,33.25802341978322,0.6041849032330227
BT_deep,BT kp=10,28,29,12.938013271096011,11.670921155541825,12.304467213318919,50878301.841837466,100000000.0,316000000.0,177763888.34631178,14170,238048124.7363603,231532305.47904968,2.076213145622683,1.6100452387302493,2.0515867327197213,0.017234748756657932,0.5628088742576371,3.4427864655658764,0.051517290049400144,4.35437253043017,0.47681109760665635
BT_deep,BT kp=10,28,29,12.938013271096011,11.670921155541825,12.304467213318919,50878301.841837466,316000000.0,1000000000.0,562138772.9022079,7743,482644017.7035166,427611917.25730896,4.534193895920595,3.4454652495623863,4.220063494333608,0.04795836356628512,1.3853340341446836,7.428398909721925,0.026475526281802917,8.828516733715896,0.5135850146383725
BT_deep,BT kp=10,28,29,12.938013271096011,11.670921155541825,12.304467213318919,50878301.841837466,1000000000.0,3160000000.0,1777638883.4631178,760,1471964885.9218545,1309965848.9227295,16.41347470848207,12.731974280961705,14.366365732430264,0.5211228569636239,5.713275151458235,25.718249875372,0.011842105263157895,26.925158398598782,0.6095962172440273
BT_deep,BT kp=10,29,30,11.670921155541825,10.51901923231075,11.094970193926287,58688735.33458358,100000000.0,316000000.0,177763888.34631178,23885,238583596.6498115,232076011.5981102,1.6286176005433266,1.240680429814691,1.7112266935311933,0.01107248048168614,0.3497550039741911,2.7975130845051708,0.0746074942432489,3.430948974822784,0.474684296529781
BT_deep,BT kp=10,29,30,11.670921155541825,10.51901923231075,11.094970193926287,58688735.33458358,316000000.0,1000000000.0,562138772.9022079,15013,491312553.7578551,436774976.55153275,3.7066886074651433,2.6926329787441565,3.9270904016882073,0.03205067324255216,0.9453723039208801,6.2144281541945965,0.04056484380203823,7.06531516123998,0.524631742940482
BT_deep,BT kp=10,29,30,11.670921155541825,10.51901923231075,11.094970193926287,58688735.33458358,1000000000.0,3160000000.0,1777638883.4631178,1747,1525513880.214967,1352042853.8322449,13.645521939951836,9.940421091278553,12.911722322993656,0.3089140954108423,4.432945256647877,22.26760343579925,0.0206067544361763,21.93763677342737,0.6220142160654418
BT_deep,BT kp=10,29,30,11.670921155541825,10.51901923231075,11.094970193926287,58688735.33458358,3160000000.0,10000000000.0,5621387729.0220785,145,4796696584.800194,4220203459.262848,46.98205026477149,39.65658435521595,34.097359254255565,2.8316315610150147,18.74320437294602,71.73339032405944,0.013793103448275862,68.97884624613056,0.6811080906910211
BT_deep,BT kp=10,30,31,10.51901923231075,9.471835665737043,9.995427449023897,67694718.7794931,100000000.0,316000000.0,177763888.34631178,36777,239139559.34043664,233104024.08242226,1.28559091635005,0.9547577061196767,1.4728266759539677,0.0076800401712769865,0.20137671821968126,2.2696411809411936,0.09663648475949642,2.703022253397483,0.47561240560789503
BT_deep,BT kp=10,30,31,10.51901923231075,9.471835665737043,9.995427449023897,67694718.7794931,316000000.0,1000000000.0,562138772.9022079,25122,499178545.7050659,444621108.47234726,2.997346695435198,2.102408052666694,3.4388598788824103,0.021696384792672163,0.615311487006314,5.161396000238907,0.06360958522410635,5.642273161248698,0.531230340994666
BT_deep,BT kp=10,30,31,10.51901923231075,9.471835665737043,9.995427449023897,67694718.7794931,1000000000.0,3160000000.0,1777638883.4631178,3513,1543692467.6074963,1370181888.3419037,10.668985658530005,7.68415319344766,10.929153924454953,0.1843942896556801,2.9163871277046094,17.837385806315893,0.032450896669513236,17.44853550727262,0.611454505971755
BT_deep,BT kp=10,30,31,10.51901923231075,9.471835665737043,9.995427449023897,67694718.7794931,3160000000.0,10000000000.0,5621387729.0220785,401,4794710960.768702,4239773154.258728,42.2489134856035,31.2389201382019,37.19581334333054,1.857470278655756,14.648178558589512,67.9856466686036,0.012468827930174564,54.19517565940064,0.7795696382852308
BT_deep,BT kp=10,31,32,9.471835665737043,8.519850605215494,8.995843135476267,78077415.13720101,100000000.0,316000000.0,177763888.34631178,50905,239854059.58469567,233841892.3318386,1.0071470590726435,0.7219343949915521,1.260301179637657,0.005585912415261521,0.09118727576330199,1.8258657756510959,0.12230625675277478,2.1304776340678284,0.4727329885879378
BT_deep,BT kp=10,31,32,9.471835665737043,8.519850605215494,8.995843135476267,78077415.13720101,316000000.0,1000000000.0,562138772.9022079,37892,504462385.2890211,449393652.3795128,2.3962763990836526,1.6163748124138424,3.000260518017051,0.015412929879589171,0.37416758615114387,4.192823375696695,0.08252401562335057,4.4808323484191845,0.5347837662190256
BT_deep,BT kp=10,31,32,9.471835665737043,8.519850605215494,8.995843135476267,78077415.13720101,1000000000.0,3160000000.0,1777638883.4631178,6252,1563994180.4873698,1384669393.3010101,8.701702797381442,6.065705302734688,10.076650234909167,0.1274402748957261,1.9129118781885877,14.645128489808082,0.04526551503518874,13.892008445093634,0.6263819109939212
BT_deep,BT kp=10,31,32,9.471835665737043,8.519850605215494,8.995843135476267,78077415.13720101,3160000000.0,10000000000.0,5621387729.0220785,833,4843465762.407411,4213867783.5464478,30.909565198419735,22.051563017556067,30.410796573018,1.0536716506699562,8.817194009461176,51.924976703571964,0.01920768307322929,43.02155859295986,0.7184668851927145
BT_deep,BT kp=10,31,32,9.471835665737043,8.519850605215494,8.995843135476267,78077415.13720101,10000000000.0,31600000000.0,17776388834.631176,102,15200982117.185408,13563683032.989502,101.76023416599699,89.27794211436827,72.9281267482515,7.220960551367271,33.966690230681905,165.33060538257837,0.00980392156862745,135.02107269980493,0.7536618701900152
BT_deep,BT kp=10,32,33,8.519850605215494,7.654409641104996,8.087130123160245,90044456.23328698,100000000.0,316000000.0,177763888.34631178,65774,240221855.0632366,234249513.5962963,0.7832555970987746,0.5438112698462801,1.0489771460989836,0.0040901468357266504,0.03166393829301316,1.4616361167893372,0.14444917444582966,1.6764010027621428,0.46722448615112605
BT_deep,BT kp=10,32,33,8.519850605215494,7.654409641104996,8.087130123160245,90044456.23328698,316000000.0,1000000000.0,562138772.9022079,52145,510794954.56643015,455350913.1073952,1.8821026208873097,1.2211934861908302,2.562266844487305,0.011220650132761457,0.20871718916816187,3.337232781005226,0.10587784063668616,3.5646097804697785,0.5279968178281966
BT_deep,BT kp=10,32,33,8.519850605215494,7.654409641104996,8.087130123160245,90044456.23328698,1000000000.0,3160000000.0,1777638883.4631178,9767,1596367326.2985723,1428238153.4576416,7.003275703940287,4.661631659337909,8.731602899131598,0.0883513891943601,1.26229856564391,12.033817208761768,0.06911026927408621,11.140334362496578,0.6286414281708179
BT_deep,BT kp=10,32,33,8.519850605215494,7.654409641104996,8.087130123160245,90044456.23328698,3160000000.0,10000000000.0,5621387729.0220785,1530,4919480280.354133,4328102916.479111,25.79896060514663,17.97855937389463,26.198990397101742,0.6697902792575168,6.513791002876677,44.93074915051104,0.03398692810457516,34.330855004359556,0.7514802821505758
BT_deep,BT kp=10,32,33,8.519850605215494,7.654409641104996,8.087130123160245,90044456.23328698,10000000000.0,31600000000.0,17776388834.631176,229,15795082639.919096,13930630683.898926,101.90397791227215,76.66148205163994,94.45882023582065,6.242014538887392,33.07161375973563,168.45767679065952,0.004366812227074236,110.22682498768029,0.9244934517860026
BT_deep,BT kp=10,33,34,7.654409641104996,6.867645128277267,7.261027384691131,103833283.33709192,100000000.0,316000000.0,177763888.34631178,79855,240603034.83851814,234887823.46248627,0.6084165396883904,0.41458877347414613,0.8714027562126501,0.003083669833540742,-0.011252302766653446,1.1575886038769725,0.16678980652432535,1.3188761600287542,0.4613143812343425
BT_deep,BT kp=10,33,34,7.654409641104996,6.867645128277267,7.261027384691131,103833283.33709192,316000000.0,1000000000.0,562138772.9022079,67070,515679850.0346057,461494941.26439095,1.4667952193829195,0.9149698877074411,2.108592052277307,0.008141949644441985,0.08888903794659332,2.681369593472633,0.13074399880721635,2.826721869382524,0.5189032692853258
BT_deep,BT kp=10,33,34,7.654409641104996,6.867645128277267,7.261027384691131,103833283.33709192,1000000000.0,3160000000.0,1777638883.4631178,13894,1613831119.640012,1441455408.9307785,5.495134821868595,3.6165085402494803,7.092938885240526,0.06017451111994459,0.7822153595748014,9.747070395059014,0.0883834748812437,8.846286545945851,0.6211798355533656
BT_deep,BT kp=10,33,34,7.654409641104996,6.867645128277267,7.261027384691131,103833283.33709192,3160000000.0,10000000000.0,5621387729.0220785,2565,5025382043.906355,4460290968.418121,19.97306285055016,13.400543696814777,23.54275695173872,0.4648508553239167,3.6073860114883107,34.24682651218253,0.06276803118908382,27.54685358475625,0.7250578651059721
BT_deep,BT kp=10,33,34,7.654409641104996,6.867645128277267,7.261027384691131,103833283.33709192,10000000000.0,31600000000.0,17776388834.631176,412,16003733222.345703,14196383357.048035,72.54329402190808,55.77173132452628,65.07091518754038,3.205813894561455,21.91334305425479,123.04620590344646,0.019417475728155338,87.725170351978,0.8269381949427289
BT_deep,BT kp=10,33,34,7.654409641104996,6.867645128277267,7.261027384691131,103833283.33709192,31600000000.0,100000000000.0,56213877290.22079,66,51168642513.67974,45993356704.711914,247.33547164363605,192.18565824798907,191.81052337509803,23.610243307766968,103.05613065603053,420.6565261723777,0.0,280.48317344633216,0.8818192856441044
BT_deep,BT kp=10,34,35,6.867645128277267,6.152404662070242,6.510024895173754,119714620.32581401,100000000.0,316000000.0,177763888.34631178,92734,240920885.7738153,235488396.1379528,0.46941097274218097,0.31403388166032886,0.7141135553047618,0.0023450266379763532,-0.03225210138969105,0.9158018460266186,0.1865227424677033,1.0370929004323786,0.4526219131829723
BT_deep,BT kp=10,34,35,6.867645128277267,6.152404662070242,6.510024895173754,119714620.32581401,316000000.0,1000000000.0,562138772.9022079,81046,517241864.73478556,462809782.4752331,1.1586575156035603,0.7097799772160924,1.7849226804160023,0.0062697989587457426,0.027101864605601714,2.1436010409951196,0.1491375268366113,2.226572694185042,0.5203771332638416
BT_deep,BT kp=10,34,35,6.867645128277267,6.152404662070242,6.510024895173754,119714620.32581401,1000000000.0,3160000000.0,1777638883.4631178,18422,1624432555.79568,1453795805.5734634,4.34546106036271,2.759272446496591,5.970915390663451,0.04399188062445406,0.44566944750441856,7.808386678785677,0.10650309412658777,6.992699970514656,0.6214282149506963
BT_deep,BT kp=10,34,35,6.867645128277267,6.152404662070242,6.510024895173754,119714620.32581401,3160000000.0,10000000000.0,5621387729.0220785,3771,5055377316.455947,4494577944.278717,15.726281332740873,10.672857524476644,20.796138210608984,0.338652611411446,2.6042833860000214,27.3362724456618,0.07822858658180853,21.76189875387375,0.7226520769444118
BT_deep,BT kp=10,34,35,6.867645128277267,6.152404662070242,6.510024895173754,119714620.32581401,10000000000.0,31600000000.0,17776388834.631176,706,15875732322.927912,14064088463.783264,56.452355422682025,40.956370055220745,64.18871306061749,2.415774084111549,12.463064796854583,94.34610878978502,0.049575070821529746,68.34031523830151,0.826047629804364
BT_deep,BT kp=10,34,35,6.867645128277267,6.152404662070242,6.510024895173754,119714620.32581401,31600000000.0,100000000000.0,56213877290.22079,128,49059278890.49053,45211491584.77783,163.02589997147675,119.14840730612846,154.73912678594536,13.677135733153362,37.780215244646044,271.27751590110483,0.03125,211.1856333013267,0.771955447077529
BT_deep,BT kp=10,35,36,6.152404662070242,5.502186056427491,5.8272953592488665,137995904.84494817,100000000.0,316000000.0,177763888.34631178,104590,240840168.67908052,235266629.60648537,0.3657894607886399,0.23904176280387548,0.5961603743866263,0.001843393383972464,-0.043858053580905346,0.7225985312589224,0.20319342193326323,0.813990879829455,0.44937783684416593
BT_deep,BT kp=10,35,36,6.152404662070242,5.502186056427491,5.8272953592488665,137995904.84494817,316000000.0,1000000000.0,562138772.9022079,94102,520524351.03621536,467503666.8777466,0.8980024441013559,0.5348386577725812,1.440320786062507,0.004695261676230796,-0.012956587813152695,1.6944349855899243,0.16715904019043165,1.7592666405960207,0.5104413528793579
BT_deep,BT kp=10,35,36,6.152404662070242,5.502186056427491,5.8272953592488665,137995904.84494817,1000000000.0,3160000000.0,1777638883.4631178,22656,1640120014.2253644,1472666412.5919342,3.409835292326257,2.046066544460867,5.140912426309999,0.03415455158574261,0.20524496678735601,6.288827794101635,0.1304290254237288,5.543272705410477,0.6151303523274453
BT_deep,BT kp=10,35,36,6.152404662070242,5.502186056427491,5.8272953592488665,137995904.84494817,3160000000.0,10000000000.0,5621387729.0220785,5161,5114368378.677195,4580367803.573608,12.90070551490709,8.079895563598818,18.01941438084697,0.2508266876716639,1.5787428133729446,22.81485584401341,0.0893237744623135,17.285526908423048,0.7463298968700062
BT_deep,BT kp=10,35,36,6.152404662070242,5.502186056427491,5.8272953592488665,137995904.84494817,10000000000.0,31600000000.0,17776388834.631176,1069,16043870387.733038,14392755031.585693,42.785520251227105,29.426597928337383,55.267426798768334,1.6903646118538111,8.088763442992265,71.06152371365359,0.0626753975678204,54.22502502139673,0.7890364316907978
BT_deep,BT kp=10,35,36,6.152404662070242,5.502186056427491,5.8272953592488665,137995904.84494817,31600000000.0,100000000000.0,56213877290.22079,210,50192463102.79483,44575800895.69092,155.85573280687066,97.94892159498553,184.57668612020902,12.737001414910019,32.22154369857601,265.21108902349954,0.0761904761904762,169.64033626920553,0.9187421826347961
BT_deep,BT kp=10,36,37,5.502186056427491,4.9110782331159015,5.206632144771696,159024380.77429926,100000000.0,316000000.0,177763888.34631178,113737,241201808.59022745,235882420.09282112,0.2842895978571468,0.18597651591985626,0.48081771425782527,0.0014257046796953162,-0.045694273652146546,0.5705294855562865,0.21458276550287067,0.6399339145450084,0.44424836908241705
BT_deep,BT kp=10,36,37,5.502186056427491,4.9110782331159015,5.206632144771696,159024380.77429926,316000000.0,1000000000.0,562138772.9022079,105118,523446184.0043049,470152329.6535015,0.6980156394398463,0.4080340817740652,1.1869569768032442,0.0036609722155388352,-0.03865811518375745,1.334181733206511,0.1838219905249339,1.3887581007014604,0.502618590730293
BT_deep,BT kp=10,36,37,5.502186056427491,4.9110782331159015,5.206632144771696,159024380.77429926,1000000000.0,3160000000.0,1777638883.4631178,26763,1646811998.0985975,1477834731.3404083,2.59031507419604,1.5143058907392475,4.052948877389716,0.024774433278812083,0.04758086498834086,4.788708881483229,0.15155251653402085,4.36916644457375,0.5928625304291303
BT_deep,BT kp=10,36,37,5.502186056427491,4.9110782331159015,5.206632144771696,159024380.77429926,3160000000.0,10000000000.0,5621387729.0220785,6512,5158201250.675563,4631488919.258118,9.885574754593108,6.090770398310374,14.255547626853737,0.1766553153791411,0.8168954728672417,17.75545612119994,0.11732186732186732,13.685253595936391,0.7223523250989273
BT_deep,BT kp=10,36,37,5.502186056427491,4.9110782331159015,5.206632144771696,159024380.77429926,10000000000.0,31600000000.0,17776388834.631176,1525,16015604901.704632,14352295398.712158,33.31110963407455,22.262692314487815,42.103958234271154,1.0781718890282086,5.23342760510229,56.81372379666258,0.08065573770491803,42.49109406955464,0.7839550937320379
BT_deep,BT kp=10,36,37,5.502186056427491,4.9110782331159015,5.206632144771696,159024380.77429926,31600000000.0,100000000000.0,56213877290.22079,310,50779536770.23611,45690650939.94141,133.81630189382128,95.9340577558585,139.8659565051977,7.943852520541227,35.291844257955574,210.63772133573713,0.02903225806451613,134.72348293774766,0.993266348047537
BT_deep,BT kp=10,36,37,5.502186056427491,4.9110782331159015,5.206632144771696,159024380.77429926,100000000000.0,316000000000.0,177763888346.31177,58,161725002486.1303,160277833938.59863,442.4695204443913,312.2058510199983,406.01190565743894,53.311975030456516,105.51012281327161,754.9422008051015,0.034482758620689655,429.0735402261147,1.0312207091847638
BT_deep,BT kp=10,37,38,4.9110782331159015,4.373707484650818,4.64239285888336,183189372.56709933,100000000.0,316000000.0,177763888.34631178,121425,241248849.09168056,235944166.77951813,0.22179386739405174,0.14252359975694573,0.4048446972385981,0.0011618080975115373,-0.04565684980787495,0.44880095955338656,0.22747374922791846,0.5023620196798845,0.44150206167134887
BT_deep,BT kp=10,37,38,4.9110782331159015,4.373707484650818,4.64239285888336,183189372.56709933,316000000.0,1000000000.0,562138772.9022079,114431,524505053.95448196,471579022.70555496,0.5497670463006983,0.31762301133900334,0.9775199167120251,0.002889706721961132,-0.04561789060923924,1.055596009624191,0.19349651755206193,1.0921976176423005,0.5033585840330494
BT_deep,BT kp=10,37,38,4.9110782331159015,4.373707484650818,4.64239285888336,183189372.56709933,1000000000.0,3160000000.0,1777638883.4631178,30371,1653208082.5662937,1479259133.3389282,2.035528007491568,1.164773073248533,3.421991243839261,0.0196358338232821,-0.01729822583458305,3.839244173730162,0.16423561950544927,3.4425405735034142,0.5912865699125359
BT_deep,BT kp=10,37,38,4.9110782331159015,4.373707484650818,4.64239285888336,183189372.56709933,3160000000.0,10000000000.0,5621387729.0220785,7752,5215860937.709533,4718037694.692612,7.632650060719007,4.447059731925581,11.92892287871352,0.13548597744184218,0.3375301003165538,13.754668597585162,0.13841589267285861,10.861193514093893,0.7027450575127487
BT_deep,BT kp=10,37,38,4.9110782331159015,4.373707484650818,4.64239285888336,183189372.56709933,10000000000.0,31600000000.0,17776388834.631176,1989,16429109310.852097,14750812053.68042,27.542423196794164,17.956133998904033,35.64075993303934,0.7991523188103133,2.9174514270718896,49.31605519112578,0.10960281548516843,34.210984077295116,0.8050754440318281
BT_deep,BT kp=10,37,38,4.9110782331159015,4.373707484650818,4.64239285888336,183189372.56709933,31600000000.0,100000000000.0,56213877290.22079,433,51790463439.862114,46613426208.49609,98.6489462744571,66.85800970729952,110.07392559049569,5.289815281813625,20.85705315775285,161.35554174712843,0.050808314087759814,107.84533029593452,0.9147261731570394
BT_deep,BT kp=10,37,38,4.9110782331159015,4.373707484650818,4.64239285888336,183189372.56709933,100000000000.0,316000000000.0,177763888346.31177,98,161431430407.93283,138797683715.8203,353.6300448519216,245.5300436584559,332.65715894509947,33.603447557190144,96.07206263118466,638.5107798040798,0.05102040816326531,336.1550520339394,1.051984918008068
BT_deep,BT kp=10,38,39,4.373707484650818,3.885188622409834,4.129448053530326,210922995.7883258,100000000.0,316000000.0,177763888.34631178,126422,241555582.36904538,236234087.49699593,0.17464760762693077,0.1113911680883867,0.32809195544528164,0.0009227504245027918,-0.041675801849873434,0.35548613275581825,0.23446077423233297,0.39475236044762646,0.4424232129451751
BT_deep,BT kp=10,38,39,4.373707484650818,3.885188622409834,4.129448053530326,210922995.7883258,316000000.0,1000000000.0,562138772.9022079,121860,526320311.0961017,473504569.38147545,0.4241739712652524,0.24495961466024915,0.783691189888415,0.0022449898284023617,-0.048498479103957264,0.8203508022178061,0.20347940259313968,0.8601175063687532,0.4931581651628409
BT_deep,BT kp=10,38,39,4.373707484650818,3.885188622409834,4.129448053530326,210922995.7883258,1000000000.0,3160000000.0,1777638883.4631178,33435,1658509033.5787761,1488645374.7749329,1.5963895210556727,0.8981361538114406,2.7431521455066754,0.015002002451851617,-0.04629964943503505,3.0401639004097727,0.17230447136234484,2.710350758231251,0.5889973894365839
BT_deep,BT kp=10,38,39,4.373707484650818,3.885188622409834,4.129448053530326,210922995.7883258,3160000000.0,10000000000.0,5621387729.0220785,8824,5214935770.378206,4664522856.473923,5.837701630701449,3.3558659355438323,9.374228680434758,0.09979362394005681,0.014839627606234395,10.916050413597096,0.15911151405258386,8.522296130562795,0.6849916432457903
BT_deep,BT kp=10,38,39,4.373707484650818,3.885188622409834,4.129448053530326,210922995.7883258,10000000000.0,31600000000.0,17776388834.631176,2381,16594123626.546366,15058480501.174927,20.961166820260825,13.164193436990558,28.512022386976287,0.584316736136422,1.4295597414045391,38.266500905781655,0.123897522049559,27.118269869379517,0.7729536921501412
BT_deep,BT kp=10,38,39,4.373707484650818,3.885188622409834,4.129448053530326,210922995.7883258,31600000000.0,100000000000.0,56213877290.22079,583,50914194792.45796,45800042152.404785,80.06772473071904,51.569165506942554,99.91763040098684,4.138165432582901,13.039834797388549,140.2468459824391,0.08576329331046312,83.204446684684,0.9623010298253403
BT_deep,BT kp=10,38,39,4.373707484650818,3.885188622409834,4.129448053530326,210922995.7883258,100000000000.0,316000000000.0,177763888346.31177,146,163077468545.4695,142835350036.6211,231.81747695434254,178.89953993799202,228.33899948532581,18.89747005716287,37.75879930206697,412.20906210259506,0.0547945205479452,266.5027030747567,0.8698503778001658
BT_deep,BT kp=10,39,40,3.885188622409834,3.4410805658271224,3.6631345941184783,242698183.00789833,100000000.0,316000000.0,177763888.34631178,130050,241711963.7224788,236487565.56212902,0.13287141445713557,0.08681779592963518,0.26275773694580296,0.0007286187357004247,-0.038766314955620794,0.2773656170783235,0.245121107266436,0.30999882141847224,0.4286190955473678
BT_deep,BT kp=10,39,40,3.885188622409834,3.4410805658271224,3.6631345941184783,242698183.00789833,316000000.0,1000000000.0,562138772.9022079,127423,528359526.26630735,475067906.0816765,0.33250406369269253,0.19176624118307278,0.6548306926559718,0.0018344467693160735,-0.05041187757495612,0.6460938046899253,0.2139252725175204,0.6776281484181468,0.49068809267868974
BT_deep,BT kp=10,39,40,3.885188622409834,3.4410805658271224,3.6631345941184783,242698183.00789833,1000000000.0,3160000000.0,1777638883.4631178,35774,1661115117.5735185,1495870128.273964,1.2290916975979542,0.6835334151872169,2.2160178792043776,0.011716273704487372,-0.08587227118576128,2.36104708723886,0.18804159445407279,2.1304023216634387,0.576929383290508
BT_deep,BT kp=10,39,40,3.885188622409834,3.4410805658271224,3.6631345941184783,242698183.00789833,3160000000.0,10000000000.0,5621387729.0220785,9852,5228698197.42705,4676102548.837662,4.60954786600404,2.6208674103875964,7.540392579214177,0.07596818591276076,-0.0010581561398457493,8.608089637205763,0.1600690215184734,6.7058752648929625,0.6873894434237761
BT_deep,BT kp=10,39,40,3.885188622409834,3.4410805658271224,3.6631345941184783,242698183.00789833,10000000000.0,31600000000.0,17776388834.631176,2737,16937328712.932377,15267856121.063232,18.340304820417767,10.516445231045141,28.00599114302167,0.5353200975429535,0.3102341101986931,33.17955315525325,0.15235659481183778,21.722350264030368,0.8443057310786086
BT_deep,BT kp=10,39,40,3.885188622409834,3.4410805658271224,3.6631345941184783,242698183.00789833,31600000000.0,100000000000.0,56213877290.22079,714,52331637097.34,47066535949.70703,63.61756792849227,38.29257482196736,96.67760100603455,3.618068285431058,7.562772144166042,111.11503125766477,0.11204481792717087,67.11602344061346,0.9478745114388855
BT_deep,BT kp=10,39,40,3.885188622409834,3.4410805658271224,3.6631345941184783,242698183.00789833,100000000000.0,316000000000.0,177763888346.31177,181,164997328921.57623,151804466247.5586,231.38588699871568,144.2493696166919,267.6968995790138,19.89775384255965,24.525543480868087,459.39806324055417,0.10497237569060773,211.61127780009778,1.09344780393651
BT_deep,BT kp=10,40,41,3.4410805658271224,3.0373459689337468,3.2392132673804346,279022399.0609782,100000000.0,316000000.0,177763888.34631178,132299,241798763.26394743,236548334.36012268,0.10676856528583908,0.06742761524231286,0.9351615960430381,0.002571037332004395,-0.03576713360978136,0.22065844649168434,0.25508885176758705,0.2434021314099698,0.43865090526263906
BT_deep,BT kp=10,40,41,3.4410805658271224,3.0373459689337468,3.2392132673804346,279022399.0609782,316000000.0,1000000000.0,562138772.9022079,130948,529086786.8071456,476256348.1926918,0.2578514186235754,0.1494714152121408,0.5363461894439868,0.0014821623073460152,-0.045842578043547584,0.5052582502022478,0.22075174878577755,0.5325951624869745,0.4841414958024175
BT_deep,BT kp=10,40,41,3.4410805658271224,3.0373459689337468,3.2392132673804346,279022399.0609782,1000000000.0,3160000000.0,1777638883.4631178,37646,1662286003.7261004,1495640203.3567429,0.9557721955727111,0.5339369070520893,1.8030099621585316,0.009292631326072522,-0.0830231388863178,1.8321274637970826,0.1938585772724858,1.6733086259760082,0.5711870367101155
BT_deep,BT kp=10,40,41,3.4410805658271224,3.0373459689337468,3.2392132673804346,279022399.0609782,3160000000.0,10000000000.0,5621387729.0220785,10649,5260533225.296786,4719737768.173218,3.7261258231933145,2.058656063909055,6.695120614208704,0.0648789767669877,-0.1712869639478918,6.927686698485201,0.1797351864024791,5.295415833010235,0.703651222245026
BT_deep,BT kp=10,40,41,3.4410805658271224,3.0373459689337468,3.2392132673804346,279022399.0609782,10000000000.0,31600000000.0,17776388834.631176,2979,16758588293.567923,15104731321.334839,13.078886720748796,7.951125452527481,19.890487806566306,0.3644266951077234,0.1959568199345494,25.090064478436275,0.15340718361866398,16.869714530441513,0.7752879692864901
BT_deep,BT kp=10,40,41,3.4410805658271224,3.0373459689337468,3.2392132673804346,279022399.0609782,31600000000.0,100000000000.0,56213877290.22079,906,51058703816.22651,45681278705.596924,48.428912268523966,27.71810470639355,75.57116526471614,2.510683798105524,1.2556370311490286,89.42403652205942,0.1467991169977925,51.39727419669933,0.942246705208231
BT_deep,BT kp=10,40,41,3.4410805658271224,3.0373459689337468,3.2392132673804346,279022399.0609782,100000000000.0,316000000000.0,177763888346.31177,249,165263583363.29938,145188570022.583,157.75906374198908,92.63898028220089,204.3741629074704,12.951686321510424,13.608196841955062,287.6433918921512,0.11646586345381527,166.35944655831906,0.948302407862874
BT_deep,BT kp=10,40,41,3.4410805658271224,3.0373459689337468,3.2392132673804346,279022399.0609782,316000000000.0,1000000000000.0,562138772902.2078,66,512527996410.0231,473599662780.7617,591.7475695427086,450.77912695539305,603.7239708656755,74.31328371381923,108.36099779301232,1155.918199317436,0.06060606060606061,515.9265707132815,1.1469608334469041
BT_deep,BT kp=10,41,42,3.0373459689337468,2.670314517212497,2.853830243073122,320424784.4428499,100000000.0,316000000.0,177763888.34631178,132994,241705363.47424766,236472571.2686777,0.08074717992001676,0.05296147371580323,0.17610175496652597,0.00048288938626020336,-0.03134959951008923,0.17312199788110552,0.2612147916447359,0.19102811894992613,0.42269787486722243
BT_deep,BT kp=10,41,42,3.0373459689337468,2.670314517212497,2.853830243073122,320424784.4428499,316000000.0,1000000000.0,562138772.9022079,133236,529361823.7439854,477347318.08304787,0.19902190264846575,0.11736988834580661,0.43010002628354027,0.001178307592685306,-0.04322871973140373,0.39585453706452706,0.2288270437419316,0.4183729809723067,0.47570448308094637
BT_deep,BT kp=10,41,42,3.0373459689337468,2.670314517212497,2.853830243073122,320424784.4428499,1000000000.0,3160000000.0,1777638883.4631178,39065,1666251718.5001693,1500392258.1672668,0.7486978664250457,0.41486386015678733,1.504806719191873,0.007613543044075369,-0.09342675572394897,1.449083149174593,0.20279022142582875,1.3168964350105634,0.5685320777856309
BT_deep,BT kp=10,41,42,3.0373459689337468,2.670314517212497,2.853830243073122,320424784.4428499,3160000000.0,10000000000.0,5621387729.0220785,11190,5251969126.183822,4736455976.963043,2.791015861298549,1.5172580176504056,5.093743548140595,0.04815285400579018,-0.18506145523153625,5.288247586055024,0.18668453976764968,4.150813074799128,0.6724022043400776
BT_deep,BT kp=10,41,42,3.0373459689337468,2.670314517212497,2.853830243073122,320424784.4428499,10000000000.0,31600000000.0,17776388834.631176,3340,16778099494.422981,15062013864.517212,11.070988156074382,5.961997551834935,20.233557327863828,0.3501055624127114,-0.15181966623874515,20.890346162518167,0.16766467065868262,13.260313051827723,0.8348964396846138
BT_deep,BT kp=10,41,42,3.0373459689337468,2.670314517212497,2.853830243073122,320424784.4428499,31600000000.0,100000000000.0,56213877290.22079,1000,52499945337.77237,46987125873.565674,37.79503597390907,20.992542140661737,56.73725797779818,1.7941896340240135,2.238479671280958,72.27004636734304,0.121,41.49252486040563,0.9108878310265255
BT_deep,BT kp=10,41,42,3.0373459689337468,2.670314517212497,2.853830243073122,320424784.4428499,100000000000.0,316000000000.0,177763888346.31177,283,165015357728.5605,147097711563.11035,120.07348208702862,72.75338255669682,180.48998136741494,10.729015738023147,8.832405450376767,209.73361703712814,0.13074204946996468,130.4173516534093,0.9206864007339297
BT_deep,BT kp=10,41,42,3.0373459689337468,2.670314517212497,2.853830243073122,320424784.4428499,316000000000.0,1000000000000.0,562138772902.2078,80,525314523220.0623,457579708099.36523,543.5373262216083,198.0646201971349,780.7582993836818,87.29143157095223,45.9060543228943,903.238289089499,0.0875,415.1742592112463,1.3091787705100695
BT_deep,BT kp=10,42,43,2.670314517212497,2.3366495611022704,2.503482039157384,367433754.36246824,100000000.0,316000000.0,177763888.34631178,133376,241807567.74537146,236591352.14984417,0.06145214646222091,0.04130320059921946,0.1472676094609487,0.0004032444445076961,-0.028364151417895906,0.13598483612892912,0.270385976487524,0.15012745422419116,0.40933316813893367
BT_deep,BT kp=10,42,43,2.670314517212497,2.3366495611022704,2.503482039157384,367433754.36246824,316000000.0,1000000000.0,562138772.9022079,134204,530188331.6345872,478441286.8320942,0.15469172135783818,0.0926322297286234,0.35125220137985463,0.0009588183225136375,-0.03928960053198821,0.3127366841217199,0.2355145897290692,0.32917011336670765,0.4699446124548552
BT_deep,BT kp=10,42,43,2.670314517212497,2.3366495611022704,2.503482039157384,367433754.36246824,1000000000.0,3160000000.0,1777638883.4631178,39959,1673584363.655588,1508956998.5866547,0.580065635161228,0.3365065774553128,1.2030849894527755,0.006018510224558967,-0.08353975314392098,1.1192533365884825,0.20653670011762057,1.0390533360378487,0.5582635799747805
BT_deep,BT kp=10,42,43,2.670314517212497,2.3366495611022704,2.503482039157384,367433754.36246824,3160000000.0,10000000000.0,5621387729.0220785,11689,5281247377.793367,4774523377.418518,2.1778027311729202,1.210761826334297,4.167771101371538,0.03854918313472855,-0.1986968493185372,4.152756490787996,0.19514073060142015,3.2788892066074706,0.6641891793063058
BT_deep,BT kp=10,42,43,2.670314517212497,2.3366495611022704,2.503482039157384,367433754.36246824,10000000000.0,31600000000.0,17776388834.631176,3516,16675618898.475266,14920870065.689087,8.204828109578024,4.396141134576347,15.054813568856865,0.25389312940374953,-0.3629689978983953,15.381369156229821,0.1766211604095563,10.353142526445273,0.7924963931115833
BT_deep,BT kp=10,42,43,2.670314517212497,2.3366495611022704,2.503482039157384,367433754.36246824,31600000000.0,100000000000.0,56213877290.22079,1134,52695631875.77316,47396545410.15625,28.489145351597276,16.007217533671312,44.92303204405117,1.3340205927294169,0.02368393767280941,54.49660769553328,0.15961199294532627,32.716350178814416,0.8707922856885644
BT_deep,BT kp=10,42,43,2.670314517212497,2.3366495611022704,2.503482039157384,367433754.36246824,100000000000.0,316000000000.0,177763888346.31177,327,161619585457.19812,146924600601.1963,85.19968026780438,48.17754157652637,117.86584075380155,6.5179958873228445,4.328797771984981,164.73612146099327,0.1345565749235474,100.34233892550576,0.8490900369689081
BT_deep,BT kp=10,42,43,2.670314517212497,2.3366495611022704,2.503482039157384,367433754.36246824,316000000000.0,1000000000000.0,562138772902.2078,96,508887790838.8774,430074405670.166,436.13039007388244,227.6641284311463,605.0193730229183,61.74953118353117,0.17456294927371818,790.2638093021425,0.16666666666666666,315.94556463535525,1.38039725475253
BT_deep,BT kp=10,43,44,2.3366495611022704,2.0333177828202462,2.184983671961258,420541460.5202637,100000000.0,316000000.0,177763888.34631178,132482,241830432.8806122,236599883.06462765,0.04757563523720742,0.032320882505715215,0.17521790170651713,0.00048139329536936627,-0.02562582987172488,0.10772036429749395,0.2810344046738425,0.11804832476220281,0.4030183006242913
BT_deep,BT kp=10,43,44,2.3366495611022704,2.0333177828202462,2.184983671961258,420541460.5202637,316000000.0,1000000000.0,562138772.9022079,134161,530616696.5120431,478793457.1504593,0.11942006900780813,0.07254103786835453,0.28733217027374236,0.0007844605531132356,-0.03644426599784046,0.2426025803053343,0.24479543235366463,0.2590179050997459,0.46104947440533245
BT_deep,BT kp=10,43,44,2.3366495611022704,2.0333177828202462,2.184983671961258,420541460.5202637,1000000000.0,3160000000.0,1777638883.4631178,40391,1674806411.3600776,1507920771.8372345,0.44853833114926583,0.25770549996558084,0.9731598588987843,0.004842190641078487,-0.08190252682386608,0.8853791070869107,0.21618677428139932,0.8175484317958409,0.5486382380600974
BT_deep,BT kp=10,43,44,2.3366495611022704,2.0333177828202462,2.184983671961258,420541460.5202637,3160000000.0,10000000000.0,5621387729.0220785,11942,5279347013.586671,4756092578.172684,1.7089061682214939,0.9246050889087909,3.4072301390852844,0.031179054078363216,-0.1780748271710113,3.285761374261043,0.19678445821470442,2.5770870248572795,0.6631154290632207
BT_deep,BT kp=10,43,44,2.3366495611022704,2.0333177828202462,2.184983671961258,420541460.5202637,10000000000.0,31600000000.0,17776388834.631176,3675,16664317104.119022,14849420785.90393,5.769078413895577,3.4352021467545786,10.549750957579505,0.17402575872120113,-0.4595518876675034,11.120527656519243,0.1874829931972789,8.134603631208591,0.7092021535950905
BT_deep,BT kp=10,43,44,2.3366495611022704,2.0333177828202462,2.184983671961258,420541460.5202637,31600000000.0,100000000000.0,56213877290.22079,1190,52794059989.83303,47696001529.6936,23.519341301278175,12.753881328150378,43.08438553367755,1.24895394106548,0.6159967697915343,41.24073631690564,0.14789915966386555,25.771158182856947,0.9126225967183467
BT_deep,BT kp=10,43,44,2.3366495611022704,2.0333177828202462,2.184983671961258,420541460.5202637,100000000000.0,316000000000.0,177763888346.31177,390,163952853838.6027,147322421073.91357,79.87973145975613,44.7847114743746,125.31415785729283,6.3455290457508715,1.0259934366198418,141.50623427287601,0.14871794871794872,80.03277133107676,0.9980877849314059
BT_deep,BT kp=10,43,44,2.3366495611022704,2.0333177828202462,2.184983671961258,420541460.5202637,316000000000.0,1000000000000.0,562138772902.2078,103,524318727474.7682,460464439392.08984,327.5590420980669,206.7889100259329,431.46969223255434,42.51397203972725,46.57725375416809,555.7722268047071,0.0970873786407767,255.94358279300144,1.2798095522597481
BT_deep,BT kp=10,44,45,2.0333177828202462,1.7575616207456761,1.8954397017829612,480151358.9503279,100000000.0,316000000.0,177763888.34631178,130597,241796755.2363882,236690808.08758736,0.036347065350232875,0.025005731843359975,0.09784598327300913,0.0002707549477118894,-0.023190783926012207,0.08554150846476202,0.2928704334709067,0.09292225840909969,0.39115563883748095
BT_deep,BT kp=10,44,45,2.0333177828202462,1.7575616207456761,1.8954397017829612,480151358.9503279,316000000.0,1000000000.0,562138772.9022079,133349,531222352.9234195,479732975.3637314,0.09131262547813095,0.056790828878998376,0.23068854938587735,0.0006317294982660875,-0.03269404822697987,0.1913745734704704,0.2523753458968571,0.20414823475518398,0.44728589295730964
BT_deep,BT kp=10,44,45,2.0333177828202462,1.7575616207456761,1.8954397017829612,480151358.9503279,1000000000.0,3160000000.0,1777638883.4631178,40447,1680108627.560619,1514806747.4365234,0.3497001539690848,0.20382459108312453,0.8168546535355533,0.004061641894333832,-0.07536967689965779,0.6866480581978734,0.2224639651890128,0.6456641152728385,0.5416131169397759
BT_deep,BT kp=10,44,45,2.0333177828202462,1.7575616207456761,1.8954397017829612,480151358.9503279,3160000000.0,10000000000.0,5621387729.0220785,12181,5303429972.801525,4771642088.890076,1.3214634344170215,0.7426029999374063,2.9163589334306,0.026424057304220958,-0.19482712690273632,2.489860268203224,0.20359576389458994,2.03810299234762,0.6483791247933324
BT_deep,BT kp=10,44,45,2.0333177828202462,1.7575616207456761,1.8954397017829612,480151358.9503279,10000000000.0,31600000000.0,17776388834.631176,3753,16784491348.419067,15188678503.036499,4.886593393355978,2.766871682852112,9.517882653170503,0.15536423960802737,-0.5368121501051253,9.425693423256101,0.19744204636290968,6.450263738313314,0.7575804016090943
BT_deep,BT kp=10,44,45,2.0333177828202462,1.7575616207456761,1.8954397017829612,480151358.9503279,31600000000.0,100000000000.0,56213877290.22079,1221,53028132759.28482,48054008483.88672,17.078209097648656,10.265024153448081,29.029449868178105,0.8307703221299574,-0.5815122671835599,34.00791596832694,0.17854217854217855,20.378659963377235,0.8380437736504822
BT_deep,BT kp=10,44,45,2.0333177828202462,1.7575616207456761,1.8954397017829612,480151358.9503279,100000000000.0,316000000000.0,177763888346.31177,407,167509808505.19653,153316707611.08398,66.60110540245694,35.612936461616485,104.1106591080767,5.160573778147215,1.6701017536219764,133.94285549100482,0.14496314496314497,64.37385686487586,1.0345986499186492
BT_deep,BT kp=10,44,45,2.0333177828202462,1.7575616207456761,1.8954397017829612,480151358.9503279,316000000000.0,1000000000000.0,562138772902.2078,117,517300654354.2585,466169319152.83203,226.46429689032448,136.0892476440623,330.05901130836776,30.513966389776115,5.247947158724201,417.8865334566862,0.13675213675213677,198.7981395040196,1.1391670840347352
BT_deep,BT kp=10,45,46,1.7575616207456761,1.506874200677888,1.632217910711782,546506079.4615679,100000000.0,316000000.0,177763888.34631178,128416,241985220.37235725,236932374.53699112,0.027293803520838607,0.018924008574980604,0.0805326911701001,0.00022473082347975235,-0.020857003738532446,0.06768192994999211,0.3054993147271368,0.07334487115313744,0.3721296812131774
BT_deep,BT kp=10,45,46,1.7575616207456761,1.506874200677888,1.632217910711782,546506079.4615679,316000000.0,1000000000.0,562138772.9022079,132118,531555832.7317587,479822158.81347656,0.07047814631763813,0.0442602508580678,0.19350982796333097,0.0005323803672234741,-0.030991362957299033,0.15102850612434174,0.26461950680452323,0.16111270763734262,0.43744622848919673
BT_deep,BT kp=10,45,46,1.7575616207456761,1.506874200677888,1.632217910711782,546506079.4615679,1000000000.0,3160000000.0,1777638883.4631178,40283,1675169949.368217,1507861465.215683,0.26941075640252804,0.15853786617948962,0.6683319754895376,0.003329901113912769,-0.06952328399165046,0.536704266068657,0.22704366606260706,0.5077381333742601,0.5306096562259625
BT_deep,BT kp=10,45,46,1.7575616207456761,1.506874200677888,1.632217910711782,546506079.4615679,3160000000.0,10000000000.0,5621387729.0220785,12361,5292390025.112391,4762664437.294006,1.0475001735715181,0.5924046832308173,2.318384049214394,0.020852521465192952,-0.16105497559230075,2.0106344757928123,0.20524229431275787,1.6041048452740965,0.6530122869821079
BT_deep,BT kp=10,45,46,1.7575616207456761,1.506874200677888,1.632217910711782,546506079.4615679,10000000000.0,31600000000.0,17776388834.631176,3793,16839593151.39324,15293749570.846558,3.7015376012404295,2.064747365714148,7.714026361001035,0.12525345008961286,-0.5035838221634354,7.236528821945082,0.20775112048510413,5.10402159297032,0.7252198161423322
BT_deep,BT kp=10,45,46,1.7575616207456761,1.506874200677888,1.632217910711782,546506079.4615679,31600000000.0,100000000000.0,56213877290.22079,1251,53373778201.78854,49046058654.78516,14.587654650699628,7.4503123045479045,28.807166830052758,0.8144640000231603,-0.33270473616572305,27.01115902235201,0.16466826538768986,16.177404880936706,0.9017302069190082
BT_deep,BT kp=10,45,46,1.7575616207456761,1.506874200677888,1.632217910711782,546506079.4615679,100000000000.0,316000000000.0,177763888346.31177,423,167512316128.8863,155800657272.33887,57.369518026204176,27.813562766152927,117.52393576465627,5.714209297036898,-1.4912836390660593,98.96438529539677,0.17257683215130024,50.772395207159015,1.1299352294121225
BT_deep,BT kp=10,45,46,1.7575616207456761,1.506874200677888,1.632217910711782,546506079.4615679,316000000000.0,1000000000000.0,562138772902.2078,132,508538306698.65466,466950740814.209,194.53680341766602,108.9962406511268,268.02524976952293,23.328603608409498,15.963637334301863,366.9051500362446,0.11363636363636363,154.13617626669014,1.2621099610066473
BT_deep,BT kp=10,46,47,1.506874200677888,1.2789765460708074,1.3929253733743476,619595835.9472761,100000000.0,316000000.0,177763888.34631178,125788,241934469.54125467,237053800.3742695,0.020889348334175467,0.01453609505890437,0.10026945207731897,0.0002827151199735195,-0.01885365015491989,0.05401573999273828,0.31925143892899166,0.05797766429405824,0.36029992909383696
BT_deep,BT kp=10,46,47,1.506874200677888,1.2789765460708074,1.3929253733743476,619595835.9472761,316000000.0,1000000000.0,562138772.9022079,129860,532108536.014216,480063427.23965645,0.052629914130744,0.03350922947234916,0.15734119204387567,0.0004366211175151588,-0.02831551339836448,0.11800064507918331,0.277444940705375,0.12751556290235197,0.4127332612023725
BT_deep,BT kp=10,46,47,1.506874200677888,1.2789765460708074,1.3929253733743476,619595835.9472761,1000000000.0,3160000000.0,1777638883.4631178,40037,1678448638.2876637,1510960459.7091675,0.20785391042420254,0.12569127359729546,0.5455207206035734,0.0027263429608545883,-0.06575544717729306,0.42120154455471454,0.2393036441291805,0.4022268173277709,0.5167579620998376
BT_deep,BT kp=10,46,47,1.506874200677888,1.2789765460708074,1.3929253733743476,619595835.9472761,3160000000.0,10000000000.0,5621387729.0220785,12207,5313815128.098174,4794524312.019348,0.8036656886011245,0.4481056516523667,1.9127022787837,0.01731182698115485,-0.17597772041708043,1.559343599060426,0.22069304497419515,1.2734133759514983,0.6311113922457608
BT_deep,BT kp=10,46,47,1.506874200677888,1.2789765460708074,1.3929253733743476,619595835.9472761,10000000000.0,31600000000.0,17776388834.631176,3932,16830543480.957512,15189141631.126404,2.752274198992465,1.5447778806499188,6.297632363755856,0.10043163887306986,-0.583651295797499,5.272296062297792,0.2164292980671414,4.033305389164948,0.6823867605924812
BT_deep,BT kp=10,46,47,1.506874200677888,1.2789765460708074,1.3929253733743476,619595835.9472761,31600000000.0,100000000000.0,56213877290.22079,1251,53871024047.53748,49345383644.104004,11.859718042761573,6.136502957899504,23.261309497892718,0.6576661735324056,-0.9119456500092398,19.49363191262757,0.18545163868904876,12.90976086759179,0.9186628756643969
BT_deep,BT kp=10,46,47,1.506874200677888,1.2789765460708074,1.3929253733743476,619595835.9472761,100000000000.0,316000000000.0,177763888346.31177,427,168531117740.78293,154128198623.65723,40.171659313377766,19.003381376582663,74.33306024704899,3.5972289119140823,-3.440176341563739,80.1552980990345,0.19672131147540983,40.387137004515836,0.9946646950707604
BT_deep,BT kp=10,46,47,1.506874200677888,1.2789765460708074,1.3929253733743476,619595835.9472761,316000000000.0,1000000000000.0,562138772902.2078,152,544371567274.3947,496729412078.8574,145.37832946165256,69.38646032686825,260.6427045148186,21.14091496687965,-4.701787582801631,293.42362430208976,0.20394736842105263,130.45430044966517,1.1144004372454224
BT_deep,BT kp=10,47,48,1.2789765460708074,1.0717968600643704,1.1753867030675889,699053818.7873163,100000000.0,316000000.0,177763888.34631178,122972,242033327.35088205,237088371.0682392,0.015707562831597365,0.011138506518479013,0.05880830095356379,0.0001677009466174259,-0.016676886479790546,0.04266558359359691,0.33193735159223237,0.046006228807232895,0.34142252557609964
BT_deep,BT kp=10,47,48,1.2789765460708074,1.0717968600643704,1.1753867030675889,699053818.7873163,316000000.0,1000000000.0,562138772.9022079,127450,532616197.83023053,480527728.79600525,0.04049099288081072,0.026126423122880434,0.1320320747794066,0.0003698362935642029,-0.026007781495091902,0.09430465691001494,0.2884425264809729,0.1012408618763994,0.3999471372561449
BT_deep,BT kp=10,47,48,1.2789765460708074,1.0717968600643704,1.1753867030675889,699053818.7873163,1000000000.0,3160000000.0,1777638883.4631178,39300,1680057446.0557399,1516514793.0383682,0.15430301057371604,0.0952077853397951,0.44681891506226074,0.0022539032745276825,-0.06290659711619924,0.31704446713669276,0.24857506361323156,0.3193490256838962,0.4831798382452277
BT_deep,BT kp=10,47,48,1.2789765460708074,1.0717968600643704,1.1753867030675889,699053818.7873163,3160000000.0,10000000000.0,5621387729.0220785,12170,5309720566.210045,4771224558.353424,0.6048815479550976,0.35249383007427615,1.5249956781622045,0.013823668919068121,-0.15455094286017962,1.184257169936417,0.22530813475760067,1.0092833988824608,0.5993178413762268
BT_deep,BT kp=10,47,48,1.2789765460708074,1.0717968600643704,1.1753867030675889,699053818.7873163,10000000000.0,31600000000.0,17776388834.631176,3905,16989675211.998014,15282014608.383179,2.342595378411646,1.3026730507892121,5.306780927050204,0.08492208345333242,-0.39166346431421994,4.637798048370358,0.20717029449423816,3.2294349448437862,0.7253886263143045
BT_deep,BT kp=10,47,48,1.2789765460708074,1.0717968600643704,1.1753867030675889,699053818.7873163,31600000000.0,100000000000.0,56213877290.22079,1238,53923742969.50986,49514262676.23901,8.115555423517328,4.434445386008053,16.41518584944471,0.4665363440467271,-1.3228226104134018,16.306383763803375,0.20759289176090467,10.249944023622685,0.7917658286536681
BT_deep,BT kp=10,47,48,1.2789765460708074,1.0717968600643704,1.1753867030675889,699053818.7873163,100000000000.0,316000000000.0,177763888346.31177,451,172669085504.73907,157495107650.75684,25.38496364485855,14.131492151210656,53.617067969791385,2.5247291254137068,-3.354383233679337,48.744885434483855,0.1951219512195122,32.821320694196274,0.7734290731739909
BT_deep,BT kp=10,47,48,1.2789765460708074,1.0717968600643704,1.1753867030675889,699053818.7873163,316000000000.0,1000000000000.0,562138772902.2078,148,545900250254.45056,483480033874.5117,117.80234082870852,53.23848749975432,263.3532397868116,21.64750296226838,-21.52414571024702,214.24644673673737,0.20945945945945946,103.76592386684975,1.1352700042440715
BT_deep,BT kp=10,48,49,1.0717968600643704,0.8834516909676096,0.97762427551599,784054791.209321,100000000.0,316000000.0,177763888.34631178,119861,242027506.07891253,236923526.97253227,0.01128759337478024,0.00819696645561432,0.04631240224767441,0.00013376988703062647,-0.015212038868334762,0.03426916865167561,0.3493546691584419,0.03663884367236702,0.3080772274288048
BT_deep,BT kp=10,48,49,1.0717968600643704,0.8834516909676096,0.97762427551599,784054791.209321,316000000.0,1000000000.0,562138772.9022079,124602,532908742.2741359,481142681.09202385,0.030281457000798484,0.019730115363393114,0.11030274239086554,0.00031248113509705104,-0.024041723520097237,0.07404035670795063,0.3064076018041444,0.08067331030322503,0.37535904857480407
BT_deep,BT kp=10,48,49,1.0717968600643704,0.8834516909676096,0.97762427551599,784054791.209321,1000000000.0,3160000000.0,1777638883.4631178,38735,1677448880.321228,1512074768.5432434,0.11762365916975594,0.07338955216093884,0.3622322205554175,0.0018404977804209145,-0.05677742371879525,0.2510676280272988,0.2589131276623209,0.2539372003215111,0.4631997951494781
BT_deep,BT kp=10,48,49,1.0717968600643704,0.8834516909676096,0.97762427551599,784054791.209321,3160000000.0,10000000000.0,5621387729.0220785,11994,5309681699.676316,4781360924.243927,0.4483993176930495,0.27025434514144797,1.256080352564729,0.011469260059164535,-0.15842456668424978,0.9106381892360104,0.23953643488410872,0.8037954069610543,0.5578525503004964
BT_deep,BT kp=10,48,49,1.0717968600643704,0.8834516909676096,0.97762427551599,784054791.209321,10000000000.0,31600000000.0,17776388834.631176,3874,17044812297.168684,15372938513.755798,1.81881312684173,1.0241262902182517,4.362736488030286,0.0700937304177765,-0.4571396307950118,3.434866128533443,0.22560660815694372,2.580294377686083,0.7048859008377089
BT_deep,BT kp=10,48,49,1.0717968600643704,0.8834516909676096,0.97762427551599,784054791.209321,31600000000.0,100000000000.0,56213877290.22079,1235,53843317732.63723,49209775924.68262,7.065674563719019,3.9166759182105,15.756345235297905,0.44835499163204645,-0.9441010304887122,13.155438929059255,0.20809716599190284,8.150961571138403,0.866851659408841
BT_deep,BT kp=10,48,49,1.0717968600643704,0.8834516909676096,0.97762427551599,784054791.209321,100000000000.0,316000000000.0,177763888346.31177,454,172402625504.0442,154147772789.00146,25.55046640347619,12.308070693122023,56.8251044650944,2.6669342962811022,-2.7188833789932705,43.795444322378046,0.20704845814977973,26.098822182999264,0.9789892518643898
BT_deep,BT kp=10,48,49,1.0717968600643704,0.8834516909676096,0.97762427551599,784054791.209321,316000000000.0,1000000000000.0,562138772902.2078,151,551592614129.679,489443511962.8906,71.69082203726212,45.81715097088254,126.54747046750845,10.298287095314251,-12.914669777353609,139.8382939925725,0.2052980132450331,83.5017303915045,0.8585549269594056
BT_deep,BT kp=10,49,50,0.8834516909676096,0.7122288099705543,0.7978402504690819,873244859.7008324,100000000.0,316000000.0,177763888.34631178,116153,242018593.54146788,236827246.84476852,0.00853672094628599,0.00617465435735978,0.03916527022710431,0.00011491743180895621,-0.013511461084508113,0.027627817315592742,0.36524239580553236,0.02932169864497474,0.29114005466218257
BT_deep,BT kp=10,49,50,0.8834516909676096,0.7122288099705543,0.7978402504690819,873244859.7008324,316000000.0,1000000000.0,562138772.9022079,120945,532936353.10383624,480939075.3507614,0.022545792337237594,0.014934822578451109,0.08940998173611808,0.0002570940624193299,-0.021510536819261107,0.058310852242076924,0.3184753400305924,0.06456776280697228,0.3491803240053256
BT_deep,BT kp=10,49,50,0.8834516909676096,0.7122288099705543,0.7978402504690819,873244859.7008324,1000000000.0,3160000000.0,1777638883.4631178,37902,1677034806.16469,1511774808.1684113,0.08848835213617758,0.05670102250026869,0.302298397439698,0.001552761596020297,-0.05361521402889239,0.20037643966420965,0.27109387367421245,0.20318070807675026,0.43551552198918236
BT_deep,BT kp=10,49,50,0.8834516909676096,0.7122288099705543,0.7978402504690819,873244859.7008324,3160000000.0,10000000000.0,5621387729.0220785,11765,5304324750.412893,4790001213.550568,0.3413619780609205,0.20481116054981158,1.0268985298093225,0.009467418306716553,-0.14811385120357953,0.709046366567257,0.24683382915427116,0.642644061230108,0.5311835877040665
BT_deep,BT kp=10,49,50,0.8834516909676096,0.7122288099705543,0.7978402504690819,873244859.7008324,10000000000.0,31600000000.0,17776388834.631176,3742,16951245794.890081,15429729819.29779,1.3799495547119904,0.7596116613966933,3.7554396317467393,0.06139159171082284,-0.36862713474758557,2.6677978622818523,0.2255478353821486,2.0537236977600184,0.6719256130788632
BT_deep,BT kp=10,49,50,0.8834516909676096,0.7122288099705543,0.7978402504690819,873244859.7008324,31600000000.0,100000000000.0,56213877290.22079,1284,53367675984.75994,48554813861.846924,5.1301200138036185,2.8443578998828665,10.924921995126425,0.30488484190283416,-0.8748350357548104,9.689851797718566,0.20327102803738317,6.4657466590048,0.7934304086379469
BT_deep,BT kp=10,49,50,0.8834516909676096,0.7122288099705543,0.7978402504690819,873244859.7008324,100000000000.0,316000000000.0,177763888346.31177,444,170628172191.41367,154052333831.7871,18.65832160527755,10.743891073590135,34.62918260797863,1.6434282779368146,-1.8465589287336865,34.47950222204513,0.19369369369369369,20.67241104135352,0.9025711402483753
BT_deep,BT kp=10,49,50,0.8834516909676096,0.7122288099705543,0.7978402504690819,873244859.7008324,316000000000.0,1000000000000.0,562138772902.2078,154,545471153630.8388,511041927337.6465,60.337165715106124,33.1131104628232,111.53050550027274,8.987384252147876,-11.552574522815435,104.26277575179819,0.18831168831168832,66.08641324721074,0.9130040919213107
BT_deep,BT kp=10,50,51,0.7122288099705543,0.5565716454277756,0.6344002276991649,964738966.0656586,100000000.0,316000000.0,177763888.34631178,112319,242026055.5865613,236825495.95832825,0.006063979839856588,0.00437618013136162,0.032423990157331585,9.67475207930803e-05,-0.012382783385919579,0.02211602505761515,0.3850906792261327,0.023601294209637264,0.2569342081833989
BT_deep,BT kp=10,50,51,0.7122288099705543,0.5565716454277756,0.6344002276991649,964738966.0656586,316000000.0,1000000000.0,562138772.9022079,117489,532752548.83211946,480681098.9975929,0.01668593040731612,0.011113713544228805,0.07565302414007848,0.00022071288594292717,-0.019584183397523335,0.046329904296518884,0.3390359948590932,0.051951636427938194,0.32118199838538436
BT_deep,BT kp=10,50,51,0.7122288099705543,0.5565716454277756,0.6344002276991649,964738966.0656586,1000000000.0,3160000000.0,1777638883.4631178,37056,1676388334.6908073,1510556042.1943665,0.06776018894434518,0.044013645016225754,0.2570679326125757,0.0013354223364748033,-0.04750082691714301,0.15638596531309717,0.2821945164075993,0.16347386317871504,0.4145016678921174
BT_deep,BT kp=10,50,51,0.7122288099705543,0.5565716454277756,0.6344002276991649,964738966.0656586,3160000000.0,10000000000.0,5621387729.0220785,11624,5285857996.306622,4755277484.65538,0.2586566441680819,0.15989024571010707,0.8266541876240477,0.007667363789065928,-0.135947544448866,0.5546810208610854,0.2635065381968341,0.5154531375510435,0.5018043839969216
BT_deep,BT kp=10,50,51,0.7122288099705543,0.5565716454277756,0.6344002276991649,964738966.0656586,10000000000.0,31600000000.0,17776388834.631176,3661,16921848268.725122,15349172353.744507,0.935923261108222,0.5639037673930065,2.8172951588267066,0.04656209199340835,-0.42628197280534247,2.011870277382659,0.25239005736137665,1.650142661677945,0.567177179793976
BT_deep,BT kp=10,50,51,0.7122288099705543,0.5565716454277756,0.6344002276991649,964738966.0656586,31600000000.0,100000000000.0,56213877290.22079,1275,53024576177.78404,48074569702.14844,3.6952064488837513,2.0710415152208754,10.579508494313949,0.2962855008678596,-1.1536942933493262,7.199115751378886,0.2415686274509804,5.170718581023274,0.7146407972085919
BT_deep,BT kp=10,50,51,0.7122288099705543,0.5565716454277756,0.6344002276991649,964738966.0656586,100000000000.0,316000000000.0,177763888346.31177,435,168530271288.99234,152414674758.91113,13.71207146174371,6.988706150101616,35.44761657953263,1.6995831275010753,-3.7348335897986167,24.25363506801196,0.22758620689655173,16.434315331387598,0.8343561131235735
BT_deep,BT kp=10,50,51,0.7122288099705543,0.5565716454277756,0.6344002276991649,964738966.0656586,316000000000.0,1000000000000.0,562138772902.2078,158,550035456766.0562,502660789489.7461,47.11378035984691,21.487163223156244,110.1362483777891,8.761969464873754,-13.032870987601003,86.19708574336791,0.22151898734177214,53.63698800695869,0.8783822901042565
BT_deep,BT kp=10,51,52,0.5565716454277756,0.4150651322070684,0.485818388817422,1056219583.1531391,100000000.0,316000000.0,177763888.34631178,109042,242027473.50903597,236975252.62832642,0.2043367398512569,0.0031100412563563285,66.01883954484241,0.19992678487034563,-0.011235916194154153,0.018146629046064684,0.40357843766622037,0.019116315944079185,10.689127572959226
BT_deep,BT kp=10,51,52,0.5565716454277756,0.4150651322070684,0.485818388817422,1056219583.1531391,316000000.0,1000000000.0,562138772.9022079,114183,533475174.62470144,481068529.18863297,0.012301377173626782,0.008130413486062334,0.06554857610018346,0.00019398249341662439,-0.017935858836444826,0.037019018092831854,0.35749629979944475,0.042136042816097355,0.2919442916677323
BT_deep,BT kp=10,51,52,0.5565716454277756,0.4150651322070684,0.485818388817422,1056219583.1531391,1000000000.0,3160000000.0,1777638883.4631178,36122,1679016073.1951382,1516309827.5661469,0.04856629778220605,0.03218426077749227,0.213110737869342,0.0011212938460241828,-0.045490632498764706,0.12110807219406616,0.3051602901278999,0.13261553023312922,0.36621878068752395
BT_deep,BT kp=10,51,52,0.5565716454277756,0.4150651322070684,0.485818388817422,1056219583.1531391,3160000000.0,10000000000.0,5621387729.0220785,11346,5296179934.582255,4776684492.826462,0.20261688043958764,0.11842605963281794,0.709000653909104,0.006656182885213165,-0.12232760282664328,0.4282388480920496,0.27516305305834654,0.4183138693235466,0.4843656768235738
BT_deep,BT kp=10,51,52,0.5565716454277756,0.4150651322070684,0.485818388817422,1056219583.1531391,10000000000.0,31600000000.0,17776388834.631176,3598,16983914857.377207,15318645238.876343,0.736019013987102,0.4624477359223598,2.2420332443980753,0.037377604850419854,-0.37465365198286743,1.6239101194115921,0.24958310172317955,1.341458792564894,0.5486706099855815
BT_deep,BT kp=10,51,52,0.5565716454277756,0.4150651322070684,0.485818388817422,1056219583.1531391,31600000000.0,100000000000.0,56213877290.22079,1242,53438582339.72448,48437566757.20215,2.949939593920371,1.7018351167472945,9.10807056499471,0.25844348503544246,-1.1348219601222393,5.668216849095495,0.2391304347826087,4.220796956638579,0.6989058285025129
BT_deep,BT kp=10,51,52,0.5565716454277756,0.4150651322070684,0.485818388817422,1056219583.1531391,100000000000.0,316000000000.0,177763888346.31177,436,169847694361.97546,153306598663.33008,10.121506888581031,6.133085723461388,25.27784466703674,1.2105892027912546,-2.7980043676272692,20.30072588404962,0.22018348623853212,13.415262906819132,0.7544769684264744
BT_deep,BT kp=10,51,52,0.5565716454277756,0.4150651322070684,0.485818388817422,1056219583.1531391,316000000000.0,1000000000000.0,562138772902.2078,161,560552498716.7454,528860549926.7578,37.629399436887944,21.411713290447008,111.12614931565882,8.757967468095083,-14.429668201024514,66.30601039981384,0.2484472049689441,44.27472019333492,0.849907108900321
BT_deep,BT kp=10,52,53,0.4150651322070684,0.2864228474609716,0.35074398983402,1145147894.303131,100000000.0,316000000.0,177763888.34631178,105423,241923463.88753495,236741863.19112778,0.002957819841088511,0.0020248648274253686,0.02339485398482297,7.205309718881942e-05,-0.010242145219190483,0.014703437986636692,0.4259412082752341,0.015579091228890741,0.18985830416111588
BT_deep,BT kp=10,52,53,0.4150651322070684,0.2864228474609716,0.35074398983402,1145147894.303131,316000000.0,1000000000.0,562138772.9022079,111210,533398552.6316694,481479056.17952347,0.008590898544535912,0.005799739348818793,0.05439582157683983,0.00016311489474558826,-0.016478292971127503,0.029604278498120702,0.3818451578095495,0.03434914736782264,0.2501051467898629
BT_deep,BT kp=10,52,53,0.4150651322070684,0.2864228474609716,0.35074398983402,1145147894.303131,1000000000.0,3160000000.0,1777638883.4631178,35216,1679469322.479385,1513463333.249092,0.03580227422797382,0.023425048432975295,0.19689317986235635,0.001049205746044436,-0.041572279731614245,0.09473049221725485,0.32354611540208994,0.1081524105623464,0.3310353790712317
BT_deep,BT kp=10,52,53,0.4150651322070684,0.2864228474609716,0.35074398983402,1145147894.303131,3160000000.0,10000000000.0,5621387729.0220785,11118,5309057156.748856,4797353893.518448,0.14359684930241357,0.08978553314014842,0.6069281287578244,0.005756041692263493,-0.11901861114353207,0.34007002691295984,0.2922288181327577,0.3418861670351908,0.42001362777462986
BT_deep,BT kp=10,52,53,0.4150651322070684,0.2864228474609716,0.35074398983402,1145147894.303131,10000000000.0,31600000000.0,17776388834.631176,3557,16917992502.174454,15224289894.104004,0.5542892985514895,0.34987519768816094,1.9429455821089499,0.03257757133909558,-0.3844620802344423,1.2680347352513555,0.2771998875456846,1.089464181628914,0.5087723927947251
BT_deep,BT kp=10,52,53,0.4150651322070684,0.2864228474609716,0.35074398983402,1145147894.303131,31600000000.0,100000000000.0,56213877290.22079,1225,53796776409.53842,48372216224.67041,2.4801919543316653,1.2928862769473117,7.305489036913014,0.20872825819751467,-0.9343928506476825,4.606098519482651,0.2506122448979592,3.464338985713488,0.7159206892165215
BT_deep,BT kp=10,52,53,0.4150651322070684,0.2864228474609716,0.35074398983402,1145147894.303131,100000000000.0,316000000000.0,177763888346.31177,420,171611759163.08447,155839180946.3501,5.712777389890614,4.099603711213156,19.913167286168218,0.9716630703603955,-4.135745714930772,12.648387815685746,0.24761904761904763,11.051244095922,0.5169352283150344
BT_deep,BT kp=10,52,53,0.4150651322070684,0.2864228474609716,0.35074398983402,1145147894.303131,316000000000.0,1000000000000.0,562138772902.2078,157,551581383237.4136,493772850036.6211,36.718881662136205,17.761401705299104,101.0488484212201,8.064576061553256,-11.743604851895164,58.47691189718754,0.25477707006369427,35.52006304608874,1.0337504641951776
BT_deep,BT kp=10,53,54,0.2864228474609716,0.16947531587361064,0.2279490816672911,1229059140.4331608,100000000.0,316000000.0,177763888.34631178,102174,242059003.44192672,237156627.69973278,0.0020563874697738203,0.0013889071978166396,0.019947553121939958,6.240500644448643e-05,-0.009245534655678204,0.012175388140051625,0.44118856069058665,0.012791059367082984,0.16076756512176066
BT_deep,BT kp=10,53,54,0.2864228474609716,0.16947531587361064,0.2279490816672911,1229059140.4331608,316000000.0,1000000000.0,562138772.9022079,107657,533177582.669651,481562539.935112,0.0063785029128616,0.004126932012310785,0.0459541566634993,0.00014005662724591125,-0.01478570954038251,0.024258321994399906,0.4005498945725777,0.028174560814307775,0.22639227475100268
BT_deep,BT kp=10,53,54,0.2864228474609716,0.16947531587361064,0.2279490816672911,1229059140.4331608,1000000000.0,3160000000.0,1777638883.4631178,34382,1676450656.3560743,1508747190.2370453,0.027279572946410452,0.017551971545267078,0.15876021708982474,0.000856201759743953,-0.03717968529257831,0.07556504808789431,0.34486068291547906,0.0885882349614002,0.3079367475635647
BT_deep,BT kp=10,53,54,0.2864228474609716,0.16947531587361064,0.2279490816672911,1229059140.4331608,3160000000.0,10000000000.0,5621387729.0220785,10918,5326550234.792258,4824392497.53952,0.10238397066018141,0.06728053691699099,0.5090467622282685,0.004871762795571501,-0.12461583117235804,0.26665161765197654,0.30829822311778715,0.28146947358363156,0.3637480447049637
BT_deep,BT kp=10,53,54,0.2864228474609716,0.16947531587361064,0.2279490816672911,1229059140.4331608,10000000000.0,31600000000.0,17776388834.631176,3462,16994112282.044483,15376183390.61737,0.4530393031902674,0.2565291506349889,1.9277472477939155,0.03276321863747967,-0.3464485131253716,0.9697799362955378,0.2975158867706528,0.898015343365056,0.5044894906724333
BT_deep,BT kp=10,53,54,0.2864228474609716,0.16947531587361064,0.2279490816672911,1229059140.4331608,31600000000.0,100000000000.0,56213877290.22079,1203,53544878537.518135,48025674819.94629,1.525987822406284,0.9759017419560464,4.902426850149689,0.14134430298950218,-1.0612694879519198,3.3186067517910502,0.2726517040731505,2.8294577373196446,0.5393216524420886
BT_deep,BT kp=10,53,54,0.2864228474609716,0.16947531587361064,0.2279490816672911,1229059140.4331608,100000000000.0,316000000000.0,177763888346.31177,422,168769941962.7257,151554651260.37598,6.290137025076566,3.923928797364363,16.824459805758885,0.8190018890134345,-3.6750136209388415,14.046065885298196,0.2962085308056872,8.918265035914217,0.7053094968299246
BT_deep,BT kp=10,53,54,0.2864228474609716,0.16947531587361064,0.2279490816672911,1229059140.4331608,316000000000.0,1000000000000.0,562138772902.2078,156,573591016133.6263,525589561462.40234,15.992759969318874,15.647358701601636,51.512205210235,4.124277159371861,-11.939719659754884,43.408160383771104,0.28205128205128205,30.310117101473057,0.527637683344405
BT_deep,BT kp=10,54,55,0.16947531587361064,0.06315937806691885,0.11631734697026475,1305873471.9289856,100000000.0,316000000.0,177763888.34631178,99106,241898430.04513967,236840173.6021042,0.0013748749126602957,0.0008267465452089053,0.01744535718481344,5.541532591870689e-05,-0.008470094095359431,0.01032054462332016,0.46186910984198737,0.010549916323637434,0.1303209305631973
BT_deep,BT kp=10,54,55,0.16947531587361064,0.06315937806691885,0.11631734697026475,1305873471.9289856,316000000.0,1000000000.0,562138772.9022079,104644,533987281.00037926,482368133.9621544,0.004279962548819928,0.002750577568605985,0.0394061778746115,0.00012181678890415316,-0.01366461501239255,0.019654292603536183,0.42161996865563245,0.023288787493947034,0.1837778179706577
BT_deep,BT kp=10,54,55,0.16947531587361064,0.06315937806691885,0.11631734697026475,1305873471.9289856,1000000000.0,3160000000.0,1777638883.4631178,33325,1679408007.846769,1512973159.5516205,0.020178352693855865,0.012569993571943355,0.13427881056050084,0.0007355672870477111,-0.03267094212274309,0.060616914058758006,0.36507126781695426,0.07324402209937386,0.27549487474184414
BT_deep,BT kp=10,54,55,0.16947531587361064,0.06315937806691885,0.11631734697026475,1305873471.9289856,3160000000.0,10000000000.0,5621387729.0220785,10570,5318636028.718136,4790698885.917664,0.09248456908284339,0.0503946535987613,0.47721370180883094,0.004641682291291724,-0.10020070679044785,0.2161910362258937,0.3268684957426679,0.23196167518899963,0.3987062475190699
BT_deep,BT kp=10,54,55,0.16947531587361064,0.06315937806691885,0.11631734697026475,1305873471.9289856,10000000000.0,31600000000.0,17776388834.631176,3388,16971701998.989305,15354666113.853455,0.3485637264724467,0.19623421617670847,1.5779085735933567,0.027108790112497932,-0.28340776403049484,0.7905410475088197,0.30608028335301063,0.7401868458825284,0.47091315984797394
BT_deep,BT kp=10,54,55,0.16947531587361064,0.06315937806691885,0.11631734697026475,1305873471.9289856,31600000000.0,100000000000.0,56213877290.22079,1184,53692042747.05939,48346841335.29663,1.2236271757724875,0.7538791968984382,4.4048668332945455,0.1280138420878639,-0.9432150360222255,2.8008249214794034,0.2778716216216216,2.3416710812093253,0.5225444280332323
BT_deep,BT kp=10,54,55,0.16947531587361064,0.06315937806691885,0.11631734697026475,1305873471.9289856,100000000000.0,316000000000.0,177763888346.31177,415,168461120122.88657,150427370071.41113,4.261048232386641,2.2784946506491632,15.960621149639175,0.7834760781399858,-2.595101967948409,8.97525651959761,0.29156626506024097,7.347094897437085,0.579963685221085
BT_deep,BT kp=10,54,55,0.16947531587361064,0.06315937806691885,0.11631734697026475,1305873471.9289856,316000000000.0,1000000000000.0,562138772902.2078,158,567187984925.2821,510710830688.47656,19.113986187099727,9.988332922984164,48.70397042238835,3.874679843781036,-8.060839030983253,47.20307348308719,0.25316455696202533,24.736769807136188,0.7726953169764965
BT_deep,BT kp=10,55,56,0.06315937806691885,-2.220446049250313e-16,0.03157968903345931,875738675.5472679,100000000.0,316000000.0,177763888.34631178,98039,241996394.76833373,236963815.98711014,0.0007989690801840754,0.00046624690054685103,0.019202699542502928,6.132857169188358e-05,-0.009867006981688034,0.010729960847724032,0.47924805434571954,0.00903447926876796,0.08843554303634275
BT_deep,BT kp=10,55,56,0.06315937806691885,-2.220446049250313e-16,0.03157968903345931,875738675.5472679,316000000.0,1000000000.0,562138772.9022079,104036,533741684.2147857,482427850.36563873,0.0029386130419010257,0.001804965306062993,0.04490180191091927,0.00013921048502725102,-0.015954343190451026,0.019887951797765275,0.4534968664692991,0.019926239750521962,0.14747454003829547
BT_deep,BT kp=10,55,56,0.06315937806691885,-2.220446049250313e-16,0.03157968903345931,875738675.5472679,1000000000.0,3160000000.0,1777638883.4631178,33145,1680199151.4026496,1514673233.0322266,0.013367111313056481,0.009243688836169037,0.13988464192435604,0.0007683534113543974,-0.03722099734626199,0.05585860176502759,0.4042238648363252,0.06272706837339666,0.21309957024431325
BT_deep,BT kp=10,55,56,0.06315937806691885,-2.220446049250313e-16,0.03157968903345931,875738675.5472679,3160000000.0,10000000000.0,5621387729.0220785,10534,5330713615.146788,4805089533.32901,0.057891602058797766,0.037339057927248405,0.4786620513963207,0.004663718628873394,-0.10290461345666141,0.1856934626388284,0.3639643060565787,0.1990121451597953,0.2908948195715098
BT_deep,BT kp=10,55,56,0.06315937806691885,-2.220446049250313e-16,0.03157968903345931,875738675.5472679,10000000000.0,31600000000.0,17776388834.631176,3395,16984986604.752352,15348255634.307861,0.27568077770780564,0.15088014293249533,1.7252520306389996,0.029609608007695142,-0.32105758934248396,0.6364016618469338,0.33107511045655375,0.6341024605256487,0.4347574640843941
BT_deep,BT kp=10,55,56,0.06315937806691885,-2.220446049250313e-16,0.03157968903345931,875738675.5472679,31600000000.0,100000000000.0,56213877290.22079,1189,54050746272.85148,48795843124.38965,0.9105562810521737,0.5771505777847603,4.269329806752997,0.12381372168599587,-0.9510006445369166,2.3570908657706706,0.3162321278385198,2.0178827338770446,0.45124340763979026
BT_deep,BT kp=10,55,56,0.06315937806691885,-2.220446049250313e-16,0.03157968903345931,875738675.5472679,100000000000.0,316000000000.0,177763888346.31177,410,168435477745.24222,151222891807.55615,2.807467647530208,2.0221423934314053,13.429532967560453,0.6632373590620426,-3.2349835198668897,7.0813065896395475,0.3073170731707317,6.288221083918159,0.44646452630461414
BT_deep,BT kp=10,55,56,0.06315937806691885,-2.220446049250313e-16,0.03157968903345931,875738675.5472679,316000000000.0,1000000000000.0,562138772902.2078,158,562186009853.7009,508438796997.0703,22.191955447612823,10.136379559859439,71.03007169410166,5.650849093176691,-4.985795173863719,37.97838261280989,0.26582278481012656,20.9881550346107,1.057356180713216
