model,model_label,snap_progenitor,snap_descendant,z_progenitor,z_descendant,dt_yr,mass_bin_left_msun,mass_bin_right_msun,mass_bin_center_msun,n_halos,mean_mass_descendant_msun,median_mass_descendant_msun,mean_mass_main_progenitor_msun,mean_dM200c_dt_msun_yr,median_dM200c_dt_msun_yr,std_dM200c_dt_msun_yr,sem_dM200c_dt_msun_yr,p16_dM200c_dt_msun_yr,p84_dM200c_dt_msun_yr,negative_fraction,multiple_progenitor_fraction,same_track_main_progenitor_fraction,correa2015_mean_dMdt_msun_yr,median_over_correa
PL,PL,24,25,19.40664523021168,17.551495663828796,28728585.555879116,316000000.0,1000000000.0,562138772.9022079,54,546302484.969298,491732489.31765556,274341069.8517605,9.466578665648315,8.424973044960812,4.453801950138684,0.6060856774029123,5.642326801915313,13.443444480514225,0.0,0.0,1.0,23.09606656853645,0.3647795619206463
PL,PL,25,26,17.551495663828796,15.864996058026179,33142246.615712106,316000000.0,1000000000.0,562138772.9022079,279,521068419.3131317,485596507.78770447,280648568.932194,7.254180839598219,6.432968255470435,3.278378920639802,0.19627141206657464,4.210376068070179,10.542455508431887,0.0,0.0,1.0,17.329234472094186,0.3712205675230286
PL,PL,26,27,15.864996058026179,14.331814598205613,38233370.82707757,100000000.0,316000000.0,177763888.34631178,127,284612232.4818702,287579987.1981144,210148448.66718832,1.9476123136374155,2.0744232701186522,0.761218410136991,0.0675472111322444,1.3009963145549726,2.6758849791156147,0.023622047244094488,0.0,1.0,7.444717204144719,0.27864366277925945
PL,PL,26,27,15.864996058026179,14.331814598205613,38233370.82707757,316000000.0,1000000000.0,562138772.9022079,1058,532679372.5920985,482909064.73994255,295084895.0273824,6.214322002611588,5.385194314794986,3.1360308052590846,0.09641341949602643,3.478077896617712,9.233166068709076,0.000945179584120983,0.0,1.0,13.933509655745459,0.38649230867503725
PL,PL,26,27,15.864996058026179,14.331814598205613,38233370.82707757,1000000000.0,3160000000.0,1777638883.4631178,137,1524939084.575124,1369518339.6339417,770357601.5349288,19.73620077740535,17.54963506156642,8.45857316059459,0.7226646753111453,12.499890077593866,27.01427480075364,0.0,0.0,1.0,39.888448009458955,0.4399678587997403
PL,PL,27,28,14.331814598205613,12.938013271096011,44105611.17019093,100000000.0,316000000.0,177763888.34631178,496,278834148.7757861,285107800.73702335,209316536.97193873,1.5761625325992852,1.6729092045680887,0.683897258415573,0.03070789341325308,0.9397819795021415,2.276014323994391,0.020161290322580645,0.0,1.0,5.735554566399925,0.2916734877510084
PL,PL,27,28,14.331814598205613,12.938013271096011,44105611.17019093,316000000.0,1000000000.0,562138772.9022079,2770,532982121.52095485,487629771.232605,311890680.75982237,5.012773542758624,4.366546898452903,2.5726928863060516,0.04888189807378539,2.6995534117571998,7.50574028411342,0.0018050541516245488,0.0,1.0,10.96332014683453,0.39828690943716244
PL,PL,27,28,14.331814598205613,12.938013271096011,44105611.17019093,1000000000.0,3160000000.0,1777638883.4631178,516,1500191400.044186,1324340030.5509567,800084951.9473639,15.873409970339418,13.957948187107906,7.729255999952708,0.3402615225190564,9.137927954914867,22.5251031043261,0.0,0.0,1.0,30.858593442642686,0.4523196500531285
PL,PL,28,29,12.938013271096011,11.670921155541825,50878301.841837466,100000000.0,316000000.0,177763888.34631178,1410,276159705.6602332,280945673.58493805,213755428.36831817,1.2265400973072524,1.3073371776187073,0.6368527354575331,0.01696014114628605,0.6299105916658306,1.8293463329182496,0.036170212765957444,0.0,1.0,4.466259215298882,0.292714129341286
PL,PL,28,29,12.938013271096011,11.670921155541825,50878301.841837466,316000000.0,1000000000.0,562138772.9022079,6388,527905220.16701514,479797814.0413761,322783830.4689248,4.031608412083792,3.5139235875471373,2.1918983852848886,0.027424452303168378,2.1409064053454627,6.073483735435777,0.0026612398246712585,0.00015654351909830932,1.0,8.537674056171447,0.4115785592689735
PL,PL,28,29,12.938013271096011,11.670921155541825,50878301.841837466,1000000000.0,3160000000.0,1777638883.4631178,1266,1550406805.9119945,1388838365.6740189,877017152.6119136,13.235301276237749,11.921258744049554,6.473434420904434,0.18193568903898516,7.390956120304456,19.101624526176693,0.0007898894154818325,0.0,1.0,25.074326711826576,0.47543684347172377
PL,PL,28,29,12.938013271096011,11.670921155541825,50878301.841837466,3160000000.0,10000000000.0,5621387729.0220785,137,4769762656.549468,4223508536.8156433,2554347267.9318304,43.54342241029536,39.405444456002634,21.04790606994137,1.7982439729757502,23.225058889842394,63.81225055773923,0.0,0.0,1.0,77.14013298454262,0.5108293560227426
PL,PL,29,30,11.670921155541825,10.51901923231075,58688735.33458358,100000000.0,316000000.0,177763888.34631178,3170,272475496.986264,276988036.93056107,216677153.81795675,0.9507504779273515,1.0033273842268629,0.5711247813334606,0.010143816252061226,0.381951282710628,1.5347485259014235,0.05993690851735016,0.0,1.0,3.4640113801894787,0.28964321248043406
PL,PL,29,30,11.670921155541825,10.51901923231075,58688735.33458358,316000000.0,1000000000.0,562138772.9022079,12107,535015979.74805397,487107411.02695465,340837787.60170937,3.3086109461950013,2.863552206260769,1.8950021509121997,0.01722231134099448,1.6760521300920588,5.053939686998293,0.005616585446435946,0.0,1.0,6.801717816570902,0.4210042644351326
PL,PL,29,30,11.670921155541825,10.51901923231075,58688735.33458358,1000000000.0,3160000000.0,1777638883.4631178,2613,1589868520.0354445,1414929330.3489685,939387265.5685769,11.08357934037058,9.860530966829385,5.776321381824153,0.11300083263787823,5.847217748349379,16.26110003878172,0.0007654037504783774,0.0,1.0,20.212175800473606,0.4878510391047725
PL,PL,29,30,11.670921155541825,10.51901923231075,58688735.33458358,3160000000.0,10000000000.0,5621387729.0220785,377,4923991160.146121,4356535077.095032,2744690813.025366,37.133196595506746,32.05880627820787,19.202020232545767,0.9889543563088876,20.583717249381618,53.69762088675408,0.0,0.0,1.0,62.59924875211228,0.51212765196525
PL,PL,30,31,10.51901923231075,9.471835665737043,67694718.7794931,100000000.0,316000000.0,177763888.34631178,6068,269965326.9359614,275163659.82592106,220241530.85608447,0.7345299157212831,0.7758833206062798,0.5194547214434406,0.00666845019631588,0.22654388137036782,1.259749433633346,0.08157547791694134,0.0,0.9998352010547132,2.6973503423648313,0.2876464760324921
PL,PL,30,31,10.51901923231075,9.471835665737043,67694718.7794931,316000000.0,1000000000.0,562138772.9022079,20142,537489623.054396,487995054.57282066,355664291.91799515,2.685960358719764,2.2997491027588586,1.6765483536399455,0.01181312468021049,1.2760335351387588,4.204645620108652,0.011518220633502135,0.0,1.0,5.3703111996572295,0.42823386155082493
PL,PL,30,31,10.51901923231075,9.471835665737043,67694718.7794931,1000000000.0,3160000000.0,1777638883.4631178,4810,1605046707.6953385,1429032608.8666916,993200860.0695032,9.038309910391163,7.978426485165512,5.11697136856522,0.07378030542883222,4.493169509490585,13.663188054902664,0.005405405405405406,0.0,1.0,16.036775298705447,0.4975081546356494
PL,PL,30,31,10.51901923231075,9.471835665737043,67694718.7794931,3160000000.0,10000000000.0,5621387729.0220785,810,4948775893.376197,4382183551.78833,2967883679.0039954,29.262138170995375,25.875371321252523,15.693841739402325,0.5514253903858892,15.385976976825589,43.94067736070179,0.0012345679012345679,0.0,1.0,49.44554362513201,0.5233104830927712
PL,PL,30,31,10.51901923231075,9.471835665737043,67694718.7794931,10000000000.0,31600000000.0,17776388834.631176,105,14946389970.325289,13240792751.312256,8233052278.558414,99.17077451248029,92.8923251252361,46.39874863481143,4.528054217743313,54.43865605993092,139.79361882992697,0.0,0.0,1.0,149.33640020052826,0.6220340452863514
PL,PL,31,32,9.471835665737043,8.519850605215494,78077415.13720101,100000000.0,316000000.0,177763888.34631178,10195,267141916.7164905,271180383.8610649,223220956.17973492,0.5625309247184443,0.5877469809104938,0.46805610792905744,0.00463558236383073,0.11630931247977506,1.0211989330367766,0.10730750367827366,0.0,0.9999019127023051,2.097269292676625,0.2802439262153054
PL,PL,31,32,9.471835665737043,8.519850605215494,78077415.13720101,316000000.0,1000000000.0,562138772.9022079,29628,537049502.1765702,488834120.33319473,369735898.8214395,2.1429193456407334,1.8323598185924737,1.4378982740181872,0.008353663832133441,0.9278423576962003,3.441493558657747,0.021162413932766303,0.0,1.0,4.2162512098673615,0.4345945550645019
PL,PL,31,32,9.471835665737043,8.519850605215494,78077415.13720101,1000000000.0,3160000000.0,1777638883.4631178,7893,1625944774.781481,1444868892.4312592,1046141087.7020975,7.426010275321326,6.46118028907984,4.599064373103971,0.05176645640627546,3.439724407056199,11.476375287558346,0.008488534144178385,0.0,1.0,12.764915703424359,0.5061670941819492
PL,PL,31,32,9.471835665737043,8.519850605215494,78077415.13720101,3160000000.0,10000000000.0,5621387729.0220785,1519,5000135126.947336,4447528123.855591,3120377740.213909,24.075558641769028,20.78058624636976,14.325522438937785,0.36756282633382314,11.831736424605799,36.464688625334546,0.003949967083607637,0.0,1.0,39.25490237501562,0.529375568122566
PL,PL,31,32,9.471835665737043,8.519850605215494,78077415.13720101,10000000000.0,31600000000.0,17776388834.631176,235,15716462059.223906,13722788095.474243,9611846884.197378,78.18669668173868,70.79892098869577,43.0686258658532,2.809487372013166,39.33634051050854,117.03424171035438,0.0,0.0,1.0,123.38630220022237,0.5737988717240946
PL,PL,32,33,8.519850605215494,7.654409641104996,90044456.23328698,100000000.0,316000000.0,177763888.34631178,15389,264868032.60746542,268030744.04597282,226342089.75791296,0.42785468935188564,0.4470205730122232,0.42254176998748316,0.003406155316506961,0.04317829700856001,0.8399328404368462,0.13418675677431932,0.0,1.0,1.6335300540881774,0.2736531059795813
PL,PL,32,33,8.519850605215494,7.654409641104996,90044456.23328698,316000000.0,1000000000.0,562138772.9022079,40422,537652963.9809742,488003045.32051086,384134535.45299894,1.704918158761934,1.4538543605585543,1.2354947606391657,0.0061451432208904045,0.6712470611943794,2.794137323941212,0.031888575528177726,2.47390035129385e-05,1.0,3.3158862799955533,0.43845121267563614
PL,PL,32,33,8.519850605215494,7.654409641104996,90044456.23328698,1000000000.0,3160000000.0,1777638883.4631178,11518,1637371886.702053,1467524841.427803,1102364716.1929982,5.941589220361987,5.122211799994782,3.92847577131498,0.03660458958891371,2.491523618534942,9.505136792093122,0.01684320194478208,0.0,1.0,10.098221972338832,0.5072389787059152
PL,PL,32,33,8.519850605215494,7.654409641104996,90044456.23328698,3160000000.0,10000000000.0,5621387729.0220785,2530,5075754923.311619,4496458470.821381,3298014472.0657067,19.742919504562778,17.139384520529163,12.292987831925142,0.24439774314039486,8.872004481974924,30.600478501558065,0.0071146245059288534,0.0,1.0,31.303884175042818,0.5475162259319125
PL,PL,32,33,8.519850605215494,7.654409641104996,90044456.23328698,10000000000.0,31600000000.0,17776388834.631176,450,15970190554.19498,14208681583.404541,9909585830.238129,67.30680574332138,59.68835375853041,39.031218244681185,1.8399492732524105,34.046606670594116,98.6047057972299,0.0044444444444444444,0.0,1.0,98.49352518299081,0.6060129703717642
PL,PL,32,33,8.519850605215494,7.654409641104996,90044456.23328698,31600000000.0,100000000000.0,56213877290.22079,68,51136531303.91065,46035377979.278564,29776962855.28295,237.211365831222,203.07953672688618,132.50480259764097,16.068567559167384,128.30847534144397,348.8179269839523,0.014705882352941176,0.0,1.0,315.37615137782586,0.6439280073641127
PL,PL,33,34,7.654409641104996,6.867645128277267,103833283.33709192,100000000.0,316000000.0,177763888.34631178,21256,262889301.4022539,265448605.64172268,229327904.1212976,0.323223885466475,0.33549137458529976,0.37056482772226107,0.0025416949441217154,-0.0020894762711853917,0.6791019963773567,0.1616484757245013,0.0,1.0,1.273379799077511,0.2634652872837653
PL,PL,33,34,7.654409641104996,6.867645128277267,103833283.33709192,316000000.0,1000000000.0,562138772.9022079,51561,538690483.7260436,489708893.00107956,397793779.1984565,1.3569512587805763,1.1557983612446234,1.0793692235428303,0.004753454758915906,0.4635428428374494,2.2775509491804473,0.04633346909485852,0.0,0.9999806054964023,2.6093020000172413,0.44295308141295503
PL,PL,33,34,7.654409641104996,6.867645128277267,103833283.33709192,1000000000.0,3160000000.0,1777638883.4631178,15322,1652957317.8199127,1487541347.7420807,1164016457.394421,4.708903009819677,4.014079127036457,3.421052861641157,0.027637710024747558,1.8038365448960254,7.637133795995339,0.02597572118522386,6.526563111865292e-05,1.0,8.006573283971516,0.5013479530715473
PL,PL,33,34,7.654409641104996,6.867645128277267,103833283.33709192,3160000000.0,10000000000.0,5621387729.0220785,3770,5115773956.797799,4550834894.180298,3477641742.2318335,15.776561829869282,13.628291910406755,10.749591671291164,0.17507385413889867,6.522929154516745,24.7434276761813,0.016180371352785147,0.0,1.0,24.779719747002584,0.5499776450076788
PL,PL,33,34,7.654409641104996,6.867645128277267,103833283.33709192,10000000000.0,31600000000.0,17776388834.631176,765,15950905234.205956,14191966056.82373,10397355912.557615,53.48525196510348,46.754734407706756,32.53369673150267,1.1762582877496988,25.435811406824307,80.02084862246775,0.006535947712418301,0.0,1.0,77.26278853454876,0.6051391011702866
PL,PL,33,34,7.654409641104996,6.867645128277267,103833283.33709192,31600000000.0,100000000000.0,56213877290.22079,134,49616267396.442924,45116498470.3064,31775994251.9131,171.81651750924476,146.19043854469834,87.6717502084863,7.573685682056734,101.0868044906309,248.0768435378113,0.0,0.0,1.0,240.33063449616998,0.6082888219854806
PL,PL,34,35,6.867645128277267,6.152404662070242,119714620.32581401,100000000.0,316000000.0,177763888.34631178,27690,261160141.61049977,263406699.52332973,231071490.9572083,0.25133647478814625,0.2615175153062199,0.3189228842365536,0.00191656787871497,-0.023955427421361666,0.556553495111327,0.18147345612134344,0.0,1.0,0.9933078312423158,0.26327942565311674
PL,PL,34,35,6.867645128277267,6.152404662070242,119714620.32581401,316000000.0,1000000000.0,562138772.9022079,61538,538549072.5133343,489640459.4182968,410899355.82517964,1.0662834358973394,0.904903080506058,0.9253368507047764,0.003730166085339429,0.313283484485299,1.847696928722452,0.06189671422535669,0.0,1.0,2.0483409448965992,0.44177366212426994
PL,PL,34,35,6.867645128277267,6.152404662070242,119714620.32581401,1000000000.0,3160000000.0,1777638883.4631178,19235,1668984726.7298443,1506077349.1859436,1214914001.0518878,3.7929429541869046,3.231043536071724,2.9712853276200666,0.021423886707598358,1.2743596118471692,6.403922234158617,0.04179880426306213,0.0,1.0,6.347889034908992,0.5089949616798944
PL,PL,34,35,6.867645128277267,6.152404662070242,119714620.32581401,3160000000.0,10000000000.0,5621387729.0220785,5130,5197311495.189314,4649696648.12088,3663227667.7089014,12.814506894022353,11.010126583588644,9.209031593439164,0.12857462914978982,4.752219637443619,20.959253268857058,0.02612085769980507,0.0,1.0,19.767680388521043,0.556976153356979
PL,PL,34,35,6.867645128277267,6.152404662070242,119714620.32581401,10000000000.0,31600000000.0,17776388834.631176,1143,16113155348.094427,14254332780.838013,11098590814.561459,41.88765348697916,35.43510481882251,28.79321359924149,0.8516615171431836,16.40509285405452,68.51760677243524,0.015748031496062992,0.0,1.0,61.285475243603244,0.5781974387564384
PL,PL,34,35,6.867645128277267,6.152404662070242,119714620.32581401,31600000000.0,100000000000.0,56213877290.22079,229,50004503008.5801,44893584251.40381,34292390726.53925,131.2463944610854,116.16589026084885,87.74206824459502,5.798159073842825,49.16943529278104,195.3369376663862,0.013100436681222707,0.0,1.0,190.189299674532,0.6107908828711275
PL,PL,35,36,6.152404662070242,5.502186056427491,137995904.84494817,100000000.0,316000000.0,177763888.34631178,33984,259715233.7410203,261288806.7960739,233344841.3674406,0.1910954705736336,0.19796071480170044,0.2809138150127185,0.001523827652332268,-0.04282123133133362,0.45144639661368263,0.20500823917137476,0.0,1.0,0.7754923231052194,0.2552710180405499
PL,PL,35,36,6.152404662070242,5.502186056427491,137995904.84494817,316000000.0,1000000000.0,562138772.9022079,70790,539278342.2868735,490336958.31894875,422903666.9892423,0.8433197740787257,0.7085190725352635,0.8017154183824083,0.0030132438563008276,0.2086996119824139,1.5018080054723897,0.07885294533126148,0.0,1.0,1.610249073326985,0.44000588745651037
PL,PL,35,36,6.152404662070242,5.502186056427491,137995904.84494817,1000000000.0,3160000000.0,1777638883.4631178,22694,1672363292.5174682,1505629196.7630386,1260833101.4539526,2.9821913304304943,2.4833802820070154,2.515057180863688,0.01669522737299366,0.8815661151621516,5.157800760931314,0.05221644487529743,0.0,1.0,4.993564975412636,0.4973161046736565
PL,PL,35,36,6.152404662070242,5.502186056427491,137995904.84494817,3160000000.0,10000000000.0,5621387729.0220785,6551,5218948541.779752,4679262340.068817,3818388999.5309033,10.149283370564605,8.562695635652112,8.006467990169064,0.09892069795773482,3.326934134619242,17.132204975467317,0.03892535490764769,0.00015264845061822624,1.0,15.583431401129012,0.5494743368929483
PL,PL,35,36,6.152404662070242,5.502186056427491,137995904.84494817,10000000000.0,31600000000.0,17776388834.631176,1658,16050434929.32659,14548150897.026062,11372497052.367691,33.89910651489997,29.12747955505661,24.27824017690217,0.5962452611062369,12.543021843091905,54.3980404232435,0.017490952955367914,0.0,1.0,47.925525549280536,0.6077654698873485
PL,PL,35,36,6.152404662070242,5.502186056427491,137995904.84494817,31600000000.0,100000000000.0,56213877290.22079,345,50573663718.458534,45493669509.887695,35635683788.769485,108.24944368076228,93.18892617727089,78.86154994219314,4.245763125713295,41.0508216330326,172.06878715571705,0.02608695652173913,0.0,1.0,151.00957845267553,0.6171060612984567
PL,PL,35,36,6.152404662070242,5.502186056427491,137995904.84494817,100000000000.0,316000000000.0,177763888346.31177,60,163542140007.01904,160970726013.1836,104410113652.5472,428.50566051878445,396.2112776676103,264.8554519899752,34.19269182364707,159.83090557501538,661.245997360301,0.0,0.0,1.0,488.32589545405244,0.8113665102670982
PL,PL,36,37,5.502186056427491,4.9110782331159015,159024380.77429926,100000000.0,316000000.0,177763888.34631178,39804,258570128.5761758,259712543.33853722,235100865.42799723,0.14758279852375664,0.15335822494115353,0.24263938290394554,0.0012161802150776689,-0.048318499936811116,0.367814695504888,0.2235202492211838,0.0,1.0,0.6060179686932478,0.253058874263809
PL,PL,36,37,5.502186056427491,4.9110782331159015,159024380.77429926,316000000.0,1000000000.0,562138772.9022079,78812,539279655.0640343,489552840.590477,434348956.51526266,0.6598403215774702,0.5497916220498035,0.679755239619505,0.0024213434176041325,0.12790339817791713,1.210881328906923,0.09743440085266203,0.0,1.0,1.2639246571872311,0.43498765446456533
PL,PL,36,37,5.502186056427491,4.9110782331159015,159024380.77429926,1000000000.0,3160000000.0,1777638883.4631178,25903,1682898609.0976007,1519814282.655716,1310804459.1112938,2.3398559904749057,1.9156952140931653,2.17814195990153,0.013533531826830003,0.5785401336300625,4.205513476721567,0.07184496004323823,0.0,1.0,3.9442560601177985,0.4856924055878744
PL,PL,36,37,5.502186056427491,4.9110782331159015,159024380.77429926,3160000000.0,10000000000.0,5621387729.0220785,7714,5278136743.522846,4780228734.016418,3983994678.4635406,8.138010402920926,6.708896678471521,7.051554196083413,0.0802869631102273,2.291370163351162,14.286018514528102,0.05263157894736842,0.00012963443090484831,1.0,12.37051520764733,0.5423296092246949
PL,PL,36,37,5.502186056427491,4.9110782331159015,159024380.77429926,10000000000.0,31600000000.0,17776388834.631176,2169,16384688959.301975,14821541309.35669,12086963878.421534,27.02557343694445,22.43186109377774,21.398189455357116,0.4594595176882891,8.65333471164963,45.540267468970185,0.03780544029506685,0.0,1.0,38.401249113590545,0.584144047695545
PL,PL,36,37,5.502186056427491,4.9110782331159015,159024380.77429926,31600000000.0,100000000000.0,56213877290.22079,475,51428171760.15754,46463127136.23047,36382984446.22442,94.60931236252706,82.30953545794554,68.12253410470345,3.1256762309505826,34.59851658205674,154.73305075357595,0.01263157894736842,0.0,1.0,120.5336299104495,0.6828761028693605
PL,PL,36,37,5.502186056427491,4.9110782331159015,159024380.77429926,100000000000.0,316000000000.0,177763888346.31177,103,163948349628.63367,143501281738.28125,110343865839.02304,337.08343040612505,277.4075924891472,221.41180363004986,21.816353264785125,121.82518297860695,548.4638734078948,0.019417475728155338,0.0,1.0,384.25028583023027,0.7219450517512734
PL,PL,37,38,4.9110782331159015,4.373707484650818,183189372.56709933,100000000.0,316000000.0,177763888.34631178,44854,257431117.32209507,258101224.899292,236149686.44244865,0.11617175484266354,0.12176386600223853,0.20981925665470183,0.0009907059121991274,-0.048092090523599036,0.3036292405531259,0.23433807464217238,0.0,1.0,0.47352211140172,0.25714504786649384
PL,PL,37,38,4.9110782331159015,4.373707484650818,183189372.56709933,316000000.0,1000000000.0,562138772.9022079,84996,538937747.1059384,490573849.52902794,443352643.1712488,0.5217830193707249,0.4316578750312535,0.5788755376067077,0.0019855734333877467,0.08218243458656083,0.9755116533556409,0.11059343969127959,0.0,1.0,0.9913290303766501,0.4354335057324483
PL,PL,37,38,4.9110782331159015,4.373707484650818,183189372.56709933,1000000000.0,3160000000.0,1777638883.4631178,28626,1682281486.1788678,1512718796.7300415,1343770581.0747173,1.8478741444466669,1.4530093225223435,1.8465482459622231,0.010913908935553357,0.39460596485991195,3.409973510478764,0.08321106686229301,0.0,1.0,3.0944102235735036,0.4695593723977461
PL,PL,37,38,4.9110782331159015,4.373707484650818,183189372.56709933,3160000000.0,10000000000.0,5621387729.0220785,8830,5263612547.283939,4736696183.681488,4131659036.6899834,6.179143990349877,5.002145546048311,5.6412305991542215,0.06003347751666978,1.4768966189125332,11.107236148937641,0.06987542468856173,0.0,1.0,9.681956683861051,0.516646139760823
PL,PL,37,38,4.9110782331159015,4.373707484650818,183189372.56709933,10000000000.0,31600000000.0,17776388834.631176,2649,16626586297.0903,15092121362.686157,12679356667.749294,21.547263217440182,17.723447653253388,18.525273917868898,0.3599346516608834,6.010537217536732,37.61698307577941,0.058512646281615704,0.0,1.0,30.583156887558474,0.5795166181965818
PL,PL,37,38,4.9110782331159015,4.373707484650818,183189372.56709933,31600000000.0,100000000000.0,56213877290.22079,640,51496444560.5874,46422593593.59741,37631026263.34876,75.68898841094052,62.836284860723694,54.0825853740868,2.1378018941577976,27.315479151104665,124.31203013619626,0.0234375,0.0,1.0,94.72322309622378,0.6633672589127588
PL,PL,37,38,4.9110782331159015,4.373707484650818,183189372.56709933,100000000000.0,316000000000.0,177763888346.31177,152,163185785130.4506,145629982948.30322,115169384965.77112,262.11345937708165,224.4436122746003,178.66904322664652,14.491973052150122,98.05190541433365,414.8291038065901,0.02631578947368421,0.0,1.0,300.1660340425605,0.7477315446116614
PL,PL,38,39,4.373707484650818,3.885188622409834,210922995.7883258,100000000.0,316000000.0,177763888.34631178,49497,256253727.96716076,256509669.1250801,237145302.1419286,0.09059432213075833,0.09497209422843576,0.18094999816857318,0.0008133344060571026,-0.047042835353512044,0.2490098477481146,0.24965149402994122,0.0,1.0,0.3699122627055802,0.2567422164753315
PL,PL,38,39,4.373707484650818,3.885188622409834,210922995.7883258,316000000.0,1000000000.0,562138772.9022079,89923,540680237.73634,491167157.8884125,453086188.5971303,0.41528923298204873,0.3390614212333696,0.49272629351709696,0.0016431240207376511,0.04924998375375137,0.7942458603526111,0.12355014846034941,0.0,1.0,0.7804930360539823,0.4344195342825821
PL,PL,38,39,4.373707484650818,3.885188622409834,210922995.7883258,1000000000.0,3160000000.0,1777638883.4631178,30459,1686711417.5133681,1523048877.7160645,1382092283.5136683,1.444219644525644,1.1289648755794583,1.5894864797786996,0.009107496598083147,0.24619604306172946,2.749100315482236,0.10118519977674907,0.0,1.0,2.434833795134737,0.4636722546875051
PL,PL,38,39,4.373707484650818,3.885188622409834,210922995.7883258,3160000000.0,10000000000.0,5621387729.0220785,9837,5284238975.31976,4745330214.500427,4234616359.983794,4.976330870955991,3.952029669883029,5.019372171762066,0.05060787045171895,0.9752418562255375,9.284913096524178,0.08396868964115076,0.0,1.0,7.62800530374351,0.5180947721606245
PL,PL,38,39,4.373707484650818,3.885188622409834,210922995.7883258,10000000000.0,31600000000.0,17776388834.631176,2953,16986954506.881514,15446120500.564575,13338069554.621431,17.29960708467256,14.04642686112476,16.218729097475983,0.29845928643808195,3.6113328673172136,31.088212815684432,0.07111412123264477,0.0,1.0,24.521332149839225,0.5728247868139111
PL,PL,38,39,4.373707484650818,3.885188622409834,210922995.7883258,31600000000.0,100000000000.0,56213877290.22079,792,52156142080.67306,46529307365.41748,39342215474.35631,60.751681239993026,50.753272817042536,51.38621798903982,1.8259297476781409,17.601487887687735,107.81520379615837,0.05176767676767677,0.0,1.0,75.28942772503954,0.674108893514184
PL,PL,38,39,4.373707484650818,3.885188622409834,210922995.7883258,100000000000.0,316000000000.0,177763888346.31177,200,165501457405.09033,151452918052.67334,121244442784.78621,209.82546002105312,192.1864620377782,162.61421650056582,11.498561520488746,53.95939966726804,337.5805916566648,0.04,0.0,1.0,238.90781638748965,0.804437732276063
PL,PL,39,40,3.885188622409834,3.4410805658271224,242698183.00789833,100000000.0,316000000.0,177763888.34631178,53563,255499247.78419837,255487821.996212,237970515.87579325,0.07222440518985963,0.07601222425659597,0.16045323125914698,0.0006932917317697347,-0.04165888101125322,0.20348298239945375,0.2548587644456061,0.0,1.0,0.28946220577442244,0.26259809653987165
PL,PL,39,40,3.885188622409834,3.4410805658271224,242698183.00789833,316000000.0,1000000000.0,562138772.9022079,93192,541539535.0070027,492526609.4505787,461608461.2960903,0.329343519264465,0.2653776536644794,0.41416946630388124,0.0013567154236208256,0.028356575608255028,0.6426419098141205,0.1335200446390248,0.0,1.0,0.6135252047770481,0.43254564213203966
PL,PL,39,40,3.885188622409834,3.4410805658271224,242698183.00789833,1000000000.0,3160000000.0,1777638883.4631178,31944,1688655184.7791958,1524788737.297058,1409111866.5588398,1.1518146314727815,0.8819294026904725,1.3235202712821357,0.0074051856151585915,0.17526654752073953,2.2302004417628627,0.10825194089656899,0.0,1.0,1.9131244370294829,0.46098904264682766
PL,PL,39,40,3.885188622409834,3.4410805658271224,242698183.00789833,3160000000.0,10000000000.0,5621387729.0220785,10594,5317375855.258395,4782950431.108475,4352955849.669285,3.9737421748959876,3.0382510164448844,4.255803458236427,0.0413477211612347,0.6822969963555204,7.509388085865571,0.0960921276194072,0.0,1.0,6.024203035207305,0.5043407399598596
PL,PL,39,40,3.885188622409834,3.4410805658271224,242698183.00789833,10000000000.0,31600000000.0,17776388834.631176,3240,16856117647.003246,15188543796.539307,13563304558.166382,13.567522624302882,11.043099311481875,14.079138990153956,0.24734525946094138,2.3187654533664195,25.504823641371,0.09382716049382717,0.0,1.0,19.096764617545332,0.5782706931066178
PL,PL,39,40,3.885188622409834,3.4410805658271224,242698183.00789833,31600000000.0,100000000000.0,56213877290.22079,990,51221669859.35635,45843803882.59888,39134197934.70941,49.804542311936316,39.99268294945266,43.843180398984735,1.3934277434659195,11.65120297517484,90.17219905346724,0.0595959595959596,0.0,1.0,58.03045476463244,0.6891671470034183
PL,PL,39,40,3.885188622409834,3.4410805658271224,242698183.00789833,100000000000.0,316000000000.0,177763888346.31177,263,166714266534.08734,146476078033.44727,125097576112.34831,171.47508030739826,134.14812652396228,161.0622942750038,9.931526526802294,42.376297563001856,294.785751613998,0.060836501901140684,0.0,1.0,188.87523052819895,0.7102473212014639
PL,PL,39,40,3.885188622409834,3.4410805658271224,242698183.00789833,316000000000.0,1000000000000.0,562138772902.2078,67,513561624555.44543,472539863586.4258,370462644918.6411,589.6170208746366,506.5908741821178,459.059481904678,56.08304183078786,180.82465589888363,1048.9892892454973,0.04477611940298507,0.0,1.0,581.8282516842261,0.870687995496407
PL,PL,40,41,3.4410805658271224,3.0373459689337468,279022399.0609782,100000000.0,316000000.0,177763888.34631178,56967,254857541.66508144,254627224.05791283,239051543.5044512,0.05664777528192631,0.05990486858923988,0.13520650189011973,0.0005664817227236112,-0.03805409932696331,0.1675367575843522,0.26436357891410817,0.0,1.0,0.22665457262197666,0.26430028697965674
PL,PL,40,41,3.4410805658271224,3.0373459689337468,279022399.0609782,316000000.0,1000000000.0,562138772.9022079,94959,540496821.2057629,490314736.9623184,469090306.7401049,0.25591678197151685,0.20701071409334718,0.3488678783583941,0.0011321211864827876,0.01114003090971987,0.5095270394327676,0.14795859265577777,0.0,1.0,0.4806845236501546,0.4306581633237914
PL,PL,40,41,3.4410805658271224,3.0373459689337468,279022399.0609782,1000000000.0,3160000000.0,1777638883.4631178,33316,1686950230.8477566,1524475738.4061813,1437134474.3635087,0.8953250969276223,0.6849384391870723,1.111001363842182,0.0060867878545828044,0.10262839530887886,1.7678383339190156,0.12285388401969023,0.0,1.0,1.5002694489999093,0.4565436159775548
PL,PL,40,41,3.4410805658271224,3.0373459689337468,279022399.0609782,3160000000.0,10000000000.0,5621387729.0220785,10953,5329564439.725801,4800370931.625366,4460399200.770612,3.1150375091042086,2.350889771215694,3.560264012003583,0.03401853920038075,0.42482463978065405,6.046601547587741,0.1119328037980462,0.0,1.0,4.739785773868832,0.49599072265597133
PL,PL,40,41,3.4410805658271224,3.0373459689337468,279022399.0609782,10000000000.0,31600000000.0,17776388834.631176,3625,16894729527.769419,15181083679.199219,13784770271.49036,11.145912538725609,8.39652225498824,12.186356465769592,0.20240436407371248,1.9710461497117557,21.17779808510123,0.09958620689655172,0.0,1.0,15.025130022295603,0.5588319197590134
PL,PL,40,41,3.4410805658271224,3.0373459689337468,279022399.0609782,31600000000.0,100000000000.0,56213877290.22079,1113,52695882686.707535,46741385459.8999,42440876806.521355,36.75334279505291,28.96126806363884,37.926174786851895,1.1368193574789884,5.714615032796783,69.35012149308155,0.10152740341419586,0.0,1.0,46.86446667915089,0.6179792519974021
PL,PL,40,41,3.4410805658271224,3.0373459689337468,279022399.0609782,100000000000.0,316000000000.0,177763888346.31177,307,164754262855.85287,145458126068.11523,129067315472.84203,127.8999374355308,104.63035246664444,120.05299186605431,6.851786151966732,25.56302059790501,229.90351109234854,0.08794788273615635,0.0,1.0,146.52227590076643,0.7140917776728114
PL,PL,40,41,3.4410805658271224,3.0373459689337468,279022399.0609782,316000000000.0,1000000000000.0,562138772902.2078,91,518229078355.7263,454365310668.9453,385896089443.7937,474.27371192164503,405.76452768234805,364.45671426081697,38.205444720110734,143.55157143697573,844.736255044486,0.03296703296703297,0.0,1.0,460.8809670986923,0.8804106844261553
PL,PL,41,42,3.0373459689337468,2.670314517212497,320424784.4428499,100000000.0,316000000.0,177763888.34631178,59656,254261438.6777536,253606596.96161747,239929117.6447215,0.04472912748604308,0.04885876866917489,0.11640723917059158,0.0004765987776447565,-0.034475615735581465,0.1366297887519982,0.2712384336864691,0.0,1.0,0.177580391038375,0.27513605744125513
PL,PL,41,42,3.0373459689337468,2.670314517212497,320424784.4428499,316000000.0,1000000000.0,562138772.9022079,95883,540424428.8726773,490616708.99391174,476275402.71416354,0.20019995104328533,0.16185494759830063,0.2962489124732539,0.0009567224340927246,0.000997100763328354,0.41025993886397055,0.1585995431932668,0.0,1.0,0.3774413529042036,0.42882144829366425
PL,PL,41,42,3.0373459689337468,2.670314517212497,320424784.4428499,1000000000.0,3160000000.0,1777638883.4631178,33831,1694936456.8595824,1532921046.0186005,1468695917.0202343,0.7060644208054371,0.5311641473852695,0.9616165480389546,0.0052281075216166805,0.06009800350987983,1.4293605463007064,0.13431468180071532,0.0,1.0,1.1837716342657396,0.44870491234125215
PL,PL,41,42,3.0373459689337468,2.670314517212497,320424784.4428499,3160000000.0,10000000000.0,5621387729.0220785,11293,5343999164.389263,4834940135.478973,4556921738.816181,2.4563562613973264,1.8278255379008566,3.055863237001216,0.028756051301076408,0.28407787198758816,4.882246012915939,0.11848047463030195,0.0,1.0,3.732337338512927,0.4897267776521819
PL,PL,41,42,3.0373459689337468,2.670314517212497,320424784.4428499,10000000000.0,31600000000.0,17776388834.631176,3794,16905274467.84028,15215495228.767395,14121579703.416834,8.687513886491944,6.471858732792834,9.82692266785129,0.1595397382343683,1.1198318180049611,16.994301882164393,0.11465471797575119,0.0,1.0,11.806923087597538,0.5481410088620914
PL,PL,41,42,3.0373459689337468,2.670314517212497,320424784.4428499,31600000000.0,100000000000.0,56213877290.22079,1251,52682898909.83027,47030625343.322754,42746933745.34686,31.00872855937133,22.89206815694045,32.238040533785096,0.9114649698443567,5.594754193597286,57.2842940690636,0.07913669064748201,0.0,1.0,36.79460730692934,0.6221582409069305
PL,PL,41,42,3.0373459689337468,2.670314517212497,320424784.4428499,100000000000.0,316000000000.0,177763888346.31177,358,161323336675.84637,148095736503.60107,131273977816.4379,93.77975836562676,74.49593577317287,95.14930334168542,5.028796941328761,17.31859675616338,179.61822947504564,0.1005586592178771,0.002793296089385475,1.0,112.67088458041808,0.6611817777999418
PL,PL,41,42,3.0373459689337468,2.670314517212497,320424784.4428499,316000000000.0,1000000000000.0,562138772902.2078,101,508603971311.3614,436671791076.66016,394603671933.1646,355.778656686682,230.74496347229928,374.64301295590303,37.27837309434463,63.86337891873631,641.4449464669046,0.06930693069306931,0.0,1.0,355.2174194357861,0.6495879730189072
PL,PL,42,43,2.670314517212497,2.3366495611022704,367433754.36246824,100000000.0,316000000.0,177763888.34631178,61237,253697813.58038712,252866987.1389866,240794280.46164542,0.03511798512123781,0.03841451553419692,0.09701486050858737,0.00039204083935029236,-0.030236585686245585,0.1117056691924017,0.2794715613109721,0.0,1.0,0.13924660718551757,0.2758739786242508
PL,PL,42,43,2.670314517212497,2.3366495611022704,367433754.36246824,316000000.0,1000000000.0,562138772.9022079,96105,539625646.2537278,490135326.9815445,481346591.1866546,0.15861105403392411,0.12778726361794385,0.2488325378251321,0.0008026647251829192,-0.00465464401443126,0.3299882143749393,0.16752510275219812,0.0,1.0,0.29618323993681,0.43144663973966574
PL,PL,42,43,2.670314517212497,2.3366495611022704,367433754.36246824,1000000000.0,3160000000.0,1777638883.4631178,34160,1700015561.452323,1537181809.5445633,1493063880.567956,0.5632353544748431,0.4202015171675536,0.7984167545911455,0.004319870331871995,0.03779182669137224,1.1495440060063724,0.14010538641686182,0.0,1.0,0.933084111975647,0.45033616131116877
PL,PL,42,43,2.670314517212497,2.3366495611022704,367433754.36246824,3160000000.0,10000000000.0,5621387729.0220785,11583,5350332112.934144,4831411242.485046,4647227899.166347,1.913553682588985,1.4020582886675874,2.565168903529647,0.023834466665503526,0.2056199887378017,3.7937801181249826,0.12647845981179315,0.0,1.0,2.9366259942391424,0.47743849282068695
PL,PL,42,43,2.670314517212497,2.3366495611022704,367433754.36246824,10000000000.0,31600000000.0,17776388834.631176,3958,16781537736.709099,15010784268.379211,14329984748.473429,6.672095198464666,4.876313504642415,8.195027105164577,0.13026042757884015,0.6468175518694901,13.468378058796723,0.1245578575037898,0.0,1.0,9.210848766152406,0.5294097893086316
PL,PL,42,43,2.670314517212497,2.3366495611022704,367433754.36246824,31600000000.0,100000000000.0,56213877290.22079,1311,52860022571.412415,47775254249.572754,44453150587.71478,22.87996648071796,16.391808993352473,27.31453338272603,0.7543839500550951,2.5883909443861377,44.89205513030387,0.11365369946605644,0.0007627765064836003,1.0,29.013173960550397,0.5649781377122213
PL,PL,42,43,2.670314517212497,2.3366495611022704,367433754.36246824,100000000000.0,316000000000.0,177763888346.31177,423,162787302075.8302,146599016189.5752,133722976499.6973,79.10085894683854,60.56578530191692,80.46566475469935,3.912374501772218,10.960715600374618,145.50735074599112,0.09456264775413711,0.0,1.0,89.3487381189465,0.6778583176103511
PL,PL,42,43,2.670314517212497,2.3366495611022704,367433754.36246824,316000000000.0,1000000000000.0,562138772902.2078,106,530938806533.8135,458280868530.27344,424105303242.52155,290.75582203017274,224.44586413766433,296.71119409819363,28.81913880307176,18.608613879777344,538.0372079697767,0.12264150943396226,0.0,1.0,291.4153117426666,0.7701924198679738
PL,PL,43,44,2.3366495611022704,2.0333177828202462,420541460.5202637,100000000.0,316000000.0,177763888.34631178,62619,252888052.52975014,251588709.65242386,241158753.29886016,0.02789094615398761,0.03115940189901284,0.0836451226766871,0.0003342624242065601,-0.02677133981558039,0.09127592313142087,0.28484964627349524,0.0,1.0,0.10919852999850638,0.28534634943747905
PL,PL,43,44,2.3366495611022704,2.0333177828202462,420541460.5202637,316000000.0,1000000000.0,562138772.9022079,95535,539198497.3926556,488790124.6547699,487095987.287483,0.1238938725345061,0.10082423225738438,0.2128799991463843,0.0006887373033123239,-0.009138525072958125,0.2626231282879498,0.1779347882974826,0.0,1.0,0.2328290431425375,0.433039756967347
PL,PL,43,44,2.3366495611022704,2.0333177828202462,420541460.5202637,1000000000.0,3160000000.0,1777638883.4631178,34101,1698773429.0511653,1533136665.8210754,1513523078.544578,0.44050436852863134,0.327927872905117,0.6694979490047999,0.003625481501464849,0.011928257675452584,0.9095679156901936,0.15213630098824082,0.0,1.0,0.7335402340966118,0.44704824311235647
PL,PL,43,44,2.3366495611022704,2.0333177828202462,420541460.5202637,3160000000.0,10000000000.0,5621387729.0220785,11728,5344640852.611557,4839370250.701904,4717717234.8787565,1.4907534133667022,1.0868714171590237,2.129098923041665,0.019660015759240358,0.10635702829595117,3.0184297590127236,0.13932469304229195,0.0,1.0,2.307846964840251,0.47094605219382774
PL,PL,43,44,2.3366495611022704,2.0333177828202462,420541460.5202637,10000000000.0,31600000000.0,17776388834.631176,4079,16860596349.234087,15233098268.508911,14629082287.108965,5.306287896951836,3.7995440876489694,7.106790035303336,0.11127475124107172,0.4297699082684858,10.964322473413523,0.1326305467026232,0.0,1.0,7.280503439433738,0.5218793067343829
PL,PL,43,44,2.3366495611022704,2.0333177828202462,420541460.5202637,31600000000.0,100000000000.0,56213877290.22079,1323,53196195710.903755,48321900367.73682,45762646525.805405,17.676138699623316,13.36949054295394,22.037693580639775,0.6058794438619458,2.2783425706033658,34.913612002732634,0.12773998488284202,0.0,1.0,22.97042630141717,0.5820305799953353
PL,PL,43,44,2.3366495611022704,2.0333177828202462,420541460.5202637,100000000000.0,316000000000.0,177763888346.31177,457,165340752987.68427,151534900665.2832,137863139493.19934,65.33865521961037,46.3503293102217,72.43157709686437,3.388206267097748,7.358055051669458,126.03893783373923,0.09846827133479212,0.0,1.0,71.39509753224606,0.6492088520403978
PL,PL,43,44,2.3366495611022704,2.0333177828202462,420541460.5202637,316000000000.0,1000000000000.0,562138772902.2078,126,513526856407.28656,456041488647.46094,414714717637.92505,234.96408332038996,193.2741487250532,219.30467896695743,19.537213619304858,56.47186413917052,425.45727618641047,0.07142857142857142,0.0,1.0,221.74387944971366,0.871609846480039
PL,PL,44,45,2.0333177828202462,1.7575616207456761,480151358.9503279,100000000.0,316000000.0,177763888.34631178,63534,252019415.03612155,250500449.91075993,241926524.47016585,0.021020227013456842,0.02467155062448083,0.07325460268801504,0.0002906242288466636,-0.023976727566907392,0.0747353342612736,0.2947398243460195,0.0,1.0,0.08574644660521898,0.28772679919985383
PL,PL,44,45,2.0333177828202462,1.7575616207456761,480151358.9503279,316000000.0,1000000000.0,562138772.9022079,94535,538640227.7991049,489558205.0085068,492671077.4094621,0.09573887386289431,0.07882479376508211,0.18104356732346494,0.0005888257368175866,-0.011964414614344956,0.20943283663015463,0.18968635954937324,1.0578092769873592e-05,1.0,0.18326558501764273,0.43011236265387065
PL,PL,44,45,2.0333177828202462,1.7575616207456761,480151358.9503279,1000000000.0,3160000000.0,1777638883.4631178,33709,1698239676.762863,1531564444.3035126,1533688194.3220334,0.34270752206254346,0.2574717229842915,0.5537437094894423,0.0030160314866329242,0.002184715391880363,0.7064229774407713,0.1584739980420659,0.0,1.0,0.5778047605798146,0.4456033258118611
PL,PL,44,45,2.0333177828202462,1.7575616207456761,480151358.9503279,3160000000.0,10000000000.0,5621387729.0220785,11782,5362149793.114004,4847624003.8871765,4787255291.801887,1.197319325657873,0.8498451261161784,1.7954248077745054,0.016540845777965107,0.08239258996599952,2.421670513099149,0.14267526735698524,0.0,1.0,1.8244042462305354,0.4658206249366459
PL,PL,44,45,2.0333177828202462,1.7575616207456761,480151358.9503279,10000000000.0,31600000000.0,17776388834.631176,4064,16978774507.508034,15410051345.825195,14974753539.202602,4.173727577667335,3.027174354658613,6.083365357031064,0.09542607270113769,0.2693890430487823,8.678646684007642,0.14099409448818898,0.0,1.0,5.776815177201418,0.5240213269424918
PL,PL,44,45,2.0333177828202462,1.7575616207456761,480151358.9503279,31600000000.0,100000000000.0,56213877290.22079,1362,53526096226.710396,48987178802.490234,46574075613.25292,14.478810658071431,10.45593723446771,19.410907125972702,0.5259655239124023,1.2467780156178432,29.15644435283602,0.13215859030837004,0.0,1.0,18.211583228346132,0.5741366416838024
PL,PL,44,45,2.0333177828202462,1.7575616207456761,480151358.9503279,100000000000.0,316000000000.0,177763888346.31177,457,167424403050.79623,152745761871.3379,141620074956.63098,53.74207031419588,35.489196501696355,62.767057205188685,2.9361190949286913,6.873894204465073,103.34810233482933,0.1137855579868709,0.0,1.0,56.9640542755332,0.6230103694873317
PL,PL,44,45,2.0333177828202462,1.7575616207456761,480151358.9503279,316000000000.0,1000000000000.0,562138772902.2078,143,507087007135.77795,467830467224.1211,418680736701.8053,184.12167077323315,135.92455233946234,194.7771245050595,16.288081409951232,22.830550933182685,343.83515170123115,0.1048951048951049,0.0,1.0,172.52999724380842,0.7878314177874959
PL,PL,45,46,1.7575616207456761,1.506874200677888,546506079.4615679,100000000.0,316000000.0,177763888.34631178,64141,251084040.94919452,249194987.11824417,242337777.96426582,0.016003962835227196,0.01903912319543873,0.06189903442633935,0.0002444083342590948,-0.021457297087815894,0.06075362828122566,0.3066837124460174,0.0,1.0,0.06745635030651849,0.282243600623601
PL,PL,45,46,1.7575616207456761,1.506874200677888,546506079.4615679,316000000.0,1000000000.0,562138772.9022079,93294,539094658.6936042,488927923.14291,498750461.53178215,0.07382204641084716,0.06141555012990582,0.15370748265164572,0.0005032318879879699,-0.013661537991870282,0.16591156582720534,0.20159924539627413,0.0,1.0,0.1448334111866836,0.42404269585796056
PL,PL,45,46,1.7575616207456761,1.506874200677888,546506079.4615679,1000000000.0,3160000000.0,1777638883.4631178,33083,1698953045.522367,1536986529.827118,1553390935.497227,0.26635039479991135,0.20177801915737634,0.48230459957592586,0.00265166686164056,-0.007905069417406237,0.5544288978840864,0.1667321585104132,0.0,1.0,0.45644148214212066,0.44206766267258196
PL,PL,45,46,1.7575616207456761,1.506874200677888,546506079.4615679,3160000000.0,10000000000.0,5621387729.0220785,11676,5364020658.033521,4839056134.223938,4853486834.708429,0.934177756683115,0.6821509383770509,1.5188630977827848,0.01405631844397935,0.043498909513347284,1.9242951907855534,0.14910928400137033,0.0,1.0,1.4411001798116148,0.4733542802459603
PL,PL,45,46,1.7575616207456761,1.506874200677888,546506079.4615679,10000000000.0,31600000000.0,17776388834.631176,4059,16974147131.478855,15322618484.49707,15151001861.836117,3.336001808870903,2.313027124442856,4.802279561820514,0.0753768376203035,0.12121737562391073,6.7771320871611485,0.14634146341463414,0.0,1.0,4.5602819308102145,0.5072114311213004
PL,PL,45,46,1.7575616207456761,1.506874200677888,546506079.4615679,31600000000.0,100000000000.0,56213877290.22079,1370,53795777609.748566,48905079364.77661,47612233103.191765,11.31468567129022,7.96222598220011,15.823250607752282,0.42749931471813685,0.753143043344744,22.947496926905483,0.13795620437956205,0.0,1.0,14.452797580189674,0.5509124401710203
PL,PL,45,46,1.7575616207456761,1.506874200677888,546506079.4615679,100000000000.0,316000000000.0,177763888346.31177,466,167856530365.51416,154822359085.083,145439034807.83554,41.01966364173829,30.200592623763626,52.077621263029066,2.412449219557404,2.334662988079749,85.48427881368826,0.14377682403433475,0.0,1.0,45.09641023287509,0.6696895045040088
PL,PL,45,46,1.7575616207456761,1.506874200677888,546506079.4615679,316000000000.0,1000000000000.0,562138772902.2078,163,538380734262.29095,488319664001.46484,435026118097.1298,189.11887726297357,125.85718950378232,224.45630463131872,17.580774616816075,26.935154206161982,352.9484720605711,0.07975460122699386,0.006134969325153374,1.0,144.6416079308933,0.8701312941979616
PL,PL,46,47,1.506874200677888,1.2789765460708074,619595835.9472761,100000000.0,316000000.0,177763888.34631178,64348,250563964.34374782,248610489.0704155,243264500.05052108,0.011781009280133186,0.014967187876033065,0.056165471856913646,0.0002214123723489021,-0.01933367711737699,0.04962964655000621,0.3171349536893144,0.0,1.0,0.053305979359933586,0.2807787804623446
PL,PL,46,47,1.506874200677888,1.2789765460708074,619595835.9472761,316000000.0,1000000000.0,562138772.9022079,91171,539706490.1310686,489681214.094162,503755456.57130456,0.058023362124117205,0.04813689417706762,0.1305125048399841,0.000432238816799701,-0.014392343341125708,0.13410418520373465,0.21356571716883657,0.0,1.0,0.11481931609239727,0.41924038406857383
PL,PL,46,47,1.506874200677888,1.2789765460708074,619595835.9472761,1000000000.0,3160000000.0,1777638883.4631178,32384,1701017946.300277,1542426645.7557678,1570543711.1474342,0.2105795868582076,0.15805570212340486,0.4041684647566374,0.0022459349800861323,-0.013916642939215414,0.44144316206699535,0.1747467885375494,0.0,1.0,0.36188135741643696,0.4367611066008062
PL,PL,46,47,1.506874200677888,1.2789765460708074,619595835.9472761,3160000000.0,10000000000.0,5621387729.0220785,11540,5382827827.949044,4852533787.488937,4916514876.991045,0.7526082712371222,0.5455790444538313,1.2479091430123417,0.011616627467874032,0.008253009239771123,1.5446826818880042,0.1569324090121317,0.0,1.0,1.1451643090268164,0.47641988154300347
PL,PL,46,47,1.506874200677888,1.2789765460708074,619595835.9472761,10000000000.0,31600000000.0,17776388834.631176,4118,17028111563.022997,15300192236.90033,15377396587.617134,2.6641802278773365,1.8173814978572302,4.188260864994953,0.06526653440449746,0.05383832455553026,5.401812785012331,0.15395823215152987,0.0,1.0,3.622628520803094,0.5016748163442213
PL,PL,46,47,1.506874200677888,1.2789765460708074,619595835.9472761,31600000000.0,100000000000.0,56213877290.22079,1363,53765050838.38369,49295620918.273926,48121213811.94646,9.108900833409567,5.877546164020031,13.559291784593997,0.36727306437436485,0.21489692905627186,18.2333713086343,0.15113719735876743,0.0,1.0,11.438191831706522,0.5138527356856831
PL,PL,46,47,1.506874200677888,1.2789765460708074,619595835.9472761,100000000000.0,316000000000.0,177763888346.31177,487,171861260275.08682,154069385528.56445,149458076958.78363,36.15773705459442,23.332516214886564,50.96207256801749,2.3093119415940926,0.40695569821701005,78.4147402704563,0.1601642710472279,0.0,1.0,36.5624514961285,0.6381551362155565
PL,PL,46,47,1.506874200677888,1.2789765460708074,619595835.9472761,316000000000.0,1000000000000.0,562138772902.2078,165,549082062229.96564,494655952453.6133,478721975095.3444,113.55803743750238,76.08315835983144,169.3491727601656,13.183815218841627,-3.77412528674693,253.08900016291238,0.17575757575757575,0.0,1.0,116.8139127779196,0.6513193210510524
PL,PL,47,48,1.2789765460708074,1.0717968600643704,699053818.7873163,100000000.0,316000000.0,177763888.34631178,64052,250077414.04301226,247732969.00093555,243831813.73364303,0.00893436262204221,0.011731056520180316,0.0453669106891706,0.0001792556524063189,-0.01678819853703844,0.04030294976699643,0.32792106413539,0.0,1.0,0.042282758827479824,0.2774430251357258
PL,PL,47,48,1.2789765460708074,1.0717968600643704,699053818.7873163,316000000.0,1000000000.0,562138772.9022079,88919,540431327.5329887,490157194.43559647,509337778.8139708,0.04447947766447716,0.03757595943967585,0.10972078218559692,0.00036795237461070926,-0.01478353594765525,0.10685616010498837,0.22789280131355502,0.0,1.0,0.09137541497834686,0.41122614270567404
PL,PL,47,48,1.2789765460708074,1.0717968600643704,699053818.7873163,1000000000.0,3160000000.0,1777638883.4631178,31594,1705542058.6911836,1540252715.3491974,1591781745.3555532,0.16273469978745864,0.1257307517515988,0.34069356705911324,0.0019167330280716935,-0.017388226789677417,0.3465331423632979,0.1849718300943217,0.0,1.0,0.28837079835350216,0.4360037579029432
PL,PL,47,48,1.2789765460708074,1.0717968600643704,699053818.7873163,3160000000.0,10000000000.0,5621387729.0220785,11254,5376991410.121542,4874360263.347626,4980579838.580404,0.567068744762473,0.4168036972913185,1.07943653829408,0.010175216514561618,-0.03343020853917865,1.1754334285515493,0.17238315265683313,0.0,1.0,0.9091346049047672,0.45846203086173265
PL,PL,47,48,1.2789765460708074,1.0717968600643704,699053818.7873163,10000000000.0,31600000000.0,17776388834.631176,4059,17081877786.439463,15457710027.694702,15652913085.622545,2.0441411840018455,1.427550089293312,3.7081585451606687,0.058203455448761175,-0.05223059001600531,4.324030509974056,0.16654348361665436,0.0,1.0,2.8881813318826044,0.49427301310156707
PL,PL,47,48,1.2789765460708074,1.0717968600643704,699053818.7873163,31600000000.0,100000000000.0,56213877290.22079,1366,53625603710.05168,48483014106.75049,48664523028.8736,7.0968508401603865,4.7063819387685,11.689040367148431,0.3162667303601009,-0.4225147724647633,14.226773797134785,0.17130307467057102,0.0,1.0,9.06694623873603,0.5190702376354432
PL,PL,47,48,1.2789765460708074,1.0717968600643704,699053818.7873163,100000000000.0,316000000000.0,177763888346.31177,493,172713797184.3232,155083665847.77832,156746588517.39606,22.841172221369604,14.873063502342678,35.80197761994517,1.6124399773403864,-1.6237173893762007,48.21916785318227,0.18052738336713997,0.0,1.0,29.202220682220226,0.5093127561835783
PL,PL,47,48,1.2789765460708074,1.0717968600643704,699053818.7873163,316000000000.0,1000000000000.0,562138772902.2078,157,552985130601.6278,497420730590.8203,499155590276.05,77.00342788908392,53.78620092933687,125.88826744284775,10.046977515448916,-2.715844434743671,172.5530838543538,0.16560509554140126,0.0,1.0,93.49799541828875,0.5752658192157987
PL,PL,48,49,1.0717968600643704,0.8834516909676096,784054791.209321,100000000.0,316000000.0,177763888.34631178,63579,249641115.62641987,247198045.25375366,244411400.27648702,0.006670089142452076,0.008980790682476536,0.0383998502503282,0.000152290455029682,-0.015224101503645171,0.033047990746820806,0.3407099828559745,0.0,1.0,0.03369645245295361,0.2665203613055516
PL,PL,48,49,1.0717968600643704,0.8834516909676096,784054791.209321,316000000.0,1000000000.0,562138772.9022079,86366,540319460.0445397,490016266.70360565,513869065.9676992,0.03373538989034609,0.028800016934969492,0.09374065957668476,0.0003189749676134672,-0.015333715261774265,0.08445435457123161,0.2453280226014867,0.0,1.0,0.07293209273284285,0.39488811928744016
PL,PL,48,49,1.0717968600643704,0.8834516909676096,784054791.209321,1000000000.0,3160000000.0,1777638883.4631178,30811,1701677180.593312,1538235545.1583862,1604533519.4747117,0.12389907211556776,0.09569259893810675,0.29209446132404004,0.0016640655316254526,-0.025114000003811025,0.2736455288014088,0.202914543507189,0.0,1.0,0.2296916678258517,0.4166132792011386
PL,PL,48,49,1.0717968600643704,0.8834516909676096,784054791.209321,3160000000.0,10000000000.0,5621387729.0220785,11019,5356479535.865334,4837158024.311066,5023473161.73376,0.42472334569622006,0.32046622869288094,0.8975444785267327,0.008550369600453972,-0.052322591960863425,0.8954958968025172,0.18704056629458207,0.0,1.0,0.7230153476225021,0.44323572071695705
PL,PL,48,49,1.0717968600643704,0.8834516909676096,784054791.209321,10000000000.0,31600000000.0,17776388834.631176,3954,16979011539.021225,15433802008.628845,15791054864.724476,1.5151449715197194,1.1073959142122898,2.9236905876662553,0.04649573068877745,-0.11746737564896285,3.1702906599974896,0.17678300455235205,0.0,1.0,2.291819813363427,0.4831950172326587
PL,PL,48,49,1.0717968600643704,0.8834516909676096,784054791.209321,31600000000.0,100000000000.0,56213877290.22079,1365,53465455299.76871,48527369499.20654,48749807929.81801,6.0144360098575484,3.963027454378524,10.320318896871532,0.2793359238252121,-0.18942710926605277,12.943955263570503,0.16703296703296702,0.0,1.0,7.216744596992608,0.5491433708254014
PL,PL,48,49,1.0717968600643704,0.8834516909676096,784054791.209321,100000000000.0,316000000000.0,177763888346.31177,483,169906700442.2964,152721424102.7832,154840208955.9267,19.21612067841744,13.353572573676372,32.41413657475012,1.4748942832498368,-2.036943450269751,39.32915418981347,0.18840579710144928,0.0,1.0,22.933934734772347,0.5822626046558742
PL,PL,48,49,1.0717968600643704,0.8834516909676096,784054791.209321,316000000000.0,1000000000000.0,562138772902.2078,171,539369276392.5296,499779586791.9922,483898354190.13477,70.7487828967115,49.24079712670121,98.56635295070777,7.537557399043811,-6.104237321441152,155.95758667796665,0.19883040935672514,0.0,1.0,72.80383734441777,0.6763489250402368
PL,PL,49,50,0.8834516909676096,0.7122288099705543,873244859.7008324,100000000.0,316000000.0,177763888.34631178,62619,249088289.21726134,246379002.92873383,244882708.98689288,0.004816037774112098,0.006783267777211053,0.03246698492017661,0.00012974448167222052,-0.014222032663224176,0.02712959941220471,0.3578466599594372,0.0,1.0,0.026984233128876753,0.2513789346843452
PL,PL,49,50,0.8834516909676096,0.7122288099705543,873244859.7008324,316000000.0,1000000000.0,562138772.9022079,83735,540371771.1212857,489246137.4402046,517891061.99860513,0.02574387798902374,0.022121123705400703,0.07899004272975467,0.0002729724617879791,-0.015383361688884656,0.0680081191811041,0.2625664298083239,0.0,1.0,0.058539555970382934,0.37788335320808547
PL,PL,49,50,0.8834516909676096,0.7122288099705543,873244859.7008324,1000000000.0,3160000000.0,1777638883.4631178,29809,1702314034.9346611,1542004048.8243103,1619895015.165208,0.0943824848825209,0.07470197007959391,0.24787829695685518,0.0014357036356639145,-0.02641357584491002,0.21564380965617921,0.21366030393505317,0.0,1.0,0.18441508800588163,0.4050751534885877
PL,PL,49,50,0.8834516909676096,0.7122288099705543,873244859.7008324,3160000000.0,10000000000.0,5621387729.0220785,10756,5362659048.645103,4845124483.1085205,5073509627.143416,0.3311206682633641,0.23898992437907052,0.7947190371424261,0.007662812864984582,-0.05849732902200574,0.7142339157824876,0.19942357753811826,0.0,1.0,0.5809475925747053,0.4113794900498504
PL,PL,49,50,0.8834516909676096,0.7122288099705543,873244859.7008324,10000000000.0,31600000000.0,17776388834.631176,3769,17048156831.396704,15556601285.934448,15984358553.561901,1.2182130430166553,0.8408683039420853,2.530458812961817,0.041217932546538744,-0.17472109806436434,2.578744797574038,0.1902361369063412,0.0,1.0,1.8468609656506574,0.45529594245652577
PL,PL,49,50,0.8834516909676096,0.7122288099705543,873244859.7008324,31600000000.0,100000000000.0,56213877290.22079,1376,53504006938.87888,48436789512.63428,49348543351.29954,4.75864649120634,3.1263501068837996,8.797716409571986,0.2371705395753861,-0.2760020158565152,9.478598342217769,0.17732558139534885,0.0,1.0,5.796196204585346,0.5393796201050884
PL,PL,49,50,0.8834516909676096,0.7122288099705543,873244859.7008324,100000000000.0,316000000000.0,177763888346.31177,472,169965592461.11725,152446579933.1665,155903400945.4614,16.10337737398586,11.125728900532433,26.045120637696822,1.1988238489581744,0.6844828151159008,30.052381616704146,0.1440677966101695,0.0,1.0,18.41271295921132,0.6042416956794284
PL,PL,49,50,0.8834516909676096,0.7122288099705543,873244859.7008324,316000000000.0,1000000000000.0,562138772902.2078,171,550060089178.2527,497202262878.41797,498566691080.7292,58.96788000007781,43.26348662677883,88.79859490118181,6.7905982719764495,-2.2611710189908827,108.48944938119959,0.18128654970760233,0.0,1.0,59.58911086474362,0.7260300749406889
PL,PL,50,51,0.7122288099705543,0.5565716454277756,964738966.0656586,100000000.0,316000000.0,177763888.34631178,61661,248112695.17416015,244952179.49151993,244946436.02742255,0.003281985343299665,0.0050238030473867806,0.0281283153659493,0.00011327613978392497,-0.012606657841262319,0.022236791102239098,0.37308833784726164,0.0,1.0,0.0217026275135339,0.2314836323046094
PL,PL,50,51,0.7122288099705543,0.5565716454277756,964738966.0656586,316000000.0,1000000000.0,562138772.9022079,81021,539719911.1358427,489220991.73069,521322770.70490736,0.019069552571263294,0.01683329177644696,0.06856063993339837,0.00024086631197736956,-0.014979541409428298,0.053994054175813606,0.28260574418977796,0.0,1.0,0.04720975758534546,0.3565638257306417
PL,PL,50,51,0.7122288099705543,0.5565716454277756,964738966.0656586,1000000000.0,3160000000.0,1777638883.4631178,28990,1700514984.5821602,1540024802.0887375,1632078699.9474933,0.07093761840444789,0.05692300956608924,0.2091564644230398,0.0012284208644764239,-0.027138905990985025,0.16892730288337915,0.22980338047602622,0.0,1.0,0.1487454854563727,0.3826873090732213
PL,PL,50,51,0.7122288099705543,0.5565716454277756,964738966.0656586,3160000000.0,10000000000.0,5621387729.0220785,10481,5351389988.911378,4842018485.069275,5101761538.9316635,0.2587523244735664,0.19206600104000962,0.6666503982407016,0.006511735961022561,-0.06721157780024092,0.5645451386231295,0.205228508730083,0.0,1.0,0.46809061312834166,0.410317993254329
PL,PL,50,51,0.7122288099705543,0.5565716454277756,964738966.0656586,10000000000.0,31600000000.0,17776388834.631176,3682,17062428449.23756,15454539656.6391,16211990947.829582,0.8815208375755584,0.6493798753119948,2.3120749090069395,0.038103073511049516,-0.20763177991099538,1.943707559825795,0.2066811515480717,0.0,1.0,1.4924650624999207,0.4351055791043211
PL,PL,50,51,0.7122288099705543,0.5565716454277756,964738966.0656586,31600000000.0,100000000000.0,56213877290.22079,1340,53542551248.82086,48253734111.78589,50541930314.320244,3.110293084498886,2.251392806797089,6.7769175538042825,0.18513127962292425,-0.7442594085053535,6.572074364606394,0.22313432835820896,0.0,1.0,4.683412289974904,0.48071633830237764
PL,PL,50,51,0.7122288099705543,0.5565716454277756,964738966.0656586,100000000000.0,316000000000.0,177763888346.31177,455,168622730779.12384,152070198059.08203,156992715898.4509,12.055089811601324,7.7129731134760515,21.59742270080842,1.0125027931774195,-1.2463196423716483,22.59796515904475,0.1912087912087912,0.0,1.0,14.749573027069195,0.5229285688013339
PL,PL,50,51,0.7122288099705543,0.5565716454277756,964738966.0656586,316000000000.0,1000000000000.0,562138772902.2078,172,553384063410.2046,500064411163.3301,518196265087.5712,36.47390595834856,23.419148091130907,91.41525068989795,6.970347518403045,-12.520449763252612,80.58607025253636,0.23255813953488372,0.0,1.0,48.4049725536506,0.483816989363517
PL,PL,51,52,0.5565716454277756,0.4150651322070684,1056219583.1531391,100000000.0,316000000.0,177763888.34631178,60775,247479958.8552501,243999715.89446068,245297921.49277297,0.002065893680898353,0.0036380160639843773,0.02378907896388282,9.649729604486977e-05,-0.011617830727668218,0.01827934525466425,0.3934841628959276,0.0,1.0,0.017592503251349503,0.2067935422268749
PL,PL,51,52,0.5565716454277756,0.4150651322070684,1056219583.1531391,316000000.0,1000000000.0,562138772.9022079,78268,539762423.8586254,489997193.2172775,524895124.22469383,0.014075955294776987,0.012676756428583,0.05719863471950679,0.00020445302686035043,-0.014428016716847193,0.0431460159258764,0.3056293759901876,0.0,1.0,0.03836986332393561,0.3303831530897082
PL,PL,51,52,0.5565716454277756,0.4150651322070684,1056219583.1531391,1000000000.0,3160000000.0,1777638883.4631178,28193,1701433586.5596921,1541970223.1884003,1644749909.9781535,0.053666564685650446,0.04297216568480118,0.17840966574341605,0.0010625459832927136,-0.028522110838504214,0.1310290960424349,0.2502748909303728,0.0,1.0,0.12094909035043924,0.35529135076827073
PL,PL,51,52,0.5565716454277756,0.4150651322070684,1056219583.1531391,3160000000.0,10000000000.0,5621387729.0220785,10175,5355732052.302771,4840154349.803925,5148555328.036116,0.196149292790206,0.14626568680509705,0.5504520692228406,0.005456979215950224,-0.07102390967668412,0.44628468031232,0.22103194103194104,0.0,1.0,0.38072066109645075,0.3841811116419618
PL,PL,51,52,0.5565716454277756,0.4150651322070684,1056219583.1531391,10000000000.0,31600000000.0,17776388834.631176,3581,17086034461.593733,15514687299.728394,16358395158.595392,0.6889091194712693,0.5083253061132011,1.9132127579229106,0.03197135977956557,-0.19274459700596755,1.5773654094310954,0.2063669366098855,0.0,1.0,1.2145877112985495,0.41851675377954917
PL,PL,51,52,0.5565716454277756,0.4150651322070684,1056219583.1531391,31600000000.0,100000000000.0,56213877290.22079,1290,53584280976.95343,47879986763.00049,50969011656.997734,2.4760659257503184,1.750651104198105,6.157178195083079,0.17143001674244546,-0.638276191504301,5.625956370666931,0.20387596899224805,0.0,1.0,3.809123137359372,0.45959425334086795
PL,PL,51,52,0.5565716454277756,0.4150651322070684,1056219583.1531391,100000000000.0,316000000000.0,177763888346.31177,458,171919630375.4915,153970432281.49414,161305660826.67053,10.049017948649444,6.547549844788412,23.524641444283645,1.099234305838041,-1.4453187276972328,22.90096920588005,0.1965065502183406,0.0,1.0,12.221178112126053,0.5357543916565479
PL,PL,51,52,0.5565716454277756,0.4150651322070684,1056219583.1531391,316000000000.0,1000000000000.0,562138772902.2078,161,554012856098.4357,493299865722.65625,526262258328.266,26.273511884077752,20.527797650479464,60.06015524592127,4.733403334964646,-9.357153934801339,57.94599016284431,0.2111801242236025,0.0,1.0,39.38287777840557,0.5212366086090151
PL,PL,52,53,0.4150651322070684,0.2864228474609716,1145147894.303131,100000000.0,316000000.0,177763888.34631178,59639,247091910.96702957,243705287.57572174,245329128.58808082,0.0015393490986781472,0.0026897188681442486,0.019720483418145963,8.075183136005014e-05,-0.010493806339977374,0.015295985185701463,0.4079209912976408,0.0,1.0,0.01436890349131899,0.18719026610271614
PL,PL,52,53,0.4150651322070684,0.2864228474609716,1145147894.303131,316000000.0,1000000000.0,562138772.9022079,75745,539691824.9600233,490114167.33264923,527924625.76307344,0.01027570260181165,0.009215438165572357,0.04883197682998691,0.00017743010963901723,-0.014024101107071182,0.03492510432873365,0.3294870948577464,0.0,1.0,0.03138419107916141,0.2936331270201594
PL,PL,52,53,0.4150651322070684,0.2864228474609716,1145147894.303131,1000000000.0,3160000000.0,1777638883.4631178,27427,1700564931.828068,1539540439.8441315,1655847741.6964345,0.039049270713496655,0.03170707218923405,0.15646096263650106,0.0009447498783839446,-0.02818774234950243,0.10337730654334873,0.2710467787216976,0.0,1.0,0.09889135298087298,0.3206253250005251
PL,PL,52,53,0.4150651322070684,0.2864228474609716,1145147894.303131,3160000000.0,10000000000.0,5621387729.0220785,9924,5368372069.99533,4858464151.620865,5198711841.9771805,0.14815573504712568,0.11320661278080725,0.4971978925597498,0.00499098082520128,-0.07133999179608352,0.3507467392758825,0.23690044336960903,0.0,1.0,0.3121818916587197,0.3626302992121203
PL,PL,52,53,0.4150651322070684,0.2864228474609716,1145147894.303131,10000000000.0,31600000000.0,17776388834.631176,3463,16951939058.276293,15327672958.374023,16351889477.208485,0.5239930877513107,0.37862851246141005,1.6001534205677923,0.027191638536176323,-0.21005303604236467,1.1885460450959788,0.2301472711521802,0.00028876696505919725,1.0,0.9857901675769339,0.3840863146282708
PL,PL,52,53,0.4150651322070684,0.2864228474609716,1145147894.303131,31600000000.0,100000000000.0,56213877290.22079,1257,53120605410.71015,47690324783.325195,50822311730.82866,2.0069841557715122,1.363586473397114,4.7925046603408425,0.13517454145742422,-0.5344027104221445,4.096131535831117,0.21161495624502785,0.0,1.0,3.0890726028209787,0.4414226043608914
PL,PL,52,53,0.4150651322070684,0.2864228474609716,1145147894.303131,100000000000.0,316000000000.0,177763888346.31177,458,169753458177.15845,153499803543.09082,162508797635.15753,6.326397295966316,4.952532313592284,16.828651617296924,0.7863512488614219,-2.651827582127714,15.121112341933069,0.2423580786026201,0.0,1.0,9.871513188429352,0.5016994070774551
PL,PL,52,53,0.4150651322070684,0.2864228474609716,1145147894.303131,316000000000.0,1000000000000.0,562138772902.2078,159,573103483068.1183,523340072631.83594,539343278752.9328,29.481086664120358,19.218394551672365,61.11109157692459,4.846424808004677,-9.631425594152699,61.07114399046068,0.22012578616352202,0.0,1.0,33.327147807130636,0.5766588447019886
PL,PL,53,54,0.2864228474609716,0.16947531587361064,1229059140.4331608,100000000.0,316000000.0,177763888.34631178,58265,246602153.01665026,242834445.0891018,245538103.06149808,0.0008657434944726449,0.001730282253977199,0.01723479835215943,7.140067724146411e-05,-0.009682384398807031,0.012857895165386851,0.4320604136273921,0.0,1.0,0.01180371225954583,0.14658797299789267
PL,PL,53,54,0.2864228474609716,0.16947531587361064,1229059140.4331608,316000000.0,1000000000.0,562138772.9022079,73467,539560875.1706771,489947088.0627632,530289768.6571305,0.007543255005840622,0.0068100425067677385,0.04252534385636468,0.000156892318533512,-0.013383785064781203,0.028416421274274,0.3527297970517375,0.0,1.0,0.025826300537584456,0.2636863338927397
PL,PL,53,54,0.2864228474609716,0.16947531587361064,1229059140.4331608,1000000000.0,3160000000.0,1777638883.4631178,26591,1699761636.8732126,1538132429.1229248,1663376350.8875751,0.02960417834150284,0.02417800144712476,0.12924277169514395,0.0007925723698389821,-0.027761503712535135,0.08175336622743627,0.2952126659396036,3.760670903689218e-05,1.0,0.08135978143755854,0.29717387411716106
PL,PL,53,54,0.2864228474609716,0.16947531587361064,1229059140.4331608,3160000000.0,10000000000.0,5621387729.0220785,9648,5348030920.503398,4844985753.297806,5221791537.895576,0.1027122116868447,0.08141449933188458,0.4038885906253158,0.0041119037248788385,-0.07691773684031727,0.2708970779086874,0.2606757877280265,0.0,1.0,0.25598567315230986,0.31804318706322077
PL,PL,53,54,0.2864228474609716,0.16947531587361064,1229059140.4331608,10000000000.0,31600000000.0,17776388834.631176,3387,16955415857.271137,15324048995.97168,16436672145.93248,0.42206570397892706,0.2953920308381117,1.3611531573628408,0.023388339890005057,-0.17440544835586158,0.9474060985724473,0.23472099202834368,0.0,1.0,0.8115778697465635,0.36397250571945194
PL,PL,53,54,0.2864228474609716,0.16947531587361064,1229059140.4331608,31600000000.0,100000000000.0,56213877290.22079,1238,53121279283.563614,47878611087.79907,51179712570.73428,1.5797178906663998,1.0131099332895843,4.686997193528547,0.13320924632114647,-0.5321918585780885,3.248725419331321,0.23747980613893377,0.0,1.0,2.542671618442122,0.3984430887344824
PL,PL,53,54,0.2864228474609716,0.16947531587361064,1229059140.4331608,100000000000.0,316000000000.0,177763888346.31177,441,168032368424.25772,150631322860.71777,161086458500.2804,5.651404147671328,3.5282311955198087,17.123290568525153,0.8153947889773883,-2.654327346457457,12.262882529815707,0.2494331065759637,0.0,1.0,8.042937593638998,0.4386744463005927
PL,PL,53,54,0.2864228474609716,0.16947531587361064,1229059140.4331608,316000000000.0,1000000000000.0,562138772902.2078,161,570305933152.6667,518943977355.95703,550684328730.8024,15.964735769304877,13.733413257524031,48.4559290491972,3.8188621927655846,-7.616991058388592,41.553152125052556,0.2422360248447205,0.0,1.0,27.29792523097453,0.503093665226284
PL,PL,54,55,0.16947531587361064,0.06315937806691885,1305873471.9289856,100000000.0,316000000.0,177763888.34631178,57239,246268683.67750937,242497101.42612457,245717515.94138902,0.00042206825390688044,0.0011299192759361971,0.01486218991024834,6.212076389369699e-05,-0.008833827201533534,0.010823033419807402,0.44995544995544995,0.0,1.0,0.00975343644776072,0.11584832504810282
PL,PL,54,55,0.16947531587361064,0.06315937806691885,1305873471.9289856,316000000.0,1000000000.0,562138772.9022079,70989,540402569.6948599,490678809.5831871,533199164.4032713,0.0055161586833890565,0.00481322190724362,0.037095025675030105,0.00013922593616160988,-0.012450918791244775,0.02327243855825591,0.37760779839130004,0.0,1.0,0.02140256747637279,0.2248899302645415
PL,PL,54,55,0.16947531587361064,0.06315937806691885,1305873471.9289856,1000000000.0,3160000000.0,1777638883.4631178,25683,1698163733.5001612,1534373760.2233887,1669965579.8655806,0.02159332756252978,0.017704773985021655,0.11175086311901734,0.000697313398869446,-0.02573980216059718,0.0662152453631644,0.3160845695596309,0.0,1.0,0.06725553491111023,0.26324634854843637
PL,PL,54,55,0.16947531587361064,0.06315937806691885,1305873471.9289856,3160000000.0,10000000000.0,5621387729.0220785,9352,5353696521.26644,4833770692.34848,5251799103.659733,0.07803008468821172,0.05859713410795722,0.36828250066873136,0.00380827966986774,-0.07298275335321415,0.21531303772791846,0.28731822070145424,0.0,1.0,0.21203239486652856,0.2763593466217429
PL,PL,54,55,0.16947531587361064,0.06315937806691885,1305873471.9289856,10000000000.0,31600000000.0,17776388834.631176,3301,17038116267.29009,15352672338.485718,16633211701.01596,0.3100641639316079,0.21664873105529156,1.2581808696700951,0.021898799907386742,-0.20622375408827376,0.7515249048145556,0.25689185095425626,0.0,1.0,0.6747921892504456,0.3210599270509391
PL,PL,54,55,0.16947531587361064,0.06315937806691885,1305873471.9289856,31600000000.0,100000000000.0,56213877290.22079,1205,53789308733.959915,48491425514.22119,52388731296.626366,1.0725215477918144,0.8321578111647933,3.956487198878982,0.11397674274990585,-0.7079908217519826,2.6803926663719766,0.26556016597510373,0.0,1.0,2.130317978199235,0.390626103558596
PL,PL,54,55,0.16947531587361064,0.06315937806691885,1305873471.9289856,100000000000.0,316000000000.0,177763888346.31177,431,168118440070.451,151115016937.25586,163501387051.80582,3.535605185259677,2.682793879980912,11.715065410460246,0.5642948447924265,-2.5250776715219914,9.406929584071223,0.24361948955916474,0.0,1.0,6.658307083295474,0.4029243239188489
PL,PL,54,55,0.16947531587361064,0.06315937806691885,1305873471.9289856,316000000000.0,1000000000000.0,562138772902.2078,158,572268954168.3921,517764091491.6992,545341358788.4059,20.62037093089114,10.339342445185734,47.44657540420183,3.77464686720058,-6.048213060873819,43.8465630383782,0.25949367088607594,0.0,1.0,22.664631134411863,0.4561884278578635
PL,PL,55,56,0.06315937806691885,-2.220446049250313e-16,875738675.5472679,100000000.0,316000000.0,177763888.34631178,58357,245272675.24201894,241115745.1570034,245279787.82515094,-8.121809999487662e-06,0.000616600412702578,0.016649107442578914,6.891987436845856e-05,-0.010701704001215456,0.011782181050581078,0.47487019552067444,0.0,1.0,0.008618593647650082,0.07154304262513853
PL,PL,55,56,0.06315937806691885,-2.220446049250313e-16,875738675.5472679,316000000.0,1000000000.0,562138772.9022079,70184,540196462.9388292,490363594.14458275,537136391.197073,0.0034942749785991448,0.0035291068257075732,0.039877540952255264,0.0001505252341783784,-0.01552743875680256,0.02326046636578232,0.4194260800182378,0.0,1.0,0.018981869053997413,0.18591988047480365
PL,PL,55,56,0.06315937806691885,-2.220446049250313e-16,875738675.5472679,1000000000.0,3160000000.0,1777638883.4631178,25486,1696780802.174686,1531561389.5654678,1683451067.8565316,0.015221132388408205,0.013105151579396117,0.1270302642744071,0.000795712832878684,-0.031272237347808506,0.059623111697173964,0.3679274896021345,0.0,1.0,0.059622883913373136,0.21980069931600024
PL,PL,55,56,0.06315937806691885,-2.220446049250313e-16,875738675.5472679,3160000000.0,10000000000.0,5621387729.0220785,9226,5366686624.623213,4846071004.867554,5307961885.954433,0.06705737717028662,0.048451222550071324,0.41916335432786306,0.004363918005770351,-0.08056310843779627,0.186946949383848,0.3201820940819423,0.0,1.0,0.18857906289914517,0.25692789965757623
PL,PL,55,56,0.06315937806691885,-2.220446049250313e-16,875738675.5472679,10000000000.0,31600000000.0,17776388834.631176,3275,17085182024.68639,15425863265.99121,16855944450.938974,0.2617648165466268,0.17639799893585656,1.188330471072322,0.020764983064596197,-0.2247558742664981,0.6445111836685844,0.2818320610687023,0.0,1.0,0.6003532236993405,0.2938236890757456
PL,PL,55,56,0.06315937806691885,-2.220446049250313e-16,875738675.5472679,31600000000.0,100000000000.0,56213877290.22079,1176,53442289073.04556,48010041713.7146,52696957200.968346,0.8510893636294429,0.5679077397252904,3.887342226814043,0.11335720132462995,-0.8147745517189728,2.1740461908883075,0.2857142857142857,0.0,1.0,1.8778992509717718,0.3024165111261483
PL,PL,55,56,0.06315937806691885,-2.220446049250313e-16,875738675.5472679,100000000000.0,316000000000.0,177763888346.31177,427,166803957539.3641,150160655975.3418,164229502141.89444,2.9397529986452002,1.8638462001678364,11.62846657606882,0.562740939625474,-2.85500296040713,7.4685790540944295,0.27634660421545665,0.0,1.0,5.861295097112279,0.3179922132032064
PL,PL,55,56,0.06315937806691885,-2.220446049250313e-16,875738675.5472679,316000000000.0,1000000000000.0,562138772902.2078,158,563696374410.3154,511137294769.2871,550561434709.5731,14.998697747971455,9.936309550046676,41.65310524652043,3.313743128740765,-6.31099828366779,35.66510111150015,0.23417721518987342,0.0,1.0,19.807628334066592,0.5016405489069831
BT_soft,BT kp=1,18,19,35.15161683067906,31.86510620970823,12185207.548046157,316000000.0,1000000000.0,562138772.9022079,70,442852728.6010129,430039633.0654621,276304112.74731153,13.668098405136039,12.672157053315614,5.9773524535868345,0.7144302660602118,8.855142543486183,17.504446385898415,0.0,0.0,1.0,78.79545565798189,0.16082345038170914
BT_soft,BT kp=1,19,20,31.86510620970823,28.87736928155293,14057824.641014814,100000000.0,316000000.0,177763888.34631178,230,267157718.2962843,269616590.8128023,212959900.0124828,3.8553488656897223,3.9222889737686897,2.2180184048901253,0.14625180258170192,1.6528211550288945,5.991337702344553,0.043478260869565216,0.0,1.0,37.42010703219056,0.10481768452438017
BT_soft,BT kp=1,19,20,31.86510620970823,28.87736928155293,14057824.641014814,316000000.0,1000000000.0,562138772.9022079,371,446822738.2699113,404902845.621109,290893486.51769984,11.091990100465152,9.718700854446675,5.649670504219551,0.2933162778143385,6.429897872173867,15.92978461354919,0.0026954177897574125,0.0,1.0,62.585332728188284,0.15528719638921717
BT_soft,BT kp=1,20,21,28.87736928155293,26.16124480141175,16218177.243445203,100000000.0,316000000.0,177763888.34631178,953,267897357.32961676,272588692.60549545,214423012.33239463,3.2971858794325675,3.4293991209750088,1.9054768715239139,0.061724450368193434,1.3166005498690334,5.220968993048323,0.05036726128016789,0.0,1.0,29.53652703538469,0.11610705337383087
BT_soft,BT kp=1,20,21,28.87736928155293,26.16124480141175,16218177.243445203,316000000.0,1000000000.0,562138772.9022079,1312,463662121.5698741,412008445.7099438,305191687.33096707,9.771161818012258,8.378244351263769,5.683513029087531,0.15690975431710244,5.087205520375323,14.632688861612234,0.001524390243902439,0.0,1.0,51.12020859609426,0.1638930000748059
BT_soft,BT kp=1,21,22,26.16124480141175,23.692040728556133,18710451.734156907,100000000.0,316000000.0,177763888.34631178,2545,265242788.34052312,267624668.77698898,217159844.4372591,2.5698440949710513,2.6160572914958937,1.666730097179711,0.0330385808695255,0.867687763637512,4.277311246946578,0.06797642436149312,0.0,1.0,23.016675080684216,0.11365921803759182
BT_soft,BT kp=1,21,22,26.16124480141175,23.692040728556133,18710451.734156907,316000000.0,1000000000.0,562138772.9022079,3899,472183625.19636494,424246750.77199936,315984217.03201437,8.348243558395781,7.142425598683692,5.000387685159604,0.08008055222910392,4.203436442269366,12.770490951148421,0.004616568350859195,0.0,1.0,40.974147299385436,0.17431541763386058
BT_soft,BT kp=1,21,22,26.16124480141175,23.692040728556133,18710451.734156907,1000000000.0,3160000000.0,1777638883.4631178,184,1362816155.280756,1257992461.323738,842053625.7124141,27.832707460379623,25.008351122581278,12.739831563503136,0.939192843403402,16.401709540659485,39.270914352633305,0.0,0.0,1.0,118.25956451843028,0.21147000857325013
BT_soft,BT kp=1,22,23,23.692040728556133,21.44730975323285,21585606.417292625,100000000.0,316000000.0,177763888.34631178,5797,264272049.53787735,266532804.8169613,219410226.54072836,2.078321179858509,2.0682589653382006,1.4430669739777835,0.018953300022599272,0.6017475908092502,3.567742711302587,0.07279627393479386,0.0,1.0,18.047136105274777,0.11460316768673864
BT_soft,BT kp=1,22,23,23.692040728556133,21.44730975323285,21585606.417292625,316000000.0,1000000000.0,562138772.9022079,9395,482340335.9530072,431254766.8814659,331992220.47653145,6.965202300549184,5.963916937193811,4.425740128868466,0.045660169270669036,3.2213295094614156,10.783665738699215,0.010005321979776476,0.0,1.0,32.939017604130854,0.18105934453995012
BT_soft,BT kp=1,22,23,23.692040728556133,21.44730975323285,21585606.417292625,1000000000.0,3160000000.0,1777638883.4631178,627,1373923052.0607374,1250219345.0927734,863306290.7121779,23.65542813471735,21.8358767535832,12.535602038492636,0.500623723357468,12.45174419012977,34.48125700805202,0.006379585326953748,0.0,1.0,93.82519400774089,0.2327293536081755
BT_soft,BT kp=1,23,24,21.44730975323285,19.40664523021168,24902402.092678517,100000000.0,316000000.0,177763888.34631178,11645,262421870.4402063,264859888.702631,222073857.34421033,1.6202458279259155,1.604651637232157,1.2993148482580212,0.012040503687969436,0.29486622261021694,2.96628465006118,0.10579647917561186,0.0,1.0,14.101348630918693,0.1137941965149198
BT_soft,BT kp=1,23,24,21.44730975323285,19.40664523021168,24902402.092678517,316000000.0,1000000000.0,562138772.9022079,18729,492125249.4873326,441440343.8568115,348805792.76338285,5.75524626863553,4.885158687268456,3.9748298568575113,0.02904432237517715,2.3844311069928033,9.187436767774921,0.01916813497784185,0.0,1.0,26.444555484105262,0.18473211584912913
BT_soft,BT kp=1,23,24,21.44730975323285,19.40664523021168,24902402.092678517,1000000000.0,3160000000.0,1777638883.4631178,1683,1446220724.1367884,1296928226.9477844,941175394.8160352,20.280988454091343,17.801419607070127,12.007294922558213,0.29268678884095106,9.445396883099027,31.05727108293641,0.0017825311942959,0.0,1.0,77.71327364637204,0.22906536775267047
BT_soft,BT kp=1,24,25,19.40664523021168,17.551495663828796,28728585.555879116,100000000.0,316000000.0,177763888.34631178,20406,260973279.7318062,262669632.21132755,224959932.8852615,1.2535718744835587,1.225639356279118,1.1472202412113819,0.008030967341028839,0.1264452749648825,2.4270762302914455,0.13295109281583847,0.0,1.0,11.033184741295514,0.11108663409683862
BT_soft,BT kp=1,24,25,19.40664523021168,17.551495663828796,28728585.555879116,316000000.0,1000000000.0,562138772.9022079,32962,499516847.14610463,447950344.5327282,361941296.2005051,4.788803496016374,4.055606377094985,3.5305951195478036,0.019446486166583753,1.7892072864380073,7.818770848102622,0.02960985377100904,0.0,1.0,21.118107039985816,0.19204402977103713
BT_soft,BT kp=1,24,25,19.40664523021168,17.551495663828796,28728585.555879116,1000000000.0,3160000000.0,1777638883.4631178,3760,1476104512.751261,1306759789.5860672,990476911.7290035,16.903985755848566,14.84021640882812,10.668969997197703,0.17399171599342417,7.433492445269086,26.238099049683377,0.007446808510638298,0.0,1.0,62.40536886910949,0.23780352039829047
BT_soft,BT kp=1,24,25,19.40664523021168,17.551495663828796,28728585.555879116,3160000000.0,10000000000.0,5621387729.0220785,203,4291884118.113025,3760987818.2411194,2644421329.786038,57.345767515165555,51.6468657929593,29.050580697874267,2.038951047428887,29.035546549215084,88.92647668192005,0.0,0.0,1.0,181.4482709189097,0.2846368583806488
BT_soft,BT kp=1,25,26,17.551495663828796,15.864996058026179,33142246.615712106,100000000.0,316000000.0,177763888.34631178,31737,259339497.32708994,260566286.74268723,227330884.50466833,0.9657949020042284,0.9350530466343943,1.0031555050206755,0.005630997374521755,0.008261693158161509,1.985290758075188,0.15808047389482308,0.0,1.0,8.624884545834393,0.10841339865656544
BT_soft,BT kp=1,25,26,17.551495663828796,15.864996058026179,33142246.615712106,316000000.0,1000000000.0,562138772.9022079,51429,507901800.4730733,455747358.5009575,377397315.19605964,3.9377078684564455,3.318813073469827,3.091157379964443,0.01363066602358974,1.3322647947978514,6.553692076172407,0.042155204262186705,0.0,1.0,16.89135066139456,0.19648002933566613
BT_soft,BT kp=1,25,26,17.551495663828796,15.864996058026179,33142246.615712106,1000000000.0,3160000000.0,1777638883.4631178,7239,1515389462.6043634,1344875842.33284,1040723570.9962422,14.322079523211658,12.343799517608094,9.806213321766936,0.11525560326384626,5.714499470786268,22.90086202991872,0.015471750241746098,0.0,1.0,50.39748781672138,0.24492886555175764
BT_soft,BT kp=1,25,26,17.551495663828796,15.864996058026179,33142246.615712106,3160000000.0,10000000000.0,5621387729.0220785,522,4532503565.609226,3994815498.5904694,2979023094.178388,46.87311905688263,41.437709089870594,29.03911340316527,1.2710074647928633,20.627890741148335,69.0677823185019,0.009578544061302681,0.0,1.0,150.73801083086627,0.2748988716347416
BT_soft,BT kp=1,26,27,15.864996058026179,14.331814598205613,38233370.82707757,100000000.0,316000000.0,177763888.34631178,44928,258043019.13759002,258975531.9058895,229277128.9085119,0.7523765131560308,0.725543501363045,0.8790235944366007,0.004147075951882484,-0.06867683827535737,1.6297686975252446,0.1828926282051282,0.0,1.0,6.749735551529511,0.1074921374065736
BT_soft,BT kp=1,26,27,15.864996058026179,14.331814598205613,38233370.82707757,316000000.0,1000000000.0,562138772.9022079,73205,515062376.2659888,463252142.07172394,392121172.1943882,3.2155470839241675,2.6757522523814874,2.7275976385241925,0.0100811466694347,0.9063985647669773,5.533439514799596,0.058602554470323066,0.0,1.0,13.472694762124549,0.19860557220547764
BT_soft,BT kp=1,26,27,15.864996058026179,14.331814598205613,38233370.82707757,1000000000.0,3160000000.0,1777638883.4631178,12271,1551239140.6152935,1375634819.2691803,1098717378.2124362,11.835779911991775,10.01034343630377,8.695884816332262,0.07850074899913366,4.236821311707879,19.45764178752552,0.025099828864803195,0.0,1.0,40.57638920567824,0.24670365284506213
BT_soft,BT kp=1,26,27,15.864996058026179,14.331814598205613,38233370.82707757,3160000000.0,10000000000.0,5621387729.0220785,1195,4631924258.864574,4108799099.92218,3111145281.455008,39.7762202105529,34.60895094786788,25.862703667794115,0.7481522236801808,17.099978166270944,62.1448525706297,0.0100418410041841,0.0,1.0,121.15911504422414,0.28564875977540205
BT_soft,BT kp=1,26,27,15.864996058026179,14.331814598205613,38233370.82707757,10000000000.0,31600000000.0,17776388834.631176,63,13559330739.672222,12318984270.095825,8435543742.44478,134.01347792224175,114.73300332534205,68.0718069403218,8.57624154566153,75.01925941411051,209.01142998474694,0.0,0.0,1.0,354.6768947844024,0.3234859812198504
BT_soft,BT kp=1,27,28,14.331814598205613,12.938013271096011,44105611.17019093,100000000.0,316000000.0,177763888.34631178,59793,257088753.14726785,257698781.78834915,231357462.7114711,0.5834017430686317,0.5625545386827335,0.7643248791647174,0.003125739812510769,-0.11642056283203889,1.3328725601333278,0.2076162761527269,0.0,0.9999832756342716,5.288256759646666,0.10637806828432447
BT_soft,BT kp=1,27,28,14.331814598205613,12.938013271096011,44105611.17019093,316000000.0,1000000000.0,562138772.9022079,96185,519309000.1680334,467334911.22722626,405474721.61893046,2.5809477644431467,2.1148443072691356,2.3601649862041287,0.00761007064731318,0.6032018970813607,4.572051267427499,0.07595778967614493,0.0,1.0,10.682067172774493,0.1979808096188782
BT_soft,BT kp=1,27,28,14.331814598205613,12.938013271096011,44105611.17019093,1000000000.0,3160000000.0,1777638883.4631178,18815,1573105576.406316,1400771290.063858,1146699957.6594596,9.667831539653289,8.15109419647792,7.527206405905223,0.05487590730072863,3.098356779562533,16.376643232000635,0.04018070688280627,0.0,1.0,32.358421347600576,0.2519002428739416
BT_soft,BT kp=1,27,28,14.331814598205613,12.938013271096011,44105611.17019093,3160000000.0,10000000000.0,5621387729.0220785,2372,4743792527.366247,4192329794.1684723,3283490231.0878997,33.10921802315491,28.62482352649905,22.918769603120094,0.4705805320563786,13.169524382328703,53.31348849544859,0.01475548060708263,0.0,1.0,97.57872560389949,0.29335106960399915
BT_soft,BT kp=1,27,28,14.331814598205613,12.938013271096011,44105611.17019093,10000000000.0,31600000000.0,17776388834.631176,164,14265214444.660559,12749914526.939392,9223132368.8132,114.31838131414632,101.83278325016883,69.95158597850383,5.462301166168606,53.20441769634219,171.4099252324909,0.0,0.0,1.0,293.43219332341755,0.3470402551840313
BT_soft,BT kp=1,28,29,12.938013271096011,11.670921155541825,50878301.841837466,100000000.0,316000000.0,177763888.34631178,74859,256183075.03013274,256122741.84823036,232999925.39421642,0.4556588721845424,0.4361052526458524,0.6635995173935707,0.00242540378428239,-0.13111164819013688,1.0917807767955443,0.223446746550181,0.0,1.0,4.143182355012542,0.1052585223815311
BT_soft,BT kp=1,28,29,12.938013271096011,11.670921155541825,50878301.841837466,316000000.0,1000000000.0,562138772.9022079,119200,522330341.37748945,470715034.7530842,416857196.19702,2.073047671841482,1.681602231342291,2.0335466751159705,0.005890009799244377,0.39370550910417057,3.7694802002520316,0.09337248322147651,8.389261744966442e-06,1.0,8.447512989015161,0.19906477013163346
BT_soft,BT kp=1,28,29,12.938013271096011,11.670921155541825,50878301.841837466,1000000000.0,3160000000.0,1777638883.4631178,26313,1598815841.2685153,1431495100.259781,1198817863.8303409,7.861857863920576,6.463831626734825,6.550930920237832,0.04038479074782961,2.1837159298532858,13.654688639227711,0.051533462547029986,0.0,1.0,25.857233471333323,0.24998156256356527
BT_soft,BT kp=1,28,29,12.938013271096011,11.670921155541825,50878301.841837466,3160000000.0,10000000000.0,5621387729.0220785,3975,4872648399.356026,4323765039.44397,3483808928.7281036,27.29728431081152,23.105583905223547,20.449002080629423,0.32434227052793585,9.110596153043499,45.0392469068392,0.02943396226415094,0.0,1.0,78.804077388865,0.29320289851510095
BT_soft,BT kp=1,28,29,12.938013271096011,11.670921155541825,50878301.841837466,10000000000.0,31600000000.0,17776388834.631176,372,14557293163.191889,13089622855.186462,9789267413.077816,93.71432570481944,83.14803303356187,60.94826447877581,3.1600203071072377,39.737132882208904,146.5441613368302,0.016129032258064516,0.0,1.0,235.4313225547283,0.35317319773469524
BT_soft,BT kp=1,29,30,11.670921155541825,10.51901923231075,58688735.33458358,100000000.0,316000000.0,177763888.34631178,89622,255502703.09731907,255396133.2887411,234471389.5845092,0.3583534965084988,0.3422332719520814,0.569060008716795,0.001900862707636074,-0.1374175901028573,0.8952756735324188,0.2389591841288969,0.0,1.0,3.2482343586399796,0.10535978447545666
BT_soft,BT kp=1,29,30,11.670921155541825,10.51901923231075,58688735.33458358,316000000.0,1000000000.0,562138772.9022079,140493,526320545.30081636,474741011.85798645,428719078.7325753,1.6630357769990531,1.3166496794925058,1.747757280144965,0.004662875036866262,0.2395590375154018,3.1149317703399695,0.10931505484259002,0.0,1.0,6.691171788711224,0.1967741557187106
BT_soft,BT kp=1,29,30,11.670921155541825,10.51901923231075,58688735.33458358,1000000000.0,3160000000.0,1777638883.4631178,33795,1623482897.5888853,1457291245.4605103,1253008443.8247209,6.312530874146381,5.085777647164481,5.686670403560201,0.03093369734714322,1.4649097038918517,11.302926788159281,0.07057256990679095,0.0,1.0,20.639519131051966,0.2464096966054299
BT_soft,BT kp=1,29,30,11.670921155541825,10.51901923231075,58688735.33458358,3160000000.0,10000000000.0,5621387729.0220785,6128,4945009475.179969,4412521123.886108,3631230682.771721,22.385535911080996,18.805495463414196,17.7503451810773,0.2267500673062741,6.934004560660352,37.974126822070986,0.041449086161879894,0.0,1.0,62.866456935141386,0.2991340116847306
BT_soft,BT kp=1,29,30,11.670921155541825,10.51901923231075,58688735.33458358,10000000000.0,31600000000.0,17776388834.631176,737,15058212320.710781,13287085294.72351,10332436497.491282,80.52270672179121,68.55019036673245,55.30075401981316,2.0370294555873856,32.24968022564265,131.33514576618543,0.013568521031207599,0.0,1.0,191.4367325546383,0.35808274332705414
BT_soft,BT kp=1,30,31,10.51901923231075,9.471835665737043,67694718.7794931,100000000.0,316000000.0,177763888.34631178,102612,254927740.68968552,254653133.45193863,235801024.69423288,0.28254369528818785,0.27120963448304447,0.49192275963818705,0.0015356697876124533,-0.13279725907637174,0.7330672936604841,0.25008770903987837,0.0,1.0,2.5471027573504985,0.10647769655165279
BT_soft,BT kp=1,30,31,10.51901923231075,9.471835665737043,67694718.7794931,316000000.0,1000000000.0,562138772.9022079,159617,529226935.50656897,477687269.449234,439214265.779413,1.3296852597964235,1.037145598981037,1.5046769931154547,0.003766202857628529,0.13577007454619794,2.5409034027969812,0.1255066816191258,6.264996836176598e-06,1.0,5.287754808660872,0.19614101570713618
BT_soft,BT kp=1,30,31,10.51901923231075,9.471835665737043,67694718.7794931,1000000000.0,3160000000.0,1777638883.4631178,41301,1638146604.1474059,1467097401.6189575,1296679498.7646582,5.044220753690298,3.979384890444286,4.859578200134856,0.023912131568614207,0.9548691433630894,9.354454942594101,0.08503426067165444,0.0,1.0,16.36749190605852,0.243127347383706
BT_soft,BT kp=1,30,31,10.51901923231075,9.471835665737043,67694718.7794931,3160000000.0,10000000000.0,5621387729.0220785,8585,5029862331.906654,4499418139.457703,3783821459.206545,18.406766364728213,15.13899990747233,15.348089873305582,0.16564723228319495,4.973268097161617,31.804209081053145,0.05171811298776936,0.0,1.0,50.255716306245084,0.3012393618114854
BT_soft,BT kp=1,30,31,10.51901923231075,9.471835665737043,67694718.7794931,10000000000.0,31600000000.0,17776388834.631176,1276,15287564722.908703,13635551333.42743,10941928034.081915,64.1946191250479,54.67315215802196,46.250843974281054,1.294775058329383,21.412327882716827,107.84180797771859,0.022727272727272728,0.0,1.0,152.7452373505872,0.35793686995643526
BT_soft,BT kp=1,30,31,10.51901923231075,9.471835665737043,67694718.7794931,31600000000.0,100000000000.0,56213877290.22079,120,47873901168.505356,43209679126.7395,32145109097.162884,232.3488797195096,196.69286945004967,155.2431850578894,14.171699059192497,108.35141479524859,369.9130123070869,0.0,0.0,1.0,478.3306255393295,0.4112069329206626
BT_soft,BT kp=1,31,32,9.471835665737043,8.519850605215494,78077415.13720101,100000000.0,316000000.0,177763888.34631178,113395,254287385.0920417,253706555.81355095,236943410.87105167,0.22213817133306038,0.21585164896687045,0.41858312067935227,0.0012430390116752695,-0.12280025409064664,0.5975623579727634,0.2602672075488337,0.0,1.0,1.9963513432246558,0.10812307648122237
BT_soft,BT kp=1,31,32,9.471835665737043,8.519850605215494,78077415.13720101,316000000.0,1000000000.0,562138772.9022079,175184,531549570.5242996,480129513.88955116,448409746.4364395,1.0648383267013046,0.8142540858045625,1.2775647382201458,0.003052359603323564,0.0768234301254989,2.0698261857501152,0.13587428075623345,0.0,1.0,4.173072520772423,0.19512100059402912
BT_soft,BT kp=1,31,32,9.471835665737043,8.519850605215494,78077415.13720101,1000000000.0,3160000000.0,1777638883.4631178,48437,1652226521.1851223,1481851786.3750458,1334879130.3176284,4.064522247692721,3.115082282660801,4.202985469909895,0.01909718126078148,0.6188502150133056,7.710700471760959,0.09977909449387865,0.0,1.0,12.971247605088326,0.24015286559165094
BT_soft,BT kp=1,31,32,9.471835665737043,8.519850605215494,78077415.13720101,3160000000.0,10000000000.0,5621387729.0220785,11125,5110981974.976787,4596815407.276154,3964138919.7144623,14.688537693608867,11.70595958983587,13.449591759649483,0.1275143590949332,3.1932961585341135,26.601482443212973,0.07038202247191011,0.0,1.0,40.125135296226844,0.29173632695356017
BT_soft,BT kp=1,31,32,9.471835665737043,8.519850605215494,78077415.13720101,10000000000.0,31600000000.0,17776388834.631176,1943,15500113264.04067,13915448188.781738,11537113859.060799,50.75730796179554,41.41693485930772,40.17272599600277,0.9113703645072443,15.115091404013999,88.66713337262308,0.04014410705095214,0.0,1.0,121.68779793618761,0.34035404996831753
BT_soft,BT kp=1,31,32,9.471835665737043,8.519850605215494,78077415.13720101,31600000000.0,100000000000.0,56213877290.22079,224,46045304749.693184,41460537910.461426,32859112633.658306,168.88612530094056,149.5698759783634,111.21759213223022,7.431037948942333,71.5826063284682,251.36960234893826,0.026785714285714284,0.0,1.0,361.49101911982916,0.41375820716802675
BT_soft,BT kp=1,32,33,8.519850605215494,7.654409641104996,90044456.23328698,100000000.0,316000000.0,177763888.34631178,122718,253753148.7941334,252859620.37742138,237521634.59246284,0.18026111634921682,0.1756740763246817,0.35326862253530567,0.00100844201279804,-0.10414116159029532,0.49025361302584003,0.2625124268648446,0.0,1.0,1.5649808351505943,0.11225318060062826
BT_soft,BT kp=1,32,33,8.519850605215494,7.654409641104996,90044456.23328698,316000000.0,1000000000.0,562138772.9022079,186842,533093743.1318492,482647698.37260246,457001025.9417609,0.8450572125500715,0.6384239546630905,1.0770624172744374,0.0024917451309193275,0.034778754050666605,1.6745101170854397,0.1467978291818756,0.0,1.0,3.2877680348190648,0.19418156874264544
BT_soft,BT kp=1,32,33,8.519850605215494,7.654409641104996,90044456.23328698,1000000000.0,3160000000.0,1777638883.4631178,54374,1656585923.9346607,1486906036.734581,1368778608.1241353,3.1962802358967553,2.384746294959141,3.5347417161010557,0.015158702995997256,0.3954894168478452,6.211386605066524,0.11358369809099937,0.0,1.0,10.216721388711774,0.23341600541187252
BT_soft,BT kp=1,32,33,8.519850605215494,7.654409641104996,90044456.23328698,3160000000.0,10000000000.0,5621387729.0220785,13758,5150031858.6817665,4612306803.46489,4091140536.9355626,11.759650355407002,9.041593347039782,11.616921628257638,0.09904063288877532,2.087102817527111,22.238928248289085,0.08780345980520425,0.0,1.0,31.76197496485329,0.2846672273070204
BT_soft,BT kp=1,32,33,8.519850605215494,7.654409641104996,90044456.23328698,10000000000.0,31600000000.0,17776388834.631176,2732,15672539092.523987,14011972546.577454,11973884444.39471,41.07587299485497,34.54724475697131,35.4601111495191,0.6784217222439076,10.071912769109446,72.45437818736052,0.06551976573938506,0.0,1.0,96.65780871884724,0.3574180422138514
BT_soft,BT kp=1,32,33,8.519850605215494,7.654409641104996,90044456.23328698,31600000000.0,100000000000.0,56213877290.22079,392,48027994292.12298,42854588031.7688,34825694044.02558,146.61980093358454,120.39690663222102,116.67497437067848,5.892976112305242,44.24090785317126,234.12342562604286,0.02806122448979592,0.0,1.0,296.2047603155981,0.4064651307559723
BT_soft,BT kp=1,33,34,7.654409641104996,6.867645128277267,103833283.33709192,100000000.0,316000000.0,177763888.34631178,129855,253208192.0272747,252129621.80376053,238030425.44411394,0.14617438739644387,0.14293084695102215,0.3013114532504345,0.0008361540580040015,-0.08951877615127321,0.40235523235816645,0.265557737476416,0.0,1.0,1.2264865666599034,0.11653682220121366
BT_soft,BT kp=1,33,34,7.654409641104996,6.867645128277267,103833283.33709192,316000000.0,1000000000.0,562138772.9022079,195860,534484825.9688139,483428575.09851456,464681112.3109421,0.6722672289121012,0.5046026535016381,0.9017656146101384,0.00203760874582637,0.011467891339835565,1.350235603732765,0.15466149290309406,0.0,1.0,2.588930689350265,0.19490774920215287
BT_soft,BT kp=1,33,34,7.654409641104996,6.867645128277267,103833283.33709192,1000000000.0,3160000000.0,1777638883.4631178,59368,1667736087.77275,1499488204.717636,1399643329.588232,2.581953970521785,1.8738740645105532,3.0292989339043577,0.012432713410061705,0.2440947713741767,5.1352922304894655,0.12459574181377173,0.0,1.0,8.078158498785417,0.23196797448233994
BT_soft,BT kp=1,33,34,7.654409641104996,6.867645128277267,103833283.33709192,3160000000.0,10000000000.0,5621387729.0220785,15916,5188138353.581942,4652948230.50499,4200068748.0292096,9.515923736563275,7.161076727128709,9.898582448643463,0.07846139756628294,1.6090684390659158,17.94380383041207,0.09349082684091481,0.0,1.0,25.130237476502575,0.2849585776427502
BT_soft,BT kp=1,33,34,7.654409641104996,6.867645128277267,103833283.33709192,10000000000.0,31600000000.0,17776388834.631176,3645,16047593252.812555,14418282508.850098,12456336243.775644,34.58676152402879,27.606611548245095,30.83720601390854,0.5107710287649245,7.790319878161077,61.239900578210836,0.06117969821673525,0.0,1.0,77.73112470893756,0.35515517949363823
BT_soft,BT kp=1,33,34,7.654409641104996,6.867645128277267,103833283.33709192,31600000000.0,100000000000.0,56213877290.22079,568,49232921877.37748,44424595832.82471,36480795306.63893,122.81347715201402,106.30141626700996,95.67190239836687,4.014303850274489,34.698279848166926,207.9197095270425,0.04929577464788732,0.0,1.0,238.4737904274268,0.4457572300774914
BT_soft,BT kp=1,33,34,7.654409641104996,6.867645128277267,103833283.33709192,100000000000.0,316000000000.0,177763888346.31177,65,150659207857.5721,137150430679.32129,107971259777.36253,411.12008315892626,384.6941576038034,263.7548288773118,32.71476019641947,166.72105933378901,681.0111286345091,0.06153846153846154,0.0,1.0,729.7611230565177,0.5271507969519638
BT_soft,BT kp=1,34,35,6.867645128277267,6.152404662070242,119714620.32581401,100000000.0,316000000.0,177763888.34631178,135358,252620838.5464622,251230746.50764465,238649997.05647528,0.11670121370275414,0.11430639022201725,0.25441155814446514,0.0006915042815118867,-0.0783140749305256,0.32970941709915774,0.27029063668198405,0.0,1.0,0.9608290748955279,0.11896641474389803
BT_soft,BT kp=1,34,35,6.867645128277267,6.152404662070242,119714620.32581401,316000000.0,1000000000.0,562138772.9022079,200766,535795215.1849927,485679432.74974823,471740674.64556605,0.535060298943408,0.3960463073265281,0.7605351595409341,0.0016973609760994187,-0.0066410360037245895,1.0926354196561991,0.16391719713497305,0.0,1.0,2.0378668042658843,0.1943435687246492
BT_soft,BT kp=1,34,35,6.867645128277267,6.152404662070242,119714620.32581401,1000000000.0,3160000000.0,1777638883.4631178,63126,1672962033.3752832,1507313624.0243912,1427860854.2025974,2.0473788289652615,1.4585425189918948,2.548822084201424,0.010144610707001907,0.1489585614135398,4.120392317216579,0.13381174159617273,0.0,1.0,6.363016495837002,0.22922186669579514
BT_soft,BT kp=1,34,35,6.867645128277267,6.152404662070242,119714620.32581401,3160000000.0,10000000000.0,5621387729.0220785,18102,5228780089.011048,4701938778.162003,4306994143.002119,7.699861082131877,5.647945735005273,8.501418769927929,0.06318705716362986,0.9854920776169084,14.866475735534218,0.11054027179317202,0.0,1.0,19.887369405721575,0.2839966221666484
BT_soft,BT kp=1,34,35,6.867645128277267,6.152404662070242,119714620.32581401,10000000000.0,31600000000.0,17776388834.631176,4479,16336755276.684465,14577244520.187378,12992391607.329685,27.936133951331882,21.06611029957627,27.69494922014964,0.41381863321772283,5.042237843949041,51.89916152382849,0.08774279973208306,0.0,1.0,62.13592492847496,0.33903269845625694
BT_soft,BT kp=1,34,35,6.867645128277267,6.152404662070242,119714620.32581401,31600000000.0,100000000000.0,56213877290.22079,822,49867184777.0394,44739117622.37549,37873098507.994865,100.18898474055676,84.46926295441946,81.01111342390905,2.8255870561530365,29.752967721745822,169.39188809664964,0.04744525547445255,0.0,1.0,189.66701754556476,0.4453555712928683
BT_soft,BT kp=1,34,35,6.867645128277267,6.152404662070242,119714620.32581401,100000000000.0,316000000000.0,177763888346.31177,109,154872697865.19742,141941890716.55273,108837717432.49455,384.5393345225049,324.25029593269346,282.4728478068645,27.055991849068864,154.92512502044593,604.1733886453756,0.027522935779816515,0.0,1.0,589.0495490102797,0.5504635331229747
BT_soft,BT kp=1,35,36,6.152404662070242,5.502186056427491,137995904.84494817,100000000.0,316000000.0,177763888.34631178,138850,252103194.07885242,250517204.40387726,239094545.57241127,0.0942683663044759,0.09361743366111243,0.21784732752490713,0.0005846275732652337,-0.06523598560302915,0.2696656025217718,0.27050054015124236,0.0,1.0,0.7527632816233093,0.12436503738496583
BT_soft,BT kp=1,35,36,6.152404662070242,5.502186056427491,137995904.84494817,316000000.0,1000000000.0,562138772.9022079,202967,536938144.0655317,486287362.8735542,478132553.0295068,0.4261401169991149,0.31257867848188414,0.6327816364541707,0.00140456276477684,-0.012991023474921478,0.8709828128573686,0.16934279956840276,0.0,1.0,1.6032613979062789,0.1949642640246219
BT_soft,BT kp=1,35,36,6.152404662070242,5.502186056427491,137995904.84494817,1000000000.0,3160000000.0,1777638883.4631178,65674,1680151044.5130801,1518705487.2512817,1456014060.0182314,1.6242292461264622,1.141282759358635,2.122883586724229,0.00828379694812756,0.0866589787780414,3.3171084924612155,0.14093857538752017,0.0,1.0,5.0168186821738905,0.22749133099306945
BT_soft,BT kp=1,35,36,6.152404662070242,5.502186056427491,137995904.84494817,3160000000.0,10000000000.0,5621387729.0220785,19684,5253695234.56852,4731712043.28537,4424369237.825707,6.009787012698968,4.349629016272479,7.067018519987931,0.05037088151123906,0.6363300824725807,12.031447897893617,0.12060556797398903,0.0,1.0,15.687182702594272,0.27727279644375896
BT_soft,BT kp=1,35,36,6.152404662070242,5.502186056427491,137995904.84494817,10000000000.0,31600000000.0,17776388834.631176,5262,16424062326.352255,14691876173.01941,13313893119.03536,22.53812684377461,17.213632519608442,23.162996041005663,0.31931499325502116,3.4793659616575683,43.00774511222698,0.10167236792094261,0.0,1.0,49.04115197566149,0.35100383710707594
BT_soft,BT kp=1,35,36,6.152404662070242,5.502186056427491,137995904.84494817,31600000000.0,100000000000.0,56213877290.22079,1131,49983308656.77851,44590458869.93408,38832260258.52874,80.80709649158833,66.85279121482442,75.38862842414684,2.241684761711107,14.733046828151997,145.43519856665137,0.08045977011494253,0.0,1.0,149.24681771028605,0.44793445006376803
BT_soft,BT kp=1,35,36,6.152404662070242,5.502186056427491,137995904.84494817,100000000000.0,316000000000.0,177763888346.31177,175,157084737396.24023,141515150070.19043,112069850022.45222,326.2045161729011,298.9285484499933,225.46900157881262,17.04385447233051,95.11711590966682,530.2290491204087,0.011428571428571429,0.0,1.0,469.04452300728985,0.6373138023942929
BT_soft,BT kp=1,36,37,5.502186056427491,4.9110782331159015,159024380.77429926,100000000.0,316000000.0,177763888.34631178,140974,251703861.32396013,249931570.14250755,239520355.1871957,0.07661407689463841,0.07661460338015025,0.18262352981399704,0.00048639289397742056,-0.05498397154361477,0.22131051837644827,0.2732489678947891,0.0,1.0,0.5899253080459955,0.1298717012733699
BT_soft,BT kp=1,36,37,5.502186056427491,4.9110782331159015,159024380.77429926,316000000.0,1000000000.0,562138772.9022079,202899,537667289.3087664,487117655.5752754,483243301.44234526,0.34223675389539293,0.24974335649428964,0.5365115329889459,0.0011910749990968847,-0.016323227973131633,0.707034989098979,0.17412604300661905,0.0,1.0,1.260145710929291,0.19818609413836522
BT_soft,BT kp=1,36,37,5.502186056427491,4.9110782331159015,159024380.77429926,1000000000.0,3160000000.0,1777638883.4631178,67516,1682945914.325727,1520405188.202858,1479848431.0179806,1.277146826913286,0.8953229251720551,1.7889060275452497,0.006884686595879777,0.04634169074894166,2.614534893381459,0.1483796433438,0.0,1.0,3.9443669306905735,0.22698773742515466
BT_soft,BT kp=1,36,37,5.502186056427491,4.9110782331159015,159024380.77429926,3160000000.0,10000000000.0,5621387729.0220785,20849,5284617799.061071,4769076108.932495,4529029006.2834425,4.751402200710495,3.29554530252871,5.943161250554666,0.04115995573920462,0.36063872185527307,9.638448059404224,0.13137320734807426,4.7963931123794903e-05,1.0,12.385705036936164,0.2660765206906562
BT_soft,BT kp=1,36,37,5.502186056427491,4.9110782331159015,159024380.77429926,10000000000.0,31600000000.0,17776388834.631176,5929,16552910698.990252,14820502996.444702,13754754470.550383,17.595768741971995,12.712621092866566,19.920934859281804,0.2587134397309325,2.2346078047341513,34.621089260960545,0.1119919041996964,0.0,1.0,38.79551506200964,0.3276827507650582
BT_soft,BT kp=1,36,37,5.502186056427491,4.9110782331159015,159024380.77429926,31600000000.0,100000000000.0,56213877290.22079,1433,50556337686.99258,44895920753.479004,40279182625.332664,64.62628567783017,50.57141248262835,63.89357980618066,1.6878510806276656,11.61106734583316,123.70433019885371,0.09211444521981857,0.0,1.0,118.49028825700194,0.4267979530351082
BT_soft,BT kp=1,36,37,5.502186056427491,4.9110782331159015,159024380.77429926,100000000000.0,316000000000.0,177763888346.31177,247,162279955056.9974,147588977813.7207,122724423591.90721,248.73878629485603,210.3637121413992,209.09235276266642,13.304227811764092,60.125430650927115,433.0809158069379,0.05668016194331984,0.0,1.0,380.34002328424566,0.5530938088631936
BT_soft,BT kp=1,37,38,4.9110782331159015,4.373707484650818,183189372.56709933,100000000.0,316000000.0,177763888.34631178,141571,251063874.28067872,248955860.7339859,240044703.66461506,0.06015180062930517,0.06035106867270017,0.15497756075733174,0.0004118904012635308,-0.0470775895747218,0.17925544581547412,0.27883535469834925,0.0,1.0,0.4618101225786788,0.13068372848933843
BT_soft,BT kp=1,37,38,4.9110782331159015,4.373707484650818,183189372.56709933,316000000.0,1000000000.0,562138772.9022079,201001,538107021.1089816,487351529.30021286,488367421.13077694,0.27152011757661243,0.19871275716918807,0.4473830223687656,0.0009978847602181854,-0.019858047322142455,0.5652786939286477,0.18129263038492346,0.0,1.0,0.9898009822829804,0.20076031518058934
BT_soft,BT kp=1,37,38,4.9110782331159015,4.373707484650818,183189372.56709933,1000000000.0,3160000000.0,1777638883.4631178,68151,1685042449.8440757,1524268388.748169,1498523189.3922513,1.0181772983774238,0.7009475245676655,1.4991818962475152,0.005742727550817099,0.02009251833178322,2.08804304014045,0.1535120541151267,0.0,1.0,3.099488775684268,0.22614939923856273
BT_soft,BT kp=1,37,38,4.9110782331159015,4.373707484650818,183189372.56709933,3160000000.0,10000000000.0,5621387729.0220785,21742,5294446017.798412,4772447645.664215,4605367164.09763,3.761565663141203,2.558734745950121,5.0292706991242095,0.034107922407326775,0.20524364719065932,7.693052962627089,0.14225922178272468,0.0,1.0,9.738672166479217,0.2627395914154866
BT_soft,BT kp=1,37,38,4.9110782331159015,4.373707484650818,183189372.56709933,10000000000.0,31600000000.0,17776388834.631176,6431,16585346260.146431,14821869134.902954,14017974505.587067,14.014850963141857,9.934262959503478,16.84345682350029,0.2100351459157354,1.176895610825901,28.573546160777273,0.13201679365573005,0.0,1.0,30.50729943267467,0.3256356066988821
BT_soft,BT kp=1,37,38,4.9110782331159015,4.373707484650818,183189372.56709933,31600000000.0,100000000000.0,56213877290.22079,1741,50698010796.85972,45279378890.99121,41211446310.03457,51.785561323162284,39.983136991889374,54.22281899022075,1.2995192190194589,8.180850274201672,99.05494891800583,0.10281447443997703,0.0,1.0,93.25457375208985,0.42875255746899327
BT_soft,BT kp=1,37,38,4.9110782331159015,4.373707484650818,183189372.56709933,100000000000.0,316000000000.0,177763888346.31177,338,163201658683.41568,146277909278.86963,124514077788.97934,211.1890026822692,166.34200681563001,198.67924981209345,10.806726524860567,42.62658194479731,388.22092451013117,0.09171597633136094,0.0,1.0,300.1952320602425,0.5541127541367774
BT_soft,BT kp=1,37,38,4.9110782331159015,4.373707484650818,183189372.56709933,316000000000.0,1000000000000.0,562138772902.2078,60,466414693196.61456,426164131164.5508,355153138717.0156,607.3581284790179,536.0803953091569,552.1241234743184,71.27891784184675,57.774892667498854,1051.184748234603,0.11666666666666667,0.0,1.0,857.9291913452391,0.6248538932083415
BT_soft,BT kp=1,38,39,4.373707484650818,3.885188622409834,210922995.7883258,100000000.0,316000000.0,177763888.34631178,141742,250695076.51431662,248448718.3392048,240553019.81487733,0.048084167691309895,0.04990669195641463,0.13478795634694068,0.00035801548424910316,-0.040376984729699306,0.14774100730044942,0.28183601190896135,0.0,1.0,0.36188813227506894,0.13790640671930315
BT_soft,BT kp=1,38,39,4.373707484650818,3.885188622409834,210922995.7883258,316000000.0,1000000000.0,562138772.9022079,197356,539096021.8678157,488986708.22381973,493514872.6661884,0.21610327044364003,0.1580104599172753,0.375659823133316,0.00084560897259268,-0.020334158472149776,0.4528235867037988,0.1865917428403494,0.0,1.0,0.7782061585861351,0.2030444737219155
BT_soft,BT kp=1,38,39,4.373707484650818,3.885188622409834,210922995.7883258,1000000000.0,3160000000.0,1777638883.4631178,68150,1690721431.9561653,1527979597.4493027,1520519167.2116148,0.8069402964262801,0.556681551912516,1.2525036090645985,0.00479784325892323,0.0005824736812212265,1.6495429993453987,0.1598239178283199,0.0,1.0,2.440622407568923,0.22808999466124724
BT_soft,BT kp=1,38,39,4.373707484650818,3.885188622409834,210922995.7883258,3160000000.0,10000000000.0,5621387729.0220785,22094,5312568155.27018,4796333909.034729,4679164086.3010025,3.003010964270752,2.046670712350666,4.254438677044577,0.02862233716662098,0.15517232250024124,6.0973999427748895,0.14433782927491626,0.0,1.0,7.668899581220699,0.2668793209083704
BT_soft,BT kp=1,38,39,4.373707484650818,3.885188622409834,210922995.7883258,10000000000.0,31600000000.0,17776388834.631176,6858,16645266059.085348,15026701688.76648,14292616385.387486,11.154069118470575,7.780836145172367,14.154341812788113,0.17091923438453552,0.7024004116260062,22.745347894626804,0.13517060367454067,0.0,1.0,24.02809153294238,0.3238224781400089
BT_soft,BT kp=1,38,39,4.373707484650818,3.885188622409834,210922995.7883258,31600000000.0,100000000000.0,56213877290.22079,1948,51679654218.08818,46164689064.02588,42813516169.84765,42.03495221136652,30.06359967411983,47.719891033128306,1.0811973361885097,4.997340238849154,81.53275649594539,0.11344969199178645,0.0,1.0,74.60159888914801,0.4029886774785072
BT_soft,BT kp=1,38,39,4.373707484650818,3.885188622409834,210922995.7883258,100000000000.0,316000000000.0,177763888346.31177,419,163078966550.44012,145728149414.0625,129600393840.40741,158.7241475729393,117.09536348129868,166.96301531173629,8.156677057801634,25.631276313574546,289.32568941407203,0.09785202863961814,0.0,1.0,235.41085624358854,0.4974085110167377
BT_soft,BT kp=1,38,39,4.373707484650818,3.885188622409834,210922995.7883258,316000000000.0,1000000000000.0,562138772902.2078,88,489561631679.535,453821239471.43555,378378959894.1803,527.1244672483851,437.5125417157571,422.7697281248024,45.067404444837265,192.03933684973168,938.1110944473292,0.022727272727272728,0.0,1.0,706.7013320938697,0.6190911518724054
BT_soft,BT kp=1,39,40,3.885188622409834,3.4410805658271224,242698183.00789833,100000000.0,316000000.0,177763888.34631178,140764,250192984.60881722,247685732.31995106,241079634.09569526,0.03755013902524926,0.03968219832350164,0.1142901168460608,0.0003046231305868682,-0.03500224240649696,0.11957215954502896,0.2870478247279134,0.0,1.0,0.28345059260340155,0.13999687902936997
BT_soft,BT kp=1,39,40,3.885188622409834,3.4410805658271224,242698183.00789833,316000000.0,1000000000.0,562138772.9022079,193127,539480195.8092453,489274933.93421173,498349133.80942756,0.16947412415724258,0.12466538632909059,0.3173515047244943,0.0007221361142160792,-0.020881484444025416,0.3596654877103524,0.19211710428888762,0.0,1.0,0.6111921221093292,0.20397086582014326
BT_soft,BT kp=1,39,40,3.885188622409834,3.4410805658271224,242698183.00789833,1000000000.0,3160000000.0,1777638883.4631178,67327,1690123443.0053535,1527082175.0164032,1535141052.8572514,0.6385807599682679,0.43760623566905543,1.042890191180786,0.004019240103608872,-0.008098310649532599,1.3128062432314394,0.164079789683188,0.0,1.0,1.9147878676206724,0.2285403219171363
BT_soft,BT kp=1,39,40,3.885188622409834,3.4410805658271224,242698183.00789833,3160000000.0,10000000000.0,5621387729.0220785,22446,5332685761.392026,4811692386.865616,4744524249.411501,2.4234277516671145,1.6145090033214755,3.548239242108316,0.02368336539170841,0.09567317043834266,4.95461142419647,0.14679675666042946,0.0,1.0,6.041548053785923,0.26723432288347804
BT_soft,BT kp=1,39,40,3.885188622409834,3.4410805658271224,242698183.00789833,10000000000.0,31600000000.0,17776388834.631176,7144,16798257545.587864,15130105614.66217,14650216650.672483,8.85066739393544,6.063053434686649,12.002703047056052,0.14200653760984872,0.4902018956869859,18.15843718285007,0.14053751399776035,0.0,1.0,19.031213298990476,0.31858470290006513
BT_soft,BT kp=1,39,40,3.885188622409834,3.4410805658271224,242698183.00789833,31600000000.0,100000000000.0,56213877290.22079,2098,52304829984.07944,47023522853.85132,44062890722.08341,33.95962491292243,23.99943117558906,39.938389458077125,0.8719424182786585,2.538408862997002,69.54828154333704,0.12964728312678742,0.0,1.0,59.257597003321386,0.4050017616179052
BT_soft,BT kp=1,39,40,3.885188622409834,3.4410805658271224,242698183.00789833,100000000000.0,316000000000.0,177763888346.31177,523,160960305562.21082,144055042266.8457,130696966310.76004,124.69536803440302,91.73818329923526,137.70385708497346,6.021369252830036,19.417033037869714,245.80180665599508,0.10516252390057361,0.0,1.0,182.35640806862725,0.5030707956515074
BT_soft,BT kp=1,39,40,3.885188622409834,3.4410805658271224,242698183.00789833,316000000000.0,1000000000000.0,562138772902.2078,112,511279960189.5469,438171749114.99023,390106893181.8008,499.2747185247884,375.00747097771546,472.56223695885194,44.65293421405351,65.07347612070892,1037.5497312514233,0.125,0.0,1.0,579.2432906484592,0.6474092614139683
BT_soft,BT kp=1,40,41,3.4410805658271224,3.0373459689337468,279022399.0609782,100000000.0,316000000.0,177763888.34631178,138811,249445169.9211517,246764253.82494926,241423023.49764243,0.02875090476788589,0.03088892246058528,0.09847821353600082,0.00026431890113680454,-0.031174758795833542,0.0977109395745163,0.29736116013860575,0.0,1.0,0.22184114314103254,0.13923892576116081
BT_soft,BT kp=1,40,41,3.4410805658271224,3.0373459689337468,279022399.0609782,316000000.0,1000000000.0,562138772.9022079,188115,539577194.7165089,489332377.910614,502358629.2401928,0.133389167326965,0.09836927503412475,0.2663455628826074,0.0006140924425850269,-0.02078647651323103,0.28798464851360916,0.20003189538314328,0.0,1.0,0.4798666645923771,0.20499293302168545
BT_soft,BT kp=1,40,41,3.4410805658271224,3.0373459689337468,279022399.0609782,1000000000.0,3160000000.0,1777638883.4631178,66007,1692669534.6974046,1530641913.4140015,1549355911.7838287,0.5136276635706793,0.3511625347314936,0.8633610557136426,0.003360450150551341,-0.009693297715597344,1.0513292561498655,0.1650128016725499,0.0,1.0,1.5053558449576978,0.23327543179092095
BT_soft,BT kp=1,40,41,3.4410805658271224,3.0373459689337468,279022399.0609782,3160000000.0,10000000000.0,5621387729.0220785,22468,5342777982.4019165,4852039664.983749,4817650656.830815,1.8820256987910806,1.2718161501057532,2.95555116857273,0.019717700922325065,0.016480237101928922,3.8797563146315723,0.15737938401281823,0.0,1.0,4.751537083437739,0.2676641532566118
BT_soft,BT kp=1,40,41,3.4410805658271224,3.0373459689337468,279022399.0609782,10000000000.0,31600000000.0,17776388834.631176,7262,16814934987.89184,15217759609.222412,14894864449.025644,6.881420793914751,4.651769065009763,9.693336718329427,0.11374836865125834,0.06383704678307975,14.107948716642454,0.15587992288625724,0.00013770311209033325,1.0,14.954165681921925,0.3110684450041423
BT_soft,BT kp=1,40,41,3.4410805658271224,3.0373459689337468,279022399.0609782,31600000000.0,100000000000.0,56213877290.22079,2247,52766586014.255714,47800345420.8374,45574793823.04016,25.77496364241296,17.67742098302945,32.61875455774542,0.6881226270393537,1.7068251455874517,54.46318013479841,0.1344014241210503,0.0,1.0,46.9273458562146,0.3766976516676028
BT_soft,BT kp=1,40,41,3.4410805658271224,3.0373459689337468,279022399.0609782,100000000000.0,316000000000.0,177763888346.31177,595,164423080508.44852,148442182540.89355,137338512621.00604,97.06951118832339,73.28108250397624,110.28225687298543,4.521131742934876,8.636846321452353,188.37361915692009,0.12100840336134454,0.0,1.0,146.22774275522772,0.5011434979656513
BT_soft,BT kp=1,40,41,3.4410805658271224,3.0373459689337468,279022399.0609782,316000000000.0,1000000000000.0,562138772902.2078,125,522350965881.34753,477386093139.64844,411291336669.9219,398.0312318480015,288.85303235759005,464.97432934512756,41.58856832832322,83.98484342189549,658.8550246127527,0.08,0.0,1.0,464.54671953988657,0.6217954410348361
BT_soft,BT kp=1,41,42,3.0373459689337468,2.670314517212497,320424784.4428499,100000000.0,316000000.0,177763888.34631178,136162,249116268.08615518,246263341.97819233,241967190.41596532,0.022311250618832823,0.024957979462854288,0.08395475751261594,0.00022751883258016512,-0.026782660838514178,0.07944726211376438,0.30219885136822316,0.0,1.0,0.1739869188612071,0.14344744780935959
BT_soft,BT kp=1,41,42,3.0373459689337468,2.670314517212497,320424784.4428499,316000000.0,1000000000.0,562138772.9022079,182536,539895964.8796365,489625651.3893604,506425352.1311191,0.10445700324559992,0.07812837417950882,0.22552380950524475,0.0005278592474280547,-0.020761166957050048,0.2291033275862867,0.20874238506376824,5.478371389753254e-06,1.0,0.3770722649173587,0.20719735034511724
BT_soft,BT kp=1,41,42,3.0373459689337468,2.670314517212497,320424784.4428499,1000000000.0,3160000000.0,1777638883.4631178,64428,1698224374.4956074,1536110788.5837555,1568541990.959314,0.40472020215846677,0.27958419866733003,0.7396777976970181,0.0029141054158117095,-0.012062756781840189,0.8277099689605782,0.1684205624883591,0.0,1.0,1.1860679702832795,0.2357235889276686
BT_soft,BT kp=1,41,42,3.0373459689337468,2.670314517212497,320424784.4428499,3160000000.0,10000000000.0,5621387729.0220785,22151,5360955744.087064,4882016777.992249,4875599838.577003,1.5147264789582107,1.020096257262896,2.5116731822267204,0.01687588122130163,0.012257628804537403,3.115316493967279,0.15678750395016025,0.0,1.0,3.744180094021068,0.27244850184739966
BT_soft,BT kp=1,41,42,3.0373459689337468,2.670314517212497,320424784.4428499,10000000000.0,31600000000.0,17776388834.631176,7375,16891305976.318102,15323448181.152344,15067360585.786528,5.692273129567749,3.805382210996133,8.339714761866242,0.09711139318332007,0.08985229760391933,11.646323900552193,0.15416949152542372,0.0,1.0,11.797167262256405,0.32256745423717
BT_soft,BT kp=1,41,42,3.0373459689337468,2.670314517212497,320424784.4428499,31600000000.0,100000000000.0,56213877290.22079,2298,53190501294.41409,48454585075.37842,46462390310.77053,20.997473698366704,14.115226457017002,28.083986305094026,0.5858463660877926,1.0444164196281707,43.45271407204961,0.1422976501305483,0.0,1.0,37.14912520164105,0.3799612071724765
BT_soft,BT kp=1,41,42,3.0373459689337468,2.670314517212497,320424784.4428499,100000000000.0,316000000000.0,177763888346.31177,669,164874818585.2005,150905561447.14355,140083515804.44473,77.37011612214253,56.03855662026581,93.70727834745864,3.6229326903018135,6.447089747196968,160.33107855286076,0.12257100149476831,0.0,1.0,115.15129824246821,0.48665153997889177
BT_soft,BT kp=1,41,42,3.0373459689337468,2.670314517212497,320424784.4428499,316000000000.0,1000000000000.0,562138772902.2078,146,516343700069.27075,446391277313.2324,433441596357.78973,258.7256284049,185.21851359942832,294.37206589764776,24.36240551769376,42.74894838306083,493.73716175480837,0.1232876712328767,0.0,1.0,360.6229739174566,0.5136070827307392
BT_soft,BT kp=1,42,43,2.670314517212497,2.3366495611022704,367433754.36246824,100000000.0,316000000.0,177763888.34631178,133293,248682262.67724565,245633814.483881,242287662.6440213,0.017403409341963116,0.01992984091690202,0.07243014730669849,0.0001983881360916505,-0.023744378351765957,0.06537502054185115,0.31094656133480375,0.0,1.0,0.13649373187858313,0.14601286551847265
BT_soft,BT kp=1,42,43,2.670314517212497,2.3366495611022704,367433754.36246824,316000000.0,1000000000.0,562138772.9022079,176236,539468437.8004957,489045698.1956959,509477582.85758054,0.08162248184016757,0.06182769997260883,0.19209927475108415,0.0004575919878897093,-0.0200424714235832,0.18240545535435485,0.21718037177421184,5.674209582605143e-06,1.0,0.2960969532502024,0.20880897048732655
BT_soft,BT kp=1,42,43,2.670314517212497,2.3366495611022704,367433754.36246824,1000000000.0,3160000000.0,1777638883.4631178,62722,1696964090.0391216,1537055000.6628036,1580843355.1245198,0.3160317568430317,0.22077718569292715,0.6223564282689728,0.0024850162363844693,-0.016184581027465436,0.6570482018503878,0.1735595165970473,0.0,1.0,0.9314092570164524,0.23703563608561745
BT_soft,BT kp=1,42,43,2.670314517212497,2.3366495611022704,367433754.36246824,3160000000.0,10000000000.0,5621387729.0220785,21887,5363042324.423305,4867193698.883057,4922981790.157617,1.1976595210454595,0.8082727718350445,2.060844931010029,0.01393003460859099,-0.00665194211103574,2.4799392414010715,0.16146571023895462,0.0,1.0,2.943602222380404,0.2745862758526586
BT_soft,BT kp=1,42,43,2.670314517212497,2.3366495611022704,367433754.36246824,10000000000.0,31600000000.0,17776388834.631176,7375,16981724782.879068,15419732332.229614,15297702716.52836,4.583199138230088,2.9915051899524516,7.018639093898833,0.08172819336412249,0.04905598855793581,9.30637101127873,0.15498305084745762,0.0,1.0,9.320725026370257,0.3209519840451108
BT_soft,BT kp=1,42,43,2.670314517212497,2.3366495611022704,367433754.36246824,31600000000.0,100000000000.0,56213877290.22079,2363,53485325845.78215,48192739486.694336,46927575627.42463,17.847435464212655,12.029065455269812,24.801744065425652,0.5102116380998263,0.8101323827111131,37.11033131262471,0.14430808294540837,0.0,1.0,29.35638290740398,0.4097597954493215
BT_soft,BT kp=1,42,43,2.670314517212497,2.3366495611022704,367433754.36246824,100000000000.0,316000000000.0,177763888346.31177,696,167613973000.95392,149771924018.85986,143035885369.64066,66.8912078422369,45.73277522118819,83.25053533733208,3.1556033983063907,4.170895856432852,132.0328990873751,0.14224137931034483,0.0,1.0,91.99794325335142,0.4971064961229139
BT_soft,BT kp=1,42,43,2.670314517212497,2.3366495611022704,367433754.36246824,316000000000.0,1000000000000.0,562138772902.2078,173,503953862272.9352,447830047607.4219,417547754883.077,235.16104975107868,182.4099763909504,229.3229747988844,17.435102916327928,42.409232775038035,459.4669581364906,0.06358381502890173,0.0,1.0,276.60413981970885,0.6594622065665596
BT_soft,BT kp=1,43,44,2.3366495611022704,2.0333177828202462,420541460.5202637,100000000.0,316000000.0,177763888.34631178,130277,248236075.79607385,245081316.6797161,242947478.21281236,0.01257568653687286,0.015321835291138114,0.06248712592047461,0.00017312375980497424,-0.021193042137000725,0.053214879318045444,0.32201386276933,0.0,1.0,0.10718977942360546,0.14294119619919585
BT_soft,BT kp=1,43,44,2.3366495611022704,2.0333177828202462,420541460.5202637,316000000.0,1000000000.0,562138772.9022079,169783,539598028.403214,488900542.2592163,512662692.49630487,0.06404918048647756,0.04908270394457596,0.1617691927226094,0.0003925985729641653,-0.01921568468570439,0.1468629946550713,0.22650088642561386,0.0,1.0,0.23300156295359759,0.21065396867896036
BT_soft,BT kp=1,43,44,2.3366495611022704,2.0333177828202462,420541460.5202637,1000000000.0,3160000000.0,1777638883.4631178,60869,1697626983.1292686,1535956859.588623,1593443613.8872995,0.2477362615164761,0.17535573434543517,0.5321596272932058,0.002156968684430632,-0.02280109982357319,0.5233434897116772,0.18237526491317418,0.0,0.999983571276019,0.7330451920883336,0.23921544843077613
BT_soft,BT kp=1,43,44,2.3366495611022704,2.0333177828202462,420541460.5202637,3160000000.0,10000000000.0,5621387729.0220785,21482,5373964206.476073,4865076541.900635,4976241465.468233,0.9457396674178195,0.6320502543752409,1.7118122170021757,0.011679352477302616,-0.031150157357581258,1.9382800482829317,0.16781491481240107,0.0,1.0,2.3205089593654944,0.27237570095314984
BT_soft,BT kp=1,43,44,2.3366495611022704,2.0333177828202462,420541460.5202637,10000000000.0,31600000000.0,17776388834.631176,7235,16965253559.902115,15436730384.82666,15482598115.554249,3.5255868529909797,2.377113533161224,5.9279184753937635,0.06969200427378996,-0.029694218263649118,7.203562231181743,0.16240497581202487,0.0,1.0,7.325695030908183,0.32448982972016077
BT_soft,BT kp=1,43,44,2.3366495611022704,2.0333177828202462,420541460.5202637,31600000000.0,100000000000.0,56213877290.22079,2420,53356083768.458405,48194317817.68799,47719231503.807816,13.40379675686932,8.485648556904765,20.750105110146613,0.4218058687868508,0.10537867305495656,26.761603502812594,0.1574380165289256,0.0,1.0,23.03946689338911,0.36830924066822124
BT_soft,BT kp=1,43,44,2.3366495611022704,2.0333177828202462,420541460.5202637,100000000000.0,316000000000.0,177763888346.31177,745,169044721833.81152,150362262725.83008,148124357645.94366,49.746258459241275,33.89888373965435,72.91042183201701,2.671231174737499,1.161922962793372,102.76389873884911,0.15436241610738255,0.0,1.0,72.99449279473983,0.4644033055339922
BT_soft,BT kp=1,43,44,2.3366495611022704,2.0333177828202462,420541460.5202637,316000000000.0,1000000000000.0,562138772902.2078,198,520760244697.0313,479562568664.5508,421379478050.0008,236.3162160612746,189.02782505636785,241.26047956020452,17.145635690177905,34.97586480851276,442.20581989131966,0.10101010101010101,0.0,1.0,224.86729852881626,0.840619451085478
BT_soft,BT kp=1,44,45,2.0333177828202462,1.7575616207456761,480151358.9503279,100000000.0,316000000.0,177763888.34631178,126341,248053691.88536713,244919378.31044197,243594701.8811916,0.009286634143707402,0.01207684257201015,0.054481204454363115,0.0001532761365901359,-0.018672236435434607,0.04351407614187186,0.3329797927830237,0.0,1.0,0.08439715901819513,0.14309536852308632
BT_soft,BT kp=1,44,45,2.0333177828202462,1.7575616207456761,480151358.9503279,316000000.0,1000000000.0,562138772.9022079,163460,539620323.0339456,488536264.7473812,515943099.99770325,0.04931199838318432,0.03829011901822232,0.13923409485125907,0.0003443815279396679,-0.018971642945598485,0.1173353059663323,0.23966719686773522,0.0,1.0,0.18359905013464672,0.2085529254652535
BT_soft,BT kp=1,44,45,2.0333177828202462,1.7575616207456761,480151358.9503279,1000000000.0,3160000000.0,1777638883.4631178,58922,1698904355.7039669,1538109034.2998505,1605389327.4138687,0.1947615612179763,0.13915803278781125,0.44965061092689435,0.0018524071470200152,-0.026614742354498375,0.41278767393184684,0.19110009843521944,0.0,0.999983028410441,0.5780309092569902,0.2407449680618068
BT_soft,BT kp=1,44,45,2.0333177828202462,1.7575616207456761,480151358.9503279,3160000000.0,10000000000.0,5621387729.0220785,20880,5371587849.682433,4866094142.198563,5018810396.132654,0.734721347703761,0.49776347831895784,1.4338818519089176,0.009923117203778782,-0.06162259934998382,1.5211685464125952,0.17954980842911877,0.0,1.0,1.827615426660765,0.27235679402664115
BT_soft,BT kp=1,44,45,2.0333177828202462,1.7575616207456761,480151358.9503279,10000000000.0,31600000000.0,17776388834.631176,7090,16903123712.84232,15346001982.688904,15569098073.059145,2.778343984487571,1.863061633605437,4.881390479685164,0.05797228681714847,-0.1321832756443748,5.788475480017299,0.17165021156558533,0.0,1.0,5.751075942688409,0.3239501011935041
BT_soft,BT kp=1,44,45,2.0333177828202462,1.7575616207456761,480151358.9503279,31600000000.0,100000000000.0,56213877290.22079,2444,53117210962.573364,47905206680.29785,48252266428.37696,10.132106144262073,6.976483271187908,17.22609640694502,0.34844663325687925,-0.17310803291837654,21.943648444916242,0.1665302782324059,0.0,1.0,18.072465143082894,0.38602831522727304
BT_soft,BT kp=1,44,45,2.0333177828202462,1.7575616207456761,480151358.9503279,100000000000.0,316000000000.0,177763888346.31177,771,169208694908.25095,151148233413.6963,149877046199.7788,40.261572414860176,27.619632980053602,57.89028536309887,2.084867701457909,0.6101591603124221,87.18348143668243,0.1556420233463035,0.0,1.0,57.57113721182776,0.47974791393176197
BT_soft,BT kp=1,44,45,2.0333177828202462,1.7575616207456761,480151358.9503279,316000000000.0,1000000000000.0,562138772902.2078,214,538265955470.43274,495027732849.1211,454046574485.6362,175.40173408841505,117.6655791910168,208.73343111083187,14.268723600693669,6.995299987805776,336.43321241219974,0.14953271028037382,0.0,1.0,183.13824354975742,0.6424959468339985
BT_soft,BT kp=1,45,46,1.7575616207456761,1.506874200677888,546506079.4615679,100000000.0,316000000.0,177763888.34631178,122511,247544310.19259182,244232583.79101753,243834771.9012163,0.006787734722055176,0.009184255117758737,0.045319162672543205,0.000129477508776144,-0.01687963085638593,0.035537626670089376,0.3476340900000816,0.0,1.0,0.06650536466439852,0.1380979589256388
BT_soft,BT kp=1,45,46,1.7575616207456761,1.506874200677888,546506079.4615679,316000000.0,1000000000.0,562138772.9022079,157437,538899167.6043665,488389804.9592972,518701033.6112541,0.03695866295396377,0.029509424197356277,0.1191168402974657,0.00030020627239017733,-0.01807251620790953,0.09328493481571845,0.2525581661235923,6.351747048025559e-06,1.0,0.14478089046355216,0.20382126469090284
BT_soft,BT kp=1,45,46,1.7575616207456761,1.506874200677888,546506079.4615679,1000000000.0,3160000000.0,1777638883.4631178,56987,1700851109.5050385,1542072892.1890259,1619240606.992146,0.14933137174484365,0.10703877172731348,0.37637935729567684,0.0015766594527877194,-0.02808175341765874,0.3245029556188245,0.2009932089774861,0.0,1.0,0.4569514168573469,0.2342454094211274
BT_soft,BT kp=1,45,46,1.7575616207456761,1.506874200677888,546506079.4615679,3160000000.0,10000000000.0,5621387729.0220785,20210,5383174205.492888,4872385412.454605,5069371636.608548,0.574197764082528,0.39193244389253545,1.260511925696486,0.008866736495035422,-0.06044775160806687,1.1848526652370093,0.18570014844136565,0.0,1.0,1.4462459804055006,0.2709998500964856
BT_soft,BT kp=1,45,46,1.7575616207456761,1.506874200677888,546506079.4615679,10000000000.0,31600000000.0,17776388834.631176,6943,16938810777.238377,15409452915.19165,15740391086.101807,2.1928753149778015,1.418435161816483,4.21856556535685,0.05062805237555424,-0.16533527221475144,4.593231901234534,0.1796053579144462,0.0,1.0,4.550788450136614,0.3116899801778089
BT_soft,BT kp=1,45,46,1.7575616207456761,1.506874200677888,546506079.4615679,31600000000.0,100000000000.0,56213877290.22079,2360,52953961203.66404,47954316139.22119,48537930637.59804,8.080478391780725,5.311086682591263,13.324921558808084,0.2742891695591584,0.011447454567730827,16.582838353552813,0.15974576271186441,0.0,1.0,14.226634809477765,0.3733199561046597
BT_soft,BT kp=1,45,46,1.7575616207456761,1.506874200677888,546506079.4615679,100000000000.0,316000000000.0,177763888346.31177,805,166002934402.5606,147953300476.07422,148248799252.9543,32.48661966779602,20.93299690658845,47.53527188939013,1.6753981907706508,0.33900659480604073,67.52351995153117,0.15527950310559005,0.0,1.0,44.59842231563807,0.46936630983128896
BT_soft,BT kp=1,45,46,1.7575616207456761,1.506874200677888,546506079.4615679,316000000000.0,1000000000000.0,562138772902.2078,225,532342308553.05994,481182098388.6719,461773078325.0597,129.12798755601563,87.1894330127936,179.02141578139342,11.934761052092894,-3.0501016759575457,286.85546093259967,0.1688888888888889,0.0,1.0,143.01932178956025,0.6096339426157035
BT_soft,BT kp=1,46,47,1.506874200677888,1.2789765460708074,619595835.9472761,100000000.0,316000000.0,177763888.34631178,119074,247161657.08011132,243697166.4428711,244373179.129528,0.004500478842502512,0.0069619686230647515,0.040198931325042875,0.00011649466483121752,-0.015025408854908712,0.028964330334216012,0.3596251070762719,0.0,1.0,0.05258215891254177,0.13240172649898937
BT_soft,BT kp=1,46,47,1.506874200677888,1.2789765460708074,619595835.9472761,316000000.0,1000000000.0,562138772.9022079,151171,539150749.9687492,488626137.3758316,521636072.371353,0.02826790720860566,0.02294075156858042,0.09975743397421649,0.0002565730438298073,-0.017333274171953177,0.07526256494536755,0.26784237717551646,0.0,1.0,0.11470108570879173,0.20000465930046585
BT_soft,BT kp=1,46,47,1.506874200677888,1.2789765460708074,619595835.9472761,1000000000.0,3160000000.0,1777638883.4631178,54931,1699881410.0202975,1539632380.0086975,1630487885.6307163,0.11199804834628767,0.0827145063291892,0.3310088300979629,0.00141231257712688,-0.03113411247334219,0.2554638958940613,0.21485135897762647,0.0,1.0,0.36163956614513,0.2287208427188383
BT_soft,BT kp=1,46,47,1.506874200677888,1.2789765460708074,619595835.9472761,3160000000.0,10000000000.0,5621387729.0220785,19559,5376418483.477319,4892501831.0546875,5101169715.480965,0.4442392153516274,0.3124026832800362,1.0565588998313598,0.007554755078178581,-0.06663828678707902,0.945196087909894,0.19044940947901223,0.0,1.0,1.1438007594636728,0.27312683672855886
BT_soft,BT kp=1,46,47,1.506874200677888,1.2789765460708074,619595835.9472761,10000000000.0,31600000000.0,17776388834.631176,6791,16986656163.687067,15446782112.121582,15869107048.082485,1.803674348288679,1.1689669153016824,3.615665276649862,0.04387542671217687,-0.09276607568669558,3.720888630680203,0.1716978353703431,0.0002945074363127669,1.0,3.613809133437689,0.32347223445906936
BT_soft,BT kp=1,46,47,1.506874200677888,1.2789765460708074,619595835.9472761,31600000000.0,100000000000.0,56213877290.22079,2348,53329889481.88405,48232553005.218506,49313011497.91916,6.483061620037587,4.136174566881996,12.320484706000373,0.254260412750035,-0.6478388878599104,13.301951382917208,0.18611584327086883,0.0,1.0,11.345613865243687,0.3645615491597869
BT_soft,BT kp=1,46,47,1.506874200677888,1.2789765460708074,619595835.9472761,100000000000.0,316000000000.0,177763888346.31177,788,167966091693.35532,151602249145.5078,154089699342.1661,22.395877354427597,16.379235585137724,38.227172917275944,1.3617866498668125,-3.8809430690973064,47.505762633444036,0.20304568527918782,0.0,1.0,35.73377776179859,0.4583684292861989
BT_soft,BT kp=1,46,47,1.506874200677888,1.2789765460708074,619595835.9472761,316000000000.0,1000000000000.0,562138772902.2078,239,532523866358.16254,473830833435.0586,483975191275.9438,78.35539276663232,57.02850663952395,160.070679714549,10.354111528321056,-10.915141261204731,188.16318225944894,0.21338912133891214,0.0041841004184100415,1.0,113.29125599967207,0.5033795956829097
BT_soft,BT kp=1,47,48,1.2789765460708074,1.0717968600643704,699053818.7873163,100000000.0,316000000.0,177763888.34631178,115468,246773386.5263306,243176613.00301552,244642765.62650925,0.0030478639019774043,0.005315643936839479,0.03410214633640333,0.00010035774444129595,-0.013587962236283637,0.023638849801351017,0.37292583226521636,0.0,1.0,0.04172411821940324,0.12739979090480838
BT_soft,BT kp=1,47,48,1.2789765460708074,1.0717968600643704,699053818.7873163,316000000.0,1000000000.0,562138772.9022079,145216,539648280.2354088,489843338.72795105,524892322.3831653,0.02110847184533148,0.017639943234764636,0.08919762630527042,0.0002340701655565974,-0.0164356107025841,0.06035077469628829,0.2828545063904804,0.0,1.0,0.09124301837563574,0.19332923821243247
BT_soft,BT kp=1,47,48,1.2789765460708074,1.0717968600643704,699053818.7873163,1000000000.0,3160000000.0,1777638883.4631178,52756,1701837586.2258463,1543223708.8680267,1643240784.7536798,0.08382301891121521,0.06414136276706778,0.2747337262004967,0.001196123565416303,-0.03206666328248137,0.1984384928007883,0.2286943665175525,0.0,1.0,0.2877444510424733,0.22291085904415933
BT_soft,BT kp=1,47,48,1.2789765460708074,1.0717968600643704,699053818.7873163,3160000000.0,10000000000.0,5621387729.0220785,18847,5380336676.72134,4879790544.509888,5133951633.139609,0.35245504274498785,0.24475713669662005,0.8747669520639773,0.006371933755937997,-0.06682460588595282,0.740527113814456,0.20045630604340214,5.305884225606197e-05,1.0,0.9097002181625425,0.26905252061057283
BT_soft,BT kp=1,47,48,1.2789765460708074,1.0717968600643704,699053818.7873163,10000000000.0,31600000000.0,17776388834.631176,6554,16996751568.431637,15333430171.012878,16054318261.457573,1.3481555806517893,0.8988728664160436,2.962797386947883,0.0365972737363753,-0.17342180417424788,2.744227771937282,0.19102837961550198,0.0,1.0,2.8737883033890306,0.31278325733179846
BT_soft,BT kp=1,47,48,1.2789765460708074,1.0717968600643704,699053818.7873163,31600000000.0,100000000000.0,56213877290.22079,2326,53725426708.534676,48894989490.50903,49777944914.65709,5.6468925392976,3.4767279092919785,10.010650784657747,0.20756659275192088,-0.238918633363536,11.396581155512902,0.17368873602751506,0.0,1.0,9.083824179458682,0.38273835342981744
BT_soft,BT kp=1,47,48,1.2789765460708074,1.0717968600643704,699053818.7873163,100000000000.0,316000000000.0,177763888346.31177,761,168412105720.7105,153741121292.11426,154909798212.33963,19.315118729762478,11.410428149909292,39.94865398557285,1.4481375756199766,-2.557745864634416,40.426467941278254,0.20630749014454666,0.0,1.0,28.474896371857344,0.4007188648168913
BT_soft,BT kp=1,47,48,1.2789765460708074,1.0717968600643704,699053818.7873163,316000000000.0,1000000000000.0,562138772902.2078,256,531342451199.88916,482748489379.8828,476601000465.45264,78.3079203106268,46.01409443120748,129.17464242769515,8.073415151730947,-3.824367958559544,159.5593175149641,0.171875,0.00390625,1.0,89.83867977386682,0.5121857817482368
BT_soft,BT kp=1,48,49,1.0717968600643704,0.8834516909676096,784054791.209321,100000000.0,316000000.0,177763888.34631178,111804,246489260.92719513,242732027.54557133,244915354.5525997,0.0020073933508751363,0.003999929102659014,0.029957820417125237,8.959453963976328e-05,-0.011942571512848854,0.019662237145112192,0.3875800508031913,0.0,1.0,0.033271016435555016,0.12022263012032589
BT_soft,BT kp=1,48,49,1.0717968600643704,0.8834516909676096,784054791.209321,316000000.0,1000000000.0,562138772.9022079,139425,540041865.9339824,489765256.6432953,527401168.3105749,0.016122212076416963,0.013511263355069492,0.0740870197049935,0.0001984137650305979,-0.015431274936957675,0.048569928351944146,0.30084274699659314,0.0,1.0,0.07289462319692867,0.18535336026867305
BT_soft,BT kp=1,48,49,1.0717968600643704,0.8834516909676096,784054791.209321,1000000000.0,3160000000.0,1777638883.4631178,50605,1703415390.9804432,1547733545.3033447,1650393226.590214,0.06762558559006784,0.05127988385278526,0.2368694137296358,0.0010529609627449366,-0.029572876079994082,0.16062498369804798,0.23912656852089714,0.0,1.0,0.22992629073048115,0.2230274915055076
BT_soft,BT kp=1,48,49,1.0717968600643704,0.8834516909676096,784054791.209321,3160000000.0,10000000000.0,5621387729.0220785,18186,5396512989.395197,4896943122.148514,5180786993.876091,0.2751414798274123,0.19184246431006946,0.7757375200771398,0.005752361939189539,-0.06958766494172507,0.5853802492382335,0.20873199164192235,0.0,1.0,0.7284190462881309,0.26336827034885757
BT_soft,BT kp=1,48,49,1.0717968600643704,0.8834516909676096,784054791.209321,10000000000.0,31600000000.0,17776388834.631176,6276,17059844355.24433,15387918353.08075,16232561970.95943,1.0551333829730247,0.6911291367332428,2.549312086561817,0.03217966640105123,-0.22196617349504005,2.210631958223316,0.20650095602294455,0.0,1.0,2.302730592790387,0.30013460493255145
BT_soft,BT kp=1,48,49,1.0717968600643704,0.8834516909676096,784054791.209321,31600000000.0,100000000000.0,56213877290.22079,2219,53875294049.72415,49198799133.30078,50431838373.49537,4.391855919810941,2.6445219285031096,9.10466997832485,0.19327939485854645,-0.7420945710409441,9.599761168992378,0.19918882379450203,0.0,1.0,7.272064458533037,0.3636549075689269
BT_soft,BT kp=1,48,49,1.0717968600643704,0.8834516909676096,784054791.209321,100000000000.0,316000000000.0,177763888346.31177,764,167302140478.06427,148392920494.0796,153993759991.61087,16.973788867391054,9.954344369404595,32.372939020966285,1.1712118287125657,-0.6456585625506053,34.691222460864985,0.17408376963350786,0.0,1.0,22.58237232977593,0.4408015342249636
BT_soft,BT kp=1,48,49,1.0717968600643704,0.8834516909676096,784054791.209321,316000000000.0,1000000000000.0,562138772902.2078,262,530586616283.1547,482189311981.2012,485475897206.605,57.53516155034427,39.97698512902474,100.06441371165369,6.182000124548054,-9.879410511044048,130.60138151579508,0.2099236641221374,0.0,1.0,71.61835758863558,0.5581946650975462
BT_soft,BT kp=1,49,50,0.8834516909676096,0.7122288099705543,873244859.7008324,100000000.0,316000000.0,177763888.34631178,107937,246277293.25032738,242374558.00175667,245173342.62860236,0.0012641936674018801,0.002859158470442093,0.024694797033919035,7.516580093719113e-05,-0.010805046174521682,0.0160908139451839,0.40441183282840915,0.0,1.0,0.026679712307225763,0.107166015791997
BT_soft,BT kp=1,49,50,0.8834516909676096,0.7122288099705543,873244859.7008324,316000000.0,1000000000.0,562138772.9022079,133494,540059123.3507262,490073319.5245266,529965124.079978,0.011559185443366283,0.010159447965796174,0.06435300962889894,0.00017613188757245463,-0.014528157129279198,0.03892802094232382,0.32149759539754597,0.0,1.0,0.05850568621137295,0.17364889848640513
BT_soft,BT kp=1,49,50,0.8834516909676096,0.7122288099705543,873244859.7008324,1000000000.0,3160000000.0,1777638883.4631178,48556,1705209461.7433338,1545869857.0728302,1662142267.0785909,0.04931857792955974,0.039105262616716596,0.20120631420534063,0.0009131038083786376,-0.02845142849725173,0.127581344823705,0.25175055605898344,0.0,1.0,0.18472875538967687,0.21169017532882647
BT_soft,BT kp=1,49,50,0.8834516909676096,0.7122288099705543,873244859.7008324,3160000000.0,10000000000.0,5621387729.0220785,17422,5400383562.797275,4912419021.129608,5227885212.107335,0.19753720708878428,0.14557850416683488,0.6808692644133498,0.005158396547701101,-0.07368806060676301,0.45441998195471345,0.2237974974170589,0.0,1.0,0.5850343647298903,0.24883752638026366
BT_soft,BT kp=1,49,50,0.8834516909676096,0.7122288099705543,873244859.7008324,10000000000.0,31600000000.0,17776388834.631176,6059,17011389272.758759,15408642292.022705,16298326267.319004,0.8165670802620518,0.5441668194614118,2.3520045783769126,0.030216049727200926,-0.19604666998534948,1.777502672853802,0.210925895362271,0.0,1.0,1.8428778624024729,0.2952810007452188
BT_soft,BT kp=1,49,50,0.8834516909676096,0.7122288099705543,873244859.7008324,31600000000.0,100000000000.0,56213877290.22079,2146,53426268160.73202,48627216815.94849,50715015459.48285,3.1048023599910204,2.0197810592765792,7.722874390759538,0.1667109446774049,-0.8640400232869686,6.544404502782626,0.21947809878844363,0.0,1.0,5.787774607089691,0.34897368961162784
BT_soft,BT kp=1,49,50,0.8834516909676096,0.7122288099705543,873244859.7008324,100000000000.0,316000000000.0,177763888346.31177,749,167742414474.4873,149543886184.69238,156870132282.0381,12.45043938326072,7.519551923783292,24.66266014620521,0.9011539890601145,-1.6380037349029941,24.547119652639687,0.1909212283044059,0.0,1.0,18.171871636374643,0.4138017301823441
BT_soft,BT kp=1,49,50,0.8834516909676096,0.7122288099705543,873244859.7008324,316000000000.0,1000000000000.0,562138772902.2078,260,533937828724.2009,474207077026.3672,490353685599.107,49.910563619035244,29.870467647823936,83.54554939055858,5.18127502238377,-7.699091221446656,105.48197109554103,0.2153846153846154,0.0,1.0,57.84255410760461,0.5164099011301584
BT_soft,BT kp=1,50,51,0.7122288099705543,0.5565716454277756,964738966.0656586,100000000.0,316000000.0,177763888.34631178,104244,246041847.56670207,242142882.19809532,245474176.7874472,0.000588419043101309,0.0020199625770021858,0.02179272245126241,6.74972305742961e-05,-0.009682947843283916,0.013376465498267423,0.41982272360999195,0.0,1.0,0.02152148872000942,0.09385793907110818
BT_soft,BT kp=1,50,51,0.7122288099705543,0.5565716454277756,964738966.0656586,316000000.0,1000000000.0,562138772.9022079,128131,540032489.130705,490182824.4328499,531913571.8857854,0.008415662195163015,0.007559751744615911,0.05424060075624447,0.00015152956734776864,-0.013458848740009747,0.031199109930463542,0.34083867292068276,0.0,1.0,0.04723709904720279,0.16003844217998336
BT_soft,BT kp=1,50,51,0.7122288099705543,0.5565716454277756,964738966.0656586,1000000000.0,3160000000.0,1777638883.4631178,46534,1704509528.7769024,1544943228.3639908,1668757434.477903,0.037058826850128776,0.029299902586028145,0.17284374158837879,0.0008012507817660215,-0.02920416954286507,0.10122622309689965,0.2717582842652684,0.0,1.0,0.14909489161910044,0.1965184874400791
BT_soft,BT kp=1,50,51,0.7122288099705543,0.5565716454277756,964738966.0656586,3160000000.0,10000000000.0,5621387729.0220785,16746,5406978522.027733,4898826181.88858,5260714994.934558,0.15160943243503308,0.11105558163978708,0.5689504096806081,0.004396619391427471,-0.07389590044613538,0.36362363029518824,0.23850471754448824,0.0,1.0,0.4729529891845171,0.23481315094608704
BT_soft,BT kp=1,50,51,0.7122288099705543,0.5565716454277756,964738966.0656586,10000000000.0,31600000000.0,17776388834.631176,5839,17032211585.12571,15365027189.25476,16451790685.736572,0.6016351778099841,0.41289330976203054,1.9912545274703366,0.026058987564320218,-0.2509871652638299,1.3787844687546205,0.22846377804418566,0.0,1.0,1.4898219678127012,0.2771427181787529
BT_soft,BT kp=1,50,51,0.7122288099705543,0.5565716454277756,964738966.0656586,31600000000.0,100000000000.0,56213877290.22079,2068,53618652639.58272,49008862972.25952,51400521546.89047,2.2992033811364565,1.5632430569575182,6.499304783530856,0.14291954877572488,-0.8232319590173546,5.223138488714037,0.22582205029013538,0.0,1.0,4.690068943056711,0.33330918499008
BT_soft,BT kp=1,50,51,0.7122288099705543,0.5565716454277756,964738966.0656586,100000000000.0,316000000000.0,177763888346.31177,717,166778373771.4653,150450639724.73145,158571886198.29123,8.506433203005471,5.443741030213711,21.32498157965825,0.7963960308149817,-2.8068545199675703,20.15872315234912,0.23291492329149233,0.0,1.0,14.588245558069298,0.37315940484718374
BT_soft,BT kp=1,50,51,0.7122288099705543,0.5565716454277756,964738966.0656586,316000000000.0,1000000000000.0,562138772902.2078,255,538345232496.07465,486095619201.66016,506607342514.3373,32.89790409437789,23.055269852335638,66.88777871187435,4.188675180610387,-8.62207282401395,73.5026070852948,0.23921568627450981,0.0,1.0,47.089513280842,0.4896051848069429
BT_soft,BT kp=1,51,52,0.5565716454277756,0.4150651322070684,1056219583.1531391,100000000.0,316000000.0,177763888.34631178,101186,245667139.25681877,241649160.16161442,245703835.97413856,-3.474345477502496e-05,0.0013244780362371682,0.018439111258575464,5.796685933050729e-05,-0.00897326859630977,0.010968438114852572,0.44068349376395943,0.0,1.0,0.017463636110644318,0.0758420541888113
BT_soft,BT kp=1,51,52,0.5565716454277756,0.4150651322070684,1056219583.1531391,316000000.0,1000000000.0,562138772.9022079,123134,540307525.3478608,490540545.4337597,534399702.97630095,0.005593365684362079,0.005361063144852346,0.04675992694604521,0.0001332554039429657,-0.012795359684877933,0.025148554444119234,0.36394497051992136,0.0,1.0,0.03840861272314373,0.13957971311007417
BT_soft,BT kp=1,51,52,0.5565716454277756,0.4150651322070684,1056219583.1531391,1000000000.0,3160000000.0,1777638883.4631178,44895,1704085981.7685204,1546305567.0261383,1676060987.191478,0.02653330332446488,0.021606565286226863,0.15138370085323846,0.0007144636372733871,-0.027645218732475132,0.07941352265913969,0.29548947544269966,0.0,1.0,0.12113764004776027,0.17836376272237234
BT_soft,BT kp=1,51,52,0.5565716454277756,0.4150651322070684,1056219583.1531391,3160000000.0,10000000000.0,5621387729.0220785,16162,5400556899.333351,4913293421.268463,5284254824.496735,0.11011164410474125,0.08409956739363941,0.4870196704147286,0.0038308835552569726,-0.07477746544161486,0.2829178565106666,0.2554139339190694,0.0,1.0,0.3839071060545573,0.21906228373300277
BT_soft,BT kp=1,51,52,0.5565716454277756,0.4150651322070684,1056219583.1531391,10000000000.0,31600000000.0,17776388834.631176,5649,16919524089.95538,15311300754.54712,16443923474.160055,0.45028573923568904,0.3169664547234385,1.6436850205342652,0.021869195648427726,-0.2588733529572397,1.0892412902749382,0.2458842272968667,0.0,1.0,1.2027510588763444,0.26353454639196955
BT_soft,BT kp=1,51,52,0.5565716454277756,0.4150651322070684,1056219583.1531391,31600000000.0,100000000000.0,56213877290.22079,1990,53547536568.426,48484876155.85327,51589483418.65636,1.8538315147729651,1.1969070205255883,5.490565927515589,0.12308087426667395,-0.6666291021033092,4.116426448349208,0.228643216080402,0.0,1.0,3.806511103118386,0.31443676061920667
BT_soft,BT kp=1,51,52,0.5565716454277756,0.4150651322070684,1056219583.1531391,100000000000.0,316000000000.0,177763888346.31177,715,167393152957.196,151138744354.24805,159137588467.6313,7.8161441249927455,4.654245269817678,19.068138138901773,0.7131079343212671,-2.033630787671514,17.686120468021695,0.213986013986014,0.0,1.0,11.899406324758417,0.39113256096935317
BT_soft,BT kp=1,51,52,0.5565716454277756,0.4150651322070684,1056219583.1531391,316000000000.0,1000000000000.0,562138772902.2078,248,545803435694.7868,498906803131.1035,516971692308.30286,27.297111174943733,16.377955658744106,93.5570553302385,5.940878954352069,-16.815350517955075,62.32493150228055,0.25,0.0,1.0,38.79929817943141,0.4221198946177464
BT_soft,BT kp=1,52,53,0.4150651322070684,0.2864228474609716,1145147894.303131,100000000.0,316000000.0,177763888.34631178,98348,245374546.0898631,241298926.99420452,245628194.47884595,-0.00022149836736778546,0.0008370004074454431,0.015990135265753432,5.0988163683531885e-05,-0.00803712129360029,0.009249178105235819,0.45509822263797944,0.0,1.0,0.014269035186918369,0.05865851450228339
BT_soft,BT kp=1,52,53,0.4150651322070684,0.2864228474609716,1145147894.303131,316000000.0,1000000000.0,562138772.9022079,118530,540319712.7035538,490632299.3338108,535718172.75389093,0.0040182931589487205,0.003928258585099334,0.039579444214501075,0.00011496232786828028,-0.011733614769230346,0.020700830349653927,0.3842824601366743,0.0,1.0,0.0314207040445388,0.12502134196391762
BT_soft,BT kp=1,52,53,0.4150651322070684,0.2864228474609716,1145147894.303131,1000000000.0,3160000000.0,1777638883.4631178,43409,1701821743.4478657,1546093821.5255737,1682278787.8561199,0.017065879166322323,0.015595271814285907,0.132011813316616,0.0006336112882902499,-0.026489359486732946,0.06215467611357142,0.3209242323020572,0.0,1.0,0.09896443916488026,0.15758460256924525
BT_soft,BT kp=1,52,53,0.4150651322070684,0.2864228474609716,1145147894.303131,3160000000.0,10000000000.0,5621387729.0220785,15696,5398138540.110548,4888146817.684174,5311530774.3149395,0.07563020132723754,0.06280971682732159,0.4634683328268164,0.0036993512629095813,-0.0725032513302556,0.2193539802118409,0.273190621814475,0.0,1.0,0.31391287319789224,0.2000864640798787
BT_soft,BT kp=1,52,53,0.4150651322070684,0.2864228474609716,1145147894.303131,10000000000.0,31600000000.0,17776388834.631176,5467,16994003284.03638,15401977300.64392,16606707125.602352,0.3382062355096189,0.23197421928083886,1.372882621533385,0.018567732496212883,-0.22522386829016403,0.8051809234428856,0.25900859703676604,0.0,1.0,0.9882362889332273,0.23473558083082374
BT_soft,BT kp=1,52,53,0.4150651322070684,0.2864228474609716,1145147894.303131,31600000000.0,100000000000.0,56213877290.22079,1934,53832317760.83637,48299190998.07739,52303795244.97236,1.3347817548004839,0.9169060550178574,5.211112176116796,0.11849558985434445,-0.7485070063815775,3.2173813512492337,0.25232678386763185,0.0,1.0,3.130460141702848,0.29289817263704127
BT_soft,BT kp=1,52,53,0.4150651322070684,0.2864228474609716,1145147894.303131,100000000000.0,316000000000.0,177763888346.31177,696,169364250185.84592,155510854721.06934,162476145166.09015,6.015035310305869,3.5441955597754733,16.03295151232951,0.6077274587146211,-1.790404296388821,13.804850653782847,0.22126436781609196,0.0,1.0,9.848879942187772,0.35985772804416855
BT_soft,BT kp=1,52,53,0.4150651322070684,0.2864228474609716,1145147894.303131,316000000000.0,1000000000000.0,562138772902.2078,242,539865611919.6868,501215820312.5,517991212970.95435,19.101811266084493,12.08598184799589,50.72880081504633,3.260970823434629,-12.810464195596348,49.445974688574246,0.2603305785123967,0.0,1.0,31.394297148767993,0.38497379924526137
BT_soft,BT kp=1,53,54,0.2864228474609716,0.16947531587361064,1229059140.4331608,100000000.0,316000000.0,177763888.34631178,95352,245041780.9098742,240839784.9649191,245574561.46983197,-0.0004334865121055084,0.0004541210431666851,0.013516599780373815,4.377262094500989e-05,-0.007392091561923814,0.0077666880009886145,0.471683866096149,0.0,1.0,0.011729024414606527,0.03871771659040574
BT_soft,BT kp=1,53,54,0.2864228474609716,0.16947531587361064,1229059140.4331608,316000000.0,1000000000.0,562138772.9022079,114195,540288205.4374402,490515343.8448906,537044053.2802945,0.002639541133880872,0.0027109048543157116,0.03421128816115415,0.00010123854214460869,-0.01074227093640469,0.016782655186878544,0.40724199833617936,0.0,1.0,0.025861114496349653,0.10482552307242447
BT_soft,BT kp=1,53,54,0.2864228474609716,0.16947531587361064,1229059140.4331608,1000000000.0,3160000000.0,1777638883.4631178,41960,1704614532.3852165,1548018455.505371,1687975562.464364,0.013537973376113129,0.011454337581705732,0.11166323907868964,0.0005451204588181686,-0.023738669913172337,0.05001402829942138,0.3436606291706387,0.0,1.0,0.08159206725318752,0.14038543166410888
BT_soft,BT kp=1,53,54,0.2864228474609716,0.16947531587361064,1229059140.4331608,3160000000.0,10000000000.0,5621387729.0220785,15190,5395620007.7864895,4889260679.483414,5318825670.660838,0.062482214727753796,0.045859299502443995,0.35076899283441565,0.0028460485795318608,-0.06635348923345938,0.17603891530723634,0.29289005924950623,6.583278472679394e-05,1.0,0.25826354415267416,0.17756783928952038
BT_soft,BT kp=1,53,54,0.2864228474609716,0.16947531587361064,1229059140.4331608,10000000000.0,31600000000.0,17776388834.631176,5316,16909776445.256758,15327879190.444946,16623781232.725328,0.23269442708073146,0.17522510130018754,1.1374775375803892,0.015600924784115478,-0.211268657428477,0.6615896144935387,0.2778404815650865,0.0,1.0,0.8093933207451758,0.21648943326943304
BT_soft,BT kp=1,53,54,0.2864228474609716,0.16947531587361064,1229059140.4331608,31600000000.0,100000000000.0,56213877290.22079,1888,53897697683.10805,48758659362.79297,52513810809.764824,1.1259725653685844,0.6700306615593208,4.198281385159428,0.09662078204931959,-0.8179092553094497,2.7383506237994824,0.2775423728813559,0.0,1.0,2.5798352006295846,0.2597183965068025
BT_soft,BT kp=1,53,54,0.2864228474609716,0.16947531587361064,1229059140.4331608,100000000000.0,316000000000.0,177763888346.31177,681,169113148004.47305,153908596038.81836,164941907489.17725,3.393848496033903,2.6426448162720075,15.384504922011907,0.589535509555643,-3.0729942800335244,9.805674602082446,0.28487518355359764,0.0,1.0,8.094669547414734,0.32646728823118076
BT_soft,BT kp=1,53,54,0.2864228474609716,0.16947531587361064,1229059140.4331608,316000000000.0,1000000000000.0,562138772902.2078,233,553532108503.35,517595825195.3125,530434115004.6418,18.793231943718798,9.125936949780572,54.12307504818187,3.5457205377237133,-10.603657834084961,40.51210708635797,0.296137339055794,0.0,1.0,26.49503929818527,0.34443945702717405
BT_soft,BT kp=1,54,55,0.16947531587361064,0.06315937806691885,1305873471.9289856,100000000.0,316000000.0,177763888.34631178,92545,244815826.0650023,240552052.85549164,245483163.41392854,-0.0005110275714082219,0.00022185597053551144,0.011834946068130915,3.890360108081428e-05,-0.006706708556735772,0.006699119182632483,0.4853314603706305,0.0,1.0,0.009695896227138153,0.022881429971842282
BT_soft,BT kp=1,54,55,0.16947531587361064,0.06315937806691885,1305873471.9289856,316000000.0,1000000000.0,562138772.9022079,110362,540400273.594697,490919519.2158222,538047550.7723967,0.0018016468462484876,0.001832914863168627,0.029692667464893047,8.937981129778474e-05,-0.010061539402550604,0.013886105834873173,0.42858955075116434,0.0,1.0,0.02140247653965001,0.08564031642660548
BT_soft,BT kp=1,54,55,0.16947531587361064,0.06315937806691885,1305873471.9289856,1000000000.0,3160000000.0,1777638883.4631178,40525,1703106461.7916949,1548777073.6217499,1691073632.86631,0.009214391121377946,0.00806258316066742,0.09822080387582188,0.00048791253132465405,-0.022164660376954075,0.04020735606501997,0.3680937692782233,0.0,1.0,0.06745129096726049,0.11953193252566266
BT_soft,BT kp=1,54,55,0.16947531587361064,0.06315937806691885,1305873471.9289856,3160000000.0,10000000000.0,5621387729.0220785,14785,5388186792.868556,4885146617.889404,5335200608.955834,0.0405752816422956,0.03311048452946237,0.29136735022955557,0.002396239483964577,-0.06216861984670077,0.136956537381456,0.3157253973621914,0.0,1.0,0.2133983772038433,0.1551580895942542
BT_soft,BT kp=1,54,55,0.16947531587361064,0.06315937806691885,1305873471.9289856,10000000000.0,31600000000.0,17776388834.631176,5132,16927406662.437756,15375613570.213318,16667004782.570032,0.19940820107408083,0.13499067154095926,1.0363272636695482,0.0144661711802903,-0.1742739930669841,0.5350253002248797,0.2876071706936867,0.0,1.0,0.6704075509807338,0.20135613231605534
BT_soft,BT kp=1,54,55,0.16947531587361064,0.06315937806691885,1305873471.9289856,31600000000.0,100000000000.0,56213877290.22079,1831,53526079291.401505,48081207275.390625,52412885399.47935,0.8524515704249574,0.5273303892050286,3.3872720263296627,0.07916002148016564,-0.6820421594683409,2.104899613875436,0.2845439650464227,0.0,1.0,2.11989281329059,0.24875332653563903
BT_soft,BT kp=1,54,55,0.16947531587361064,0.06315937806691885,1305873471.9289856,100000000000.0,316000000000.0,177763888346.31177,670,169138866737.70734,154368910789.48975,164715998806.17056,3.386903882045697,2.1193083561212678,10.26442667907643,0.39654939849653553,-1.9633330275288245,8.45955178719367,0.25970149253731345,0.0,1.0,6.698720937383873,0.3163750775605447
BT_soft,BT kp=1,54,55,0.16947531587361064,0.06315937806691885,1305873471.9289856,316000000000.0,1000000000000.0,562138772902.2078,222,548142277313.7822,508170471191.40625,536140274185.3181,9.190785620857483,6.572256022140702,34.62289923776799,2.323736847249301,-10.751110851009802,27.91126764412678,0.31981981981981983,0.0,1.0,21.70909750389452,0.30274201960545194
BT_soft,BT kp=1,55,56,0.06315937806691885,-2.220446049250313e-16,875738675.5472679,100000000.0,316000000.0,177763888.34631178,92840,244283994.36224777,239821951.83634758,244855613.9571244,-0.0006527285031911214,2.0758951459045055e-05,0.013929388298462098,4.5715605794939744e-05,-0.007721727592861769,0.007459014554380561,0.49868591124515294,0.0,1.0,0.008583852563093717,0.002418372322504488
BT_soft,BT kp=1,55,56,0.06315937806691885,-2.220446049250313e-16,875738675.5472679,316000000.0,1000000000.0,562138772.9022079,109614,539673679.0136603,489993318.9153671,538860954.0005429,0.0009280451301406246,0.0011267048520901574,0.033321986046648135,0.00010064631188700744,-0.012067580049744885,0.014369016098591718,0.46006896929224367,0.0,1.0,0.018963499041063408,0.059414396554686444
BT_soft,BT kp=1,55,56,0.06315937806691885,-2.220446049250313e-16,875738675.5472679,1000000000.0,3160000000.0,1777638883.4631178,40287,1703752214.4480462,1549078524.1127014,1697752966.1837611,0.006850500533776068,0.005951183010492629,0.11466958905842298,0.0005713020623865668,-0.026003475940124213,0.03827161128271103,0.40839476754287984,0.0,1.0,0.059867851150245496,0.09940532182385212
BT_soft,BT kp=1,55,56,0.06315937806691885,-2.220446049250313e-16,875738675.5472679,3160000000.0,10000000000.0,5621387729.0220785,14629,5398939482.817297,4894931018.352509,5370184635.533794,0.03283496331315236,0.02619847736267417,0.33767133806633115,0.002791816558917682,-0.06471298879609683,0.12069218985978111,0.34841752683026866,0.0,1.0,0.18971239044358443,0.13809576328365816
BT_soft,BT kp=1,55,56,0.06315937806691885,-2.220446049250313e-16,875738675.5472679,10000000000.0,31600000000.0,17776388834.631176,5090,17002981942.388538,15435616374.015808,16869394329.184399,0.15254278123626022,0.09970490354711373,1.1831031136817936,0.01658302311756788,-0.22669074466675296,0.44707082253966524,0.3255402750491159,0.0,1.0,0.5974648093807481,0.16687996009414255
BT_soft,BT kp=1,55,56,0.06315937806691885,-2.220446049250313e-16,875738675.5472679,31600000000.0,100000000000.0,56213877290.22079,1790,53546877931.616165,48256027698.516846,53141865758.25654,0.4624806288320197,0.3512360137161678,3.8886800338016028,0.0919127361381777,-0.8387157619559128,1.5456651889383528,0.32513966480446926,0.0005586592178770949,1.0,1.8815743805849752,0.18667134147892134
BT_soft,BT kp=1,55,56,0.06315937806691885,-2.220446049250313e-16,875738675.5472679,100000000000.0,316000000000.0,177763888346.31177,661,168818505398.2641,154054317474.36523,166388718104.39853,2.7745574812567306,1.4726903824852453,11.618612648916606,0.45191165625746926,-2.6499192214131253,6.53092457766802,0.3177004538577912,0.0,1.0,5.932083942068083,0.24825852042340218
BT_soft,BT kp=1,55,56,0.06315937806691885,-2.220446049250313e-16,875738675.5472679,316000000000.0,1000000000000.0,562138772902.2078,218,538588562711.6632,494790306091.3086,531086314490.08215,8.5667658983918,5.311656207612274,48.31675203296758,3.2724233697795357,-9.201159203212756,24.10452364416612,0.3394495412844037,0.0,1.0,18.92536932906787,0.28066327875852815
BT_deep,BT kp=10,23,24,21.44730975323285,19.40664523021168,24902402.092678517,316000000.0,1000000000.0,562138772.9022079,53,459338288.1216283,413637422.0252037,260311244.5827925,7.992282945160186,7.038487418460409,3.929568698980271,0.5397677725670463,5.126857579105603,11.771972452241906,0.0,0.0,1.0,24.682734443844048,0.28515833342832203
BT_deep,BT kp=10,24,25,19.40664523021168,17.551495663828796,28728585.555879116,100000000.0,316000000.0,177763888.34631178,102,278212813.952682,282118488.1031513,211142025.44969675,2.3346359455298615,2.395082152516819,0.9692854199806162,0.0959735577036921,1.424144136460036,3.341425117594105,0.0196078431372549,0.0,1.0,11.762021678579966,0.20362844228373997
BT_deep,BT kp=10,24,25,19.40664523021168,17.551495663828796,28728585.555879116,316000000.0,1000000000.0,562138772.9022079,239,473308843.018869,434451550.24528503,277894743.20773304,6.802078697227952,5.734796223444508,3.3947486436439367,0.21958803529533064,3.9500122789547456,9.857019918714922,0.0,0.0,1.0,20.01010950271463,0.28659494455372714
BT_deep,BT kp=10,25,26,17.551495663828796,15.864996058026179,33142246.615712106,100000000.0,316000000.0,177763888.34631178,433,271678185.49908614,273206681.0131073,211640575.13926926,1.811512992947019,1.847850285216664,0.868331041098504,0.04172932677957122,0.9376373281196873,2.7210971994024016,0.020785219399538105,0.0,1.0,9.035233767712844,0.20451604603966148
BT_deep,BT kp=10,25,26,17.551495663828796,15.864996058026179,33142246.615712106,316000000.0,1000000000.0,562138772.9022079,984,485318648.7576099,434291325.5095482,297727920.1907114,5.660169352489381,4.88424727078142,3.0377583859293624,0.09684020033907173,3.052368113112787,8.517794091028806,0.0,0.0,1.0,16.14030009549764,0.30261192430640665
BT_deep,BT kp=10,25,26,17.551495663828796,15.864996058026179,33142246.615712106,1000000000.0,3160000000.0,1777638883.4631178,58,1390959088.6584642,1263559535.1457596,756968735.4282058,19.129371662140002,17.72938246940852,8.050330448643376,1.0570601745533714,12.03178369956721,26.737870165983615,0.0,0.0,1.0,46.25929205271549,0.3832609986595716
BT_deep,BT kp=10,26,27,15.864996058026179,14.331814598205613,38233370.82707757,100000000.0,316000000.0,177763888.34631178,1242,268708490.53412914,270771328.3598423,215168077.29771268,1.400358170839025,1.4425017110208982,0.8055720151611487,0.022858281296747118,0.5565829826627924,2.231788127727717,0.04911433172302738,0.0,1.0,7.028716597789306,0.20522974442796546
BT_deep,BT kp=10,26,27,15.864996058026179,14.331814598205613,38233370.82707757,316000000.0,1000000000.0,562138772.9022079,2863,498588389.7817764,447050556.5404892,313072870.7636127,4.852188415643911,4.117968720769763,2.8183548295158967,0.052672629028551965,2.4177338196912594,7.492378639087696,0.001047851903597625,0.0,1.0,13.041778038938116,0.3157520936543293
BT_deep,BT kp=10,26,27,15.864996058026179,14.331814598205613,38233370.82707757,1000000000.0,3160000000.0,1777638883.4631178,243,1428245090.7760196,1277116090.0592804,782344727.6811296,16.89362850103323,15.799636677211035,7.487877615241438,0.48034757297984637,10.250592972719437,22.941303132074857,0.0,0.0,1.0,37.35918413033348,0.42291171622194634
BT_deep,BT kp=10,27,28,14.331814598205613,12.938013271096011,44105611.17019093,100000000.0,316000000.0,177763888.34631178,3167,267688614.59653422,271693132.8177452,218026070.60942057,1.1259915160336431,1.1429045775786781,0.7193093752731377,0.012781790328034748,0.38144285181585313,1.8537557791084742,0.06062519734764762,0.0,1.0,5.506293481495371,0.20756332393461419
BT_deep,BT kp=10,27,28,14.331814598205613,12.938013271096011,44105611.17019093,316000000.0,1000000000.0,562138772.9022079,6847,500230219.9556425,449810437.8581047,324861031.97070855,3.9761196666844576,3.3694139805423315,2.437596132975879,0.02945856505805285,1.9288466073198416,6.088729561766929,0.005695925222725281,0.0,1.0,10.289621034276186,0.32745753894320656
BT_deep,BT kp=10,27,28,14.331814598205613,12.938013271096011,44105611.17019093,1000000000.0,3160000000.0,1777638883.4631178,796,1467563450.224136,1310758441.6866302,855554412.3062911,13.875990416645111,12.295079938756754,7.600556217351171,0.26939457250447485,7.402439217106136,20.165728741547586,0.002512562814070352,0.0,1.0,30.18744398909015,0.4072911884557116
BT_deep,BT kp=10,28,29,12.938013271096011,11.670921155541825,50878301.841837466,100000000.0,316000000.0,177763888.34631178,6589,265276311.37955987,268684662.87851334,220631126.52472308,0.877489681035793,0.8882082616602486,0.6482386758617881,0.00798592422428667,0.22865278552820997,1.5446108420650932,0.08772196084383063,0.0,1.0,4.290244905450247,0.20702973402098454
BT_deep,BT kp=10,28,29,12.938013271096011,11.670921155541825,50878301.841837466,316000000.0,1000000000.0,562138772.9022079,13925,506389908.86442536,454408973.4554291,341398833.899406,3.2428573476748093,2.75503088929742,2.1134393770887705,0.0179098600780819,1.4599259583423778,5.0651278204406855,0.012064631956912028,0.0,1.0,8.189712512884459,0.3364014164066284
BT_deep,BT kp=10,28,29,12.938013271096011,11.670921155541825,50878301.841837466,1000000000.0,3160000000.0,1777638883.4631178,1850,1520305131.9798908,1343286037.4450684,929334844.7495215,11.61536973202222,10.286789817290268,6.531481363237205,0.15185385719511738,5.736429716365335,17.51374315418638,0.004864864864864865,0.0,1.0,24.587500155165237,0.4183747738636725
BT_deep,BT kp=10,28,29,12.938013271096011,11.670921155541825,50878301.841837466,3160000000.0,10000000000.0,5621387729.0220785,153,4714841910.826614,4135794043.5409546,2647185495.086745,40.6392576184535,37.39628323899447,21.77435193653856,1.7603520188964892,19.66121618858652,62.752362010074506,0.0,0.0,1.0,76.25191402403443,0.4904307481017099
BT_deep,BT kp=10,29,30,11.670921155541825,10.51901923231075,58688735.33458358,100000000.0,316000000.0,177763888.34631178,11921,263397001.48347068,266055930.40585518,223788639.04601115,0.6748886683560803,0.6830234309378893,0.5873390338373866,0.005379383672846969,0.10952532358507631,1.2681893938491582,0.11643318513547521,0.0,1.0,3.348595454410801,0.20397311058826306
BT_deep,BT kp=10,29,30,11.670921155541825,10.51901923231075,58688735.33458358,316000000.0,1000000000.0,562138772.9022079,24136,512507819.1872061,462221987.54549026,356718521.15016305,2.654500853509461,2.2384675234113027,1.8428220715162817,0.011861804353548317,1.0964805324948315,4.285044756851169,0.020591647331786544,0.0,1.0,6.515569061206526,0.34355671812905203
BT_deep,BT kp=10,29,30,11.670921155541825,10.51901923231075,58688735.33458358,1000000000.0,3160000000.0,1777638883.4631178,3771,1544026999.1324768,1371478885.4122162,978106471.4636782,9.642745314624596,8.365637317320019,5.796380306532299,0.09439056942503166,4.429268965244972,14.966753782851786,0.007425086184036065,0.0,1.0,19.629387432897644,0.426179234880235
BT_deep,BT kp=10,29,30,11.670921155541825,10.51901923231075,58688735.33458358,3160000000.0,10000000000.0,5621387729.0220785,422,4802260554.232304,4243153631.6871643,2778456822.231906,34.48368277937364,30.718924606383887,18.573146323470063,0.9041266168104931,17.990231076153247,51.2511160896914,0.004739336492890996,0.0,1.0,61.05167398349341,0.5031626915699213
BT_deep,BT kp=10,30,31,10.51901923231075,9.471835665737043,67694718.7794931,100000000.0,316000000.0,177763888.34631178,19571,261508100.41508502,263739787.04214096,226213130.86390847,0.5213843884357566,0.5286285661516565,0.5263591726728017,0.0037624928834771986,0.0272129198106465,1.0426056386930975,0.145521434775944,0.0,1.0,2.612850221143878,0.2023187406127813
BT_deep,BT kp=10,30,31,10.51901923231075,9.471835665737043,67694718.7794931,316000000.0,1000000000.0,562138772.9022079,37492,516562620.0824773,464032776.65376663,370684504.89668375,2.1549408552973364,1.822391436532953,1.6207964802281765,0.008370649950973317,0.7900781691568222,3.570556654918239,0.03518083857889683,0.0,1.0,5.161219686789116,0.3530931731500649
BT_deep,BT kp=10,30,31,10.51901923231075,9.471835665737043,67694718.7794931,1000000000.0,3160000000.0,1777638883.4631178,6769,1561636739.7504363,1382352262.7353668,1021406976.9972975,7.980382701830375,6.915431022710663,5.1601387247711505,0.06271899927672414,3.5026252597518814,12.581533771539887,0.014920963214655044,0.0,1.0,15.603045926021956,0.44321032287532164
BT_deep,BT kp=10,30,31,10.51901923231075,9.471835665737043,67694718.7794931,3160000000.0,10000000000.0,5621387729.0220785,901,4845770328.211599,4240930378.437042,2990749396.1439548,27.402742274624682,23.83977333543284,16.06366396433021,0.5351582378858134,13.50905549996991,40.95190693921725,0.004439511653718091,0.0,1.0,48.41636665779458,0.4923907963588354
BT_deep,BT kp=10,30,31,10.51901923231075,9.471835665737043,67694718.7794931,10000000000.0,31600000000.0,17776388834.631176,106,15106397754.741165,13519126772.880554,8131722006.59536,103.03131283940952,92.07139859568872,55.14878381015502,5.356523404100074,51.831579714153264,151.88601180325776,0.0,0.0,1.0,150.9351131055288,0.6100064902148744
BT_deep,BT kp=10,31,32,9.471835665737043,8.519850605215494,78077415.13720101,100000000.0,316000000.0,177763888.34631178,28817,259830146.30429325,261370018.12458038,228991361.4876572,0.39497702072289104,0.3954945485837287,0.4611830932691311,0.0027167457394631435,-0.024312961614049795,0.8460517125789605,0.1748620605892355,0.0,1.0,2.0398662772716065,0.19388258582945772
BT_deep,BT kp=10,31,32,9.471835665737043,8.519850605215494,78077415.13720101,316000000.0,1000000000.0,562138772.9022079,52764,521059368.0375792,469008944.9286461,384994243.82404584,1.7426950415101974,1.4664692589183128,1.4187272881505018,0.006176323943046692,0.5536366776638865,2.9595458151313987,0.049276021529830946,0.0,1.0,4.090716371577359,0.3584871513232901
BT_deep,BT kp=10,31,32,9.471835665737043,8.519850605215494,78077415.13720101,1000000000.0,3160000000.0,1777638883.4631178,10725,1592279201.4333751,1422994732.8567505,1080040383.8634212,6.560652868308021,5.684639575048504,4.584696447003805,0.044270246061616975,2.4951017328748653,10.637025893734997,0.022191142191142193,0.0,1.0,12.500615087215682,0.45474878919055406
BT_deep,BT kp=10,31,32,9.471835665737043,8.519850605215494,78077415.13720101,3160000000.0,10000000000.0,5621387729.0220785,1662,4903980109.629935,4316863119.602203,3130470732.9733706,22.714755266168545,19.701479728166323,14.481325046993028,0.3552162229574356,10.005655082628143,35.07419844738327,0.007220216606498195,0.0,1.0,38.500011612699964,0.5117265918347779
BT_deep,BT kp=10,31,32,9.471835665737043,8.519850605215494,78077415.13720101,10000000000.0,31600000000.0,17776388834.631176,239,15651548821.557016,13762151002.883911,9515402736.025373,78.59053831058496,72.5014350173518,45.39047143321358,2.936065520435517,34.9070334886373,117.67561945578068,0.0041841004184100415,0.0,1.0,122.87668341137666,0.5900341139142365
BT_deep,BT kp=10,32,33,8.519850605215494,7.654409641104996,90044456.23328698,100000000.0,316000000.0,177763888.34631178,39405,258214698.090739,259492471.81415558,231018367.94252518,0.30203225479815926,0.3024340033833223,0.4066910882645723,0.002048750110419235,-0.05443597755604911,0.6938602249374489,0.20093896713615023,0.0,1.0,1.5924967070814366,0.18991185478655848
BT_deep,BT kp=10,32,33,8.519850605215494,7.654409641104996,90044456.23328698,316000000.0,1000000000.0,562138772.9022079,68980,524415623.7541507,472513437.27111816,399076523.9092367,1.3919690904699964,1.1611896584895545,1.225140593591361,0.004664706623303665,0.3666176945118267,2.4445064434737596,0.06743983763409683,0.0,1.0,3.2342471600012104,0.3590293508950998
BT_deep,BT kp=10,32,33,8.519850605215494,7.654409641104996,90044456.23328698,1000000000.0,3160000000.0,1777638883.4631178,15241,1611872692.6581311,1438364088.5353088,1136762865.6948075,5.276391760669977,4.470817203531196,4.0372210450317585,0.03270211164726772,1.7748883672992657,8.858036062854177,0.03844892067449642,0.0,1.0,9.94095988443899,0.4497369726367729
BT_deep,BT kp=10,32,33,8.519850605215494,7.654409641104996,90044456.23328698,3160000000.0,10000000000.0,5621387729.0220785,2778,5013712322.737691,4440911412.239075,3306765146.808306,18.956715908273473,16.321762656820923,12.932678284072185,0.24537050311936098,7.746059488831191,30.47096370061948,0.01655867530597552,0.0,1.0,30.921246634099926,0.5278494379596357
BT_deep,BT kp=10,32,33,8.519850605215494,7.654409641104996,90044456.23328698,10000000000.0,31600000000.0,17776388834.631176,446,15919588320.458416,14162309169.769287,9849425314.386864,67.41295644392574,60.223269703771734,39.44507578997482,1.8677784723293582,32.95592848491857,101.18021537950378,0.002242152466367713,0.0,1.0,98.18144422403576,0.6133874906784932
BT_deep,BT kp=10,32,33,8.519850605215494,7.654409641104996,90044456.23328698,31600000000.0,100000000000.0,56213877290.22079,67,51029324104.53683,45996847152.70996,29898693259.082626,234.66887057109886,203.36744389278036,133.2409864078671,16.27797727493514,125.81601559766413,347.1322247687042,0.014925373134328358,0.0,1.0,314.7149685976023,0.6461956506199996
BT_deep,BT kp=10,33,34,7.654409641104996,6.867645128277267,103833283.33709192,100000000.0,316000000.0,177763888.34631178,49804,257220415.82535648,257819779.2172432,232865660.81682056,0.23455634095157,0.23439202986454616,0.34779857863480906,0.0015584601097975153,-0.06944845944683829,0.5662883887521075,0.22223114609268332,0.0,1.0,1.2459209244165843,0.18812753303288707
BT_deep,BT kp=10,33,34,7.654409641104996,6.867645128277267,103833283.33709192,316000000.0,1000000000.0,562138772.9022079,84963,525193135.3726338,473801679.9092293,411348357.9197887,1.0964189303660092,0.9020894660635553,1.0615710785867203,0.0036419515064291855,0.23076002434837717,1.997320404413143,0.08846203641585161,0.0,1.0,2.5439237185783736,0.3546055486945465
BT_deep,BT kp=10,33,34,7.654409641104996,6.867645128277267,103833283.33709192,1000000000.0,3160000000.0,1777638883.4631178,20394,1625134463.4703157,1455852687.3588562,1186975390.1692812,4.219832593356053,3.5839051187161948,3.4944370566495064,0.024469551804711324,1.2219721346686778,7.288828524035148,0.0529567519858782,0.0,1.0,7.871805301811444,0.45528376037088647
BT_deep,BT kp=10,33,34,7.654409641104996,6.867645128277267,103833283.33709192,3160000000.0,10000000000.0,5621387729.0220785,4122,5047284379.305046,4475604444.742203,3507994382.711347,14.824629898261389,12.961091737916234,11.005851217543615,0.17142321810269376,5.217564991818804,24.300533705251052,0.033964095099466275,0.0,1.0,24.447970817086343,0.53015000037786
BT_deep,BT kp=10,33,34,7.654409641104996,6.867645128277267,103833283.33709192,10000000000.0,31600000000.0,17776388834.631176,757,15884840787.63813,14171893596.64917,10322873300.455679,53.56632582950957,47.17303292630771,33.70281093762217,1.2249494989170369,22.96953495975906,82.28104038978128,0.007926023778071334,0.0,1.0,76.94278642245071,0.6130923393819717
BT_deep,BT kp=10,33,34,7.654409641104996,6.867645128277267,103833283.33709192,31600000000.0,100000000000.0,56213877290.22079,133,49100546872.705444,45099983215.33203,31371523070.156124,170.74509475918745,148.56578332653217,84.52275468160472,7.329052323606094,96.82505112587975,242.47553883620722,0.0,0.0,1.0,237.83259409135286,0.6246653613401164
BT_deep,BT kp=10,34,35,6.867645128277267,6.152404662070242,119714620.32581401,100000000.0,316000000.0,177763888.34631178,60390,256131258.64250422,256517762.31825352,234565081.77467522,0.18014655861694037,0.17972050461624425,0.3031945996975722,0.0012337834685989923,-0.07484004516835903,0.46360590820680747,0.24247391952309985,0.0,1.0,0.9741807592331381,0.1844837345768539
BT_deep,BT kp=10,34,35,6.867645128277267,6.152404662070242,119714620.32581401,316000000.0,1000000000.0,562138772.9022079,99583,527382354.5949583,476479791.10479355,422156937.62013173,0.8789688067209029,0.7173426065655503,0.9147722364012267,0.002898814148884674,0.14540259149747048,1.6344697222452422,0.10513842724159746,0.0,1.0,2.0058689647192427,0.35762186821907144
BT_deep,BT kp=10,34,35,6.867645128277267,6.152404662070242,119714620.32581401,1000000000.0,3160000000.0,1777638883.4631178,25161,1638405273.8199682,1470223665.2374268,1235986908.8948703,3.361480526187032,2.8028567541670193,3.007074239434386,0.018957462315092658,0.8340838006011666,5.986534450066958,0.06796232264218434,0.0,1.0,6.23158181488999,0.44978254918675087
BT_deep,BT kp=10,34,35,6.867645128277267,6.152404662070242,119714620.32581401,3160000000.0,10000000000.0,5621387729.0220785,5710,5103103149.480035,4577504545.450211,3655600813.701879,12.091274497957299,10.42307261813546,9.430718468977272,0.12480348885474643,3.7397046106966894,20.627494053397793,0.044133099824868655,0.0,1.0,19.409364272653047,0.537012571443214
BT_deep,BT kp=10,34,35,6.867645128277267,6.152404662070242,119714620.32581401,10000000000.0,31600000000.0,17776388834.631176,1146,16040321989.001196,14278843402.862549,11024721169.65898,41.896309788159634,36.11423098819775,29.151507365209707,0.8611299760534599,15.799965601658364,67.63530745844555,0.02617801047120419,0.0,1.0,61.008457680674795,0.5919544987880818
BT_deep,BT kp=10,34,35,6.867645128277267,6.152404662070242,119714620.32581401,31600000000.0,100000000000.0,56213877290.22079,228,50230967067.83563,44708046913.14697,33923630096.14903,136.2184245107634,115.7757839300823,93.46727916042623,6.19002177874079,53.10090490744885,209.0121839993056,0.017543859649122806,0.0,1.0,191.05064291843686,0.6059952594847282
BT_deep,BT kp=10,35,36,6.152404662070242,5.502186056427491,137995904.84494817,100000000.0,316000000.0,177763888.34631178,70888,255169685.00730956,254987617.95461178,235857099.48574075,0.1399504249294094,0.14141635123930035,0.26492808053686334,0.0009950425012497438,-0.0737058788039452,0.3785987853759672,0.2553887823044803,0.0,1.0,0.7619196185067346,0.1856053418291793
BT_deep,BT kp=10,35,36,6.152404662070242,5.502186056427491,137995904.84494817,316000000.0,1000000000.0,562138772.9022079,112373,528941445.1436567,477797426.2833595,433119837.38851583,0.6943800822408887,0.5581901721866735,0.7817145160979667,0.0023319390176993653,0.08001559562249917,1.3261987536214248,0.12202219394338498,0.0,1.0,1.5793837895936231,0.3534227563082032
BT_deep,BT kp=10,35,36,6.152404662070242,5.502186056427491,137995904.84494817,1000000000.0,3160000000.0,1777638883.4631178,29708,1648134793.2736464,1479183584.4516754,1279572599.3707252,2.670819792203518,2.1619883309493586,2.582834904958714,0.014985110138427907,0.5377968150169851,4.947931632240361,0.0875521744984516,0.0,1.0,4.921220296614625,0.43931955910135134
BT_deep,BT kp=10,35,36,6.152404662070242,5.502186056427491,137995904.84494817,3160000000.0,10000000000.0,5621387729.0220785,7208,5156774089.550734,4631252139.806747,3828895477.0364094,9.6225943371749,8.150200896507004,8.105002593790479,0.0954653500119627,2.569639919410478,16.667637598279498,0.05660377358490566,0.0,1.0,15.397782643825254,0.5293100367133289
BT_deep,BT kp=10,35,36,6.152404662070242,5.502186056427491,137995904.84494817,10000000000.0,31600000000.0,17776388834.631176,1656,16012789681.193909,14356412887.573242,11361953718.45278,33.70271000408885,29.447300358799318,25.859961901731424,0.6354738948137325,10.890912432348937,56.52927828054133,0.03864734299516908,0.0,1.0,47.81311935535895,0.6158832712825049
BT_deep,BT kp=10,35,36,6.152404662070242,5.502186056427491,137995904.84494817,31600000000.0,100000000000.0,56213877290.22079,342,50828384411.96241,45577125549.31641,35207494085.99229,113.19821659578746,97.23669406137601,81.26913413912919,4.394531478038703,47.633214901478674,178.45630304277398,0.03216374269005848,0.0,1.0,151.77015741257307,0.6406838848894852
BT_deep,BT kp=10,35,36,6.152404662070242,5.502186056427491,137995904.84494817,100000000000.0,316000000000.0,177763888346.31177,60,163230860392.2526,162654619216.91895,103511167883.873,432.76423728284186,388.7085406405471,279.50477151456005,36.08391084204668,162.10140889367656,668.2306223096831,0.0,0.0,1.0,487.3964353368563,0.7975202780707605
BT_deep,BT kp=10,36,37,5.502186056427491,4.9110782331159015,159024380.77429926,100000000.0,316000000.0,177763888.34631178,79348,254531852.45628327,254192585.12556553,236910721.79887283,0.11080773005756782,0.11199170481978966,0.2287325481220096,0.0008120073789039779,-0.06870192479055849,0.31189863056173445,0.2648585975701971,0.0,1.0,0.596553349153954,0.18773124814171094
BT_deep,BT kp=10,36,37,5.502186056427491,4.9110782331159015,159024380.77429926,316000000.0,1000000000.0,562138772.9022079,123264,529147666.21604747,477659478.7836075,442512608.2898066,0.5447910408731638,0.43288035970481364,0.663853275734948,0.001890836487090141,0.03768684898312497,1.074958713458579,0.13862928348909656,0.0,1.0,1.2401780344265487,0.3490469494607482
BT_deep,BT kp=10,36,37,5.502186056427491,4.9110782331159015,159024380.77429926,1000000000.0,3160000000.0,1777638883.4631178,33851,1654091100.7668254,1481556892.3950195,1323261402.6620312,2.0803709248479056,1.6475201199907106,2.2071820663574937,0.011996440584198515,0.31392729533655567,3.9576153039308837,0.10501905408998258,0.0,1.0,3.8767391053254463,0.4249757528763091
BT_deep,BT kp=10,36,37,5.502186056427491,4.9110782331159015,159024380.77429926,3160000000.0,10000000000.0,5621387729.0220785,8590,5215824971.55014,4714922904.968262,3992782954.6296625,7.690908846589521,6.254737689288617,7.126127936173708,0.07688772892636796,1.6185772249222838,14.071070003878582,0.07718277066356229,0.0,1.0,12.224473382613194,0.5116570255030125
BT_deep,BT kp=10,36,37,5.502186056427491,4.9110782331159015,159024380.77429926,10000000000.0,31600000000.0,17776388834.631176,2165,16433376770.371925,14820517301.559448,12114137215.57853,27.16086384844112,22.847699047832798,22.340025957931946,0.4801254454058135,7.950208035222937,46.445005519023084,0.05034642032332563,0.0,1.0,38.515360084286215,0.5932100595147849
BT_deep,BT kp=10,36,37,5.502186056427491,4.9110782331159015,159024380.77429926,31600000000.0,100000000000.0,56213877290.22079,453,52015558399.63833,46846265792.84668,36564191256.13787,97.1635108293887,85.25262393944071,68.75878520206433,3.2305695417274882,36.17850305533242,162.5122865520303,0.017660044150110375,0.0,1.0,121.91030423882547,0.6993061371779418
BT_deep,BT kp=10,36,37,5.502186056427491,4.9110782331159015,159024380.77429926,100000000000.0,316000000000.0,177763888346.31177,101,163938670866.56024,143743019104.0039,109894821313.34816,339.84631343992237,290.207417925058,222.97552043839102,22.186893534262662,125.90121217389613,572.3719162473443,0.019801980198019802,0.0,1.0,384.22760144760844,0.7553008082492725
BT_deep,BT kp=10,37,38,4.9110782331159015,4.373707484650818,183189372.56709933,100000000.0,316000000.0,177763888.34631178,87189,253920260.35754415,253262147.30739594,237904559.2959513,0.08742702066806082,0.08959365038591113,0.19534616274624966,0.0006615673085301937,-0.06177875919332805,0.25677022757857954,0.2731078461732558,1.1469336728257004e-05,1.0,0.46706419590192627,0.1918229895847635
BT_deep,BT kp=10,37,38,4.9110782331159015,4.373707484650818,183189372.56709933,316000000.0,1000000000.0,562138772.9022079,131585,530470214.43875235,479278378.1886101,450496311.87807155,0.43656409452129985,0.3408427588002364,0.5689650907640287,0.0015684924349546145,0.016414662607897833,0.8774159052056989,0.14845917087813962,0.0,1.0,0.9757537417765846,0.34931227440609514
BT_deep,BT kp=10,37,38,4.9110782331159015,4.373707484650818,183189372.56709933,1000000000.0,3160000000.0,1777638883.4631178,37258,1659523389.6331987,1490675732.4934006,1355814203.0648332,1.657897411363872,1.276364191821223,1.8916039733663124,0.009799873019264549,0.18875554818119902,3.257203019207173,0.11833700144935316,0.0,1.0,3.052548687796901,0.41813065813617084
BT_deep,BT kp=10,37,38,4.9110782331159015,4.373707484650818,183189372.56709933,3160000000.0,10000000000.0,5621387729.0220785,9867,5221414131.585184,4681708812.713623,4134046280.137599,5.935758369658153,4.715586588090647,5.980643713045086,0.06020816161015113,1.0143274606658397,11.153771791209078,0.09536839971622581,0.0,1.0,9.604336374757233,0.4909851554641996
BT_deep,BT kp=10,37,38,4.9110782331159015,4.373707484650818,183189372.56709933,10000000000.0,31600000000.0,17776388834.631176,2636,16530416245.163843,14922462105.751038,12591988252.806557,21.49921656025491,17.886149791495697,19.24677244384175,0.37487390368836043,4.825070273907822,38.39272123162569,0.07587253414264036,0.0,1.0,30.406260455940025,0.5882390508827449
BT_deep,BT kp=10,37,38,4.9110782331159015,4.373707484650818,183189372.56709933,31600000000.0,100000000000.0,56213877290.22079,646,50934753879.305016,45922386646.27075,36822627510.63326,77.03572631377786,66.4775655473931,56.19357455470149,2.210906620010624,26.48576455682936,126.96721866621677,0.02631578947368421,0.0,1.0,93.69004202579893,0.7095478250408674
BT_deep,BT kp=10,37,38,4.9110782331159015,4.373707484650818,183189372.56709933,100000000000.0,316000000000.0,177763888346.31177,150,161205493609.11053,142552604675.29297,112890489514.66878,263.7434880494758,223.60748499378928,185.72082550142667,15.16404190289897,94.49455632004987,434.9572076550557,0.02666666666666667,0.0,1.0,296.5234603236941,0.7540971117418247
BT_deep,BT kp=10,38,39,4.373707484650818,3.885188622409834,210922995.7883258,100000000.0,316000000.0,177763888.34631178,93313,253424396.8417893,252476315.9453869,238743249.8930857,0.06960429750124147,0.07183719024173933,0.1661328318049203,0.000543856585578838,-0.054527323318703975,0.20897991836954563,0.2783106319591054,0.0,1.0,0.3658280127442933,0.19636875181549354
BT_deep,BT kp=10,38,39,4.373707484650818,3.885188622409834,210922995.7883258,316000000.0,1000000000.0,562138772.9022079,138172,531703439.14852434,479433871.8056679,458658068.0856939,0.3463129792454489,0.2663628184159048,0.47900631667472454,0.0012886388446333487,0.0019134565624884098,0.7084576914191405,0.15851981588165476,0.0,1.0,0.7675346767598037,0.34703685251117555
BT_deep,BT kp=10,38,39,4.373707484650818,3.885188622409834,210922995.7883258,1000000000.0,3160000000.0,1777638883.4631178,39781,1662692455.803598,1495568603.2772064,1389775764.329525,1.2939162486956213,0.977331888898889,1.6077310717123425,0.008060751953258918,0.11363344590813743,2.623536332334624,0.13006208994243484,0.0,1.0,2.400161485996513,0.40719422197257477
BT_deep,BT kp=10,38,39,4.373707484650818,3.885188622409834,210922995.7883258,3160000000.0,10000000000.0,5621387729.0220785,11005,5229134682.902743,4681753814.220428,4230883939.872948,4.732773395801764,3.689994225473171,5.189548012147048,0.04946915713382497,0.6430131900978219,9.177507996022857,0.11158564288959563,0.0,1.0,7.548460105886405,0.4888406607058381
BT_deep,BT kp=10,38,39,4.373707484650818,3.885188622409834,210922995.7883258,10000000000.0,31600000000.0,17776388834.631176,3019,16898639484.44532,15246077775.9552,13253201894.380667,17.28326291042762,13.967183085805502,16.600547524939085,0.30212791653356136,3.1641652337229527,31.836617457578804,0.08976482278900298,0.0,1.0,24.393845966362303,0.5725699467425283
BT_deep,BT kp=10,38,39,4.373707484650818,3.885188622409834,210922995.7883258,31600000000.0,100000000000.0,56213877290.22079,782,52351281389.860855,47224400043.48755,39373845854.37872,61.52688798572625,50.58032798252508,50.823150336859804,1.8174321455804259,17.376045592134577,106.24809481089089,0.05115089514066496,0.0,1.0,75.57111893779613,0.669307649449502
BT_deep,BT kp=10,38,39,4.373707484650818,3.885188622409834,210922995.7883258,100000000000.0,316000000000.0,177763888346.31177,197,165331056323.7534,151124048233.03223,121296349406.8475,208.77148436246108,184.60023121987783,163.6217131413283,11.657564375287631,58.45455829459125,349.8896628634947,0.04060913705583756,0.0,1.0,238.66183577263237,0.7734803121004324
BT_deep,BT kp=10,38,39,4.373707484650818,3.885188622409834,210922995.7883258,316000000000.0,1000000000000.0,562138772902.2078,51,483215805876.4888,444429893493.65234,375103819043.0286,512.5661449544232,422.60582733874753,394.5488833942266,55.2478943592425,188.43852140210575,831.751889475447,0.0392156862745098,0.0,1.0,697.5408847506759,0.6058509781685425
BT_deep,BT kp=10,39,40,3.885188622409834,3.4410805658271224,242698183.00789833,100000000.0,316000000.0,177763888.34631178,98416,252921076.90929085,251709781.58712387,239608954.20430183,0.05485052479587705,0.05815118850501528,0.1442573844137566,0.0004598383612351675,-0.04737995361313519,0.17150559091554735,0.28449642334579744,0.0,1.0,0.28654132426582235,0.20294171758300675
BT_deep,BT kp=10,39,40,3.885188622409834,3.4410805658271224,242698183.00789833,316000000.0,1000000000.0,562138772.9022079,142091,532098201.87048584,480502843.8568115,466749704.7139497,0.26925828758433434,0.20817882349071928,0.4040687072341768,0.001071943592912576,-0.01031395860778912,0.5642334387169423,0.1705174852735219,0.0,1.0,0.6028288558098855,0.3453365270828587
BT_deep,BT kp=10,39,40,3.885188622409834,3.4410805658271224,242698183.00789833,1000000000.0,3160000000.0,1777638883.4631178,41832,1662950614.9314106,1496305167.6750183,1413038257.0514672,1.0297248820845526,0.7575123709072713,1.3472124484705488,0.0065869106552433965,0.05507713022746713,2.111911480117149,0.1421399885255307,0.0,1.0,1.8840030147507487,0.4020759865968098
BT_deep,BT kp=10,39,40,3.885188622409834,3.4410805658271224,242698183.00789833,3160000000.0,10000000000.0,5621387729.0220785,11943,5251275431.163585,4713911116.123199,4336871855.640285,3.767657277819591,2.8491982558936,4.336480924550385,0.03968082785452453,0.44962745526084313,7.420953581659483,0.11956794775182115,0.0,1.0,5.9493160258440945,0.478911902396268
BT_deep,BT kp=10,39,40,3.885188622409834,3.4410805658271224,242698183.00789833,10000000000.0,31600000000.0,17776388834.631176,3291,16773654268.491383,15104703903.198242,13502622431.88612,13.47777637255244,10.786433944496883,14.269128982139268,0.24873306560310166,1.7217997634913633,26.248997058462805,0.1151625645700395,0.0,1.0,19.003339561907527,0.567607283412356
BT_deep,BT kp=10,39,40,3.885188622409834,3.4410805658271224,242698183.00789833,31600000000.0,100000000000.0,56213877290.22079,980,50978848953.63633,45422079563.14087,38860252559.79324,49.93278583156389,39.19734915900506,45.911960921671266,1.4666037943024406,11.225965569504742,89.72267086634726,0.06938775510204082,0.0,1.0,57.75535620529254,0.6786790305591279
BT_deep,BT kp=10,39,40,3.885188622409834,3.4410805658271224,242698183.00789833,100000000000.0,316000000000.0,177763888346.31177,261,165496642927.5571,146609773635.86426,123391214376.20842,173.4888495229419,133.7004031406859,168.7754868192423,10.446940366965254,40.332795935039776,305.88078815431123,0.06896551724137931,0.0,1.0,187.49575087021208,0.7130849767002758
BT_deep,BT kp=10,39,40,3.885188622409834,3.4410805658271224,242698183.00789833,316000000000.0,1000000000000.0,562138772902.2078,68,511116952335.1333,473599662780.7617,369763201194.65094,582.4260791267733,480.933188606322,453.4227897177111,54.98558985495142,178.4290583780385,1024.6141563015408,0.04411764705882353,0.0,1.0,579.0586145153344,0.8305431894988001
BT_deep,BT kp=10,40,41,3.4410805658271224,3.0373459689337468,279022399.0609782,100000000.0,316000000.0,177763888.34631178,101998,252230347.7828792,250821262.59803772,240296529.3502129,0.042770109040809405,0.046320065845840315,0.12594470568250318,0.00039435203637515397,-0.04172638261202916,0.14030174445560906,0.29108413890468443,0.0,1.0,0.2243181084833241,0.20649276226080415
BT_deep,BT kp=10,40,41,3.4410805658271224,3.0373459689337468,279022399.0609782,316000000.0,1000000000.0,562138772.9022079,144570,531887342.339473,480824615.8063412,472239233.6183451,0.2137753417713686,0.16436617320954028,0.3425172934816046,0.0009008311869476374,-0.013802900313151288,0.4562892135762183,0.1778100574116345,0.0,1.0,0.4730277843589108,0.3474767839109153
BT_deep,BT kp=10,40,41,3.4410805658271224,3.0373459689337468,279022399.0609782,1000000000.0,3160000000.0,1777638883.4631178,43278,1666802429.8334396,1500470191.2403107,1442104854.9255807,0.8053029995586599,0.5888185782200515,1.1346740140191052,0.005454281112157861,0.023104857658356317,1.6929545705946745,0.15127778547992052,0.0,1.0,1.4823512379148562,0.39721933854779984
BT_deep,BT kp=10,40,41,3.4410805658271224,3.0373459689337468,279022399.0609782,3160000000.0,10000000000.0,5621387729.0220785,12397,5253017632.323926,4731134772.30072,4425048204.6549835,2.9673941248279396,2.214380457701786,3.6452123406227743,0.03273893376392139,0.19842339965603292,5.993443599428726,0.13632330402516737,0.0,1.0,4.671709766371088,0.47399786554417794
BT_deep,BT kp=10,40,41,3.4410805658271224,3.0373459689337468,279022399.0609782,10000000000.0,31600000000.0,17776388834.631176,3708,16763343322.68858,14991644620.895386,13652511111.660553,11.149041157617518,8.673488571660886,12.470749549797391,0.20479657753449246,1.3952996258526162,21.872453635245417,0.1156957928802589,0.0,1.0,14.908283238141358,0.5817898971405795
BT_deep,BT kp=10,40,41,3.4410805658271224,3.0373459689337468,279022399.0609782,31600000000.0,100000000000.0,56213877290.22079,1105,52633720296.54041,47365326881.40869,42426895158.32323,36.58066582671222,29.169453151315654,38.09007177918224,1.1458576065237274,4.885580041694691,69.48781280639757,0.1085972850678733,0.0009049773755656109,1.0,46.8091832848105,0.6231566351806247
BT_deep,BT kp=10,40,41,3.4410805658271224,3.0373459689337468,279022399.0609782,100000000000.0,316000000000.0,177763888346.31177,307,164794961668.3811,144884243011.4746,128206050714.37474,131.13252225320488,104.12402281817222,122.77051245272575,7.006883243959362,27.364378384355465,238.712692694424,0.09120521172638436,0.0,1.0,146.5584709134764,0.7104606248221832
BT_deep,BT kp=10,40,41,3.4410805658271224,3.0373459689337468,279022399.0609782,316000000000.0,1000000000000.0,562138772902.2078,92,516063048735.9088,453199138641.3574,384338936494.7444,472.09153345562487,396.12833688627194,368.0552118479416,38.37240841956304,145.66103358303116,865.9585123179796,0.03260869565217391,0.0,1.0,458.95463400076324,0.8631100059567395
BT_deep,BT kp=10,41,42,3.0373459689337468,2.670314517212497,320424784.4428499,100000000.0,316000000.0,177763888.34631178,104875,251771512.20365557,250067505.98549843,240819257.30526233,0.03418042370672693,0.0377866822552501,0.10848940307683605,0.0003350050337439499,-0.03561761024679015,0.11566634394712334,0.293015494636472,0.0,1.0,0.17584138523699777,0.21489072213757573
BT_deep,BT kp=10,41,42,3.0373459689337468,2.670314517212497,320424784.4428499,316000000.0,1000000000.0,562138772.9022079,145315,532414605.436441,481459610.1641655,478604581.400204,0.1679334016867676,0.12920217631472106,0.29021046688083685,0.0007613035391620223,-0.017025473444243277,0.3658568715127791,0.18700753535423045,0.0,1.0,0.37184715983524247,0.3474604360887623
BT_deep,BT kp=10,41,42,3.0373459689337468,2.670314517212497,320424784.4428499,1000000000.0,3160000000.0,1777638883.4631178,44111,1672551784.0385137,1506452113.3899689,1469431203.2002974,0.6339103299746299,0.45632601738193884,0.9597527587196351,0.004569681352624818,-0.0025275604490303054,1.3569311347613922,0.1612976355104169,0.0,1.0,1.168137808808355,0.3906439924647656
BT_deep,BT kp=10,41,42,3.0373459689337468,2.670314517212497,320424784.4428499,3160000000.0,10000000000.0,5621387729.0220785,12844,5271275946.7457285,4764611870.05043,4519891168.792248,2.3449646045950483,1.7099113155951247,3.123272060825108,0.02755875968890823,0.11397442564754147,4.842358745676812,0.14271255060728744,0.0,1.0,3.6815462413891713,0.4644546621122753
BT_deep,BT kp=10,41,42,3.0373459689337468,2.670314517212497,320424784.4428499,10000000000.0,31600000000.0,17776388834.631176,3885,16762877438.212608,15064558982.849121,13999312486.312565,8.624691615866391,6.358944198144647,10.30657689188656,0.16535561088472475,0.6732628229266865,17.47449586246184,0.13307593307593307,0.0,1.0,11.707470648661118,0.5431526918986437
BT_deep,BT kp=10,41,42,3.0373459689337468,2.670314517212497,320424784.4428499,31600000000.0,100000000000.0,56213877290.22079,1240,52515383480.05664,47221033573.150635,42553188715.25026,31.090587396753673,23.22760667788475,32.462425131548656,0.9218709260911194,5.677933519555717,58.37750840752086,0.0846774193548387,0.0,1.0,36.677611762190594,0.6332911430680749
BT_deep,BT kp=10,41,42,3.0373459689337468,2.670314517212497,320424784.4428499,100000000000.0,316000000000.0,177763888346.31177,358,161816610384.2538,147157354354.8584,131005299937.12567,96.15770047470704,76.25610857535898,98.87492788242568,5.225702316744221,15.912371668079079,178.32107617032577,0.1005586592178771,0.0,1.0,113.01539509087328,0.6747408927256597
BT_deep,BT kp=10,41,42,3.0373459689337468,2.670314517212497,320424784.4428499,316000000000.0,1000000000000.0,562138772902.2078,99,507596976154.9825,445090332031.25,393980267071.9648,354.5815261468393,227.41051640229387,370.31157816466316,37.2177139483804,64.94204043180709,650.8599054223835,0.06060606060606061,0.0,1.0,354.5141173756175,0.6414709746561267
BT_deep,BT kp=10,42,43,2.670314517212497,2.3366495611022704,367433754.36246824,100000000.0,316000000.0,177763888.34631178,107108,251022623.8513736,248997043.8182354,241164532.0614026,0.02682957587028365,0.030232201724494846,0.0913954849454107,0.0002792632491435376,-0.031017790637258128,0.09448168976633665,0.29867983717369384,0.0,1.0,0.13777828119529517,0.21942646883249992
BT_deep,BT kp=10,42,43,2.670314517212497,2.3366495611022704,367433754.36246824,316000000.0,1000000000.0,562138772.9022079,145093,532632537.57835996,481295883.6555481,483916448.9027416,0.13258468525883088,0.10172281646487455,0.24256896464785055,0.0006368131227619847,-0.018432770700119304,0.29386627156372,0.1948750111997133,0.0,1.0,0.2923449464845252,0.3479547626463216
BT_deep,BT kp=10,42,43,2.670314517212497,2.3366495611022704,367433754.36246824,1000000000.0,3160000000.0,1777638883.4631178,44441,1675456176.9316788,1508336216.211319,1492837684.8615217,0.49701065811718076,0.3654405222367412,0.8074757521162212,0.0038303422267043246,-0.014730841466858243,1.0764700470341273,0.16797551810265296,0.0,1.0,0.9196042521345191,0.39738890004967575
BT_deep,BT kp=10,42,43,2.670314517212497,2.3366495611022704,367433754.36246824,3160000000.0,10000000000.0,5621387729.0220785,13231,5276522467.411364,4753705561.161041,4610139699.493007,1.8136133656925253,1.3118378969155464,2.601155977673715,0.022613618470316545,0.028076497017359647,3.8044751679467685,0.15554379865467463,7.558007709167864e-05,1.0,2.896114242988452,0.45296483040734015
BT_deep,BT kp=10,42,43,2.670314517212497,2.3366495611022704,367433754.36246824,10000000000.0,31600000000.0,17776388834.631176,4068,16694786369.566133,14952427744.865417,14244404310.999746,6.668908420833648,4.789528094946686,8.636716083882481,0.13541231757354183,0.4214537891501283,13.900146365022112,0.13815142576204523,0.0,1.0,9.163233718261836,0.5226897231052191
BT_deep,BT kp=10,42,43,2.670314517212497,2.3366495611022704,367433754.36246824,31600000000.0,100000000000.0,56213877290.22079,1315,52487016752.192276,47447481155.39551,44123504358.09944,22.761959930993026,17.003899274068576,26.755764944674333,0.7378269180813152,2.191846298692759,45.62073449322068,0.11939163498098859,0.0,1.0,28.808443008975203,0.5902401344206992
BT_deep,BT kp=10,42,43,2.670314517212497,2.3366495611022704,367433754.36246824,100000000000.0,316000000000.0,177763888346.31177,424,163609285264.64496,146911931037.90283,134113752836.32637,80.27442247241571,58.36692959587302,82.85374796859071,4.023733702260203,12.981908291922212,154.7207139607163,0.09669811320754718,0.0,1.0,89.79989837370258,0.6499665439818078
BT_deep,BT kp=10,42,43,2.670314517212497,2.3366495611022704,367433754.36246824,316000000000.0,1000000000000.0,562138772902.2078,105,526045149848.57465,460464439392.08984,420332836696.0798,287.70441446218126,228.8404609497294,284.8296729096587,27.79652985704428,36.98263608584299,532.5975548772864,0.14285714285714285,0.0,1.0,288.72934026922974,0.7925777849121391
BT_deep,BT kp=10,43,44,2.3366495611022704,2.0333177828202462,420541460.5202637,100000000.0,316000000.0,177763888.34631178,107995,250415074.65139747,248144567.01278687,241700364.67233852,0.020722594077353853,0.024185911933056504,0.07809533335185859,0.0002376420327738648,-0.027257301866377027,0.0771359505525619,0.3051437566554007,9.259687948516136e-06,0.9999907403120515,0.10813068378618614,0.22367297686640814
BT_deep,BT kp=10,43,44,2.3366495611022704,2.0333177828202462,420541460.5202637,316000000.0,1000000000.0,562138772.9022079,143791,532700500.62683135,481780655.68208694,489410443.2380569,0.10293885728940745,0.08005971306084049,0.20850309413688728,0.0005498530674275718,-0.01938701520001675,0.2324491045050246,0.20511714919570767,0.0,1.0,0.23002317039503153,0.34805064604295954
BT_deep,BT kp=10,43,44,2.3366495611022704,2.0333177828202462,420541460.5202637,1000000000.0,3160000000.0,1777638883.4631178,44272,1678914590.5434964,1512857228.5175323,1512585104.210302,0.3955126948183017,0.28112795769848375,0.6850019977469588,0.003255571719353274,-0.024240271891804083,0.8622878796081374,0.1771774485001807,0.0,1.0,0.7249650722776879,0.3877813820950557
BT_deep,BT kp=10,43,44,2.3366495611022704,2.0333177828202462,420541460.5202637,3160000000.0,10000000000.0,5621387729.0220785,13394,5300793954.177776,4775350987.911224,4692037273.540467,1.447554492924904,1.0060672509917155,2.19737140047036,0.018986648939654224,-0.0013029807326753857,3.089020467931904,0.1605196356577572,0.0,1.0,2.288913619409077,0.4395391955645095
BT_deep,BT kp=10,43,44,2.3366495611022704,2.0333177828202462,420541460.5202637,10000000000.0,31600000000.0,17776388834.631176,4149,16786527068.794823,15170552730.560303,14630647276.748835,5.126438162313152,3.8093860340960157,7.028372316757871,0.1091146445049844,0.12747270896377783,10.80170709905852,0.15015666425644733,0.00024102193299590263,1.0,7.248519893903989,0.52553984673474
BT_deep,BT kp=10,43,44,2.3366495611022704,2.0333177828202462,420541460.5202637,31600000000.0,100000000000.0,56213877290.22079,1329,53005039962.814476,48054008483.88672,45363892807.91746,18.169783177725083,13.122602821827225,23.03024609212473,0.6317366720176045,1.9987113286116136,36.361510634608756,0.12189616252821671,0.0,1.0,22.887884139052037,0.57334276694616
BT_deep,BT kp=10,43,44,2.3366495611022704,2.0333177828202462,420541460.5202637,100000000000.0,316000000000.0,177763888346.31177,459,165648592905.28143,152262544631.958,137837933262.96838,66.13060126796461,45.64336460863951,76.87820801624892,3.588367452697195,8.79355691293557,125.46040191591858,0.1111111111111111,0.0,1.0,71.52802459677203,0.6381186236576054
BT_deep,BT kp=10,43,44,2.3366495611022704,2.0333177828202462,420541460.5202637,316000000000.0,1000000000000.0,562138772902.2078,127,514786314776.5633,456023139953.6133,412417391754.5108,243.42171374829238,191.31560138209096,219.23706460806352,19.454143638524627,65.11358839182107,425.9707554775784,0.07086614173228346,0.0,1.0,222.28772088921048,0.8606665299224684
BT_deep,BT kp=10,44,45,2.0333177828202462,1.7575616207456761,480151358.9503279,100000000.0,316000000.0,177763888.34631178,108247,249895203.2174333,247344672.67990112,242276618.08280277,0.015867048989064055,0.019000827601073234,0.06685326300595701,0.00020319577563104895,-0.024126084789547243,0.06283293393638249,0.315075706486092,0.0,1.0,0.0850237101634126,0.2234768109337302
BT_deep,BT kp=10,44,45,2.0333177828202462,1.7575616207456761,480151358.9503279,316000000.0,1000000000.0,562138772.9022079,141683,533101782.7433076,481717139.48249817,494284177.0528031,0.08084451906033265,0.06280915545592232,0.17537463596590178,0.0004659163065421219,-0.018674995384681422,0.18636912885128454,0.2137235942209016,0.0,1.0,0.1813811985183534,0.3462826134626454
BT_deep,BT kp=10,44,45,2.0333177828202462,1.7575616207456761,480151358.9503279,1000000000.0,3160000000.0,1777638883.4631178,43757,1677876666.6346924,1511453092.098236,1532447117.3247995,0.3028827193737832,0.22003846098186847,0.562167816227033,0.002687461240506306,-0.031580404104848574,0.6717649390719463,0.18616449939438262,0.0,1.0,0.5708765016580706,0.38543968851893934
BT_deep,BT kp=10,44,45,2.0333177828202462,1.7575616207456761,480151358.9503279,3160000000.0,10000000000.0,5621387729.0220785,13510,5297816117.744285,4773982316.255569,4752114539.462755,1.1365199079608996,0.8024970260330764,1.8576627204114151,0.01598229679108907,-0.026334291594615165,2.4425115598478486,0.16580310880829016,0.0,1.0,1.802515519684541,0.44520949599009374
BT_deep,BT kp=10,44,45,2.0333177828202462,1.7575616207456761,480151358.9503279,10000000000.0,31600000000.0,17776388834.631176,4196,16848677615.532997,15295177698.135376,14841500329.647436,4.1803011664353225,2.967746774088023,6.5003948591655245,0.10035106789045836,-0.06513081590226161,9.011437560051615,0.16396568160152525,0.0,1.0,5.732551340625004,0.5177008626257603
BT_deep,BT kp=10,44,45,2.0333177828202462,1.7575616207456761,480151358.9503279,31600000000.0,100000000000.0,56213877290.22079,1379,53337919840.007,49046058654.78516,46268875801.19154,14.722532607778705,10.960048468455323,19.976383285754036,0.5379411029999919,1.0364683482965802,29.85689038483514,0.1457577955039884,0.0,1.0,18.147558571783414,0.6039406581939053
BT_deep,BT kp=10,44,45,2.0333177828202462,1.7575616207456761,480151358.9503279,100000000000.0,316000000000.0,177763888346.31177,454,166879910981.6026,153104381561.2793,141648375914.48544,52.549127679814376,36.539089344617395,61.1710990410384,2.870901928107566,6.912852231268564,102.2020565913672,0.11233480176211454,0.0,1.0,56.77879767484081,0.6435340451178344
BT_deep,BT kp=10,44,45,2.0333177828202462,1.7575616207456761,480151358.9503279,316000000000.0,1000000000000.0,562138772902.2078,149,504754947303.92566,464972305297.85156,416882357437.3386,183.0101867433796,136.0892476440623,190.73944950221582,15.625984553444482,20.344149176997277,356.80165831763566,0.10738255033557047,0.0,1.0,171.7365431211432,0.7924303422601489
BT_deep,BT kp=10,45,46,1.7575616207456761,1.506874200677888,546506079.4615679,100000000.0,316000000.0,177763888.34631178,108173,249438371.1541173,246758814.9011135,243171791.5755,0.011466623728671547,0.014625129334212767,0.058544724666682965,0.00017800341351450647,-0.021442152059615516,0.0510232646324231,0.32558956486369056,0.0,1.0,0.06701422392618019,0.21823918083902819
BT_deep,BT kp=10,45,46,1.7575616207456761,1.506874200677888,546506079.4615679,316000000.0,1000000000.0,562138772.9022079,139012,533422322.3479726,481700226.66454315,499109141.5257926,0.06278645766573375,0.04935423044623974,0.1487005570636441,0.00039882874291767714,-0.019424894016372,0.1490685003503641,0.22631859120075964,0.0,1.0,0.1433094787768785,0.3443891560242178
BT_deep,BT kp=10,45,46,1.7575616207456761,1.506874200677888,546506079.4615679,1000000000.0,3160000000.0,1777638883.4631178,43332,1681737504.9589937,1514150500.2975464,1549526846.2894132,0.24191983152289506,0.17335992586958898,0.48332153492593255,0.002321837273306129,-0.032549532646835126,0.5391459352725839,0.19140588941198192,0.0,1.0,0.45181634734435006,0.38369555880071643
BT_deep,BT kp=10,45,46,1.7575616207456761,1.506874200677888,546506079.4615679,3160000000.0,10000000000.0,5621387729.0220785,13308,5311595921.043272,4781794846.057892,4821146232.34948,0.8974276904238582,0.6320413310741972,1.6199029603898907,0.014042117507797396,-0.04001164577630899,1.9473460845772914,0.17207694619777578,0.0,1.0,1.4270157266150976,0.4429112582896396
BT_deep,BT kp=10,45,46,1.7575616207456761,1.506874200677888,546506079.4615679,10000000000.0,31600000000.0,17776388834.631176,4238,16873527306.776781,15220121145.248413,15074702221.66289,3.2915005938930104,2.288391539098353,5.082545923900677,0.07807299416734156,-0.09725930159585935,7.019510386403594,0.17012741859367625,0.0,1.0,4.5332493638767515,0.5048016015473198
BT_deep,BT kp=10,45,46,1.7575616207456761,1.506874200677888,546506079.4615679,31600000000.0,100000000000.0,56213877290.22079,1376,53966939950.058624,49289088249.20654,47511850322.57507,11.81156051153773,7.979133226932291,16.634278750620908,0.4484301019796198,0.5548874395498556,24.937664649622505,0.1380813953488372,0.0,1.0,14.498782130795087,0.5503312729960119
BT_deep,BT kp=10,45,46,1.7575616207456761,1.506874200677888,546506079.4615679,100000000000.0,316000000000.0,177763888346.31177,468,168394901446.8071,153336110115.05127,145959036513.2715,41.05327603242765,29.691215796275724,53.92884139895659,2.4928615755167067,1.959303046850421,86.73628761777651,0.1452991452991453,0.0,1.0,45.24104924743494,0.6562892835196378
BT_deep,BT kp=10,45,46,1.7575616207456761,1.506874200677888,546506079.4615679,316000000000.0,1000000000000.0,562138772902.2078,161,536327741634.7717,487752914428.71094,435335713913.72205,184.79579919870173,120.34674086279314,220.54672858474206,17.381517185962572,26.44623062951211,362.2950869739699,0.08695652173913043,0.0,1.0,144.09005001691716,0.8352189540406406
BT_deep,BT kp=10,46,47,1.506874200677888,1.2789765460708074,619595835.9472761,100000000.0,316000000.0,177763888.34631178,107527,248902756.58999586,246022287.7562046,243451209.0102455,0.008798554256607713,0.011492351296795166,0.04907003185298922,0.00014964340282763418,-0.0190755805851471,0.04194490542501168,0.336352730011997,0.0,1.0,0.05295256738201413,0.21703104995620398
BT_deep,BT kp=10,46,47,1.506874200677888,1.2789765460708074,619595835.9472761,316000000.0,1000000000.0,562138772.9022079,135720,533612631.8369408,481592286.3781452,504229092.4112303,0.04742371998156995,0.03772257554570027,0.12668996182752867,0.00034389058015868,-0.01909209438614467,0.11755022583595445,0.24106984969053935,0.0,1.0,0.11352288431977617,0.3322904960681028
BT_deep,BT kp=10,46,47,1.506874200677888,1.2789765460708074,619595835.9472761,1000000000.0,3160000000.0,1777638883.4631178,42372,1680387192.411299,1515725478.52993,1564504019.9885905,0.18703026343864848,0.1360509691011368,0.41037210100960986,0.001993601473431524,-0.03621387454226353,0.4216184527947976,0.20454545454545456,4.7200981780421035e-05,1.0,0.3574922883662802,0.3805703606163985
BT_deep,BT kp=10,46,47,1.506874200677888,1.2789765460708074,619595835.9472761,3160000000.0,10000000000.0,5621387729.0220785,13258,5319143129.35897,4770333021.879196,4889430646.1595545,0.6935367513282984,0.47965539291598047,1.306092621002085,0.011343183780179972,-0.0884780717928585,1.5480024789718496,0.18992306531905265,0.0,1.0,1.1316157716803656,0.42386771633955556
BT_deep,BT kp=10,46,47,1.506874200677888,1.2789765460708074,619595835.9472761,10000000000.0,31600000000.0,17776388834.631176,4246,16956856363.627127,15223556756.973267,15397598441.976227,2.5165726287798744,1.7265424852249773,4.282852913781552,0.06572690233319435,-0.20829673809480473,5.397601067111014,0.17757889778615168,0.00023551577955723034,1.0,3.60746940485347,0.47860211451886364
BT_deep,BT kp=10,46,47,1.506874200677888,1.2789765460708074,619595835.9472761,31600000000.0,100000000000.0,56213877290.22079,1356,54053564943.74684,49344027042.388916,48218587900.24544,9.417392282148773,6.365360935461382,14.0745640484205,0.3822126942204083,0.007993001950257546,18.562877388396853,0.16002949852507375,0.0,1.0,11.499571475765949,0.5535302727476118
BT_deep,BT kp=10,46,47,1.506874200677888,1.2789765460708074,619595835.9472761,100000000000.0,316000000000.0,177763888346.31177,487,172121025101.1153,155130758285.52246,149670639361.19943,36.233919657630345,23.434610537890713,50.47469070089251,2.2872265610522016,-0.26231145356570146,78.67598752961639,0.16427104722792607,0.0,1.0,36.617714903582076,0.6399801462105505
BT_deep,BT kp=10,46,47,1.506874200677888,1.2789765460708074,619595835.9472761,316000000000.0,1000000000000.0,562138772902.2078,160,545172917008.4,494315509796.1426,475738244891.1667,112.06445894052418,73.05242073415198,163.3337662433108,12.912668003559647,-1.694106373839689,238.2288345214616,0.18125,0.0,1.0,115.9822655973622,0.6298585422340071
BT_deep,BT kp=10,47,48,1.2789765460708074,1.0717968600643704,699053818.7873163,100000000.0,316000000.0,177763888.34631178,106477,248345412.14309758,245215389.87755775,243958252.8137649,0.006275853462818168,0.008871796594485497,0.04200325895393442,0.00012872268339316647,-0.016745251751385533,0.03394832721566681,0.3478403786733285,0.0,1.0,0.041989914234124286,0.2112839894127619
BT_deep,BT kp=10,47,48,1.2789765460708074,1.0717968600643704,699053818.7873163,316000000.0,1000000000.0,562138772.9022079,132280,533735177.5672688,482158008.96286964,507990195.03685135,0.03682832685912276,0.02949176927099645,0.10902354441047894,0.00029975967134882926,-0.018199900255236042,0.09471789888579508,0.2528424553976414,0.0,1.0,0.09024323878739958,0.32680308981900485
BT_deep,BT kp=10,47,48,1.2789765460708074,1.0717968600643704,699053818.7873163,1000000000.0,3160000000.0,1777638883.4631178,41432,1679694144.8777747,1514531224.9660492,1581742495.6557014,0.14012032634625332,0.10380790714428367,0.34782702612818817,0.001708816286671119,-0.03859899994192741,0.3219593827647171,0.21563043058505502,0.0,1.0,0.28400046722964517,0.3655201984591938
BT_deep,BT kp=10,47,48,1.2789765460708074,1.0717968600643704,699053818.7873163,3160000000.0,10000000000.0,5621387729.0220785,12938,5311746011.816529,4783511459.827423,4934819523.515178,0.5391952352899286,0.3784317914680817,1.0941811548181837,0.009619569954316386,-0.07563385226437189,1.201899417450884,0.19206987169577988,7.72916988715412e-05,1.0,0.8981029991450434,0.4213679186333115
BT_deep,BT kp=10,47,48,1.2789765460708074,1.0717968600643704,699053818.7873163,10000000000.0,31600000000.0,17776388834.631176,4200,16991277680.510565,15320495367.05017,15539354128.638905,2.076983935786786,1.4006064302461478,3.8176162390041357,0.058907097454802035,-0.12163124844814964,4.6115825502354175,0.17547619047619048,0.0,1.0,2.8728627856500495,0.4875298734217928
BT_deep,BT kp=10,47,48,1.2789765460708074,1.0717968600643704,699053818.7873163,31600000000.0,100000000000.0,56213877290.22079,1361,53688238397.580055,49104423522.94922,48666433622.34481,7.183716961802471,4.717278773028713,11.968911869288405,0.32443343634369104,-0.6216659293105864,15.458102426179927,0.18148420279206465,0.0,1.0,9.077536428966248,0.5196650886440913
BT_deep,BT kp=10,47,48,1.2789765460708074,1.0717968600643704,699053818.7873163,100000000000.0,316000000000.0,177763888346.31177,496,171587595228.22595,152333221435.54688,156029174895.05582,22.25639845607323,15.43100188000414,36.65090599762782,1.64567426031472,-0.7542751158432713,46.813356590126176,0.17137096774193547,0.0,1.0,29.011803943135952,0.5318870177893588
BT_deep,BT kp=10,47,48,1.2789765460708074,1.0717968600643704,699053818.7873163,316000000000.0,1000000000000.0,562138772902.2078,160,551660793066.0248,493247356414.7949,496843696951.8662,78.41613140638097,55.92859698845922,128.60163509558734,10.16685194309754,-6.856357146863123,185.17415622499905,0.18125,0.0,1.0,93.2740781771482,0.5996156497225134
BT_deep,BT kp=10,48,49,1.0717968600643704,0.8834516909676096,784054791.209321,100000000.0,316000000.0,177763888.34631178,104953,247735470.81211194,244350247.08509445,244437466.2684862,0.004206344480771508,0.006681558696406165,0.03738552210374732,0.00011540005653638392,-0.014963388366641241,0.0276178577687692,0.3620954141377569,0.0,1.0,0.03343922931999166,0.19981198228188807
BT_deep,BT kp=10,48,49,1.0717968600643704,0.8834516909676096,784054791.209321,316000000.0,1000000000.0,562138772.9022079,128480,533618336.7365482,481819063.4250641,511902132.9228508,0.02769730388382996,0.02259971880678103,0.09126839820910296,0.0002546259513300196,-0.01796761173234553,0.07473253949601774,0.2722836239103362,0.0,1.0,0.07202757793622167,0.3137648030701855
BT_deep,BT kp=10,48,49,1.0717968600643704,0.8834516909676096,784054791.209321,1000000000.0,3160000000.0,1777638883.4631178,40522,1678688986.0718262,1515102684.4978333,1592038124.931192,0.11051633395031547,0.08039650457848618,0.29429485408175393,0.0014619658637727493,-0.03648755038270578,0.25796265089640263,0.22733330042939637,0.0,1.0,0.22658873102904742,0.3548124578542249
BT_deep,BT kp=10,48,49,1.0717968600643704,0.8834516909676096,784054791.209321,3160000000.0,10000000000.0,5621387729.0220785,12644,5308857314.6963825,4790656566.619873,4995366708.999833,0.3998325234554391,0.28940384996642465,0.9305415592743878,0.00827548642320895,-0.09288740810476141,0.9190284315322623,0.2098228408731414,0.0,1.0,0.7165873203029759,0.4038640396875339
BT_deep,BT kp=10,48,49,1.0717968600643704,0.8834516909676096,784054791.209321,10000000000.0,31600000000.0,17776388834.631176,4070,16932058897.885408,15373188257.217407,15715819452.113543,1.5512174141502872,1.0713870377826042,3.119802069062622,0.048902362107441456,-0.2731618906757981,3.3839440870238215,0.19582309582309582,0.0,1.0,2.285482165674249,0.4687794347616492
BT_deep,BT kp=10,48,49,1.0717968600643704,0.8834516909676096,784054791.209321,31600000000.0,100000000000.0,56213877290.22079,1369,53307358652.59276,48476185798.64502,48582063794.91974,6.026740618962025,4.07439824832682,10.18325449393093,0.2752230944305657,-0.44084382581608955,13.006883639223297,0.1789627465303141,0.0,1.0,7.1954047782645585,0.5662500406696388
BT_deep,BT kp=10,48,49,1.0717968600643704,0.8834516909676096,784054791.209321,100000000000.0,316000000000.0,177763888346.31177,487,171404008571.6169,154135150909.42383,156180211308.06613,19.416751780917913,13.279534182111783,33.7171371917548,1.5278693277115807,-1.8388377813879062,40.88072106579267,0.18480492813141683,0.0,1.0,23.13604075428948,0.5739760887847557
BT_deep,BT kp=10,48,49,1.0717968600643704,0.8834516909676096,784054791.209321,316000000000.0,1000000000000.0,562138772902.2078,171,537513678366.6778,505210609436.03516,478146407311.42285,75.71826831602843,50.007526886955105,107.16607269099379,8.195194404143436,-4.717633382401114,147.88831911500873,0.16374269005847952,0.0,1.0,72.55336950584474,0.6892516119864923
BT_deep,BT kp=10,49,50,0.8834516909676096,0.7122288099705543,873244859.7008324,100000000.0,316000000.0,177763888.34631178,102830,247279824.51006603,243717953.5627365,244533120.87361014,0.0031453991465771234,0.005035495898712701,0.03068654806947672,9.56947516062306e-05,-0.013195975238377239,0.022834864092501905,0.3765340853836429,0.0,1.0,0.026788318525995766,0.1879735711603617
BT_deep,BT kp=10,49,50,0.8834516909676096,0.7122288099705543,873244859.7008324,316000000.0,1000000000.0,562138772.9022079,124137,533374509.17978764,481589138.507843,515177330.88325274,0.020838574764435538,0.017181698841735496,0.07749473391782885,0.0002199487856780543,-0.016732144415745043,0.0594323706594309,0.285998533877893,0.0,1.0,0.05778152857340439,0.29735625321694703
BT_deep,BT kp=10,49,50,0.8834516909676096,0.7122288099705543,873244859.7008324,1000000000.0,3160000000.0,1777638883.4631178,39320,1677208624.6778555,1512273848.0567932,1604282118.6837208,0.08351209306759524,0.062063168450206374,0.24737470451954022,0.0012475229213816392,-0.038280092627055555,0.20701571607170674,0.24102238046795524,0.0,1.0,0.18169536864334324,0.3415781531120506
BT_deep,BT kp=10,49,50,0.8834516909676096,0.7122288099705543,873244859.7008324,3160000000.0,10000000000.0,5621387729.0220785,12323,5295270460.98963,4768196940.422058,5029128488.408062,0.30477359199428494,0.21942897430879646,0.8223521334085625,0.00740797655485717,-0.09609383272117451,0.724670294905856,0.21861559685141604,0.0,1.0,0.5736472519395219,0.382515515531364
BT_deep,BT kp=10,49,50,0.8834516909676096,0.7122288099705543,873244859.7008324,10000000000.0,31600000000.0,17776388834.631176,3926,16893235685.809559,15321827530.8609,15832483480.0805,1.2147248208165415,0.8148577964283743,2.5904615101734505,0.0413430008308538,-0.2074724817977702,2.6496152568320643,0.1979113601630158,0.0,1.0,1.830078047745312,0.44525849453923194
BT_deep,BT kp=10,49,50,0.8834516909676096,0.7122288099705543,873244859.7008324,31600000000.0,100000000000.0,56213877290.22079,1379,53317458702.22294,48270082473.75488,49231741651.4064,4.678775953191739,3.031345238491682,8.5808350561741,0.23107205186992666,-0.35363096151330714,9.449006033491456,0.17621464829586658,0.0,1.0,5.775987060576515,0.524818564636659
BT_deep,BT kp=10,49,50,0.8834516909676096,0.7122288099705543,873244859.7008324,100000000000.0,316000000000.0,177763888346.31177,478,170011432819.28665,153760023117.06543,155735716934.48343,16.347895697541226,11.386780010870794,25.538903525202965,1.168122257878292,-0.7609781566873847,31.304034950406187,0.17154811715481172,0.0,1.0,18.417678936999522,0.6182527152211205
BT_deep,BT kp=10,49,50,0.8834516909676096,0.7122288099705543,873244859.7008324,316000000000.0,1000000000000.0,562138772902.2078,170,549345486697.0287,498987503051.7578,501088869992.42444,55.261266262863074,39.456761108406134,83.80728783075907,6.427725557644648,0.7416522820307563,101.46156273603387,0.1588235294117647,0.0,1.0,59.51169654707971,0.6630085075324964
BT_deep,BT kp=10,50,51,0.7122288099705543,0.5565716454277756,964738966.0656586,100000000.0,316000000.0,177763888.34631178,100575,246763274.23027965,242998320.60933113,244971003.8134316,0.001857777574961245,0.0036239119479228006,0.026396401994834326,8.323379817159633e-05,-0.012122212808610587,0.018701473150601347,0.3950186428038777,0.0,1.0,0.02158459252107436,0.16789346124484644
BT_deep,BT kp=10,50,51,0.7122288099705543,0.5565716454277756,964738966.0656586,316000000.0,1000000000.0,562138772.9022079,119871,533776402.0690693,481571890.41376114,518817914.3770304,0.015505217699500402,0.012902105025777223,0.06738014338590873,0.00019461435295193376,-0.015911301325899924,0.047310241241184756,0.30791434125017725,0.0,1.0,0.046689873815154055,0.27633625819715985
BT_deep,BT kp=10,50,51,0.7122288099705543,0.5565716454277756,964738966.0656586,1000000000.0,3160000000.0,1777638883.4631178,38153,1679827491.3535743,1516028940.6776428,1618739012.2680109,0.06332125189748576,0.04829545133446598,0.215605425408973,0.0011038125785784486,-0.03448216482613228,0.16128127555644703,0.2529552066678898,0.0,1.0,0.14693593290843232,0.32868373568337966
BT_deep,BT kp=10,50,51,0.7122288099705543,0.5565716454277756,964738966.0656586,3160000000.0,10000000000.0,5621387729.0220785,12059,5303278428.023012,4787949621.677399,5068866825.413177,0.24297930409693996,0.17181100209158512,0.7271136162457795,0.006621351294894175,-0.09805413852207714,0.5682047666572668,0.23592337673107222,0.0,1.0,0.4638822541633884,0.37037631974399676
BT_deep,BT kp=10,50,51,0.7122288099705543,0.5565716454277756,964738966.0656586,10000000000.0,31600000000.0,17776388834.631176,3827,16965648491.575104,15319772958.755493,16137833977.792229,0.8580709838629378,0.61990280944667,2.2009310024664743,0.03557764496012667,-0.29830833903937276,2.046499603574074,0.2228899921609616,0.0,1.0,1.4839996376636402,0.4177243671181918
BT_deep,BT kp=10,50,51,0.7122288099705543,0.5565716454277756,964738966.0656586,31600000000.0,100000000000.0,56213877290.22079,1328,53381032327.9306,47921226024.627686,50310573397.45113,3.1826836465424826,2.1899000040476784,7.334764642698995,0.20127375330110017,-0.8018383701329227,7.302340129133527,0.2161144578313253,0.0,1.0,4.669284093213313,0.46900123452129266
BT_deep,BT kp=10,50,51,0.7122288099705543,0.5565716454277756,964738966.0656586,100000000000.0,316000000000.0,177763888346.31177,454,169139262842.18674,152179822921.75293,157190842428.9216,12.38513300856136,7.512993304434262,22.626899618248927,1.0619330167265288,-2.7234442563623893,24.24952357012878,0.20044052863436124,0.0,1.0,14.794754523951417,0.5078146644657997
BT_deep,BT kp=10,50,51,0.7122288099705543,0.5565716454277756,964738966.0656586,316000000000.0,1000000000000.0,562138772902.2078,170,552531429963.9534,495806827545.166,513728496383.2182,40.221173753330376,23.415411444179952,89.95498456303612,6.899232373215438,-7.607984010288396,82.30531060915499,0.19411764705882353,0.0,1.0,48.33039198421789,0.4844862721540965
BT_deep,BT kp=10,51,52,0.5565716454277756,0.4150651322070684,1056219583.1531391,100000000.0,316000000.0,177763888.34631178,98577,246180727.21807528,242164880.03730774,244981420.18757465,0.0011354713069419988,0.0025555081114328514,0.02232287148637749,7.109879830672421e-05,-0.011013730484601974,0.015521594522975803,0.41301723525771733,0.0,1.0,0.017500145321006452,0.14602782231558528
BT_deep,BT kp=10,51,52,0.5565716454277756,0.4150651322070684,1056219583.1531391,316000000.0,1000000000.0,562138772.9022079,116183,533656013.35592765,481574349.1053581,521750534.1675766,0.011271784180340133,0.009678062676664477,0.05754003617868511,0.00016881025948521278,-0.015038385856156324,0.03795815758043592,0.32821497120921306,0.0,1.0,0.0379357795010689,0.25511701101045736
BT_deep,BT kp=10,51,52,0.5565716454277756,0.4150651322070684,1056219583.1531391,1000000000.0,3160000000.0,1777638883.4631178,36989,1680520673.316259,1515381187.2005463,1630922329.0865283,0.04695836454922045,0.03569144264201132,0.18043212154750946,0.0009381614005824458,-0.03523663129217728,0.1254115978666305,0.27740679661520995,0.0,1.0,0.11946246292439591,0.2987670082157885
BT_deep,BT kp=10,51,52,0.5565716454277756,0.4150651322070684,1056219583.1531391,3160000000.0,10000000000.0,5621387729.0220785,11672,5306992246.893843,4793003350.496292,5103655728.3653345,0.19251349034969245,0.13004132905045374,0.5971643535212295,0.005527404351223853,-0.09316409086013669,0.4414744229749603,0.24871487320082247,0.0,1.0,0.37725591514654444,0.3447032208890334
BT_deep,BT kp=10,51,52,0.5565716454277756,0.4150651322070684,1056219583.1531391,10000000000.0,31600000000.0,17776388834.631176,3743,16943237995.547213,15250254869.46106,16220961176.645235,0.6838320652470385,0.48812996551736565,1.9717443908045682,0.03222854509696955,-0.2617057908122881,1.6670513894013907,0.22628907293614747,0.0,1.0,1.2044367992617735,0.4052765290935577
BT_deep,BT kp=10,51,52,0.5565716454277756,0.4150651322070684,1056219583.1531391,31600000000.0,100000000000.0,56213877290.22079,1298,53629516745.20143,48199858665.46631,51052722491.90943,2.4396387781406923,1.7868522694039854,5.973527391383759,0.16580343100067726,-0.846473014631351,5.6690939387137265,0.21494607087827428,0.0,1.0,3.812338793300408,0.4687023809489598
BT_deep,BT kp=10,51,52,0.5565716454277756,0.4150651322070684,1056219583.1531391,100000000000.0,316000000000.0,177763888346.31177,453,171439820514.87262,155254173278.8086,161615572544.12314,9.301331018140266,6.37169400837193,23.034879372721615,1.082273043076495,-2.4359463961352588,20.318215668629612,0.20309050772626933,0.0,1.0,12.187070071329487,0.5228241054723699
BT_deep,BT kp=10,51,52,0.5565716454277756,0.4150651322070684,1056219583.1531391,316000000000.0,1000000000000.0,562138772902.2078,163,546051313014.1183,490101547241.21094,517528341796.50055,27.004774075924498,22.776159190681298,60.88125277845557,4.768587744708369,-8.264424150137886,57.6873207779174,0.2147239263803681,0.0,1.0,38.816918929679005,0.5867585531953925
BT_deep,BT kp=10,52,53,0.4150651322070684,0.2864228474609716,1145147894.303131,100000000.0,316000000.0,177763888.34631178,96415,245825483.99222523,241884347.05138206,245252030.13073286,0.0005007683848916917,0.0016679662987047895,0.01919787982085742,6.182739746153407e-05,-0.010123061280424178,0.012895883406566697,0.43359435772442045,0.0,1.0,0.01429525815461594,0.11667969061238695
BT_deep,BT kp=10,52,53,0.4150651322070684,0.2864228474609716,1145147894.303131,316000000.0,1000000000.0,562138772.9022079,112299,533619259.45970535,482331626.11722946,524385628.49167675,0.008063265028005471,0.0070685167088734855,0.04843649041359386,0.0001445388926783531,-0.014180496247964074,0.030447007954868214,0.35364517938717177,0.0,1.0,0.0310310588892921,0.22778844686194777
BT_deep,BT kp=10,52,53,0.4150651322070684,0.2864228474609716,1145147894.303131,1000000000.0,3160000000.0,1777638883.4631178,35942,1678269995.3979225,1512372195.7206726,1640185194.6153967,0.033257539023552996,0.025959317513544,0.1548197508919875,0.0008166298385448229,-0.03431982576441502,0.09769992441102478,0.29987201602581937,0.0,1.0,0.0975948565125908,0.26599063148573787
BT_deep,BT kp=10,52,53,0.4150651322070684,0.2864228474609716,1145147894.303131,3160000000.0,10000000000.0,5621387729.0220785,11414,5325301570.009388,4813121706.24733,5169925207.857369,0.1356823541526665,0.09856879584732565,0.5203307695838256,0.004870354510250687,-0.09963238534337587,0.35232480397053756,0.26800420536183633,0.0,1.0,0.30967725338384133,0.3182952405133573
BT_deep,BT kp=10,52,53,0.4150651322070684,0.2864228474609716,1145147894.303131,10000000000.0,31600000000.0,17776388834.631176,3640,17024575781.363707,15408405065.536499,16423991664.343483,0.5244598710856507,0.37280883155775524,1.7312437062188863,0.028695085013548127,-0.296607790062839,1.2983405895290696,0.25164835164835164,0.0,1.0,0.9900141426147407,0.3765691978632996
BT_deep,BT kp=10,52,53,0.4150651322070684,0.2864228474609716,1145147894.303131,31600000000.0,100000000000.0,56213877290.22079,1244,53836725743.2539,48745949268.341064,51383609859.889725,2.1421825910591155,1.3339576820761545,5.227934309633907,0.14822447874068587,-0.6285707584047442,4.33319292968081,0.22990353697749197,0.0,1.0,3.1307164749583607,0.4260870291979718
BT_deep,BT kp=10,52,53,0.4150651322070684,0.2864228474609716,1145147894.303131,100000000000.0,316000000000.0,177763888346.31177,455,169910897663.6614,153314743041.9922,163025284955.78976,6.012858899820824,4.530084169978303,16.881084666457834,0.7913974557720391,-2.872211990949247,14.637382921968792,0.21978021978021978,0.0,1.0,9.880668618805162,0.45847951639188883
BT_deep,BT kp=10,52,53,0.4150651322070684,0.2864228474609716,1145147894.303131,316000000000.0,1000000000000.0,562138772902.2078,163,571108119707.166,524935951232.91016,542876539990.94586,24.65321715794647,17.761401705299104,70.64873707269943,5.533636159064344,-11.780299832000583,54.7945342004658,0.25153374233128833,0.0,1.0,33.211113318379354,0.534802959931782
BT_deep,BT kp=10,53,54,0.2864228474609716,0.16947531587361064,1229059140.4331608,100000000.0,316000000.0,177763888.34631178,94258,245517043.89457402,241529606.28271103,245324484.37435845,0.00015667229824902046,0.0011542691517352714,0.016503425914578478,5.375452117481121e-05,-0.009047257512451104,0.010819195540300806,0.44728298924229243,0.0,1.0,0.011751773070489637,0.09822085099939551
BT_deep,BT kp=10,53,54,0.2864228474609716,0.16947531587361064,1229059140.4331608,316000000.0,1000000000.0,562138772.9022079,108635,534138644.28499556,482429005.20563126,526912280.19775975,0.005879590208074882,0.005134894321038174,0.04161287100471721,0.00012625331666982648,-0.013188955392099721,0.024972306662701886,0.37534864454365535,0.0,1.0,0.025566763252948155,0.2008425654133618
BT_deep,BT kp=10,53,54,0.2864228474609716,0.16947531587361064,1229059140.4331608,1000000000.0,3160000000.0,1777638883.4631178,34785,1679217519.659206,1513365954.1606903,1648213371.9739733,0.025225920108535412,0.019697987103303963,0.13506872224635427,0.0007242004454287506,-0.031217931498315556,0.07787017226192705,0.32189161995112836,0.0,1.0,0.08037642891912311,0.24507168790895897
BT_deep,BT kp=10,53,54,0.2864228474609716,0.16947531587361064,1229059140.4331608,3160000000.0,10000000000.0,5621387729.0220785,11102,5320528959.518208,4799254387.617111,5201613283.544171,0.09675342061418322,0.07354090579667194,0.4545289477100482,0.004313809236241238,-0.09938119546115017,0.2755021080702826,0.2853539902720231,0.0,1.0,0.2546692806144859,0.2887702263077302
BT_deep,BT kp=10,53,54,0.2864228474609716,0.16947531587361064,1229059140.4331608,10000000000.0,31600000000.0,17776388834.631176,3557,16960280184.535322,15359266996.383667,16474162633.914371,0.39552006459967676,0.27334276819316833,1.4112051793277185,0.02366182451376138,-0.27232097356812124,1.0237151504496962,0.27551307281416926,0.0,1.0,0.8118107027476558,0.3367075197062714
BT_deep,BT kp=10,53,54,0.2864228474609716,0.16947531587361064,1229059140.4331608,31600000000.0,100000000000.0,56213877290.22079,1242,53746368608.612946,48406872749.32861,51885437200.41881,1.5141105476326313,1.0263629630164355,4.49969320136917,0.1276797741358749,-0.7230547299197577,3.4111783884945974,0.25120772946859904,0.0,1.0,2.5725917729871544,0.39896067996232387
BT_deep,BT kp=10,53,54,0.2864228474609716,0.16947531587361064,1229059140.4331608,100000000000.0,316000000000.0,177763888346.31177,427,169086075074.77875,150984382629.39453,161664107231.12228,6.03873938974228,4.2340869380210915,17.484655249896367,0.8461417728630987,-2.7972912232879783,14.08712389554214,0.2716627634660422,0.0,1.0,8.093373690633982,0.523154755960542
BT_deep,BT kp=10,53,54,0.2864228474609716,0.16947531587361064,1229059140.4331608,316000000000.0,1000000000000.0,562138772902.2078,167,567147822694.1504,513321266174.3164,547636836731.50525,15.874733217287423,15.784637742542765,49.22742360990369,3.809332406714296,-11.489880172534406,41.2962829581631,0.2694610778443114,0.0,1.0,27.146760990597137,0.5814556568280876
BT_deep,BT kp=10,54,55,0.16947531587361064,0.06315937806691885,1305873471.9289856,100000000.0,316000000.0,177763888.34631178,91930,245060894.65937197,240883836.5226984,245162751.52786925,-7.799903335721836e-05,0.000670980946248313,0.014234933429707615,4.6949050168661e-05,-0.008313147755930735,0.009286503527352026,0.4663330795170238,0.0,1.0,0.009705602134218312,0.06913336617031579
BT_deep,BT kp=10,54,55,0.16947531587361064,0.06315937806691885,1305873471.9289856,316000000.0,1000000000.0,562138772.9022079,105282,534125739.81034243,482845958.3222866,528759505.0182732,0.004109306841299439,0.0035434480735666045,0.03610585711617143,0.00011127576686256139,-0.012488807466289966,0.02031736267422974,0.3980832430994852,0.0,1.0,0.021153974514986695,0.16750743795480239
BT_deep,BT kp=10,54,55,0.16947531587361064,0.06315937806691885,1305873471.9289856,1000000000.0,3160000000.0,1777638883.4631178,33684,1680678573.2139645,1514492854.475975,1656116672.1647973,0.018808790879935113,0.014359504312806495,0.11695865741134608,0.0006372657017437446,-0.028820894061627782,0.06216202892431005,0.34413965087281795,0.0,1.0,0.06656303760660662,0.2157278998845038
BT_deep,BT kp=10,54,55,0.16947531587361064,0.06315937806691885,1305873471.9289856,3160000000.0,10000000000.0,5621387729.0220785,10709,5328960207.171195,4807789921.760559,5221090742.156157,0.08260330524648637,0.05551391521950692,0.4034542923645,0.0038987005651232843,-0.08513048058578505,0.2229448329064824,0.3074983658604912,0.0,1.0,0.21105271663916708,0.2630334074989332
BT_deep,BT kp=10,54,55,0.16947531587361064,0.06315937806691885,1305873471.9289856,10000000000.0,31600000000.0,17776388834.631176,3464,16977660512.81407,15348413586.616516,16547396818.206026,0.3294834483255698,0.21182740742558012,1.3691405689144274,0.023262645232977483,-0.2546671797191886,0.8355565179726657,0.2855080831408776,0.0,1.0,0.6723978476298299,0.3150328457657346
BT_deep,BT kp=10,54,55,0.16947531587361064,0.06315937806691885,1305873471.9289856,31600000000.0,100000000000.0,56213877290.22079,1211,53814945510.3571,48602209091.18652,52342263915.93057,1.1277368183696537,0.7892967324821821,3.864055375703952,0.11103790779081721,-0.855597029956031,2.7392045075362064,0.26507018992568127,0.0,1.0,2.131333319108934,0.3703300302236023
BT_deep,BT kp=10,54,55,0.16947531587361064,0.06315937806691885,1305873471.9289856,100000000000.0,316000000000.0,177763888346.31177,422,167717583348.9658,150612988471.98486,163357522578.03607,3.3388079815184506,2.6987325925767203,11.216802304686604,0.5460253929272711,-1.8745360314230126,9.064697928990686,0.25829383886255924,0.0,1.0,6.6424312094357525,0.4062868710997109
BT_deep,BT kp=10,54,55,0.16947531587361064,0.06315937806691885,1305873471.9289856,316000000000.0,1000000000000.0,562138772902.2078,161,562430242455.5239,506443519592.28516,536081513706.9418,20.17709166697509,10.633228205680815,47.33537388271843,3.7305500740188937,-7.208431569286657,49.69250218818828,0.2360248447204969,0.0,1.0,22.274970346095955,0.47736217110360635
BT_deep,BT kp=10,55,56,0.06315937806691885,-2.220446049250313e-16,875738675.5472679,100000000.0,316000000.0,177763888.34631178,93100,244292793.91310716,239764917.64187813,244712577.2540442,-0.0004793477239939792,0.0003611866129116533,0.016819545027492146,5.512383236930098e-05,-0.009789964046920605,0.009994910198306823,0.48254564983888293,0.0,1.0,0.008584161768972701,0.042075932704012615
BT_deep,BT kp=10,55,56,0.06315937806691885,-2.220446049250313e-16,875738675.5472679,316000000.0,1000000000.0,562138772.9022079,104175,533810484.727238,482545234.26294327,531328256.92190754,0.0028344389423926165,0.0024796312284819577,0.040140746355565256,0.00012436657914787562,-0.015085875440627892,0.02042186011841813,0.43578593712503,0.0,1.0,0.018757473282254217,0.13219430949838268
BT_deep,BT kp=10,55,56,0.06315937806691885,-2.220446049250313e-16,875738675.5472679,1000000000.0,3160000000.0,1777638883.4631178,33338,1679383449.4513001,1515011489.391327,1668387869.7939,0.012555777156385877,0.010693965336360068,0.13386564888336755,0.0007331610362084508,-0.034702868472143884,0.05763963131943697,0.3882656428100066,0.0,1.0,0.05901156137807746,0.18121813906677667
BT_deep,BT kp=10,55,56,0.06315937806691885,-2.220446049250313e-16,875738675.5472679,3160000000.0,10000000000.0,5621387729.0220785,10590,5323451070.260957,4806074649.095535,5273216846.32074,0.05736211651132649,0.041428741520020115,0.40181736502991944,0.0039046375037695828,-0.09244215637101146,0.1921013221627794,0.34919735599622287,0.0,1.0,0.18705981631445537,0.22147322891826574
BT_deep,BT kp=10,55,56,0.06315937806691885,-2.220446049250313e-16,875738675.5472679,10000000000.0,31600000000.0,17776388834.631176,3437,16937611739.164455,15320359468.460083,16709819499.024965,0.2601143999916874,0.15883116165198924,1.3555469519470826,0.023121968155540074,-0.294922491440789,0.6556738095589868,0.3174279895257492,0.0,1.0,0.595167777240104,0.2668678778083666
BT_deep,BT kp=10,55,56,0.06315937806691885,-2.220446049250313e-16,875738675.5472679,31600000000.0,100000000000.0,56213877290.22079,1201,53586869779.772606,48432092666.62598,52824330208.79982,0.8707387172277792,0.6036866433416537,3.8932504701777164,0.1123416610713598,-0.8557316226369891,2.402669627966966,0.30308076602830974,0.0,1.0,1.882979647144484,0.3206017889025711
BT_deep,BT kp=10,55,56,0.06315937806691885,-2.220446049250313e-16,875738675.5472679,100000000000.0,316000000000.0,177763888346.31177,426,167444632198.88895,150582270622.25342,164700723421.96542,3.133250652894594,2.219174109496194,12.509015192751821,0.6060637664054178,-3.0449801722069108,7.973386659846373,0.2934272300469484,0.0,1.0,5.883807651946782,0.377166325068756
BT_deep,BT kp=10,55,56,0.06315937806691885,-2.220446049250313e-16,875738675.5472679,316000000000.0,1000000000000.0,562138772902.2078,155,560463808367.3292,514321403503.41797,547285528244.5108,15.048187879315819,9.485836219657244,44.25041075404893,3.55427852295271,-4.326784686152837,33.36777119686433,0.2645161290322581,0.0,1.0,19.694039761119363,0.4816602553217396
