model,label,mass_bin,mass_bin_left_msun,mass_bin_right_msun,M0_mean_msun,M0_geomean_msun,snapshot,redshift,scale_factor,n_halos,M_over_M0_median,M_over_M0_q16,M_over_M0_q84,M_over_M0_mean,particle_mass_code,particle_mass_msun
PL,PL,12,15848931924.611141,25118864315.095818,20655034885.87851,20470832355.39745,24,19.40664523021168,0.04900364507339587,32,0.0019505364833317747,0.0015304914221593807,0.0031160468303950677,0.0022732788861695857,0.00018904375610873103,1890437.5610873103
PL,PL,13,25118864315.095818,39810717055.34974,32865377359.36044,32529305932.053856,24,19.40664523021168,0.04900364507339587,27,0.0012808089956831334,0.001045707132862883,0.0023370233661794606,0.0018954554040060427,0.00018904375610873103,1890437.5610873103
PL,PL,14,39810717055.34974,63095734448.01936,50507514600.9986,50050877084.44727,24,19.40664523021168,0.04900364507339587,33,0.0009980297935877314,0.0007073487964790138,0.0016292826029774721,0.0013045373796693113,0.00018904375610873103,1890437.5610873103
PL,PL,15,63095734448.01936,100000000000.0,78496723667.52846,77748306832.12619,24,19.40664523021168,0.04900364507339587,38,0.0006440699341648609,0.0004685799657168199,0.0010373022132250987,0.0007376951123386862,0.00018904375610873103,1890437.5610873103
PL,PL,16,100000000000.0,158489319246.11142,127915993887.45645,127246471269.93217,24,19.40664523021168,0.04900364507339587,31,0.0003679966839988014,0.0002832852165392025,0.0006713891292118868,0.0005027641480113034,0.00018904375610873103,1890437.5610873103
PL,PL,17,158489319246.11142,251188643150.9582,200495850139.70724,199006176582.14417,24,19.40664523021168,0.04900364507339587,28,0.0003080679560377139,0.00022637104517191255,0.0005982869601988087,0.0004137678069462562,0.00018904375610873103,1890437.5610873103
PL,PL,18,251188643150.9582,398107170553.4973,311573729297.1076,309239097866.03,24,19.40664523021168,0.04900364507339587,28,0.00018694625923304368,0.00011968139306233308,0.00040432414647138283,0.00024415458757721557,0.00018904375610873103,1890437.5610873103
PL,PL,19,398107170553.4973,630957344480.1936,492866777799.1323,489539784417.75446,24,19.40664523021168,0.04900364507339587,23,0.00014038314741520117,7.478478014231938e-05,0.000311601465185164,0.00020503709806977906,0.00018904375610873103,1890437.5610873103
PL,PL,8,2511886431.5095806,3981071705.534973,3215684050.538268,3192498331.658058,25,17.551495663828796,0.053904009580735476,38,0.012290710997341442,0.010341934729891856,0.019304259456727736,0.014991912332795839,0.00018904375610873103,1890437.5610873103
PL,PL,9,3981071705.534973,6309573444.801932,5074166373.871848,5030146811.45207,25,17.551495663828796,0.053904009580735476,47,0.008484095583625352,0.006591260959773565,0.013465673805459322,0.010469823698348478,0.00018904375610873103,1890437.5610873103
PL,PL,10,6309573444.801932,10000000000.0,8146934661.062012,8081532060.751237,25,17.551495663828796,0.053904009580735476,64,0.005468787889086434,0.004296708409286843,0.008506770883458468,0.0064080843875750654,0.00018904375610873103,1890437.5610873103
PL,PL,11,10000000000.0,15848931924.611141,12455566697.398994,12338748826.051924,25,17.551495663828796,0.053904009580735476,69,0.0037049425352956,0.0026807733619896045,0.005286117636487798,0.004614799325830471,0.00018904375610873103,1890437.5610873103
PL,PL,12,15848931924.611141,25118864315.095818,20463905112.011127,20292918200.037716,25,17.551495663828796,0.053904009580735476,98,0.0024259917680288763,0.0017438855515083814,0.004493600034219116,0.003107712690305015,0.00018904375610873103,1890437.5610873103
PL,PL,13,25118864315.095818,39810717055.34974,31795754499.58616,31504210270.95692,25,17.551495663828796,0.053904009580735476,100,0.0014631517982444503,0.001131217215704548,0.0028844065308284176,0.002055071794132076,0.00018904375610873103,1890437.5610873103
PL,PL,14,39810717055.34974,63095734448.01936,49659849310.878586,49264281284.59623,25,17.551495663828796,0.053904009580735476,95,0.0010642325600505862,0.0007599896211139981,0.0018216014553491678,0.0015338847166779896,0.00018904375610873103,1890437.5610873103
PL,PL,15,63095734448.01936,100000000000.0,79735270913.8939,79076714214.28558,25,17.551495663828796,0.053904009580735476,72,0.0008239952883619916,0.0005103625686763682,0.0018230943278868582,0.0010646804073849675,0.00018904375610873103,1890437.5610873103
PL,PL,16,100000000000.0,158489319246.11142,127793196793.9079,126820407785.706,25,17.551495663828796,0.053904009580735476,75,0.000438536232869774,0.00029552885850274137,0.00085011447541728,0.000601205949184878,0.00018904375610873103,1890437.5610873103
PL,PL,17,158489319246.11142,251188643150.9582,197022093110.333,195468816719.33075,25,17.551495663828796,0.053904009580735476,58,0.00042230399407840505,0.00019774182830694403,0.0009065141341091242,0.0005631071136499622,0.00018904375610873103,1890437.5610873103
PL,PL,18,251188643150.9582,398107170553.4973,305973160960.85565,303413170012.4165,25,17.551495663828796,0.053904009580735476,49,0.0003104312076915217,0.000126863533385365,0.0006308525093251808,0.0004114401346650564,0.00018904375610873103,1890437.5610873103
PL,PL,19,398107170553.4973,630957344480.1936,504097249549.0368,500980274475.4809,25,17.551495663828796,0.053904009580735476,42,0.00017137339421488513,9.227984097809028e-05,0.000408970991158271,0.0002929938242490252,0.00018904375610873103,1890437.5610873103
PL,PL,20,630957344480.1936,1000000000000.0,826512976419.0037,821668534636.8894,25,17.551495663828796,0.053904009580735476,28,0.00012947327160566836,4.8714816678110766e-05,0.00040515235833226147,0.0002108355160053301,0.00018904375610873103,1890437.5610873103
PL,PL,4,398107170.5534973,630957344.4801933,522998320.6788257,519645138.89507395,26,15.864996058026179,0.05929441053880902,28,0.08223823531176003,0.06969397031235097,0.12460555091417592,0.09158915678468971,0.00018904375610873103,1890437.5610873103
PL,PL,5,630957344.4801933,999999999.9999999,843769037.9843588,836749700.3250567,26,15.864996058026179,0.05929441053880902,33,0.044838538885627666,0.04012108040539548,0.06501604576929992,0.05432717853755437,0.00018904375610873103,1890437.5610873103
PL,PL,6,999999999.9999999,1584893192.461114,1299546222.9849448,1290727661.2999845,26,15.864996058026179,0.05929441053880902,81,0.032501927912800224,0.025462942841289256,0.048119986054781565,0.038404366919712524,0.00018904375610873103,1890437.5610873103
PL,PL,7,1584893192.461114,2511886431.5095806,2057801846.9275448,2043629944.084048,26,15.864996058026179,0.05929441053880902,95,0.02023220132408527,0.015727082694515632,0.03073388413647478,0.02279007417865777,0.00018904375610873103,1890437.5610873103
PL,PL,8,2511886431.5095806,3981071705.534973,3247030977.7977138,3217626916.3313866,26,15.864996058026179,0.05929441053880902,141,0.013755511366879048,0.01061291927690532,0.020841658451858786,0.016084974590093597,0.00018904375610873103,1890437.5610873103
PL,PL,9,3981071705.534973,6309573444.801932,5091705125.588953,5045540836.240468,26,15.864996058026179,0.05929441053880902,176,0.009348194550245773,0.006834789603979772,0.014558372389525466,0.011287727652492521,0.00018904375610873103,1890437.5610873103
PL,PL,10,6309573444.801932,10000000000.0,8153214120.432877,8082549819.769715,26,15.864996058026179,0.05929441053880902,230,0.006027526150112953,0.0041705699220711745,0.010065975478826874,0.007432175057134032,0.00018904375610873103,1890437.5610873103
PL,PL,11,10000000000.0,15848931924.611141,12742358269.925945,12616878449.342178,26,15.864996058026179,0.05929441053880902,202,0.0039056489901503682,0.0027347429762498506,0.007732063642457449,0.005083355151678686,0.00018904375610873103,1890437.5610873103
PL,PL,12,15848931924.611141,25118864315.095818,20372608521.633846,20204132549.21156,26,15.864996058026179,0.05929441053880902,253,0.0027136835586320782,0.0019065459668117807,0.004818824578358551,0.003531630780641443,0.00018904375610873103,1890437.5610873103
PL,PL,13,25118864315.095818,39810717055.34974,31728803512.00395,31434551100.97259,26,15.864996058026179,0.05929441053880902,231,0.0017766709482517512,0.001150259307612693,0.003421172657187341,0.0024366976920890387,0.00018904375610873103,1890437.5610873103
PL,PL,14,39810717055.34974,63095734448.01936,50017825010.85627,49595586852.77882,26,15.864996058026179,0.05929441053880902,173,0.0015650373298778208,0.000794274540599151,0.0026076536637737843,0.0019722398697453866,0.00018904375610873103,1890437.5610873103
PL,PL,15,63095734448.01936,100000000000.0,78719137600.30066,78039960475.89046,26,15.864996058026179,0.05929441053880902,138,0.0009879011718172837,0.000522728157798335,0.0023208918129073094,0.0014607529903127383,0.00018904375610873103,1890437.5610873103
PL,PL,16,100000000000.0,158489319246.11142,127353691849.06293,126269305656.03159,26,15.864996058026179,0.05929441053880902,153,0.0006094224218230313,0.00031006767771064853,0.001250261369259268,0.0008175131499821295,0.00018904375610873103,1890437.5610873103
PL,PL,17,158489319246.11142,251188643150.9582,197325907492.5956,195776597710.30716,26,15.864996058026179,0.05929441053880902,101,0.0005131684009408251,0.00020258082654854437,0.001480336436055797,0.0008334272416260912,0.00018904375610873103,1890437.5610873103
PL,PL,18,251188643150.9582,398107170553.4973,309355582182.19855,306709418812.6189,26,15.864996058026179,0.05929441053880902,73,0.00043726426292381047,0.00013845672420814066,0.001101695720135804,0.0006326970005361186,0.00018904375610873103,1890437.5610873103
PL,PL,19,398107170553.4973,630957344480.1936,497965789023.9234,494289610758.56793,26,15.864996058026179,0.05929441053880902,60,0.0002358153133793123,0.00010412754198388303,0.000696280686805068,0.00045683343859082216,0.00018904375610873103,1890437.5610873103
PL,PL,20,630957344480.1936,1000000000000.0,832498320856.8925,828004436929.7924,26,15.864996058026179,0.05929441053880902,35,0.00020020623167940434,7.727881353199043e-05,0.0005745032793115632,0.0003539215200982846,0.00018904375610873103,1890437.5610873103
PL,PL,1,100000000.0,158489319.24611133,131425300.49646536,130074017.9863409,27,14.331814598205613,0.06522385159268994,22,0.3064592038825917,0.23373186357751374,0.4201163261777641,0.3477506153762166,0.00018904375610873103,1890437.5610873103
PL,PL,2,158489319.24611133,251188643.15095794,201080832.85385165,199477516.05514637,27,14.331814598205613,0.06522385159268994,52,0.22493472452503552,0.1644343052703357,0.350543537800542,0.27084138616447884,0.00018904375610873103,1890437.5610873103
PL,PL,3,251188643.15095794,398107170.5534973,321246194.5171142,318280402.049701,27,14.331814598205613,0.06522385159268994,64,0.13654231602029362,0.102597281079907,0.20128203080601131,0.16266147560407876,0.00018904375610873103,1890437.5610873103
PL,PL,4,398107170.5534973,630957344.4801933,521430070.69614685,518000733.1610976,27,14.331814598205613,0.06522385159268994,115,0.08366409869747189,0.062189368263828745,0.13058148613429402,0.09974620030352035,0.00018904375610873103,1890437.5610873103
PL,PL,5,630957344.4801933,999999999.9999999,835161845.4866074,827544972.434418,27,14.331814598205613,0.06522385159268994,166,0.048043337072344976,0.03728851475131792,0.06784175979187768,0.055165279009630454,0.00018904375610873103,1890437.5610873103
PL,PL,6,999999999.9999999,1584893192.461114,1273301678.2519848,1262672878.0997455,27,14.331814598205613,0.06522385159268994,265,0.03503353499114205,0.027022359239782016,0.056209344353886304,0.041501687939341184,0.00018904375610873103,1890437.5610873103
PL,PL,7,1584893192.461114,2511886431.5095806,2050663459.7027369,2033864234.4293458,27,14.331814598205613,0.06522385159268994,316,0.021958328270909926,0.016426878110574153,0.03379859230998838,0.026024556855547696,0.00018904375610873103,1890437.5610873103
PL,PL,8,2511886431.5095806,3981071705.534973,3242926878.7620516,3215121942.824757,27,14.331814598205613,0.06522385159268994,433,0.014569169604959535,0.010474595798316812,0.024722431161551196,0.018011433029336735,0.00018904375610873103,1890437.5610873103
PL,PL,9,3981071705.534973,6309573444.801932,5054008319.914773,5005960774.624734,27,14.331814598205613,0.06522385159268994,492,0.010174160093774262,0.0068602503082390185,0.017729620135255017,0.012523934852552206,0.00018904375610873103,1890437.5610873103
PL,PL,10,6309573444.801932,10000000000.0,8072889793.876837,8004193534.56591,27,14.331814598205613,0.06522385159268994,535,0.006563809956486874,0.004606219756771146,0.012043519423126812,0.008800169813098713,0.00018904375610873103,1890437.5610873103
PL,PL,11,10000000000.0,15848931924.611141,12665029204.668058,12549504489.316334,27,14.331814598205613,0.06522385159268994,500,0.004439343728553301,0.0029296920229653803,0.008633604763951275,0.0060391680804598915,0.00018904375610873103,1890437.5610873103
PL,PL,12,15848931924.611141,25118864315.095818,20094972332.986576,19925405885.955475,27,14.331814598205613,0.06522385159268994,468,0.003317507738369115,0.0019937667836061467,0.007401132015687867,0.0047595169086092496,0.00018904375610873103,1890437.5610873103
PL,PL,13,25118864315.095818,39810717055.34974,31813815187.12697,31524151918.205547,27,14.331814598205613,0.06522385159268994,401,0.0022488454970837225,0.0013328658880330396,0.00508244540756208,0.003379273557312138,0.00018904375610873103,1890437.5610873103
PL,PL,14,39810717055.34974,63095734448.01936,49799707262.99773,49383622851.70546,27,14.331814598205613,0.06522385159268994,328,0.0015904454595768542,0.0008383413900067925,0.003906420477043224,0.0024412055146158227,0.00018904375610873103,1890437.5610873103
PL,PL,15,63095734448.01936,100000000000.0,78206951313.58296,77537759557.43158,27,14.331814598205613,0.06522385159268994,221,0.0011978498144156534,0.0006027850653136872,0.003446036691188428,0.0020168425567586323,0.00018904375610873103,1890437.5610873103
PL,PL,16,100000000000.0,158489319246.11142,125919902268.68518,124854153598.95975,27,14.331814598205613,0.06522385159268994,215,0.000849962589296139,0.0003908655724744997,0.001931085847304317,0.0012315415833968034,0.00018904375610873103,1890437.5610873103
PL,PL,17,158489319246.11142,251188643150.9582,195346462088.62582,193823583662.4617,27,14.331814598205613,0.06522385159268994,123,0.0007404517069455993,0.00030523083564941417,0.0025177563405452126,0.0013629830398385115,0.00018904375610873103,1890437.5610873103
PL,PL,18,251188643150.9582,398107170553.4973,310758438899.32745,308114712338.1961,27,14.331814598205613,0.06522385159268994,95,0.0005851101727726331,0.00018031416436944668,0.0019509116098760512,0.0010274259269603997,0.00018904375610873103,1890437.5610873103
PL,PL,19,398107170553.4973,630957344480.1936,500138898081.36835,496126328931.36383,27,14.331814598205613,0.06522385159268994,75,0.00039006837119003485,0.00012341627725138225,0.0009341334829829026,0.0006778793127476094,0.00018904375610873103,1890437.5610873103
PL,PL,20,630957344480.1936,1000000000000.0,818219128887.3046,812448636566.5697,27,14.331814598205613,0.06522385159268994,49,0.00023453366308832295,6.565506464063995e-05,0.0008936365948921459,0.0004423807899269394,0.00018904375610873103,1890437.5610873103
PL,PL,1,100000000.0,158489319.24611133,128761382.13245593,127635760.34577791,28,12.938013271096011,0.07174623675195893,89,0.34998845880846735,0.26261559779582727,0.5168020928700852,0.38601422530598434,0.00018904375610873103,1890437.5610873103
PL,PL,2,158489319.24611133,251188643.15095794,207217783.69732645,205427322.4245743,28,12.938013271096011,0.07174623675195893,155,0.2086101452364959,0.1555629178933764,0.35453508019730506,0.264661691396477,0.00018904375610873103,1890437.5610873103
PL,PL,3,251188643.15095794,398107170.5534973,321496930.5014464,318638601.3467985,28,12.938013271096011,0.07174623675195893,201,0.13324168331618264,0.10043936858920646,0.2225168613182856,0.16728772074986165,0.00018904375610873103,1890437.5610873103
PL,PL,4,398107170.5534973,630957344.4801933,516791487.9614766,512668855.5875558,28,12.938013271096011,0.07174623675195893,392,0.08475530291499872,0.06516948676582728,0.13497909769108302,0.10164402072112862,0.00018904375610873103,1890437.5610873103
PL,PL,5,630957344.4801933,999999999.9999999,823353405.4632142,815840431.9173403,28,12.938013271096011,0.07174623675195893,541,0.05280126487357813,0.040677628937856064,0.07895651695907456,0.06174650608857023,0.00018904375610873103,1890437.5610873103
PL,PL,6,999999999.9999999,1584893192.461114,1282715997.607631,1272053183.1535463,28,12.938013271096011,0.07174623675195893,747,0.03671015694541091,0.027003940273765882,0.060951381870242995,0.044945214104440995,0.00018904375610873103,1890437.5610873103
PL,PL,7,1584893192.461114,2511886431.5095806,2017662063.1966221,2000694047.0653517,28,12.938013271096011,0.07174623675195893,937,0.023297730218546076,0.017209626458939253,0.03907800732707357,0.02885729782848657,0.00018904375610873103,1890437.5610873103
PL,PL,8,2511886431.5095806,3981071705.534973,3222319214.0391874,3194341036.4042773,28,12.938013271096011,0.07174623675195893,1028,0.016139606418636404,0.011062900807549805,0.029371629827420243,0.02044887161797819,0.00018904375610873103,1890437.5610873103
PL,PL,9,3981071705.534973,6309573444.801932,5050398903.232052,5005592891.606654,28,12.938013271096011,0.07174623675195893,1075,0.01102361231848769,0.007309886880541461,0.02170579857016752,0.014582874530155297,0.00018904375610873103,1890437.5610873103
PL,PL,10,6309573444.801932,10000000000.0,7978622236.056919,7911517946.322794,28,12.938013271096011,0.07174623675195893,1022,0.007890692086927139,0.004958530847281995,0.016620110209726882,0.010727983550159293,0.00018904375610873103,1890437.5610873103
PL,PL,11,10000000000.0,15848931924.611141,12645697427.17117,12530847817.477678,28,12.938013271096011,0.07174623675195893,869,0.005657291754934762,0.0031692170677902927,0.011776540642903182,0.007743384982408884,0.00018904375610873103,1890437.5610873103
PL,PL,12,15848931924.611141,25118864315.095818,19889160562.312527,19716825404.474735,28,12.938013271096011,0.07174623675195893,736,0.004278382132560295,0.0022853404270744473,0.009809212381079489,0.006147614545535165,0.00018904375610873103,1890437.5610873103
PL,PL,13,25118864315.095818,39810717055.34974,31624206155.441406,31333706001.21538,28,12.938013271096011,0.07174623675195893,575,0.0029748952783224345,0.0015085802899002577,0.007496719570000662,0.00465363023744075,0.00018904375610873103,1890437.5610873103
PL,PL,14,39810717055.34974,63095734448.01936,49740943829.53956,49314104807.80429,28,12.938013271096011,0.07174623675195893,463,0.002181449180420537,0.00104180426441061,0.005714347111094645,0.0033987918863134636,0.00018904375610873103,1890437.5610873103
PL,PL,15,63095734448.01936,100000000000.0,78626528264.63896,77960196421.33455,28,12.938013271096011,0.07174623675195893,289,0.001781958057512555,0.0007166237035520968,0.0057907954597351706,0.003054415808348953,0.00018904375610873103,1890437.5610873103
PL,PL,16,100000000000.0,158489319246.11142,125951604360.0677,124880915549.33817,28,12.938013271096011,0.07174623675195893,242,0.0014497661152055676,0.0005522750226174621,0.0036243307378048843,0.0020179309511579027,0.00018904375610873103,1890437.5610873103
PL,PL,17,158489319246.11142,251188643150.9582,195272427801.78186,193758569689.49323,28,12.938013271096011,0.07174623675195893,141,0.0011188361250398053,0.00042423947970975936,0.004086712964497241,0.0022251506024367463,0.00018904375610873103,1890437.5610873103
PL,PL,18,251188643150.9582,398107170553.4973,311176112838.5053,308601918208.27637,28,12.938013271096011,0.07174623675195893,99,0.0010032241363016657,0.0003020799412672052,0.003009066161880008,0.0018669992268607958,0.00018904375610873103,1890437.5610873103
PL,PL,19,398107170553.4973,630957344480.1936,503577363268.2852,499499669921.98254,28,12.938013271096011,0.07174623675195893,79,0.0006941059409396994,0.000274919973114783,0.0016572046967578483,0.001181796714175368,0.00018904375610873103,1890437.5610873103
PL,PL,20,630957344480.1936,1000000000000.0,817929569638.8127,812175563341.5222,28,12.938013271096011,0.07174623675195893,52,0.0005008577029845224,0.00018605936306145818,0.0015156445707856262,0.0008274481729058998,0.00018904375610873103,1890437.5610873103
PL,PL,1,100000000.0,158489319.24611133,128333792.00118785,127191613.36620945,29,11.670921155541825,0.07892086042715485,281,0.3363098063875813,0.2531869783228134,0.5354162703409018,0.4065400793799034,0.00018904375610873103,1890437.5610873103
PL,PL,2,158489319.24611133,251188643.15095794,203710431.05789006,201895610.4045458,29,11.670921155541825,0.07892086042715485,446,0.21424127410771104,0.16395526056433213,0.3697378406532856,0.28144823240130434,0.00018904375610873103,1890437.5610873103
PL,PL,3,251188643.15095794,398107170.5534973,322297179.8083732,319483263.4921107,29,11.670921155541825,0.07892086042715485,631,0.13595603890724708,0.10383947233862871,0.21243985921501451,0.1670904275888453,0.00018904375610873103,1890437.5610873103
PL,PL,4,398107170.5534973,630957344.4801933,513536680.40033454,509111778.824455,29,11.670921155541825,0.07892086042715485,1014,0.08868556465055714,0.06574172544805512,0.14571044766017316,0.11057561396336123,0.00018904375610873103,1890437.5610873103
PL,PL,5,630957344.4801933,999999999.9999999,815935897.1511812,808894655.5416949,29,11.670921155541825,0.07892086042715485,1418,0.05664620560422566,0.04259852992322717,0.0901417614262953,0.06813333023201351,0.00018904375610873103,1890437.5610873103
PL,PL,6,999999999.9999999,1584893192.461114,1279467895.7891166,1268789288.0651662,29,11.670921155541825,0.07892086042715485,1753,0.0384512323814802,0.027536573194221786,0.06828667038405073,0.049260319971153474,0.00018904375610873103,1890437.5610873103
PL,PL,7,1584893192.461114,2511886431.5095806,2011367665.423767,1994035477.45153,29,11.670921155541825,0.07892086042715485,1970,0.02592320228074667,0.01803234463170567,0.04584863060276078,0.03296902830260629,0.00018904375610873103,1890437.5610873103
PL,PL,8,2511886431.5095806,3981071705.534973,3198680092.8446565,3170417607.4666095,29,11.670921155541825,0.07892086042715485,1989,0.01825793676138096,0.011991020823490567,0.03490162806091305,0.023912742435245594,0.00018904375610873103,1890437.5610873103
PL,PL,9,3981071705.534973,6309573444.801932,5016902459.173647,4973185887.466094,29,11.670921155541825,0.07892086042715485,1883,0.012732695336942488,0.007981151354284363,0.027104857272273176,0.017529748796136276,0.00018904375610873103,1890437.5610873103
PL,PL,10,6309573444.801932,10000000000.0,7969293337.349408,7901839110.683312,29,11.670921155541825,0.07892086042715485,1584,0.009685490327253632,0.005266491495427782,0.02122343794068481,0.013751944406197982,0.00018904375610873103,1890437.5610873103
PL,PL,11,10000000000.0,15848931924.611141,12637844841.145714,12525977365.60606,29,11.670921155541825,0.07892086042715485,1249,0.00703843644861015,0.0035127616855387604,0.016742854683068107,0.010171252839116266,0.00018904375610873103,1890437.5610873103
PL,PL,12,15848931924.611141,25118864315.095818,19849198374.88216,19677824668.793983,29,11.670921155541825,0.07892086042715485,970,0.005613698711988156,0.0025259524503585674,0.01415430714258631,0.008431665504937,0.00018904375610873103,1890437.5610873103
PL,PL,13,25118864315.095818,39810717055.34974,31627708537.26805,31341549890.422733,29,11.670921155541825,0.07892086042715485,715,0.004340126927501075,0.0018227861414875312,0.01105327183740015,0.0066667867368860175,0.00018904375610873103,1890437.5610873103
PL,PL,14,39810717055.34974,63095734448.01936,49723366514.632744,49290689770.80668,29,11.670921155541825,0.07892086042715485,539,0.003444768068017304,0.0013669514982817261,0.008280053243896112,0.005029821507473025,0.00018904375610873103,1890437.5610873103
PL,PL,15,63095734448.01936,100000000000.0,78482458592.5363,77810885919.24017,29,11.670921155541825,0.07892086042715485,326,0.002656716006991806,0.0009446799104597511,0.008135716100098575,0.004568143354731073,0.00018904375610873103,1890437.5610873103
PL,PL,16,100000000000.0,158489319246.11142,125504663678.32364,124431238142.02214,29,11.670921155541825,0.07892086042715485,258,0.00232254829271791,0.000994202275070894,0.0069647921822810046,0.0037141836611517954,0.00018904375610873103,1890437.5610873103
PL,PL,17,158489319246.11142,251188643150.9582,194967676752.5935,193449563390.62195,29,11.670921155541825,0.07892086042715485,144,0.0020398081294871924,0.0007375494380467958,0.006362045551057902,0.0036727251332947086,0.00018904375610873103,1890437.5610873103
PL,PL,18,251188643150.9582,398107170553.4973,311159298791.869,308588280329.21655,29,11.670921155541825,0.07892086042715485,105,0.0018359547770419049,0.0005076878657559134,0.005160079558605733,0.0032886378245263366,0.00018904375610873103,1890437.5610873103
PL,PL,19,398107170553.4973,630957344480.1936,504418347795.0836,500334095189.1246,29,11.670921155541825,0.07892086042715485,80,0.001262324263005521,0.0004443159251568149,0.002858314853602081,0.001954725789743382,0.00018904375610873103,1890437.5610873103
PL,PL,20,630957344480.1936,1000000000000.0,821305945400.5515,815559977593.1882,29,11.670921155541825,0.07892086042715485,52,0.0007316346596443063,0.00032425647354206215,0.0029722030841986035,0.0016639506935510367,0.00018904375610873103,1890437.5610873103
PL,PL,1,100000000.0,158489319.24611133,127770670.53595465,126649628.55686426,30,10.51901923231075,0.08681294646987033,697,0.3479923361475039,0.2641917523898483,0.5649307800656193,0.43468399508219385,0.00018904375610873103,1890437.5610873103
PL,PL,2,158489319.24611133,251188643.15095794,204144100.25556555,202278592.81830904,30,10.51901923231075,0.08681294646987033,1097,0.21951143304491902,0.16440068145993533,0.36276650374836117,0.28144925975029056,0.00018904375610873103,1890437.5610873103
PL,PL,3,251188643.15095794,398107170.5534973,323997246.8088837,321262957.5680955,30,10.51901923231075,0.08681294646987033,1574,0.13830700193958448,0.10407191969636652,0.22118702330929935,0.17115870624498308,0.00018904375610873103,1890437.5610873103
PL,PL,4,398107170.5534973,630957344.4801933,513924338.6126279,509439193.25781035,30,10.51901923231075,0.08681294646987033,2331,0.09015215298249163,0.06591625725103452,0.15580267443233117,0.1162755130726313,0.00018904375610873103,1890437.5610873103
PL,PL,5,630957344.4801933,999999999.9999999,811245174.4309181,804188670.8930293,30,10.51901923231075,0.08681294646987033,3087,0.06041370236601289,0.04300052479653775,0.10121400607898998,0.07427769815493403,0.00018904375610873103,1890437.5610873103
PL,PL,6,999999999.9999999,1584893192.461114,1274711446.4674869,1263773745.1138225,30,10.51901923231075,0.08681294646987033,3467,0.04222810415629479,0.028686971560405262,0.07511859023972411,0.054445174607165935,0.00018904375610873103,1890437.5610873103
PL,PL,7,1584893192.461114,2511886431.5095806,2002845986.7017817,1985780397.3554587,30,10.51901923231075,0.08681294646987033,3428,0.02939327998253469,0.019190512547507116,0.056075954104599056,0.038347642475792934,0.00018904375610873103,1890437.5610873103
PL,PL,8,2511886431.5095806,3981071705.534973,3181456481.656565,3153203276.575127,30,10.51901923231075,0.08681294646987033,3242,0.02094457364399925,0.012534750840627577,0.04256064779041157,0.028577091666308726,0.00018904375610873103,1890437.5610873103
PL,PL,9,3981071705.534973,6309573444.801932,5004910806.038769,4960927960.966077,30,10.51901923231075,0.08681294646987033,2710,0.016142430592295434,0.008745799922729378,0.03506945371272175,0.022301856615478708,0.00018904375610873103,1890437.5610873103
PL,PL,10,6309573444.801932,10000000000.0,7941908265.812365,7873936978.409505,30,10.51901923231075,0.08681294646987033,2124,0.01224593893211862,0.0059789019939189714,0.028988780873667727,0.01797055246453456,0.00018904375610873103,1890437.5610873103
PL,PL,11,10000000000.0,15848931924.611141,12567727132.56567,12457787019.689943,30,10.51901923231075,0.08681294646987033,1560,0.009320627188433716,0.004323229823538576,0.022980380229886365,0.01396867101984348,0.00018904375610873103,1890437.5610873103
PL,PL,12,15848931924.611141,25118864315.095818,19871035913.598415,19695395665.109035,30,10.51901923231075,0.08681294646987033,1150,0.00757745876759446,0.0030791477910931545,0.020606047220611184,0.012088922296620324,0.00018904375610873103,1890437.5610873103
PL,PL,13,25118864315.095818,39810717055.34974,31591729010.115948,31308513257.192055,30,10.51901923231075,0.08681294646987033,787,0.006712737523305587,0.0026436950784107602,0.01674173335468004,0.010168717764854332,0.00018904375610873103,1890437.5610873103
PL,PL,14,39810717055.34974,63095734448.01936,49671664404.459206,49240810541.13418,30,10.51901923231075,0.08681294646987033,573,0.005410241261914209,0.0019742672642133977,0.013041079743012478,0.007723384811268929,0.00018904375610873103,1890437.5610873103
PL,PL,15,63095734448.01936,100000000000.0,78329129325.41493,77664879584.00308,30,10.51901923231075,0.08681294646987033,349,0.004352664556345669,0.0014413007455921934,0.012132984576003618,0.007251660338553559,0.00018904375610873103,1890437.5610873103
PL,PL,16,100000000000.0,158489319246.11142,125246391677.26807,124180900127.19304,30,10.51901923231075,0.08681294646987033,268,0.003886595911743376,0.0016064517917513002,0.009952442156498553,0.0058172090978568895,0.00018904375610873103,1890437.5610873103
PL,PL,17,158489319246.11142,251188643150.9582,195153345091.4517,193623434012.05872,30,10.51901923231075,0.08681294646987033,151,0.0034509146791578196,0.0011237099588075324,0.010437640163409723,0.006167160616492001,0.00018904375610873103,1890437.5610873103
PL,PL,18,251188643150.9582,398107170553.4973,311308590158.046,308756896626.35986,30,10.51901923231075,0.08681294646987033,106,0.00279427462049667,0.0011363515176591578,0.009074505535332126,0.005211084657773408,0.00018904375610873103,1890437.5610873103
PL,PL,19,398107170553.4973,630957344480.1936,503928887007.56366,499815086423.281,30,10.51901923231075,0.08681294646987033,79,0.0022586948980246116,0.0008516332408785909,0.004252082089339077,0.003249872883883961,0.00018904375610873103,1890437.5610873103
PL,PL,20,630957344480.1936,1000000000000.0,819532419860.5974,813799602531.173,30,10.51901923231075,0.08681294646987033,53,0.0015517814868465185,0.000555338424088494,0.0062807501484097375,0.002971432276935021,0.00018904375610873103,1890437.5610873103
PL,PL,1,100000000.0,158489319.24611133,128503982.89177224,127356432.48719563,31,9.471835665737043,0.09549424111685739,1430,0.3598398991846732,0.2682720294341521,0.5936237136950262,0.4627714639189532,0.00018904375610873103,1890437.5610873103
PL,PL,2,158489319.24611133,251188643.15095794,205058786.768116,203222742.4524535,31,9.471835665737043,0.09549424111685739,2378,0.22063433012756248,0.1623077976785373,0.3709222472584587,0.2870137970915917,0.00018904375610873103,1890437.5610873103
PL,PL,3,251188643.15095794,398107170.5534973,324352884.4815274,321631450.84814733,31,9.471835665737043,0.09549424111685739,3451,0.1383592617393304,0.10383947233862871,0.22941192041696654,0.1765159351814015,0.00018904375610873103,1890437.5610873103
PL,PL,4,398107170.5534973,630957344.4801933,510603438.65293664,506154989.3885908,31,9.471835665737043,0.09549424111685739,4766,0.09535426496569208,0.06896574212510156,0.16182827346773235,0.12258505734379806,0.00018904375610873103,1890437.5610873103
PL,PL,5,630957344.4801933,999999999.9999999,806362879.9412491,799321147.5311512,31,9.471835665737043,0.09549424111685739,5617,0.06510692373565667,0.045422588757085006,0.11496297820787828,0.08278740940341771,0.00018904375610873103,1890437.5610873103
PL,PL,6,999999999.9999999,1584893192.461114,1268908011.7873433,1257971892.8807108,31,9.471835665737043,0.09549424111685739,5772,0.0467132757213679,0.03031504219905916,0.08890946467165542,0.061651385386115476,0.00018904375610873103,1890437.5610873103
PL,PL,7,1584893192.461114,2511886431.5095806,1997747830.416476,1980757308.0608287,31,9.471835665737043,0.09549424111685739,5121,0.034261297828543924,0.02037319929441796,0.06972792534626752,0.04575738603998442,0.00018904375610873103,1890437.5610873103
PL,PL,8,2511886431.5095806,3981071705.534973,3163613527.845168,3135850138.4348707,31,9.471835665737043,0.09549424111685739,4449,0.0255606290596606,0.014289336152774276,0.054939058869040054,0.03572024965295793,0.00018904375610873103,1890437.5610873103
PL,PL,9,3981071705.534973,6309573444.801932,4988189135.402156,4944642637.588092,31,9.471835665737043,0.09549424111685739,3415,0.020462354324014657,0.010058164739998725,0.046728948295867385,0.029154479113952393,0.00018904375610873103,1890437.5610873103
PL,PL,10,6309573444.801932,10000000000.0,7921296761.511985,7852753621.7336,31,9.471835665737043,0.09549424111685739,2542,0.016568927198827237,0.007505330260341336,0.04001838692525026,0.024500184059395125,0.00018904375610873103,1890437.5610873103
PL,PL,11,10000000000.0,15848931924.611141,12538154303.628853,12429719531.685505,31,9.471835665737043,0.09549424111685739,1757,0.013279923561822485,0.00558961445397,0.03345100094408002,0.019955536399947134,0.00018904375610873103,1890437.5610873103
PL,PL,12,15848931924.611141,25118864315.095818,19870019132.90994,19695109480.187103,31,9.471835665737043,0.09549424111685739,1252,0.011616622246938536,0.0041716549376843975,0.0297835994835484,0.017642380819637444,0.00018904375610873103,1890437.5610873103
PL,PL,13,25118864315.095818,39810717055.34974,31550013394.981728,31269265587.47937,31,9.471835665737043,0.09549424111685739,826,0.010396892916745297,0.0041488657720723425,0.02511384138853727,0.01524244675948997,0.00018904375610873103,1890437.5610873103
PL,PL,14,39810717055.34974,63095734448.01936,49652854409.08827,49226079146.71213,31,9.471835665737043,0.09549424111685739,583,0.008532445387551183,0.0034375359365075952,0.020402419608940636,0.012441710727117812,0.00018904375610873103,1890437.5610873103
PL,PL,15,63095734448.01936,100000000000.0,78275011797.15363,77609415214.86588,31,9.471835665737043,0.09549424111685739,354,0.007231649904281991,0.002514670657780301,0.021461987434628592,0.011780076230097079,0.00018904375610873103,1890437.5610873103
PL,PL,16,100000000000.0,158489319246.11142,125216489206.59158,124160754022.52946,31,9.471835665737043,0.09549424111685739,270,0.006965161632270341,0.0025633475297485013,0.01702838893302725,0.009609743751895128,0.00018904375610873103,1890437.5610873103
PL,PL,17,158489319246.11142,251188643150.9582,194939165673.81696,193421018747.4252,31,9.471835665737043,0.09549424111685739,153,0.006220626534205883,0.0020369277343025073,0.017415040305519453,0.009910359200528194,0.00018904375610873103,1890437.5610873103
PL,PL,18,251188643150.9582,398107170553.4973,311308590158.046,308756896626.35986,31,9.471835665737043,0.09549424111685739,106,0.005222485741573135,0.0022149759886519057,0.013419583949489505,0.007900317439264714,0.00018904375610873103,1890437.5610873103
PL,PL,19,398107170553.4973,630957344480.1936,504418347795.0836,500334095189.1246,31,9.471835665737043,0.09549424111685739,80,0.003651059792083707,0.00146460530733293,0.007797989452670419,0.00546416866032446,0.00018904375610873103,1890437.5610873103
PL,PL,20,630957344480.1936,1000000000000.0,819532419860.5974,813799602531.173,31,9.471835665737043,0.09549424111685739,53,0.002639184790635238,0.0009937034364580226,0.00912189501753677,0.004542907435213947,0.00018904375610873103,1890437.5610873103
PL,PL,1,100000000.0,158489319.24611133,128737310.81121816,127597551.55413622,32,8.519850605215494,0.10504366522854312,2867,0.3621749284986656,0.263790986723979,0.6143083174259336,0.46730933915816875,0.00018904375610873103,1890437.5610873103
PL,PL,2,158489319.24611133,251188643.15095794,205003241.70746908,203147667.10148937,32,8.519850605215494,0.10504366522854312,4686,0.22218673261903146,0.16440068145993533,0.3850232546773762,0.2951083539327034,0.00018904375610873103,1890437.5610873103
PL,PL,3,251188643.15095794,398107170.5534973,323743281.4222691,321003940.2226736,32,8.519850605215494,0.10504366522854312,6687,0.14486510494170687,0.10665856192414375,0.2400176380299298,0.18404287019696997,0.00018904375610873103,1890437.5610873103
PL,PL,4,398107170.5534973,630957344.4801933,508824821.4909028,504305665.74905664,32,8.519850605215494,0.10504366522854312,8291,0.10135183412361275,0.07093591830915641,0.1779023599953802,0.1324563713378229,0.00018904375610873103,1890437.5610873103
PL,PL,5,630957344.4801933,999999999.9999999,802277343.6078131,795253881.4306415,32,8.519850605215494,0.10504366522854312,8803,0.07222052394735062,0.04757079258564688,0.13276199084331264,0.093647922107817,0.00018904375610873103,1890437.5610873103
PL,PL,6,999999999.9999999,1584893192.461114,1263149956.3852901,1252161507.4209666,32,8.519850605215494,0.10504366522854312,8378,0.05383881605519998,0.03202850079241779,0.10686777326533975,0.07199025240050316,0.00018904375610873103,1890437.5610873103
PL,PL,7,1584893192.461114,2511886431.5095806,1992431062.5434039,1975336297.8667107,32,8.519850605215494,0.10504366522854312,6698,0.04204066846787426,0.022262030942420005,0.08798384046742645,0.056531181884549364,0.00018904375610873103,1890437.5610873103
PL,PL,8,2511886431.5095806,3981071705.534973,3158511588.3754954,3130993524.824051,32,8.519850605215494,0.10504366522854312,5445,0.0334202527543506,0.016250814940585754,0.07318384327414004,0.04606580468294855,0.00018904375610873103,1890437.5610873103
PL,PL,9,3981071705.534973,6309573444.801932,4981626287.050904,4938204303.585264,32,8.519850605215494,0.10504366522854312,3936,0.02746262023583955,0.012174589741995695,0.0635156609620639,0.03899792566377989,0.00018904375610873103,1890437.5610873103
PL,PL,10,6309573444.801932,10000000000.0,7902538583.444523,7834179578.623254,32,8.519850605215494,0.10504366522854312,2789,0.02323051590942725,0.009750817171927847,0.057239429759668135,0.03399704988714089,0.00018904375610873103,1890437.5610873103
PL,PL,11,10000000000.0,15848931924.611141,12532249781.555092,12423834477.123014,32,8.519850605215494,0.10504366522854312,1842,0.020021621087337245,0.00787473821973849,0.047900999017667686,0.02905598635039188,0.00018904375610873103,1890437.5610873103
PL,PL,12,15848931924.611141,25118864315.095818,19844577987.009247,19669738983.6851,32,8.519850605215494,0.10504366522854312,1284,0.01836106538097783,0.006644240894225116,0.04543642621220185,0.026068220015813437,0.00018904375610873103,1890437.5610873103
PL,PL,13,25118864315.095818,39810717055.34974,31545556325.58503,31263355873.08882,32,8.519850605215494,0.10504366522854312,836,0.015942359220615196,0.006519307924448113,0.036780105803635124,0.022831465377828805,0.00018904375610873103,1890437.5610873103
PL,PL,14,39810717055.34974,63095734448.01936,49650949472.545494,49221733727.6121,32,8.519850605215494,0.10504366522854312,590,0.014545683590484523,0.005420987857366583,0.03205914383320624,0.01925586480799861,0.00018904375610873103,1890437.5610873103
PL,PL,15,63095734448.01936,100000000000.0,78415479480.0337,77746721135.07146,32,8.519850605215494,0.10504366522854312,356,0.011924758845206575,0.0044522517827861405,0.03197467732796778,0.01821370253849935,0.00018904375610873103,1890437.5610873103
PL,PL,16,100000000000.0,158489319246.11142,125163315697.22844,124107272809.20526,32,8.519850605215494,0.10504366522854312,268,0.012093285674439357,0.004648549902421045,0.02567279664320702,0.015501367217723116,0.00018904375610873103,1890437.5610873103
PL,PL,17,158489319246.11142,251188643150.9582,194939165673.81696,193421018747.4252,32,8.519850605215494,0.10504366522854312,153,0.010148577780845738,0.0032229160951746847,0.02702460952006279,0.015659329611873805,0.00018904375610873103,1890437.5610873103
PL,PL,18,251188643150.9582,398107170553.4973,310973209320.25116,308384612107.0544,32,8.519850605215494,0.10504366522854312,104,0.00807115815416272,0.003788597118692918,0.019724672909381673,0.011984366679978063,0.00018904375610873103,1890437.5610873103
PL,PL,19,398107170553.4973,630957344480.1936,504418347795.0836,500334095189.1246,32,8.519850605215494,0.10504366522854312,80,0.006189383058166879,0.0027140888220994553,0.013196558013869418,0.008871117327164538,0.00018904375610873103,1890437.5610873103
PL,PL,20,630957344480.1936,1000000000000.0,819532419860.5974,813799602531.173,32,8.519850605215494,0.10504366522854312,53,0.005253291529218808,0.0019481675083867105,0.013330032696661167,0.007244608191848189,0.00018904375610873103,1890437.5610873103
PL,PL,1,100000000.0,158489319.24611133,128715968.33505483,127581748.47580643,33,7.654409641104996,0.11554803175139741,5229,0.3598398991846732,0.2626321628287802,0.6346908448080767,0.4740177044434946,0.00018904375610873103,1890437.5610873103
PL,PL,2,158489319.24611133,251188643.15095794,204278697.73079056,202438059.58931363,33,7.654409641104996,0.11554803175139741,8459,0.22968258617258472,0.1684393549820931,0.3883145519575508,0.30090755491923743,0.00018904375610873103,1890437.5610873103
PL,PL,3,251188643.15095794,398107170.5534973,322754821.22098255,320034921.8428967,33,7.654409641104996,0.11554803175139741,11229,0.1538649781275982,0.11095370810230919,0.26032190499129093,0.19752769086329933,0.00018904375610873103,1890437.5610873103
PL,PL,4,398107170.5534973,630957344.4801933,506751362.982135,502241895.2440632,33,7.654409641104996,0.11554803175139741,12855,0.11017990099394599,0.07412566282496674,0.19838391808589748,0.14487928047605195,0.00018904375610873103,1890437.5610873103
PL,PL,5,630957344.4801933,999999999.9999999,799473360.1735206,792441271.8803179,33,7.654409641104996,0.11554803175139741,12312,0.0826824326926153,0.05072357950548263,0.1553562135416438,0.10804628707359516,0.00018904375610873103,1890437.5610873103
PL,PL,6,999999999.9999999,1584893192.461114,1260635152.3701236,1249667029.8712614,33,7.654409641104996,0.11554803175139741,10625,0.06402704739453942,0.034973746471432025,0.1310331917672347,0.08641574416010168,0.00018904375610873103,1890437.5610873103
PL,PL,7,1584893192.461114,2511886431.5095806,1989158786.039156,1972065958.0663245,33,7.654409641104996,0.11554803175139741,7935,0.052286170317233316,0.02572349971385762,0.11222436818588521,0.07051326525437403,0.00018904375610873103,1890437.5610873103
PL,PL,8,2511886431.5095806,3981071705.534973,3152299535.0014706,3124834875.6101136,33,7.654409641104996,0.11554803175139741,6099,0.04359074319257255,0.02002680572079308,0.09672702120974634,0.059999749524734684,0.00018904375610873103,1890437.5610873103
PL,PL,9,3981071705.534973,6309573444.801932,4976070199.788087,4932816501.437232,33,7.654409641104996,0.11554803175139741,4205,0.037960626150912176,0.016167470033154552,0.08809788466383464,0.052945534965072906,0.00018904375610873103,1890437.5610873103
PL,PL,10,6309573444.801932,10000000000.0,7889594619.90785,7821514372.397467,33,7.654409641104996,0.11554803175139741,2904,0.03341788798547711,0.014218325803544719,0.0789345020289859,0.04755024809391661,0.00018904375610873103,1890437.5610873103
PL,PL,11,10000000000.0,15848931924.611141,12529553263.857077,12419688371.236874,33,7.654409641104996,0.11554803175139741,1897,0.029572918273242918,0.011607468450465987,0.07049065045999887,0.0414775729965214,0.00018904375610873103,1890437.5610873103
PL,PL,12,15848931924.611141,25118864315.095818,19841653652.862877,19666857056.249744,33,7.654409641104996,0.11554803175139741,1293,0.027328494776390096,0.01006457435207263,0.06700128473502732,0.03775201955095321,0.00018904375610873103,1890437.5610873103
PL,PL,13,25118864315.095818,39810717055.34974,31548770950.18109,31267092430.13365,33,7.654409641104996,0.11554803175139741,835,0.023964383134726704,0.010459567340780258,0.05503780884742042,0.033589619969437136,0.00018904375610873103,1890437.5610873103
PL,PL,14,39810717055.34974,63095734448.01936,49668342203.23921,49239103393.23516,33,7.654409641104996,0.11554803175139741,594,0.021101909274531698,0.00826481195258179,0.046336023935472356,0.028372413910257795,0.00018904375610873103,1890437.5610873103
PL,PL,15,63095734448.01936,100000000000.0,78428420546.06769,77762028999.14874,33,7.654409641104996,0.11554803175139741,357,0.01827651957817353,0.00678703635316666,0.04582069727864531,0.02682386243240115,0.00018904375610873103,1890437.5610873103
PL,PL,16,100000000000.0,158489319246.11142,125269150035.65576,124211046720.36765,33,7.654409641104996,0.11554803175139741,270,0.01806653820034041,0.007345294697132559,0.038092120818283705,0.02351763778425197,0.00018904375610873103,1890437.5610873103
PL,PL,17,158489319246.11142,251188643150.9582,194591888748.16916,193082833608.10306,33,7.654409641104996,0.11554803175139741,151,0.01583750206106957,0.004901325702516458,0.03708993738657653,0.022410853643227854,0.00018904375610873103,1890437.5610873103
PL,PL,18,251188643150.9582,398107170553.4973,311137088012.2087,308567394216.2047,33,7.654409641104996,0.11554803175139741,105,0.01192427431268189,0.005529780289379506,0.03392142825299902,0.018496612303102084,0.00018904375610873103,1890437.5610873103
PL,PL,19,398107170553.4973,630957344480.1936,504418347795.0836,500334095189.1246,33,7.654409641104996,0.11554803175139741,80,0.00993056049358802,0.0050533097373733765,0.02202920951715935,0.013860489693873662,0.00018904375610873103,1890437.5610873103
PL,PL,20,630957344480.1936,1000000000000.0,820593049348.0089,814780657745.0758,33,7.654409641104996,0.11554803175139741,52,0.008307986214239197,0.003264436189621468,0.020542600200891745,0.012256667928262927,0.00018904375610873103,1890437.5610873103
PL,PL,1,100000000.0,158489319.24611133,128459291.01634094,127326205.61675222,34,6.867645128277267,0.1271028349265372,9066,0.3616103384719394,0.263790986723979,0.6320241585096621,0.4812746293115805,0.00018904375610873103,1890437.5610873103
PL,PL,2,158489319.24611133,251188643.15095794,203918221.3204936,202103356.7668351,34,6.867645128277267,0.1271028349265372,13998,0.23562025282543445,0.17107814331576657,0.4061564079292029,0.31080116292352844,0.00018904375610873103,1890437.5610873103
PL,PL,3,251188643.15095794,398107170.5534973,321486816.50615877,318733944.5448054,34,6.867645128277267,0.1271028349265372,17113,0.16507124176520982,0.11561638047165747,0.28289351731556495,0.21317271320001907,0.00018904375610873103,1890437.5610873103
PL,PL,4,398107170.5534973,630957344.4801933,505107253.331426,500597464.15054226,34,6.867645128277267,0.1271028349265372,17766,0.12266179176572245,0.07829490778560626,0.2256408542916098,0.16217143098676443,0.00018904375610873103,1890437.5610873103
PL,PL,5,630957344.4801933,999999999.9999999,797405783.513101,790364347.4319806,34,6.867645128277267,0.1271028349265372,15594,0.09676169675429347,0.05520848272212016,0.18645214715559863,0.12630842262523406,0.00018904375610873103,1890437.5610873103
PL,PL,6,999999999.9999999,1584893192.461114,1257955120.397211,1246970130.4942954,34,6.867645128277267,0.1271028349265372,12471,0.07852823516833017,0.03989065850313734,0.16138879182289775,0.10487038334245113,0.00018904375610873103,1890437.5610873103
PL,PL,7,1584893192.461114,2511886431.5095806,1986396648.4550729,1969379407.063365,34,6.867645128277267,0.1271028349265372,8870,0.06704631119494084,0.03082831975061485,0.1419098390698202,0.08924061348143843,0.00018904375610873103,1890437.5610873103
PL,PL,8,2511886431.5095806,3981071705.534973,3149106729.785523,3121619801.3699694,34,6.867645128277267,0.1271028349265372,6467,0.05953978819520115,0.025699661704300852,0.12776693355323993,0.07965561602862761,0.00018904375610873103,1890437.5610873103
PL,PL,9,3981071705.534973,6309573444.801932,4970043043.436579,4926850488.568294,34,6.867645128277267,0.1271028349265372,4364,0.053199987107896585,0.02204376937177201,0.11831325039627304,0.0712290660809429,0.00018904375610873103,1890437.5610873103
PL,PL,10,6309573444.801932,10000000000.0,7889013315.571455,7820862941.75162,34,6.867645128277267,0.1271028349265372,2937,0.0477971251258454,0.020366565124190116,0.10853846379094712,0.06518042590734292,0.00018904375610873103,1890437.5610873103
PL,PL,11,10000000000.0,15848931924.611141,12521103874.901587,12411536074.375893,34,6.867645128277267,0.1271028349265372,1915,0.04308747975034492,0.01715469739555826,0.09909967507619981,0.058057322799214515,0.00018904375610873103,1890437.5610873103
PL,PL,12,15848931924.611141,25118864315.095818,19832864935.305984,19658316711.8637,34,6.867645128277267,0.1271028349265372,1302,0.03941565069431167,0.015733710003690535,0.08957788051398625,0.052532384713614946,0.00018904375610873103,1890437.5610873103
PL,PL,13,25118864315.095818,39810717055.34974,31533129162.07665,31250725411.51039,34,6.867645128277267,0.1271028349265372,837,0.03431128123701398,0.015119317382356718,0.07878238266852382,0.047169905575480425,0.00018904375610873103,1890437.5610873103
PL,PL,14,39810717055.34974,63095734448.01936,49628820976.77119,49200712994.469284,34,6.867645128277267,0.1271028349265372,594,0.0302766805632363,0.012824324863787094,0.06889447690526158,0.040634924163990865,0.00018904375610873103,1890437.5610873103
PL,PL,15,63095734448.01936,100000000000.0,78360383375.96288,77700422882.77612,34,6.867645128277267,0.1271028349265372,355,0.028324828943970343,0.010549464939961931,0.06429599224563173,0.03799694824768542,0.00018904375610873103,1890437.5610873103
PL,PL,16,100000000000.0,158489319246.11142,125391256107.44084,124340208271.36829,34,6.867645128277267,0.1271028349265372,269,0.025577152024080046,0.01141209141959414,0.05452421655938502,0.03406214048502537,0.00018904375610873103,1890437.5610873103
PL,PL,17,158489319246.11142,251188643150.9582,195195179903.52005,193670604811.3214,34,6.867645128277267,0.1271028349265372,151,0.023765336280696783,0.008538199571584115,0.052585403257091316,0.033552659625247096,0.00018904375610873103,1890437.5610873103
PL,PL,18,251188643150.9582,398107170553.4973,311147905569.3055,308577547889.068,34,6.867645128277267,0.1271028349265372,105,0.020586381413719934,0.008480059470856796,0.05129369836153119,0.028276312043066916,0.00018904375610873103,1890437.5610873103
PL,PL,19,398107170553.4973,630957344480.1936,504953855459.66284,500870608916.92255,34,6.867645128277267,0.1271028349265372,78,0.015232695961482636,0.006945636265868739,0.03701249641265754,0.02193378723980955,0.00018904375610873103,1890437.5610873103
PL,PL,20,630957344480.1936,1000000000000.0,820118599610.5006,814349729288.7981,34,6.867645128277267,0.1271028349265372,51,0.011323558841007228,0.0050760214056537415,0.028536162108407245,0.018190107306984598,0.00018904375610873103,1890437.5610873103
PL,PL,1,100000000.0,158489319.24611133,128258600.09373592,127140532.9232856,35,6.152404662070242,0.13981311841919092,14651,0.3644182665741915,0.2682720294341521,0.6256221608556155,0.48567302371843474,0.00018904375610873103,1890437.5610873103
PL,PL,2,158489319.24611133,251188643.15095794,203247654.05910373,201436922.28361169,35,6.152404662070242,0.13981311841919092,21122,0.24589158086670018,0.1777100658505638,0.42589345047528687,0.32569385921117466,0.00018904375610873103,1890437.5610873103
PL,PL,3,251188643.15095794,398107170.5534973,320349303.6139035,317596963.99277234,35,6.152404662070242,0.13981311841919092,23758,0.17977178452171694,0.12019210110001245,0.31252042018435205,0.2324873392166094,0.00018904375610873103,1890437.5610873103
PL,PL,4,398107170.5534973,630957344.4801933,503579110.7636298,499090975.0281588,35,6.152404662070242,0.13981311841919092,22411,0.14015764409493167,0.08404952390589361,0.2606054785061621,0.1846622560094543,0.00018904375610873103,1890437.5610873103
PL,PL,5,630957344.4801933,999999999.9999999,795188087.8816673,788189623.3662928,35,6.152404662070242,0.13981311841919092,18211,0.11623795635747851,0.061442920277494636,0.22439657643672423,0.15044162893018947,0.00018904375610873103,1890437.5610873103
PL,PL,6,999999999.9999999,1584893192.461114,1255612588.325459,1244667239.0003479,35,6.152404662070242,0.13981311841919092,13801,0.0982653265850453,0.0471628382197631,0.20142130218863197,0.12952296584885784,0.00018904375610873103,1890437.5610873103
PL,PL,7,1584893192.461114,2511886431.5095806,1983018842.6131492,1966009971.0998936,35,6.152404662070242,0.13981311841919092,9400,0.08662271022017029,0.039417257801191465,0.18309559105282452,0.11345879741058916,0.00018904375610873103,1890437.5610873103
PL,PL,8,2511886431.5095806,3981071705.534973,3145744518.450557,3118361300.0918717,35,6.152404662070242,0.13981311841919092,6680,0.07994581777704018,0.03444492651629153,0.16463867276867342,0.10406938376534103,0.00018904375610873103,1890437.5610873103
PL,PL,9,3981071705.534973,6309573444.801932,4966689411.697651,4923511872.261606,35,6.152404662070242,0.13981311841919092,4436,0.07311672726460272,0.03083379256670779,0.15611264454575943,0.09554314376071578,0.00018904375610873103,1890437.5610873103
PL,PL,10,6309573444.801932,10000000000.0,7883770450.545028,7815612047.54274,35,6.152404662070242,0.13981311841919092,2969,0.06687644374460923,0.029460191840153357,0.14209322659792573,0.08762666292748104,0.00018904375610873103,1890437.5610873103
PL,PL,11,10000000000.0,15848931924.611141,12518093345.891853,12408346839.360931,35,6.152404662070242,0.13981311841919092,1917,0.06007299163583215,0.024860535539969468,0.1285814503090994,0.07812170983378731,0.00018904375610873103,1890437.5610873103
PL,PL,12,15848931924.611141,25118864315.095818,19831799044.822334,19656964734.882004,35,6.152404662070242,0.13981311841919092,1305,0.055822900213220006,0.023488866430763457,0.11992514620748539,0.07194527838473186,0.00018904375610873103,1890437.5610873103
PL,PL,13,25118864315.095818,39810717055.34974,31529670051.43319,31247629178.589756,35,6.152404662070242,0.13981311841919092,841,0.05080419807042602,0.021691608441202256,0.10784077834317786,0.06536995239074886,0.00018904375610873103,1890437.5610873103
PL,PL,14,39810717055.34974,63095734448.01936,49605451661.42796,49178557630.2748,35,6.152404662070242,0.13981311841919092,593,0.04435506794257234,0.018177669805247793,0.0962953753137117,0.05636818904683951,0.00018904375610873103,1890437.5610873103
PL,PL,15,63095734448.01936,100000000000.0,78375798775.65392,77705749531.0552,35,6.152404662070242,0.13981311841919092,355,0.04019225039553758,0.017279434835101724,0.09209816968879195,0.05364735620605955,0.00018904375610873103,1890437.5610873103
PL,PL,16,100000000000.0,158489319246.11142,125375108128.02408,124323051278.15633,35,6.152404662070242,0.13981311841919092,269,0.037999684181780534,0.017241488617587387,0.0748486239099728,0.04706782870500332,0.00018904375610873103,1890437.5610873103
PL,PL,17,158489319246.11142,251188643150.9582,194762511527.73593,193246936244.48282,35,6.152404662070242,0.13981311841919092,152,0.03789081480847044,0.013465263457703137,0.07643334139403396,0.04709026547548476,0.00018904375610873103,1890437.5610873103
PL,PL,18,251188643150.9582,398107170553.4973,311308590158.046,308756896626.35986,35,6.152404662070242,0.13981311841919092,106,0.031513430688328306,0.013113008113664854,0.07522559935294049,0.04095946551376301,0.00018904375610873103,1890437.5610873103
PL,PL,19,398107170553.4973,630957344480.1936,505196247463.05896,501106008518.77924,35,6.152404662070242,0.13981311841919092,79,0.023968726877256583,0.010423623742033983,0.05385830331303184,0.03088230564622331,0.00018904375610873103,1890437.5610873103
PL,PL,20,630957344480.1936,1000000000000.0,819532419860.5974,813799602531.173,35,6.152404662070242,0.13981311841919092,53,0.019712250057271025,0.008378023273190156,0.0510447557172444,0.027413136308509837,0.00018904375610873103,1890437.5610873103
PL,PL,1,100000000.0,158489319.24611133,127972026.21747689,126849504.63384902,36,5.502186056427491,0.15379443026111006,22166,0.3718346907780413,0.27305756380214513,0.6379230787501081,0.4950958777654775,0.00018904375610873103,1890437.5610873103
PL,PL,2,158489319.24611133,251188643.15095794,202461545.93044138,200659249.02333736,36,5.502186056427491,0.15379443026111006,29570,0.2598309142116959,0.18330621746987102,0.4522511695189248,0.34396796728148626,0.00018904375610873103,1890437.5610873103
PL,PL,3,251188643.15095794,398107170.5534973,319187536.17985594,316437847.7817346,36,5.502186056427491,0.15379443026111006,30099,0.19931098919951482,0.12760695658493001,0.3498775744040079,0.25734865417889485,0.00018904375610873103,1890437.5610873103
PL,PL,4,398107170.5534973,630957344.4801933,502585363.71679807,498112575.8216831,36,5.502186056427491,0.15379443026111006,26346,0.1618611640909187,0.09223983719863722,0.3021637996442629,0.2108342357722943,0.00018904375610873103,1890437.5610873103
PL,PL,5,630957344.4801933,999999999.9999999,793672878.8233323,786686654.5724449,36,5.502186056427491,0.15379443026111006,20170,0.14064636528151603,0.0712521528636179,0.2675317277136495,0.18006603280896247,0.00018904375610873103,1890437.5610873103
PL,PL,6,999999999.9999999,1584893192.461114,1254525789.1996562,1243563001.1396563,36,5.502186056427491,0.15379443026111006,14619,0.12344510184648042,0.05791792095620045,0.2460475606477097,0.15974713587795214,0.00018904375610873103,1890437.5610873103
PL,PL,7,1584893192.461114,2511886431.5095806,1981791699.0572362,1964791304.740969,36,5.502186056427491,0.15379443026111006,9659,0.11339375220832708,0.051987669911852774,0.22690895570935674,0.14417706959179216,0.00018904375610873103,1890437.5610873103
PL,PL,8,2511886431.5095806,3981071705.534973,3144719277.794273,3117298444.1000023,36,5.502186056427491,0.15379443026111006,6763,0.1060929772403059,0.04654024269984788,0.21199052127671655,0.13414675614056695,0.00018904375610873103,1890437.5610873103
PL,PL,9,3981071705.534973,6309573444.801932,4967357460.270122,4924246920.238284,36,5.502186056427491,0.15379443026111006,4466,0.09831797292980338,0.04265635727542696,0.19880608473302017,0.12373787784527197,0.00018904375610873103,1890437.5610873103
PL,PL,10,6309573444.801932,10000000000.0,7884709355.090019,7816528756.306781,36,5.502186056427491,0.15379443026111006,2975,0.09082108338590696,0.040307315448054486,0.18169595855764856,0.11423646205840858,0.00018904375610873103,1890437.5610873103
PL,PL,11,10000000000.0,15848931924.611141,12521325150.240328,12411751222.381355,36,5.502186056427491,0.15379443026111006,1924,0.08171099098835052,0.03588144611048484,0.1681180147834893,0.10344071122485148,0.00018904375610873103,1890437.5610873103
PL,PL,12,15848931924.611141,25118864315.095818,19833932622.18027,19659899886.604027,36,5.502186056427491,0.15379443026111006,1299,0.0783197439205122,0.033558456033494846,0.15946827455583903,0.09702683143086042,0.00018904375610873103,1890437.5610873103
PL,PL,13,25118864315.095818,39810717055.34974,31540153440.346867,31259624030.639835,36,5.502186056427491,0.15379443026111006,839,0.06893401340375656,0.030426460857679163,0.13822354058577307,0.08632916684053282,0.00018904375610873103,1890437.5610873103
PL,PL,14,39810717055.34974,63095734448.01936,49635659208.87864,49206382127.74954,36,5.502186056427491,0.15379443026111006,589,0.06035794509811881,0.02653217239096619,0.12359125661091505,0.07602017637089428,0.00018904375610873103,1890437.5610873103
PL,PL,15,63095734448.01936,100000000000.0,78440937269.1883,77770214088.80164,36,5.502186056427491,0.15379443026111006,357,0.05574596222354568,0.024198969933669462,0.117779050027863,0.07220308358374768,0.00018904375610873103,1890437.5610873103
PL,PL,16,100000000000.0,158489319246.11142,125260975159.1522,124206756339.73474,36,5.502186056427491,0.15379443026111006,271,0.05567086073523521,0.02464645108417399,0.09963983180452686,0.06432329478756209,0.00018904375610873103,1890437.5610873103
PL,PL,17,158489319246.11142,251188643150.9582,194939165673.81696,193421018747.4252,36,5.502186056427491,0.15379443026111006,153,0.0533626507078509,0.021507414684896288,0.10538811743617134,0.06535334051179094,0.00018904375610873103,1890437.5610873103
PL,PL,18,251188643150.9582,398107170553.4973,311308590158.046,308756896626.35986,36,5.502186056427491,0.15379443026111006,106,0.041956459060568815,0.01897855557506026,0.10499040213245694,0.05680423744347527,0.00018904375610873103,1890437.5610873103
PL,PL,19,398107170553.4973,630957344480.1936,504418347795.0836,500334095189.1246,36,5.502186056427491,0.15379443026111006,80,0.03656073650140872,0.017824838671215492,0.07292607137523639,0.044337125223522,0.00018904375610873103,1890437.5610873103
PL,PL,20,630957344480.1936,1000000000000.0,819532419860.5974,813799602531.173,36,5.502186056427491,0.15379443026111006,53,0.02454262451548849,0.012869851572574077,0.06641139024657342,0.03654264825864553,0.00018904375610873103,1890437.5610873103
PL,PL,1,100000000.0,158489319.24611133,127702415.3353953,126587896.20426601,37,4.9110782331159015,0.16917387328722105,31478,0.382789908212728,0.2789422199497468,0.6527294478741589,0.5048284314846981,0.00018904375610873103,1890437.5610873103
PL,PL,2,158489319.24611133,251188643.15095794,201675309.48879394,199872730.81752488,37,4.9110782331159015,0.16917387328722105,38358,0.27977519150269065,0.19206446530029736,0.48346843666068195,0.36824022039572124,0.00018904375610873103,1890437.5610873103
PL,PL,3,251188643.15095794,398107170.5534973,318132017.41369027,315378302.0646084,37,4.9110782331159015,0.16917387328722105,35871,0.22300670649008694,0.13673989024519442,0.39422863970143013,0.2862602347981521,0.00018904375610873103,1890437.5610873103
PL,PL,4,398107170.5534973,630957344.4801933,501436279.3346251,496975681.5163616,37,4.9110782331159015,0.16917387328722105,29436,0.19033851619312359,0.10327711126419563,0.3492598615769097,0.2447650755664581,0.00018904375610873103,1890437.5610873103
PL,PL,5,630957344.4801933,999999999.9999999,792580142.7990305,785612675.1599394,37,4.9110782331159015,0.16917387328722105,21427,0.17019901552379174,0.08435623055759996,0.3192686340992259,0.21514246607402215,0.00018904375610873103,1890437.5610873103
PL,PL,6,999999999.9999999,1584893192.461114,1253017850.7450955,1242084046.6027768,37,4.9110782331159015,0.16917387328722105,15119,0.15508401833405555,0.07212750544535954,0.29607586541429887,0.19594869393911252,0.00018904375610873103,1890437.5610873103
PL,PL,7,1584893192.461114,2511886431.5095806,1980821528.7386985,1963808690.14623,37,4.9110782331159015,0.16917387328722105,9809,0.14485280271831685,0.06807511137697303,0.28001341899431353,0.17975224234455034,0.00018904375610873103,1890437.5610873103
PL,PL,8,2511886431.5095806,3981071705.534973,3144328470.3890114,3116900851.5196114,37,4.9110782331159015,0.16917387328722105,6793,0.1378326042319995,0.06313020327533475,0.26478944267707544,0.16961775289155231,0.00018904375610873103,1890437.5610873103
PL,PL,9,3981071705.534973,6309573444.801932,4965627841.52602,4922589291.572949,37,4.9110782331159015,0.16917387328722105,4470,0.1288260894548116,0.05751709271058551,0.25012360849013077,0.15746090228582507,0.00018904375610873103,1890437.5610873103
PL,PL,10,6309573444.801932,10000000000.0,7882130497.392072,7813967344.995517,37,4.9110782331159015,0.16917387328722105,2981,0.11775647927595892,0.055561928867265055,0.23074624439230967,0.14546406737872505,0.00018904375610873103,1890437.5610873103
PL,PL,11,10000000000.0,15848931924.611141,12521331324.319324,12411667378.226816,37,4.9110782331159015,0.16917387328722105,1927,0.10808284433433157,0.04880663320281994,0.21427214730679472,0.1337975170972139,0.00018904375610873103,1890437.5610873103
PL,PL,12,15848931924.611141,25118864315.095818,19830150792.249004,19655092675.6015,37,4.9110782331159015,0.16917387328722105,1304,0.10460386492361706,0.0462683513599337,0.20622551797508307,0.1256684377289117,0.00018904375610873103,1890437.5610873103
PL,PL,13,25118864315.095818,39810717055.34974,31516844650.72377,31236000182.908203,37,4.9110782331159015,0.16917387328722105,839,0.0905069376456654,0.04185062704842509,0.17675511411112024,0.1135699316904213,0.00018904375610873103,1890437.5610873103
PL,PL,14,39810717055.34974,63095734448.01936,49673103933.315765,49243602472.00287,37,4.9110782331159015,0.16917387328722105,595,0.08321324072744428,0.03541693187499462,0.1638273759601676,0.09948076572041158,0.00018904375610873103,1890437.5610873103
PL,PL,15,63095734448.01936,100000000000.0,78415639523.957,77744784033.4301,37,4.9110782331159015,0.16917387328722105,356,0.07866247037761483,0.03622863029044674,0.1624960300356817,0.09736088200529518,0.00018904375610873103,1890437.5610873103
PL,PL,16,100000000000.0,158489319246.11142,125260975159.1522,124206756339.73474,37,4.9110782331159015,0.16917387328722105,271,0.07406737353919851,0.033968793376918126,0.1357530107906834,0.08691504118310907,0.00018904375610873103,1890437.5610873103
PL,PL,17,158489319246.11142,251188643150.9582,194939165673.81696,193421018747.4252,37,4.9110782331159015,0.16917387328722105,153,0.07069969900750125,0.030928923142176035,0.141962235611658,0.08467634552833073,0.00018904375610873103,1890437.5610873103
PL,PL,18,251188643150.9582,398107170553.4973,310799387872.6601,308267020772.42065,37,4.9110782331159015,0.16917387328722105,105,0.061931345899166115,0.02661846370601225,0.1304465043970362,0.07594522834545162,0.00018904375610873103,1890437.5610873103
PL,PL,19,398107170553.4973,630957344480.1936,505196247463.05896,501106008518.77924,37,4.9110782331159015,0.16917387328722105,79,0.05104968147635742,0.025465577421548563,0.09777391935263445,0.061751407680352484,0.00018904375610873103,1890437.5610873103
PL,PL,20,630957344480.1936,1000000000000.0,819532419860.5974,813799602531.173,37,4.9110782331159015,0.16917387328722105,53,0.03833592728419435,0.01988922262236582,0.0832560077179551,0.04936148875108906,0.00018904375610873103,1890437.5610873103
PL,PL,1,100000000.0,158489319.24611133,127267962.89077069,126157497.48367107,38,4.373707484650818,0.18609126061594322,42110,0.39729090289513735,0.28653568462797613,0.67052816738983,0.5197464209794475,0.00018904375610873103,1890437.5610873103
PL,PL,2,158489319.24611133,251188643.15095794,201006336.92901304,199205758.23000532,38,4.373707484650818,0.18609126061594322,46902,0.3038734520928527,0.20102583533751156,0.5209610939066555,0.394184515116052,0.00018904375610873103,1890437.5610873103
PL,PL,3,251188643.15095794,398107170.5534973,317247652.5263591,314498254.5208159,38,4.373707484650818,0.18609126061594322,40786,0.25160123111797655,0.1483516432701528,0.44084974436369806,0.3195533393013194,0.00018904375610873103,1890437.5610873103
PL,PL,4,398107170.5534973,630957344.4801933,500469371.1978642,496025000.8673944,38,4.373707484650818,0.18609126061594322,31594,0.22418168492840396,0.11794107862625398,0.401491580041534,0.2824985170029176,0.00018904375610873103,1890437.5610873103
PL,PL,5,630957344.4801933,999999999.9999999,791770195.8951422,784809060.8385088,38,4.373707484650818,0.18609126061594322,22224,0.2079847124246808,0.1027329585422741,0.37579310934854704,0.2562554585800121,0.00018904375610873103,1890437.5610873103
PL,PL,6,999999999.9999999,1584893192.461114,1252291332.7896905,1241354664.7939727,38,4.373707484650818,0.18609126061594322,15363,0.19408673593037068,0.09281981083791711,0.3516354631804483,0.23743018337297636,0.00018904375610873103,1890437.5610873103
PL,PL,7,1584893192.461114,2511886431.5095806,1980698596.6847827,1963671724.3203208,38,4.373707484650818,0.18609126061594322,9857,0.18189119917749663,0.08898297062324238,0.3313440461857754,0.2195132253631649,0.00018904375610873103,1890437.5610873103
PL,PL,8,2511886431.5095806,3981071705.534973,3144265030.7199244,3116867940.58863,38,4.373707484650818,0.18609126061594322,6794,0.17522854197327598,0.08443110172088335,0.31773636674623895,0.21063336842957453,0.00018904375610873103,1890437.5610873103
PL,PL,9,3981071705.534973,6309573444.801932,4966009956.597716,4922971064.382144,38,4.373707484650818,0.18609126061594322,4471,0.16620657291317464,0.07780060364142387,0.30428226876681846,0.19704592757102413,0.00018904375610873103,1890437.5610873103
PL,PL,10,6309573444.801932,10000000000.0,7882224966.913531,7814076181.864467,38,4.373707484650818,0.18609126061594322,2987,0.15158000650415548,0.07388722459812892,0.28487915527002,0.18500289682038865,0.00018904375610873103,1890437.5610873103
PL,PL,11,10000000000.0,15848931924.611141,12521163433.59186,12411892256.69306,38,4.373707484650818,0.18609126061594322,1927,0.14216275053710198,0.06714582793249954,0.26562484227715416,0.16814814328289368,0.00018904375610873103,1890437.5610873103
PL,PL,12,15848931924.611141,25118864315.095818,19830398496.09647,19656384319.09882,38,4.373707484650818,0.18609126061594322,1302,0.13417444593912942,0.061989917911067685,0.25536708117640833,0.15778947094835574,0.00018904375610873103,1890437.5610873103
PL,PL,13,25118864315.095818,39810717055.34974,31539563954.350624,31257656579.186638,38,4.373707484650818,0.18609126061594322,836,0.11584558807787712,0.055667662917326485,0.22711030064169208,0.14339164860191972,0.00018904375610873103,1890437.5610873103
PL,PL,14,39810717055.34974,63095734448.01936,49660952330.78218,49231289843.62798,38,4.373707484650818,0.18609126061594322,596,0.1089937348287031,0.049995932356341866,0.20842620113494917,0.1302925945187519,0.00018904375610873103,1890437.5610873103
PL,PL,15,63095734448.01936,100000000000.0,78355031784.15536,77685418474.36194,38,4.373707484650818,0.18609126061594322,353,0.10124576316203444,0.049007764456490605,0.20916806448741035,0.12582993594126754,0.00018904375610873103,1890437.5610873103
PL,PL,16,100000000000.0,158489319246.11142,125217077056.1307,124161286032.9152,38,4.373707484650818,0.18609126061594322,270,0.09719764565031938,0.04479277934897471,0.18087276349231307,0.11365187428572293,0.00018904375610873103,1890437.5610873103
PL,PL,17,158489319246.11142,251188643150.9582,195146292167.8712,193635333090.68976,38,4.373707484650818,0.18609126061594322,152,0.0944786992445179,0.04065207118888241,0.1726831812171384,0.11128651362287856,0.00018904375610873103,1890437.5610873103
PL,PL,18,251188643150.9582,398107170553.4973,311308590158.046,308756896626.35986,38,4.373707484650818,0.18609126061594322,106,0.08405880080387276,0.03941731806184927,0.16055060498229204,0.09792145124346048,0.00018904375610873103,1890437.5610873103
PL,PL,19,398107170553.4973,630957344480.1936,503552314072.8817,499477790232.8284,38,4.373707484650818,0.18609126061594322,79,0.07081356374455401,0.03399781218620051,0.12828406885905375,0.08150621069555211,0.00018904375610873103,1890437.5610873103
PL,PL,20,630957344480.1936,1000000000000.0,820655785850.9084,814847676777.8916,38,4.373707484650818,0.18609126061594322,52,0.048067166958296735,0.027894131244846354,0.10670372591258731,0.06680214507365902,0.00018904375610873103,1890437.5610873103
PL,PL,1,100000000.0,158489319.24611133,126836809.52852283,125723112.3781521,39,3.885188622409834,0.20470038667753754,53217,0.4152038935258379,0.2964695505825328,0.694780362264644,0.5367815505506134,0.00018904375610873103,1890437.5610873103
PL,PL,2,158489319.24611133,251188643.15095794,200275783.40726027,198478073.03671515,39,3.885188622409834,0.20470038667753754,54562,0.33256958110424156,0.21361276918331576,0.5663145417150063,0.42423687771703783,0.00018904375610873103,1890437.5610873103
PL,PL,3,251188643.15095794,398107170.5534973,316771026.20217085,314021501.6947584,39,3.885188622409834,0.20470038667753754,44441,0.28820829849864904,0.1644474586793657,0.49654017682757556,0.36009155973928686,0.00018904375610873103,1890437.5610873103
PL,PL,4,398107170.5534973,630957344.4801933,499991961.02518505,495551629.1999444,39,3.885188622409834,0.20470038667753754,32957,0.2634495308780422,0.13825715601232424,0.4593778811292752,0.3257673911796845,0.00018904375610873103,1890437.5610873103
PL,PL,5,630957344.4801933,999999999.9999999,791234337.0458617,784278473.5869285,39,3.885188622409834,0.20470038667753754,22636,0.2506581832792579,0.12749557789957394,0.43371776354866826,0.3026116089867106,0.00018904375610873103,1890437.5610873103
PL,PL,6,999999999.9999999,1584893192.461114,1251898224.3108718,1240964154.7742646,39,3.885188622409834,0.20470038667753754,15492,0.2363324671896746,0.11742153240243627,0.41065229092348,0.2842395071702835,0.00018904375610873103,1890437.5610873103
PL,PL,7,1584893192.461114,2511886431.5095806,1980496334.433009,1963488555.7894027,39,3.885188622409834,0.20470038667753754,9879,0.2260436546051806,0.11436035865638525,0.389121508748291,0.2663087878471653,0.00018904375610873103,1890437.5610873103
PL,PL,8,2511886431.5095806,3981071705.534973,3143625852.6467466,3116240629.2757854,39,3.885188622409834,0.20470038667753754,6809,0.21723120082737168,0.10999539441131721,0.37481192945051733,0.2559497581991434,0.00018904375610873103,1890437.5610873103
PL,PL,9,3981071705.534973,6309573444.801932,4966524889.625079,4923434219.139821,39,3.885188622409834,0.20470038667753754,4473,0.20833555760641184,0.10207008231249509,0.36244103596647087,0.23894258272604801,0.00018904375610873103,1890437.5610873103
PL,PL,10,6309573444.801932,10000000000.0,7879980567.591433,7811803989.204757,39,3.885188622409834,0.20470038667753754,2977,0.1914454137652498,0.09418868524281937,0.34111756511360264,0.2277857455341537,0.00018904375610873103,1890437.5610873103
PL,PL,11,10000000000.0,15848931924.611141,12520300461.914095,12410511823.287989,39,3.885188622409834,0.20470038667753754,1923,0.17941728790600142,0.0880199176277504,0.3162448665639352,0.20774336267848642,0.00018904375610873103,1890437.5610873103
PL,PL,12,15848931924.611141,25118864315.095818,19838434558.634212,19663512984.1665,39,3.885188622409834,0.20470038667753754,1304,0.17478120027416516,0.086491820467878,0.3040954601732175,0.19737670847110841,0.00018904375610873103,1890437.5610873103
PL,PL,13,25118864315.095818,39810717055.34974,31515899411.00499,31235196439.574,39,3.885188622409834,0.20470038667753754,836,0.1558410228462138,0.0735357044870819,0.2783163283718621,0.17769981790863143,0.00018904375610873103,1890437.5610873103
PL,PL,14,39810717055.34974,63095734448.01936,49629167379.055084,49202780581.65186,39,3.885188622409834,0.20470038667753754,593,0.14247320955364617,0.06682677224751951,0.25553976674812034,0.1641627459460469,0.00018904375610873103,1890437.5610873103
PL,PL,15,63095734448.01936,100000000000.0,78463538868.27626,77791407036.68523,39,3.885188622409834,0.20470038667753754,357,0.13837833402606564,0.07025817076626947,0.26103066332197106,0.16126047615548095,0.00018904375610873103,1890437.5610873103
PL,PL,16,100000000000.0,158489319246.11142,125341752337.88327,124290899563.09285,39,3.885188622409834,0.20470038667753754,270,0.1290029601277643,0.06924755343140354,0.21645602944337658,0.14737827713909316,0.00018904375610873103,1890437.5610873103
PL,PL,17,158489319246.11142,251188643150.9582,194709187926.7213,193201309400.00217,39,3.885188622409834,0.20470038667753754,152,0.127903911840116,0.054500803238627986,0.22864856899449823,0.14479081559272408,0.00018904375610873103,1890437.5610873103
PL,PL,18,251188643150.9582,398107170553.4973,311566484926.94684,309000386305.7478,39,3.885188622409834,0.20470038667753754,105,0.104509368245294,0.05619557302289373,0.20706362727777208,0.12755776325322635,0.00018904375610873103,1890437.5610873103
PL,PL,19,398107170553.4973,630957344480.1936,504418347795.0836,500334095189.1246,39,3.885188622409834,0.20470038667753754,80,0.09214404377527771,0.05442373448230941,0.1777455359791446,0.11180181871582817,0.00018904375610873103,1890437.5610873103
PL,PL,20,630957344480.1936,1000000000000.0,819532419860.5974,813799602531.173,39,3.885188622409834,0.20470038667753754,53,0.07286351777209683,0.04474424450896147,0.1328230698399747,0.0891532762834258,0.00018904375610873103,1890437.5610873103
PL,PL,1,100000000.0,158489319.24611133,126432856.60772847,125320968.81900513,40,3.4410805658271224,0.22517042534529128,64093,0.4405234682568255,0.3081183421771171,0.7253528500017619,0.5599861575246576,0.00018904375610873103,1890437.5610873103
PL,PL,2,158489319.24611133,251188643.15095794,199707695.24132532,197915594.39073035,40,3.4410805658271224,0.22517042534529128,60778,0.367505165181908,0.22920564534832963,0.6125020116721172,0.45910069789941566,0.00018904375610873103,1890437.5610873103
PL,PL,3,251188643.15095794,398107170.5534973,316218963.9300825,313470650.5056049,40,3.4410805658271224,0.22517042534529128,47056,0.33001277987461525,0.18433668033173226,0.553732980015383,0.40390986664421624,0.00018904375610873103,1890437.5610873103
PL,PL,4,398107170.5534973,630957344.4801933,499443367.4231779,494997058.477952,40,3.4410805658271224,0.22517042534529128,33757,0.30897082260226455,0.16324340688312153,0.5176547927532726,0.37380534477385735,0.00018904375610873103,1890437.5610873103
PL,PL,5,630957344.4801933,999999999.9999999,790864449.1277941,783918032.5575005,40,3.4410805658271224,0.22517042534529128,22862,0.2979924758503543,0.15543277702658662,0.4964380401882018,0.35166645910458594,0.00018904375610873103,1890437.5610873103
PL,PL,6,999999999.9999999,1584893192.461114,1251696069.5159237,1240746014.6227417,40,3.4410805658271224,0.22517042534529128,15565,0.2852716866083108,0.14664108659405578,0.4690066306767917,0.3357737281612106,0.00018904375610873103,1890437.5610873103
PL,PL,7,1584893192.461114,2511886431.5095806,1980215383.5021951,1963229908.787233,40,3.4410805658271224,0.22517042534529128,9883,0.2738720898558435,0.14248614086389713,0.448988328578682,0.3141920825922786,0.00018904375610873103,1890437.5610873103
PL,PL,8,2511886431.5095806,3981071705.534973,3143532627.00959,3116149268.4910975,40,3.4410805658271224,0.22517042534529128,6807,0.2625823929088569,0.13868540802995136,0.43420711007453633,0.3052928523156066,0.00018904375610873103,1890437.5610873103
PL,PL,9,3981071705.534973,6309573444.801932,4966184758.292938,4923167639.132357,40,3.4410805658271224,0.22517042534529128,4471,0.25177017405541674,0.13071866670518514,0.42053791124065765,0.286667391388316,0.00018904375610873103,1890437.5610873103
PL,PL,10,6309573444.801932,10000000000.0,7883420603.234155,7815228483.689755,40,3.4410805658271224,0.22517042534529128,2982,0.2332963357711355,0.12164651489488351,0.40680751298505313,0.27279851318117354,0.00018904375610873103,1890437.5610873103
PL,PL,11,10000000000.0,15848931924.611141,12521757813.783083,12411994085.992414,40,3.4410805658271224,0.22517042534529128,1926,0.221461363596259,0.10985785422322421,0.3738541334920253,0.250704291074709,0.00018904375610873103,1890437.5610873103
PL,PL,12,15848931924.611141,25118864315.095818,19838289912.210876,19663259043.102947,40,3.4410805658271224,0.22517042534529128,1304,0.21696912609500113,0.11318678427539434,0.3581247751340231,0.23944445987067714,0.00018904375610873103,1890437.5610873103
PL,PL,13,25118864315.095818,39810717055.34974,31533739650.299583,31252566255.519802,40,3.4410805658271224,0.22517042534529128,837,0.19229549601991827,0.09653831936297766,0.3381965886940128,0.22068787282031638,0.00018904375610873103,1890437.5610873103
PL,PL,14,39810717055.34974,63095734448.01936,49640447502.820915,49212900279.82451,40,3.4410805658271224,0.22517042534529128,596,0.18060216604472296,0.08670148041288386,0.31719876257211216,0.2019218159382811,0.00018904375610873103,1890437.5610873103
PL,PL,15,63095734448.01936,100000000000.0,78369417801.03973,77703551477.6105,40,3.4410805658271224,0.22517042534529128,358,0.17489299916657836,0.08499171258185635,0.3135411845108051,0.19598807864484072,0.00018904375610873103,1890437.5610873103
PL,PL,16,100000000000.0,158489319246.11142,125364902574.96637,124311648080.14793,40,3.4410805658271224,0.22517042534529128,269,0.1680027645671519,0.08885182823964206,0.2560560972550027,0.18170265405052405,0.00018904375610873103,1890437.5610873103
PL,PL,17,158489319246.11142,251188643150.9582,194918774586.5636,193390999133.14005,40,3.4410805658271224,0.22517042534529128,152,0.16012593127468772,0.07625238329508656,0.276007658191264,0.18173432264071873,0.00018904375610873103,1890437.5610873103
PL,PL,18,251188643150.9582,398107170553.4973,311308590158.046,308756896626.35986,40,3.4410805658271224,0.22517042534529128,106,0.12951347026497528,0.08132589124517903,0.2631006097018256,0.16433480028514855,0.00018904375610873103,1890437.5610873103
PL,PL,19,398107170553.4973,630957344480.1936,504418347795.0836,500334095189.1246,40,3.4410805658271224,0.22517042534529128,80,0.10982161762845273,0.06485713505007697,0.2301266359904302,0.14051700620155713,0.00018904375610873103,1890437.5610873103
PL,PL,20,630957344480.1936,1000000000000.0,819532419860.5974,813799602531.173,40,3.4410805658271224,0.22517042534529128,53,0.10461057918249736,0.05979824708019003,0.18771865026283263,0.1203082979695858,0.00018904375610873103,1890437.5610873103
PL,PL,1,100000000.0,158489319.24611133,126083961.96854462,124972183.33422662,41,3.0373459689337468,0.24768746787982046,74026,0.46909709196441596,0.3213990822419506,0.757562292423986,0.5867830991023318,0.00018904375610873103,1890437.5610873103
PL,PL,2,158489319.24611133,251188643.15095794,199325140.55568844,197533076.81016153,41,3.0373459689337468,0.24768746787982046,65681,0.4067931673824361,0.24805696360100513,0.6648380487813466,0.4996960094822379,0.00018904375610873103,1890437.5610873103
PL,PL,3,251188643.15095794,398107170.5534973,315844239.2227635,313098191.14209557,41,3.0373459689337468,0.24768746787982046,48680,0.3757479018119143,0.21100442985883255,0.6138925031409631,0.4504310550290503,0.00018904375610873103,1890437.5610873103
PL,PL,4,398107170.5534973,630957344.4801933,499210470.2072604,494761801.82769823,41,3.0373459689337468,0.24768746787982046,34199,0.3576282101232517,0.19567720383788437,0.5772976240056091,0.42185264416553386,0.00018904375610873103,1890437.5610873103
PL,PL,5,630957344.4801933,999999999.9999999,790735495.7710462,783788447.202318,41,3.0373459689337468,0.24768746787982046,22946,0.3496729346452644,0.18943008740676456,0.5574074120905187,0.40544191169768434,0.00018904375610873103,1890437.5610873103
PL,PL,6,999999999.9999999,1584893192.461114,1251645854.9979482,1240695345.3035285,41,3.0373459689337468,0.24768746787982046,15581,0.3366940346041683,0.1799811384042286,0.5279139374121811,0.3858363655134555,0.00018904375610873103,1890437.5610873103
PL,PL,7,1584893192.461114,2511886431.5095806,1980207420.5426624,1963205302.1935568,41,3.0373459689337468,0.24768746787982046,9879,0.32435685627553557,0.17519456596325328,0.5077436805660286,0.3662089437015567,0.00018904375610873103,1890437.5610873103
PL,PL,8,2511886431.5095806,3981071705.534973,3143987545.9851756,3116620660.8153157,41,3.0373459689337468,0.24768746787982046,6802,0.3156785108769504,0.17164625312891227,0.49337166229336205,0.3559449166016128,0.00018904375610873103,1890437.5610873103
PL,PL,9,3981071705.534973,6309573444.801932,4965890796.097217,4922859074.091034,41,3.0373459689337468,0.24768746787982046,4465,0.30304575650817217,0.1635336899450007,0.4738600048055755,0.33739536725675784,0.00018904375610873103,1890437.5610873103
PL,PL,10,6309573444.801932,10000000000.0,7882711342.867247,7814442776.615726,41,3.0373459689337468,0.24768746787982046,2975,0.28450656609217956,0.1544352174958641,0.4600586295006407,0.32030578008409216,0.00018904375610873103,1890437.5610873103
PL,PL,11,10000000000.0,15848931924.611141,12520731095.133406,12411068772.036604,41,3.0373459689337468,0.24768746787982046,1925,0.26868899676148716,0.14214640862996833,0.4314468038953159,0.29526464536517344,0.00018904375610873103,1890437.5610873103
PL,PL,12,15848931924.611141,25118864315.095818,19836830650.385845,19661727164.336403,41,3.0373459689337468,0.24768746787982046,1303,0.26071519696688294,0.1417070915500743,0.42302013068347577,0.28660677129876067,0.00018904375610873103,1890437.5610873103
PL,PL,13,25118864315.095818,39810717055.34974,31525334679.365585,31243184346.913673,41,3.0373459689337468,0.24768746787982046,839,0.24152274589285427,0.12427293264781893,0.39640909652700773,0.26781993205284693,0.00018904375610873103,1890437.5610873103
PL,PL,14,39810717055.34974,63095734448.01936,49632474035.75007,49205304016.70526,41,3.0373459689337468,0.24768746787982046,597,0.22135243114897576,0.11503516216495992,0.37069612376971733,0.24408404483078358,0.00018904375610873103,1890437.5610873103
PL,PL,15,63095734448.01936,100000000000.0,78424568598.5091,77754169414.1475,41,3.0373459689337468,0.24768746787982046,359,0.21529406170901527,0.10826888770479659,0.3655100111799945,0.23720102696712148,0.00018904375610873103,1890437.5610873103
PL,PL,16,100000000000.0,158489319246.11142,125260975159.1522,124206756339.73474,41,3.0373459689337468,0.24768746787982046,271,0.20462554962181057,0.11360661160592009,0.33571284124053374,0.22389370610023387,0.00018904375610873103,1890437.5610873103
PL,PL,17,158489319246.11142,251188643150.9582,194918774586.5636,193390999133.14005,41,3.0373459689337468,0.24768746787982046,152,0.20431335480757923,0.10663094551246559,0.32246057418194524,0.2193506479586832,0.00018904375610873103,1890437.5610873103
PL,PL,18,251188643150.9582,398107170553.4973,311308590158.046,308756896626.35986,41,3.0373459689337468,0.24768746787982046,106,0.17228248082258285,0.10092129102977251,0.3000946468487556,0.20232664544213627,0.00018904375610873103,1890437.5610873103
PL,PL,19,398107170553.4973,630957344480.1936,504418347795.0836,500334095189.1246,41,3.0373459689337468,0.24768746787982046,80,0.15106749240845385,0.08166625004464856,0.26412476065303053,0.1742551678757924,0.00018904375610873103,1890437.5610873103
PL,PL,20,630957344480.1936,1000000000000.0,820655785850.9084,814847676777.8916,41,3.0373459689337468,0.24768746787982046,52,0.14221121028785444,0.07578431046442591,0.23333434514144027,0.15536713083991052,0.00018904375610873103,1890437.5610873103
PL,PL,1,100000000.0,158489319.24611133,125735298.45185424,124628196.74615338,42,2.670314517212497,0.2724562146678025,82828,0.501262278954706,0.33787829767948135,0.792813590051443,0.6145328875018267,0.00018904375610873103,1890437.5610873103
PL,PL,2,158489319.24611133,251188643.15095794,199050773.8881065,197257936.24258056,42,2.670314517212497,0.2724562146678025,69266,0.45067437282199774,0.2725407563757298,0.7133182951805797,0.540012002181223,0.00018904375610873103,1890437.5610873103
PL,PL,3,251188643.15095794,398107170.5534973,315585876.62193143,312845920.0153775,42,2.670314517212497,0.2724562146678025,49640,0.4261961917211959,0.24353064403913147,0.6681329562755488,0.4977167931090323,0.00018904375610873103,1890437.5610873103
PL,PL,4,398107170.5534973,630957344.4801933,499109754.38494223,494664965.3514888,42,2.670314517212497,0.2724562146678025,34372,0.41286700640238705,0.23150518584597923,0.6348426965746465,0.4741959808699526,0.00018904375610873103,1890437.5610873103
PL,PL,5,630957344.4801933,999999999.9999999,790611810.6081196,783656991.0121489,42,2.670314517212497,0.2724562146678025,22964,0.4042771641119127,0.2262930916796247,0.6169446027241047,0.4600235154436577,0.00018904375610873103,1890437.5610873103
PL,PL,6,999999999.9999999,1584893192.461114,1251476464.9937637,1240535620.6693532,42,2.670314517212497,0.2724562146678025,15562,0.3920197954417992,0.21701066648276215,0.5845086565957743,0.43863562314266435,0.00018904375610873103,1890437.5610873103
PL,PL,7,1584893192.461114,2511886431.5095806,1980376197.8618164,1963339703.1999629,42,2.670314517212497,0.2724562146678025,9859,0.37731158110787727,0.21301274838603668,0.5712383090969316,0.4180024265585533,0.00018904375610873103,1890437.5610873103
PL,PL,8,2511886431.5095806,3981071705.534973,3143839994.066971,3116461737.644088,42,2.670314517212497,0.2724562146678025,6803,0.3696985994740692,0.21097388993542918,0.5520410866349106,0.40970456645880476,0.00018904375610873103,1890437.5610873103
PL,PL,9,3981071705.534973,6309573444.801932,4965666469.542816,4922564905.063148,42,2.670314517212497,0.2724562146678025,4466,0.3577024757423424,0.19752829989749146,0.538841242524262,0.39154327726976323,0.00018904375610873103,1890437.5610873103
PL,PL,10,6309573444.801932,10000000000.0,7882285724.736732,7814008610.29748,42,2.670314517212497,0.2724562146678025,2976,0.33432895754112346,0.19100006902294578,0.5173988394110666,0.3687577737042669,0.00018904375610873103,1890437.5610873103
PL,PL,11,10000000000.0,15848931924.611141,12520994450.96417,12411551870.85872,42,2.670314517212497,0.2724562146678025,1925,0.319269996551798,0.17221659263531075,0.49120086326597334,0.347901947239398,0.00018904375610873103,1890437.5610873103
PL,PL,12,15848931924.611141,25118864315.095818,19829473252.682114,19655081778.371483,42,2.670314517212497,0.2724562146678025,1308,0.3096875550740905,0.17463220806661217,0.476486860888909,0.33467713310497144,0.00018904375610873103,1890437.5610873103
PL,PL,13,25118864315.095818,39810717055.34974,31528714433.951107,31247395117.983105,42,2.670314517212497,0.2724562146678025,844,0.301879118760207,0.16387496307816024,0.4563263869014911,0.3182966918860318,0.00018904375610873103,1890437.5610873103
PL,PL,14,39810717055.34974,63095734448.01936,49659503550.49015,49228502823.62943,42,2.670314517212497,0.2724562146678025,594,0.27531807067575975,0.1502795197301688,0.43590688666418553,0.2951962478895271,0.00018904375610873103,1890437.5610873103
PL,PL,15,63095734448.01936,100000000000.0,78364303951.90123,77699541086.84235,42,2.670314517212497,0.2724562146678025,358,0.26038794906467927,0.1386767842517818,0.41875506800678286,0.2847621716906279,0.00018904375610873103,1890437.5610873103
PL,PL,16,100000000000.0,158489319246.11142,125260975159.1522,124206756339.73474,42,2.670314517212497,0.2724562146678025,271,0.25489816361153483,0.13987629800988502,0.3715156113188734,0.2635365938025384,0.00018904375610873103,1890437.5610873103
PL,PL,17,158489319246.11142,251188643150.9582,194814976715.79913,193293497035.65912,42,2.670314517212497,0.2724562146678025,152,0.24864675527827637,0.13814735607112869,0.370903321361632,0.2570510232998078,0.00018904375610873103,1890437.5610873103
PL,PL,18,251188643150.9582,398107170553.4973,311308590158.046,308756896626.35986,42,2.670314517212497,0.2724562146678025,106,0.2255460511941697,0.13306649912464072,0.3720394160596341,0.24626042590842026,0.00018904375610873103,1890437.5610873103
PL,PL,19,398107170553.4973,630957344480.1936,504418347795.0836,500334095189.1246,42,2.670314517212497,0.2724562146678025,80,0.1987900183145646,0.11778200850092321,0.3216740329437312,0.21930074409922157,0.00018904375610873103,1890437.5610873103
PL,PL,20,630957344480.1936,1000000000000.0,819950155220.5852,814110211574.4174,42,2.670314517212497,0.2724562146678025,52,0.19839866354879615,0.10528430410494884,0.2883762556697056,0.2037556500103854,0.00018904375610873103,1890437.5610873103
PL,PL,1,100000000.0,158489319.24611133,125402979.29060084,124294923.79517514,43,2.3366495611022704,0.29970183613458273,89851,0.5407916416021354,0.3597116169217354,0.8272709264288123,0.643671849167268,0.00018904375610873103,1890437.5610873103
PL,PL,2,158489319.24611133,251188643.15095794,198773262.40295738,196982737.84148315,43,2.3366495611022704,0.29970183613458273,71601,0.49799290953200026,0.30303617445642433,0.7625168504023456,0.5834574364968369,0.00018904375610873103,1890437.5610873103
PL,PL,3,251188643.15095794,398107170.5534973,315410307.84639233,312669890.6586832,43,2.3366495611022704,0.29970183613458273,50172,0.47945610237888664,0.2805079221622517,0.7225698585034156,0.5481751179762991,0.00018904375610873103,1890437.5610873103
PL,PL,4,398107170.5534973,630957344.4801933,499089354.4068197,494640755.4270287,43,2.3366495611022704,0.29970183613458273,34447,0.46859712376989,0.2729452768573978,0.6912701302460954,0.5290821586309187,0.00018904375610873103,1890437.5610873103
PL,PL,5,630957344.4801933,999999999.9999999,790548429.22104,783594588.2500298,43,2.3366495611022704,0.29970183613458273,22936,0.4587035910665029,0.2671642331898972,0.6710423578483,0.513733131791898,0.00018904375610873103,1890437.5610873103
PL,PL,6,999999999.9999999,1584893192.461114,1251358032.0009148,1240416931.5942132,43,2.3366495611022704,0.29970183613458273,15553,0.448416144575276,0.25949234928093023,0.6421750073079247,0.4919641438403746,0.00018904375610873103,1890437.5610873103
PL,PL,7,1584893192.461114,2511886431.5095806,1980088893.301455,1963101797.2421594,43,2.3366495611022704,0.29970183613458273,9860,0.43456218400610236,0.25559538915980773,0.6265507107783441,0.47432300026949,0.00018904375610873103,1890437.5610873103
PL,PL,8,2511886431.5095806,3981071705.534973,3143318347.4983234,3115939496.799148,43,2.3366495611022704,0.29970183613458273,6794,0.42397871731372244,0.25339570323686106,0.6094533638348568,0.46227472596757185,0.00018904375610873103,1890437.5610873103
PL,PL,9,3981071705.534973,6309573444.801932,4965419923.983066,4922392109.352658,43,2.3366495611022704,0.29970183613458273,4463,0.4131515023261173,0.2362649078095541,0.5940840120179591,0.44618755248096226,0.00018904375610873103,1890437.5610873103
PL,PL,10,6309573444.801932,10000000000.0,7883150005.083762,7814853548.836942,43,2.3366495611022704,0.29970183613458273,2985,0.3898682663312156,0.22986164747296894,0.5692223406473648,0.42091385888835986,0.00018904375610873103,1890437.5610873103
PL,PL,11,10000000000.0,15848931924.611141,12523495374.956907,12413703708.54867,43,2.3366495611022704,0.29970183613458273,1924,0.3765762488625519,0.21185341828933169,0.5494325629813905,0.40255002219317737,0.00018904375610873103,1890437.5610873103
PL,PL,12,15848931924.611141,25118864315.095818,19838108206.677708,19663111115.31446,43,2.3366495611022704,0.29970183613458273,1303,0.36241515412154274,0.21348257851946462,0.5310486460653648,0.38582096763386375,0.00018904375610873103,1890437.5610873103
PL,PL,13,25118864315.095818,39810717055.34974,31529155843.489216,31247413555.097668,43,2.3366495611022704,0.29970183613458273,839,0.35241346076516394,0.20390401464745295,0.5165318949059773,0.368503210322424,0.00018904375610873103,1890437.5610873103
PL,PL,14,39810717055.34974,63095734448.01936,49649071871.262764,49218936532.7218,43,2.3366495611022704,0.29970183613458273,596,0.3287110007419889,0.18656129045792705,0.4909925174554881,0.3450420680635883,0.00018904375610873103,1890437.5610873103
PL,PL,15,63095734448.01936,100000000000.0,78424568598.5091,77754169414.1475,43,2.3366495611022704,0.29970183613458273,359,0.3013915218369804,0.17785495799760975,0.4744917852386882,0.33807637713480276,0.00018904375610873103,1890437.5610873103
PL,PL,16,100000000000.0,158489319246.11142,125260975159.1522,124206756339.73474,43,2.3366495611022704,0.29970183613458273,271,0.30081813391848683,0.17091129783992856,0.42930969392760454,0.3071917774375914,0.00018904375610873103,1890437.5610873103
PL,PL,17,158489319246.11142,251188643150.9582,194939165673.81696,193421018747.4252,43,2.3366495611022704,0.29970183613458273,153,0.288835562136467,0.16594841459758478,0.43228492954163367,0.3013230061904614,0.00018904375610873103,1890437.5610873103
PL,PL,18,251188643150.9582,398107170553.4973,311308590158.046,308756896626.35986,43,2.3366495611022704,0.29970183613458273,106,0.27801125735274396,0.1670073363148133,0.4258933734773532,0.29295289814043857,0.00018904375610873103,1890437.5610873103
PL,PL,19,398107170553.4973,630957344480.1936,501579399094.2142,497691210832.2192,43,2.3366495611022704,0.29970183613458273,78,0.23977935869698414,0.1475663512920005,0.3532924755417136,0.2596519728260203,0.00018904375610873103,1890437.5610873103
PL,PL,20,630957344480.1936,1000000000000.0,819532419860.5974,813799602531.173,43,2.3366495611022704,0.29970183613458273,53,0.23421940003041658,0.13575221549560582,0.34044852904222783,0.24185678419268206,0.00018904375610873103,1890437.5610873103
PL,PL,1,100000000.0,158489319.24611133,125167706.65255274,124061185.92087787,44,2.0333177828202462,0.32967201974804095,95126,0.5829679172638648,0.38453252454941045,0.8630559943346772,0.676757698384177,0.00018904375610873103,1890437.5610873103
PL,PL,2,158489319.24611133,251188643.15095794,198558657.5456396,196770158.4818075,44,2.0333177828202462,0.32967201974804095,73005,0.549061774867953,0.33992613886176626,0.8091151487760702,0.6247129831364334,0.00018904375610873103,1890437.5610873103
PL,PL,3,251188643.15095794,398107170.5534973,315330985.9175947,312588994.9603834,44,2.0333177828202462,0.32967201974804095,50376,0.5337178895912584,0.3216795189976361,0.7742067021258968,0.5968398023841915,0.00018904375610873103,1890437.5610873103
PL,PL,4,398107170.5534973,630957344.4801933,499019512.09414214,494568560.71949697,44,2.0333177828202462,0.32967201974804095,34400,0.5233425005729979,0.31542713571869857,0.7470151563068457,0.5786970897283031,0.00018904375610873103,1890437.5610873103
PL,PL,5,630957344.4801933,999999999.9999999,790443187.4809635,783501795.6210108,44,2.0333177828202462,0.32967201974804095,22888,0.5147929527557288,0.3117638203858403,0.7226427263129102,0.5667447960245943,0.00018904375610873103,1890437.5610873103
PL,PL,6,999999999.9999999,1584893192.461114,1251395431.0557077,1240440766.288098,44,2.0333177828202462,0.32967201974804095,15485,0.5054200047599712,0.30230303799084485,0.6933587823087777,0.5419962822343283,0.00018904375610873103,1890437.5610873103
PL,PL,7,1584893192.461114,2511886431.5095806,1980474142.9789789,1963444538.303453,44,2.0333177828202462,0.32967201974804095,9847,0.4934780269785798,0.29854780136897763,0.6819316894884543,0.5298002200775908,0.00018904375610873103,1890437.5610873103
PL,PL,8,2511886431.5095806,3981071705.534973,3143560035.547962,3116138514.424282,44,2.0333177828202462,0.32967201974804095,6779,0.4813106492031734,0.29368942705851386,0.6648168719049672,0.5181684692931278,0.00018904375610873103,1890437.5610873103
PL,PL,9,3981071705.534973,6309573444.801932,4966346908.21386,4923360558.048153,44,2.0333177828202462,0.32967201974804095,4462,0.4699659658872727,0.28066161006185975,0.6464653822683754,0.49964389041323615,0.00018904375610873103,1890437.5610873103
PL,PL,10,6309573444.801932,10000000000.0,7879842183.446709,7811605098.810508,44,2.0333177828202462,0.32967201974804095,2982,0.4446532486455881,0.27221543390786074,0.6204812161265484,0.47215772630731623,0.00018904375610873103,1890437.5610873103
PL,PL,11,10000000000.0,15848931924.611141,12522014796.401098,12412602236.887867,44,2.0333177828202462,0.32967201974804095,1920,0.43622834984446623,0.2561802303324996,0.5996190800851651,0.45581296938729765,0.00018904375610873103,1890437.5610873103
PL,PL,12,15848931924.611141,25118864315.095818,19834812059.16697,19660068222.04432,44,2.0333177828202462,0.32967201974804095,1302,0.42271165005112893,0.2583605275688855,0.5897260861166552,0.4395385409252678,0.00018904375610873103,1890437.5610873103
PL,PL,13,25118864315.095818,39810717055.34974,31514494431.65401,31233103737.100647,44,2.0333177828202462,0.32967201974804095,837,0.40823536066532856,0.24134925826217324,0.5682411727921332,0.41962152918890827,0.00018904375610873103,1890437.5610873103
PL,PL,14,39810717055.34974,63095734448.01936,49679747780.873924,49250580520.75361,44,2.0333177828202462,0.32967201974804095,594,0.3880650539476763,0.22661257474708704,0.5514648552699083,0.4002201396152489,0.00018904375610873103,1890437.5610873103
PL,PL,15,63095734448.01936,100000000000.0,78424568598.5091,77754169414.1475,44,2.0333177828202462,0.32967201974804095,359,0.37456974593048087,0.22192449201538614,0.5437085706455452,0.39675273051161836,0.00018904375610873103,1890437.5610873103
PL,PL,16,100000000000.0,158489319246.11142,125275308278.87186,124217305417.06973,44,2.0333177828202462,0.32967201974804095,270,0.33892895620635294,0.2185844340628729,0.49055263111963165,0.35597814451524623,0.00018904375610873103,1890437.5610873103
PL,PL,17,158489319246.11142,251188643150.9582,194939165673.81696,193421018747.4252,44,2.0333177828202462,0.32967201974804095,153,0.3382946897144028,0.21297956175340163,0.4807208245603761,0.3495220599311163,0.00018904375610873103,1890437.5610873103
PL,PL,18,251188643150.9582,398107170553.4973,310918866881.1803,308369785381.4679,44,2.0333177828202462,0.32967201974804095,105,0.3433884160584463,0.1861058407738203,0.46779251796215077,0.33063517380766466,0.00018904375610873103,1890437.5610873103
PL,PL,19,398107170553.4973,630957344480.1936,503061114384.0762,499063548614.71545,44,2.0333177828202462,0.32967201974804095,79,0.3008924940092913,0.19302112185535095,0.46064767444721844,0.3203420089075691,0.00018904375610873103,1890437.5610873103
PL,PL,20,630957344480.1936,1000000000000.0,820052948349.0503,814215464633.1265,44,2.0333177828202462,0.32967201974804095,52,0.28537704307003275,0.19075548009426022,0.4136518096725901,0.296995900626669,0.00018904375610873103,1890437.5610873103
PL,PL,1,100000000.0,158489319.24611133,124960664.33939768,123854444.41694671,45,1.7575616207456761,0.36263922172284535,99191,0.6255345816839408,0.41414752156332835,0.8980217771902668,0.7113883938983367,0.00018904375610873103,1890437.5610873103
PL,PL,2,158489319.24611133,251188643.15095794,198422037.3805141,196631981.84026292,45,1.7575616207456761,0.36263922172284535,73946,0.600408441494179,0.3785305765009478,0.8545917225676282,0.6701909228182253,0.00018904375610873103,1890437.5610873103
PL,PL,3,251188643.15095794,398107170.5534973,315261407.87724024,312520811.6900857,45,1.7575616207456761,0.36263922172284535,50434,0.5874512493821846,0.36785397046724505,0.8215208489265622,0.645191798613851,0.00018904375610873103,1890437.5610873103
PL,PL,4,398107170.5534973,630957344.4801933,499025221.2914794,494571388.826255,45,1.7575616207456761,0.36263922172284535,34341,0.5775687506810676,0.36238235123895873,0.7934054055494989,0.6268789499894114,0.00018904375610873103,1890437.5610873103
PL,PL,5,630957344.4801933,999999999.9999999,790540715.409903,783587285.8974857,45,1.7575616207456761,0.36263922172284535,22828,0.5693593904930475,0.3606587518833653,0.7756074431402161,0.6176000321170652,0.00018904375610873103,1890437.5610873103
PL,PL,6,999999999.9999999,1584893192.461114,1251466467.6965559,1240516270.1303506,45,1.7575616207456761,0.36263922172284535,15441,0.5592951947280942,0.3503554486911548,0.7470246217514998,0.5968357571042107,0.00018904375610873103,1890437.5610873103
PL,PL,7,1584893192.461114,2511886431.5095806,1980575866.5684698,1963563962.1116877,45,1.7575616207456761,0.36263922172284535,9823,0.5480031994375859,0.34736386726635926,0.7312177013632181,0.5826618203943335,0.00018904375610873103,1890437.5610873103
PL,PL,8,2511886431.5095806,3981071705.534973,3143646606.036395,3116240721.5920897,45,1.7575616207456761,0.36263922172284535,6751,0.5350479196025293,0.3410796315668152,0.7145676714695269,0.5671285749003636,0.00018904375610873103,1890437.5610873103
PL,PL,9,3981071705.534973,6309573444.801932,4967082207.369796,4924029219.927035,45,1.7575616207456761,0.36263922172284535,4452,0.5252361904639407,0.33008038313013705,0.6948183533503575,0.549336816185866,0.00018904375610873103,1890437.5610873103
PL,PL,10,6309573444.801932,10000000000.0,7880806232.679756,7812456831.153759,45,1.7575616207456761,0.36263922172284535,2966,0.5027481237913161,0.30889779681887974,0.6729038524427573,0.5227202435675001,0.00018904375610873103,1890437.5610873103
PL,PL,11,10000000000.0,15848931924.611141,12515975577.293928,12406403710.076414,45,1.7575616207456761,0.36263922172284535,1914,0.491461369186166,0.2992187716685589,0.6500993104423074,0.5074279316599445,0.00018904375610873103,1890437.5610873103
PL,PL,12,15848931924.611141,25118864315.095818,19834394172.93971,19659875351.488525,45,1.7575616207456761,0.36263922172284535,1308,0.4898419378636168,0.2994350281392928,0.6457455247133944,0.5001305638347324,0.00018904375610873103,1890437.5610873103
PL,PL,13,25118864315.095818,39810717055.34974,31508508626.158054,31227325596.64525,45,1.7575616207456761,0.36263922172284535,840,0.46853127076057877,0.28925169468824946,0.6215546712362212,0.47616843077559795,0.00018904375610873103,1890437.5610873103
PL,PL,14,39810717055.34974,63095734448.01936,49630595834.09246,49201480285.323814,45,1.7575616207456761,0.36263922172284535,595,0.4458616176794347,0.2757610871406662,0.6069950487091724,0.4544651946318825,0.00018904375610873103,1890437.5610873103
PL,PL,15,63095734448.01936,100000000000.0,78380078123.67046,77712158336.85664,45,1.7575616207456761,0.36263922172284535,358,0.4242948713698933,0.26384177803381365,0.6031508702016014,0.4574308546514165,0.00018904375610873103,1890437.5610873103
PL,PL,16,100000000000.0,158489319246.11142,125236336068.93257,124179066351.98135,45,1.7575616207456761,0.36263922172284535,270,0.42719982637666704,0.25182367516868237,0.5581015274909357,0.4168299000213405,0.00018904375610873103,1890437.5610873103
PL,PL,17,158489319246.11142,251188643150.9582,194939165673.81696,193421018747.4252,45,1.7575616207456761,0.36263922172284535,153,0.39893880479238986,0.23763650920021223,0.5794200714877658,0.41208383959757733,0.00018904375610873103,1890437.5610873103
PL,PL,18,251188643150.9582,398107170553.4973,310808314659.4062,308237736817.62634,45,1.7575616207456761,0.36263922172284535,104,0.4053561831968387,0.23811132428509726,0.5334476763388651,0.3907630412633166,0.00018904375610873103,1890437.5610873103
PL,PL,19,398107170553.4973,630957344480.1936,503061114384.0762,499063548614.71545,45,1.7575616207456761,0.36263922172284535,79,0.3703452354354285,0.22930654612301718,0.5161941720289945,0.37687000024041134,0.00018904375610873103,1890437.5610873103
PL,PL,20,630957344480.1936,1000000000000.0,820468010472.9419,814647948658.2981,45,1.7575616207456761,0.36263922172284535,52,0.35438164465710076,0.23127675143459595,0.4613118091461314,0.3573672100721952,0.00018904375610873103,1890437.5610873103
PL,PL,1,100000000.0,158489319.24611133,124805648.67510219,123700945.60632426,46,1.506874200677888,0.3989031438951298,101725,0.6694919357256983,0.44920430752056895,0.9308266783685817,0.7435191574409982,0.00018904375610873103,1890437.5610873103
PL,PL,2,158489319.24611133,251188643.15095794,198359738.04064658,196568757.99439135,46,1.506874200677888,0.3989031438951298,74365,0.6506250989266879,0.4225241388970046,0.893872520403242,0.711747869040417,0.00018904375610873103,1890437.5610873103
PL,PL,3,251188643.15095794,398107170.5534973,315251535.0256492,312510828.9330074,46,1.506874200677888,0.3989031438951298,50322,0.638712338161959,0.4149055392741669,0.8640621447696588,0.6888826460982093,0.00018904375610873103,1890437.5610873103
PL,PL,4,398107170.5534973,630957344.4801933,499084747.2947656,494635576.0095562,46,1.506874200677888,0.3989031438951298,34231,0.6297833006956212,0.4125374493419638,0.8389979604292681,0.6762746733375926,0.00018904375610873103,1890437.5610873103
PL,PL,5,630957344.4801933,999999999.9999999,790536329.0866497,783577852.5025921,46,1.506874200677888,0.3989031438951298,22740,0.6222047938070754,0.41172255025538784,0.8224095672843896,0.6656314743564136,0.00018904375610873103,1890437.5610873103
PL,PL,6,999999999.9999999,1584893192.461114,1251700086.4928322,1240740903.9563897,46,1.506874200677888,0.3989031438951298,15372,0.6124013797640926,0.3988333675740062,0.7938215438631864,0.6457913885102572,0.00018904375610873103,1890437.5610873103
PL,PL,7,1584893192.461114,2511886431.5095806,1980583670.8079267,1963541989.3967707,46,1.506874200677888,0.3989031438951298,9766,0.5997491255212581,0.3957027317650281,0.7776783550836948,0.6312524488965288,0.00018904375610873103,1890437.5610873103
PL,PL,8,2511886431.5095806,3981071705.534973,3144007740.3427963,3116588441.1543903,46,1.506874200677888,0.3989031438951298,6733,0.5900066181233642,0.3876375620876273,0.7616924201726648,0.6196304727125583,0.00018904375610873103,1890437.5610873103
PL,PL,9,3981071705.534973,6309573444.801932,4966242919.817726,4923319069.646458,46,1.506874200677888,0.3989031438951298,4439,0.5826710249364392,0.3791018908127724,0.7434650103958454,0.6067776174860987,0.00018904375610873103,1890437.5610873103
PL,PL,10,6309573444.801932,10000000000.0,7881987500.087222,7813618228.601972,46,1.506874200677888,0.3989031438951298,2959,0.5617113542955929,0.3604903928480465,0.7297488640735088,0.5785130838645427,0.00018904375610873103,1890437.5610873103
PL,PL,11,10000000000.0,15848931924.611141,12522140701.700352,12413099965.64107,46,1.506874200677888,0.3989031438951298,1912,0.5504401343880359,0.3500307402205398,0.6975977307414236,0.5598940244012521,0.00018904375610873103,1890437.5610873103
PL,PL,12,15848931924.611141,25118864315.095818,19832722777.26812,19658259289.38158,46,1.506874200677888,0.3989031438951298,1302,0.5395146141670053,0.35355717167224543,0.6955973868688655,0.556050644001638,0.00018904375610873103,1890437.5610873103
PL,PL,13,25118864315.095818,39810717055.34974,31510935946.29623,31228809706.163593,46,1.506874200677888,0.3989031438951298,836,0.5247934869782946,0.3317301468763966,0.6743868306340244,0.5311235080062057,0.00018904375610873103,1890437.5610873103
PL,PL,14,39810717055.34974,63095734448.01936,49652318213.215706,49222829980.47558,46,1.506874200677888,0.3989031438951298,597,0.5044279641975091,0.3284496360694438,0.6599389835043896,0.5131189050311592,0.00018904375610873103,1890437.5610873103
PL,PL,15,63095734448.01936,100000000000.0,78424568598.5091,77754169414.1475,46,1.506874200677888,0.3989031438951298,359,0.4942204683568023,0.30328904793845,0.6599775009791466,0.5157298007011842,0.00018904375610873103,1890437.5610873103
PL,PL,16,100000000000.0,158489319246.11142,125260975159.1522,124206756339.73474,46,1.506874200677888,0.3989031438951298,271,0.4903174821257326,0.3141385692815891,0.6170621584594672,0.48059153479856964,0.00018904375610873103,1890437.5610873103
PL,PL,17,158489319246.11142,251188643150.9582,195280370547.1774,193747582187.92285,46,1.506874200677888,0.3989031438951298,150,0.4719840499962439,0.2826398392967414,0.6478076988925593,0.4795138815836927,0.00018904375610873103,1890437.5610873103
PL,PL,18,251188643150.9582,398107170553.4973,311308590158.046,308756896626.35986,46,1.506874200677888,0.3989031438951298,106,0.47016449814100575,0.27993141914498837,0.5954740530413246,0.44763626670512807,0.00018904375610873103,1890437.5610873103
PL,PL,19,398107170553.4973,630957344480.1936,503061114384.0762,499063548614.71545,46,1.506874200677888,0.3989031438951298,79,0.41964947135979236,0.2562290123641584,0.5769747450178371,0.42604225012554114,0.00018904375610873103,1890437.5610873103
PL,PL,20,630957344480.1936,1000000000000.0,819532419860.5974,813799602531.173,46,1.506874200677888,0.3989031438951298,53,0.41000872033768865,0.2802209306099481,0.5400387183377343,0.40875132870910647,0.00018904375610873103,1890437.5610873103
PL,PL,1,100000000.0,158489319.24611133,124689991.86120015,123585079.54243842,47,1.2789765460708074,0.4387934582846427,103428,0.7130045562031938,0.48662967362864123,0.9622211728805661,0.7761326492669423,0.00018904375610873103,1890437.5610873103
PL,PL,2,158489319.24611133,251188643.15095794,198291293.27776083,196501697.26390964,47,1.2789765460708074,0.4387934582846427,74299,0.6978113496410694,0.4705098359543561,0.9264597560514883,0.751520953929169,0.00018904375610873103,1890437.5610873103
PL,PL,3,251188643.15095794,398107170.5534973,315230154.7093527,312490724.38286555,47,1.2789765460708074,0.4387934582846427,50174,0.6887081804221785,0.4669348632478016,0.9047066962342392,0.734897927803327,0.00018904375610873103,1890437.5610873103
PL,PL,4,398107170.5534973,630957344.4801933,499097942.9521517,494649412.92451715,47,1.2789765460708074,0.4387934582846427,34099,0.6791260973468372,0.4643608508063508,0.877843993129658,0.7201460006943777,0.00018904375610873103,1890437.5610873103
PL,PL,5,630957344.4801933,999999999.9999999,790500501.7227777,783541213.8361818,47,1.2789765460708074,0.4387934582846427,22636,0.6726767678757914,0.46563542001489616,0.8663200930948787,0.7106094850533751,0.00018904375610873103,1890437.5610873103
PL,PL,6,999999999.9999999,1584893192.461114,1251770579.8346455,1240832783.5729165,47,1.2789765460708074,0.4387934582846427,15318,0.6633883291232661,0.4521834974014546,0.833198445693039,0.6940032196796445,0.00018904375610873103,1890437.5610873103
PL,PL,7,1584893192.461114,2511886431.5095806,1980127202.4191587,1963121178.6087003,47,1.2789765460708074,0.4387934582846427,9737,0.6533488072050619,0.44955652324097034,0.8213218176278219,0.6821445840082395,0.00018904375610873103,1890437.5610873103
PL,PL,8,2511886431.5095806,3981071705.534973,3144490148.6775312,3117072905.1886144,47,1.2789765460708074,0.4387934582846427,6728,0.641887083409703,0.43509649921282967,0.80661835059901,0.6685697457213898,0.00018904375610873103,1890437.5610873103
PL,PL,9,3981071705.534973,6309573444.801932,4968616188.245689,4925642582.481611,47,1.2789765460708074,0.4387934582846427,4417,0.638837265984099,0.43299162109327516,0.7951845939515825,0.6592006775193111,0.00018904375610873103,1890437.5610873103
PL,PL,10,6309573444.801932,10000000000.0,7880214519.552724,7811938191.337446,47,1.2789765460708074,0.4387934582846427,2956,0.618985558627333,0.41175102790353296,0.7751008477918659,0.6388883924811505,0.00018904375610873103,1890437.5610873103
PL,PL,11,10000000000.0,15848931924.611141,12511760059.497993,12402974549.608093,47,1.2789765460708074,0.4387934582846427,1913,0.6064439378271107,0.4111189979242908,0.7566800648720824,0.6172958924911784,0.00018904375610873103,1890437.5610873103
PL,PL,12,15848931924.611141,25118864315.095818,19837317612.898743,19662587268.42227,47,1.2789765460708074,0.4387934582846427,1297,0.5997895586200949,0.3988584879893366,0.7449965677305797,0.6114102721405404,0.00018904375610873103,1890437.5610873103
PL,PL,13,25118864315.095818,39810717055.34974,31511965649.69775,31229494210.372616,47,1.2789765460708074,0.4387934582846427,833,0.5908409379772087,0.3925276094276178,0.7267014511795586,0.5885731177189996,0.00018904375610873103,1890437.5610873103
PL,PL,14,39810717055.34974,63095734448.01936,49632037395.68516,49204957414.160484,47,1.2789765460708074,0.4387934582846427,597,0.5791707250897716,0.3822868016004782,0.7170836699152846,0.5732537702870955,0.00018904375610873103,1890437.5610873103
PL,PL,15,63095734448.01936,100000000000.0,78441589316.65337,77768015831.81845,47,1.2789765460708074,0.4387934582846427,357,0.5558934334267802,0.34065902208955195,0.7151721348142738,0.5659929649389385,0.00018904375610873103,1890437.5610873103
PL,PL,16,100000000000.0,158489319246.11142,125231969236.29715,124174973888.94644,47,1.2789765460708074,0.4387934582846427,270,0.5525652696274022,0.36347260642577695,0.669819106560369,0.5401515802531843,0.00018904375610873103,1890437.5610873103
PL,PL,17,158489319246.11142,251188643150.9582,195154658722.26712,193626519965.02454,47,1.2789765460708074,0.4387934582846427,151,0.5218949926566161,0.33699769346037134,0.702409090067443,0.5263301565100216,0.00018904375610873103,1890437.5610873103
PL,PL,18,251188643150.9582,398107170553.4973,311308590158.046,308756896626.35986,47,1.2789765460708074,0.4387934582846427,106,0.5232945359855727,0.3160381632593524,0.644431974426373,0.4925185473762496,0.00018904375610873103,1890437.5610873103
PL,PL,19,398107170553.4973,630957344480.1936,504418347795.0836,500334095189.1246,47,1.2789765460708074,0.4387934582846427,80,0.46329200096606893,0.29951165512200073,0.6607394286209657,0.4713479470197467,0.00018904375610873103,1890437.5610873103
PL,PL,20,630957344480.1936,1000000000000.0,820468010472.9419,814647948658.2981,47,1.2789765460708074,0.4387934582846427,52,0.48998468403824563,0.3454881071837811,0.6287339544017205,0.48891638034330154,0.00018904375610873103,1890437.5610873103
PL,PL,1,100000000.0,158489319.24611133,124580061.09315564,123475844.15314609,48,1.0717968600643704,0.482672804113107,104429,0.7542426399674338,0.5304432616128272,0.9849897486966736,0.8105822387038537,0.00018904375610873103,1890437.5610873103
PL,PL,2,158489319.24611133,251188643.15095794,198224435.76251644,196434039.49854073,48,1.0717968600643704,0.482672804113107,74137,0.7434835508153986,0.5225381102593125,0.9546848210987984,0.7885895099189781,0.00018904375610873103,1890437.5610873103
PL,PL,3,251188643.15095794,398107170.5534973,315229162.19982445,312485461.0050639,48,1.0717968600643704,0.482672804113107,49919,0.7354709387822749,0.5214813033717188,0.9350072016292472,0.7753905065438141,0.00018904375610873103,1890437.5610873103
PL,PL,4,398107170.5534973,630957344.4801933,499016751.1339901,494567244.2150852,48,1.0717968600643704,0.482672804113107,33899,0.726366192311279,0.517418110190653,0.9130722360812105,0.760935124662721,0.00018904375610873103,1890437.5610873103
PL,PL,5,630957344.4801933,999999999.9999999,790530062.8369392,783575028.9198298,48,1.0717968600643704,0.482672804113107,22439,0.7203536449228541,0.5177698554171456,0.8939193279446579,0.7522057820629207,0.00018904375610873103,1890437.5610873103
PL,PL,6,999999999.9999999,1584893192.461114,1251780705.0346906,1240814016.1553056,48,1.0717968600643704,0.482672804113107,15234,0.7118544525194881,0.5090320927209374,0.872173604257443,0.7367387957674753,0.00018904375610873103,1890437.5610873103
PL,PL,7,1584893192.461114,2511886431.5095806,1980239038.1525257,1963244991.508276,48,1.0717968600643704,0.482672804113107,9659,0.7026870530650728,0.5009130720074019,0.858748297616134,0.7262688979555777,0.00018904375610873103,1890437.5610873103
PL,PL,8,2511886431.5095806,3981071705.534973,3145398066.281312,3117999916.6355705,48,1.0717968600643704,0.482672804113107,6668,0.695159607629557,0.4928107756760238,0.8504737537178164,0.7182282813358887,0.00018904375610873103,1890437.5610873103
PL,PL,9,3981071705.534973,6309573444.801932,4967108084.456629,4924205574.901587,48,1.0717968600643704,0.482672804113107,4398,0.6900251323057751,0.48822794568389644,0.8418492097854223,0.7074774904694379,0.00018904375610873103,1890437.5610873103
PL,PL,10,6309573444.801932,10000000000.0,7880686233.808718,7812311474.311497,48,1.0717968600643704,0.482672804113107,2953,0.6729367584692166,0.47451096931814507,0.8203788903968987,0.6893989560547743,0.00018904375610873103,1890437.5610873103
PL,PL,11,10000000000.0,15848931924.611141,12514566357.212767,12405178561.593502,48,1.0717968600643704,0.482672804113107,1903,0.6669245789661807,0.45777789408656394,0.8005522327462432,0.6674041377854494,0.00018904375610873103,1890437.5610873103
PL,PL,12,15848931924.611141,25118864315.095818,19836654522.719685,19662073741.689766,48,1.0717968600643704,0.482672804113107,1288,0.6605149620925019,0.4488397767819634,0.804537619150277,0.6644368922924436,0.00018904375610873103,1890437.5610873103
PL,PL,13,25118864315.095818,39810717055.34974,31520142339.511818,31238572721.596596,48,1.0717968600643704,0.482672804113107,835,0.6505652227650401,0.44680477977082156,0.7831583100924993,0.6468284938541342,0.00018904375610873103,1890437.5610873103
PL,PL,14,39810717055.34974,63095734448.01936,49632037395.68516,49204957414.160484,48,1.0717968600643704,0.482672804113107,597,0.6393234690766104,0.4355705863725921,0.772963081644309,0.6387289705117493,0.00018904375610873103,1890437.5610873103
PL,PL,15,63095734448.01936,100000000000.0,78424568598.5091,77754169414.1475,48,1.0717968600643704,0.482672804113107,359,0.6085965596713597,0.39399522406962234,0.7551536055761064,0.6236708754798306,0.00018904375610873103,1890437.5610873103
PL,PL,16,100000000000.0,158489319246.11142,125305676411.33511,124250648603.46275,48,1.0717968600643704,0.482672804113107,269,0.6100497039285128,0.4589550818645392,0.7528645198498113,0.6070661945717357,0.00018904375610873103,1890437.5610873103
PL,PL,17,158489319246.11142,251188643150.9582,194866260489.66016,193340730505.088,48,1.0717968600643704,0.482672804113107,152,0.6017849010021938,0.40015413047576653,0.7576702802768357,0.5998442810539162,0.00018904375610873103,1890437.5610873103
PL,PL,18,251188643150.9582,398107170553.4973,311308590158.046,308756896626.35986,48,1.0717968600643704,0.482672804113107,106,0.5792883437782141,0.37547221197101144,0.725272650645654,0.5552842062342419,0.00018904375610873103,1890437.5610873103
PL,PL,19,398107170553.4973,630957344480.1936,504418347795.0836,500334095189.1246,48,1.0717968600643704,0.482672804113107,80,0.5473473339200208,0.3600290597138415,0.729411826874958,0.5325166461343649,0.00018904375610873103,1890437.5610873103
PL,PL,20,630957344480.1936,1000000000000.0,820468010472.9419,814647948658.2981,48,1.0717968600643704,0.482672804113107,52,0.5877231916469721,0.37253808258044463,0.7014253484053817,0.5558690705196623,0.00018904375610873103,1890437.5610873103
PL,PL,1,100000000.0,158489319.24611133,124528067.61115633,123423183.81672515,49,0.8834516909676096,0.5309400845244177,104844,0.7939156264005192,0.5768912656408282,1.0000000239930884,0.8396637161136319,0.00018904375610873103,1890437.5610873103
PL,PL,2,158489319.24611133,251188643.15095794,198197258.44018134,196409198.76269093,49,0.8834516909676096,0.5309400845244177,73891,0.7872071589871624,0.5763501763700958,0.9807717826956862,0.8253211302159668,0.00018904375610873103,1890437.5610873103
PL,PL,3,251188643.15095794,398107170.5534973,315261109.30614316,312517534.58836204,49,0.8834516909676096,0.5309400845244177,49661,0.7796699803640262,0.5780817294745754,0.9600684835096113,0.8138329211898001,0.00018904375610873103,1890437.5610873103
PL,PL,4,398107170.5534973,630957344.4801933,498942716.21414685,494492211.8768267,49,0.8834516909676096,0.5309400845244177,33688,0.7713486999313404,0.5742510907030371,0.9417335645556468,0.8022025541267588,0.00018904375610873103,1890437.5610873103
PL,PL,5,630957344.4801933,999999999.9999999,790642131.7754352,783677609.2209572,49,0.8834516909676096,0.5309400845244177,22338,0.7676664739691011,0.5766073564394703,0.9254552734328033,0.7960727565913622,0.00018904375610873103,1890437.5610873103
PL,PL,6,999999999.9999999,1584893192.461114,1251608222.2507544,1240674318.972991,49,0.8834516909676096,0.5309400845244177,15121,0.760075423220543,0.5693291785839968,0.9093506141667211,0.7803053761840891,0.00018904375610873103,1890437.5610873103
PL,PL,7,1584893192.461114,2511886431.5095806,1980303386.035255,1963304320.1563494,49,0.8834516909676096,0.5309400845244177,9626,0.7510330004983143,0.5635583470261448,0.8943776206554079,0.7725396677089239,0.00018904375610873103,1890437.5610873103
PL,PL,8,2511886431.5095806,3981071705.534973,3145756427.2479796,3118334270.5700684,49,0.8834516909676096,0.5309400845244177,6624,0.7442031441470812,0.5532077774077658,0.8940891486841499,0.7654295301086802,0.00018904375610873103,1890437.5610873103
PL,PL,9,3981071705.534973,6309573444.801932,4968362177.021169,4925382552.453213,49,0.8834516909676096,0.5309400845244177,4362,0.7388486273023201,0.5421461256714526,0.8796905892262318,0.7539833650917118,0.00018904375610873103,1890437.5610873103
PL,PL,10,6309573444.801932,10000000000.0,7879065146.304519,7810703986.568011,49,0.8834516909676096,0.5309400845244177,2914,0.7265794466223148,0.5274391620985834,0.8665521203468163,0.7365711031549824,0.00018904375610873103,1890437.5610873103
PL,PL,11,10000000000.0,15848931924.611141,12518109231.991928,12408739975.392372,49,0.8834516909676096,0.5309400845244177,1891,0.7179879942798891,0.510701588013396,0.8428769438179071,0.7174896468938359,0.00018904375610873103,1890437.5610873103
PL,PL,12,15848931924.611141,25118864315.095818,19837623903.30652,19662379414.337105,49,0.8834516909676096,0.5309400845244177,1279,0.7146489265671554,0.5115435924223478,0.8415929350913028,0.7169804210918758,0.00018904375610873103,1890437.5610873103
PL,PL,13,25118864315.095818,39810717055.34974,31550041075.372032,31267723682.737785,49,0.8834516909676096,0.5309400845244177,830,0.7049226180573481,0.494136686517661,0.8255314477785918,0.6962475700982154,0.00018904375610873103,1890437.5610873103
PL,PL,14,39810717055.34974,63095734448.01936,49661848546.11683,49234398360.273125,49,0.8834516909676096,0.5309400845244177,592,0.6945419201533287,0.4901726916222324,0.8212485256730251,0.6941857954561647,0.00018904375610873103,1890437.5610873103
PL,PL,15,63095734448.01936,100000000000.0,78529933514.28172,77855347290.64839,49,0.8834516909676096,0.5309400845244177,354,0.667246663438098,0.44146298772168624,0.7993448942599639,0.6677343402923729,0.00018904375610873103,1890437.5610873103
PL,PL,16,100000000000.0,158489319246.11142,125305676411.33511,124250648603.46275,49,0.8834516909676096,0.5309400845244177,269,0.6592930428290901,0.49625552679111423,0.8112807227777431,0.6585201366169472,0.00018904375610873103,1890437.5610873103
PL,PL,17,158489319246.11142,251188643150.9582,194677347837.53568,193174830992.80536,49,0.8834516909676096,0.5309400845244177,152,0.6589540584423301,0.46029607364656205,0.8005989696930759,0.6557917090044406,0.00018904375610873103,1890437.5610873103
PL,PL,18,251188643150.9582,398107170553.4973,311308590158.046,308756896626.35986,49,0.8834516909676096,0.5309400845244177,106,0.6472928708244352,0.40489029969221413,0.7683613105684145,0.6097370632838026,0.00018904375610873103,1890437.5610873103
PL,PL,19,398107170553.4973,630957344480.1936,504418347795.0836,500334095189.1246,49,0.8834516909676096,0.5309400845244177,80,0.6096027111186026,0.3985268755667391,0.7897666680743682,0.5966331191612921,0.00018904375610873103,1890437.5610873103
PL,PL,20,630957344480.1936,1000000000000.0,819532419860.5974,813799602531.173,49,0.8834516909676096,0.5309400845244177,53,0.6582735649848145,0.4120675050691872,0.8067280577069548,0.6305515048483581,0.00018904375610873103,1890437.5610873103
PL,PL,1,100000000.0,158489319.24611133,124480785.67371623,123377258.73340058,50,0.7122288099705543,0.5840340929768594,104789,0.8324909261502501,0.6256221608556155,1.0179165147151257,0.8714382810156692,0.00018904375610873103,1890437.5610873103
PL,PL,2,158489319.24611133,251188643.15095794,198182688.2854623,196393014.7744587,50,0.7122288099705543,0.5840340929768594,73420,0.8255071931744914,0.6288170472536908,0.9999999800309955,0.8591007096904854,0.00018904375610873103,1890437.5610873103
PL,PL,3,251188643.15095794,398107170.5534973,315269545.5782962,312528320.285763,50,0.7122288099705543,0.5840340929768594,49350,0.819765715732531,0.631176845762758,0.982060238734308,0.8487444440909155,0.00018904375610873103,1890437.5610873103
PL,PL,4,398107170.5534973,630957344.4801933,498965185.4500744,494517055.3263346,50,0.7122288099705543,0.5840340929768594,33406,0.8140575193472425,0.630140190069545,0.9630440575276978,0.838518936928063,0.00018904375610873103,1890437.5610873103
PL,PL,5,630957344.4801933,999999999.9999999,790431026.4104142,783474610.116592,50,0.7122288099705543,0.5840340929768594,22209,0.8094699069618355,0.6362526170558409,0.9516577309714478,0.8318635272560346,0.00018904375610873103,1890437.5610873103
PL,PL,6,999999999.9999999,1584893192.461114,1251163255.325306,1240195605.3931932,50,0.7122288099705543,0.5840340929768594,14990,0.8031981600631555,0.6273137594229597,0.9355794279318936,0.8195135605218838,0.00018904375610873103,1890437.5610873103
PL,PL,7,1584893192.461114,2511886431.5095806,1981046677.5310223,1964027227.6914024,50,0.7122288099705543,0.5840340929768594,9552,0.7967851449624375,0.6274993947482902,0.9282684386372992,0.811712821757394,0.00018904375610873103,1890437.5610873103
PL,PL,8,2511886431.5095806,3981071705.534973,3144058218.694636,3116646638.573348,50,0.7122288099705543,0.5840340929768594,6608,0.7907438346348561,0.6171613054992613,0.9291634967030884,0.8093900825321683,0.00018904375610873103,1890437.5610873103
PL,PL,9,3981071705.534973,6309573444.801932,4968915168.064426,4925765642.617809,50,0.7122288099705543,0.5840340929768594,4313,0.7852465196288957,0.6009588307113586,0.9091780970016373,0.7954563952879479,0.00018904375610873103,1890437.5610873103
PL,PL,10,6309573444.801932,10000000000.0,7879793924.967092,7811404709.286439,50,0.7122288099705543,0.5840340929768594,2874,0.772835573300641,0.58166914944767,0.8987006924561147,0.7787882394732014,0.00018904375610873103,1890437.5610873103
PL,PL,11,10000000000.0,15848931924.611141,12527613590.893135,12418067522.559385,50,0.7122288099705543,0.5840340929768594,1877,0.767419676513064,0.5751103788047192,0.87593502686288,0.7634220397211664,0.00018904375610873103,1890437.5610873103
PL,PL,12,15848931924.611141,25118864315.095818,19842010840.87126,19666421572.067173,50,0.7122288099705543,0.5840340929768594,1262,0.7665783620518756,0.5670742281533189,0.8804399499861696,0.7691001610578279,0.00018904375610873103,1890437.5610873103
PL,PL,13,25118864315.095818,39810717055.34974,31508054900.50033,31226431157.655777,50,0.7122288099705543,0.5840340929768594,826,0.7559484792431239,0.56639392264481,0.8781192007674911,0.7541704557177119,0.00018904375610873103,1890437.5610873103
PL,PL,14,39810717055.34974,63095734448.01936,49643546422.0652,49213144396.41838,50,0.7122288099705543,0.5840340929768594,585,0.7527130978049131,0.5520179573937403,0.8740342292562139,0.7434151575716669,0.00018904375610873103,1890437.5610873103
PL,PL,15,63095734448.01936,100000000000.0,78490024380.14992,77814384723.34328,50,0.7122288099705543,0.5840340929768594,352,0.7347269586239836,0.5166861850127737,0.8644437473716052,0.7304633322130222,0.00018904375610873103,1890437.5610873103
PL,PL,16,100000000000.0,158489319246.11142,125174223475.20125,124118898725.93016,50,0.7122288099705543,0.5840340929768594,266,0.7237074441655996,0.5442609595113699,0.851790930873922,0.720037880213981,0.00018904375610873103,1890437.5610873103
PL,PL,17,158489319246.11142,251188643150.9582,194705105061.6298,193193685102.2272,50,0.7122288099705543,0.5840340929768594,150,0.7182879034200716,0.5209947100709207,0.842205868641938,0.6974337561488221,0.00018904375610873103,1890437.5610873103
PL,PL,18,251188643150.9582,398107170553.4973,311665314420.66284,309109858647.975,50,0.7122288099705543,0.5840340929768594,105,0.7017707937999453,0.44511909282663115,0.8152159223167615,0.6604160468873201,0.00018904375610873103,1890437.5610873103
PL,PL,19,398107170553.4973,630957344480.1936,504418347795.0836,500334095189.1246,50,0.7122288099705543,0.5840340929768594,80,0.6726071441584001,0.4279832123388877,0.8288646418614668,0.6557907016280343,0.00018904375610873103,1890437.5610873103
PL,PL,20,630957344480.1936,1000000000000.0,819532419860.5974,813799602531.173,50,0.7122288099705543,0.5840340929768594,53,0.7367994351972895,0.48076643141819647,0.8594394661619145,0.6915333592520746,0.00018904375610873103,1890437.5610873103
PL,PL,1,100000000.0,158489319.24611133,124464102.38916804,123360084.64849386,51,0.5565716454277756,0.6424375022745458,104163,0.8670247650539269,0.6740260465830766,1.0340454680750295,0.8963994904828648,0.00018904375610873103,1890437.5610873103
PL,PL,2,158489319.24611133,251188643.15095794,198168078.84963572,196378096.06464338,51,0.5565716454277756,0.6424375022745458,72768,0.8612973206433857,0.6824176862889025,1.0106225639989643,0.8863117343787157,0.00018904375610873103,1890437.5610873103
PL,PL,3,251188643.15095794,398107170.5534973,315198242.53957826,312462435.8370379,51,0.5565716454277756,0.6424375022745458,48821,0.8567944582261389,0.6861209033332454,0.9950701429718335,0.8765839111759908,0.00018904375610873103,1890437.5610873103
PL,PL,4,398107170.5534973,630957344.4801933,499086700.41561997,494636851.2300191,51,0.5565716454277756,0.6424375022745458,33066,0.8525522600990121,0.688894548464122,0.9819560138177399,0.8697847288156625,0.00018904375610873103,1890437.5610873103
PL,PL,5,630957344.4801933,999999999.9999999,790419420.8442018,783464829.5660992,51,0.5565716454277756,0.6424375022745458,22002,0.8479494728759505,0.6945629765978371,0.9708150501545986,0.8628005511911206,0.00018904375610873103,1890437.5610873103
PL,PL,6,999999999.9999999,1584893192.461114,1251341149.3566837,1240393817.024553,51,0.5565716454277756,0.6424375022745458,14864,0.8432815626092465,0.6897912257407509,0.9623636144152872,0.8574373531091363,0.00018904375610873103,1890437.5610873103
PL,PL,7,1584893192.461114,2511886431.5095806,1981147795.468741,1964151071.147339,51,0.5565716454277756,0.6424375022745458,9459,0.8393959835857941,0.6847396397494364,0.9521626319476725,0.8471439815810493,0.00018904375610873103,1890437.5610873103
PL,PL,8,2511886431.5095806,3981071705.534973,3144648400.7987227,3117115914.700153,51,0.5565716454277756,0.6424375022745458,6532,0.8356514273962834,0.6827502520775958,0.9519122955498182,0.8460215303602615,0.00018904375610873103,1890437.5610873103
PL,PL,9,3981071705.534973,6309573444.801932,4968655119.364129,4925605874.194821,51,0.5565716454277756,0.6424375022745458,4295,0.8290716273312925,0.6681601842857023,0.9452433860115277,0.8393088701720215,0.00018904375610873103,1890437.5610873103
PL,PL,10,6309573444.801932,10000000000.0,7882481470.17339,7814103887.321911,51,0.5565716454277756,0.6424375022745458,2866,0.8215239951785536,0.6578988288704826,0.9358752458782358,0.8269504257106252,0.00018904375610873103,1890437.5610873103
PL,PL,11,10000000000.0,15848931924.611141,12526021237.017569,12416384698.575153,51,0.5565716454277756,0.6424375022745458,1855,0.814801489564008,0.6344389351949938,0.9180964206425413,0.8127506484200693,0.00018904375610873103,1890437.5610873103
PL,PL,12,15848931924.611141,25118864315.095818,19842832339.046207,19666701390.99756,51,0.5565716454277756,0.6424375022745458,1254,0.8124717585746515,0.6338530454866409,0.9209874610769384,0.8128146098814707,0.00018904375610873103,1890437.5610873103
PL,PL,13,25118864315.095818,39810717055.34974,31505288165.370186,31224467468.648945,51,0.5565716454277756,0.6424375022745458,816,0.8014247592113339,0.629988044979832,0.9078653712006819,0.7961081151770862,0.00018904375610873103,1890437.5610873103
PL,PL,14,39810717055.34974,63095734448.01936,49656046457.12656,49224691782.18173,51,0.5565716454277756,0.6424375022745458,584,0.7999522917409427,0.5893448181273495,0.9034645855617488,0.7910318162200992,0.00018904375610873103,1890437.5610873103
PL,PL,15,63095734448.01936,100000000000.0,78367048623.99568,77696108038.21793,51,0.5565716454277756,0.6424375022745458,345,0.7867528801433634,0.6081075192801594,0.8981919387164957,0.7725056184469689,0.00018904375610873103,1890437.5610873103
PL,PL,16,100000000000.0,158489319246.11142,125152205874.72096,124098707389.16025,51,0.5565716454277756,0.6424375022745458,265,0.781878180905253,0.6196332306911895,0.9057764146538041,0.771453286830958,0.00018904375610873103,1890437.5610873103
PL,PL,17,158489319246.11142,251188643150.9582,194722720473.47546,193201178511.99728,51,0.5565716454277756,0.6424375022745458,149,0.7715534057696695,0.5881721383846128,0.8925868238100785,0.7636946985265451,0.00018904375610873103,1890437.5610873103
PL,PL,18,251188643150.9582,398107170553.4973,311308590158.046,308756896626.35986,51,0.5565716454277756,0.6424375022745458,106,0.7811290148800036,0.5122620681381538,0.8817642203909889,0.736657983145354,0.00018904375610873103,1890437.5610873103
PL,PL,19,398107170553.4973,630957344480.1936,503771822207.64044,499672182859.2873,51,0.5565716454277756,0.6424375022745458,79,0.7300389917517516,0.4770355274906355,0.8599299636953558,0.7094853753345934,0.00018904375610873103,1890437.5610873103
PL,PL,20,630957344480.1936,1000000000000.0,819112466365.8827,813278352944.2668,51,0.5565716454277756,0.6424375022745458,52,0.7729645247483865,0.5583326710335509,0.8598970151436524,0.7256625034422531,0.00018904375610873103,1890437.5610873103
PL,PL,1,100000000.0,158489319.24611133,124442843.97131298,123338020.28479123,52,0.4150651322070684,0.7066812525020004,103207,0.8980060693044363,0.7237407219790907,1.0419607579035612,0.9183731005327108,0.00018904375610873103,1890437.5610873103
PL,PL,2,158489319.24611133,251188643.15095794,198147444.17976394,196357876.26412085,52,0.4150651322070684,0.7066812525020004,72064,0.8943147147971648,0.7359213454691786,1.0229255809417646,0.9088318303241248,0.00018904375610873103,1890437.5610873103
PL,PL,3,251188643.15095794,398107170.5534973,315200445.397617,312462471.8870076,52,0.4150651322070684,0.7066812525020004,48226,0.8900779049117903,0.7414934734151807,1.0067377578338097,0.9007485268796853,0.00018904375610873103,1890437.5610873103
PL,PL,4,398107170.5534973,630957344.4801933,498945236.2570109,494490921.177715,52,0.4150651322070684,0.7066812525020004,32718,0.8873682889144779,0.7488015368147928,0.9956920190523293,0.8970614965914322,0.00018904375610873103,1890437.5610873103
PL,PL,5,630957344.4801933,999999999.9999999,790492907.4431553,783547034.4183388,52,0.4150651322070684,0.7066812525020004,21759,0.8854926565800914,0.7537271264779882,0.9864404408609045,0.8911420631181675,0.00018904375610873103,1890437.5610873103
PL,PL,6,999999999.9999999,1584893192.461114,1251335433.0008643,1240381051.0690763,52,0.4150651322070684,0.7066812525020004,14671,0.881314194203165,0.7534456503720123,0.9796792782379411,0.886264221505216,0.00018904375610873103,1890437.5610873103
PL,PL,7,1584893192.461114,2511886431.5095806,1979847411.2504175,1962849512.9960384,52,0.4150651322070684,0.7066812525020004,9356,0.8766118303424997,0.7478027558470745,0.9726271293091274,0.8800127445219588,0.00018904375610873103,1890437.5610873103
PL,PL,8,2511886431.5095806,3981071705.534973,3145536062.643839,3117986442.58269,52,0.4150651322070684,0.7066812525020004,6456,0.8734335064335492,0.745439470536764,0.9722528883142554,0.8798079018072315,0.00018904375610873103,1890437.5610873103
PL,PL,9,3981071705.534973,6309573444.801932,4966592740.971661,4923487197.455998,52,0.4150651322070684,0.7066812525020004,4244,0.8695756232363154,0.7365397295999327,0.9637628934459769,0.869841140584258,0.00018904375610873103,1890437.5610873103
PL,PL,10,6309573444.801932,10000000000.0,7871950455.698616,7803902970.743969,52,0.4150651322070684,0.7066812525020004,2838,0.8642095962674485,0.7173260499485364,0.9612536531906196,0.8617220756688801,0.00018904375610873103,1890437.5610873103
PL,PL,11,10000000000.0,15848931924.611141,12504971159.546545,12396089857.41344,52,0.4150651322070684,0.7066812525020004,1838,0.8594659220107641,0.72657392894899,0.9461014260330846,0.8503646935768232,0.00018904375610873103,1890437.5610873103
PL,PL,12,15848931924.611141,25118864315.095818,19860366163.74074,19686367944.329395,52,0.4150651322070684,0.7066812525020004,1246,0.8545690768122436,0.7092945127167473,0.9444246696159806,0.843805533146198,0.00018904375610873103,1890437.5610873103
PL,PL,13,25118864315.095818,39810717055.34974,31490589881.755016,31212430127.963276,52,0.4150651322070684,0.7066812525020004,808,0.8560438288027286,0.7092912529024525,0.9501276485063409,0.8481245971341104,0.00018904375610873103,1890437.5610873103
PL,PL,14,39810717055.34974,63095734448.01936,49628940639.725204,49190877567.61339,52,0.4150651322070684,0.7066812525020004,569,0.8405826995423553,0.6789845125809653,0.9271853496789965,0.8193132148298118,0.00018904375610873103,1890437.5610873103
PL,PL,15,63095734448.01936,100000000000.0,78425933793.91983,77758882641.65147,52,0.4150651322070684,0.7066812525020004,345,0.8476554938688213,0.6561678203058969,0.9412618287311493,0.8162091675063863,0.00018904375610873103,1890437.5610873103
PL,PL,16,100000000000.0,158489319246.11142,125251350548.5338,124185166712.05826,52,0.4150651322070684,0.7066812525020004,261,0.8352128851177716,0.6702821731857129,0.9295000209405702,0.8208850195498673,0.00018904375610873103,1890437.5610873103
PL,PL,17,158489319246.11142,251188643150.9582,194362062548.71152,192865354291.78198,52,0.4150651322070684,0.7066812525020004,149,0.8318880727905628,0.660499937989718,0.9425928577629309,0.8141445282881135,0.00018904375610873103,1890437.5610873103
PL,PL,18,251188643150.9582,398107170553.4973,310657150424.98303,308142078996.11237,52,0.4150651322070684,0.7066812525020004,104,0.8330456155449004,0.5702551400713436,0.9280009050888827,0.7849254861796507,0.00018904375610873103,1890437.5610873103
PL,PL,19,398107170553.4973,630957344480.1936,504418347795.0836,500334095189.1246,52,0.4150651322070684,0.7066812525020004,80,0.796582986134597,0.554706569636263,0.9156104831702379,0.8036706197748016,0.00018904375610873103,1890437.5610873103
PL,PL,20,630957344480.1936,1000000000000.0,819532419860.5974,813799602531.173,52,0.4150651322070684,0.7066812525020004,53,0.8125910579446277,0.6773972117075272,0.8942839843577156,0.7887395332702362,0.00018904375610873103,1890437.5610873103
PL,PL,1,100000000.0,158489319.24611133,124420940.15768087,123316382.26819576,53,0.2864228474609716,0.7773493777522004,102187,0.9271373406053877,0.7817572405947227,1.0487717509373555,0.940891654832686,0.00018904375610873103,1890437.5610873103
PL,PL,2,158489319.24611133,251188643.15095794,198097826.4700241,196307864.40480438,53,0.2864228474609716,0.7773493777522004,71127,0.9241047404264988,0.7943828017459696,1.0318727891482482,0.9314328572637589,0.00018904375610873103,1890437.5610873103
PL,PL,3,251188643.15095794,398107170.5534973,315150214.102862,312408988.3309182,53,0.2864228474609716,0.7773493777522004,47614,0.9217560209863414,0.8033668664205489,1.0177334401257996,0.9255569946004002,0.00018904375610873103,1890437.5610873103
PL,PL,4,398107170.5534973,630957344.4801933,499160271.15485543,494709467.3323867,53,0.2864228474609716,0.7773493777522004,32283,0.9207051784358559,0.8124128026698961,1.0079520113174711,0.9214139813067785,0.00018904375610873103,1890437.5610873103
PL,PL,5,630957344.4801933,999999999.9999999,790730095.5126789,783813400.6082327,53,0.2864228474609716,0.7773493777522004,21508,0.9192591908837289,0.8168747435166447,0.9975602314947196,0.9190283747313728,0.00018904375610873103,1890437.5610873103
PL,PL,6,999999999.9999999,1584893192.461114,1251075377.4557483,1240119577.3027294,53,0.2864228474609716,0.7773493777522004,14602,0.9171114604801271,0.8182786412994055,0.9926217588456722,0.9155304233689118,0.00018904375610873103,1890437.5610873103
PL,PL,7,1584893192.461114,2511886431.5095806,1978940824.7217114,1962030290.4895122,53,0.2864228474609716,0.7773493777522004,9310,0.912662222502182,0.8158558088416148,0.9870638678228333,0.9107117539957769,0.00018904375610873103,1890437.5610873103
PL,PL,8,2511886431.5095806,3981071705.534973,3143906665.2207756,3116482115.883453,53,0.2864228474609716,0.7773493777522004,6376,0.9120710095041847,0.8173465687720333,0.9856318623319681,0.9104516289282539,0.00018904375610873103,1890437.5610873103
PL,PL,9,3981071705.534973,6309573444.801932,4966133396.898618,4923208907.094562,53,0.2864228474609716,0.7773493777522004,4238,0.9092596351384181,0.8138923225624007,0.9856226109445861,0.9102924873318793,0.00018904375610873103,1890437.5610873103
PL,PL,10,6309573444.801932,10000000000.0,7872100691.915994,7803956305.211103,53,0.2864228474609716,0.7773493777522004,2812,0.9050275016369751,0.8009985299213092,0.9787002003622122,0.8955829116016275,0.00018904375610873103,1890437.5610873103
PL,PL,11,10000000000.0,15848931924.611141,12498203153.90614,12389038383.061968,53,0.2864228474609716,0.7773493777522004,1845,0.9023599209052121,0.8027302152709598,0.9707477497059158,0.8952748188893149,0.00018904375610873103,1890437.5610873103
PL,PL,12,15848931924.611141,25118864315.095818,19874448338.023743,19700144081.656384,53,0.2864228474609716,0.7773493777522004,1234,0.8990644857611494,0.7968981884473009,0.9712893812127157,0.8917081121859237,0.00018904375610873103,1890437.5610873103
PL,PL,13,25118864315.095818,39810717055.34974,31495207472.229336,31217183283.12082,53,0.2864228474609716,0.7773493777522004,808,0.9002267834119508,0.8015196547639705,0.977417316666156,0.8919645567262848,0.00018904375610873103,1890437.5610873103
PL,PL,14,39810717055.34974,63095734448.01936,49636462601.72215,49197498772.25533,53,0.2864228474609716,0.7773493777522004,570,0.886374278004741,0.7733084307610938,0.9511955031533519,0.8673763682404212,0.00018904375610873103,1890437.5610873103
PL,PL,15,63095734448.01936,100000000000.0,78328320018.96825,77655453453.64008,53,0.2864228474609716,0.7773493777522004,344,0.8844962158723657,0.7611986650152015,0.9591076248837573,0.8646935848072099,0.00018904375610873103,1890437.5610873103
PL,PL,16,100000000000.0,158489319246.11142,125086409372.46858,124011846008.49733,53,0.2864228474609716,0.7773493777522004,260,0.8795195012256838,0.7682636210436289,0.9664809983359428,0.8722181352605717,0.00018904375610873103,1890437.5610873103
PL,PL,17,158489319246.11142,251188643150.9582,194362062548.71152,192865354291.78198,53,0.2864228474609716,0.7773493777522004,149,0.8810413420986271,0.7879931629322606,0.9694752729278087,0.8723543054419463,0.00018904375610873103,1890437.5610873103
PL,PL,18,251188643150.9582,398107170553.4973,310607723128.0864,308092081419.187,53,0.2864228474609716,0.7773493777522004,104,0.8817857513620337,0.7360100990788332,0.9501980483436123,0.8501864494268063,0.00018904375610873103,1890437.5610873103
PL,PL,19,398107170553.4973,630957344480.1936,503771822207.64044,499672182859.2873,53,0.2864228474609716,0.7773493777522004,79,0.863192211096041,0.7244131011311283,0.9595840350700333,0.8513689917881121,0.00018904375610873103,1890437.5610873103
PL,PL,20,630957344480.1936,1000000000000.0,820868132135.4575,815076710791.377,53,0.2864228474609716,0.7773493777522004,52,0.8555535845244209,0.7072631605903997,0.9277386421870066,0.835552913737134,0.00018904375610873103,1890437.5610873103
PL,PL,1,100000000.0,158489319.24611133,124400180.44850568,123296236.47645715,54,0.16947531587361064,0.8550843155274203,102290,0.9556353652663192,0.8423294412850368,1.0530375157254708,0.9671715993611596,0.00018904375610873103,1890437.5610873103
PL,PL,2,158489319.24611133,251188643.15095794,198090351.22365442,196302808.77949956,54,0.16947531587361064,0.8550843155274203,71118,0.9551032714863344,0.8560616115317881,1.0407922551483395,0.9605361426265688,0.00018904375610873103,1890437.5610873103
PL,PL,3,251188643.15095794,398107170.5534973,315189902.7392723,312446934.3657933,54,0.16947531587361064,0.8550843155274203,47521,0.9534700964940873,0.8659913099210134,1.027691933313862,0.9547275211141489,0.00018904375610873103,1890437.5610873103
PL,PL,4,398107170.5534973,630957344.4801933,499030494.05283964,494587161.504044,54,0.16947531587361064,0.8550843155274203,32276,0.9527705986468751,0.875733631106095,1.0196578736338742,0.9537109638042955,0.00018904375610873103,1890437.5610873103
PL,PL,5,630957344.4801933,999999999.9999999,790746241.0550593,783807803.6242628,54,0.16947531587361064,0.8550843155274203,21455,0.9520686273101735,0.8824352353270952,1.0117534512916424,0.9513299938341283,0.00018904375610873103,1890437.5610873103
PL,PL,6,999999999.9999999,1584893192.461114,1250494796.7531648,1239562785.8604796,54,0.16947531587361064,0.8550843155274203,14635,0.9493465187111688,0.8850829695140028,1.006045031386043,0.9490048970964864,0.00018904375610873103,1890437.5610873103
PL,PL,7,1584893192.461114,2511886431.5095806,1979010136.943879,1962061527.159802,54,0.16947531587361064,0.8550843155274203,9314,0.9481998109606132,0.8845738018284953,1.001603520833367,0.9481743355149318,0.00018904375610873103,1890437.5610873103
PL,PL,8,2511886431.5095806,3981071705.534973,3144739501.825459,3117178629.915415,54,0.16947531587361064,0.8550843155274203,6368,0.9477550483484918,0.886768058637408,1.0013127320794823,0.9470756640149339,0.00018904375610873103,1890437.5610873103
PL,PL,9,3981071705.534973,6309573444.801932,4968588064.696554,4925604455.565851,54,0.16947531587361064,0.8550843155274203,4255,0.9451472349584668,0.8873299233555844,0.9980022819965901,0.949417662729709,0.00018904375610873103,1890437.5610873103
PL,PL,10,6309573444.801932,10000000000.0,7878299931.215118,7810265655.02792,54,0.16947531587361064,0.8550843155274203,2846,0.9435044257717176,0.8816857832148826,0.9945181942505443,0.940113291411129,0.00018904375610873103,1890437.5610873103
PL,PL,11,10000000000.0,15848931924.611141,12506579759.390512,12397454191.183416,54,0.16947531587361064,0.8550843155274203,1836,0.940906191359802,0.8840544093045726,0.990248081433775,0.9342995913109806,0.00018904375610873103,1890437.5610873103
PL,PL,12,15848931924.611141,25118864315.095818,19859568258.7656,19684175200.64612,54,0.16947531587361064,0.8550843155274203,1242,0.9390119530981964,0.8753399384587695,0.9883875858109916,0.9364823943314946,0.00018904375610873103,1890437.5610873103
PL,PL,13,25118864315.095818,39810717055.34974,31553419584.347088,31276357779.336082,54,0.16947531587361064,0.8550843155274203,810,0.9370508920639598,0.8794463220160121,0.991367276257182,0.9343823833213233,0.00018904375610873103,1890437.5610873103
PL,PL,14,39810717055.34974,63095734448.01936,49627273662.234566,49196044679.72247,54,0.16947531587361064,0.8550843155274203,582,0.9315366871739238,0.8638938739556982,0.9779119478954805,0.9263333419802002,0.00018904375610873103,1890437.5610873103
PL,PL,15,63095734448.01936,100000000000.0,78550385248.34906,77878528713.34802,54,0.16947531587361064,0.8550843155274203,349,0.928462997375083,0.8532462106934636,0.9812029702518463,0.913765594306705,0.00018904375610873103,1890437.5610873103
PL,PL,16,100000000000.0,158489319246.11142,125045383697.59984,123988365013.7106,54,0.16947531587361064,0.8550843155274203,264,0.9317429469729223,0.8635069563009798,0.9936169348572155,0.923288443812766,0.00018904375610873103,1890437.5610873103
PL,PL,17,158489319246.11142,251188643150.9582,194925338830.283,193397425635.0555,54,0.16947531587361064,0.8550843155274203,152,0.9304567170552374,0.8750408645074612,0.9915506324238905,0.9280750533967975,0.00018904375610873103,1890437.5610873103
PL,PL,18,251188643150.9582,398107170553.4973,310871412643.04285,308369237166.5105,54,0.16947531587361064,0.8550843155274203,104,0.9251815774008203,0.839623347056553,0.9809219433972682,0.912421402625917,0.00018904375610873103,1890437.5610873103
PL,PL,19,398107170553.4973,630957344480.1936,504729791007.75323,500649279821.41345,54,0.16947531587361064,0.8550843155274203,78,0.9323355314302932,0.8661199787453365,0.9743841300684525,0.9097153141445724,0.00018904375610873103,1890437.5610873103
PL,PL,20,630957344480.1936,1000000000000.0,819532419860.5974,813799602531.173,54,0.16947531587361064,0.8550843155274203,53,0.908288274623833,0.7980114626246058,0.9506634152208845,0.8904352349478535,0.00018904375610873103,1890437.5610873103
PL,PL,1,100000000.0,158489319.24611133,124394170.17496762,123289448.84711482,55,0.06315937806691885,0.9405927470801623,105458,0.9842957633701808,0.9035394761832838,1.0544570447008719,0.9912186894963917,0.00018904375610873103,1890437.5610873103
PL,PL,2,158489319.24611133,251188643.15095794,198123821.3459946,196335708.29651612,55,0.06315937806691885,0.9405927470801623,73245,0.9825875921919774,0.9141861718688192,1.0443570494766532,0.9872109704251776,0.00018904375610873103,1890437.5610873103
PL,PL,3,251188643.15095794,398107170.5534973,315138910.4657287,312398453.1169817,55,0.06315937806691885,0.9405927470801623,48975,0.982060238734308,0.923849172483678,1.0355902636547156,0.9827004302348624,0.00018904375610873103,1890437.5610873103
PL,PL,4,398107170.5534973,630957344.4801933,499015916.403752,494573936.24162835,55,0.06315937806691885,0.9405927470801623,33080,0.9827280896461081,0.9326743169906161,1.028357686104325,0.9826773132223104,0.00018904375610873103,1890437.5610873103
PL,PL,5,630957344.4801933,999999999.9999999,790614715.0641938,783661038.5373676,55,0.06315937806691885,0.9405927470801623,22112,0.9823387239179496,0.9382615383623637,1.0225624925816892,0.9824808152878012,0.00018904375610873103,1890437.5610873103
PL,PL,6,999999999.9999999,1584893192.461114,1251150576.8730347,1240207378.9020948,55,0.06315937806691885,0.9405927470801623,14994,0.9818420306141473,0.9427525088752077,1.0172197900743867,0.9816038549264426,0.00018904375610873103,1890437.5610873103
PL,PL,7,1584893192.461114,2511886431.5095806,1980550272.65755,1963552562.0887566,55,0.06315937806691885,0.9405927470801623,9516,0.9804529725392672,0.9458752899032749,1.012318179244692,0.9795770341810727,0.00018904375610873103,1890437.5610873103
PL,PL,8,2511886431.5095806,3981071705.534973,3143981852.5036197,3116554159.542424,55,0.06315937806691885,0.9405927470801623,6551,0.9810790287681261,0.9485586038446566,1.0120424460491484,0.9845214211188285,0.00018904375610873103,1890437.5610873103
PL,PL,9,3981071705.534973,6309573444.801932,4969407264.459142,4926305375.402902,55,0.06315937806691885,0.9405927470801623,4328,0.9797262286735839,0.949972446251005,1.0081623112188496,0.9823332911641438,0.00018904375610873103,1890437.5610873103
PL,PL,10,6309573444.801932,10000000000.0,7880141406.371979,7811942213.755096,55,0.06315937806691885,0.9405927470801623,2894,0.979633045363334,0.9517484241541012,1.0072966711798708,0.9807164675899056,0.00018904375610873103,1890437.5610873103
PL,PL,11,10000000000.0,15848931924.611141,12504618119.585577,12395847128.9418,55,0.06315937806691885,0.9405927470801623,1874,0.9774959548745613,0.9518548138030394,1.0017881657863432,0.9702297491389317,0.00018904375610873103,1890437.5610873103
PL,PL,12,15848931924.611141,25118864315.095818,19837651194.436344,19661941745.273502,55,0.06315937806691885,0.9405927470801623,1270,0.9785393724384919,0.9536260048273166,1.0041153102706604,0.9792778978645036,0.00018904375610873103,1890437.5610873103
PL,PL,13,25118864315.095818,39810717055.34974,31555186802.02012,31273516363.10232,55,0.06315937806691885,0.9405927470801623,825,0.9766664774869104,0.9517787521564665,1.0023497331048283,0.9814322743300331,0.00018904375610873103,1890437.5610873103
PL,PL,14,39810717055.34974,63095734448.01936,49536171667.31023,49112467376.68742,55,0.06315937806691885,0.9405927470801623,585,0.9751531784046245,0.9493696461944565,0.9968857904815125,0.9687139035370061,0.00018904375610873103,1890437.5610873103
PL,PL,15,63095734448.01936,100000000000.0,78556277087.94252,77880660629.67001,55,0.06315937806691885,0.9405927470801623,350,0.977346265278416,0.9498004251890112,1.0028320257764067,0.9708293046883286,0.00018904375610873103,1890437.5610873103
PL,PL,16,100000000000.0,158489319246.11142,125209791976.14534,124144219543.03432,55,0.06315937806691885,0.9405927470801623,265,0.9759159400501722,0.9552099572018911,0.9997278922641735,0.9728992996106676,0.00018904375610873103,1890437.5610873103
PL,PL,17,158489319246.11142,251188643150.9582,194939165673.81696,193421018747.4252,55,0.06315937806691885,0.9405927470801623,153,0.9727327624739742,0.9495951540781495,0.9965061355466727,0.9651593678789067,0.00018904375610873103,1890437.5610873103
PL,PL,18,251188643150.9582,398107170553.4973,310575079073.53766,308083383099.3938,55,0.06315937806691885,0.9405927470801623,105,0.9729133883322062,0.9452229292154943,0.999023237661471,0.9536812263800406,0.00018904375610873103,1890437.5610873103
PL,PL,19,398107170553.4973,630957344480.1936,504418347795.0836,500334095189.1246,55,0.06315937806691885,0.9405927470801623,80,0.9691971495497617,0.9464265065495655,0.9900478010245232,0.964715598609553,0.00018904375610873103,1890437.5610873103
PL,PL,20,630957344480.1936,1000000000000.0,819532419860.5974,813799602531.173,55,0.06315937806691885,0.9405927470801623,53,0.970732934255394,0.949548128059141,0.9988081231811058,0.9600102904157337,0.00018904375610873103,1890437.5610873103
PL,PL,1,100000000.0,158489319.24611133,124439347.85207456,123334750.65604207,56,0.0,1.0,111004,1.0000000067099921,0.9999999836241451,1.0000000285932948,1.0000000070509942,0.00018904375610873103,1890437.5610873103
PL,PL,2,158489319.24611133,251188643.15095794,198177174.1107264,196387650.37555557,56,0.0,1.0,77426,0.9999999994014888,0.9999999637125275,1.000000026819675,0.9999999982922316,0.00018904375610873103,1890437.5610873103
PL,PL,3,251188643.15095794,398107170.5534973,315180757.0047247,312440015.66116524,56,0.0,1.0,51822,1.0000000009185108,0.999999970793617,1.0000000225724377,1.0000000000847435,0.00018904375610873103,1890437.5610873103
PL,PL,4,398107170.5534973,630957344.4801933,498889309.29318315,494442724.6094102,56,0.0,1.0,35056,0.9999999952505968,0.9999999684063879,1.0000000228554446,0.9999999957635006,0.00018904375610873103,1890437.5610873103
PL,PL,5,630957344.4801933,999999999.9999999,790556695.478218,783608786.340138,56,0.0,1.0,23258,0.9999999944378712,0.9999999653805655,1.000000029624677,0.9999999963059828,0.00018904375610873103,1890437.5610873103
PL,PL,6,999999999.9999999,1584893192.461114,1251440430.968674,1240499401.1744914,56,0.0,1.0,15701,0.9999999982777819,0.9999999722512154,1.000000027870548,0.9999999987833409,0.00018904375610873103,1890437.5610873103
PL,PL,7,1584893192.461114,2511886431.5095806,1980290755.8659618,1963279554.2072947,56,0.0,1.0,9949,0.9999999999182069,0.9999999751566958,1.0000000237908486,0.9999999998028071,0.00018904375610873103,1890437.5610873103
PL,PL,8,2511886431.5095806,3981071705.534973,3143806683.7700973,3116413308.0604835,56,0.0,1.0,6848,0.9999999995737334,0.99999996733442,1.0000000325462086,0.9999999994079647,0.00018904375610873103,1890437.5610873103
PL,PL,9,3981071705.534973,6309573444.801932,4966425692.021024,4923398527.435106,56,0.0,1.0,4496,1.0000000008025955,0.999999973648243,1.000000028094925,1.000000000531481,0.00018904375610873103,1890437.5610873103
PL,PL,10,6309573444.801932,10000000000.0,7881285698.75889,7813062456.765492,56,0.0,1.0,3000,0.9999999983644696,0.999999973046356,1.0000000256208625,0.9999999991950693,0.00018904375610873103,1890437.5610873103
PL,PL,11,10000000000.0,15848931924.611141,12518354026.022299,12408830157.935425,56,0.0,1.0,1937,0.9999999988002037,0.9999999674300561,1.0000000337055446,0.9999999999634165,0.00018904375610873103,1890437.5610873103
PL,PL,12,15848931924.611141,25118864315.095818,19833933133.565388,19659319532.846687,56,0.0,1.0,1310,1.0000000011787247,0.9999999733916692,1.000000027315611,1.0000000005680045,0.00018904375610873103,1890437.5610873103
PL,PL,13,25118864315.095818,39810717055.34974,31528714433.951107,31247395117.983105,56,0.0,1.0,844,1.0000000017517725,0.9999999755036376,1.0000000256073613,1.0000000009217642,0.00018904375610873103,1890437.5610873103
PL,PL,14,39810717055.34974,63095734448.01936,49652916359.63295,49224135937.175186,56,0.0,1.0,598,1.0000000024084934,0.9999999677263323,1.00000003296684,1.0000000009837633,0.00018904375610873103,1890437.5610873103
PL,PL,15,63095734448.01936,100000000000.0,78424568598.5091,77754169414.1475,56,0.0,1.0,359,1.0000000005957366,0.9999999740561057,1.0000000274949692,1.0000000004796694,0.00018904375610873103,1890437.5610873103
PL,PL,16,100000000000.0,158489319246.11142,125260975159.1522,124206756339.73474,56,0.0,1.0,271,1.000000000180337,0.999999973865775,1.0000000251872643,1.000000000211874,0.00018904375610873103,1890437.5610873103
PL,PL,17,158489319246.11142,251188643150.9582,194939165673.81696,193421018747.4252,56,0.0,1.0,153,0.9999999950476876,0.9999999659025158,1.0000000250837038,0.9999999963216265,0.00018904375610873103,1890437.5610873103
PL,PL,18,251188643150.9582,398107170553.4973,311308590158.046,308756896626.35986,56,0.0,1.0,106,1.0000000025562974,0.9999999781746399,1.000000026482694,1.0000000018891502,0.00018904375610873103,1890437.5610873103
PL,PL,19,398107170553.4973,630957344480.1936,504418347795.0836,500334095189.1246,56,0.0,1.0,80,1.0000000056945533,0.9999999804517546,1.0000000277097465,1.0000000040059944,0.00018904375610873103,1890437.5610873103
PL,PL,20,630957344480.1936,1000000000000.0,819532419860.5974,813799602531.173,56,0.0,1.0,53,0.9999999955217537,0.9999999688239252,1.0000000280488266,0.9999999978094103,0.00018904375610873103,1890437.5610873103
BT_soft,BT $k_p=1$,1,100000000.0,158489319.24611133,128833672.25281492,127787772.3373077,21,26.16124480141175,0.036817163841769994,441,0.30465956009595474,0.2439179651379103,0.4088670693413537,0.3331355503738582,0.00018904375610873103,1890437.5610873103
BT_soft,BT $k_p=1$,2,158489319.24611133,251188643.15095794,207916550.96967426,206142561.87643048,21,26.16124480141175,0.036817163841769994,861,0.19045712930899086,0.15087732705981605,0.2613484574231865,0.20868567945298033,0.00018904375610873103,1890437.5610873103
BT_soft,BT $k_p=1$,3,251188643.15095794,398107170.5534973,326509471.7755904,323726472.05827564,21,26.16124480141175,0.036817163841769994,1568,0.11954929045011599,0.09642810910895969,0.166862348501151,0.13313299034283332,0.00018904375610873103,1890437.5610873103
BT_soft,BT $k_p=1$,4,398107170.5534973,630957344.4801933,513733280.628133,509309519.8901544,21,26.16124480141175,0.036817163841769994,2404,0.07963761363511929,0.06283546576691228,0.11232399808964434,0.08808521311868209,0.00018904375610873103,1890437.5610873103
BT_soft,BT $k_p=1$,5,630957344.4801933,999999999.9999999,808649635.3207587,801479765.5138961,21,26.16124480141175,0.036817163841769994,3052,0.05216390139989067,0.039871923068380694,0.07553659679529585,0.058752762299974226,0.00018904375610873103,1890437.5610873103
BT_soft,BT $k_p=1$,6,999999999.9999999,1584893192.461114,1270212297.5791674,1258811904.583888,21,26.16124480141175,0.036817163841769994,3681,0.03537577666941433,0.026524365910069854,0.05408764367690589,0.04067982789837234,0.00018904375610873103,1890437.5610873103
BT_soft,BT $k_p=1$,7,1584893192.461114,2511886431.5095806,2009590206.4257233,1992089401.143456,21,26.16124480141175,0.036817163841769994,3605,0.023858472619548217,0.017334801327530996,0.03786981751510123,0.028011402334162192,0.00018904375610873103,1890437.5610873103
BT_soft,BT $k_p=1$,8,2511886431.5095806,3981071705.534973,3165144045.8324995,3137156714.409263,21,26.16124480141175,0.036817163841769994,3254,0.01605346356397048,0.011344535140608715,0.02741224352276255,0.019357729172334057,0.00018904375610873103,1890437.5610873103
BT_soft,BT $k_p=1$,9,3981071705.534973,6309573444.801932,5031211818.908213,4986180095.469868,21,26.16124480141175,0.036817163841769994,2894,0.011127139429566137,0.007439232108685878,0.01931863919060262,0.01363703735178364,0.00018904375610873103,1890437.5610873103
BT_soft,BT $k_p=1$,10,6309573444.801932,10000000000.0,7955452112.892939,7885651583.505053,21,26.16124480141175,0.036817163841769994,2347,0.007625835469750482,0.004898656132099849,0.014122970230276262,0.009661153378233832,0.00018904375610873103,1890437.5610873103
BT_soft,BT $k_p=1$,11,10000000000.0,15848931924.611141,12575244402.390276,12462096102.957273,21,26.16124480141175,0.036817163841769994,1777,0.005256219791425601,0.003143318755090118,0.01031202755016667,0.006953448781984839,0.00018904375610873103,1890437.5610873103
BT_soft,BT $k_p=1$,12,15848931924.611141,25118864315.095818,19889184127.013706,19713649721.737354,21,26.16124480141175,0.036817163841769994,1318,0.0036659152950686263,0.002051162903294739,0.007541767355038424,0.00486434962531195,0.00018904375610873103,1890437.5610873103
BT_soft,BT $k_p=1$,13,25118864315.095818,39810717055.34974,31681798869.58815,31397068536.66461,21,26.16124480141175,0.036817163841769994,921,0.0026368822414417057,0.0014198115823001393,0.005874321184832219,0.0036632205846258295,0.00018904375610873103,1890437.5610873103
BT_soft,BT $k_p=1$,14,39810717055.34974,63095734448.01936,49981879311.19618,49532426136.433304,21,26.16124480141175,0.036817163841769994,678,0.0019750816590677475,0.0010053712978185633,0.003947450574492461,0.0025839171658576673,0.00018904375610873103,1890437.5610873103
BT_soft,BT $k_p=1$,15,63095734448.01936,100000000000.0,78402012060.24365,77743044612.76103,21,26.16124480141175,0.036817163841769994,454,0.0014008219342566547,0.00070298783833448,0.003293195965695052,0.0019652145939130557,0.00018904375610873103,1890437.5610873103
BT_soft,BT $k_p=1$,16,100000000000.0,158489319246.11142,125614906137.13547,124424755633.4643,21,26.16124480141175,0.036817163841769994,338,0.0009031614196581185,0.00044323485066959567,0.002053701431626247,0.0012793609559895143,0.00018904375610873103,1890437.5610873103
BT_soft,BT $k_p=1$,17,158489319246.11142,251188643150.9582,196533878758.72763,194614621986.80502,21,26.16124480141175,0.036817163841769994,239,0.0007404915193078637,0.00030946835516727317,0.0016405164378115325,0.0010169623977267712,0.00018904375610873103,1890437.5610873103
BT_soft,BT $k_p=1$,18,251188643150.9582,398107170553.4973,309404673583.7751,306594832715.3269,21,26.16124480141175,0.036817163841769994,147,0.0005951457571624888,0.0002787802871743056,0.0015916555883796492,0.0008845661725501584,0.00018904375610873103,1890437.5610873103
BT_soft,BT $k_p=1$,19,398107170553.4973,630957344480.1936,502630209064.6164,497977867946.0459,21,26.16124480141175,0.036817163841769994,95,0.00035868981142967826,0.00015260535908590434,0.0007512453254836795,0.0004489001467523251,0.00018904375610873103,1890437.5610873103
BT_soft,BT $k_p=1$,20,630957344480.1936,1000000000000.0,787012400343.7468,779438766782.8615,21,26.16124480141175,0.036817163841769994,65,0.0002977228687050183,0.00012598685618270798,0.0006404941611234183,0.000423511586021918,0.00018904375610873103,1890437.5610873103
BT_soft,BT $k_p=1$,1,100000000.0,158489319.24611133,129324557.3131404,128218886.27968758,22,23.692040728556133,0.040498880225947005,1119,0.3102776586671312,0.2435051045236301,0.4303231596808918,0.34583468829716624,0.00018904375610873103,1890437.5610873103
BT_soft,BT $k_p=1$,2,158489319.24611133,251188643.15095794,206860862.26176772,205082023.4515997,22,23.692040728556133,0.040498880225947005,2144,0.19208165230467394,0.15129758754790068,0.26778579540965297,0.2130281948393453,0.00018904375610873103,1890437.5610873103
BT_soft,BT $k_p=1$,3,251188643.15095794,398107170.5534973,324793272.2731909,322054269.03759104,22,23.692040728556133,0.040498880225947005,3657,0.1252284364141983,0.09984918417478696,0.1746649670491648,0.13994202776982406,0.00018904375610873103,1890437.5610873103
BT_soft,BT $k_p=1$,4,398107170.5534973,630957344.4801933,511058392.62713677,506684558.17238766,22,23.692040728556133,0.040498880225947005,5036,0.08298057132526539,0.06460186847475717,0.12067316838324355,0.09391188661727988,0.00018904375610873103,1890437.5610873103
BT_soft,BT $k_p=1$,5,630957344.4801933,999999999.9999999,803390421.507926,796267436.0077789,22,23.692040728556133,0.040498880225947005,5843,0.05581171358820075,0.042277300684643485,0.08605710807340586,0.06442892396092358,0.00018904375610873103,1890437.5610873103
BT_soft,BT $k_p=1$,6,999999999.9999999,1584893192.461114,1269163453.0403745,1257929610.4471252,22,23.692040728556133,0.040498880225947005,6355,0.03815735210941046,0.027680734080676502,0.06155963424502498,0.045037450867472455,0.00018904375610873103,1890437.5610873103
BT_soft,BT $k_p=1$,7,1584893192.461114,2511886431.5095806,1998683808.4976714,1981111161.0534031,22,23.692040728556133,0.040498880225947005,5868,0.026458387215639555,0.01834707752358005,0.04471754835156492,0.031760784095123215,0.00018904375610873103,1890437.5610873103
BT_soft,BT $k_p=1$,8,2511886431.5095806,3981071705.534973,3157913855.453497,3130214034.92569,22,23.692040728556133,0.040498880225947005,4800,0.018372084579136666,0.012027897639126189,0.03312461274476076,0.022669319565626712,0.00018904375610873103,1890437.5610873103
BT_soft,BT $k_p=1$,9,3981071705.534973,6309573444.801932,5008875272.477456,4964348410.069581,22,23.692040728556133,0.040498880225947005,4014,0.012932969595897181,0.007989092969120558,0.024370771684560807,0.016282356267306383,0.00018904375610873103,1890437.5610873103
BT_soft,BT $k_p=1$,10,6309573444.801932,10000000000.0,7933716666.258884,7864001393.20894,22,23.692040728556133,0.040498880225947005,3127,0.009124988119378216,0.005230728866661534,0.01783611637293936,0.011808626431253386,0.00018904375610873103,1890437.5610873103
BT_soft,BT $k_p=1$,11,10000000000.0,15848931924.611141,12560815962.947607,12448568606.475294,22,23.692040728556133,0.040498880225947005,2189,0.006706792225120246,0.0036660318312326206,0.013983330435762413,0.008948672860699006,0.00018904375610873103,1890437.5610873103
BT_soft,BT $k_p=1$,12,15848931924.611141,25118864315.095818,19851472051.70936,19674811209.06738,22,23.692040728556133,0.040498880225947005,1585,0.004725049098530874,0.0024674807236661385,0.010762299635128876,0.006498099422611861,0.00018904375610873103,1890437.5610873103
BT_soft,BT $k_p=1$,13,25118864315.095818,39810717055.34974,31694290034.21508,31413431045.77194,22,23.692040728556133,0.040498880225947005,1056,0.003788302901846118,0.001707264910716996,0.008059022829265617,0.005032431143524649,0.00018904375610873103,1890437.5610873103
BT_soft,BT $k_p=1$,14,39810717055.34974,63095734448.01936,49801823784.920204,49354082980.408585,22,23.692040728556133,0.040498880225947005,747,0.002849529051568546,0.001340849415998339,0.005972371999352675,0.0037234713948992512,0.00018904375610873103,1890437.5610873103
BT_soft,BT $k_p=1$,15,63095734448.01936,100000000000.0,78600215377.365,77933735443.55179,22,23.692040728556133,0.040498880225947005,484,0.0020582163471949207,0.0009680766172539166,0.004747225499236717,0.0028064238077605873,0.00018904375610873103,1890437.5610873103
BT_soft,BT $k_p=1$,16,100000000000.0,158489319246.11142,125542263786.73132,124381488521.2532,22,23.692040728556133,0.040498880225947005,358,0.0012942084949496419,0.0006168182318167131,0.0031935966361633056,0.0018513153173327277,0.00018904375610873103,1890437.5610873103
BT_soft,BT $k_p=1$,17,158489319246.11142,251188643150.9582,196572254187.30652,194661555843.92188,22,23.692040728556133,0.040498880225947005,252,0.0010950976562361728,0.00044339560913678845,0.002646413475768393,0.0015437524791888028,0.00018904375610873103,1890437.5610873103
BT_soft,BT $k_p=1$,18,251188643150.9582,398107170553.4973,309851142885.18066,307000455924.3358,22,23.692040728556133,0.040498880225947005,145,0.0009403765588539004,0.0004414962582342651,0.0023959390885550376,0.00137963842972176,0.00018904375610873103,1890437.5610873103
BT_soft,BT $k_p=1$,19,398107170553.4973,630957344480.1936,501687531190.34174,496997355428.1498,22,23.692040728556133,0.040498880225947005,96,0.0005449280495981696,0.00025145572158367176,0.0011190051650085081,0.0007375241794961089,0.00018904375610873103,1890437.5610873103
BT_soft,BT $k_p=1$,20,630957344480.1936,1000000000000.0,787764267176.2872,780258672978.928,22,23.692040728556133,0.040498880225947005,69,0.00041963895936963946,0.00016472773852663095,0.0009724677832943523,0.0006011173485428135,0.00018904375610873103,1890437.5610873103
BT_soft,BT $k_p=1$,1,100000000.0,158489319.24611133,129322060.86895445,128217585.14005002,23,21.44730975323285,0.0445487682485417,2588,0.3099007488177941,0.24375255479608504,0.44130173754365165,0.352027940515273,0.00018904375610873103,1890437.5610873103
BT_soft,BT $k_p=1$,2,158489319.24611133,251188643.15095794,205395815.3757849,203584807.09303677,23,21.44730975323285,0.0445487682485417,4756,0.19754216219215523,0.15563772111045876,0.27392493579221716,0.22054386670287254,0.00018904375610873103,1890437.5610873103
BT_soft,BT $k_p=1$,3,251188643.15095794,398107170.5534973,323137256.2761013,320382575.68589765,23,21.44730975323285,0.0445487682485417,7297,0.13099694492942343,0.10166527395580371,0.18931757142860237,0.14816996380301936,0.00018904375610873103,1890437.5610873103
BT_soft,BT $k_p=1$,4,398107170.5534973,630957344.4801933,509736167.3740311,505362352.360998,23,21.44730975323285,0.0445487682485417,9124,0.0876595511980349,0.06704327408720268,0.13265307790982622,0.1010517213661332,0.00018904375610873103,1890437.5610873103
BT_soft,BT $k_p=1$,5,630957344.4801933,999999999.9999999,802350735.2252874,795325052.7478608,23,21.44730975323285,0.0445487682485417,9705,0.06030516306603772,0.04390227076399355,0.09676367600754565,0.07084669797276794,0.00018904375610873103,1890437.5610873103
BT_soft,BT $k_p=1$,6,999999999.9999999,1584893192.461114,1266431938.5117269,1255332489.576638,23,21.44730975323285,0.0445487682485417,9511,0.042348994012081614,0.028976773140031976,0.07215524758368101,0.05071965058510567,0.00018904375610873103,1890437.5610873103
BT_soft,BT $k_p=1$,7,1584893192.461114,2511886431.5095806,1992327717.98519,1974880117.9012182,23,21.44730975323285,0.0445487682485417,8220,0.03006656952800502,0.01934527923891646,0.054182461039949385,0.03704118620765553,0.00018904375610873103,1890437.5610873103
BT_soft,BT $k_p=1$,8,2511886431.5095806,3981071705.534973,3154822863.340997,3127155633.1981206,23,21.44730975323285,0.0445487682485417,6362,0.02150970188023987,0.012871482903044549,0.04116870639189339,0.026958215638988148,0.00018904375610873103,1890437.5610873103
BT_soft,BT $k_p=1$,9,3981071705.534973,6309573444.801932,4998300409.2361,4954037304.346541,23,21.44730975323285,0.0445487682485417,4969,0.01589475746157553,0.008908668142997705,0.0313336283427794,0.020343359507335783,0.00018904375610873103,1890437.5610873103
BT_soft,BT $k_p=1$,10,6309573444.801932,10000000000.0,7925285725.25539,7856862813.345758,23,21.44730975323285,0.0445487682485417,3664,0.011787750751628558,0.006174294212009138,0.023681266479068357,0.015264696943103938,0.00018904375610873103,1890437.5610873103
BT_soft,BT $k_p=1$,11,10000000000.0,15848931924.611141,12543120120.732834,12432274958.725805,23,21.44730975323285,0.0445487682485417,2506,0.008939201273110285,0.004378012121925462,0.01878322969508654,0.011858786115947238,0.00018904375610873103,1890437.5610873103
BT_soft,BT $k_p=1$,12,15848931924.611141,25118864315.095818,19870635390.599392,19693995154.30291,23,21.44730975323285,0.0445487682485417,1738,0.00653662723423656,0.0030673014062316227,0.01441688361651447,0.008758903029778362,0.00018904375610873103,1890437.5610873103
BT_soft,BT $k_p=1$,13,25118864315.095818,39810717055.34974,31612297191.61551,31331642875.39401,23,21.44730975323285,0.0445487682485417,1131,0.005282758234712919,0.0024053730720060597,0.01186817469285757,0.007205973151601864,0.00018904375610873103,1890437.5610873103
BT_soft,BT $k_p=1$,14,39810717055.34974,63095734448.01936,49835318197.25675,49392826115.32735,23,21.44730975323285,0.0445487682485417,791,0.004201186649752101,0.00177573266466574,0.008585848108554336,0.005312422035168656,0.00018904375610873103,1890437.5610873103
BT_soft,BT $k_p=1$,15,63095734448.01936,100000000000.0,78404880326.83,77744821436.2675,23,21.44730975323285,0.0445487682485417,500,0.0030533556744987266,0.0013461599809747324,0.006786461377646724,0.004107150412226633,0.00018904375610873103,1890437.5610873103
BT_soft,BT $k_p=1$,16,100000000000.0,158489319246.11142,125809094685.63397,124644028477.4403,23,21.44730975323285,0.0445487682485417,364,0.00201832830815592,0.0009708569716644316,0.0047855007811172705,0.0028719918418365136,0.00018904375610873103,1890437.5610873103
BT_soft,BT $k_p=1$,17,158489319246.11142,251188643150.9582,196396434856.4722,194505391493.7219,23,21.44730975323285,0.0445487682485417,257,0.0017648758126888617,0.0007026619805948739,0.003888402446420908,0.0023056579152563677,0.00018904375610873103,1890437.5610873103
BT_soft,BT $k_p=1$,18,251188643150.9582,398107170553.4973,310182081264.90015,307337868027.60693,23,21.44730975323285,0.0445487682485417,149,0.001391856294642653,0.0006835808451912033,0.0038875773069846245,0.002103773281064912,0.00018904375610873103,1890437.5610873103
BT_soft,BT $k_p=1$,19,398107170553.4973,630957344480.1936,501687531190.34174,496997355428.1498,23,21.44730975323285,0.0445487682485417,96,0.000879837081976294,0.00040478824228330795,0.001947575471311465,0.0011507569542922966,0.00018904375610873103,1890437.5610873103
BT_soft,BT $k_p=1$,20,630957344480.1936,1000000000000.0,785947853499.438,778514049097.6202,23,21.44730975323285,0.0445487682485417,71,0.0006386238989742113,0.00023770748048034952,0.001562361375401208,0.0009262504143090125,0.00018904375610873103,1890437.5610873103
BT_soft,BT $k_p=1$,1,100000000.0,158489319.24611133,129262298.0956814,128159199.02299052,24,19.40664523021168,0.04900364507339587,5305,0.3093439758796147,0.24542215513440005,0.4492854323387978,0.35619434900213365,0.00018904375610873103,1890437.5610873103
BT_soft,BT $k_p=1$,2,158489319.24611133,251188643.15095794,204439815.54760405,202631420.1634834,24,19.40664523021168,0.04900364507339587,9225,0.20163722522365377,0.15843743763506238,0.28691268391856445,0.2291418116483972,0.00018904375610873103,1890437.5610873103
BT_soft,BT $k_p=1$,3,251188643.15095794,398107170.5534973,322459741.9208097,319686239.10214365,24,19.40664523021168,0.04900364507339587,12762,0.13584832806735012,0.10438609617679145,0.20307129155723794,0.15637538184833272,0.00018904375610873103,1890437.5610873103
BT_soft,BT $k_p=1$,4,398107170.5534973,630957344.4801933,507643081.2032976,503244702.23525,24,19.40664523021168,0.04900364507339587,14652,0.09361666003899413,0.06918123870238718,0.14673915216337127,0.10959555717155925,0.00018904375610873103,1890437.5610873103
BT_soft,BT $k_p=1$,5,630957344.4801933,999999999.9999999,799737384.860078,792690963.7147806,24,19.40664523021168,0.04900364507339587,14225,0.06617078167375132,0.045996132532897055,0.11054751678929811,0.07901822045198365,0.00018904375610873103,1890437.5610873103
BT_soft,BT $k_p=1$,6,999999999.9999999,1584893192.461114,1262594940.2169363,1251504794.0348952,24,19.40664523021168,0.04900364507339587,12729,0.04826416260382884,0.03090478676290578,0.0851354812827934,0.05871811069558539,0.00018904375610873103,1890437.5610873103
BT_soft,BT $k_p=1$,7,1584893192.461114,2511886431.5095806,1987615317.7039113,1970385049.1252773,24,19.40664523021168,0.04900364507339587,10389,0.03520609677633359,0.020963518749309035,0.066747307160771,0.043964371770332675,0.00018904375610873103,1890437.5610873103
BT_soft,BT $k_p=1$,8,2511886431.5095806,3981071705.534973,3149026462.5618105,3121292076.661915,24,19.40664523021168,0.04900364507339587,7679,0.02612101092148232,0.014182963967990117,0.05128579208979205,0.033036353010766246,0.00018904375610873103,1890437.5610873103
BT_soft,BT $k_p=1$,9,3981071705.534973,6309573444.801932,4993422532.622994,4949082816.292859,24,19.40664523021168,0.04900364507339587,5676,0.020192389583463206,0.010284420168920269,0.04067497918733071,0.025861992669670684,0.00018904375610873103,1890437.5610873103
BT_soft,BT $k_p=1$,10,6309573444.801932,10000000000.0,7902959656.167474,7834488012.86465,24,19.40664523021168,0.04900364507339587,4036,0.015686056960486215,0.007467511141568996,0.032255073568595326,0.02020405806077401,0.00018904375610873103,1890437.5610873103
BT_soft,BT $k_p=1$,11,10000000000.0,15848931924.611141,12549481545.453724,12438559057.784714,24,19.40664523021168,0.04900364507339587,2685,0.012268544093287549,0.005557195020782433,0.02528919795844547,0.01589319599717616,0.00018904375610873103,1890437.5610873103
BT_soft,BT $k_p=1$,12,15848931924.611141,25118864315.095818,19877797869.74882,19701650358.875748,24,19.40664523021168,0.04900364507339587,1809,0.009174085781516251,0.004113630020443202,0.019821035126131863,0.01207345878277197,0.00018904375610873103,1890437.5610873103
BT_soft,BT $k_p=1$,13,25118864315.095818,39810717055.34974,31590867979.05288,31313693537.60659,24,19.40664523021168,0.04900364507339587,1166,0.007584855665648477,0.0033900957417596477,0.01735479384950057,0.010233678155059373,0.00018904375610873103,1890437.5610873103
BT_soft,BT $k_p=1$,14,39810717055.34974,63095734448.01936,49836687271.15437,49395688115.00218,24,19.40664523021168,0.04900364507339587,803,0.005857057505257513,0.0026370169453487956,0.012546749157117301,0.007659122210466171,0.00018904375610873103,1890437.5610873103
BT_soft,BT $k_p=1$,15,63095734448.01936,100000000000.0,78393077694.81422,77735223163.19118,24,19.40664523021168,0.04900364507339587,508,0.004467885040205843,0.0021116107599958743,0.0099189645065203,0.006126807668886641,0.00018904375610873103,1890437.5610873103
BT_soft,BT $k_p=1$,16,100000000000.0,158489319246.11142,125652865216.30475,124479156462.41612,24,19.40664523021168,0.04900364507339587,363,0.003067668201713481,0.001386288677105966,0.0069961695289012665,0.00419130258109963,0.00018904375610873103,1890437.5610873103
BT_soft,BT $k_p=1$,17,158489319246.11142,251188643150.9582,196334772175.05368,194418087933.5266,24,19.40664523021168,0.04900364507339587,257,0.002644280425557582,0.0010592776286004791,0.005867617799282913,0.003548319909725959,0.00018904375610873103,1890437.5610873103
BT_soft,BT $k_p=1$,18,251188643150.9582,398107170553.4973,309762183074.85785,306939781205.4664,24,19.40664523021168,0.04900364507339587,148,0.0020529756745308768,0.0009909772753706665,0.006126824201317962,0.003264471200934727,0.00018904375610873103,1890437.5610873103
BT_soft,BT $k_p=1$,19,398107170553.4973,630957344480.1936,501687531190.34174,496997355428.1498,24,19.40664523021168,0.04900364507339587,96,0.0013276680687117006,0.0007071937927371956,0.0028164469665094105,0.0018134855768615508,0.00018904375610873103,1890437.5610873103
BT_soft,BT $k_p=1$,20,630957344480.1936,1000000000000.0,785947853499.438,778514049097.6202,24,19.40664523021168,0.04900364507339587,71,0.0009868916663042567,0.000380422821366068,0.0020991962153801345,0.001361215956901375,0.00018904375610873103,1890437.5610873103
BT_soft,BT $k_p=1$,1,100000000.0,158489319.24611133,129062879.59143738,127953876.61197115,25,17.551495663828796,0.053904009580735476,9797,0.3156481906210856,0.2491897920887136,0.45739624821799846,0.364759784141578,0.00018904375610873103,1890437.5610873103
BT_soft,BT $k_p=1$,2,158489319.24611133,251188643.15095794,203920666.84275433,202097534.56242254,25,17.551495663828796,0.053904009580735476,15740,0.20892867314509714,0.16227361245243274,0.30336819952869465,0.24042803355292133,0.00018904375610873103,1890437.5610873103
BT_soft,BT $k_p=1$,3,251188643.15095794,398107170.5534973,321343670.87396204,318571267.15532196,25,17.551495663828796,0.053904009580735476,20004,0.14431745573154242,0.10742095845599267,0.22066796727879795,0.16769969140220164,0.00018904375610873103,1890437.5610873103
BT_soft,BT $k_p=1$,4,398107170.5534973,630957344.4801933,506223747.5658944,501818337.2733818,25,17.551495663828796,0.053904009580735476,20874,0.1018070426632267,0.07225738207770221,0.1659702280062969,0.12042115303458074,0.00018904375610873103,1890437.5610873103
BT_soft,BT $k_p=1$,5,630957344.4801933,999999999.9999999,797005941.0441761,789992224.8243192,25,17.551495663828796,0.053904009580735476,18842,0.07407390858573276,0.04831610882878487,0.1293777404620685,0.08958078168107808,0.00018904375610873103,1890437.5610873103
BT_soft,BT $k_p=1$,6,999999999.9999999,1584893192.461114,1259211952.8248982,1248238029.991946,25,17.551495663828796,0.053904009580735476,15806,0.055643453539210706,0.03336332436522473,0.10145438129945937,0.06826545387099132,0.00018904375610873103,1890437.5610873103
BT_soft,BT $k_p=1$,7,1584893192.461114,2511886431.5095806,1984201641.8421063,1966965763.4564815,25,17.551495663828796,0.053904009580735476,12021,0.04305879311184369,0.02358979907341075,0.08231339599446942,0.05334399181673055,0.00018904375610873103,1890437.5610873103
BT_soft,BT $k_p=1$,8,2511886431.5095806,3981071705.534973,3142365821.105496,3114645053.514367,25,17.551495663828796,0.053904009580735476,8625,0.03245205253702609,0.016397413386097008,0.06516724245951497,0.0410808491038043,0.00018904375610873103,1890437.5610873103
BT_soft,BT $k_p=1$,9,3981071705.534973,6309573444.801932,4987802589.851938,4944000036.363538,25,17.551495663828796,0.053904009580735476,6130,0.02584652673224691,0.012525272520718061,0.053296327067483426,0.03310483157642265,0.00018904375610873103,1890437.5610873103
BT_soft,BT $k_p=1$,10,6309573444.801932,10000000000.0,7897817037.168467,7829568833.835365,25,17.551495663828796,0.053904009580735476,4240,0.020886562624652535,0.009574478622053035,0.042583703705530114,0.026444408212961783,0.00018904375610873103,1890437.5610873103
BT_soft,BT $k_p=1$,11,10000000000.0,15848931924.611141,12546201780.180971,12435657621.315313,25,17.551495663828796,0.053904009580735476,2776,0.016764848724237332,0.007323364477004823,0.034914655867145504,0.02164828071708825,0.00018904375610873103,1890437.5610873103
BT_soft,BT $k_p=1$,12,15848931924.611141,25118864315.095818,19870792442.216507,19695299603.80625,25,17.551495663828796,0.053904009580735476,1832,0.013007276826399837,0.005729395650131107,0.027631992210676384,0.01680899942938555,0.00018904375610873103,1890437.5610873103
BT_soft,BT $k_p=1$,13,25118864315.095818,39810717055.34974,31586066589.758324,31310459978.29961,25,17.551495663828796,0.053904009580735476,1173,0.01083986046425677,0.0048845480210101275,0.023717368676718472,0.014389916472867529,0.00018904375610873103,1890437.5610873103
BT_soft,BT $k_p=1$,14,39810717055.34974,63095734448.01936,49860423731.74213,49419885667.65305,25,17.551495663828796,0.053904009580735476,805,0.008603185301147908,0.003614165902199935,0.01787674662465038,0.01092869435917405,0.00018904375610873103,1890437.5610873103
BT_soft,BT $k_p=1$,15,63095734448.01936,100000000000.0,78388936008.78305,77728383438.06325,25,17.551495663828796,0.053904009580735476,512,0.007060447270611475,0.0028565065868775344,0.013405263889212505,0.008838131798919041,0.00018904375610873103,1890437.5610873103
BT_soft,BT $k_p=1$,16,100000000000.0,158489319246.11142,125605603402.65257,124431138008.58786,25,17.551495663828796,0.053904009580735476,368,0.004468748277894207,0.0021144579466496408,0.010436397834962544,0.006224501083571952,0.00018904375610873103,1890437.5610873103
BT_soft,BT $k_p=1$,17,158489319246.11142,251188643150.9582,196594735125.9865,194684893513.1379,25,17.551495663828796,0.053904009580735476,255,0.004160465143529897,0.0017569863393479706,0.008585783721488773,0.005519981391940242,0.00018904375610873103,1890437.5610873103
BT_soft,BT $k_p=1$,18,251188643150.9582,398107170553.4973,310477127367.4755,307619640731.38544,25,17.551495663828796,0.053904009580735476,147,0.0034407389042301496,0.0015940538748836447,0.008852621305507999,0.004862016557350038,0.00018904375610873103,1890437.5610873103
BT_soft,BT $k_p=1$,19,398107170553.4973,630957344480.1936,500516073196.938,495901294298.1893,25,17.551495663828796,0.053904009580735476,95,0.0021185739040358283,0.0010672589449517973,0.003911367226085204,0.0027018497031007613,0.00018904375610873103,1890437.5610873103
BT_soft,BT $k_p=1$,20,630957344480.1936,1000000000000.0,785947853499.438,778514049097.6202,25,17.551495663828796,0.053904009580735476,71,0.0015181074946897905,0.0005365353084696684,0.003399331539315537,0.002155756787894887,0.00018904375610873103,1890437.5610873103
BT_soft,BT $k_p=1$,1,100000000.0,158489319.24611133,128731700.50287728,127623561.85731481,26,15.864996058026179,0.05929441053880902,16678,0.32170654832011164,0.2510336996446229,0.4732662868855424,0.37509648726550043,0.00018904375610873103,1890437.5610873103
BT_soft,BT $k_p=1$,2,158489319.24611133,251188643.15095794,203143050.4514099,201332382.14123762,26,15.864996058026179,0.05929441053880902,24535,0.2185099623877518,0.16715007328480344,0.323377943078142,0.2530970884306889,0.00018904375610873103,1890437.5610873103
BT_soft,BT $k_p=1$,3,251188643.15095794,398107170.5534973,320385659.16199315,317621163.0575073,26,15.864996058026179,0.05929441053880902,28321,0.1538649781275982,0.11162666202608432,0.24324001755347124,0.181032966848137,0.00018904375610873103,1890437.5610873103
BT_soft,BT $k_p=1$,4,398107170.5534973,630957344.4801933,504343688.07814467,499957289.68824476,26,15.864996058026179,0.05929441053880902,27347,0.11229054665999386,0.07577068146892237,0.18900260183790443,0.13394086836239408,0.00018904375610873103,1890437.5610873103
BT_soft,BT $k_p=1$,5,630957344.4801933,999999999.9999999,794828896.5563904,787827881.6711758,26,15.864996058026179,0.05929441053880902,22999,0.08467605150962497,0.05199637386115044,0.15091129345265847,0.1028533397249324,0.00018904375610873103,1890437.5610873103
BT_soft,BT $k_p=1$,6,999999999.9999999,1584893192.461114,1256850368.2767766,1245903230.8788016,26,15.864996058026179,0.05929441053880902,18082,0.06609623202021647,0.03709844107944396,0.12422921737954076,0.08131830958192948,0.00018904375610873103,1890437.5610873103
BT_soft,BT $k_p=1$,7,1584893192.461114,2511886431.5095806,1980918099.9654787,1963702407.1897845,26,15.864996058026179,0.05929441053880902,13118,0.053007250406385695,0.027289887399737582,0.10234927651293088,0.06549064749120789,0.00018904375610873103,1890437.5610873103
BT_soft,BT $k_p=1$,8,2511886431.5095806,3981071705.534973,3140232104.1734595,3112596984.470968,26,15.864996058026179,0.05929441053880902,9157,0.04145738569079457,0.02017514415112007,0.08412866389134846,0.052336886289066374,0.00018904375610873103,1890437.5610873103
BT_soft,BT $k_p=1$,9,3981071705.534973,6309573444.801932,4984140123.255738,4940066454.831134,26,15.864996058026179,0.05929441053880902,6376,0.03410567010893668,0.01582014765350222,0.07010881874205402,0.04322096269573955,0.00018904375610873103,1890437.5610873103
BT_soft,BT $k_p=1$,10,6309573444.801932,10000000000.0,7895691383.9922695,7827241355.458517,26,15.864996058026179,0.05929441053880902,4328,0.02771442946237431,0.012959794772787154,0.056737707890332646,0.03516652939587458,0.00018904375610873103,1890437.5610873103
BT_soft,BT $k_p=1$,11,10000000000.0,15848931924.611141,12535396314.041365,12424754971.841291,26,15.864996058026179,0.05929441053880902,2813,0.022812000260947603,0.009945186703184297,0.04883459892992705,0.029431341285532726,0.00018904375610873103,1890437.5610873103
BT_soft,BT $k_p=1$,12,15848931924.611141,25118864315.095818,19859124777.541843,19683756369.978195,26,15.864996058026179,0.05929441053880902,1852,0.0177568282368794,0.007855397060746231,0.0378308020767743,0.022938402782366238,0.00018904375610873103,1890437.5610873103
BT_soft,BT $k_p=1$,13,25118864315.095818,39810717055.34974,31568626549.016113,31292925172.05591,26,15.864996058026179,0.05929441053880902,1187,0.01525082562924159,0.006769132623219864,0.032169052588852144,0.019785398426067555,0.00018904375610873103,1890437.5610873103
BT_soft,BT $k_p=1$,14,39810717055.34974,63095734448.01936,49808985894.225075,49364652991.93023,26,15.864996058026179,0.05929441053880902,812,0.012225732902783965,0.005054803515403039,0.02440071258400317,0.01534806943427991,0.00018904375610873103,1890437.5610873103
BT_soft,BT $k_p=1$,15,63095734448.01936,100000000000.0,78420038096.6026,77760531673.04344,26,15.864996058026179,0.05929441053880902,510,0.00976859123851434,0.004538939554487237,0.02062417110241217,0.012754899040282399,0.00018904375610873103,1890437.5610873103
BT_soft,BT $k_p=1$,16,100000000000.0,158489319246.11142,125776114307.22739,124606084391.37221,26,15.864996058026179,0.05929441053880902,367,0.006665748863605172,0.0031627055294203114,0.015184853282765112,0.009030609989174107,0.00018904375610873103,1890437.5610873103
BT_soft,BT $k_p=1$,17,158489319246.11142,251188643150.9582,196412818515.91714,194515921208.43042,26,15.864996058026179,0.05929441053880902,257,0.0060772308736050575,0.0026707081136385655,0.012202771590682669,0.00791135823036436,0.00018904375610873103,1890437.5610873103
BT_soft,BT $k_p=1$,18,251188643150.9582,398107170553.4973,310647806744.4939,307793651956.87933,26,15.864996058026179,0.05929441053880902,147,0.004896635894729638,0.0021865798752810596,0.011769179163822223,0.006821330124562177,0.00018904375610873103,1890437.5610873103
BT_soft,BT $k_p=1$,19,398107170553.4973,630957344480.1936,502349776899.01874,497649633315.16943,26,15.864996058026179,0.05929441053880902,95,0.0031152453635951093,0.0016377454909986182,0.0065646684235150755,0.004050738451431803,0.00018904375610873103,1890437.5610873103
BT_soft,BT $k_p=1$,20,630957344480.1936,1000000000000.0,785947853499.438,778514049097.6202,26,15.864996058026179,0.05929441053880902,71,0.002443055149941181,0.00097805612925143,0.005251202678214087,0.0032682735393220566,0.00018904375610873103,1890437.5610873103
BT_soft,BT $k_p=1$,1,100000000.0,158489319.24611133,128330591.08591911,127212252.82448477,27,14.331814598205613,0.06522385159268994,26172,0.33068940340901315,0.2575816013799041,0.4867793841398411,0.3863747666005744,0.00018904375610873103,1890437.5610873103
BT_soft,BT $k_p=1$,2,158489319.24611133,251188643.15095794,202412347.24476463,200597835.2949139,27,14.331814598205613,0.06522385159268994,35113,0.22968258617258472,0.17195642418457133,0.3481220554199193,0.26812467124176487,0.00018904375610873103,1890437.5610873103
BT_soft,BT $k_p=1$,3,251188643.15095794,398107170.5534973,319304890.0301149,316537145.4653372,27,14.331814598205613,0.06522385159268994,36819,0.16685600177039053,0.11702630987197213,0.27021635214092454,0.19792674364587404,0.00018904375610873103,1890437.5610873103
BT_soft,BT $k_p=1$,4,398107170.5534973,630957344.4801933,503293961.7187028,498918424.88127446,27,14.331814598205613,0.06522385159268994,33179,0.12588850084723827,0.08013460426181375,0.2175646420743183,0.15092011444191125,0.00018904375610873103,1890437.5610873103
BT_soft,BT $k_p=1$,5,630957344.4801933,999999999.9999999,793479106.0230623,786518032.7805712,27,14.331814598205613,0.06522385159268994,26284,0.09807522755973565,0.05679701160025688,0.17766513769408096,0.11955084028820966,0.00018904375610873103,1890437.5610873103
BT_soft,BT $k_p=1$,6,999999999.9999999,1584893192.461114,1255200091.1992257,1244241480.5827575,27,14.331814598205613,0.06522385159268994,19649,0.08036841978302403,0.042551572333083335,0.15063607697175596,0.09796926516477275,0.00018904375610873103,1890437.5610873103
BT_soft,BT $k_p=1$,7,1584893192.461114,2511886431.5095806,1979215720.1373336,1962000978.5582623,27,14.331814598205613,0.06522385159268994,13869,0.06631314042279762,0.03276038752702575,0.12766902795919932,0.08075997645585066,0.00018904375610873103,1890437.5610873103
BT_soft,BT $k_p=1$,8,2511886431.5095806,3981071705.534973,3138476203.8037963,3110925151.7927446,27,14.331814598205613,0.06522385159268994,9474,0.05357076647416992,0.025762236849231616,0.10656158968140693,0.0660414553561046,0.00018904375610873103,1890437.5610873103
BT_soft,BT $k_p=1$,9,3981071705.534973,6309573444.801932,4979370924.897582,4935411527.082783,27,14.331814598205613,0.06522385159268994,6520,0.04500492714223418,0.020948883833690115,0.08957600107680978,0.05565157662635865,0.00018904375610873103,1890437.5610873103
BT_soft,BT $k_p=1$,10,6309573444.801932,10000000000.0,7893723014.893651,7825417767.367172,27,14.331814598205613,0.06522385159268994,4374,0.03717628711146347,0.01795679074516819,0.07381097502642019,0.04630592552368167,0.00018904375610873103,1890437.5610873103
BT_soft,BT $k_p=1$,11,10000000000.0,15848931924.611141,12534863461.18884,12424282150.26047,27,14.331814598205613,0.06522385159268994,2832,0.031063287873800298,0.013773946945160676,0.0655646398826845,0.039429193838965634,0.00018904375610873103,1890437.5610873103
BT_soft,BT $k_p=1$,12,15848931924.611141,25118864315.095818,19847732607.84498,19672199742.01406,27,14.331814598205613,0.06522385159268994,1852,0.024551135943298392,0.011406103792120162,0.04993185277026972,0.030946542535378433,0.00018904375610873103,1890437.5610873103
BT_soft,BT $k_p=1$,13,25118864315.095818,39810717055.34974,31570807733.02125,31295375145.621998,27,14.331814598205613,0.06522385159268994,1184,0.021257174594616242,0.009914287390550279,0.04518263081664192,0.02726662637937257,0.00018904375610873103,1890437.5610873103
BT_soft,BT $k_p=1$,14,39810717055.34974,63095734448.01936,49771006548.93634,49330446719.42792,27,14.331814598205613,0.06522385159268994,809,0.01717678529430146,0.007739887190505894,0.0334641848323991,0.02137573300405429,0.00018904375610873103,1890437.5610873103
BT_soft,BT $k_p=1$,15,63095734448.01936,100000000000.0,78365767805.02985,77705177690.93097,27,14.331814598205613,0.06522385159268994,505,0.012664691550054777,0.006457780484281246,0.027539489113746228,0.017489263281856928,0.00018904375610873103,1890437.5610873103
BT_soft,BT $k_p=1$,16,100000000000.0,158489319246.11142,125687487836.53438,124510824207.81334,27,14.331814598205613,0.06522385159268994,368,0.01041243133805597,0.004488754016246327,0.021349335273267878,0.012963945286244371,0.00018904375610873103,1890437.5610873103
BT_soft,BT $k_p=1$,17,158489319246.11142,251188643150.9582,196086935112.496,194202273339.64203,27,14.331814598205613,0.06522385159268994,257,0.008663998849877869,0.00373206111528468,0.01755262098632364,0.011056053557919186,0.00018904375610873103,1890437.5610873103
BT_soft,BT $k_p=1$,18,251188643150.9582,398107170553.4973,310182081264.90015,307337868027.60693,27,14.331814598205613,0.06522385159268994,149,0.008039119542658615,0.0028306855199331914,0.016173573605612127,0.009720694434685317,0.00018904375610873103,1890437.5610873103
BT_soft,BT $k_p=1$,19,398107170553.4973,630957344480.1936,500825923538.54095,496158250277.578,27,14.331814598205613,0.06522385159268994,95,0.004444414275157631,0.0023591630171184287,0.009114298794451251,0.005821825077222434,0.00018904375610873103,1890437.5610873103
BT_soft,BT $k_p=1$,20,630957344480.1936,1000000000000.0,784709443650.094,777245748423.727,27,14.331814598205613,0.06522385159268994,70,0.003558690378454725,0.0016784447426994075,0.008590897985799635,0.005093317466946426,0.00018904375610873103,1890437.5610873103
BT_soft,BT $k_p=1$,1,100000000.0,158489319.24611133,127919715.27715841,126797730.07364081,28,12.938013271096011,0.07174623675195893,37516,0.3423536895850877,0.26379732564902064,0.5104228303046605,0.4027806350162603,0.00018904375610873103,1890437.5610873103
BT_soft,BT $k_p=1$,2,158489319.24611133,251188643.15095794,201719942.95098838,199905780.79754016,28,12.938013271096011,0.07174623675195893,46406,0.24333974850562443,0.17835474041652302,0.37648091744780926,0.28635901386010304,0.00018904375610873103,1890437.5610873103
BT_soft,BT $k_p=1$,3,251188643.15095794,398107170.5534973,318375856.4015661,315621582.8549203,28,12.938013271096011,0.07174623675195893,44981,0.18306944638338588,0.12273797481290116,0.30053535654043645,0.21766822609786302,0.00018904375610873103,1890437.5610873103
BT_soft,BT $k_p=1$,4,398107170.5534973,630957344.4801933,502287991.9086926,497917024.956798,28,12.938013271096011,0.07174623675195893,38028,0.1428796271775338,0.08664494793541824,0.24842108254402603,0.1708764924666499,0.00018904375610873103,1890437.5610873103
BT_soft,BT $k_p=1$,5,630957344.4801933,999999999.9999999,792402104.3267647,785453726.2489781,28,12.938013271096011,0.07174623675195893,28756,0.11538666918377861,0.06350592598632626,0.20940171538095922,0.13947883873390238,0.00018904375610873103,1890437.5610873103
BT_soft,BT $k_p=1$,6,999999999.9999999,1584893192.461114,1253778217.4821384,1242833208.298989,28,12.938013271096011,0.07174623675195893,20812,0.09722992749540582,0.049600360094949975,0.1828337154783989,0.11759666508402243,0.00018904375610873103,1890437.5610873103
BT_soft,BT $k_p=1$,7,1584893192.461114,2511886431.5095806,1978154661.5924308,1960984038.4153097,28,12.938013271096011,0.07174623675195893,14330,0.08272923771664856,0.040226059150655795,0.15716062945048842,0.09975472956424951,0.00018904375610873103,1890437.5610873103
BT_soft,BT $k_p=1$,8,2511886431.5095806,3981071705.534973,3135793116.573426,3108325838.9101977,28,12.938013271096011,0.07174623675195893,9638,0.06846878768113707,0.032878293819134714,0.1320088229706859,0.08288757011301835,0.00018904375610873103,1890437.5610873103
BT_soft,BT $k_p=1$,9,3981071705.534973,6309573444.801932,4978896772.834979,4934912293.639084,28,12.938013271096011,0.07174623675195893,6579,0.05834029886799199,0.027575090967671738,0.11243948275568191,0.0710657218265976,0.00018904375610873103,1890437.5610873103
BT_soft,BT $k_p=1$,10,6309573444.801932,10000000000.0,7893853041.804751,7825450409.474812,28,12.938013271096011,0.07174623675195893,4371,0.04954492886666058,0.023424914038970082,0.09632216066264014,0.06032942921992101,0.00018904375610873103,1890437.5610873103
BT_soft,BT $k_p=1$,11,10000000000.0,15848931924.611141,12532300481.329292,12421193763.476233,28,12.938013271096011,0.07174623675195893,2824,0.04060441827339843,0.018684161689988883,0.08352595212801664,0.05133346219901776,0.00018904375610873103,1890437.5610873103
BT_soft,BT $k_p=1$,12,15848931924.611141,25118864315.095818,19852986154.628407,19677358052.328274,28,12.938013271096011,0.07174623675195893,1853,0.033384631640669904,0.015554129432314398,0.06605058150314917,0.04112764772244251,0.00018904375610873103,1890437.5610873103
BT_soft,BT $k_p=1$,13,25118864315.095818,39810717055.34974,31576227318.730206,31300200912.955685,28,12.938013271096011,0.07174623675195893,1186,0.028676096657865476,0.013556419662311544,0.059624151019902406,0.03638262263010174,0.00018904375610873103,1890437.5610873103
BT_soft,BT $k_p=1$,14,39810717055.34974,63095734448.01936,49822903930.30325,49381079113.27744,28,12.938013271096011,0.07174623675195893,818,0.022725300048607726,0.010431327064985639,0.04599420552080285,0.02885028789523292,0.00018904375610873103,1890437.5610873103
BT_soft,BT $k_p=1$,15,63095734448.01936,100000000000.0,78408537853.69835,77749064563.94012,28,12.938013271096011,0.07174623675195893,511,0.017790294173603345,0.00846041581661008,0.037381248610462554,0.023871161240511772,0.00018904375610873103,1890437.5610873103
BT_soft,BT $k_p=1$,16,100000000000.0,158489319246.11142,125697378264.21637,124529100397.47066,28,12.938013271096011,0.07174623675195893,364,0.01420543515340875,0.007267387015672957,0.029904613080913526,0.018449458346813007,0.00018904375610873103,1890437.5610873103
BT_soft,BT $k_p=1$,17,158489319246.11142,251188643150.9582,196258872902.27118,194356399160.21173,28,12.938013271096011,0.07174623675195893,259,0.01241654743883618,0.005445664472136608,0.024720830223586975,0.015692999807192763,0.00018904375610873103,1890437.5610873103
BT_soft,BT $k_p=1$,18,251188643150.9582,398107170553.4973,310182081264.90015,307337868027.60693,28,12.938013271096011,0.07174623675195893,149,0.010637136697025944,0.004335927536133863,0.02184536034579085,0.013326045526665947,0.00018904375610873103,1890437.5610873103
BT_soft,BT $k_p=1$,19,398107170553.4973,630957344480.1936,501687531190.34174,496997355428.1498,28,12.938013271096011,0.07174623675195893,96,0.006256917407091689,0.0032401413396210325,0.012365216452863976,0.00798902067115106,0.00018904375610873103,1890437.5610873103
BT_soft,BT $k_p=1$,20,630957344480.1936,1000000000000.0,785947853499.438,778514049097.6202,28,12.938013271096011,0.07174623675195893,71,0.005732430369251374,0.0024024895092029496,0.013876999404043251,0.007452759068894449,0.00018904375610873103,1890437.5610873103
BT_soft,BT $k_p=1$,1,100000000.0,158489319.24611133,127469426.09219263,126347509.01884064,29,11.670921155541825,0.07892086042715485,50821,0.35630076013210754,0.27127211834666876,0.5342214320268962,0.4193414238451627,0.00018904375610873103,1890437.5610873103
BT_soft,BT $k_p=1$,2,158489319.24611133,251188643.15095794,201086461.77443787,199275270.38982028,29,11.670921155541825,0.07892086042715485,57841,0.2610996121129536,0.18613191504865784,0.4101089022380909,0.3076417805797664,0.00018904375610873103,1890437.5610873103
BT_soft,BT $k_p=1$,3,251188643.15095794,398107170.5534973,317679153.88366735,314928584.51581866,29,11.670921155541825,0.07892086042715485,52212,0.20219044662312927,0.1294394045998068,0.33643133092717786,0.24064877979734758,0.00018904375610873103,1890437.5610873103
BT_soft,BT $k_p=1$,4,398107170.5534973,630957344.4801933,501282096.5454459,496912483.3843427,29,11.670921155541825,0.07892086042715485,41804,0.1637514854498781,0.09491469937878332,0.2855576221151428,0.19484700932450003,0.00018904375610873103,1890437.5610873103
BT_soft,BT $k_p=1$,5,630957344.4801933,999999999.9999999,791507375.3494667,784574484.1490307,29,11.670921155541825,0.07892086042715485,30467,0.1362860251446619,0.0729691207705582,0.24712593793469026,0.16356781144073101,0.00018904375610873103,1890437.5610873103
BT_soft,BT $k_p=1$,6,999999999.9999999,1584893192.461114,1252843013.4215486,1241921519.894195,29,11.670921155541825,0.07892086042715485,21467,0.11858293077396008,0.0599044257263749,0.21789524413930056,0.14121560417930437,0.00018904375610873103,1890437.5610873103
BT_soft,BT $k_p=1$,7,1584893192.461114,2511886431.5095806,1977963092.7514343,1960770453.5992947,29,11.670921155541825,0.07892086042715485,14532,0.10209578308075686,0.049656448185993816,0.1917444684459007,0.12186104524411653,0.00018904375610873103,1890437.5610873103
BT_soft,BT $k_p=1$,8,2511886431.5095806,3981071705.534973,3135187050.536842,3107737122.8799577,29,11.670921155541825,0.07892086042715485,9696,0.08733451084220326,0.04206035180637602,0.1632644304697658,0.10359531906974369,0.00018904375610873103,1890437.5610873103
BT_soft,BT $k_p=1$,9,3981071705.534973,6309573444.801932,4977838565.364912,4933852049.298305,29,11.670921155541825,0.07892086042715485,6586,0.07498397430669354,0.03658729469489933,0.14062955206414218,0.09031412041897643,0.00018904375610873103,1890437.5610873103
BT_soft,BT $k_p=1$,10,6309573444.801932,10000000000.0,7893228798.587677,7824869604.415052,29,11.670921155541825,0.07892086042715485,4385,0.06330802117046018,0.030446505514624855,0.12354433233241262,0.07708182118392827,0.00018904375610873103,1890437.5610873103
BT_soft,BT $k_p=1$,11,10000000000.0,15848931924.611141,12530150345.25966,12419415690.69745,29,11.670921155541825,0.07892086042715485,2827,0.053256847703032906,0.02483510800014375,0.10693986993170525,0.06615039447716428,0.00018904375610873103,1890437.5610873103
BT_soft,BT $k_p=1$,12,15848931924.611141,25118864315.095818,19847548720.143032,19671944729.75852,29,11.670921155541825,0.07892086042715485,1853,0.044589184265881245,0.020746304771257034,0.08525140779310707,0.05375123589044691,0.00018904375610873103,1890437.5610873103
BT_soft,BT $k_p=1$,13,25118864315.095818,39810717055.34974,31572945964.698975,31297016113.79477,29,11.670921155541825,0.07892086042715485,1186,0.03830592964959853,0.01873124734556895,0.07688862340449931,0.04810070277019732,0.00018904375610873103,1890437.5610873103
BT_soft,BT $k_p=1$,14,39810717055.34974,63095734448.01936,49806509865.419304,49366877858.82771,29,11.670921155541825,0.07892086042715485,815,0.03003937452199471,0.01416915789701105,0.061827408359926526,0.03816784221992102,0.00018904375610873103,1890437.5610873103
BT_soft,BT $k_p=1$,15,63095734448.01936,100000000000.0,78407099533.70293,77748131465.9901,29,11.670921155541825,0.07892086042715485,511,0.023739272905753728,0.01179530270689243,0.054196457246171614,0.03223232044444216,0.00018904375610873103,1890437.5610873103
BT_soft,BT $k_p=1$,16,100000000000.0,158489319246.11142,125572195253.57811,124405418120.26373,29,11.670921155541825,0.07892086042715485,364,0.020561980421154143,0.009995110547808356,0.03994292879040635,0.025055155103239742,0.00018904375610873103,1890437.5610873103
BT_soft,BT $k_p=1$,17,158489319246.11142,251188643150.9582,196466475791.97437,194586802410.27936,29,11.670921155541825,0.07892086042715485,257,0.017027573375319918,0.007491905169997957,0.03273268717148142,0.021373591831673377,0.00018904375610873103,1890437.5610873103
BT_soft,BT $k_p=1$,18,251188643150.9582,398107170553.4973,309962451052.16846,307111869202.75916,29,11.670921155541825,0.07892086042715485,148,0.014369999119431104,0.00660288773679673,0.028101949333432606,0.017911093335568378,0.00018904375610873103,1890437.5610873103
BT_soft,BT $k_p=1$,19,398107170553.4973,630957344480.1936,501449358333.3419,496717515149.814,29,11.670921155541825,0.07892086042715485,95,0.009819480652337434,0.004960568686787846,0.017965959800114638,0.012032698607780706,0.00018904375610873103,1890437.5610873103
BT_soft,BT $k_p=1$,20,630957344480.1936,1000000000000.0,785947853499.438,778514049097.6202,29,11.670921155541825,0.07892086042715485,71,0.007234820744127201,0.0030741642687951484,0.01926042819124836,0.01016562659225398,0.00018904375610873103,1890437.5610873103
BT_soft,BT $k_p=1$,1,100000000.0,158489319.24611133,127048200.31849523,125928141.6260528,30,10.51901923231075,0.08681294646987033,65285,0.3718346907780413,0.279185846112219,0.5629638309923192,0.4386586898550553,0.00018904375610873103,1890437.5610873103
BT_soft,BT $k_p=1$,2,158489319.24611133,251188643.15095794,200531914.44093648,198721989.2271678,30,10.51901923231075,0.08681294646987033,68546,0.281747503959012,0.1937640237361822,0.4446051277602826,0.33142674895193297,0.00018904375610873103,1890437.5610873103
BT_soft,BT $k_p=1$,3,251188643.15095794,398107170.5534973,317126176.0151491,314385755.4496739,30,10.51901923231075,0.08681294646987033,58012,0.22508846824166542,0.13898785703930983,0.3766963748944819,0.2672163134483316,0.00018904375610873103,1890437.5610873103
BT_soft,BT $k_p=1$,4,398107170.5534973,630957344.4801933,500644296.5655382,496276259.76316327,30,10.51901923231075,0.08681294646987033,44547,0.18873219107841627,0.10518166480329072,0.3255210300533183,0.22250902170752207,0.00018904375610873103,1890437.5610873103
BT_soft,BT $k_p=1$,5,630957344.4801933,999999999.9999999,790762462.1904323,783846347.7079383,30,10.51901923231075,0.08681294646987033,31568,0.16157465678169045,0.08486219950930128,0.28787143664441744,0.1912361363244172,0.00018904375610873103,1890437.5610873103
BT_soft,BT $k_p=1$,6,999999999.9999999,1584893192.461114,1252325391.262466,1241391617.918236,30,10.51901923231075,0.08681294646987033,21829,0.14218923307252462,0.0730019237927872,0.258044748204357,0.1681713347409744,0.00018904375610873103,1890437.5610873103
BT_soft,BT $k_p=1$,7,1584893192.461114,2511886431.5095806,1977218409.4010425,1960008899.0174327,30,10.51901923231075,0.08681294646987033,14656,0.12564899021168796,0.06263960887605496,0.2286042994207561,0.14765254184956178,0.00018904375610873103,1890437.5610873103
BT_soft,BT $k_p=1$,8,2511886431.5095806,3981071705.534973,3134707258.993352,3107260067.8574457,30,10.51901923231075,0.08681294646987033,9740,0.10848790148731385,0.05396692999205237,0.19937105797075944,0.12730716577284132,0.00018904375610873103,1890437.5610873103
BT_soft,BT $k_p=1$,9,3981071705.534973,6309573444.801932,4978614976.722217,4934653915.419944,30,10.51901923231075,0.08681294646987033,6579,0.09493508580864474,0.04708277643685543,0.1743411350182114,0.1120064235813316,0.00018904375610873103,1890437.5610873103
BT_soft,BT $k_p=1$,10,6309573444.801932,10000000000.0,7892087079.966271,7823639393.2527685,30,10.51901923231075,0.08681294646987033,4398,0.0807803517876389,0.03940998521402984,0.1530785899701514,0.09719976937282936,0.00018904375610873103,1890437.5610873103
BT_soft,BT $k_p=1$,11,10000000000.0,15848931924.611141,12530964656.338463,12420371436.838844,30,10.51901923231075,0.08681294646987033,2831,0.06831697857365297,0.032917049028008946,0.13285986719280027,0.08320562139000401,0.00018904375610873103,1890437.5610873103
BT_soft,BT $k_p=1$,12,15848931924.611141,25118864315.095818,19850723574.029163,19674776310.497326,30,10.51901923231075,0.08681294646987033,1856,0.05789897991366288,0.028888967928932374,0.10841332935880282,0.06877661881580015,0.00018904375610873103,1890437.5610873103
BT_soft,BT $k_p=1$,13,25118864315.095818,39810717055.34974,31598334728.21405,31323644302.24315,30,10.51901923231075,0.08681294646987033,1184,0.05171139963168463,0.0242510937930018,0.09936174000984324,0.061668942171956134,0.00018904375610873103,1890437.5610873103
BT_soft,BT $k_p=1$,14,39810717055.34974,63095734448.01936,49807590435.624794,49364615306.48291,30,10.51901923231075,0.08681294646987033,820,0.04139364870356663,0.019820581694127096,0.07992816591886659,0.05051324352043008,0.00018904375610873103,1890437.5610873103
BT_soft,BT $k_p=1$,15,63095734448.01936,100000000000.0,78364283903.46165,77704125279.24327,30,10.51901923231075,0.08681294646987033,513,0.03236001419000369,0.015608987911541253,0.07144460630674207,0.042683375970074454,0.00018904375610873103,1890437.5610873103
BT_soft,BT $k_p=1$,16,100000000000.0,158489319246.11142,125671500315.90482,124503917856.49956,30,10.51901923231075,0.08681294646987033,365,0.027537463644873448,0.014012785438423561,0.05310071882391058,0.03374940628904609,0.00018904375610873103,1890437.5610873103
BT_soft,BT $k_p=1$,17,158489319246.11142,251188643150.9582,196430982080.4933,194525223443.2598,30,10.51901923231075,0.08681294646987033,258,0.023420052432208183,0.011155678776040259,0.04466616455925737,0.029391973754915444,0.00018904375610873103,1890437.5610873103
BT_soft,BT $k_p=1$,18,251188643150.9582,398107170553.4973,310551078971.5988,307721136384.2012,30,10.51901923231075,0.08681294646987033,148,0.021903970173845502,0.009533758955549787,0.03827755863494731,0.024755082177345768,0.00018904375610873103,1890437.5610873103
BT_soft,BT $k_p=1$,19,398107170553.4973,630957344480.1936,501685830054.0192,496946534293.0774,30,10.51901923231075,0.08681294646987033,95,0.013415216736533911,0.006378733103270326,0.024650172330093676,0.01667315721705771,0.00018904375610873103,1890437.5610873103
BT_soft,BT $k_p=1$,20,630957344480.1936,1000000000000.0,785947853499.438,778514049097.6202,30,10.51901923231075,0.08681294646987033,71,0.009809295724140433,0.004988997265584714,0.023392713565741633,0.014057153147838777,0.00018904375610873103,1890437.5610873103
BT_soft,BT $k_p=1$,1,100000000.0,158489319.24611133,126652234.12841862,125534177.16951168,31,9.471835665737043,0.09549424111685739,79763,0.38990964586847987,0.2879742867242967,0.5910156594481523,0.46107308908344785,0.00018904375610873103,1890437.5610873103
BT_soft,BT $k_p=1$,2,158489319.24611133,251188643.15095794,200062395.09930694,198258049.9158449,31,9.471835665737043,0.09549424111685739,77893,0.30437669152273766,0.20281350734556405,0.48402883228740423,0.3585296357050479,0.00018904375610873103,1890437.5610873103
BT_soft,BT $k_p=1$,3,251188643.15095794,398107170.5534973,316498476.1475586,313754771.65188944,31,9.471835665737043,0.09549424111685739,62591,0.2518214096628913,0.1503333048988118,0.4198402892222093,0.2972168103660827,0.00018904375610873103,1890437.5610873103
BT_soft,BT $k_p=1$,4,398107170.5534973,630957344.4801933,500092174.04019713,495731489.8864203,31,9.471835665737043,0.09549424111685739,46381,0.21676789888301262,0.11986930541558607,0.3707778143412975,0.2538662151683775,0.00018904375610873103,1890437.5610873103
BT_soft,BT $k_p=1$,5,630957344.4801933,999999999.9999999,790275007.1220368,783357404.02393,31,9.471835665737043,0.09549424111685739,32160,0.19113599024146263,0.10015390629184538,0.33239380831442106,0.22295669060172385,0.00018904375610873103,1890437.5610873103
BT_soft,BT $k_p=1$,6,999999999.9999999,1584893192.461114,1251957799.4424512,1241017839.7030728,31,9.471835665737043,0.09549424111685739,22027,0.16989859159040316,0.08850862072341463,0.3019088131987026,0.19825106822256858,0.00018904375610873103,1890437.5610873103
BT_soft,BT $k_p=1$,7,1584893192.461114,2511886431.5095806,1976811902.1721292,1959595325.43993,31,9.471835665737043,0.09549424111685739,14700,0.15348699867783555,0.0783814745233631,0.2713463302662707,0.1767598899581138,0.00018904375610873103,1890437.5610873103
BT_soft,BT $k_p=1$,8,2511886431.5095806,3981071705.534973,3134086031.9404497,3106674873.745633,31,9.471835665737043,0.09549424111685739,9747,0.13326619166572562,0.06792666687578004,0.2384800640978237,0.15439182994862535,0.00018904375610873103,1890437.5610873103
BT_soft,BT $k_p=1$,9,3981071705.534973,6309573444.801932,4978908907.890376,4934930313.458846,31,9.471835665737043,0.09549424111685739,6584,0.11777232879909766,0.059599378698416666,0.21072505261418764,0.1373348659617064,0.00018904375610873103,1890437.5610873103
BT_soft,BT $k_p=1$,10,6309573444.801932,10000000000.0,7891619915.561568,7823196978.061645,31,9.471835665737043,0.09549424111685739,4394,0.10146476014829936,0.05035254269088625,0.18824946609731044,0.11956441596346401,0.00018904375610873103,1890437.5610873103
BT_soft,BT $k_p=1$,11,10000000000.0,15848931924.611141,12537214825.165909,12426493357.366615,31,9.471835665737043,0.09549424111685739,2827,0.08792940769304425,0.042043878240040716,0.1661395491194536,0.10374031060254661,0.00018904375610873103,1890437.5610873103
BT_soft,BT $k_p=1$,12,15848931924.611141,25118864315.095818,19845381304.78841,19669880136.889954,31,9.471835665737043,0.09549424111685739,1858,0.07418149568419352,0.03660533977233584,0.13627545595038973,0.08718117109282374,0.00018904375610873103,1890437.5610873103
BT_soft,BT $k_p=1$,13,25118864315.095818,39810717055.34974,31610440622.178127,31336263418.7238,31,9.471835665737043,0.09549424111685739,1182,0.06713326663444776,0.03246672091681393,0.124250668133595,0.07839743516819041,0.00018904375610873103,1890437.5610873103
BT_soft,BT $k_p=1$,14,39810717055.34974,63095734448.01936,49807793382.60282,49366983570.03966,31,9.471835665737043,0.09549424111685739,818,0.05310030139975176,0.024951113647184095,0.10255110600725831,0.06454592067546132,0.00018904375610873103,1890437.5610873103
BT_soft,BT $k_p=1$,15,63095734448.01936,100000000000.0,78350710051.9408,77691278174.46295,31,9.471835665737043,0.09549424111685739,508,0.04288476291007365,0.02216364228245202,0.08826164716370455,0.05524959758265946,0.00018904375610873103,1890437.5610873103
BT_soft,BT $k_p=1$,16,100000000000.0,158489319246.11142,125675589727.03857,124494590144.40868,31,9.471835665737043,0.09549424111685739,367,0.03625129125988627,0.0190610620949108,0.06785083751032378,0.044717447507004085,0.00018904375610873103,1890437.5610873103
BT_soft,BT $k_p=1$,17,158489319246.11142,251188643150.9582,196260604093.7914,194341728958.4428,31,9.471835665737043,0.09549424111685739,257,0.033525345925644,0.01553750116125456,0.057228847034972954,0.038925910718522964,0.00018904375610873103,1890437.5610873103
BT_soft,BT $k_p=1$,18,251188643150.9582,398107170553.4973,309598319946.0308,306808940525.4125,31,9.471835665737043,0.09549424111685739,148,0.029584168235286618,0.013286512098978341,0.04959082552594443,0.03331867513143283,0.00018904375610873103,1890437.5610873103
BT_soft,BT $k_p=1$,19,398107170553.4973,630957344480.1936,501813913317.18274,497074945797.18317,31,9.471835665737043,0.09549424111685739,95,0.018706023648498066,0.009810422896809183,0.03623314181476626,0.02368458345624494,0.00018904375610873103,1890437.5610873103
BT_soft,BT $k_p=1$,20,630957344480.1936,1000000000000.0,785947853499.438,778514049097.6202,31,9.471835665737043,0.09549424111685739,71,0.015387079896008411,0.006747999864008973,0.030039971665209653,0.019860538313314007,0.00018904375610873103,1890437.5610873103
BT_soft,BT $k_p=1$,1,100000000.0,158489319.24611133,126307837.30575763,125191642.03035806,32,8.519850605215494,0.10504366522854312,93564,0.41224849875270314,0.2978002498456699,0.6273542032581619,0.4855099824387563,0.00018904375610873103,1890437.5610873103
BT_soft,BT $k_p=1$,2,158489319.24611133,251188643.15095794,199657093.43374577,197857500.86291537,32,8.519850605215494,0.10504366522854312,85722,0.33202580199901854,0.21382726306707742,0.5259236538453492,0.38846897981454925,0.00018904375610873103,1890437.5610873103
BT_soft,BT $k_p=1$,3,251188643.15095794,398107170.5534973,316132271.22087556,313390327.63378865,32,8.519850605215494,0.10504366522854312,65988,0.28219893464289775,0.164437038911786,0.466106187621928,0.33036700046035167,0.00018904375610873103,1890437.5610873103
BT_soft,BT $k_p=1$,4,398107170.5534973,630957344.4801933,499714560.7550849,495358210.84249234,32,8.519850605215494,0.10504366522854312,47554,0.24993760442669546,0.1369781500689608,0.420364769721609,0.2892778477815946,0.00018904375610873103,1890437.5610873103
BT_soft,BT $k_p=1$,5,630957344.4801933,999999999.9999999,790058303.6615381,783139979.3014121,32,8.519850605215494,0.10504366522854312,32495,0.22336437712240756,0.11913864667284013,0.37879717422078646,0.25817221433566684,0.00018904375610873103,1890437.5610873103
BT_soft,BT $k_p=1$,6,999999999.9999999,1584893192.461114,1251620026.7782385,1240691317.4491932,32,8.519850605215494,0.10504366522854312,22122,0.2014036484593767,0.10685717808680267,0.3485781113536324,0.23248346803375017,0.00018904375610873103,1890437.5610873103
BT_soft,BT $k_p=1$,7,1584893192.461114,2511886431.5095806,1976949626.0476484,1959745992.9802873,32,8.519850605215494,0.10504366522854312,14726,0.18331990238720014,0.09595177014243565,0.314083884312492,0.20898296230336602,0.00018904375610873103,1890437.5610873103
BT_soft,BT $k_p=1$,8,2511886431.5095806,3981071705.534973,3134490867.5096703,3107033494.1381626,32,8.519850605215494,0.10504366522854312,9767,0.16123335597311841,0.08321244732650708,0.2833355145108325,0.1853390956574187,0.00018904375610873103,1890437.5610873103
BT_soft,BT $k_p=1$,9,3981071705.534973,6309573444.801932,4978586997.7268715,4934655810.632441,32,8.519850605215494,0.10504366522854312,6588,0.14393293500777737,0.07359511760649377,0.252474452594989,0.16582252612817627,0.00018904375610873103,1890437.5610873103
BT_soft,BT $k_p=1$,10,6309573444.801932,10000000000.0,7892109399.546968,7823656045.908021,32,8.519850605215494,0.10504366522854312,4392,0.12589144125596513,0.06499022313048447,0.22986456443198594,0.1462959431691296,0.00018904375610873103,1890437.5610873103
BT_soft,BT $k_p=1$,11,10000000000.0,15848931924.611141,12532945184.142403,12422298905.758677,32,8.519850605215494,0.10504366522854312,2836,0.10978480496028376,0.05422089570019577,0.1979733074113919,0.12627535204508608,0.00018904375610873103,1890437.5610873103
BT_soft,BT $k_p=1$,12,15848931924.611141,25118864315.095818,19849896542.447353,19674116300.656094,32,8.519850605215494,0.10504366522854312,1852,0.09262648442778212,0.047190133555480206,0.16844813283363722,0.10882009672937795,0.00018904375610873103,1890437.5610873103
BT_soft,BT $k_p=1$,13,25118864315.095818,39810717055.34974,31595542661.62356,31320282870.96587,32,8.519850605215494,0.10504366522854312,1184,0.08573928819716292,0.04250363946240635,0.1542207161042123,0.09776150358530121,0.00018904375610873103,1890437.5610873103
BT_soft,BT $k_p=1$,14,39810717055.34974,63095734448.01936,49812202577.59094,49370095126.27738,32,8.519850605215494,0.10504366522854312,823,0.06861733105545618,0.032387936124717714,0.12778470985053594,0.08151373421080094,0.00018904375610873103,1890437.5610873103
BT_soft,BT $k_p=1$,15,63095734448.01936,100000000000.0,78328524018.19023,77670673284.41187,32,8.519850605215494,0.10504366522854312,507,0.05568968851564088,0.028052840671476457,0.11102435367568624,0.07054697693033113,0.00018904375610873103,1890437.5610873103
BT_soft,BT $k_p=1$,16,100000000000.0,158489319246.11142,125461733501.14769,124293227302.1588,32,8.519850605215494,0.10504366522854312,365,0.047602252498075405,0.024451233607585127,0.08876338807814727,0.05884103221763755,0.00018904375610873103,1890437.5610873103
BT_soft,BT $k_p=1$,17,158489319246.11142,251188643150.9582,196269189493.85962,194367385785.83755,32,8.519850605215494,0.10504366522854312,259,0.0431971726632789,0.0224745901829816,0.0775782650625161,0.05150444941137873,0.00018904375610873103,1890437.5610873103
BT_soft,BT $k_p=1$,18,251188643150.9582,398107170553.4973,310531963773.5288,307698247918.4702,32,8.519850605215494,0.10504366522854312,148,0.038256576415160545,0.0184609605283954,0.0673987000828284,0.042925469054775595,0.00018904375610873103,1890437.5610873103
BT_soft,BT $k_p=1$,19,398107170553.4973,630957344480.1936,501687531190.34174,496997355428.1498,32,8.519850605215494,0.10504366522854312,96,0.02500862888783891,0.013657105869453706,0.05127149776200399,0.03202998856025661,0.00018904375610873103,1890437.5610873103
BT_soft,BT $k_p=1$,20,630957344480.1936,1000000000000.0,785947853499.438,778514049097.6202,32,8.519850605215494,0.10504366522854312,71,0.019278820150127152,0.01008168488957881,0.04271672734356444,0.02592728580392876,0.00018904375610873103,1890437.5610873103
BT_soft,BT $k_p=1$,1,100000000.0,158489319.24611133,125997396.33912833,124881061.26744981,33,7.654409641104996,0.11554803175139741,106134,0.43704687968815864,0.3093439758796147,0.6610548490367305,0.5129413506734074,0.00018904375610873103,1890437.5610873103
BT_soft,BT $k_p=1$,2,158489319.24611133,251188643.15095794,199312577.0327611,197512224.50830862,33,7.654409641104996,0.11554803175139741,92062,0.3626147481984522,0.22812376858309577,0.5690542091298683,0.4210220787668107,0.00018904375610873103,1890437.5610873103
BT_soft,BT $k_p=1$,3,251188643.15095794,398107170.5534973,315797087.901894,313057270.89522344,33,7.654409641104996,0.11554803175139741,68412,0.316952734873487,0.18220457737468285,0.5140646530454431,0.3667869749089945,0.00018904375610873103,1890437.5610873103
BT_soft,BT $k_p=1$,4,398107170.5534973,630957344.4801933,499470057.6566999,495115130.68869203,33,7.654409641104996,0.11554803175139741,48269,0.28565408287838584,0.15814107550669843,0.467972484677478,0.32756292140739074,0.00018904375610873103,1890437.5610873103
BT_soft,BT $k_p=1$,5,630957344.4801933,999999999.9999999,789825507.7418381,782918123.1673089,33,7.654409641104996,0.11554803175139741,32748,0.2592822657099321,0.14138400949818625,0.4281246889679949,0.29668745091446524,0.00018904375610873103,1890437.5610873103
BT_soft,BT $k_p=1$,6,999999999.9999999,1584893192.461114,1251651062.2108562,1240735568.9216943,33,7.654409641104996,0.11554803175139741,22166,0.23695597469148014,0.12721470337970042,0.3978883474184357,0.2701140180050759,0.00018904375610873103,1890437.5610873103
BT_soft,BT $k_p=1$,7,1584893192.461114,2511886431.5095806,1976536150.5458705,1959328620.2906175,33,7.654409641104996,0.11554803175139741,14746,0.21619283621633006,0.11643497094023346,0.3619564674293869,0.24374964135411384,0.00018904375610873103,1890437.5610873103
BT_soft,BT $k_p=1$,8,2511886431.5095806,3981071705.534973,3134535008.7795806,3107079485.7361298,33,7.654409641104996,0.11554803175139741,9745,0.19163574975661993,0.10308776681118735,0.32782819447562006,0.21850445005193778,0.00018904375610873103,1890437.5610873103
BT_soft,BT $k_p=1$,9,3981071705.534973,6309573444.801932,4979003180.660903,4935012307.229422,33,7.654409641104996,0.11554803175139741,6612,0.17219724799015934,0.09059092325028627,0.2953761745098085,0.19698400654855583,0.00018904375610873103,1890437.5610873103
BT_soft,BT $k_p=1$,10,6309573444.801932,10000000000.0,7891781570.917701,7823422909.239952,33,7.654409641104996,0.11554803175139741,4391,0.15286858253141772,0.08076236247697297,0.26860143717914964,0.17571286639255104,0.00018904375610873103,1890437.5610873103
BT_soft,BT $k_p=1$,11,10000000000.0,15848931924.611141,12533891650.965929,12423130449.55968,33,7.654409641104996,0.11554803175139741,2830,0.13699681277584713,0.0683649402240796,0.2394360476659745,0.15423884624712703,0.00018904375610873103,1890437.5610873103
BT_soft,BT $k_p=1$,12,15848931924.611141,25118864315.095818,19848721492.778324,19672992602.19657,33,7.654409641104996,0.11554803175139741,1851,0.11527178278042002,0.060485838834374396,0.20673547724562907,0.1331211703714174,0.00018904375610873103,1890437.5610873103
BT_soft,BT $k_p=1$,13,25118864315.095818,39810717055.34974,31578681962.715485,31303177037.06282,33,7.654409641104996,0.11554803175139741,1186,0.10606857213163363,0.05546416178091058,0.18290917478672977,0.12032300831288609,0.00018904375610873103,1890437.5610873103
BT_soft,BT $k_p=1$,14,39810717055.34974,63095734448.01936,49777636277.08422,49337176408.963356,33,7.654409641104996,0.11554803175139741,820,0.08801206843174107,0.04310924730871458,0.16038378552199034,0.10183242397749327,0.00018904375610873103,1890437.5610873103
BT_soft,BT $k_p=1$,15,63095734448.01936,100000000000.0,78411055166.25558,77752692422.76796,33,7.654409641104996,0.11554803175139741,512,0.07158822262518957,0.035696225988568024,0.14689426837178152,0.09005121763425739,0.00018904375610873103,1890437.5610873103
BT_soft,BT $k_p=1$,16,100000000000.0,158489319246.11142,125696690764.8727,124526102996.84285,33,7.654409641104996,0.11554803175139741,365,0.06198699789567088,0.03250543272752232,0.11440945282941793,0.07655552959150318,0.00018904375610873103,1890437.5610873103
BT_soft,BT $k_p=1$,17,158489319246.11142,251188643150.9582,196268776917.71158,194377863235.81934,33,7.654409641104996,0.11554803175139741,260,0.05670394990017644,0.029709698375419914,0.09943570640139178,0.06529142012849198,0.00018904375610873103,1890437.5610873103
BT_soft,BT $k_p=1$,18,251188643150.9582,398107170553.4973,310435761686.211,307586756802.88806,33,7.654409641104996,0.11554803175139741,148,0.051784476477314566,0.022794403456929107,0.08654874045181778,0.056096748588055835,0.00018904375610873103,1890437.5610873103
BT_soft,BT $k_p=1$,19,398107170553.4973,630957344480.1936,501328322236.9404,496579100597.5935,33,7.654409641104996,0.11554803175139741,94,0.034795779109809175,0.020001938582784914,0.06333755357911287,0.04251328028638771,0.00018904375610873103,1890437.5610873103
BT_soft,BT $k_p=1$,20,630957344480.1936,1000000000000.0,788024629503.9626,780432127200.6394,33,7.654409641104996,0.11554803175139741,68,0.027903374003491677,0.0130017243735369,0.06377653717483786,0.035017082062295084,0.00018904375610873103,1890437.5610873103
BT_soft,BT $k_p=1$,1,100000000.0,158489319.24611133,125681613.94939908,124567411.32171983,34,6.867645128277267,0.1271028349265372,117252,0.4632765929416631,0.3213990822419506,0.6985795960014657,0.5414780242313042,0.00018904375610873103,1890437.5610873103
BT_soft,BT $k_p=1$,2,158489319.24611133,251188643.15095794,199030669.51642573,197232603.9802677,34,6.867645128277267,0.1271028349265372,96895,0.39638284437131893,0.2452857835058598,0.6150083260932833,0.45708300943008456,0.00018904375610873103,1890437.5610873103
BT_soft,BT $k_p=1$,3,251188643.15095794,398107170.5534973,315536203.2338709,312796788.03585213,34,6.867645128277267,0.1271028349265372,70047,0.3548984464828371,0.20477259956867525,0.5606218019354373,0.4065291568777322,0.00018904375610873103,1890437.5610873103
BT_soft,BT $k_p=1$,4,398107170.5534973,630957344.4801933,499249406.5601641,494897300.85056084,34,6.867645128277267,0.1271028349265372,48710,0.3240165751581187,0.18203583448061414,0.5172155001188257,0.3682208982047913,0.00018904375610873103,1890437.5610873103
BT_soft,BT $k_p=1$,5,630957344.4801933,999999999.9999999,789776230.8281412,782872376.2580914,34,6.867645128277267,0.1271028349265372,32816,0.29833926087401014,0.1670905811079126,0.478761883175725,0.33791034923461444,0.00018904375610873103,1890437.5610873103
BT_soft,BT $k_p=1$,6,999999999.9999999,1584893192.461114,1251526817.7471702,1240606604.2031813,34,6.867645128277267,0.1271028349265372,22184,0.2743810352562906,0.1512830931369371,0.4467548764492067,0.30907944309888596,0.00018904375610873103,1890437.5610873103
BT_soft,BT $k_p=1$,7,1584893192.461114,2511886431.5095806,1976385313.105921,1959205830.717855,34,6.867645128277267,0.1271028349265372,14734,0.2526097827494398,0.13915253212526613,0.4117165663180259,0.2818067582715895,0.00018904375610873103,1890437.5610873103
BT_soft,BT $k_p=1$,8,2511886431.5095806,3981071705.534973,3134659327.5047174,3107214634.465048,34,6.867645128277267,0.1271028349265372,9766,0.22518096671286028,0.12344684741517843,0.3766251340573431,0.25389179680941415,0.00018904375610873103,1890437.5610873103
BT_soft,BT $k_p=1$,9,3981071705.534973,6309573444.801932,4977129281.482072,4933131168.319959,34,6.867645128277267,0.1271028349265372,6615,0.20362553025498062,0.11219685078369382,0.3449128651068281,0.23077261194809023,0.00018904375610873103,1890437.5610873103
BT_soft,BT $k_p=1$,10,6309573444.801932,10000000000.0,7890740913.594842,7822454021.542395,34,6.867645128277267,0.1271028349265372,4386,0.18265610089770476,0.09919467897064249,0.3134892857351931,0.20698050007447863,0.00018904375610873103,1890437.5610873103
BT_soft,BT $k_p=1$,11,10000000000.0,15848931924.611141,12534707199.560112,12423929025.156069,34,6.867645128277267,0.1271028349265372,2829,0.16613217003580893,0.08735119504957932,0.2854813299829992,0.18595190084374374,0.00018904375610873103,1890437.5610873103
BT_soft,BT $k_p=1$,12,15848931924.611141,25118864315.095818,19845616826.177944,19669708808.065212,34,6.867645128277267,0.1271028349265372,1857,0.14098567580250027,0.07543514108625966,0.24399158726575854,0.16102765256168006,0.00018904375610873103,1890437.5610873103
BT_soft,BT $k_p=1$,13,25118864315.095818,39810717055.34974,31575233476.793026,31300456628.877693,34,6.867645128277267,0.1271028349265372,1183,0.13237324341210185,0.0690636779487706,0.22112625285892207,0.14639131286903043,0.00018904375610873103,1890437.5610873103
BT_soft,BT $k_p=1$,14,39810717055.34974,63095734448.01936,49816544825.27405,49375491612.95442,34,6.867645128277267,0.1271028349265372,820,0.10945689242049919,0.05482624111755289,0.19291808521663922,0.12592260892817872,0.00018904375610873103,1890437.5610873103
BT_soft,BT $k_p=1$,15,63095734448.01936,100000000000.0,78399248829.08665,77740023021.4049,34,6.867645128277267,0.1271028349265372,509,0.09057261130975854,0.04421822930376461,0.1767714539832517,0.110740760145635,0.00018904375610873103,1890437.5610873103
BT_soft,BT $k_p=1$,16,100000000000.0,158489319246.11142,125643792439.03879,124468036189.75392,34,6.867645128277267,0.1271028349265372,365,0.07926194220642407,0.04219346078104123,0.1480447611370381,0.09578356167826309,0.00018904375610873103,1890437.5610873103
BT_soft,BT $k_p=1$,17,158489319246.11142,251188643150.9582,196298308059.0137,194402962267.6822,34,6.867645128277267,0.1271028349265372,260,0.07498064242601077,0.038823352404338596,0.12556181765872584,0.08472869467337507,0.00018904375610873103,1890437.5610873103
BT_soft,BT $k_p=1$,18,251188643150.9582,398107170553.4973,310065006239.6906,307225289372.5488,34,6.867645128277267,0.1271028349265372,146,0.06480281769387475,0.030300296645386356,0.11369998497695313,0.07049905914007908,0.00018904375610873103,1890437.5610873103
BT_soft,BT $k_p=1$,19,398107170553.4973,630957344480.1936,501093216086.69904,496390664691.5434,34,6.867645128277267,0.1271028349265372,95,0.04640283113426796,0.02358477089455077,0.08560849244158174,0.054683992316152515,0.00018904375610873103,1890437.5610873103
BT_soft,BT $k_p=1$,20,630957344480.1936,1000000000000.0,783649751728.1882,776453481193.2256,34,6.867645128277267,0.1271028349265372,68,0.036027864999161614,0.021472543675099456,0.07988255126554938,0.046061731745086994,0.00018904375610873103,1890437.5610873103
BT_soft,BT $k_p=1$,1,100000000.0,158489319.24611133,125445261.49881533,124331305.61132345,35,6.152404662070242,0.13981311841919092,126381,0.49293544294092345,0.33689318376045896,0.7367511229803114,0.5724330120547787,0.00018904375610873103,1890437.5610873103
BT_soft,BT $k_p=1$,2,158489319.24611133,251188643.15095794,198820157.40952063,197023428.82037556,35,6.152404662070242,0.13981311841919092,100253,0.43376833330420916,0.26636497611014276,0.659017235654356,0.49470536121464775,0.00018904375610873103,1890437.5610873103
BT_soft,BT $k_p=1$,3,251188643.15095794,398107170.5534973,315356605.0884979,312618737.81198853,35,6.152404662070242,0.13981311841919092,71121,0.39550128717163135,0.22946473062648398,0.6083094229123003,0.4483106632240567,0.00018904375610873103,1890437.5610873103
BT_soft,BT $k_p=1$,4,398107170.5534973,630957344.4801933,499193591.5341528,494837618.8548286,35,6.152404662070242,0.13981311841919092,48963,0.36666121163988563,0.20851300919018084,0.5667825638637244,0.4107182714525719,0.00018904375610873103,1890437.5610873103
BT_soft,BT $k_p=1$,5,630957344.4801933,999999999.9999999,789708361.0637813,782805495.5636678,35,6.152404662070242,0.13981311841919092,32865,0.3394144829588744,0.1932785998658818,0.5272681034585166,0.37997351713789307,0.00018904375610873103,1890437.5610873103
BT_soft,BT $k_p=1$,6,999999999.9999999,1584893192.461114,1251533326.7960203,1240603320.4469664,35,6.152404662070242,0.13981311841919092,22185,0.3142273984048819,0.17733958147358006,0.49452056016881507,0.3503417750874594,0.00018904375610873103,1890437.5610873103
BT_soft,BT $k_p=1$,7,1584893192.461114,2511886431.5095806,1976667496.7999568,1959473331.5478868,35,6.152404662070242,0.13981311841919092,14742,0.2926297788077669,0.16595979352187124,0.45976855366784125,0.3215976951256072,0.00018904375610873103,1890437.5610873103
BT_soft,BT $k_p=1$,8,2511886431.5095806,3981071705.534973,3134779882.722232,3107339948.2761903,35,6.152404662070242,0.13981311841919092,9759,0.2630338962530104,0.1479301639085656,0.4212932505008871,0.29229695256712024,0.00018904375610873103,1890437.5610873103
BT_soft,BT $k_p=1$,9,3981071705.534973,6309573444.801932,4977092868.1628275,4933137444.873612,35,6.152404662070242,0.13981311841919092,6612,0.24138176215427476,0.1351428401224423,0.3890679805342888,0.2678799823551289,0.00018904375610873103,1890437.5610873103
BT_soft,BT $k_p=1$,10,6309573444.801932,10000000000.0,7892250300.227534,7823868028.792543,35,6.152404662070242,0.13981311841919092,4398,0.21859289678635782,0.12138669347465048,0.3588467305304551,0.24181651673774165,0.00018904375610873103,1890437.5610873103
BT_soft,BT $k_p=1$,11,10000000000.0,15848931924.611141,12532903143.23659,12422046578.946678,35,6.152404662070242,0.13981311841919092,2830,0.19739260201898234,0.10559403130039058,0.3278277047572486,0.2202091436616247,0.00018904375610873103,1890437.5610873103
BT_soft,BT $k_p=1$,12,15848931924.611141,25118864315.095818,19842875138.956837,19667331624.947563,35,6.152404662070242,0.13981311841919092,1860,0.17481528440298402,0.09250655151781571,0.28997065321131055,0.19334571314139642,0.00018904375610873103,1890437.5610873103
BT_soft,BT $k_p=1$,13,25118864315.095818,39810717055.34974,31578705902.508163,31302750581.555588,35,6.152404662070242,0.13981311841919092,1183,0.15710674201284155,0.08435997708930637,0.2617636826922794,0.17394265057350614,0.00018904375610873103,1890437.5610873103
BT_soft,BT $k_p=1$,14,39810717055.34974,63095734448.01936,49778757291.67785,49337242112.19733,35,6.152404662070242,0.13981311841919092,819,0.13126707478438748,0.06733237672806579,0.2338508433338375,0.15281085363237606,0.00018904375610873103,1890437.5610873103
BT_soft,BT $k_p=1$,15,63095734448.01936,100000000000.0,78305519797.83769,77650052368.71606,35,6.152404662070242,0.13981311841919092,512,0.11535427198915739,0.05881349775240304,0.20624235759783585,0.13378854110495866,0.00018904375610873103,1890437.5610873103
BT_soft,BT $k_p=1$,16,100000000000.0,158489319246.11142,125643263187.72708,124466315217.62651,35,6.152404662070242,0.13981311841919092,366,0.10203129446269887,0.05387515156573317,0.18257900286785303,0.12048710959671984,0.00018904375610873103,1890437.5610873103
BT_soft,BT $k_p=1$,17,158489319246.11142,251188643150.9582,196361344652.35062,194468396281.44217,35,6.152404662070242,0.13981311841919092,259,0.09161734152440114,0.047167123376005926,0.16232516082990026,0.10478106958564208,0.00018904375610873103,1890437.5610873103
BT_soft,BT $k_p=1$,18,251188643150.9582,398107170553.4973,310182081264.90015,307337868027.60693,35,6.152404662070242,0.13981311841919092,149,0.08029836979275475,0.03948559782360202,0.13392716848858974,0.0892784977862501,0.00018904375610873103,1890437.5610873103
BT_soft,BT $k_p=1$,19,398107170553.4973,630957344480.1936,501687531190.34174,496997355428.1498,35,6.152404662070242,0.13981311841919092,96,0.05802064270796074,0.03112631927537919,0.10855472880375922,0.07150464493992442,0.00018904375610873103,1890437.5610873103
BT_soft,BT $k_p=1$,20,630957344480.1936,1000000000000.0,783397467414.0787,776135473281.0685,35,6.152404662070242,0.13981311841919092,70,0.046125217514092376,0.027993851794439827,0.09513671125011511,0.05818165736816003,0.00018904375610873103,1890437.5610873103
BT_soft,BT $k_p=1$,1,100000000.0,158489319.24611133,125201766.87441221,124087939.48600504,36,5.502186056427491,0.15379443026111006,134022,0.5254254918996981,0.35381793806569467,0.7751842654404151,0.6034838209833776,0.00018904375610873103,1890437.5610873103
BT_soft,BT $k_p=1$,2,158489319.24611133,251188643.15095794,198634579.143684,196840497.37976292,36,5.502186056427491,0.15379443026111006,102850,0.47147678926777825,0.2902850593758683,0.7047221855878963,0.5336043382446887,0.00018904375610873103,1890437.5610873103
BT_soft,BT $k_p=1$,3,251188643.15095794,398107170.5534973,315223249.94966155,312486232.1581719,36,5.502186056427491,0.15379443026111006,71709,0.4382827810209332,0.2582145738346251,0.6568607255254377,0.4914703208135501,0.00018904375610873103,1890437.5610873103
BT_soft,BT $k_p=1$,4,398107170.5534973,630957344.4801933,499173836.54144543,494818783.9009143,36,5.502186056427491,0.15379443026111006,49101,0.40852747765126435,0.23742809239132237,0.6128381771842509,0.45331749197846655,0.00018904375610873103,1890437.5610873103
BT_soft,BT $k_p=1$,5,630957344.4801933,999999999.9999999,789637167.7048609,782737125.2247269,36,5.502186056427491,0.15379443026111006,32881,0.3825707088278641,0.22117392045914364,0.5760631018516954,0.42377581977461765,0.00018904375610873103,1890437.5610873103
BT_soft,BT $k_p=1$,6,999999999.9999999,1584893192.461114,1251583506.9582474,1240653752.8372178,36,5.502186056427491,0.15379443026111006,22189,0.3559344361087143,0.2061425246036946,0.5438359027541262,0.39439102436470896,0.00018904375610873103,1890437.5610873103
BT_soft,BT $k_p=1$,7,1584893192.461114,2511886431.5095806,1976635124.110577,1959440103.4087708,36,5.502186056427491,0.15379443026111006,14732,0.3335948555742643,0.19291450879112912,0.5076353703251382,0.3632207258607918,0.00018904375610873103,1890437.5610873103
BT_soft,BT $k_p=1$,8,2511886431.5095806,3981071705.534973,3134453426.7154036,3107026842.367176,36,5.502186056427491,0.15379443026111006,9755,0.30057905088272185,0.17340769677854326,0.46910602743564905,0.33345840183194647,0.00018904375610873103,1890437.5610873103
BT_soft,BT $k_p=1$,9,3981071705.534973,6309573444.801932,4977005315.589365,4933068535.042128,36,5.502186056427491,0.15379443026111006,6604,0.2782603187686038,0.15951197380829632,0.4357066206266739,0.30547908532142115,0.00018904375610873103,1890437.5610873103
BT_soft,BT $k_p=1$,10,6309573444.801932,10000000000.0,7892340347.549482,7823895776.151117,36,5.502186056427491,0.15379443026111006,4393,0.259147129290465,0.14356571911589536,0.4079089527515962,0.27968995538492475,0.00018904375610873103,1890437.5610873103
BT_soft,BT $k_p=1$,11,10000000000.0,15848931924.611141,12533178260.140697,12422487965.50041,36,5.502186056427491,0.15379443026111006,2830,0.23094764334230522,0.12905564093643848,0.37606981274715157,0.2558116165985759,0.00018904375610873103,1890437.5610873103
BT_soft,BT $k_p=1$,12,15848931924.611141,25118864315.095818,19850147934.544033,19674474550.18574,36,5.502186056427491,0.15379443026111006,1865,0.20852429839588532,0.11265475753871891,0.34194625298079157,0.22627842871773657,0.00018904375610873103,1890437.5610873103
BT_soft,BT $k_p=1$,13,25118864315.095818,39810717055.34974,31580733793.123775,31304964633.174793,36,5.502186056427491,0.15379443026111006,1187,0.18494319636424017,0.10464454077836893,0.3060934468420584,0.20563726424998807,0.00018904375610873103,1890437.5610873103
BT_soft,BT $k_p=1$,14,39810717055.34974,63095734448.01936,49805107277.83036,49364030673.066696,36,5.502186056427491,0.15379443026111006,819,0.16042748584404662,0.08675963584841388,0.27864758870315176,0.1837422882220192,0.00018904375610873103,1890437.5610873103
BT_soft,BT $k_p=1$,15,63095734448.01936,100000000000.0,78423606764.22244,77767583727.29718,36,5.502186056427491,0.15379443026111006,512,0.1456018854907981,0.07396309883510714,0.24561252208809625,0.16134708942691767,0.00018904375610873103,1890437.5610873103
BT_soft,BT $k_p=1$,16,100000000000.0,158489319246.11142,125602285757.98528,124424114378.94695,36,5.502186056427491,0.15379443026111006,367,0.12637783637320749,0.06813499893946454,0.22190775923135989,0.1447655647465261,0.00018904375610873103,1890437.5610873103
BT_soft,BT $k_p=1$,17,158489319246.11142,251188643150.9582,196268776917.71158,194377863235.81934,36,5.502186056427491,0.15379443026111006,260,0.1137383032100582,0.06002784481253776,0.20215195777179404,0.13009318739552422,0.00018904375610873103,1890437.5610873103
BT_soft,BT $k_p=1$,18,251188643150.9582,398107170553.4973,310182081264.90015,307337868027.60693,36,5.502186056427491,0.15379443026111006,149,0.10509267932033263,0.050360943128187154,0.17268215442405654,0.11115469773335925,0.00018904375610873103,1890437.5610873103
BT_soft,BT $k_p=1$,19,398107170553.4973,630957344480.1936,501687531190.34174,496997355428.1498,36,5.502186056427491,0.15379443026111006,96,0.07526177190741914,0.040817578188458006,0.1338524885412017,0.08901423972270212,0.00018904375610873103,1890437.5610873103
BT_soft,BT $k_p=1$,20,630957344480.1936,1000000000000.0,784855493498.4286,777329287422.3636,36,5.502186056427491,0.15379443026111006,69,0.059517575965187815,0.036553924246436394,0.12549334267442078,0.07764311547612612,0.00018904375610873103,1890437.5610873103
BT_soft,BT $k_p=1$,1,100000000.0,158489319.24611133,125032327.09511146,123919488.43454076,37,4.9110782331159015,0.16917387328722105,139895,0.5585364293524866,0.37253356547469646,0.8123408746261198,0.6358100806942345,0.00018904375610873103,1890437.5610873103
BT_soft,BT $k_p=1$,2,158489319.24611133,251188643.15095794,198487269.72329187,196692265.05328825,37,4.9110782331159015,0.16917387328722105,104560,0.5119027827657717,0.31615749363198625,0.7480296062220908,0.5730806235941733,0.00018904375610873103,1890437.5610873103
BT_soft,BT $k_p=1$,3,251188643.15095794,398107170.5534973,315144611.49588084,312407639.9838078,37,4.9110782331159015,0.16917387328722105,72082,0.4803195586640427,0.2894286172369288,0.7008893935952816,0.5349495929456036,0.00018904375610873103,1890437.5610873103
BT_soft,BT $k_p=1$,4,398107170.5534973,630957344.4801933,499114322.0905985,494759060.9853428,37,4.9110782331159015,0.16917387328722105,49171,0.4536798404556921,0.27008209770358227,0.6612557554886014,0.49851946768067834,0.00018904375610873103,1890437.5610873103
BT_soft,BT $k_p=1$,5,630957344.4801933,999999999.9999999,789641467.6072397,782741198.1342429,37,4.9110782331159015,0.16917387328722105,32906,0.42624012341242606,0.253109053518646,0.6217016435093644,0.46777420247894524,0.00018904375610873103,1890437.5610873103
BT_soft,BT $k_p=1$,6,999999999.9999999,1584893192.461114,1251621282.0836618,1240705984.914237,37,4.9110782331159015,0.16917387328722105,22156,0.3988794342340306,0.23713102185356172,0.5893438263065114,0.4379720097731774,0.00018904375610873103,1890437.5610873103
BT_soft,BT $k_p=1$,7,1584893192.461114,2511886431.5095806,1976249771.8595784,1959072136.6839054,37,4.9110782331159015,0.16917387328722105,14749,0.3769494974055778,0.22286744232928962,0.5540091721418812,0.40626755086711297,0.00018904375610873103,1890437.5610873103
BT_soft,BT $k_p=1$,8,2511886431.5095806,3981071705.534973,3134692249.123129,3107231220.064918,37,4.9110782331159015,0.16917387328722105,9765,0.34532278730226595,0.2034176306187075,0.51797503744679,0.3757155978349469,0.00018904375610873103,1890437.5610873103
BT_soft,BT $k_p=1$,9,3981071705.534973,6309573444.801932,4977523564.198714,4933531673.998812,37,4.9110782331159015,0.16917387328722105,6616,0.31994441039242505,0.18561006844958067,0.4837133401742228,0.3450076862065251,0.00018904375610873103,1890437.5610873103
BT_soft,BT $k_p=1$,10,6309573444.801932,10000000000.0,7892024024.716119,7823702098.514967,37,4.9110782331159015,0.16917387328722105,4395,0.30290009688400865,0.17290661034272045,0.4560890755522414,0.3200951553483086,0.00018904375610873103,1890437.5610873103
BT_soft,BT $k_p=1$,11,10000000000.0,15848931924.611141,12533325522.466875,12422412502.38126,37,4.9110782331159015,0.16917387328722105,2834,0.2664275540464992,0.1522965106569598,0.4280105469490493,0.29217889935059876,0.00018904375610873103,1890437.5610873103
BT_soft,BT $k_p=1$,12,15848931924.611141,25118864315.095818,19856541323.40965,19680716505.223972,37,4.9110782331159015,0.16917387328722105,1861,0.24345066677000232,0.1355385573735688,0.3889478052451162,0.26401998655667397,0.00018904375610873103,1890437.5610873103
BT_soft,BT $k_p=1$,13,25118864315.095818,39810717055.34974,31567112120.2724,31292377037.680676,37,4.9110782331159015,0.16917387328722105,1184,0.2178334703930535,0.12804455771656645,0.354427327495036,0.23941722019514186,0.00018904375610873103,1890437.5610873103
BT_soft,BT $k_p=1$,14,39810717055.34974,63095734448.01936,49793669321.643745,49352863589.02641,37,4.9110782331159015,0.16917387328722105,812,0.19754820702489334,0.106015125709567,0.3161236663928234,0.21540897982377835,0.00018904375610873103,1890437.5610873103
BT_soft,BT $k_p=1$,15,63095734448.01936,100000000000.0,78342972029.73405,77691302562.50935,37,4.9110782331159015,0.16917387328722105,509,0.17530262001781327,0.09747562228060416,0.30219782118406274,0.19462153393857246,0.00018904375610873103,1890437.5610873103
BT_soft,BT $k_p=1$,16,100000000000.0,158489319246.11142,125687862649.6975,124511235890.7366,37,4.9110782331159015,0.16917387328722105,368,0.15653839580098106,0.08791774407166274,0.26399689413296956,0.17280328679103238,0.00018904375610873103,1890437.5610873103
BT_soft,BT $k_p=1$,17,158489319246.11142,251188643150.9582,196407890213.38126,194511530051.8968,37,4.9110782331159015,0.16917387328722105,261,0.14111386542976176,0.07111921911076727,0.2354218135065855,0.15560970686706743,0.00018904375610873103,1890437.5610873103
BT_soft,BT $k_p=1$,18,251188643150.9582,398107170553.4973,310182081264.90015,307337868027.60693,37,4.9110782331159015,0.16917387328722105,149,0.12957244876053012,0.06942896931272868,0.20626645093818258,0.13960119975224777,0.00018904375610873103,1890437.5610873103
BT_soft,BT $k_p=1$,19,398107170553.4973,630957344480.1936,501687531190.34174,496997355428.1498,37,4.9110782331159015,0.16917387328722105,96,0.09212101311499232,0.06229870805217647,0.1759053413936142,0.11253978477398152,0.00018904375610873103,1890437.5610873103
BT_soft,BT $k_p=1$,20,630957344480.1936,1000000000000.0,785947853499.438,778514049097.6202,37,4.9110782331159015,0.16917387328722105,71,0.07641031917621488,0.04243419872060482,0.15039590955241397,0.09639580708756075,0.00018904375610873103,1890437.5610873103
BT_soft,BT $k_p=1$,1,100000000.0,158489319.24611133,124882433.63961978,123770308.9591872,38,4.373707484650818,0.18609126061594322,144519,0.5936237136950262,0.39575441666223193,0.8495999903916728,0.6688222688951356,0.00018904375610873103,1890437.5610873103
BT_soft,BT $k_p=1$,2,158489319.24611133,251188643.15095794,198396455.86984828,196602467.11565003,38,4.373707484650818,0.18609126061594322,105608,0.551895599082402,0.3465446130650284,0.7891339547506361,0.6123323535522123,0.00018904375610873103,1890437.5610873103
BT_soft,BT $k_p=1$,3,251188643.15095794,398107170.5534973,315096086.7510046,312360107.3433815,38,4.373707484650818,0.18609126061594322,72292,0.5238270733259817,0.3216795189976361,0.7476983306256884,0.5782899465067101,0.00018904375610873103,1890437.5610873103
BT_soft,BT $k_p=1$,4,398107170.5534973,630957344.4801933,499093592.914217,494741166.01946896,38,4.373707484650818,0.18609126061594322,49176,0.4963714502716242,0.3028545773923259,0.7031430828908873,0.5412940121984086,0.00018904375610873103,1890437.5610873103
BT_soft,BT $k_p=1$,5,630957344.4801933,999999999.9999999,789707692.0655504,782809107.4838538,38,4.373707484650818,0.18609126061594322,32887,0.4719598378961792,0.2864670360151826,0.6675135005861199,0.5121135160772178,0.00018904375610873103,1890437.5610873103
BT_soft,BT $k_p=1$,6,999999999.9999999,1584893192.461114,1251540402.6477535,1240615722.526114,38,4.373707484650818,0.18609126061594322,22176,0.4452620749744603,0.27085164272105644,0.6348825069473399,0.4828534129889683,0.00018904375610873103,1890437.5610873103
BT_soft,BT $k_p=1$,7,1584893192.461114,2511886431.5095806,1976672419.5682864,1959484742.1450088,38,4.373707484650818,0.18609126061594322,14741,0.42254840851312114,0.2567167698230713,0.6000193818372751,0.45092352760883586,0.00018904375610873103,1890437.5610873103
BT_soft,BT $k_p=1$,8,2511886431.5095806,3981071705.534973,3134711699.9248905,3107271038.9884014,38,4.373707484650818,0.18609126061594322,9760,0.3915544669075558,0.2326059030320711,0.5628129365386889,0.4199743454798361,0.00018904375610873103,1890437.5610873103
BT_soft,BT $k_p=1$,9,3981071705.534973,6309573444.801932,4977059218.990523,4933107416.900743,38,4.373707484650818,0.18609126061594322,6605,0.3616852826477244,0.21753441905166052,0.5316314023020238,0.3874378379951436,0.00018904375610873103,1890437.5610873103
BT_soft,BT $k_p=1$,10,6309573444.801932,10000000000.0,7892780610.327977,7824381035.032195,38,4.373707484650818,0.18609126061594322,4398,0.3412600764049777,0.20163272421322986,0.5061924172359723,0.3627587406685068,0.00018904375610873103,1890437.5610873103
BT_soft,BT $k_p=1$,11,10000000000.0,15848931924.611141,12532560561.385513,12421897356.999891,38,4.373707484650818,0.18609126061594322,2846,0.30877540007318593,0.17908023203859133,0.4747163488961465,0.33313163379252003,0.00018904375610873103,1890437.5610873103
BT_soft,BT $k_p=1$,12,15848931924.611141,25118864315.095818,19848266666.369637,19672636465.92221,38,4.373707484650818,0.18609126061594322,1859,0.2778602634114413,0.1629816703839354,0.4321330503818555,0.3020661385287406,0.00018904375610873103,1890437.5610873103
BT_soft,BT $k_p=1$,13,25118864315.095818,39810717055.34974,31569328448.00046,31292952488.813354,38,4.373707484650818,0.18609126061594322,1184,0.26110435441139024,0.14820800732893338,0.4060213230957923,0.2769930747355247,0.00018904375610873103,1890437.5610873103
BT_soft,BT $k_p=1$,14,39810717055.34974,63095734448.01936,49791197243.75129,49348754921.94078,38,4.373707484650818,0.18609126061594322,819,0.23211369363289552,0.13007632283703732,0.3585917536478529,0.2490925699279735,0.00018904375610873103,1890437.5610873103
BT_soft,BT $k_p=1$,15,63095734448.01936,100000000000.0,78355581340.07379,77698842764.87074,38,4.373707484650818,0.18609126061594322,511,0.21368653157023987,0.1200961541121422,0.3485912125168536,0.23058430247253256,0.00018904375610873103,1890437.5610873103
BT_soft,BT $k_p=1$,16,100000000000.0,158489319246.11142,125636051456.96501,124458618360.0982,38,4.373707484650818,0.18609126061594322,368,0.1840690316689742,0.10154326899081571,0.3045285163203142,0.19995575761399445,0.00018904375610873103,1890437.5610873103
BT_soft,BT $k_p=1$,17,158489319246.11142,251188643150.9582,196407890213.38126,194511530051.8968,38,4.373707484650818,0.18609126061594322,261,0.17187593730213013,0.09007265577036787,0.28869571559635576,0.18480624541099017,0.00018904375610873103,1890437.5610873103
BT_soft,BT $k_p=1$,18,251188643150.9582,398107170553.4973,309907094301.5621,307062846868.56177,38,4.373707484650818,0.18609126061594322,148,0.15791212298498344,0.0808936851407103,0.2514028227667008,0.1695303175998582,0.00018904375610873103,1890437.5610873103
BT_soft,BT $k_p=1$,19,398107170553.4973,630957344480.1936,501687531190.34174,496997355428.1498,38,4.373707484650818,0.18609126061594322,96,0.1228151564105493,0.08159240027135682,0.2074619103003519,0.14086427568310947,0.00018904375610873103,1890437.5610873103
BT_soft,BT $k_p=1$,20,630957344480.1936,1000000000000.0,784855493498.4286,777329287422.3636,38,4.373707484650818,0.18609126061594322,69,0.10031116044748611,0.05578066396861438,0.19676286202150078,0.12273711534152879,0.00018904375610873103,1890437.5610873103
BT_soft,BT $k_p=1$,1,100000000.0,158489319.24611133,124754092.25650397,123643217.12997992,39,3.885188622409834,0.20470038667753754,147736,0.6273542032581619,0.4212594107686298,0.8866900104822001,0.7012272042183052,0.00018904375610873103,1890437.5610873103
BT_soft,BT $k_p=1$,2,158489319.24611133,251188643.15095794,198339024.20928103,196545309.47305706,39,3.885188622409834,0.20470038667753754,106236,0.5925643737073751,0.3786471479637657,0.8292154728656455,0.6515923233418576,0.00018904375610873103,1890437.5610873103
BT_soft,BT $k_p=1$,3,251188643.15095794,398107170.5534973,315088604.58415186,312353154.9392668,39,3.885188622409834,0.20470038667753754,72342,0.5673403489927932,0.3564933642062024,0.7882741960746187,0.6189201830292614,0.00018904375610873103,1890437.5610873103
BT_soft,BT $k_p=1$,4,398107170.5534973,630957344.4801933,499083596.0255706,494730484.28941333,39,3.885188622409834,0.20470038667753754,49109,0.5402270355257051,0.3372538221041693,0.7466322457653084,0.5843083773066464,0.00018904375610873103,1890437.5610873103
BT_soft,BT $k_p=1$,5,630957344.4801933,999999999.9999999,789733600.3984398,782835055.5070219,39,3.885188622409834,0.20470038667753754,32867,0.5165086058583217,0.3232212175057325,0.7098805177251211,0.5557244837686924,0.00018904375610873103,1890437.5610873103
BT_soft,BT $k_p=1$,6,999999999.9999999,1584893192.461114,1251577461.874119,1240653692.5516236,39,3.885188622409834,0.20470038667753754,22172,0.49235016380672947,0.3047590535921979,0.6788214595308739,0.5277062205696227,0.00018904375610873103,1890437.5610873103
BT_soft,BT $k_p=1$,7,1584893192.461114,2511886431.5095806,1976590029.7209322,1959400981.2579842,39,3.885188622409834,0.20470038667753754,14739,0.4672182646761852,0.2897252602330252,0.6423193738860828,0.4935157578521188,0.00018904375610873103,1890437.5610873103
BT_soft,BT $k_p=1$,8,2511886431.5095806,3981071705.534973,3134895790.559219,3107449883.246486,39,3.885188622409834,0.20470038667753754,9771,0.4360298439625681,0.2671461650847375,0.606749404972706,0.4629573537468993,0.00018904375610873103,1890437.5610873103
BT_soft,BT $k_p=1$,9,3981071705.534973,6309573444.801932,4977438611.894278,4933450163.532971,39,3.885188622409834,0.20470038667753754,6602,0.40979199629237384,0.2498282510148777,0.5755835141322806,0.4304108505602014,0.00018904375610873103,1890437.5610873103
BT_soft,BT $k_p=1$,10,6309573444.801932,10000000000.0,7893935099.632418,7825511948.024532,39,3.885188622409834,0.20470038667753754,4398,0.3840508778619302,0.23371966074395012,0.5509992743991275,0.4058220171393957,0.00018904375610873103,1890437.5610873103
BT_soft,BT $k_p=1$,11,10000000000.0,15848931924.611141,12533701814.37422,12422932164.333141,39,3.885188622409834,0.20470038667753754,2837,0.35408360057108007,0.2083031977388344,0.5187528837993726,0.37357007856626395,0.00018904375610873103,1890437.5610873103
BT_soft,BT $k_p=1$,12,15848931924.611141,25118864315.095818,19847809898.52944,19671770079.739796,39,3.885188622409834,0.20470038667753754,1861,0.32250126191775313,0.19625921473656355,0.4850734041569774,0.34606381731029706,0.00018904375610873103,1890437.5610873103
BT_soft,BT $k_p=1$,13,25118864315.095818,39810717055.34974,31591804246.847984,31316402454.03355,39,3.885188622409834,0.20470038667753754,1185,0.30137143860440824,0.17876382404778984,0.45520595069214276,0.31908520880570607,0.00018904375610873103,1890437.5610873103
BT_soft,BT $k_p=1$,14,39810717055.34974,63095734448.01936,49795613015.27171,49352935389.179405,39,3.885188622409834,0.20470038667753754,817,0.27543975559110867,0.15369970369301464,0.4022816735581911,0.28677827688733015,0.00018904375610873103,1890437.5610873103
BT_soft,BT $k_p=1$,15,63095734448.01936,100000000000.0,78372923167.70691,77712781242.18532,39,3.885188622409834,0.20470038667753754,513,0.25595754611320587,0.14376443632733346,0.40097006310076005,0.27066336236221883,0.00018904375610873103,1890437.5610873103
BT_soft,BT $k_p=1$,16,100000000000.0,158489319246.11142,125719232072.2256,124540640674.88715,39,3.885188622409834,0.20470038667753754,367,0.2159800617427314,0.12339688458350478,0.34656171650825673,0.235804660785817,0.00018904375610873103,1890437.5610873103
BT_soft,BT $k_p=1$,17,158489319246.11142,251188643150.9582,196379305112.533,194476488207.57617,39,3.885188622409834,0.20470038667753754,260,0.20303862465794173,0.10884487873535768,0.33542890717336005,0.217399804889581,0.00018904375610873103,1890437.5610873103
BT_soft,BT $k_p=1$,18,251188643150.9582,398107170553.4973,310182081264.90015,307337868027.60693,39,3.885188622409834,0.20470038667753754,149,0.18523175396018177,0.10932733487963704,0.28604350576749854,0.2000684250440785,0.00018904375610873103,1890437.5610873103
BT_soft,BT $k_p=1$,19,398107170553.4973,630957344480.1936,501687531190.34174,496997355428.1498,39,3.885188622409834,0.20470038667753754,96,0.14990913383669247,0.0959513609378832,0.2470700849972977,0.16600518046317844,0.00018904375610873103,1890437.5610873103
BT_soft,BT $k_p=1$,20,630957344480.1936,1000000000000.0,785947853499.438,778514049097.6202,39,3.885188622409834,0.20470038667753754,71,0.14499346448888073,0.07365505841870951,0.2533828783048988,0.15932539921212074,0.00018904375610873103,1890437.5610873103
BT_soft,BT $k_p=1$,1,100000000.0,158489319.24611133,124665317.1942589,123555120.07329029,40,3.4410805658271224,0.22517042534529128,149974,0.6610776346432208,0.44920430752056895,0.9177305042059298,0.7321519002458201,0.00018904375610873103,1890437.5610873103
BT_soft,BT $k_p=1$,2,158489319.24611133,251188643.15095794,198281760.36571315,196488727.07333443,40,3.4410805658271224,0.22517042534529128,106553,0.6314576148432028,0.4118861937618339,0.8679918353369653,0.6881836720564951,0.00018904375610873103,1890437.5610873103
BT_soft,BT $k_p=1$,3,251188643.15095794,398107170.5534973,315085340.6532487,312350360.9897805,40,3.4410805658271224,0.22517042534529128,72235,0.6079743915611319,0.3930354966377808,0.8284445826699334,0.6596205524180626,0.00018904375610873103,1890437.5610873103
BT_soft,BT $k_p=1$,4,398107170.5534973,630957344.4801933,499054300.93195516,494703494.67381746,40,3.4410805658271224,0.22517042534529128,49060,0.582886380181654,0.37438474505722513,0.7893682368555245,0.6271642654469484,0.00018904375610873103,1890437.5610873103
BT_soft,BT $k_p=1$,5,630957344.4801933,999999999.9999999,789812221.4767244,782915057.311006,40,3.4410805658271224,0.22517042534529128,32828,0.5613600347594434,0.3610784444248753,0.7521264582082081,0.5992374868579259,0.00018904375610873103,1890437.5610873103
BT_soft,BT $k_p=1$,6,999999999.9999999,1584893192.461114,1251599911.4733047,1240672160.8647935,40,3.4410805658271224,0.22517042534529128,22119,0.5364224916112434,0.3417750694904549,0.7212407374990996,0.5710217306048133,0.00018904375610873103,1890437.5610873103
BT_soft,BT $k_p=1$,7,1584893192.461114,2511886431.5095806,1976687264.6685898,1959493337.68406,40,3.4410805658271224,0.22517042534529128,14737,0.5112855647405078,0.32523765384295067,0.6867520996357701,0.5370897636017279,0.00018904375610873103,1890437.5610873103
BT_soft,BT $k_p=1$,8,2511886431.5095806,3981071705.534973,3134982396.89917,3107525810.226316,40,3.4410805658271224,0.22517042534529128,9769,0.4830946647526996,0.3035523740291911,0.6484893447630797,0.5079393658334946,0.00018904375610873103,1890437.5610873103
BT_soft,BT $k_p=1$,9,3981071705.534973,6309573444.801932,4976938038.537566,4933043058.509711,40,3.4410805658271224,0.22517042534529128,6612,0.4512620868304372,0.2826260908527837,0.6240450311275823,0.474297986490838,0.00018904375610873103,1890437.5610873103
BT_soft,BT $k_p=1$,10,6309573444.801932,10000000000.0,7895247973.333024,7826937540.218653,40,3.4410805658271224,0.22517042534529128,4400,0.4262171666198928,0.2668721844059828,0.5968401876000033,0.44815611964354796,0.00018904375610873103,1890437.5610873103
BT_soft,BT $k_p=1$,11,10000000000.0,15848931924.611141,12531761595.92314,12421129983.032267,40,3.4410805658271224,0.22517042534529128,2835,0.3991759022982148,0.2409235492578871,0.5633355261822355,0.41797964709690166,0.00018904375610873103,1890437.5610873103
BT_soft,BT $k_p=1$,12,15848931924.611141,25118864315.095818,19849863741.54308,19674125060.01873,40,3.4410805658271224,0.22517042534529128,1862,0.36928068385425816,0.22936358938316526,0.5374247267292698,0.3914985216980447,0.00018904375610873103,1890437.5610873103
BT_soft,BT $k_p=1$,13,25118864315.095818,39810717055.34974,31581818308.79869,31306747417.43646,40,3.4410805658271224,0.22517042534529128,1188,0.34343070467263237,0.20799246391886186,0.5098680116489818,0.3641905464698376,0.00018904375610873103,1890437.5610873103
BT_soft,BT $k_p=1$,14,39810717055.34974,63095734448.01936,49795568967.48036,49354509609.36132,40,3.4410805658271224,0.22517042534529128,819,0.3196442480266145,0.18425978524031394,0.45869018152481333,0.3316115801428302,0.00018904375610873103,1890437.5610873103
BT_soft,BT $k_p=1$,15,63095734448.01936,100000000000.0,78365605356.08536,77706018618.39774,40,3.4410805658271224,0.22517042534529128,512,0.2918124459264345,0.16874353686452784,0.45001791399165114,0.310225717498136,0.00018904375610873103,1890437.5610873103
BT_soft,BT $k_p=1$,16,100000000000.0,158489319246.11142,125705527277.52962,124525992444.69966,40,3.4410805658271224,0.22517042534529128,367,0.2511462233361234,0.1536411634218763,0.394725613907756,0.2761703582267334,0.00018904375610873103,1890437.5610873103
BT_soft,BT $k_p=1$,17,158489319246.11142,251188643150.9582,196407890213.38126,194511530051.8968,40,3.4410805658271224,0.22517042534529128,261,0.23569294970417795,0.12841639257406853,0.3857538233776585,0.2513685445267082,0.00018904375610873103,1890437.5610873103
BT_soft,BT $k_p=1$,18,251188643150.9582,398107170553.4973,310211520566.03375,307348115082.31396,40,3.4410805658271224,0.22517042534529128,148,0.22537728212820093,0.1328937509851493,0.3333525823321232,0.23294575445037416,0.00018904375610873103,1890437.5610873103
BT_soft,BT $k_p=1$,19,398107170553.4973,630957344480.1936,502550392962.32855,497882312263.6914,40,3.4410805658271224,0.22517042534529128,95,0.1957891768010558,0.10942699448109024,0.2969657681511822,0.20251063359094462,0.00018904375610873103,1890437.5610873103
BT_soft,BT $k_p=1$,20,630957344480.1936,1000000000000.0,783397467414.0787,776135473281.0685,40,3.4410805658271224,0.22517042534529128,70,0.16778671798110545,0.08655595146488017,0.285095101806259,0.1873669995789794,0.00018904375610873103,1890437.5610873103
BT_soft,BT $k_p=1$,1,100000000.0,158489319.24611133,124581304.19059025,123470951.16658892,41,3.0373459689337468,0.24768746787982046,151563,0.6960310448327462,0.4789148424806826,0.9489750716009548,0.7620830894833909,0.00018904375610873103,1890437.5610873103
BT_soft,BT $k_p=1$,2,158489319.24611133,251188643.15095794,198250742.5998991,196458819.37991452,41,3.0373459689337468,0.24768746787982046,106490,0.6686986234043537,0.44818805050274263,0.9034681673719773,0.7237362059657384,0.00018904375610873103,1890437.5610873103
BT_soft,BT $k_p=1$,3,251188643.15095794,398107170.5534973,315068250.4047256,312334572.6811911,41,3.0373459689337468,0.24768746787982046,72114,0.6465040417578447,0.4310965281180796,0.8687624951022332,0.6969230038052536,0.00018904375610873103,1890437.5610873103
BT_soft,BT $k_p=1$,4,398107170.5534973,630957344.4801933,499091953.102595,494737433.939403,41,3.0373459689337468,0.24768746787982046,48928,0.623944976669294,0.41378373587005596,0.8304173817437323,0.6664730085905483,0.00018904375610873103,1890437.5610873103
BT_soft,BT $k_p=1$,5,630957344.4801933,999999999.9999999,789739509.6120603,782840973.1781712,41,3.0373459689337468,0.24768746787982046,32771,0.6024037749851172,0.3985313227564547,0.792860886493639,0.6417913947455264,0.00018904375610873103,1890437.5610873103
BT_soft,BT $k_p=1$,6,999999999.9999999,1584893192.461114,1251588541.0097992,1240661375.468716,41,3.0373459689337468,0.24768746787982046,22102,0.5800611511267142,0.37717671271451086,0.7622016924807443,0.614417212838005,0.00018904375610873103,1890437.5610873103
BT_soft,BT $k_p=1$,7,1584893192.461114,2511886431.5095806,1976801052.5822048,1959598977.2317479,41,3.0373459689337468,0.24768746787982046,14722,0.5556179766784777,0.36486564562886864,0.7244545692615698,0.5798350135486214,0.00018904375610873103,1890437.5610873103
BT_soft,BT $k_p=1$,8,2511886431.5095806,3981071705.534973,3135049989.052495,3107601432.90211,41,3.0373459689337468,0.24768746787982046,9752,0.5282465140960598,0.3383422761322175,0.6905376133065552,0.5506026688091267,0.00018904375610873103,1890437.5610873103
BT_soft,BT $k_p=1$,9,3981071705.534973,6309573444.801932,4978077499.067473,4934159818.128438,41,3.0373459689337468,0.24768746787982046,6604,0.49819915659575087,0.32145129159502106,0.6688034018139132,0.5214336946574648,0.00018904375610873103,1890437.5610873103
BT_soft,BT $k_p=1$,10,6309573444.801932,10000000000.0,7894820047.3256445,7826425520.70571,41,3.0373459689337468,0.24768746787982046,4400,0.4781465094991758,0.30267774934152564,0.6429296093926183,0.4932656674574453,0.00018904375610873103,1890437.5610873103
BT_soft,BT $k_p=1$,11,10000000000.0,15848931924.611141,12532415952.548199,12421849454.670105,41,3.0373459689337468,0.24768746787982046,2832,0.4470837254817158,0.27557678541961017,0.6081139798252724,0.4647770777622363,0.00018904375610873103,1890437.5610873103
BT_soft,BT $k_p=1$,12,15848931924.611141,25118864315.095818,19852585724.25366,19676809564.777527,41,3.0373459689337468,0.24768746787982046,1861,0.4225413783708754,0.26797426232452354,0.5832888626485131,0.4372171304924545,0.00018904375610873103,1890437.5610873103
BT_soft,BT $k_p=1$,13,25118864315.095818,39810717055.34974,31564609579.055412,31289785708.465584,41,3.0373459689337468,0.24768746787982046,1188,0.3874120927400253,0.23737384927212463,0.5521242787369797,0.4058090745332557,0.00018904375610873103,1890437.5610873103
BT_soft,BT $k_p=1$,14,39810717055.34974,63095734448.01936,49798066363.44764,49355894279.30988,41,3.0373459689337468,0.24768746787982046,818,0.3641208179662265,0.21026037001796433,0.5124503002322085,0.3776812875785627,0.00018904375610873103,1890437.5610873103
BT_soft,BT $k_p=1$,15,63095734448.01936,100000000000.0,78334069069.08553,77674518542.84956,41,3.0373459689337468,0.24768746787982046,512,0.3326923432935852,0.2082716842420017,0.5063610150585433,0.35017804971024363,0.00018904375610873103,1890437.5610873103
BT_soft,BT $k_p=1$,16,100000000000.0,158489319246.11142,125713333392.15527,124540458795.92874,41,3.0373459689337468,0.24768746787982046,368,0.3003402198779855,0.17608311428075998,0.4497544241429251,0.3185627735029399,0.00018904375610873103,1890437.5610873103
BT_soft,BT $k_p=1$,17,158489319246.11142,251188643150.9582,196407890213.38126,194511530051.8968,41,3.0373459689337468,0.24768746787982046,261,0.2820559990259907,0.16549225788634941,0.43595053068200973,0.29469125343613856,0.00018904375610873103,1890437.5610873103
BT_soft,BT $k_p=1$,18,251188643150.9582,398107170553.4973,310182081264.90015,307337868027.60693,41,3.0373459689337468,0.24768746787982046,149,0.25707796192582993,0.16753738750460823,0.3897994132259191,0.2701122019088552,0.00018904375610873103,1890437.5610873103
BT_soft,BT $k_p=1$,19,398107170553.4973,630957344480.1936,501687531190.34174,496997355428.1498,41,3.0373459689337468,0.24768746787982046,96,0.23763073060359347,0.15096801193309217,0.3758788325413637,0.25049456477938575,0.00018904375610873103,1890437.5610873103
BT_soft,BT $k_p=1$,20,630957344480.1936,1000000000000.0,783397467414.0787,776135473281.0685,41,3.0373459689337468,0.24768746787982046,70,0.18729284578851138,0.10355338511974514,0.3333680186482783,0.22208630988663053,0.00018904375610873103,1890437.5610873103
BT_soft,BT $k_p=1$,1,100000000.0,158489319.24611133,124532318.57366624,123422256.19410992,42,2.670314517212497,0.2724562146678025,152465,0.728593719052905,0.5111022945845116,0.9820900520955592,0.7919085124191907,0.00018904375610873103,1890437.5610873103
BT_soft,BT $k_p=1$,2,158489319.24611133,251188643.15095794,198230936.7221047,196439547.07556912,42,2.670314517212497,0.2724562146678025,106461,0.7054548700383542,0.487333612495533,0.9363011739580742,0.7585172745750226,0.00018904375610873103,1890437.5610873103
BT_soft,BT $k_p=1$,3,251188643.15095794,398107170.5534973,315064536.6292428,312328201.49614364,42,2.670314517212497,0.2724562146678025,71866,0.6838199861816933,0.47205208504138313,0.9005053083760208,0.7326709736969823,0.00018904375610873103,1890437.5610873103
BT_soft,BT $k_p=1$,4,398107170.5534973,630957344.4801933,499100934.8905212,494746267.7977857,42,2.670314517212497,0.2724562146678025,48775,0.6622927070162472,0.4536882770737912,0.8673529673909632,0.7048601387458576,0.00018904375610873103,1890437.5610873103
BT_soft,BT $k_p=1$,5,630957344.4801933,999999999.9999999,789650325.6329327,782752396.1110401,42,2.670314517212497,0.2724562146678025,32689,0.6437915469921698,0.4390745968701827,0.8305583380834924,0.6793882413458713,0.00018904375610873103,1890437.5610873103
BT_soft,BT $k_p=1$,6,999999999.9999999,1584893192.461114,1251648286.6070325,1240715786.9346187,42,2.670314517212497,0.2724562146678025,22042,0.6211668143721873,0.4217843752509505,0.8023495683227605,0.6564852087983735,0.00018904375610873103,1890437.5610873103
BT_soft,BT $k_p=1$,7,1584893192.461114,2511886431.5095806,1976884858.1152697,1959675432.869701,42,2.670314517212497,0.2724562146678025,14686,0.5993046586302002,0.40187082263242657,0.7630754655723877,0.6203529657310982,0.00018904375610873103,1890437.5610873103
BT_soft,BT $k_p=1$,8,2511886431.5095806,3981071705.534973,3135005629.8779593,3107579995.3193483,42,2.670314517212497,0.2724562146678025,9744,0.5727258830445314,0.37593225511017314,0.7344730413722156,0.5938466403206105,0.00018904375610873103,1890437.5610873103
BT_soft,BT $k_p=1$,9,3981071705.534973,6309573444.801932,4977644339.1043,4933684903.768209,42,2.670314517212497,0.2724562146678025,6606,0.550310085603402,0.35934081377071225,0.7135074526828286,0.5681619226030545,0.00018904375610873103,1890437.5610873103
BT_soft,BT $k_p=1$,10,6309573444.801932,10000000000.0,7890611909.760726,7822265820.171351,42,2.670314517212497,0.2724562146678025,4393,0.52881534852486,0.3408372192282526,0.6846263331979885,0.5389759212334517,0.00018904375610873103,1890437.5610873103
BT_soft,BT $k_p=1$,11,10000000000.0,15848931924.611141,12531143552.474731,12420532982.608711,42,2.670314517212497,0.2724562146678025,2845,0.49419414842071746,0.31276079212147445,0.6569268087969695,0.5116959486457359,0.00018904375610873103,1890437.5610873103
BT_soft,BT $k_p=1$,12,15848931924.611141,25118864315.095818,19860910139.859924,19685022776.865906,42,2.670314517212497,0.2724562146678025,1855,0.46892498187234233,0.30632827878776775,0.6265549383192257,0.48315965661840976,0.00018904375610873103,1890437.5610873103
BT_soft,BT $k_p=1$,13,25118864315.095818,39810717055.34974,31577585298.222588,31302372211.76884,42,2.670314517212497,0.2724562146678025,1187,0.43856014779659336,0.27747495863668387,0.6030627885572658,0.4514866455726184,0.00018904375610873103,1890437.5610873103
BT_soft,BT $k_p=1$,14,39810717055.34974,63095734448.01936,49817737809.22249,49376987290.479225,42,2.670314517212497,0.2724562146678025,820,0.40637232421804204,0.2504131265595088,0.5670703364300022,0.4236910899971633,0.00018904375610873103,1890437.5610873103
BT_soft,BT $k_p=1$,15,63095734448.01936,100000000000.0,78377638550.74132,77718309694.49586,42,2.670314517212497,0.2724562146678025,511,0.38244922713116697,0.24716270256583472,0.5575723721411132,0.3977640118028653,0.00018904375610873103,1890437.5610873103
BT_soft,BT $k_p=1$,16,100000000000.0,158489319246.11142,125649189921.10016,124480811433.24084,42,2.670314517212497,0.2724562146678025,367,0.34659500612466854,0.2151041034207347,0.5221895443239937,0.3688069211612693,0.00018904375610873103,1890437.5610873103
BT_soft,BT $k_p=1$,17,158489319246.11142,251188643150.9582,196371150196.48822,194468748232.84573,42,2.670314517212497,0.2724562146678025,260,0.32550089382347214,0.19029888106990228,0.4726940370213477,0.3346710771732453,0.00018904375610873103,1890437.5610873103
BT_soft,BT $k_p=1$,18,251188643150.9582,398107170553.4973,310182081264.90015,307337868027.60693,42,2.670314517212497,0.2724562146678025,149,0.2932857530172597,0.18958095424700935,0.447179008687744,0.31220634726020435,0.00018904375610873103,1890437.5610873103
BT_soft,BT $k_p=1$,19,398107170553.4973,630957344480.1936,502563403875.7398,497897769303.3328,42,2.670314517212497,0.2724562146678025,95,0.27646151898422555,0.18690436587058865,0.42472441421110413,0.29280881870626607,0.00018904375610873103,1890437.5610873103
BT_soft,BT $k_p=1$,20,630957344480.1936,1000000000000.0,785679051864.6146,778145321093.4093,42,2.670314517212497,0.2724562146678025,70,0.2492426448616193,0.13294806179917848,0.3958077473593776,0.2606557728252838,0.00018904375610873103,1890437.5610873103
BT_soft,BT $k_p=1$,1,100000000.0,158489319.24611133,124502407.44786479,123392209.28905378,43,2.3366495611022704,0.29970183613458273,152827,0.7604097443403659,0.5471109920439681,1.0000000231120771,0.8176040976204797,0.00018904375610873103,1890437.5610873103
BT_soft,BT $k_p=1$,2,158489319.24611133,251188643.15095794,198219670.34370393,196426484.62846267,43,2.3366495611022704,0.29970183613458273,106145,0.7390525358560889,0.5271744701703733,0.9654758381227234,0.7882085167279119,0.00018904375610873103,1890437.5610873103
BT_soft,BT $k_p=1$,3,251188643.15095794,398107170.5534973,315045924.24065405,312310464.3987725,43,2.3366495611022704,0.29970183613458273,71636,0.719768014812711,0.5133104868785804,0.9333508748488272,0.7655356008250717,0.00018904375610873103,1890437.5610873103
BT_soft,BT $k_p=1$,4,398107170.5534973,630957344.4801933,499128131.05355436,494773163.50981253,43,2.3366495611022704,0.29970183613458273,48641,0.6991874080904082,0.49634491005039616,0.9022577106564786,0.7404059678084018,0.00018904375610873103,1890437.5610873103
BT_soft,BT $k_p=1$,5,630957344.4801933,999999999.9999999,789719310.0491041,782818575.045291,43,2.3366495611022704,0.29970183613458273,32567,0.6795791397283797,0.48036398735093716,0.8652550179853045,0.7166782043744665,0.00018904375610873103,1890437.5610873103
BT_soft,BT $k_p=1$,6,999999999.9999999,1584893192.461114,1251613954.5502884,1240676801.710963,43,2.3366495611022704,0.29970183613458273,21978,0.6610905833437312,0.4635476907347948,0.839591064427152,0.6961211427394814,0.00018904375610873103,1890437.5610873103
BT_soft,BT $k_p=1$,7,1584893192.461114,2511886431.5095806,1976928225.4412324,1959739266.9489608,43,2.3366495611022704,0.29970183613458273,14677,0.6387708712819475,0.4442971431162227,0.8027132233429299,0.6610529412753965,0.00018904375610873103,1890437.5610873103
BT_soft,BT $k_p=1$,8,2511886431.5095806,3981071705.534973,3135124629.2463927,3107662830.700625,43,2.3366495611022704,0.29970183613458273,9727,0.6183976623046383,0.4193054018240707,0.7719171391021054,0.6377684352588413,0.00018904375610873103,1890437.5610873103
BT_soft,BT $k_p=1$,9,3981071705.534973,6309573444.801932,4977914531.558065,4933990226.980777,43,2.3366495611022704,0.29970183613458273,6591,0.5950114937302596,0.4021973996040899,0.7483615463456585,0.6113483327286419,0.00018904375610873103,1890437.5610873103
BT_soft,BT $k_p=1$,10,6309573444.801932,10000000000.0,7893254043.521772,7824908277.437494,43,2.3366495611022704,0.29970183613458273,4390,0.5792980785786602,0.38395329883568763,0.728566747488852,0.5870112869317796,0.00018904375610873103,1890437.5610873103
BT_soft,BT $k_p=1$,11,10000000000.0,15848931924.611141,12536480007.574905,12425770391.628202,43,2.3366495611022704,0.29970183613458273,2834,0.5469873282712243,0.35802411469981116,0.7027503318189808,0.5589884819893,0.00018904375610873103,1890437.5610873103
BT_soft,BT $k_p=1$,12,15848931924.611141,25118864315.095818,19850491734.41121,19674667526.72795,43,2.3366495611022704,0.29970183613458273,1853,0.519334480623363,0.34005566982462143,0.6719575665789389,0.5268609108729644,0.00018904375610873103,1890437.5610873103
BT_soft,BT $k_p=1$,13,25118864315.095818,39810717055.34974,31573121336.174652,31298456854.83185,43,2.3366495611022704,0.29970183613458273,1190,0.5004646136748829,0.32304957669886913,0.6443405950322135,0.503563946610887,0.00018904375610873103,1890437.5610873103
BT_soft,BT $k_p=1$,14,39810717055.34974,63095734448.01936,49828209707.19879,49388523665.15672,43,2.3366495611022704,0.29970183613458273,819,0.4536414875475001,0.2817775884545123,0.6186540281842848,0.4632351809830972,0.00018904375610873103,1890437.5610873103
BT_soft,BT $k_p=1$,15,63095734448.01936,100000000000.0,78394918037.0906,77737354530.40868,43,2.3366495611022704,0.29970183613458273,513,0.4349809440012307,0.2848609472686634,0.5898514516250295,0.4399014112250178,0.00018904375610873103,1890437.5610873103
BT_soft,BT $k_p=1$,16,100000000000.0,158489319246.11142,125654266925.88826,124479374582.7036,43,2.3366495611022704,0.29970183613458273,369,0.4025307963621061,0.25660644816273237,0.5758022300540152,0.41788681108941383,0.00018904375610873103,1890437.5610873103
BT_soft,BT $k_p=1$,17,158489319246.11142,251188643150.9582,196640180639.16504,194747056315.5115,43,2.3366495611022704,0.29970183613458273,259,0.38589699343294903,0.21958212961324086,0.536372512417053,0.3819228352882516,0.00018904375610873103,1890437.5610873103
BT_soft,BT $k_p=1$,18,251188643150.9582,398107170553.4973,310746904265.7715,307895111573.37787,43,2.3366495611022704,0.29970183613458273,145,0.3350854782426918,0.2061060948757442,0.5111704902257141,0.3574178565528456,0.00018904375610873103,1890437.5610873103
BT_soft,BT $k_p=1$,19,398107170553.4973,630957344480.1936,502563403875.7398,497897769303.3328,43,2.3366495611022704,0.29970183613458273,95,0.33398363529768815,0.21053137895633456,0.4739345627892476,0.34491343771981026,0.00018904375610873103,1890437.5610873103
BT_soft,BT $k_p=1$,20,630957344480.1936,1000000000000.0,785947853499.438,778514049097.6202,43,2.3366495611022704,0.29970183613458273,71,0.2928259631580564,0.1632837533897156,0.4795529186823407,0.31383614786981484,0.00018904375610873103,1890437.5610873103
BT_soft,BT $k_p=1$,1,100000000.0,158489319.24611133,124474990.22459848,123364346.73533443,44,2.0333177828202462,0.32967201974804095,152810,0.7892537835121263,0.583912555942458,1.0261718862338831,0.8436287715770534,0.00018904375610873103,1890437.5610873103
BT_soft,BT $k_p=1$,2,158489319.24611133,251188643.15095794,198230146.55642065,196436570.59533203,44,2.0333177828202462,0.32967201974804095,105772,0.7700421196250556,0.5674023823152667,0.9901039507084355,0.8166426875912023,0.00018904375610873103,1890437.5610873103
BT_soft,BT $k_p=1$,3,251188643.15095794,398107170.5534973,315050751.4335126,312315359.2487981,44,2.0333177828202462,0.32967201974804095,71278,0.7529199995349685,0.5555235242249971,0.961346937429631,0.7963460568215137,0.00018904375610873103,1890437.5610873103
BT_soft,BT $k_p=1$,4,398107170.5534973,630957344.4801933,499123380.36001045,494765813.2816462,44,2.0333177828202462,0.32967201974804095,48368,0.7322818360518882,0.5388709252104035,0.9292816944294993,0.7729642564222702,0.00018904375610873103,1890437.5610873103
BT_soft,BT $k_p=1$,5,630957344.4801933,999999999.9999999,789798430.1111872,782901024.8763026,44,2.0333177828202462,0.32967201974804095,32437,0.7173424796094179,0.5275938633414119,0.9003299325480068,0.7551318751038335,0.00018904375610873103,1890437.5610873103
BT_soft,BT $k_p=1$,6,999999999.9999999,1584893192.461114,1251759055.9233472,1240820654.1882575,44,2.0333177828202462,0.32967201974804095,21900,0.6989811108952195,0.5105114015258756,0.8738291259589476,0.7332839404592318,0.00018904375610873103,1890437.5610873103
BT_soft,BT $k_p=1$,7,1584893192.461114,2511886431.5095806,1977259511.7886896,1960052349.1404548,44,2.0333177828202462,0.32967201974804095,14643,0.6805299995623728,0.4865525112787238,0.8378526717088176,0.703344371188708,0.00018904375610873103,1890437.5610873103
BT_soft,BT $k_p=1$,8,2511886431.5095806,3981071705.534973,3135182401.2606597,3107779132.876598,44,2.0333177828202462,0.32967201974804095,9674,0.6602880511196685,0.4646758406740785,0.8060775206265215,0.6775540400039771,0.00018904375610873103,1890437.5610873103
BT_soft,BT $k_p=1$,9,3981071705.534973,6309573444.801932,4977943618.197545,4934079123.156489,44,2.0333177828202462,0.32967201974804095,6579,0.6386408621835096,0.4448936845628592,0.7883427593813777,0.6568907141723149,0.00018904375610873103,1890437.5610873103
BT_soft,BT $k_p=1$,10,6309573444.801932,10000000000.0,7894255395.627022,7825948161.648738,44,2.0333177828202462,0.32967201974804095,4379,0.623441625811215,0.4278198403261909,0.7683597497354846,0.6313535736585387,0.00018904375610873103,1890437.5610873103
BT_soft,BT $k_p=1$,11,10000000000.0,15848931924.611141,12533383944.028948,12422586722.180279,44,2.0333177828202462,0.32967201974804095,2831,0.5943383117552715,0.40189490161420466,0.7425310945734908,0.6042723489773679,0.00018904375610873103,1890437.5610873103
BT_soft,BT $k_p=1$,12,15848931924.611141,25118864315.095818,19854158981.998886,19678169418.71899,44,2.0333177828202462,0.32967201974804095,1858,0.5691155398393625,0.3759454110725975,0.7142182018086446,0.5727240711129754,0.00018904375610873103,1890437.5610873103
BT_soft,BT $k_p=1$,13,25118864315.095818,39810717055.34974,31575075531.117916,31299767204.69952,44,2.0333177828202462,0.32967201974804095,1192,0.5519227346508785,0.36603937579717594,0.6959492539126734,0.5536823476703295,0.00018904375610873103,1890437.5610873103
BT_soft,BT $k_p=1$,14,39810717055.34974,63095734448.01936,49776107011.84641,49335469767.53528,44,2.0333177828202462,0.32967201974804095,819,0.5002386126741781,0.3286540406496697,0.660858471290527,0.5083402026527045,0.00018904375610873103,1890437.5610873103
BT_soft,BT $k_p=1$,15,63095734448.01936,100000000000.0,78394918037.0906,77737354530.40868,44,2.0333177828202462,0.32967201974804095,513,0.4914684195985638,0.32194463208546903,0.6328029206986836,0.48956063851855963,0.00018904375610873103,1890437.5610873103
BT_soft,BT $k_p=1$,16,100000000000.0,158489319246.11142,125661287316.29808,124483224212.62622,44,2.0333177828202462,0.32967201974804095,368,0.4635385597306667,0.29561595616313335,0.6228356190823882,0.47136247593201724,0.00018904375610873103,1890437.5610873103
BT_soft,BT $k_p=1$,17,158489319246.11142,251188643150.9582,196594016110.81558,194687270565.9021,44,2.0333177828202462,0.32967201974804095,258,0.42382512044223575,0.2586540670056246,0.5880157301813377,0.4298970832400129,0.00018904375610873103,1890437.5610873103
BT_soft,BT $k_p=1$,18,251188643150.9582,398107170553.4973,310708087891.42847,307865574918.1186,44,2.0333177828202462,0.32967201974804095,147,0.3875743083968227,0.2454837809162221,0.5528173883713793,0.4030557410897511,0.00018904375610873103,1890437.5610873103
BT_soft,BT $k_p=1$,19,398107170553.4973,630957344480.1936,501687531190.34174,496997355428.1498,44,2.0333177828202462,0.32967201974804095,96,0.3621176391270523,0.24954530801135294,0.5357154505894297,0.39430571154473587,0.00018904375610873103,1890437.5610873103
BT_soft,BT $k_p=1$,20,630957344480.1936,1000000000000.0,783976308899.5087,776511808303.1948,44,2.0333177828202462,0.32967201974804095,69,0.3523775991370337,0.19175679794591888,0.5453510021933072,0.377331974730318,0.00018904375610873103,1890437.5610873103
BT_soft,BT $k_p=1$,1,100000000.0,158489319.24611133,124454842.27088493,123343864.4571715,45,1.7575616207456761,0.36263922172284535,152608,0.817152836490819,0.6210884180655307,1.0392621077122748,0.866291143303536,0.00018904375610873103,1890437.5610873103
BT_soft,BT $k_p=1$,2,158489319.24611133,251188643.15095794,198211769.1638219,196419605.3888344,45,1.7575616207456761,0.36263922172284535,105311,0.7985306333130693,0.6075484629374047,1.0104048274402326,0.8423760399680359,0.00018904375610873103,1890437.5610873103
BT_soft,BT $k_p=1$,3,251188643.15095794,398107170.5534973,315037174.2919462,312304265.39226043,45,1.7575616207456761,0.36263922172284535,70955,0.7840485565359652,0.5998914753216698,0.9867343210885503,0.8253141965427957,0.00018904375610873103,1890437.5610873103
BT_soft,BT $k_p=1$,4,398107170.5534973,630957344.4801933,499047807.0883005,494696464.7886848,45,1.7575616207456761,0.36263922172284535,48147,0.7647969017457404,0.5814960946625402,0.9552954448159565,0.8038960733444847,0.00018904375610873103,1890437.5610873103
BT_soft,BT $k_p=1$,5,630957344.4801933,999999999.9999999,789808058.4271296,782906772.7785887,45,1.7575616207456761,0.36263922172284535,32323,0.7514549893629515,0.5739746773080663,0.9285153481905604,0.787624354145221,0.00018904375610873103,1890437.5610873103
BT_soft,BT $k_p=1$,6,999999999.9999999,1584893192.461114,1251937948.8888164,1241015974.9270446,45,1.7575616207456761,0.36263922172284535,21801,0.7352021126325031,0.5551126897554541,0.9066904387764895,0.7684864344638,0.00018904375610873103,1890437.5610873103
BT_soft,BT $k_p=1$,7,1584893192.461114,2511886431.5095806,1977216456.66816,1960017587.947498,45,1.7575616207456761,0.36263922172284535,14580,0.7198239199816979,0.5342019584540756,0.8715147062685948,0.7403608297002955,0.00018904375610873103,1890437.5610873103
BT_soft,BT $k_p=1$,8,2511886431.5095806,3981071705.534973,3135162735.73667,3107696007.199368,45,1.7575616207456761,0.36263922172284535,9665,0.7014166782283378,0.5190709040601891,0.842384008752489,0.7197375387293999,0.00018904375610873103,1890437.5610873103
BT_soft,BT $k_p=1$,9,3981071705.534973,6309573444.801932,4978176443.522013,4934284752.895703,45,1.7575616207456761,0.36263922172284535,6557,0.6790536014457278,0.4909731175107796,0.8227184219678333,0.6940784081472144,0.00018904375610873103,1890437.5610873103
BT_soft,BT $k_p=1$,10,6309573444.801932,10000000000.0,7896934095.190741,7828718213.469905,45,1.7575616207456761,0.36263922172284535,4369,0.6649925143040694,0.4758578044269544,0.8027265636809695,0.6759095208814239,0.00018904375610873103,1890437.5610873103
BT_soft,BT $k_p=1$,11,10000000000.0,15848931924.611141,12531095268.395418,12420449970.795635,45,1.7575616207456761,0.36263922172284535,2820,0.6385736956937744,0.45220945887450115,0.7815217591459692,0.6481701894813936,0.00018904375610873103,1890437.5610873103
BT_soft,BT $k_p=1$,12,15848931924.611141,25118864315.095818,19854660517.145123,19678721795.313007,45,1.7575616207456761,0.36263922172284535,1859,0.6182075024321321,0.4235176864736717,0.7502935611535092,0.6165564081033417,0.00018904375610873103,1890437.5610873103
BT_soft,BT $k_p=1$,13,25118864315.095818,39810717055.34974,31573807735.397736,31298648490.219883,45,1.7575616207456761,0.36263922172284535,1188,0.5974425748376702,0.41126073144131214,0.7294612770277569,0.6007109593773415,0.00018904375610873103,1890437.5610873103
BT_soft,BT $k_p=1$,14,39810717055.34974,63095734448.01936,49828573687.375595,49385323035.07912,45,1.7575616207456761,0.36263922172284535,819,0.5590646480232496,0.3780261347120808,0.7072277867468474,0.5599340776647951,0.00018904375610873103,1890437.5610873103
BT_soft,BT $k_p=1$,15,63095734448.01936,100000000000.0,78422795096.45642,77766595119.62456,45,1.7575616207456761,0.36263922172284535,512,0.5374145822715718,0.3606583769597947,0.6699399127275862,0.5326627332362981,0.00018904375610873103,1890437.5610873103
BT_soft,BT $k_p=1$,16,100000000000.0,158489319246.11142,125654266925.88826,124479374582.7036,45,1.7575616207456761,0.36263922172284535,369,0.5183617549732424,0.33049663202221014,0.6554390793394794,0.5253964412879605,0.00018904375610873103,1890437.5610873103
BT_soft,BT $k_p=1$,17,158489319246.11142,251188643150.9582,196531033496.31064,194625378214.5064,45,1.7575616207456761,0.36263922172284535,259,0.5007260048169097,0.31388290985632156,0.6471905278978872,0.48668435021445333,0.00018904375610873103,1890437.5610873103
BT_soft,BT $k_p=1$,18,251188643150.9582,398107170553.4973,310322205214.3308,307462462210.27734,45,1.7575616207456761,0.36263922172284535,148,0.4462282792044303,0.29368651268168167,0.5985717630911511,0.4537571375971894,0.00018904375610873103,1890437.5610873103
BT_soft,BT $k_p=1$,19,398107170553.4973,630957344480.1936,501687531190.34174,496997355428.1498,45,1.7575616207456761,0.36263922172284535,96,0.3983178894256564,0.28647993876803884,0.569466267276909,0.41936152690255807,0.00018904375610873103,1890437.5610873103
BT_soft,BT $k_p=1$,20,630957344480.1936,1000000000000.0,783976308899.5087,776511808303.1948,45,1.7575616207456761,0.36263922172284535,69,0.40759880558728245,0.2518693930993459,0.5930420563909997,0.4327739576872876,0.00018904375610873103,1890437.5610873103
BT_soft,BT $k_p=1$,1,100000000.0,158489319.24611133,124448598.64162754,123337958.88235547,46,1.506874200677888,0.3989031438951298,152158,0.8411945255299262,0.6568354318833398,1.0502377818008186,0.8853901891327124,0.00018904375610873103,1890437.5610873103
BT_soft,BT $k_p=1$,2,158489319.24611133,251188643.15095794,198212337.07353386,196421873.6228052,46,1.506874200677888,0.3989031438951298,104813,0.8265589293067395,0.647833632084649,1.0263526079037126,0.8662146800408606,0.00018904375610873103,1890437.5610873103
BT_soft,BT $k_p=1$,3,251188643.15095794,398107170.5534973,315081032.67330366,312346935.6401535,46,1.506874200677888,0.3989031438951298,70612,0.8125976496389496,0.6446285584231112,1.006125637807781,0.8503837325054765,0.00018904375610873103,1890437.5610873103
BT_soft,BT $k_p=1$,4,398107170.5534973,630957344.4801933,499041337.98585606,494688180.174718,46,1.506874200677888,0.3989031438951298,47889,0.79621096783642,0.6296331837819944,0.9778417535745886,0.8318416367239283,0.00018904375610873103,1890437.5610873103
BT_soft,BT $k_p=1$,5,630957344.4801933,999999999.9999999,789798194.014023,782894155.2062559,46,1.506874200677888,0.3989031438951298,32139,0.7835833929464354,0.6198048996575803,0.9527372003960951,0.8180166622435576,0.00018904375610873103,1890437.5610873103
BT_soft,BT $k_p=1$,6,999999999.9999999,1584893192.461114,1252000745.9634845,1241079333.8521311,46,1.506874200677888,0.3989031438951298,21695,0.7684932429753837,0.6044454235449009,0.9327382046918147,0.8009394833308445,0.00018904375610873103,1890437.5610873103
BT_soft,BT $k_p=1$,7,1584893192.461114,2511886431.5095806,1977225576.9480705,1960015282.8407388,46,1.506874200677888,0.3989031438951298,14531,0.7546970138667635,0.583371393714714,0.8993687421521668,0.7771383471749336,0.00018904375610873103,1890437.5610873103
BT_soft,BT $k_p=1$,8,2511886431.5095806,3981071705.534973,3134383660.124263,3106952350.882283,46,1.506874200677888,0.3989031438951298,9621,0.7394455865495163,0.5683714889139234,0.8748604201010604,0.7567629016245717,0.00018904375610873103,1890437.5610873103
BT_soft,BT $k_p=1$,9,3981071705.534973,6309573444.801932,4977565171.232145,4933720688.862112,46,1.506874200677888,0.3989031438951298,6548,0.7192622812103964,0.5421289250228927,0.8580325053102505,0.7345958728830446,0.00018904375610873103,1890437.5610873103
BT_soft,BT $k_p=1$,10,6309573444.801932,10000000000.0,7894659314.563795,7826445750.173913,46,1.506874200677888,0.3989031438951298,4366,0.7050730612832166,0.5249091671824925,0.838641834064795,0.7177758540879123,0.00018904375610873103,1890437.5610873103
BT_soft,BT $k_p=1$,11,10000000000.0,15848931924.611141,12527339880.679346,12416878907.261513,46,1.506874200677888,0.3989031438951298,2807,0.6858317109973493,0.49478323852218964,0.8172549036550051,0.6936870224395589,0.00018904375610873103,1890437.5610873103
BT_soft,BT $k_p=1$,12,15848931924.611141,25118864315.095818,19850864564.67064,19675051209.610893,46,1.506874200677888,0.3989031438951298,1857,0.6630021271699935,0.4742412159108998,0.7848940191294128,0.6598204812606456,0.00018904375610873103,1890437.5610873103
BT_soft,BT $k_p=1$,13,25118864315.095818,39810717055.34974,31565136565.718105,31289474101.26384,46,1.506874200677888,0.3989031438951298,1186,0.6425717627802654,0.44657644726138845,0.7728624580528984,0.6474776164698015,0.00018904375610873103,1890437.5610873103
BT_soft,BT $k_p=1$,14,39810717055.34974,63095734448.01936,49826647670.6324,49384081203.41041,46,1.506874200677888,0.3989031438951298,819,0.618336219375184,0.42150939219960015,0.7556599564106028,0.6118127125564733,0.00018904375610873103,1890437.5610873103
BT_soft,BT $k_p=1$,15,63095734448.01936,100000000000.0,78422795096.45642,77766595119.62456,46,1.506874200677888,0.3989031438951298,512,0.5909199796887461,0.4148401038930265,0.709904336140858,0.5825836203683639,0.00018904375610873103,1890437.5610873103
BT_soft,BT $k_p=1$,16,100000000000.0,158489319246.11142,125725059783.61478,124547378106.5972,46,1.506874200677888,0.3989031438951298,367,0.573212855774098,0.37752064969532445,0.6966513417637834,0.5767372368991804,0.00018904375610873103,1890437.5610873103
BT_soft,BT $k_p=1$,17,158489319246.11142,251188643150.9582,196413486704.31372,194503772946.4538,46,1.506874200677888,0.3989031438951298,259,0.5602601770043731,0.36514490421581036,0.7143877928582117,0.550486249671954,0.00018904375610873103,1890437.5610873103
BT_soft,BT $k_p=1$,18,251188643150.9582,398107170553.4973,310182081264.90015,307337868027.60693,46,1.506874200677888,0.3989031438951298,149,0.5020987945976707,0.33260316464060585,0.6479366007951265,0.4996447345003191,0.00018904375610873103,1890437.5610873103
BT_soft,BT $k_p=1$,19,398107170553.4973,630957344480.1936,501687531190.34174,496997355428.1498,46,1.506874200677888,0.3989031438951298,96,0.4523759670446046,0.2956533908372024,0.6262778318770201,0.46214128673220545,0.00018904375610873103,1890437.5610873103
BT_soft,BT $k_p=1$,20,630957344480.1936,1000000000000.0,783976308899.5087,776511808303.1948,46,1.506874200677888,0.3989031438951298,69,0.49011261947224605,0.31212839323395525,0.6694006293076883,0.49146720262811383,0.00018904375610873103,1890437.5610873103
BT_soft,BT $k_p=1$,1,100000000.0,158489319.24611133,124420867.45025991,123311413.13927324,47,1.2789765460708074,0.4387934582846427,151513,0.8640938231632576,0.6933995845500094,1.057535517450359,0.9029758013327165,0.00018904375610873103,1890437.5610873103
BT_soft,BT $k_p=1$,2,158489319.24611133,251188643.15095794,198207477.5823353,196415679.7170276,47,1.2789765460708074,0.4387934582846427,104399,0.8514764089775826,0.6879582818138209,1.037407912156832,0.887348561663341,0.00018904375610873103,1890437.5610873103
BT_soft,BT $k_p=1$,3,251188643.15095794,398107170.5534973,315046901.05260193,312315529.802389,47,1.2789765460708074,0.4387934582846427,70319,0.8386806203896703,0.6848340389273878,1.0189523192947376,0.873298885459713,0.00018904375610873103,1890437.5610873103
BT_soft,BT $k_p=1$,4,398107170.5534973,630957344.4801933,499083386.50364697,494730302.1115833,47,1.2789765460708074,0.4387934582846427,47610,0.8242138349593143,0.6723310891544365,0.9912725221064831,0.8578782836540019,0.00018904375610873103,1890437.5610873103
BT_soft,BT $k_p=1$,5,630957344.4801933,999999999.9999999,789861345.8872802,782961695.0737131,47,1.2789765460708074,0.4387934582846427,31964,0.8132221243238147,0.6667754497217102,0.969489721364142,0.8429344618781055,0.00018904375610873103,1890437.5610873103
BT_soft,BT $k_p=1$,6,999999999.9999999,1584893192.461114,1251807901.4738092,1240869900.7641146,47,1.2789765460708074,0.4387934582846427,21605,0.800918800937817,0.6513710525677677,0.9546216015905983,0.831866419087101,0.00018904375610873103,1890437.5610873103
BT_soft,BT $k_p=1$,7,1584893192.461114,2511886431.5095806,1977293091.2767508,1960090199.9805915,47,1.2789765460708074,0.4387934582846427,14440,0.787765091885116,0.6312230334881497,0.9279114243798758,0.8094138613175941,0.00018904375610873103,1890437.5610873103
BT_soft,BT $k_p=1$,8,2511886431.5095806,3981071705.534973,3134426166.9828053,3106998491.368029,47,1.2789765460708074,0.4387934582846427,9604,0.7731666729201854,0.6126853485602848,0.9036156849676773,0.7896448557019203,0.00018904375610873103,1890437.5610873103
BT_soft,BT $k_p=1$,9,3981071705.534973,6309573444.801932,4978160855.20298,4934301978.84165,47,1.2789765460708074,0.4387934582846427,6511,0.7571106571609711,0.5888670952110009,0.8887333178346529,0.770073495711239,0.00018904375610873103,1890437.5610873103
BT_soft,BT $k_p=1$,10,6309573444.801932,10000000000.0,7895628439.785345,7827388299.166466,47,1.2789765460708074,0.4387934582846427,4346,0.7448598122298365,0.5697151311225873,0.8717568403758421,0.7580082304015517,0.00018904375610873103,1890437.5610873103
BT_soft,BT $k_p=1$,11,10000000000.0,15848931924.611141,12539550481.938723,12429228392.039433,47,1.2789765460708074,0.4387934582846427,2795,0.7284483531762455,0.5481404689193441,0.8513667704433049,0.7353214988987417,0.00018904375610873103,1890437.5610873103
BT_soft,BT $k_p=1$,12,15848931924.611141,25118864315.095818,19855861975.128555,19679776540.13933,47,1.2789765460708074,0.4387934582846427,1842,0.7065364944518968,0.5208538090044103,0.8256756047950787,0.7038481208340827,0.00018904375610873103,1890437.5610873103
BT_soft,BT $k_p=1$,13,25118864315.095818,39810717055.34974,31566471111.02432,31289793652.653408,47,1.2789765460708074,0.4387934582846427,1180,0.6923491054796571,0.5109357662182548,0.8129255923894431,0.6988000899964348,0.00018904375610873103,1890437.5610873103
BT_soft,BT $k_p=1$,14,39810717055.34974,63095734448.01936,49817072099.426,49374012666.38398,47,1.2789765460708074,0.4387934582846427,818,0.6767102872788491,0.4834577637569561,0.7969734341610349,0.6583616531501033,0.00018904375610873103,1890437.5610873103
BT_soft,BT $k_p=1$,15,63095734448.01936,100000000000.0,78406516841.66103,77748025513.64464,47,1.2789765460708074,0.4387934582846427,512,0.6435711008624094,0.45873134279114314,0.7610354791846156,0.6310657864146119,0.00018904375610873103,1890437.5610873103
BT_soft,BT $k_p=1$,16,100000000000.0,158489319246.11142,125700224085.0175,124521749136.53201,47,1.2789765460708074,0.4387934582846427,367,0.6229690470952056,0.43478119957162403,0.7572005914996248,0.6252164705494303,0.00018904375610873103,1890437.5610873103
BT_soft,BT $k_p=1$,17,158489319246.11142,251188643150.9582,196379828406.30722,194476987630.83286,47,1.2789765460708074,0.4387934582846427,260,0.6180787379803234,0.4095260337028883,0.7340549950833463,0.5990940536047487,0.00018904375610873103,1890437.5610873103
BT_soft,BT $k_p=1$,18,251188643150.9582,398107170553.4973,310182081264.90015,307337868027.60693,47,1.2789765460708074,0.4387934582846427,149,0.5749303263497809,0.39253689705478256,0.6859442598710069,0.5538220597869509,0.00018904375610873103,1890437.5610873103
BT_soft,BT $k_p=1$,19,398107170553.4973,630957344480.1936,501687531190.34174,496997355428.1498,47,1.2789765460708074,0.4387934582846427,96,0.520103746075695,0.31399271952784114,0.6984201723372012,0.519824278248647,0.00018904375610873103,1890437.5610873103
BT_soft,BT $k_p=1$,20,630957344480.1936,1000000000000.0,787722900098.6613,780324337658.1345,47,1.2789765460708074,0.4387934582846427,70,0.5578529675812685,0.35920588319270075,0.6823973360697168,0.5406776012886502,0.00018904375610873103,1890437.5610873103
BT_soft,BT $k_p=1$,1,100000000.0,158489319.24611133,124401775.83578849,123291672.41796745,48,1.0717968600643704,0.482672804113107,151040,0.8866900104822001,0.7285813229598681,1.0648629120163469,0.9198438852937632,0.00018904375610873103,1890437.5610873103
BT_soft,BT $k_p=1$,2,158489319.24611133,251188643.15095794,198196256.82704788,196404430.97244146,48,1.0717968600643704,0.482672804113107,103779,0.8752756340024445,0.7266609203137268,1.0425005330171633,0.9057660865780737,0.00018904375610873103,1890437.5610873103
BT_soft,BT $k_p=1$,3,251188643.15095794,398107170.5534973,315009756.8133624,312277548.3394412,48,1.0717968600643704,0.482672804113107,69895,0.8639478737415957,0.723952803676008,1.0266006209075484,0.8939479364066276,0.00018904375610873103,1890437.5610873103
BT_soft,BT $k_p=1$,4,398107170.5534973,630957344.4801933,499058551.737992,494706557.2997706,48,1.0717968600643704,0.482672804113107,47342,0.8524466354515575,0.7157245202258984,1.0045612657996534,0.8808907879130508,0.00018904375610873103,1890437.5610873103
BT_soft,BT $k_p=1$,5,630957344.4801933,999999999.9999999,789504348.289403,782609277.0007454,48,1.0717968600643704,0.482672804113107,31816,0.8422963028023961,0.7110025126979609,0.9855245555001467,0.8690126803214719,0.00018904375610873103,1890437.5610873103
BT_soft,BT $k_p=1$,6,999999999.9999999,1584893192.461114,1251743866.1229906,1240823082.4995267,48,1.0717968600643704,0.482672804113107,21453,0.8309228869541762,0.6972584777931901,0.9708631651223435,0.8589763660773864,0.00018904375610873103,1890437.5610873103
BT_soft,BT $k_p=1$,7,1584893192.461114,2511886431.5095806,1977206085.6499772,1960008378.9688203,48,1.0717968600643704,0.482672804113107,14366,0.8203784162112935,0.6835370130781857,0.950006969909147,0.8413452300437172,0.00018904375610873103,1890437.5610873103
BT_soft,BT $k_p=1$,8,2511886431.5095806,3981071705.534973,3135603664.793681,3108185303.3977485,48,1.0717968600643704,0.482672804113107,9544,0.8073891118701079,0.6587628855868678,0.9311605794977748,0.8224412609330889,0.00018904375610873103,1890437.5610873103
BT_soft,BT $k_p=1$,9,3981071705.534973,6309573444.801932,4978151645.43983,4934137271.635949,48,1.0717968600643704,0.482672804113107,6466,0.7932999264927276,0.6397531676576533,0.9115152173127606,0.8028374074243235,0.00018904375610873103,1890437.5610873103
BT_soft,BT $k_p=1$,10,6309573444.801932,10000000000.0,7896205068.155962,7828002526.424142,48,1.0717968600643704,0.482672804113107,4319,0.7837826958061017,0.6292391465394217,0.9049802768534702,0.7954680676427109,0.00018904375610873103,1890437.5610873103
BT_soft,BT $k_p=1$,11,10000000000.0,15848931924.611141,12536908927.466404,12426490021.278543,48,1.0717968600643704,0.482672804113107,2783,0.7644936531010065,0.595181159052326,0.878198757661409,0.7750674690275425,0.00018904375610873103,1890437.5610873103
BT_soft,BT $k_p=1$,12,15848931924.611141,25118864315.095818,19863479041.777145,19686841194.024086,48,1.0717968600643704,0.482672804113107,1827,0.7510484549134508,0.5832605748359994,0.860394931331226,0.748544620462329,0.00018904375610873103,1890437.5610873103
BT_soft,BT $k_p=1$,13,25118864315.095818,39810717055.34974,31582196454.710434,31306217171.859562,48,1.0717968600643704,0.482672804113107,1176,0.7373507290222956,0.563863255613877,0.8495097914346015,0.7401136000342823,0.00018904375610873103,1890437.5610873103
BT_soft,BT $k_p=1$,14,39810717055.34974,63095734448.01936,49828597817.97477,49385400472.787895,48,1.0717968600643704,0.482672804113107,816,0.7195435669102512,0.5221562112013839,0.8314172190375697,0.7049872966731033,0.00018904375610873103,1890437.5610873103
BT_soft,BT $k_p=1$,15,63095734448.01936,100000000000.0,78355817067.3071,77694751740.11247,48,1.0717968600643704,0.482672804113107,512,0.6911543814011516,0.5076764354993136,0.803431397682781,0.6751585799346045,0.00018904375610873103,1890437.5610873103
BT_soft,BT $k_p=1$,16,100000000000.0,158489319246.11142,125650438041.27928,124476662020.72229,48,1.0717968600643704,0.482672804113107,366,0.675290525467194,0.48414968692881405,0.8020600946218573,0.6694436996977279,0.00018904375610873103,1890437.5610873103
BT_soft,BT $k_p=1$,17,158489319246.11142,251188643150.9582,196274875047.43732,194382977301.59805,48,1.0717968600643704,0.482672804113107,260,0.6646182130517306,0.4592075054363306,0.7887301478731183,0.6491253608532653,0.00018904375610873103,1890437.5610873103
BT_soft,BT $k_p=1$,18,251188643150.9582,398107170553.4973,309933489337.759,307086076163.12427,48,1.0717968600643704,0.482672804113107,148,0.646138561120625,0.43345787541061587,0.7489622020854578,0.6134660773788299,0.00018904375610873103,1890437.5610873103
BT_soft,BT $k_p=1$,19,398107170553.4973,630957344480.1936,501687531190.34174,496997355428.1498,48,1.0717968600643704,0.482672804113107,96,0.601570221253996,0.38718131928294525,0.7583816526038238,0.5863875908183235,0.00018904375610873103,1890437.5610873103
BT_soft,BT $k_p=1$,20,630957344480.1936,1000000000000.0,785947853499.438,778514049097.6202,48,1.0717968600643704,0.482672804113107,71,0.6103167793359772,0.39493540270243227,0.733270556750953,0.5979973201612584,0.00018904375610873103,1890437.5610873103
BT_soft,BT $k_p=1$,1,100000000.0,158489319.24611133,124403682.79147008,123294001.34829782,49,0.8834516909676096,0.5309400845244177,150123,0.9060813029298873,0.7624012953804558,1.0648629120163469,0.933624134393758,0.00018904375610873103,1890437.5610873103
BT_soft,BT $k_p=1$,2,158489319.24611133,251188643.15095794,198194138.40035084,196402961.81125998,49,0.8834516909676096,0.5309400845244177,103169,0.8969419642247355,0.7626383702019022,1.0453473503667023,0.9229684779035755,0.00018904375610873103,1890437.5610873103
BT_soft,BT $k_p=1$,3,251188643.15095794,398107170.5534973,315029210.89480674,312295708.7395716,49,0.8834516909676096,0.5309400845244177,69463,0.8877827249999138,0.7619580439962645,1.033143436927876,0.9140745117318534,0.00018904375610873103,1890437.5610873103
BT_soft,BT $k_p=1$,4,398107170.5534973,630957344.4801933,499033568.69986516,494684650.1806611,49,0.8834516909676096,0.5309400845244177,47110,0.8775391198347752,0.7554953565507976,1.0133461831383292,0.9021534130735072,0.00018904375610873103,1890437.5610873103
BT_soft,BT $k_p=1$,5,630957344.4801933,999999999.9999999,789477755.0294425,782586211.6181417,49,0.8834516909676096,0.5309400845244177,31662,0.8695533431504258,0.753747264388614,0.9999999434086075,0.8939120851229596,0.00018904375610873103,1890437.5610873103
BT_soft,BT $k_p=1$,6,999999999.9999999,1584893192.461114,1251721611.0414898,1240783199.096217,49,0.8834516909676096,0.5309400845244177,21330,0.860418180386985,0.741988311520846,0.9854019885241079,0.8845302915618374,0.00018904375610873103,1890437.5610873103
BT_soft,BT $k_p=1$,7,1584893192.461114,2511886431.5095806,1976549357.7233016,1959419700.1587799,49,0.8834516909676096,0.5309400845244177,14243,0.850708427730007,0.7283656938711423,0.9661770814348148,0.8682761901310829,0.00018904375610873103,1890437.5610873103
BT_soft,BT $k_p=1$,8,2511886431.5095806,3981071705.534973,3134748786.0376267,3107408268.2812405,49,0.8834516909676096,0.5309400845244177,9487,0.8387414979939771,0.7090514839735124,0.9543037659096999,0.854901337929487,0.00018904375610873103,1890437.5610873103
BT_soft,BT $k_p=1$,9,3981071705.534973,6309573444.801932,4978616356.154448,4934492602.153378,49,0.8834516909676096,0.5309400845244177,6450,0.8275496275398226,0.697217841854982,0.9365866761971127,0.8414935500360459,0.00018904375610873103,1890437.5610873103
BT_soft,BT $k_p=1$,10,6309573444.801932,10000000000.0,7895307410.663584,7826922488.907196,49,0.8834516909676096,0.5309400845244177,4293,0.8212133312441676,0.6823852458780885,0.9313173356886947,0.8312395723916476,0.00018904375610873103,1890437.5610873103
BT_soft,BT $k_p=1$,11,10000000000.0,15848931924.611141,12540991824.568127,12430654452.793692,49,0.8834516909676096,0.5309400845244177,2767,0.805275355765843,0.6573518402038215,0.9060356881802213,0.8119298192927891,0.00018904375610873103,1890437.5610873103
BT_soft,BT $k_p=1$,12,15848931924.611141,25118864315.095818,19851156207.729702,19674942805.331543,49,0.8834516909676096,0.5309400845244177,1828,0.7912841926179266,0.644633196689066,0.8941495538539145,0.7939653010470525,0.00018904375610873103,1890437.5610873103
BT_soft,BT $k_p=1$,13,25118864315.095818,39810717055.34974,31598111445.206413,31323679864.422447,49,0.8834516909676096,0.5309400845244177,1173,0.7804432492090113,0.6163219835371685,0.8916906923955109,0.7864187206062759,0.00018904375610873103,1890437.5610873103
BT_soft,BT $k_p=1$,14,39810717055.34974,63095734448.01936,49815615140.39489,49369981443.64434,49,0.8834516909676096,0.5309400845244177,806,0.7614166474314279,0.5805231436506468,0.874302726056159,0.7478653613650577,0.00018904375610873103,1890437.5610873103
BT_soft,BT $k_p=1$,15,63095734448.01936,100000000000.0,78411299896.91418,77754950898.7371,49,0.8834516909676096,0.5309400845244177,506,0.7456301032662542,0.5718610685267475,0.8581996909023812,0.729052897948937,0.00018904375610873103,1890437.5610873103
BT_soft,BT $k_p=1$,16,100000000000.0,158489319246.11142,125574715001.06413,124402101384.54515,49,0.8834516909676096,0.5309400845244177,362,0.7234061862975119,0.5527911128540901,0.8332860389234521,0.7214569810499203,0.00018904375610873103,1890437.5610873103
BT_soft,BT $k_p=1$,17,158489319246.11142,251188643150.9582,196407890213.38126,194511530051.8968,49,0.8834516909676096,0.5309400845244177,261,0.7134854097310591,0.5195126324067431,0.8365983771030501,0.7028134007825347,0.00018904375610873103,1890437.5610873103
BT_soft,BT $k_p=1$,18,251188643150.9582,398107170553.4973,309933489337.759,307086076163.12427,49,0.8834516909676096,0.5309400845244177,148,0.6928593289487348,0.47191123969658844,0.8141132439053131,0.6667972433494309,0.00018904375610873103,1890437.5610873103
BT_soft,BT $k_p=1$,19,398107170553.4973,630957344480.1936,500524528509.72394,495908139230.0086,49,0.8834516909676096,0.5309400845244177,95,0.6751296026282307,0.43160808509149373,0.8068689007824543,0.6460898161021559,0.00018904375610873103,1890437.5610873103
BT_soft,BT $k_p=1$,20,630957344480.1936,1000000000000.0,786268606621.1353,778730731752.6006,49,0.8834516909676096,0.5309400845244177,70,0.689358750346889,0.4610819565431251,0.7980818226305003,0.6557895391389789,0.00018904375610873103,1890437.5610873103
BT_soft,BT $k_p=1$,1,100000000.0,158489319.24611133,124405503.68935408,123294957.27503178,50,0.7122288099705543,0.5840340929768594,149053,0.9244675716042766,0.792813590051443,1.0614920585241585,0.9465613101766885,0.00018904375610873103,1890437.5610873103
BT_soft,BT $k_p=1$,2,158489319.24611133,251188643.15095794,198199334.715119,196407404.67107987,50,0.7122288099705543,0.5840340929768594,102263,0.9164760008078011,0.7949763840188426,1.0448467658140124,0.9368652213880223,0.00018904375610873103,1890437.5610873103
BT_soft,BT $k_p=1$,3,251188643.15095794,398107170.5534973,314971223.60870254,312239962.7556597,50,0.7122288099705543,0.5840340929768594,68918,0.9086825999060019,0.7965781988964754,1.0333256043003218,0.9290781331344062,0.00018904375610873103,1890437.5610873103
BT_soft,BT $k_p=1$,4,398107170.5534973,630957344.4801933,499158345.30784005,494806223.90145725,50,0.7122288099705543,0.5840340929768594,46820,0.9003895900612702,0.7930729108034545,1.0182080810300007,0.9209205807343414,0.00018904375610873103,1890437.5610873103
BT_soft,BT $k_p=1$,5,630957344.4801933,999999999.9999999,789577308.2972455,782682192.7259512,50,0.7122288099705543,0.5840340929768594,31378,0.8938963384657226,0.7937819908456544,1.0048291699795415,0.9141634267316052,0.00018904375610873103,1890437.5610873103
BT_soft,BT $k_p=1$,6,999999999.9999999,1584893192.461114,1251643122.823704,1240710690.0920224,50,0.7122288099705543,0.5840340929768594,21169,0.8857832160596938,0.7839280841034842,0.9937007561406835,0.9058835909206416,0.00018904375610873103,1890437.5610873103
BT_soft,BT $k_p=1$,7,1584893192.461114,2511886431.5095806,1976637346.7906725,1959515898.5948625,50,0.7122288099705543,0.5840340929768594,14165,0.8788016286074655,0.7742978003374907,0.9843898014664421,0.8949668021736582,0.00018904375610873103,1890437.5610873103
BT_soft,BT $k_p=1$,8,2511886431.5095806,3981071705.534973,3135261024.374088,3107895988.999258,50,0.7122288099705543,0.5840340929768594,9379,0.866784607356414,0.7574559039572314,0.9653720050205739,0.8775381790173562,0.00018904375610873103,1890437.5610873103
BT_soft,BT $k_p=1$,9,3981071705.534973,6309573444.801932,4977403618.022902,4933510146.775384,50,0.7122288099705543,0.5840340929768594,6408,0.8605947440783575,0.7493949526743842,0.9631391245392641,0.875642570312504,0.00018904375610873103,1890437.5610873103
BT_soft,BT $k_p=1$,10,6309573444.801932,10000000000.0,7892676039.465225,7824304672.450104,50,0.7122288099705543,0.5840340929768594,4262,0.8518939662716503,0.7367620804498571,0.9544165798290076,0.8645825502815645,0.00018904375610873103,1890437.5610873103
BT_soft,BT $k_p=1$,11,10000000000.0,15848931924.611141,12543545781.374338,12433071793.57501,50,0.7122288099705543,0.5840340929768594,2754,0.8397987664686403,0.7046296311871186,0.9379912236924067,0.8449437343833355,0.00018904375610873103,1890437.5610873103
BT_soft,BT $k_p=1$,12,15848931924.611141,25118864315.095818,19840262329.681087,19664007417.16406,50,0.7122288099705543,0.5840340929768594,1808,0.8308358860020741,0.7063419546427755,0.9273977502812799,0.8349820670119629,0.00018904375610873103,1890437.5610873103
BT_soft,BT $k_p=1$,13,25118864315.095818,39810717055.34974,31597253386.918125,31322240274.752365,50,0.7122288099705543,0.5840340929768594,1156,0.8203030918735472,0.6704921269122779,0.9251295610177734,0.8205005017036002,0.00018904375610873103,1890437.5610873103
BT_soft,BT $k_p=1$,14,39810717055.34974,63095734448.01936,49791826810.12953,49345288991.61541,50,0.7122288099705543,0.5840340929768594,802,0.8037780844691376,0.6410386627183212,0.9093456453958085,0.7914953069568224,0.00018904375610873103,1890437.5610873103
BT_soft,BT $k_p=1$,15,63095734448.01936,100000000000.0,78320773882.63144,77661043096.44156,50,0.7122288099705543,0.5840340929768594,502,0.7877308274008084,0.6170208876488089,0.8897222531899971,0.7697316902058988,0.00018904375610873103,1890437.5610873103
BT_soft,BT $k_p=1$,16,100000000000.0,158489319246.11142,125787813303.86569,124609353023.17897,50,0.7122288099705543,0.5840340929768594,361,0.7802437563945508,0.6100104241592933,0.8813563906949077,0.7809790507688938,0.00018904375610873103,1890437.5610873103
BT_soft,BT $k_p=1$,17,158489319246.11142,251188643150.9582,196306660270.26273,194421260922.81723,50,0.7122288099705543,0.5840340929768594,258,0.7698971370789254,0.5768548863990391,0.88364463425223,0.7503794775326533,0.00018904375610873103,1890437.5610873103
BT_soft,BT $k_p=1$,18,251188643150.9582,398107170553.4973,310128449574.8602,307257082099.76624,50,0.7122288099705543,0.5840340929768594,145,0.7560299375269106,0.509107670607259,0.8449711091972177,0.7029716509222014,0.00018904375610873103,1890437.5610873103
BT_soft,BT $k_p=1$,19,398107170553.4973,630957344480.1936,502301214234.34875,497594844995.4343,50,0.7122288099705543,0.5840340929768594,95,0.7447209325889874,0.526021680192003,0.8606080677157132,0.7057900188415488,0.00018904375610873103,1890437.5610873103
BT_soft,BT $k_p=1$,20,630957344480.1936,1000000000000.0,786268606621.1353,778730731752.6006,50,0.7122288099705543,0.5840340929768594,70,0.7352365810565383,0.5156490572072541,0.8986352343241458,0.7165194876843777,0.00018904375610873103,1890437.5610873103
BT_soft,BT $k_p=1$,1,100000000.0,158489319.24611133,124382279.22192617,123272345.69472581,51,0.5565716454277756,0.6424375022745458,148136,0.9390880244935143,0.8192074881394591,1.0567339719200524,0.957450713354601,0.00018904375610873103,1890437.5610873103
BT_soft,BT $k_p=1$,2,158489319.24611133,251188643.15095794,198215609.0613366,196422624.4897839,51,0.5565716454277756,0.6424375022745458,101584,0.9335220910570077,0.8248069010352579,1.042812848242024,0.9494490187755397,0.00018904375610873103,1890437.5610873103
BT_soft,BT $k_p=1$,3,251188643.15095794,398107170.5534973,315045177.575225,312309203.8476702,51,0.5565716454277756,0.6424375022745458,68449,0.9278388257117604,0.8281886526249364,1.0299445533659541,0.9433066578104017,0.00018904375610873103,1890437.5610873103
BT_soft,BT $k_p=1$,4,398107170.5534973,630957344.4801933,499125238.5944474,494772648.24947983,51,0.5565716454277756,0.6424375022745458,46385,0.9212751320260592,0.827534852082109,1.0161671803494778,0.9359701310810381,0.00018904375610873103,1890437.5610873103
BT_soft,BT $k_p=1$,5,630957344.4801933,999999999.9999999,789403617.8679823,782517416.012216,51,0.5565716454277756,0.6424375022745458,31159,0.9159732306320043,0.826816020271082,1.0076138290993832,0.9309907451163839,0.00018904375610873103,1890437.5610873103
BT_soft,BT $k_p=1$,6,999999999.9999999,1584893192.461114,1251453655.5365338,1240535259.923229,51,0.5565716454277756,0.6424375022745458,21042,0.9100609503994331,0.8226342504475369,1.0040262273883525,0.9267750031324281,0.00018904375610873103,1890437.5610873103
BT_soft,BT $k_p=1$,7,1584893192.461114,2511886431.5095806,1977240485.5141127,1960085399.8607707,51,0.5565716454277756,0.6424375022745458,14020,0.9030301059645958,0.8131856050911674,0.9890005400528569,0.9161760401827609,0.00018904375610873103,1890437.5610873103
BT_soft,BT $k_p=1$,8,2511886431.5095806,3981071705.534973,3134560418.412889,3107154637.953805,51,0.5565716454277756,0.6424375022745458,9292,0.8963862309403179,0.798808821210858,0.9823598055429871,0.9044113800669003,0.00018904375610873103,1890437.5610873103
BT_soft,BT $k_p=1$,9,3981071705.534973,6309573444.801932,4980709236.124311,4936826583.390131,51,0.5565716454277756,0.6424375022745458,6323,0.8897890161940606,0.7937810145280584,0.9761350485217298,0.898916783486755,0.00018904375610873103,1890437.5610873103
BT_soft,BT $k_p=1$,10,6309573444.801932,10000000000.0,7893795418.615471,7825107647.024283,51,0.5565716454277756,0.6424375022745458,4199,0.8838216445339028,0.7865518830031818,0.9701151486036917,0.8918281322174719,0.00018904375610873103,1890437.5610873103
BT_soft,BT $k_p=1$,11,10000000000.0,15848931924.611141,12543337137.048328,12432853518.044235,51,0.5565716454277756,0.6424375022745458,2715,0.8734692046395343,0.7535461896149175,0.9601658543174814,0.8717754773923195,0.00018904375610873103,1890437.5610873103
BT_soft,BT $k_p=1$,12,15848931924.611141,25118864315.095818,19853653830.884476,19676648934.00686,51,0.5565716454277756,0.6424375022745458,1789,0.8654504511495903,0.7561033638340781,0.9573610858768031,0.8718686961612117,0.00018904375610873103,1890437.5610873103
BT_soft,BT $k_p=1$,13,25118864315.095818,39810717055.34974,31598025021.763084,31322412739.54293,51,0.5565716454277756,0.6424375022745458,1138,0.8582095152255388,0.7226116019132216,0.9523025208404763,0.86026772825466,0.00018904375610873103,1890437.5610873103
BT_soft,BT $k_p=1$,14,39810717055.34974,63095734448.01936,49790911620.13501,49349078317.02923,51,0.5565716454277756,0.6424375022745458,790,0.8444220883042202,0.6999754394187039,0.9353983267054202,0.8280353236621407,0.00018904375610873103,1890437.5610873103
BT_soft,BT $k_p=1$,15,63095734448.01936,100000000000.0,78401013644.75432,77742491286.74146,51,0.5565716454277756,0.6424375022745458,505,0.8373053177904464,0.6669990919031489,0.9248113798788381,0.8194347015880292,0.00018904375610873103,1890437.5610873103
BT_soft,BT $k_p=1$,16,100000000000.0,158489319246.11142,125759330908.88565,124581252058.2134,51,0.5565716454277756,0.6424375022745458,358,0.8189416486621295,0.664522368273301,0.9119509316208855,0.8122323302671934,0.00018904375610873103,1890437.5610873103
BT_soft,BT $k_p=1$,17,158489319246.11142,251188643150.9582,196358298769.05035,194470655576.11926,51,0.5565716454277756,0.6424375022745458,256,0.8196894434693365,0.6200308125782813,0.9145416723855065,0.7860923873137798,0.00018904375610873103,1890437.5610873103
BT_soft,BT $k_p=1$,18,251188643150.9582,398107170553.4973,310444317002.78284,307596431460.0724,51,0.5565716454277756,0.6424375022745458,148,0.8029861574107383,0.609756934756642,0.9092480060054783,0.7759446813573396,0.00018904375610873103,1890437.5610873103
BT_soft,BT $k_p=1$,19,398107170553.4973,630957344480.1936,502301214234.34875,497594844995.4343,51,0.5565716454277756,0.6424375022745458,95,0.8066812706310181,0.5850655227546135,0.9092190483571689,0.7661614158953006,0.00018904375610873103,1890437.5610873103
BT_soft,BT $k_p=1$,20,630957344480.1936,1000000000000.0,784346908616.3221,776886520418.2236,51,0.5565716454277756,0.6424375022745458,69,0.7983821750528884,0.589759619842497,0.9287895805312805,0.8002812853158824,0.00018904375610873103,1890437.5610873103
BT_soft,BT $k_p=1$,1,100000000.0,158489319.24611133,124374329.37787691,123264966.85869102,52,0.4150651322070684,0.7066812525020004,146578,0.9521653857400116,0.8441867284555937,1.0519435476596006,0.9658335295232658,0.00018904375610873103,1890437.5610873103
BT_soft,BT $k_p=1$,2,158489319.24611133,251188643.15095794,198187976.7926093,196397963.01282915,52,0.4150651322070684,0.7066812525020004,100326,0.9490442580513071,0.8512002702873639,1.0377118847917401,0.9573790824634851,0.00018904375610873103,1890437.5610873103
BT_soft,BT $k_p=1$,3,251188643.15095794,398107170.5534973,315041945.2978393,312305578.81330144,52,0.4150651322070684,0.7066812525020004,67684,0.9447058063822932,0.8565510888358986,1.0252706432308702,0.9526443003756297,0.00018904375610873103,1890437.5610873103
BT_soft,BT $k_p=1$,4,398107170.5534973,630957344.4801933,498991517.0461485,494639940.46651316,52,0.4150651322070684,0.7066812525020004,45937,0.9405774719866972,0.8582712755273133,1.016503960563239,0.9485797428492949,0.00018904375610873103,1890437.5610873103
BT_soft,BT $k_p=1$,5,630957344.4801933,999999999.9999999,789709992.2710637,782814478.5609226,52,0.4150651322070684,0.7066812525020004,30814,0.9362959796485694,0.8614290152085499,1.007562823158875,0.9450824372632652,0.00018904375610873103,1890437.5610873103
BT_soft,BT $k_p=1$,6,999999999.9999999,1584893192.461114,1251462559.3499794,1240553941.184227,52,0.4150651322070684,0.7066812525020004,20791,0.9323973043031406,0.8574694701159333,1.0031331015095108,0.9414833489495633,0.00018904375610873103,1890437.5610873103
BT_soft,BT $k_p=1$,7,1584893192.461114,2511886431.5095806,1976361906.9514325,1959169722.5329087,52,0.4150651322070684,0.7066812525020004,13885,0.9276783177743548,0.8517590432008845,0.9956755975185811,0.9345646830685707,0.00018904375610873103,1890437.5610873103
BT_soft,BT $k_p=1$,8,2511886431.5095806,3981071705.534973,3134480451.758091,3107096709.360288,52,0.4150651322070684,0.7066812525020004,9211,0.9223233734889136,0.8432735011360575,0.9910605871294338,0.9277516918771505,0.00018904375610873103,1890437.5610873103
BT_soft,BT $k_p=1$,9,3981071705.534973,6309573444.801932,4980736060.457405,4936819814.47773,52,0.4150651322070684,0.7066812525020004,6230,0.9169170126719017,0.8378343381023439,0.9840284801655489,0.9197050748744414,0.00018904375610873103,1890437.5610873103
BT_soft,BT $k_p=1$,10,6309573444.801932,10000000000.0,7893154737.8787775,7824768506.67697,52,0.4150651322070684,0.7066812525020004,4158,0.9118256480543077,0.8285426219777792,0.9811180894226613,0.9146629947112194,0.00018904375610873103,1890437.5610873103
BT_soft,BT $k_p=1$,11,10000000000.0,15848931924.611141,12532282251.161867,12422264442.56591,52,0.4150651322070684,0.7066812525020004,2693,0.906312370103947,0.8072904223097073,0.9744988180829796,0.9006424537869313,0.00018904375610873103,1890437.5610873103
BT_soft,BT $k_p=1$,12,15848931924.611141,25118864315.095818,19854836112.48448,19677596880.607864,52,0.4150651322070684,0.7066812525020004,1785,0.8978020407821923,0.8045179379657094,0.9683596182997964,0.8950996565424778,0.00018904375610873103,1890437.5610873103
BT_soft,BT $k_p=1$,13,25118864315.095818,39810717055.34974,31589044783.61144,31313551604.930454,52,0.4150651322070684,0.7066812525020004,1125,0.8951848923690517,0.7852829958468345,0.9738168982398282,0.8834217715795472,0.00018904375610873103,1890437.5610873103
BT_soft,BT $k_p=1$,14,39810717055.34974,63095734448.01936,49775674018.45422,49332784567.0766,52,0.4150651322070684,0.7066812525020004,792,0.8821974312129433,0.759737053894624,0.9616123528722845,0.8761120778581313,0.00018904375610873103,1890437.5610873103
BT_soft,BT $k_p=1$,15,63095734448.01936,100000000000.0,78419813611.8811,77757955972.0029,52,0.4150651322070684,0.7066812525020004,498,0.8814245976711825,0.7523433595857283,0.9558071562605376,0.8683320368771003,0.00018904375610873103,1890437.5610873103
BT_soft,BT $k_p=1$,16,100000000000.0,158489319246.11142,125780678717.20935,124591044771.10873,52,0.4150651322070684,0.7066812525020004,354,0.8646738062682542,0.7319526165272121,0.941114551486852,0.8465669997605655,0.00018904375610873103,1890437.5610873103
BT_soft,BT $k_p=1$,17,158489319246.11142,251188643150.9582,196048265305.3766,194151763893.0127,52,0.4150651322070684,0.7066812525020004,252,0.8580212100882966,0.7037227882443244,0.9470701969661497,0.8305772259643517,0.00018904375610873103,1890437.5610873103
BT_soft,BT $k_p=1$,18,251188643150.9582,398107170553.4973,310748662603.0254,307903339731.844,52,0.4150651322070684,0.7066812525020004,146,0.8573157255820913,0.703284413632397,0.9510118100144673,0.8399689433734889,0.00018904375610873103,1890437.5610873103
BT_soft,BT $k_p=1$,19,398107170553.4973,630957344480.1936,502636893549.3825,497985951061.36786,52,0.4150651322070684,0.7066812525020004,95,0.8549308289111565,0.7140088634931738,0.9435811400734734,0.8304387194931628,0.00018904375610873103,1890437.5610873103
BT_soft,BT $k_p=1$,20,630957344480.1936,1000000000000.0,786164226336.8918,778594215143.7119,52,0.4150651322070684,0.7066812525020004,68,0.8391364410472139,0.6200907252749189,0.9188422560924656,0.8036092744709069,0.00018904375610873103,1890437.5610873103
BT_soft,BT $k_p=1$,1,100000000.0,158489319.24611133,124418753.7246011,123309701.41897255,53,0.2864228474609716,0.7773493777522004,143982,0.9659774047472206,0.8705259460096194,1.0480269702301988,0.9713577803191751,0.00018904375610873103,1890437.5610873103
BT_soft,BT $k_p=1$,2,158489319.24611133,251188643.15095794,198221458.0655442,196429352.2344066,53,0.2864228474609716,0.7773493777522004,98965,0.9642587204858447,0.8782056620565942,1.0357586951035758,0.9655334774974367,0.00018904375610873103,1890437.5610873103
BT_soft,BT $k_p=1$,3,251188643.15095794,398107170.5534973,315061732.28017807,312328079.87672067,53,0.2864228474609716,0.7773493777522004,66668,0.9607027858709832,0.88576961135534,1.025269585654615,0.963032806033019,0.00018904375610873103,1890437.5610873103
BT_soft,BT $k_p=1$,4,398107170.5534973,630957344.4801933,499028365.9763434,494684216.4032904,53,0.2864228474609716,0.7773493777522004,45193,0.9576544253867758,0.8882022779763823,1.015604370469404,0.9568394012775483,0.00018904375610873103,1890437.5610873103
BT_soft,BT $k_p=1$,5,630957344.4801933,999999999.9999999,789957140.7006252,783045493.2076454,53,0.2864228474609716,0.7773493777522004,30493,0.9553195779628181,0.8927662892499734,1.0101187479602978,0.9570790484874229,0.00018904375610873103,1890437.5610873103
BT_soft,BT $k_p=1$,6,999999999.9999999,1584893192.461114,1251712441.6502259,1240797180.20075,53,0.2864228474609716,0.7773493777522004,20535,0.952579396676585,0.8920293447004036,1.0031702780309237,0.9531785193194361,0.00018904375610873103,1890437.5610873103
BT_soft,BT $k_p=1$,7,1584893192.461114,2511886431.5095806,1976666622.370301,1959542888.8777819,53,0.2864228474609716,0.7773493777522004,13739,0.9489243766143346,0.8897283399963063,0.9981178571656477,0.9474289265125799,0.00018904375610873103,1890437.5610873103
BT_soft,BT $k_p=1$,8,2511886431.5095806,3981071705.534973,3133658473.855955,3106308732.03388,53,0.2864228474609716,0.7773493777522004,9134,0.945467331972486,0.8865819219498912,0.9945976315745466,0.9445380880942373,0.00018904375610873103,1890437.5610873103
BT_soft,BT $k_p=1$,9,3981071705.534973,6309573444.801932,4976861631.566241,4932994704.047987,53,0.2864228474609716,0.7773493777522004,6206,0.9425513038762241,0.8823323335778359,0.9937719674062317,0.941407961174324,0.00018904375610873103,1890437.5610873103
BT_soft,BT $k_p=1$,10,6309573444.801932,10000000000.0,7889044541.520067,7820560358.145217,53,0.2864228474609716,0.7773493777522004,4149,0.9393973769736538,0.8743869425061952,0.9889076174745067,0.9356910592516632,0.00018904375610873103,1890437.5610873103
BT_soft,BT $k_p=1$,11,10000000000.0,15848931924.611141,12521410203.445396,12411063467.935507,53,0.2864228474609716,0.7773493777522004,2683,0.9337089067513955,0.8569142555558671,0.9891861631764176,0.9262160993780854,0.00018904375610873103,1890437.5610873103
BT_soft,BT $k_p=1$,12,15848931924.611141,25118864315.095818,19830912509.38394,19654112079.538612,53,0.2864228474609716,0.7773493777522004,1779,0.9282042356177628,0.8511461320338286,0.982280434726492,0.9238992146752573,0.00018904375610873103,1890437.5610873103
BT_soft,BT $k_p=1$,13,25118864315.095818,39810717055.34974,31548045914.758957,31272786474.684727,53,0.2864228474609716,0.7773493777522004,1125,0.9263773065343316,0.841064995530822,0.9851312825239741,0.9240386691810214,0.00018904375610873103,1890437.5610873103
BT_soft,BT $k_p=1$,14,39810717055.34974,63095734448.01936,49817479245.2177,49374676614.01333,53,0.2864228474609716,0.7773493777522004,792,0.9195828770576734,0.8273495381949744,0.9873018090302282,0.9099251677768977,0.00018904375610873103,1890437.5610873103
BT_soft,BT $k_p=1$,15,63095734448.01936,100000000000.0,78361862321.79121,77704644001.7434,53,0.2864228474609716,0.7773493777522004,497,0.9215230977739821,0.8388724943442745,0.9909954596680495,0.9093307638259328,0.00018904375610873103,1890437.5610873103
BT_soft,BT $k_p=1$,16,100000000000.0,158489319246.11142,125843832353.5554,124658850163.89194,53,0.2864228474609716,0.7773493777522004,351,0.9086687741433902,0.7999636088918112,0.9681778690331554,0.8900907081309989,0.00018904375610873103,1890437.5610873103
BT_soft,BT $k_p=1$,17,158489319246.11142,251188643150.9582,196520509704.86957,194608851432.4439,53,0.2864228474609716,0.7773493777522004,253,0.901979914428486,0.7685916092621383,0.9798601158234734,0.8758998312008963,0.00018904375610873103,1890437.5610873103
BT_soft,BT $k_p=1$,18,251188643150.9582,398107170553.4973,311197955746.8796,308380802143.98785,53,0.2864228474609716,0.7773493777522004,146,0.902051229813743,0.7789214657554412,0.9648936266034576,0.8851909252351138,0.00018904375610873103,1890437.5610873103
BT_soft,BT $k_p=1$,19,398107170553.4973,630957344480.1936,502636893549.3825,497985951061.36786,53,0.2864228474609716,0.7773493777522004,95,0.9055601909807204,0.7933456584306237,0.9812006486463416,0.8781733778549623,0.00018904375610873103,1890437.5610873103
BT_soft,BT $k_p=1$,20,630957344480.1936,1000000000000.0,787674918294.9463,780109805936.2114,53,0.2864228474609716,0.7773493777522004,69,0.8830918438610742,0.7674482203173136,0.9647260589857651,0.8574753105115495,0.00018904375610873103,1890437.5610873103
BT_soft,BT $k_p=1$,1,100000000.0,158489319.24611133,124416097.30685714,123306087.30079654,54,0.16947531587361064,0.8550843155274203,143381,0.9820900520955592,0.9035394761832838,1.0444006841069937,0.9798105679972917,0.00018904375610873103,1890437.5610873103
BT_soft,BT $k_p=1$,2,158489319.24611133,251188643.15095794,198215620.7103502,196425890.66510752,54,0.16947531587361064,0.8550843155274203,98633,0.9778327555904384,0.9122279596462259,1.034007587299984,0.9765824643232333,0.00018904375610873103,1890437.5610873103
BT_soft,BT $k_p=1$,3,251188643.15095794,398107170.5534973,315003908.5983368,312275143.97460145,54,0.16947531587361064,0.8550843155274203,66409,0.9759388260876254,0.9191831624995244,1.026186819992032,0.9741129073165066,0.00018904375610873103,1890437.5610873103
BT_soft,BT $k_p=1$,4,398107170.5534973,630957344.4801933,499162660.31357497,494805464.9412695,54,0.16947531587361064,0.8550843155274203,45111,0.9744354225857447,0.9229289077574516,1.018303408947926,0.9735317850143387,0.00018904375610873103,1890437.5610873103
BT_soft,BT $k_p=1$,5,630957344.4801933,999999999.9999999,790074768.1578555,783171912.404337,54,0.16947531587361064,0.8550843155274203,30500,0.9730112121451772,0.9264996893988333,1.0128749108476827,0.9718132614846516,0.00018904375610873103,1890437.5610873103
BT_soft,BT $k_p=1$,6,999999999.9999999,1584893192.461114,1252481377.2130444,1241547339.7263315,54,0.16947531587361064,0.8550843155274203,20579,0.9714795542739323,0.928335324589573,1.0084584134227002,0.970754411373128,0.00018904375610873103,1890437.5610873103
BT_soft,BT $k_p=1$,7,1584893192.461114,2511886431.5095806,1976867346.7832165,1959719252.3565924,54,0.16947531587361064,0.8550843155274203,13854,0.9696949917813122,0.9289407374003713,1.0046810191658782,0.9683331280867234,0.00018904375610873103,1890437.5610873103
BT_soft,BT $k_p=1$,8,2511886431.5095806,3981071705.534973,3135886340.5704813,3108436969.1347675,54,0.16947531587361064,0.8550843155274203,9173,0.9681064712875446,0.927180860659091,1.0024302922003028,0.9672667634626579,0.00018904375610873103,1890437.5610873103
BT_soft,BT $k_p=1$,9,3981071705.534973,6309573444.801932,4979763694.771298,4935743295.59202,54,0.16947531587361064,0.8550843155274203,6261,0.9656293230862263,0.9252749094428558,0.9999999786008317,0.9646100779963124,0.00018904375610873103,1890437.5610873103
BT_soft,BT $k_p=1$,10,6309573444.801932,10000000000.0,7890378287.240618,7821851420.717767,54,0.16947531587361064,0.8550843155274203,4174,0.9632828549174048,0.9197621846426728,0.9981667875515668,0.9600950169483697,0.00018904375610873103,1890437.5610873103
BT_soft,BT $k_p=1$,11,10000000000.0,15848931924.611141,12536827970.831934,12426023659.834518,54,0.16947531587361064,0.8550843155274203,2717,0.960009978502027,0.9148462428884007,0.9990950785275791,0.9570513823040318,0.00018904375610873103,1890437.5610873103
BT_soft,BT $k_p=1$,12,15848931924.611141,25118864315.095818,19844851334.64051,19668666061.752277,54,0.16947531587361064,0.8550843155274203,1778,0.9564927814723418,0.9092729120848351,0.990444876754603,0.9501586254600091,0.00018904375610873103,1890437.5610873103
BT_soft,BT $k_p=1$,13,25118864315.095818,39810717055.34974,31528839159.699574,31254087342.894085,54,0.16947531587361064,0.8550843155274203,1139,0.9571076419401361,0.9110839150461285,0.9968729469504931,0.9536699830131933,0.00018904375610873103,1890437.5610873103
BT_soft,BT $k_p=1$,14,39810717055.34974,63095734448.01936,49826006853.253815,49377909040.93663,54,0.16947531587361064,0.8550843155274203,795,0.9503472811310412,0.895909782114038,0.9909437553018227,0.9421470270141228,0.00018904375610873103,1890437.5610873103
BT_soft,BT $k_p=1$,15,63095734448.01936,100000000000.0,78407651547.84328,77747963355.3244,54,0.16947531587361064,0.8550843155274203,497,0.9532680162634865,0.9020110401338303,0.9987136565728238,0.9471825530787179,0.00018904375610873103,1890437.5610873103
BT_soft,BT $k_p=1$,16,100000000000.0,158489319246.11142,125680841173.49744,124501875380.73244,54,0.16947531587361064,0.8550843155274203,356,0.9480419148429484,0.890925184229345,0.9888401858789663,0.9382767996699849,0.00018904375610873103,1890437.5610873103
BT_soft,BT $k_p=1$,17,158489319246.11142,251188643150.9582,196587521495.2656,194681964228.08444,54,0.16947531587361064,0.8550843155274203,253,0.9425308301017847,0.8513795398187757,0.9957594893167369,0.9192612203915026,0.00018904375610873103,1890437.5610873103
BT_soft,BT $k_p=1$,18,251188643150.9582,398107170553.4973,309891312520.75964,307087286338.94086,54,0.16947531587361064,0.8550843155274203,146,0.9492523115084719,0.8834859163477908,1.0044943480300672,0.934754074777238,0.00018904375610873103,1890437.5610873103
BT_soft,BT $k_p=1$,19,398107170553.4973,630957344480.1936,501687531190.34174,496997355428.1498,54,0.16947531587361064,0.8550843155274203,96,0.94736810044131,0.8644650933188596,1.0047612672166102,0.9283458335140266,0.00018904375610873103,1890437.5610873103
BT_soft,BT $k_p=1$,20,630957344480.1936,1000000000000.0,787674918294.9463,780109805936.2114,54,0.16947531587361064,0.8550843155274203,69,0.9267576061454412,0.8470820894725101,0.98796844380665,0.9058480156944272,0.00018904375610873103,1890437.5610873103
BT_soft,BT $k_p=1$,1,100000000.0,158489319.24611133,124375629.93171506,123265404.00788826,55,0.06315937806691885,0.9405927470801623,149133,0.988275887719173,0.9381643050810445,1.0387633426824163,0.9937521573318698,0.00018904375610873103,1890437.5610873103
BT_soft,BT $k_p=1$,2,158489319.24611133,251188643.15095794,198218613.4501312,196428031.6181729,55,0.06315937806691885,0.9405927470801623,102232,0.990983525109749,0.9454336254505432,1.0329057474676575,0.9903684660840482,0.00018904375610873103,1890437.5610873103
BT_soft,BT $k_p=1$,3,251188643.15095794,398107170.5534973,315002013.6105459,312267815.89792305,55,0.06315937806691885,0.9405927470801623,68769,0.9928332544493083,0.9518899704554723,1.0279240791915256,0.9902987986020428,0.00018904375610873103,1890437.5610873103
BT_soft,BT $k_p=1$,4,398107170.5534973,630957344.4801933,499125331.46021473,494771492.9736057,55,0.06315937806691885,0.9405927470801623,46690,0.9909846426467909,0.9561006038740503,1.0222863584967594,0.9905998350232531,0.00018904375610873103,1890437.5610873103
BT_soft,BT $k_p=1$,5,630957344.4801933,999999999.9999999,789634898.0789174,782740747.1190636,55,0.06315937806691885,0.9405927470801623,31500,0.9904681381750079,0.9604135586225635,1.0180251391296495,0.9911175606573737,0.00018904375610873103,1890437.5610873103
BT_soft,BT $k_p=1$,6,999999999.9999999,1584893192.461114,1252006020.8086293,1241087354.1689513,55,0.06315937806691885,0.9405927470801623,21269,0.9897823823627114,0.9627897744555871,1.0148877159752558,0.9902983265945074,0.00018904375610873103,1890437.5610873103
BT_soft,BT $k_p=1$,7,1584893192.461114,2511886431.5095806,1976748682.20104,1959566509.6893818,55,0.06315937806691885,0.9405927470801623,14261,0.9890807339640637,0.9651472341151758,1.0117770836712752,0.9891797772063922,0.00018904375610873103,1890437.5610873103
BT_soft,BT $k_p=1$,8,2511886431.5095806,3981071705.534973,3136055125.2128224,3108528758.2136383,55,0.06315937806691885,0.9405927470801623,9443,0.9884234893104082,0.9657833288785945,1.0100685284508508,0.9901378657286094,0.00018904375610873103,1890437.5610873103
BT_soft,BT $k_p=1$,9,3981071705.534973,6309573444.801932,4977866105.414082,4933986751.358027,55,0.06315937806691885,0.9405927470801623,6402,0.9875868061384793,0.9667019505405208,1.0070583280180359,0.9876272223552861,0.00018904375610873103,1890437.5610873103
BT_soft,BT $k_p=1$,10,6309573444.801932,10000000000.0,7895271419.361467,7826839456.010227,55,0.06315937806691885,0.9405927470801623,4272,0.9864138236212396,0.965952157257059,1.0063641245772355,0.9852136413081789,0.00018904375610873103,1890437.5610873103
BT_soft,BT $k_p=1$,11,10000000000.0,15848931924.611141,12544952275.430454,12433580336.77388,55,0.06315937806691885,0.9405927470801623,2752,0.9858877680624933,0.9648243149197943,1.0062152147059624,0.9838611335805546,0.00018904375610873103,1890437.5610873103
BT_soft,BT $k_p=1$,12,15848931924.611141,25118864315.095818,19857955129.42394,19681120988.216824,55,0.06315937806691885,0.9405927470801623,1809,0.9859062371205689,0.9646868308111543,1.0045281294676094,0.9837554873755989,0.00018904375610873103,1890437.5610873103
BT_soft,BT $k_p=1$,13,25118864315.095818,39810717055.34974,31551476891.300297,31277420636.241024,55,0.06315937806691885,0.9405927470801623,1165,0.9840413822742067,0.9645093490170527,1.004416151273198,0.9834859405341876,0.00018904375610873103,1890437.5610873103
BT_soft,BT $k_p=1$,14,39810717055.34974,63095734448.01936,49816816422.84074,49373816791.534805,55,0.06315937806691885,0.9405927470801623,809,0.982866135066575,0.9595494963029318,1.0017089546820033,0.9824681306160976,0.00018904375610873103,1890437.5610873103
BT_soft,BT $k_p=1$,15,63095734448.01936,100000000000.0,78335621964.68735,77680302998.61147,55,0.06315937806691885,0.9405927470801623,502,0.9839890610102857,0.962962464497488,1.0044458241435188,0.9852731653971893,0.00018904375610873103,1890437.5610873103
BT_soft,BT $k_p=1$,16,100000000000.0,158489319246.11142,125696512661.35165,124505773117.69156,55,0.06315937806691885,0.9405927470801623,358,0.9795492030740649,0.9589301754362098,0.9975880994183371,0.978815152002726,0.00018904375610873103,1890437.5610873103
BT_soft,BT $k_p=1$,17,158489319246.11142,251188643150.9582,196562605465.3857,194661452897.4082,55,0.06315937806691885,0.9405927470801623,257,0.9806836316970267,0.9545684402818807,0.9973818454810512,0.972201310394087,0.00018904375610873103,1890437.5610873103
BT_soft,BT $k_p=1$,18,251188643150.9582,398107170553.4973,310531963773.5288,307698247918.4702,55,0.06315937806691885,0.9405927470801623,148,0.9778439427174446,0.9599195150086363,1.0004857705153758,0.9771225495377027,0.00018904375610873103,1890437.5610873103
BT_soft,BT $k_p=1$,19,398107170553.4973,630957344480.1936,502550392962.32855,497882312263.6914,55,0.06315937806691885,0.9405927470801623,95,0.9848004888135384,0.9511086153515019,1.0041684657198306,0.9645067521591635,0.00018904375610873103,1890437.5610873103
BT_soft,BT $k_p=1$,20,630957344480.1936,1000000000000.0,784759427420.8235,777219795047.2378,55,0.06315937806691885,0.9405927470801623,69,0.9771424598822599,0.941045262392173,1.0019556790511024,0.973087703316267,0.00018904375610873103,1890437.5610873103
BT_soft,BT $k_p=1$,1,100000000.0,158489319.24611133,124391467.146025,123281814.26475541,56,0.0,1.0,158813,1.0000000067099921,0.9999999836241451,1.0000000285932948,1.000000007047342,0.00018904375610873103,1890437.5610873103
BT_soft,BT $k_p=1$,2,158489319.24611133,251188643.15095794,198170727.85826266,196379226.837991,56,0.0,1.0,108930,0.9999999994014888,0.9999999637125275,1.000000026819675,0.9999999982663239,0.00018904375610873103,1890437.5610873103
BT_soft,BT $k_p=1$,3,251188643.15095794,398107170.5534973,315011248.8356485,312277367.7150533,56,0.0,1.0,73221,1.0000000009185108,0.999999970793617,1.0000000225724377,1.0000000002343048,0.00018904375610873103,1890437.5610873103
BT_soft,BT $k_p=1$,4,398107170.5534973,630957344.4801933,499053341.2405071,494700760.4275741,56,0.0,1.0,49547,0.9999999952505968,0.9999999684063879,1.0000000228554446,0.9999999956400395,0.00018904375610873103,1890437.5610873103
BT_soft,BT $k_p=1$,5,630957344.4801933,999999999.9999999,789654265.1147572,782753867.236021,56,0.0,1.0,33102,0.9999999944378712,0.9999999644213968,1.0000000303252259,0.9999999964649697,0.00018904375610873103,1890437.5610873103
BT_soft,BT $k_p=1$,6,999999999.9999999,1584893192.461114,1251593900.5099936,1240667015.224443,56,0.0,1.0,22298,0.999999998321845,0.9999999722512154,1.000000027887227,0.9999999990196301,0.00018904375610873103,1890437.5610873103
BT_soft,BT $k_p=1$,7,1584893192.461114,2511886431.5095806,1976630393.1355271,1959435864.3837798,56,0.0,1.0,14824,0.9999999999182069,0.9999999751566958,1.0000000241998657,0.9999999998494891,0.00018904375610873103,1890437.5610873103
BT_soft,BT $k_p=1$,8,2511886431.5095806,3981071705.534973,3134568798.551507,3107128356.89647,56,0.0,1.0,9813,1.0000000006916552,0.9999999680062074,1.0000000323005926,0.9999999999397774,0.00018904375610873103,1890437.5610873103
BT_soft,BT $k_p=1$,9,3981071705.534973,6309573444.801932,4977749163.031403,4933785704.764163,56,0.0,1.0,6645,1.0000000003277159,0.9999999738693185,1.0000000278721701,1.0000000004879737,0.00018904375610873103,1890437.5610873103
BT_soft,BT $k_p=1$,10,6309573444.801932,10000000000.0,7892407591.316008,7824056592.303782,56,0.0,1.0,4419,0.9999999992567572,0.9999999740706951,1.0000000257811807,0.9999999995410161,0.00018904375610873103,1890437.5610873103
BT_soft,BT $k_p=1$,11,10000000000.0,15848931924.611141,12532826615.885237,12422072925.249876,56,0.0,1.0,2851,0.9999999979527763,0.9999999675719604,1.0000000325627578,0.9999999995422039,0.00018904375610873103,1890437.5610873103
BT_soft,BT $k_p=1$,12,15848931924.611141,25118864315.095818,19848665031.03534,19672882756.50168,56,0.0,1.0,1869,1.0000000025905742,0.9999999729085958,1.0000000283493797,1.0000000014263204,0.00018904375610873103,1890437.5610873103
BT_soft,BT $k_p=1$,13,25118864315.095818,39810717055.34974,31575075531.117916,31299767204.69952,56,0.0,1.0,1192,0.9999999997567207,0.9999999721538607,1.0000000260149917,0.9999999994624871,0.00018904375610873103,1890437.5610873103
BT_soft,BT $k_p=1$,14,39810717055.34974,63095734448.01936,49812202577.59094,49370095126.27738,56,0.0,1.0,823,1.0000000007436312,0.9999999693301161,1.0000000317953845,1.0000000004451672,0.00018904375610873103,1890437.5610873103
BT_soft,BT $k_p=1$,15,63095734448.01936,100000000000.0,78367068596.74678,77708140633.36295,56,0.0,1.0,514,0.9999999979587273,0.9999999729032283,1.0000000250330772,0.9999999990861469,0.00018904375610873103,1890437.5610873103
BT_soft,BT $k_p=1$,16,100000000000.0,158489319246.11142,125654266925.88826,124479374582.7036,56,0.0,1.0,369,0.9999999961284884,0.9999999726548978,1.0000000243652987,0.9999999979713884,0.00018904375610873103,1890437.5610873103
BT_soft,BT $k_p=1$,17,158489319246.11142,251188643150.9582,196407890213.38126,194511530051.8968,56,0.0,1.0,261,0.9999999957925071,0.9999999659963692,1.000000033522744,0.9999999989184067,0.00018904375610873103,1890437.5610873103
BT_soft,BT $k_p=1$,18,251188643150.9582,398107170553.4973,310182081264.90015,307337868027.60693,56,0.0,1.0,149,1.0000000015916917,0.9999999745826961,1.0000000275994574,1.0000000010756023,0.00018904375610873103,1890437.5610873103
BT_soft,BT $k_p=1$,19,398107170553.4973,630957344480.1936,501687531190.34174,496997355428.1498,56,0.0,1.0,96,0.9999999961219614,0.9999999746384409,1.0000000234014792,0.9999999975058809,0.00018904375610873103,1890437.5610873103
BT_soft,BT $k_p=1$,20,630957344480.1936,1000000000000.0,785947853499.438,778514049097.6202,56,0.0,1.0,71,1.0000000048948356,0.9999999720959644,1.0000000357829089,1.0000000039606158,0.00018904375610873103,1890437.5610873103
BT_deep,BT $k_p=10$,8,2511886431.5095806,3981071705.534973,3247344393.4740434,3218020320.7346582,22,23.692040728556133,0.040498880225947005,22,0.012077089055875578,0.010706067567606553,0.013048263956835464,0.012547482165367895,0.00018904375610873103,1890437.5610873103
BT_deep,BT $k_p=10$,9,3981071705.534973,6309573444.801932,4989236141.862524,4948396466.819554,22,23.692040728556133,0.040498880225947005,25,0.00796527779433851,0.006567435729365154,0.011952128054632185,0.008944599519761702,0.00018904375610873103,1890437.5610873103
BT_deep,BT $k_p=10$,10,6309573444.801932,10000000000.0,8253456328.18022,8193281060.0378475,22,23.692040728556133,0.040498880225947005,26,0.004523914514178195,0.0037842275037844246,0.005787476753926118,0.004799761157628795,0.00018904375610873103,1890437.5610873103
BT_deep,BT $k_p=10$,11,10000000000.0,15848931924.611141,12196036653.816666,12084569965.557873,22,23.692040728556133,0.040498880225947005,25,0.0033388509935025866,0.0030318391322116385,0.003964486766993628,0.0036552409137021015,0.00018904375610873103,1890437.5610873103
BT_deep,BT $k_p=10$,12,15848931924.611141,25118864315.095818,21157827141.429024,20993323856.048973,22,23.692040728556133,0.040498880225947005,32,0.001957210638023745,0.0014467895628856185,0.0028156881039352937,0.0021015849895680543,0.00018904375610873103,1890437.5610873103
BT_deep,BT $k_p=10$,13,25118864315.095818,39810717055.34974,32426277518.591568,32069733737.70728,22,23.692040728556133,0.040498880225947005,34,0.0012797022887212949,0.0010709110049672067,0.0019683663478496697,0.001709557058033552,0.00018904375610873103,1890437.5610873103
BT_deep,BT $k_p=10$,14,39810717055.34974,63095734448.01936,52033797642.72993,51595251017.98534,22,23.692040728556133,0.040498880225947005,28,0.0008555339754507359,0.0006471665465467378,0.0011359114016159517,0.0010381252061711047,0.00018904375610873103,1890437.5610873103
BT_deep,BT $k_p=10$,15,63095734448.01936,100000000000.0,79525011856.63788,78672052332.22406,22,23.692040728556133,0.040498880225947005,26,0.0005723894905704193,0.00044955301212504424,0.0009358018617273165,0.0006708717315988896,0.00018904375610873103,1890437.5610873103
BT_deep,BT $k_p=10$,16,100000000000.0,158489319246.11142,128490131509.94472,127498598677.77592,22,23.692040728556133,0.040498880225947005,29,0.0003734796520895334,0.0002500106599121288,0.0006104507240973611,0.0004174748148842588,0.00018904375610873103,1890437.5610873103
BT_deep,BT $k_p=10$,17,158489319246.11142,251188643150.9582,203519192539.0591,202034356712.258,22,23.692040728556133,0.040498880225947005,23,0.00021290556099526014,0.0001687623211613088,0.0004530940090883266,0.000280969407304827,0.00018904375610873103,1890437.5610873103
BT_deep,BT $k_p=10$,4,398107170.5534973,630957344.4801933,513780241.1279955,508860301.5581015,23,21.44730975323285,0.0445487682485417,20,0.07754821592225351,0.063336105438019,0.10253965124792871,0.08349591795980009,0.00018904375610873103,1890437.5610873103
BT_deep,BT $k_p=10$,5,630957344.4801933,999999999.9999999,822778557.9943869,816274821.1572273,23,21.44730975323285,0.0445487682485417,26,0.04378144065887875,0.0374608308781275,0.04985643703968782,0.048402243116168205,0.00018904375610873103,1890437.5610873103
BT_deep,BT $k_p=10$,6,999999999.9999999,1584893192.461114,1272355787.816677,1261737776.2934418,23,21.44730975323285,0.0445487682485417,38,0.028947843388139202,0.0253504854549151,0.04286067633945471,0.03328041594571267,0.00018904375610873103,1890437.5610873103
BT_deep,BT $k_p=10$,7,1584893192.461114,2511886431.5095806,2039249106.842111,2020315797.8504012,23,21.44730975323285,0.0445487682485417,51,0.018569580403235406,0.014959983540469447,0.026788362692193535,0.020523094466647518,0.00018904375610873103,1890437.5610873103
BT_deep,BT $k_p=10$,8,2511886431.5095806,3981071705.534973,3233958550.718576,3208862894.9000144,23,21.44730975323285,0.0445487682485417,84,0.012761566373545669,0.010090363358892913,0.01832580749688028,0.013959023490545331,0.00018904375610873103,1890437.5610873103
BT_deep,BT $k_p=10$,9,3981071705.534973,6309573444.801932,5118212279.582572,5078493875.607362,23,21.44730975323285,0.0445487682485417,90,0.008264771568796134,0.00622359935317886,0.012175822165282553,0.009274413724585364,0.00018904375610873103,1890437.5610873103
BT_deep,BT $k_p=10$,10,6309573444.801932,10000000000.0,8105727081.203266,8029247820.761829,23,21.44730975323285,0.0445487682485417,89,0.00529022923574097,0.004043841727484106,0.008196359907790662,0.005785908518512231,0.00018904375610873103,1890437.5610873103
BT_deep,BT $k_p=10$,11,10000000000.0,15848931924.611141,12360530268.267572,12244262157.221611,23,21.44730975323285,0.0445487682485417,98,0.0034089718936188822,0.0026141020783342806,0.004692165540533658,0.0039152301169147075,0.00018904375610873103,1890437.5610873103
BT_deep,BT $k_p=10$,12,15848931924.611141,25118864315.095818,20720699108.444977,20552484475.87628,23,21.44730975323285,0.0445487682485417,105,0.002081306819240516,0.001648200378841249,0.0031147790463218143,0.002453133614338151,0.00018904375610873103,1890437.5610873103
BT_deep,BT $k_p=10$,13,25118864315.095818,39810717055.34974,31841309937.6259,31498308752.824574,23,21.44730975323285,0.0445487682485417,104,0.0014256403909369245,0.0010720826575760436,0.002047075044269488,0.001723365348935618,0.00018904375610873103,1890437.5610873103
BT_deep,BT $k_p=10$,14,39810717055.34974,63095734448.01936,50370030451.15142,49905629655.0305,23,21.44730975323285,0.0445487682485417,75,0.0010476818052113394,0.0006783280854456594,0.0015290510997489465,0.001214185010148169,0.00018904375610873103,1890437.5610873103
BT_deep,BT $k_p=10$,15,63095734448.01936,100000000000.0,79133691748.91753,78418331236.17996,23,21.44730975323285,0.0445487682485417,60,0.0006093925487058669,0.00047656558869811253,0.0011228592788715742,0.000788127221990435,0.00018904375610873103,1890437.5610873103
BT_deep,BT $k_p=10$,16,100000000000.0,158489319246.11142,127693552123.36055,126739372299.01558,23,21.44730975323285,0.0445487682485417,64,0.00038047367767333107,0.0002801211925475013,0.0006220371398183408,0.0004944845838640463,0.00018904375610873103,1890437.5610873103
BT_deep,BT $k_p=10$,17,158489319246.11142,251188643150.9582,199397698508.89282,197910722088.65204,23,21.44730975323285,0.0445487682485417,48,0.0002627524845515623,0.00019748118578193587,0.0005343153743395164,0.00036227749549216925,0.00018904375610873103,1890437.5610873103
BT_deep,BT $k_p=10$,18,251188643150.9582,398107170553.4973,305057877243.26416,302827422208.93494,23,21.44730975323285,0.0445487682485417,51,0.00015676023248809207,0.00011426451356028187,0.00029139698478765905,0.00020086841919711283,0.00018904375610873103,1890437.5610873103
BT_deep,BT $k_p=10$,19,398107170553.4973,630957344480.1936,500338053719.0958,496179904796.37506,23,21.44730975323285,0.0445487682485417,42,0.00011607020895102676,8.500268703442337e-05,0.0002643694273239571,0.0001635449831830671,0.00018904375610873103,1890437.5610873103
BT_deep,BT $k_p=10$,20,630957344480.1936,1000000000000.0,824467241443.1344,817752533201.4646,23,21.44730975323285,0.0445487682485417,23,0.00010558667376003319,4.9559501538018274e-05,0.0003200870541439219,0.0001522380661445643,0.00018904375610873103,1890437.5610873103
BT_deep,BT $k_p=10$,2,158489319.24611133,251188643.15095794,210696495.38739866,208999330.45326447,24,19.40664523021168,0.04900364507339587,32,0.2068813675673685,0.14244798676088044,0.24373366795680085,0.20800142874299982,0.00018904375610873103,1890437.5610873103
BT_deep,BT $k_p=10$,3,251188643.15095794,398107170.5534973,322232302.349141,319141410.3942459,24,19.40664523021168,0.04900364507339587,59,0.11584683405959857,0.09772842579684733,0.14364119741060033,0.12921331438444802,0.00018904375610873103,1890437.5610873103
BT_deep,BT $k_p=10$,4,398107170.5534973,630957344.4801933,513923088.47648954,509609978.25487804,24,19.40664523021168,0.04900364507339587,87,0.07867346489946017,0.06039420191365891,0.10501265574930177,0.08538793365524444,0.00018904375610873103,1890437.5610873103
BT_deep,BT $k_p=10$,5,630957344.4801933,999999999.9999999,832074820.2005042,825188483.8152366,24,19.40664523021168,0.04900364507339587,144,0.04501855192469313,0.03741588255525839,0.06194898759213019,0.04990782553175433,0.00018904375610873103,1890437.5610873103
BT_deep,BT $k_p=10$,6,999999999.9999999,1584893192.461114,1269552851.7801545,1258713577.335895,24,19.40664523021168,0.04900364507339587,209,0.030424605294825435,0.025379816924144812,0.040401678122892075,0.03308583573145016,0.00018904375610873103,1890437.5610873103
BT_deep,BT $k_p=10$,7,1584893192.461114,2511886431.5095806,2017281034.4877353,2000161636.884604,24,19.40664523021168,0.04900364507339587,235,0.01935521900367187,0.016133354840614345,0.02931886216778848,0.02181536236380549,0.00018904375610873103,1890437.5610873103
BT_deep,BT $k_p=10$,8,2511886431.5095806,3981071705.534973,3214928051.287411,3186268270.5513797,24,19.40664523021168,0.04900364507339587,295,0.012877585883428605,0.009859746245239259,0.019164691744709677,0.01469104365169782,0.00018904375610873103,1890437.5610873103
BT_deep,BT $k_p=10$,9,3981071705.534973,6309573444.801932,5070193028.403166,5026807790.9909115,24,19.40664523021168,0.04900364507339587,290,0.008563447641955449,0.006484856138551843,0.013375384532312934,0.010018792369948896,0.00018904375610873103,1890437.5610873103
BT_deep,BT $k_p=10$,10,6309573444.801932,10000000000.0,8057879865.951476,7987028381.400308,24,19.40664523021168,0.04900364507339587,286,0.00544566075078717,0.004307924444379048,0.008475160883586155,0.006447390832404591,0.00018904375610873103,1890437.5610873103
BT_deep,BT $k_p=10$,11,10000000000.0,15848931924.611141,12649385736.277908,12533364884.059402,24,19.40664523021168,0.04900364507339587,268,0.0035820911979344457,0.0026732677488373506,0.005821113825936901,0.004323555070973166,0.00018904375610873103,1890437.5610873103
BT_deep,BT $k_p=10$,12,15848931924.611141,25118864315.095818,20432708751.49948,20263727494.54907,24,19.40664523021168,0.04900364507339587,252,0.0024014097486732616,0.001733425695094504,0.0035902244083985163,0.0028465602399898727,0.00018904375610873103,1890437.5610873103
BT_deep,BT $k_p=10$,13,25118864315.095818,39810717055.34974,31740667430.384632,31429242988.25333,24,19.40664523021168,0.04900364507339587,233,0.0016189227743109381,0.0011898883233526485,0.00267459847679305,0.0020773749319954273,0.00018904375610873103,1890437.5610873103
BT_deep,BT $k_p=10$,14,39810717055.34974,63095734448.01936,50574920729.89926,50126808216.40895,24,19.40664523021168,0.04900364507339587,164,0.0011449752221852146,0.0007233078510585148,0.0019401873084177832,0.0014202730047512806,0.00018904375610873103,1890437.5610873103
BT_deep,BT $k_p=10$,15,63095734448.01936,100000000000.0,79269867181.18558,78607572307.28908,24,19.40664523021168,0.04900364507339587,132,0.0007367050002922074,0.0004913110891849624,0.0013478991170580116,0.000939384074278446,0.00018904375610873103,1890437.5610873103
BT_deep,BT $k_p=10$,16,100000000000.0,158489319246.11142,126355227033.86218,125288432292.9497,24,19.40664523021168,0.04900364507339587,131,0.00046335294520518766,0.00030560768204851137,0.0008428164113303445,0.0005771736828981341,0.00018904375610873103,1890437.5610873103
BT_deep,BT $k_p=10$,17,158489319246.11142,251188643150.9582,197086057120.84515,195452414106.02322,24,19.40664523021168,0.04900364507339587,78,0.0003649611297576272,0.00022195477107613947,0.0007812968569154313,0.0004921880984881386,0.00018904375610873103,1890437.5610873103
BT_deep,BT $k_p=10$,18,251188643150.9582,398107170553.4973,307928224799.79236,305418879773.2708,24,19.40664523021168,0.04900364507339587,69,0.0002477545606301113,0.00012744501954122878,0.0005164975262906809,0.0003170903868233631,0.00018904375610873103,1890437.5610873103
BT_deep,BT $k_p=10$,19,398107170553.4973,630957344480.1936,500576941008.60706,496529558899.1133,24,19.40664523021168,0.04900364507339587,59,0.00016843027574204938,8.352134446067896e-05,0.00042868979722675407,0.0002515523447898043,0.00018904375610873103,1890437.5610873103
BT_deep,BT $k_p=10$,20,630957344480.1936,1000000000000.0,813617167285.1003,807690187932.3174,24,19.40664523021168,0.04900364507339587,41,9.496300135558172e-05,5.2317920387169914e-05,0.00026441225533492443,0.00016623812174191893,0.00018904375610873103,1890437.5610873103
BT_deep,BT $k_p=10$,1,100000000.0,158489319.24611133,129464872.50530823,128171368.63099553,25,17.551495663828796,0.053904009580735476,74,0.2860595779015144,0.24050797511468622,0.3513007949722671,0.3131954573328749,0.00018904375610873103,1890437.5610873103
BT_deep,BT $k_p=10$,2,158489319.24611133,251188643.15095794,206089558.24706736,204299957.68469688,25,17.551495663828796,0.053904009580735476,130,0.19305543945239037,0.1616248777606518,0.2615427528186359,0.21996287215826474,0.00018904375610873103,1890437.5610873103
BT_deep,BT $k_p=10$,3,251188643.15095794,398107170.5534973,323147060.763414,320203723.83514696,25,17.551495663828796,0.053904009580735476,240,0.12119130824733132,0.09681386167971523,0.1648947788206516,0.13495443393624354,0.00018904375610873103,1890437.5610873103
BT_deep,BT $k_p=10$,4,398107170.5534973,630957344.4801933,516308013.03475827,512234656.5831278,25,17.551495663828796,0.053904009580735476,317,0.07639857823650212,0.061243075559994475,0.10684118072167194,0.0867492927849791,0.00018904375610873103,1890437.5610873103
BT_deep,BT $k_p=10$,5,630957344.4801933,999999999.9999999,811515031.9808738,804600322.5031174,25,17.551495663828796,0.053904009580735476,525,0.04870097724086429,0.03969406386435459,0.06506122410426136,0.053419314711180596,0.00018904375610873103,1890437.5610873103
BT_deep,BT $k_p=10$,6,999999999.9999999,1584893192.461114,1279112968.430141,1268494008.281968,25,17.551495663828796,0.053904009580735476,686,0.03178419560530525,0.02494570324702566,0.044454311881703214,0.03539235162461389,0.00018904375610873103,1890437.5610873103
BT_deep,BT $k_p=10$,7,1584893192.461114,2511886431.5095806,2019306984.9418993,2002718291.1782453,25,17.551495663828796,0.053904009580735476,719,0.021169981542796264,0.015943411497866246,0.030927690754216974,0.02381458751247486,0.00018904375610873103,1890437.5610873103
BT_deep,BT $k_p=10$,8,2511886431.5095806,3981071705.534973,3209355988.91988,3181367723.507073,25,17.551495663828796,0.053904009580735476,792,0.013484223699355383,0.010430754554693647,0.021097116859983,0.01584269664514328,0.00018904375610873103,1890437.5610873103
BT_deep,BT $k_p=10$,9,3981071705.534973,6309573444.801932,5053137923.571593,5009101475.934247,25,17.551495663828796,0.053904009580735476,745,0.009071956994520385,0.006650234551179548,0.0143824400825536,0.010724785566339982,0.00018904375610873103,1890437.5610873103
BT_deep,BT $k_p=10$,10,6309573444.801932,10000000000.0,8005806653.473609,7935616892.280844,25,17.551495663828796,0.053904009580735476,654,0.006201850585217763,0.004474256950135826,0.01028328506841546,0.007467107330071877,0.00018904375610873103,1890437.5610873103
BT_deep,BT $k_p=10$,11,10000000000.0,15848931924.611141,12606615864.082405,12492060538.50072,25,17.551495663828796,0.053904009580735476,580,0.004167350579589198,0.0029034586434261212,0.00714812005065041,0.005123487117663353,0.00018904375610873103,1890437.5610873103
BT_deep,BT $k_p=10$,12,15848931924.611141,25118864315.095818,20045523133.66752,19873540522.472664,25,17.551495663828796,0.053904009580735476,495,0.002755726453890108,0.0019000369527917764,0.004839000427428723,0.0034071230404207754,0.00018904375610873103,1890437.5610873103
BT_deep,BT $k_p=10$,13,25118864315.095818,39810717055.34974,31572484587.192684,31276084058.612762,25,17.551495663828796,0.053904009580735476,397,0.0019407040337746666,0.0012644994439427327,0.0036181780332093212,0.0025159682232690937,0.00018904375610873103,1890437.5610873103
BT_deep,BT $k_p=10$,14,39810717055.34974,63095734448.01936,50135500108.7282,49702552697.37827,25,17.551495663828796,0.053904009580735476,293,0.001352637356724483,0.0007883128186617258,0.002606176371601706,0.0016994683113090328,0.00018904375610873103,1890437.5610873103
BT_deep,BT $k_p=10$,15,63095734448.01936,100000000000.0,79481486935.46024,78797947666.81943,25,17.551495663828796,0.053904009580735476,209,0.0008909708382468517,0.0005375016207625447,0.001776593731020408,0.0012442833191600906,0.00018904375610873103,1890437.5610873103
BT_deep,BT $k_p=10$,16,100000000000.0,158489319246.11142,125850879685.5586,124724932736.88068,25,17.551495663828796,0.053904009580735476,195,0.0006398741875868957,0.00033863153991133644,0.0012374339776492196,0.0007945386694691737,0.00018904375610873103,1890437.5610873103
BT_deep,BT $k_p=10$,17,158489319246.11142,251188643150.9582,198952224279.63373,197273276426.51862,25,17.551495663828796,0.053904009580735476,112,0.0005068421158412529,0.00023465468820974727,0.0011473925270892489,0.0007134170166956348,0.00018904375610873103,1890437.5610873103
BT_deep,BT $k_p=10$,18,251188643150.9582,398107170553.4973,308345007812.2859,305817163503.6265,25,17.551495663828796,0.053904009580735476,83,0.00034916997723240007,0.00014607431670832295,0.0006948260932207669,0.0004863795079546724,0.00018904375610873103,1890437.5610873103
BT_deep,BT $k_p=10$,19,398107170553.4973,630957344480.1936,499081361629.5816,494897430840.1024,25,17.551495663828796,0.053904009580735476,72,0.000275769087139548,0.00011453682890841192,0.0005641244613370727,0.00038710461798139727,0.00018904375610873103,1890437.5610873103
BT_deep,BT $k_p=10$,20,630957344480.1936,1000000000000.0,816791290335.0184,810570130817.0591,25,17.551495663828796,0.053904009580735476,50,0.0001258790415932928,6.996713414283438e-05,0.00033563271887250014,0.000230718402504172,0.00018904375610873103,1890437.5610873103
BT_deep,BT $k_p=10$,1,100000000.0,158489319.24611133,129111408.01947,127954254.55012517,26,15.864996058026179,0.05929441053880902,234,0.3060708787163663,0.24140105015584348,0.41205572569407334,0.34006749121736235,0.00018904375610873103,1890437.5610873103
BT_deep,BT $k_p=10$,2,158489319.24611133,251188643.15095794,204192297.7521778,202446563.92356813,26,15.864996058026179,0.05929441053880902,430,0.1948510170332506,0.1597834924444683,0.2702014031716737,0.22595303218416934,0.00018904375610873103,1890437.5610873103
BT_deep,BT $k_p=10$,3,251188643.15095794,398107170.5534973,326342801.81116706,323361922.8117294,26,15.864996058026179,0.05929441053880902,748,0.12217262731531142,0.09590347709758437,0.17508285381258837,0.1391110744451318,0.00018904375610873103,1890437.5610873103
BT_deep,BT $k_p=10$,4,398107170.5534973,630957344.4801933,515687315.9422422,511460233.5174398,26,15.864996058026179,0.05929441053880902,1059,0.07785925815127939,0.06193001370041001,0.11227120503304083,0.089147807220238,0.00018904375610873103,1890437.5610873103
BT_deep,BT $k_p=10$,5,630957344.4801933,999999999.9999999,810722792.7642618,803823473.8638566,26,15.864996058026179,0.05929441053880902,1441,0.051788793151375,0.040184379606986884,0.07533181878851909,0.05826005246421894,0.00018904375610873103,1890437.5610873103
BT_deep,BT $k_p=10$,6,999999999.9999999,1584893192.461114,1276099811.733976,1265069834.3700418,26,15.864996058026179,0.05929441053880902,1713,0.0340106839576012,0.026093199091615036,0.05125280907757759,0.03923155839467433,0.00018904375610873103,1890437.5610873103
BT_deep,BT $k_p=10$,7,1584893192.461114,2511886431.5095806,2003976624.3506608,1987157867.8718753,26,15.864996058026179,0.05929441053880902,1742,0.022397637201524455,0.016892735221645312,0.035349603506726994,0.026342487542879524,0.00018904375610873103,1890437.5610873103
BT_deep,BT $k_p=10$,8,2511886431.5095806,3981071705.534973,3185547842.5239887,3157634525.343975,26,15.864996058026179,0.05929441053880902,1634,0.015181814147678633,0.010948207698979697,0.02497240731062824,0.018093904722753594,0.00018904375610873103,1890437.5610873103
BT_deep,BT $k_p=10$,9,3981071705.534973,6309573444.801932,5022814089.062664,4978572545.91692,26,15.864996058026179,0.05929441053880902,1443,0.010089230723139317,0.007153017342821531,0.017157020276004686,0.012429526732721286,0.00018904375610873103,1890437.5610873103
BT_deep,BT $k_p=10$,10,6309573444.801932,10000000000.0,7951529156.197924,7882763521.660028,26,15.864996058026179,0.05929441053880902,1240,0.00696199704077435,0.004727365817589349,0.01235254375728685,0.008738833033510904,0.00018904375610873103,1890437.5610873103
BT_deep,BT $k_p=10$,11,10000000000.0,15848931924.611141,12612422297.235882,12498003104.039051,26,15.864996058026179,0.05929441053880902,985,0.004929461170652705,0.00309030532813029,0.008956327885893144,0.0062838904418224895,0.00018904375610873103,1890437.5610873103
BT_deep,BT $k_p=10$,12,15848931924.611141,25118864315.095818,19926160583.903023,19750138626.160576,26,15.864996058026179,0.05929441053880902,757,0.0034247262724295038,0.0020825062723074336,0.00654104734189673,0.004426382645153652,0.00018904375610873103,1890437.5610873103
BT_deep,BT $k_p=10$,13,25118864315.095818,39810717055.34974,31416479256.436867,31129816219.352886,26,15.864996058026179,0.05929441053880902,581,0.0024070545130640605,0.0012940289647677544,0.004911081960928901,0.003217308832850404,0.00018904375610873103,1890437.5610873103
BT_deep,BT $k_p=10$,14,39810717055.34974,63095734448.01936,49825528882.889114,49397875425.83821,26,15.864996058026179,0.05929441053880902,430,0.0016596825793032855,0.0008500618818745241,0.003529868005157707,0.0022023871186791014,0.00018904375610873103,1890437.5610873103
BT_deep,BT $k_p=10$,15,63095734448.01936,100000000000.0,79008606007.10544,78314790096.29048,26,15.864996058026179,0.05929441053880902,274,0.001172535499268719,0.0006255937237495148,0.0029624907024361847,0.0017258659543221574,0.00018904375610873103,1890437.5610873103
BT_deep,BT $k_p=10$,16,100000000000.0,158489319246.11142,125874751574.354,124805013713.67813,26,15.864996058026179,0.05929441053880902,235,0.0009225799236340009,0.0004853710675773303,0.001908521468415959,0.0011820198656511017,0.00018904375610873103,1890437.5610873103
BT_deep,BT $k_p=10$,17,158489319246.11142,251188643150.9582,197810310862.47745,196199862255.23953,26,15.864996058026179,0.05929441053880902,131,0.0007297371835101993,0.00029659531535329423,0.002105213469048911,0.0011129339269768373,0.00018904375610873103,1890437.5610873103
BT_deep,BT $k_p=10$,18,251188643150.9582,398107170553.4973,310231758561.4415,307769943070.5019,26,15.864996058026179,0.05929441053880902,90,0.0005141161546323812,0.00023812477262611075,0.0014047869933600681,0.0008351945515867066,0.00018904375610873103,1890437.5610873103
BT_deep,BT $k_p=10$,19,398107170553.4973,630957344480.1936,499329774185.2726,495258884794.3445,26,15.864996058026179,0.05929441053880902,75,0.00037082507477504155,0.00018299797683055818,0.0008390106072708198,0.0005528602928766827,0.00018904375610873103,1890437.5610873103
BT_deep,BT $k_p=10$,20,630957344480.1936,1000000000000.0,813982887824.804,807429435727.0732,26,15.864996058026179,0.05929441053880902,55,0.00022277316947408638,0.00010224028813486262,0.0006608519957010019,0.00040550537007779525,0.00018904375610873103,1890437.5610873103
BT_deep,BT $k_p=10$,1,100000000.0,158489319.24611133,130160579.51677224,129023761.58367707,27,14.331814598205613,0.06522385159268994,642,0.30465956009595474,0.24356755016724793,0.4547654083420124,0.3518995980686187,0.00018904375610873103,1890437.5610873103
BT_deep,BT $k_p=10$,2,158489319.24611133,251188643.15095794,205294318.77153677,203519109.1538815,27,14.331814598205613,0.06522385159268994,1192,0.2001466532883328,0.15481046405314422,0.2825285842555952,0.2282976877794759,0.00018904375610873103,1890437.5610873103
BT_deep,BT $k_p=10$,3,251188643.15095794,398107170.5534973,325270904.8644575,322443540.9124204,27,14.331814598205613,0.06522385159268994,1938,0.12358181277611208,0.09817718952156229,0.1795753850528374,0.14280955796914072,0.00018904375610873103,1890437.5610873103
BT_deep,BT $k_p=10$,4,398107170.5534973,630957344.4801933,512990622.42972565,508593188.7427333,27,14.331814598205613,0.06522385159268994,2683,0.08092653919843006,0.06397877718634126,0.1178538826707148,0.09306812157902644,0.00018904375610873103,1890437.5610873103
BT_deep,BT $k_p=10$,5,630957344.4801933,999999999.9999999,808139724.1478436,801185996.5355821,27,14.331814598205613,0.06522385159268994,3353,0.05380636864075421,0.041114621807823805,0.08125854060444472,0.06217596941228102,0.00018904375610873103,1890437.5610873103
BT_deep,BT $k_p=10$,6,999999999.9999999,1584893192.461114,1268580932.8122447,1257426538.7838638,27,14.331814598205613,0.06522385159268994,3676,0.03618906605239966,0.02705067716592922,0.05766520845764264,0.04283137922167498,0.00018904375610873103,1890437.5610873103
BT_deep,BT $k_p=10$,7,1584893192.461114,2511886431.5095806,2001524407.948024,1984462923.3695664,27,14.331814598205613,0.06522385159268994,3363,0.0245896288382195,0.017704565341030806,0.0412996245310502,0.029740072860658686,0.00018904375610873103,1890437.5610873103
BT_deep,BT $k_p=10$,8,2511886431.5095806,3981071705.534973,3166395993.497696,3138868657.2048407,27,14.331814598205613,0.06522385159268994,2909,0.016798042700069515,0.011528346729737028,0.029820536203749165,0.020875619604269768,0.00018904375610873103,1890437.5610873103
BT_deep,BT $k_p=10$,9,3981071705.534973,6309573444.801932,5000539264.928379,4956882528.014489,27,14.331814598205613,0.06522385159268994,2363,0.011570448905658177,0.007589868002460548,0.021738965288328905,0.014777902152326704,0.00018904375610873103,1890437.5610873103
BT_deep,BT $k_p=10$,10,6309573444.801932,10000000000.0,7944753133.826017,7875780614.727465,27,14.331814598205613,0.06522385159268994,1855,0.008509864522245255,0.0051132178169233265,0.016010732119220196,0.010823381406983378,0.00018904375610873103,1890437.5610873103
BT_deep,BT $k_p=10$,11,10000000000.0,15848931924.611141,12551761295.824915,12437894553.344944,27,14.331814598205613,0.06522385159268994,1386,0.005866022917413725,0.003301907334885207,0.011723441215923695,0.0077816595898207545,0.00018904375610873103,1890437.5610873103
BT_deep,BT $k_p=10$,12,15848931924.611141,25118864315.095818,19863360238.957832,19685209462.645855,27,14.331814598205613,0.06522385159268994,989,0.004213838175540421,0.002261501287417237,0.00916677153068125,0.005802937417838657,0.00018904375610873103,1890437.5610873103
BT_deep,BT $k_p=10$,13,25118864315.095818,39810717055.34974,31460120743.908997,31170903033.139206,27,14.331814598205613,0.06522385159268994,707,0.0031422219964872588,0.0016011664816976835,0.007141973506950209,0.00440746296405904,0.00018904375610873103,1890437.5610873103
BT_deep,BT $k_p=10$,14,39810717055.34974,63095734448.01936,49873207573.35486,49456277161.28613,27,14.331814598205613,0.06522385159268994,512,0.002230957571490329,0.0011172253648555335,0.005357213118371997,0.0032097552521471117,0.00018904375610873103,1890437.5610873103
BT_deep,BT $k_p=10$,15,63095734448.01936,100000000000.0,78818512319.37505,78129507706.20084,27,14.331814598205613,0.06522385159268994,322,0.0018006259333171915,0.0007647204965337809,0.004040273761793956,0.002459484568647095,0.00018904375610873103,1890437.5610873103
BT_deep,BT $k_p=10$,16,100000000000.0,158489319246.11142,125631184313.19852,124556207547.55856,27,14.331814598205613,0.06522385159268994,256,0.0013726461739127795,0.0006940510437868044,0.002789728067854861,0.0017708417289125152,0.00018904375610873103,1890437.5610873103
BT_deep,BT $k_p=10$,17,158489319246.11142,251188643150.9582,196326659001.7719,194732694535.1306,27,14.331814598205613,0.06522385159268994,143,0.0009670827703108153,0.0004038443847533649,0.003216894068865962,0.0016669003733074713,0.00018904375610873103,1890437.5610873103
BT_deep,BT $k_p=10$,18,251188643150.9582,398107170553.4973,310445107138.8022,308011127258.0571,27,14.331814598205613,0.06522385159268994,99,0.0007513560652666636,0.00031065152870957217,0.002452379864346628,0.0012815635586873155,0.00018904375610873103,1890437.5610873103
BT_deep,BT $k_p=10$,19,398107170553.4973,630957344480.1936,498365061609.729,494365093645.132,27,14.331814598205613,0.06522385159268994,77,0.0006395260849453966,0.00031418231974738106,0.001442280514949645,0.0009793787997666474,0.00018904375610873103,1890437.5610873103
BT_deep,BT $k_p=10$,20,630957344480.1936,1000000000000.0,813504000860.2524,807119003483.0354,27,14.331814598205613,0.06522385159268994,57,0.0003884786891879043,0.0001907011972722409,0.0010568030097522713,0.000639845303553705,0.00018904375610873103,1890437.5610873103
BT_deep,BT $k_p=10$,1,100000000.0,158489319.24611133,129807827.23110773,128685188.41889332,28,12.938013271096011,0.07174623675195893,1584,0.30961689256896935,0.24649866718048483,0.45283995201115795,0.3580772977538374,0.00018904375610873103,1890437.5610873103
BT_deep,BT $k_p=10$,2,158489319.24611133,251188643.15095794,204824303.42003065,203003671.10115728,28,12.938013271096011,0.07174623675195893,2922,0.19885640445816677,0.15685691434090135,0.29912112492736,0.23402057401056497,0.00018904375610873103,1890437.5610873103
BT_deep,BT $k_p=10$,3,251188643.15095794,398107170.5534973,324204611.29606104,321386252.6593559,28,12.938013271096011,0.07174623675195893,4400,0.12894350394348456,0.10043936858920646,0.18806693881185108,0.1489718349895959,0.00018904375610873103,1890437.5610873103
BT_deep,BT $k_p=10$,4,398107170.5534973,630957344.4801933,509959764.6707467,505579609.177497,28,12.938013271096011,0.07174623675195893,5799,0.08538443108744624,0.06530464462926099,0.1261997472210678,0.09910398455082323,0.00018904375610873103,1890437.5610873103
BT_deep,BT $k_p=10$,5,630957344.4801933,999999999.9999999,804334980.1470859,797419931.7690235,28,12.938013271096011,0.07174623675195893,6418,0.0574081062546766,0.0431923492523644,0.09095824947615763,0.06809053470488667,0.00018904375610873103,1890437.5610873103
BT_deep,BT $k_p=10$,6,999999999.9999999,1584893192.461114,1264916068.315156,1253692977.3001056,28,12.938013271096011,0.07174623675195893,6316,0.03970957832976108,0.028469319907903495,0.06752432504354407,0.048039210409581444,0.00018904375610873103,1890437.5610873103
BT_deep,BT $k_p=10$,7,1584893192.461114,2511886431.5095806,1995213409.6405346,1977995397.3903804,28,12.938013271096011,0.07174623675195893,5337,0.027764914489229693,0.018630522612732164,0.04944998619832944,0.03435335390294481,0.00018904375610873103,1890437.5610873103
BT_deep,BT $k_p=10$,8,2511886431.5095806,3981071705.534973,3161311363.3960857,3133689286.5908723,28,12.938013271096011,0.07174623675195893,4333,0.019316361724025528,0.012238002846461291,0.036417880793067875,0.024675153544505054,0.00018904375610873103,1890437.5610873103
BT_deep,BT $k_p=10$,9,3981071705.534973,6309573444.801932,4993626247.069917,4949966178.62586,28,12.938013271096011,0.07174623675195893,3324,0.013793495525028867,0.008231530069654394,0.027347367419390516,0.018023878102138992,0.00018904375610873103,1890437.5610873103
BT_deep,BT $k_p=10$,10,6309573444.801932,10000000000.0,7912735768.264125,7843999162.99449,28,12.938013271096011,0.07174623675195893,2391,0.010638906886958588,0.005754843433302695,0.021857800218264136,0.013946529452794105,0.00018904375610873103,1890437.5610873103
BT_deep,BT $k_p=10$,11,10000000000.0,15848931924.611141,12521141997.46572,12408141475.833466,28,12.938013271096011,0.07174623675195893,1685,0.007680766648420393,0.0038024821741915902,0.016085546937244614,0.010293718165663771,0.00018904375610873103,1890437.5610873103
BT_deep,BT $k_p=10$,12,15848931924.611141,25118864315.095818,19858271369.07696,19681206876.8342,28,12.938013271096011,0.07174623675195893,1161,0.005607947688256898,0.0027721042126231514,0.01287096719991836,0.007870025775870575,0.00018904375610873103,1890437.5610873103
BT_deep,BT $k_p=10$,13,25118864315.095818,39810717055.34974,31409017927.757164,31120690806.03357,28,12.938013271096011,0.07174623675195893,796,0.004354804273024685,0.0020031784332146386,0.010077468363323657,0.006224443445181422,0.00018904375610873103,1890437.5610873103
BT_deep,BT $k_p=10$,14,39810717055.34974,63095734448.01936,49797497503.21052,49381679711.70449,28,12.938013271096011,0.07174623675195893,559,0.0033538754841052365,0.001454276487747717,0.007714523819327871,0.004570365531016273,0.00018904375610873103,1890437.5610873103
BT_deep,BT $k_p=10$,15,63095734448.01936,100000000000.0,78759271279.35567,78080524338.37698,28,12.938013271096011,0.07174623675195893,346,0.002500074977921261,0.0010352135978969191,0.006302212374657016,0.0037542641979970686,0.00018904375610873103,1890437.5610873103
BT_deep,BT $k_p=10$,16,100000000000.0,158489319246.11142,125401523136.90811,124320340103.62556,28,12.938013271096011,0.07174623675195893,268,0.0021633956889537615,0.000921483659030225,0.004282297597981357,0.0027007691540117096,0.00018904375610873103,1890437.5610873103
BT_deep,BT $k_p=10$,17,158489319246.11142,251188643150.9582,195885413995.6518,194299350502.9864,28,12.938013271096011,0.07174623675195893,147,0.0015163993731856194,0.0006321738602790406,0.004687357873283035,0.0026012840324805228,0.00018904375610873103,1890437.5610873103
BT_deep,BT $k_p=10$,18,251188643150.9582,398107170553.4973,310920906677.66235,308487468595.5936,28,12.938013271096011,0.07174623675195893,102,0.0012533377903658958,0.0005148109658506564,0.003755453650138238,0.0022531662632001557,0.00018904375610873103,1890437.5610873103
BT_deep,BT $k_p=10$,19,398107170553.4973,630957344480.1936,499305338587.142,495287193889.3631,28,12.938013271096011,0.07174623675195893,78,0.0009506410837698448,0.0004990799714914017,0.0022803453255073746,0.001415980745690198,0.00018904375610873103,1890437.5610873103
BT_deep,BT $k_p=10$,20,630957344480.1936,1000000000000.0,813504000860.2524,807119003483.0354,28,12.938013271096011,0.07174623675195893,57,0.0006320907790127823,0.0002666805959994092,0.001458796213225451,0.0009693201742671905,0.00018904375610873103,1890437.5610873103
BT_deep,BT $k_p=10$,1,100000000.0,158489319.24611133,129532943.6826757,128392086.38835077,29,11.670921155541825,0.07892086042715485,3494,0.3163517443165851,0.24706993735934973,0.45963364609508767,0.3691505362779148,0.00018904375610873103,1890437.5610873103
BT_deep,BT $k_p=10$,2,158489319.24611133,251188643.15095794,204796882.97187436,202987282.65038565,29,11.670921155541825,0.07892086042715485,6184,0.2028321948336715,0.15977122972996527,0.30164469596033056,0.23964687640436902,0.00018904375610873103,1890437.5610873103
BT_deep,BT $k_p=10$,3,251188643.15095794,398107170.5534973,323458532.6333838,320690006.27516353,29,11.670921155541825,0.07892086042715485,8773,0.13422659626942565,0.10276313760113993,0.20029372628101863,0.15677384047828483,0.00018904375610873103,1890437.5610873103
BT_deep,BT $k_p=10$,4,398107170.5534973,630957344.4801933,507469180.66419077,503086447.0916311,29,11.670921155541825,0.07892086042715485,10476,0.09179249858011963,0.06833769238427861,0.1414439846681699,0.10809060541145724,0.00018904375610873103,1890437.5610873103
BT_deep,BT $k_p=10$,5,630957344.4801933,999999999.9999999,800611487.0587767,793725251.7660712,29,11.670921155541825,0.07892086042715485,10566,0.06297231175179893,0.044838538885627666,0.10392804207490486,0.07565885597081345,0.00018904375610873103,1890437.5610873103
BT_deep,BT $k_p=10$,6,999999999.9999999,1584893192.461114,1261311594.2442074,1250138232.9640362,29,11.670921155541825,0.07892086042715485,9465,0.04481772079996024,0.029848326067899292,0.07913449327485693,0.05515759131700287,0.00018904375610873103,1890437.5610873103
BT_deep,BT $k_p=10$,7,1584893192.461114,2511886431.5095806,1990543345.9729364,1973300134.409403,29,11.670921155541825,0.07892086042715485,7388,0.03208114722817586,0.019790322194159153,0.060642451661647924,0.040539411940478866,0.00018904375610873103,1890437.5610873103
BT_deep,BT $k_p=10$,8,2511886431.5095806,3981071705.534973,3147709807.2088065,3120441923.122937,29,11.670921155541825,0.07892086042715485,5628,0.023529943527035944,0.013603470812791046,0.046888031072569565,0.0303605977330871,0.00018904375610873103,1890437.5610873103
BT_deep,BT $k_p=10$,9,3981071705.534973,6309573444.801932,4986076948.090131,4942590067.787154,29,11.670921155541825,0.07892086042715485,4075,0.017115421142926943,0.009348969580803642,0.03602261029206751,0.02300458620224241,0.00018904375610873103,1890437.5610873103
BT_deep,BT $k_p=10$,10,6309573444.801932,10000000000.0,7890542662.974912,7822879424.539931,29,11.670921155541825,0.07892086042715485,2788,0.013653298822660101,0.006774773452808033,0.029532410973291675,0.018419076410153713,0.00018904375610873103,1890437.5610873103
BT_deep,BT $k_p=10$,11,10000000000.0,15848931924.611141,12512221499.18003,12400054631.029541,29,11.670921155541825,0.07892086042715485,1909,0.010608062031271764,0.00481776797952074,0.022854478420506707,0.014153086053979034,0.00018904375610873103,1890437.5610873103
BT_deep,BT $k_p=10$,12,15848931924.611141,25118864315.095818,19861747408.18686,19683124042.251503,29,11.670921155541825,0.07892086042715485,1252,0.008050918658734755,0.003685860677400657,0.01830628309405245,0.01127838322298483,0.00018904375610873103,1890437.5610873103
BT_deep,BT $k_p=10$,13,25118864315.095818,39810717055.34974,31365340039.92424,31078685926.860172,29,11.670921155541825,0.07892086042715485,845,0.006610965738101915,0.0029268069227495882,0.014483758033855255,0.008967812615591628,0.00018904375610873103,1890437.5610873103
BT_deep,BT $k_p=10$,14,39810717055.34974,63095734448.01936,49797207392.77562,49380243845.80398,29,11.670921155541825,0.07892086042715485,578,0.0053359061574445015,0.0021837027032776566,0.011195464747703214,0.006822359677469077,0.00018904375610873103,1890437.5610873103
BT_deep,BT $k_p=10$,15,63095734448.01936,100000000000.0,78707299104.86334,78030097680.65479,29,11.670921155541825,0.07892086042715485,352,0.003863506337027589,0.001594820062695057,0.01011190834630892,0.0058051075343039165,0.00018904375610873103,1890437.5610873103
BT_deep,BT $k_p=10$,16,100000000000.0,158489319246.11142,125352954405.78195,124284268444.43489,29,11.670921155541825,0.07892086042715485,273,0.003223246359803036,0.00146915967686846,0.007352073499191,0.004283952878992517,0.00018904375610873103,1890437.5610873103
BT_deep,BT $k_p=10$,17,158489319246.11142,251188643150.9582,195690988730.07254,194101548315.20883,29,11.670921155541825,0.07892086042715485,148,0.0027574414618664386,0.0010481990138595974,0.007446181952615243,0.004212880210476629,0.00018904375610873103,1890437.5610873103
BT_deep,BT $k_p=10$,18,251188643150.9582,398107170553.4973,310432066638.40924,307955843626.54236,29,11.670921155541825,0.07892086042715485,102,0.002060523235906643,0.000910457425170089,0.006685400953711019,0.0039522245311672324,0.00018904375610873103,1890437.5610873103
BT_deep,BT $k_p=10$,19,398107170553.4973,630957344480.1936,499305338587.142,495287193889.3631,29,11.670921155541825,0.07892086042715485,78,0.0016718618942614337,0.0007476466907458227,0.0030981662822804072,0.002300639118193061,0.00018904375610873103,1890437.5610873103
BT_deep,BT $k_p=10$,20,630957344480.1936,1000000000000.0,815448115603.6722,809078543997.8639,29,11.670921155541825,0.07892086042715485,56,0.0010014918755673805,0.0004994934970163794,0.0025197223612989355,0.0017782868219899696,0.00018904375610873103,1890437.5610873103
BT_deep,BT $k_p=10$,1,100000000.0,158489319.24611133,129404037.55031681,128280321.82036881,30,10.51901923231075,0.08681294646987033,6994,0.31698002741056225,0.2491897920887136,0.4728165461637977,0.37443205567466586,0.00018904375610873103,1890437.5610873103
BT_deep,BT $k_p=10$,2,158489319.24611133,251188643.15095794,204486908.39559072,202668478.0790759,30,10.51901923231075,0.08681294646987033,11804,0.20892867314509714,0.16112753065925398,0.31182963014368253,0.24777969039317013,0.00018904375610873103,1890437.5610873103
BT_deep,BT $k_p=10$,3,251188643.15095794,398107170.5534973,321612956.8197963,318839896.50175387,30,10.51901923231075,0.08681294646987033,15308,0.14159689927310606,0.10665856192414375,0.21718438241706287,0.16747328880537576,0.00018904375610873103,1890437.5610873103
BT_deep,BT $k_p=10$,4,398107170.5534973,630957344.4801933,505605321.4059153,501262776.63388884,30,10.51901923231075,0.08681294646987033,16631,0.09849189905066928,0.07066951831325415,0.16012192027279246,0.11821619050717219,0.00018904375610873103,1890437.5610873103
BT_deep,BT $k_p=10$,5,630957344.4801933,999999999.9999999,797964590.8475258,791060063.8562692,30,10.51901923231075,0.08681294646987033,15269,0.07007034771450442,0.04734391418666628,0.120787266825843,0.08565240156440283,0.00018904375610873103,1890437.5610873103
BT_deep,BT $k_p=10$,6,999999999.9999999,1584893192.461114,1258753153.405753,1247667763.514751,30,10.51901923231075,0.08681294646987033,12563,0.05194810586894398,0.03212381403131049,0.09578125811293203,0.06492448871349371,0.00018904375610873103,1890437.5610873103
BT_deep,BT $k_p=10$,7,1584893192.461114,2511886431.5095806,1986060795.19332,1968825213.5677567,30,10.51901923231075,0.08681294646987033,9265,0.0381174897982061,0.02170794548332488,0.07460511184213821,0.04885235094494971,0.00018904375610873103,1890437.5610873103
BT_deep,BT $k_p=10$,8,2511886431.5095806,3981071705.534973,3145289648.7930446,3118258526.2209888,30,10.51901923231075,0.08681294646987033,6614,0.029809533541056848,0.01564495650185639,0.06051433850586929,0.038496287991247574,0.00018904375610873103,1890437.5610873103
BT_deep,BT $k_p=10$,9,3981071705.534973,6309573444.801932,4980604779.377001,4936941647.3503,30,10.51901923231075,0.08681294646987033,4590,0.022826394484158047,0.011285779939999553,0.048058145242388356,0.030205772353583283,0.00018904375610873103,1890437.5610873103
BT_deep,BT $k_p=10$,10,6309573444.801932,10000000000.0,7881621645.065484,7814218827.181361,30,10.51901923231075,0.08681294646987033,3016,0.018658592013881516,0.008607327497903767,0.04004009010471405,0.024657394491384377,0.00018904375610873103,1890437.5610873103
BT_deep,BT $k_p=10$,11,10000000000.0,15848931924.611141,12507338647.219978,12394463749.209389,30,10.51901923231075,0.08681294646987033,2011,0.01443710848813778,0.006319230202176916,0.03235894652567483,0.019401138048846755,0.00018904375610873103,1890437.5610873103
BT_deep,BT $k_p=10$,12,15848931924.611141,25118864315.095818,19863839261.347847,19685302633.95396,30,10.51901923231075,0.08681294646987033,1298,0.01191125881047601,0.005039811206983441,0.02713208690668817,0.016288443938665263,0.00018904375610873103,1890437.5610873103
BT_deep,BT $k_p=10$,13,25118864315.095818,39810717055.34974,31365866777.615154,31078743627.33801,30,10.51901923231075,0.08681294646987033,853,0.00967738458145673,0.004247291760249772,0.021728509697468798,0.013105622111785852,0.00018904375610873103,1890437.5610873103
BT_deep,BT $k_p=10$,14,39810717055.34974,63095734448.01936,49818748727.22595,49403585033.6381,30,10.51901923231075,0.08681294646987033,587,0.00770420059408265,0.0033414178966522058,0.016725384481653144,0.01029708342860197,0.00018904375610873103,1890437.5610873103
BT_deep,BT $k_p=10$,15,63095734448.01936,100000000000.0,78625471017.65404,77946516593.90013,30,10.51901923231075,0.08681294646987033,354,0.006017920117102617,0.0024747422857167886,0.013858053274288865,0.008782301469688622,0.00018904375610873103,1890437.5610873103
BT_deep,BT $k_p=10$,16,100000000000.0,158489319246.11142,125241467458.03029,124177058973.50691,30,10.51901923231075,0.08681294646987033,276,0.005123416957829551,0.002233998308853065,0.01185696864119043,0.006875727374565944,0.00018904375610873103,1890437.5610873103
BT_deep,BT $k_p=10$,17,158489319246.11142,251188643150.9582,195951924898.7662,194341094448.18527,30,10.51901923231075,0.08681294646987033,148,0.004060391009308297,0.001621907624525943,0.012232465687569093,0.006866434581128457,0.00018904375610873103,1890437.5610873103
BT_deep,BT $k_p=10$,18,251188643150.9582,398107170553.4973,310578179243.1445,308105089129.66815,30,10.51901923231075,0.08681294646987033,102,0.0038962768127897875,0.0016399247317495037,0.010682030455239194,0.006182789249738343,0.00018904375610873103,1890437.5610873103
BT_deep,BT $k_p=10$,19,398107170553.4973,630957344480.1936,499305338587.142,495287193889.3631,30,10.51901923231075,0.08681294646987033,78,0.0026842034481894877,0.0011541967209236284,0.004889932956116082,0.0036652441891633757,0.00018904375610873103,1890437.5610873103
BT_deep,BT $k_p=10$,20,630957344480.1936,1000000000000.0,814985075472.058,808556586894.9838,30,10.51901923231075,0.08681294646987033,56,0.0015872862976645235,0.0008168447134663038,0.004350004860864711,0.0028093955039082677,0.00018904375610873103,1890437.5610873103
BT_deep,BT $k_p=10$,1,100000000.0,158489319.24611133,129136551.83574891,128024223.86463816,31,9.471835665737043,0.09549424111685739,13217,0.32170654832011164,0.2504780262861907,0.479276415243285,0.38212563248997894,0.00018904375610873103,1890437.5610873103
BT_deep,BT $k_p=10$,2,158489319.24611133,251188643.15095794,203355937.82274315,201540726.10215372,31,9.471835665737043,0.09549424111685739,20351,0.21657659292297826,0.16533718303729747,0.32869743162983905,0.2582814853823408,0.00018904375610873103,1890437.5610873103
BT_deep,BT $k_p=10$,3,251188643.15095794,398107170.5534973,320613927.50388056,317844374.9766586,31,9.471835665737043,0.09549424111685739,23704,0.15087797359186653,0.11019445876187363,0.23781154381475797,0.18017239594246126,0.00018904375610873103,1890437.5610873103
BT_deep,BT $k_p=10$,4,398107170.5534973,630957344.4801933,503751166.7657597,499430945.70912457,31,9.471835665737043,0.09549424111685739,23460,0.10778284310937082,0.07413246782193543,0.1832336013276492,0.13156310194211868,0.00018904375610873103,1890437.5610873103
BT_deep,BT $k_p=10$,5,630957344.4801933,999999999.9999999,794809965.0341414,787914264.7602698,31,9.471835665737043,0.09549424111685739,19814,0.08012222201921297,0.05075897573036558,0.14372281170581033,0.09915491115580712,0.00018904375610873103,1890437.5610873103
BT_deep,BT $k_p=10$,6,999999999.9999999,1584893192.461114,1255218560.5064764,1244227167.800347,31,9.471835665737043,0.09549424111685739,15258,0.06168738683011869,0.03486706982030345,0.1169420627004374,0.0775678953249173,0.00018904375610873103,1890437.5610873103
BT_deep,BT $k_p=10$,7,1584893192.461114,2511886431.5095806,1982652916.6995902,1965432948.5679054,31,9.471835665737043,0.09549424111685739,10660,0.047119970151085065,0.024658103660234222,0.09426755551394592,0.06053154929571753,0.00018904375610873103,1890437.5610873103
BT_deep,BT $k_p=10$,8,2511886431.5095806,3981071705.534973,3139413320.547489,3112385969.05043,31,9.471835665737043,0.09549424111685739,7318,0.038273571674024676,0.018520186349404937,0.07819747486491375,0.04926267976728533,0.00018904375610873103,1890437.5610873103
BT_deep,BT $k_p=10$,9,3981071705.534973,6309573444.801932,4977402475.617635,4933787994.317507,31,9.471835665737043,0.09549424111685739,4894,0.030428400129784136,0.014256813396416044,0.06471108340953376,0.04046674630107045,0.00018904375610873103,1890437.5610873103
BT_deep,BT $k_p=10$,10,6309573444.801932,10000000000.0,7873321447.487189,7805955551.358793,31,9.471835665737043,0.09549424111685739,3131,0.02554688019479341,0.011556792330331857,0.05531801794389841,0.03385289164996601,0.00018904375610873103,1890437.5610873103
BT_deep,BT $k_p=10$,11,10000000000.0,15848931924.611141,12489795460.994188,12376230675.922195,31,9.471835665737043,0.09549424111685739,2062,0.02046032858167731,0.009033580937293265,0.045140372695878006,0.02728388718379044,0.00018904375610873103,1890437.5610873103
BT_deep,BT $k_p=10$,12,15848931924.611141,25118864315.095818,19872861907.353413,19693310882.80104,31,9.471835665737043,0.09549424111685739,1308,0.017029399553906317,0.007469695831354124,0.03848488288783204,0.02287289889085356,0.00018904375610873103,1890437.5610873103
BT_deep,BT $k_p=10$,13,25118864315.095818,39810717055.34974,31347634629.64753,31062351124.23483,31,9.471835665737043,0.09549424111685739,855,0.014185440709245076,0.00674403536119827,0.029631865372726694,0.01907486972515367,0.00018904375610873103,1890437.5610873103
BT_deep,BT $k_p=10$,14,39810717055.34974,63095734448.01936,49792562685.30581,49379242437.61182,31,9.471835665737043,0.09549424111685739,587,0.012018831852552212,0.00496933463972972,0.024608419038699803,0.015245544112334579,0.00018904375610873103,1890437.5610873103
BT_deep,BT $k_p=10$,15,63095734448.01936,100000000000.0,78643790933.16293,77966245381.83467,31,9.471835665737043,0.09549424111685739,354,0.00904200390977078,0.0043337105969260895,0.02353957446766134,0.013630429872904842,0.00018904375610873103,1890437.5610873103
BT_deep,BT $k_p=10$,16,100000000000.0,158489319246.11142,125110990806.70403,124057611948.78096,31,9.471835665737043,0.09549424111685739,277,0.007910089306768517,0.003455126308830378,0.01763680397065514,0.0105569437854789,0.00018904375610873103,1890437.5610873103
BT_deep,BT $k_p=10$,17,158489319246.11142,251188643150.9582,195931052520.86282,194330994267.51007,31,9.471835665737043,0.09549424111685739,149,0.0065808473210530365,0.0026532139445339695,0.018060886168733168,0.010169122697810817,0.00018904375610873103,1890437.5610873103
BT_deep,BT $k_p=10$,18,251188643150.9582,398107170553.4973,310070189093.19385,307615423866.2112,31,9.471835665737043,0.09549424111685739,102,0.0056826932927034795,0.0024648010947910834,0.014925202278902153,0.009064761419783655,0.00018904375610873103,1890437.5610873103
BT_deep,BT $k_p=10$,19,398107170553.4973,630957344480.1936,499305338587.142,495287193889.3631,31,9.471835665737043,0.09549424111685739,78,0.0041458986619284325,0.0018620326560992724,0.007975091609050992,0.00582940370180838,0.00018904375610873103,1890437.5610873103
BT_deep,BT $k_p=10$,20,630957344480.1936,1000000000000.0,814985075472.058,808556586894.9838,31,9.471835665737043,0.09549424111685739,56,0.0029006769401738997,0.0012522537362116997,0.01010200139617069,0.004903588608995495,0.00018904375610873103,1890437.5610873103
BT_deep,BT $k_p=10$,1,100000000.0,158489319.24611133,128716187.66157953,127608637.18895979,32,8.519850605215494,0.10504366522854312,22361,0.33044840207138065,0.2575816013799041,0.49875885849274504,0.39328086402992896,0.00018904375610873103,1890437.5610873103
BT_deep,BT $k_p=10$,2,158489319.24611133,251188643.15095794,202650489.94914803,200842441.18737802,32,8.519850605215494,0.10504366522854312,31266,0.2269565242381095,0.1707232486466913,0.3496976420025022,0.2727341001608525,0.00018904375610873103,1890437.5610873103
BT_deep,BT $k_p=10$,3,251188643.15095794,398107170.5534973,319429934.357657,316652660.86649907,32,8.519850605215494,0.10504366522854312,33078,0.16204274789411524,0.11530608336319832,0.2640247138170742,0.19655643064515152,0.00018904375610873103,1890437.5610873103
BT_deep,BT $k_p=10$,4,398107170.5534973,630957344.4801933,502040086.72219276,497704938.776885,32,8.519850605215494,0.10504366522854312,30101,0.12154916937989148,0.07860325410853908,0.21142830966760537,0.1490284040609605,0.00018904375610873103,1890437.5610873103
BT_deep,BT $k_p=10$,5,630957344.4801933,999999999.9999999,793025381.0278325,786126489.2694399,32,8.519850605215494,0.10504366522854312,23699,0.09356732114838152,0.055003248673312057,0.1717009384579051,0.11634488463133932,0.00018904375610873103,1890437.5610873103
BT_deep,BT $k_p=10$,6,999999999.9999999,1584893192.461114,1252336521.0476682,1241408537.7216804,32,8.519850605215494,0.10504366522854312,17263,0.07420628049389764,0.03950934341433433,0.1447639903347441,0.09378251677754008,0.00018904375610873103,1890437.5610873103
BT_deep,BT $k_p=10$,7,1584893192.461114,2511886431.5095806,1981683559.3767416,1964454191.5809958,32,8.519850605215494,0.10504366522854312,11582,0.059527843038999016,0.02926053976220043,0.12006375389038432,0.07596539163932153,0.00018904375610873103,1890437.5610873103
BT_deep,BT $k_p=10$,8,2511886431.5095806,3981071705.534973,3137264770.328629,3110218845.837222,32,8.519850605215494,0.10504366522854312,7685,0.050074785710693834,0.023311355503575083,0.10246208093759095,0.06367221685741531,0.00018904375610873103,1890437.5610873103
BT_deep,BT $k_p=10$,9,3981071705.534973,6309573444.801932,4971682976.084578,4928180968.89345,32,8.519850605215494,0.10504366522854312,5080,0.040700975730659825,0.018613610614687495,0.08581996273630453,0.05354291559209384,0.00018904375610873103,1890437.5610873103
BT_deep,BT $k_p=10$,10,6309573444.801932,10000000000.0,7865942984.166934,7798683357.294215,32,8.519850605215494,0.10504366522854312,3180,0.034974686576162595,0.016014591319639015,0.07634813070599619,0.046053617154731816,0.00018904375610873103,1890437.5610873103
BT_deep,BT $k_p=10$,11,10000000000.0,15848931924.611141,12488619583.513128,12375486626.873999,32,8.519850605215494,0.10504366522854312,2081,0.02921604346148443,0.012972944895923374,0.06186354680739096,0.03807096764928418,0.00018904375610873103,1890437.5610873103
BT_deep,BT $k_p=10$,12,15848931924.611141,25118864315.095818,19867138375.47849,19688225996.530228,32,8.519850605215494,0.10504366522854312,1309,0.024745875562928593,0.010698522126659359,0.05324318900486873,0.032372714172601506,0.00018904375610873103,1890437.5610873103
BT_deep,BT $k_p=10$,13,25118864315.095818,39810717055.34974,31369269982.96606,31082723107.051323,32,8.519850605215494,0.10504366522854312,857,0.021110129336180443,0.009892946847584617,0.042428650229081585,0.027808369106295406,0.00018904375610873103,1890437.5610873103
BT_deep,BT $k_p=10$,14,39810717055.34974,63095734448.01936,49748664506.22417,49335586082.649956,32,8.519850605215494,0.10504366522854312,585,0.017509410179554548,0.00756324399084814,0.03675045163318704,0.02188422254594924,0.00018904375610873103,1890437.5610873103
BT_deep,BT $k_p=10$,15,63095734448.01936,100000000000.0,78642243402.54164,77964479636.67969,32,8.519850605215494,0.10504366522854312,354,0.01406088368262092,0.005956149858374453,0.03338975615110264,0.020198397657714133,0.00018904375610873103,1890437.5610873103
BT_deep,BT $k_p=10$,16,100000000000.0,158489319246.11142,125303674484.12534,124244521194.82832,32,8.519850605215494,0.10504366522854312,276,0.012703112627426495,0.005290119053720815,0.026261962223114346,0.015965499023860765,0.00018904375610873103,1890437.5610873103
BT_deep,BT $k_p=10$,17,158489319246.11142,251188643150.9582,196202539268.32007,194601678243.36966,32,8.519850605215494,0.10504366522854312,147,0.009501905933472167,0.0038770138176322496,0.026811094166416694,0.014619795512035202,0.00018904375610873103,1890437.5610873103
BT_deep,BT $k_p=10$,18,251188643150.9582,398107170553.4973,310418915835.77167,307966714230.8196,32,8.519850605215494,0.10504366522854312,103,0.008908210989238986,0.004427920761404747,0.024327779058240163,0.014369064175588243,0.00018904375610873103,1890437.5610873103
BT_deep,BT $k_p=10$,19,398107170553.4973,630957344480.1936,499305338587.142,495287193889.3631,32,8.519850605215494,0.10504366522854312,78,0.005842181736368147,0.003196391346682608,0.012661489142575436,0.009050207632856572,0.00018904375610873103,1890437.5610873103
BT_deep,BT $k_p=10$,20,630957344480.1936,1000000000000.0,815153353856.9923,808594072383.0571,32,8.519850605215494,0.10504366522854312,55,0.0047741370843846645,0.0023302718254943765,0.016658141611417335,0.0076058499672427195,0.00018904375610873103,1890437.5610873103
BT_deep,BT $k_p=10$,1,100000000.0,158489319.24611133,128259804.12671243,127146842.55131754,33,7.654409641104996,0.11554803175139741,34331,0.3400677790080256,0.2626321628287802,0.5161438828063302,0.40765456053831167,0.00018904375610873103,1890437.5610873103
BT_deep,BT $k_p=10$,2,158489319.24611133,251188643.15095794,201817050.84144044,200009437.09441775,33,7.654409641104996,0.11554803175139741,44093,0.24077745937322548,0.1767747166981837,0.3795982067093719,0.29154322610474714,0.00018904375610873103,1890437.5610873103
BT_deep,BT $k_p=10$,3,251188643.15095794,398107170.5534973,318638434.8338392,315863271.4164635,33,7.654409641104996,0.11554803175139741,42550,0.1781691287118573,0.12033490076489181,0.2963000632613068,0.2164607291682475,0.00018904375610873103,1890437.5610873103
BT_deep,BT $k_p=10$,4,398107170.5534973,630957344.4801933,500900882.89261234,496570236.92999226,33,7.654409641104996,0.11554803175139741,35909,0.1382556780642975,0.08447109195489765,0.24574168143940703,0.1699385795450734,0.00018904375610873103,1890437.5610873103
BT_deep,BT $k_p=10$,5,630957344.4801933,999999999.9999999,791169422.3625968,784316472.4048386,33,7.654409641104996,0.11554803175139741,26770,0.11076259310492267,0.06108776846131428,0.20568607382783757,0.1374606439939022,0.00018904375610873103,1890437.5610873103
BT_deep,BT $k_p=10$,6,999999999.9999999,1584893192.461114,1250090224.5590966,1239196539.8728294,33,7.654409641104996,0.11554803175139741,18612,0.09139143158110972,0.04636794455811697,0.1785480330435181,0.11488508866702783,0.00018904375610873103,1890437.5610873103
BT_deep,BT $k_p=10$,7,1584893192.461114,2511886431.5095806,1979532614.450038,1962307560.9909744,33,7.654409641104996,0.11554803175139741,12099,0.07598792346866065,0.03644641337541642,0.1526862207689582,0.09603216984759058,0.00018904375610873103,1890437.5610873103
BT_deep,BT $k_p=10$,8,2511886431.5095806,3981071705.534973,3133874064.3381906,3106809487.5512004,33,7.654409641104996,0.11554803175139741,7867,0.06531372697210872,0.030413515287356585,0.1326307990273813,0.08222071970596082,0.00018904375610873103,1890437.5610873103
BT_deep,BT $k_p=10$,9,3981071705.534973,6309573444.801932,4970992452.950889,4927442535.55453,33,7.654409641104996,0.11554803175139741,5143,0.05446528492211459,0.024669923198470146,0.11287362158541352,0.07078766776804678,0.00018904375610873103,1890437.5610873103
BT_deep,BT $k_p=10$,10,6309573444.801932,10000000000.0,7870253466.318762,7803099986.47567,33,7.654409641104996,0.11554803175139741,3189,0.04822730218098105,0.02222619559812034,0.10326395671606849,0.06232208230812094,0.00018904375610873103,1890437.5610873103
BT_deep,BT $k_p=10$,11,10000000000.0,15848931924.611141,12491938101.434204,12378695446.201757,33,7.654409641104996,0.11554803175139741,2079,0.040030106555670075,0.01819431581847906,0.08494199953872511,0.051779573523772784,0.00018904375610873103,1890437.5610873103
BT_deep,BT $k_p=10$,12,15848931924.611141,25118864315.095818,19869040705.213875,19690691743.12988,33,7.654409641104996,0.11554803175139741,1314,0.03493960667844668,0.015145295820484116,0.07465368557833246,0.04505696632756799,0.00018904375610873103,1890437.5610873103
BT_deep,BT $k_p=10$,13,25118864315.095818,39810717055.34974,31357896760.795094,31071210754.366993,33,7.654409641104996,0.11554803175139741,860,0.028972606808887157,0.013688390265881853,0.06095994756403467,0.03855995625887042,0.00018904375610873103,1890437.5610873103
BT_deep,BT $k_p=10$,14,39810717055.34974,63095734448.01936,49729123423.52901,49318577570.152664,33,7.654409641104996,0.11554803175139741,585,0.025296371333735693,0.011362173229383645,0.05181096090312204,0.03170195848360964,0.00018904375610873103,1890437.5610873103
BT_deep,BT $k_p=10$,15,63095734448.01936,100000000000.0,78542998271.36096,77864141007.30923,33,7.654409641104996,0.11554803175139741,353,0.019472820645504273,0.008651694341790021,0.04829327421042308,0.028365113554179498,0.00018904375610873103,1890437.5610873103
BT_deep,BT $k_p=10$,16,100000000000.0,158489319246.11142,125198610266.16808,124140796037.14012,33,7.654409641104996,0.11554803175139741,278,0.018631136202156763,0.007787933543581535,0.040007068406091105,0.024024540604183586,0.00018904375610873103,1890437.5610873103
BT_deep,BT $k_p=10$,17,158489319246.11142,251188643150.9582,195931052520.86282,194330994267.51007,33,7.654409641104996,0.11554803175139741,149,0.013815405673068092,0.005759542461208364,0.03793952115591845,0.021915529023644232,0.00018904375610873103,1890437.5610873103
BT_deep,BT $k_p=10$,18,251188643150.9582,398107170553.4973,310418915835.77167,307966714230.8196,33,7.654409641104996,0.11554803175139741,103,0.01314952858522701,0.006623558291879531,0.03377656152872923,0.02096090270563537,0.00018904375610873103,1890437.5610873103
BT_deep,BT $k_p=10$,19,398107170553.4973,630957344480.1936,499964460422.3309,495925116372.94867,33,7.654409641104996,0.11554803175139741,77,0.010074193202246706,0.005441566733978187,0.023051011860368342,0.014169330282872235,0.00018904375610873103,1890437.5610873103
BT_deep,BT $k_p=10$,20,630957344480.1936,1000000000000.0,814671790160.8242,808214026559.885,33,7.654409641104996,0.11554803175139741,56,0.008271598218938851,0.0039016541882855678,0.021570441743556056,0.01282701365408417,0.00018904375610873103,1890437.5610873103
BT_deep,BT $k_p=10$,1,100000000.0,158489319.24611133,127804277.67309842,126690448.14110431,34,6.867645128277267,0.1271028349265372,49414,0.3527143787417853,0.26901840641522934,0.5386494254281048,0.42354070455219744,0.00018904375610873103,1890437.5610873103
BT_deep,BT $k_p=10$,2,158489319.24611133,251188643.15095794,201155315.5891994,199350671.44956326,34,6.867645128277267,0.1271028349265372,57665,0.2577546261190082,0.18382866783660706,0.4107081266109061,0.31307635129851386,0.00018904375610873103,1890437.5610873103
BT_deep,BT $k_p=10$,3,251188643.15095794,398107170.5534973,317639878.5139754,314869964.47613186,34,6.867645128277267,0.1271028349265372,51328,0.19729349827763998,0.1272398675102142,0.33479302726536453,0.24095297249692718,0.00018904375610873103,1890437.5610873103
BT_deep,BT $k_p=10$,4,398107170.5534973,630957344.4801933,500133289.60042346,495808006.370327,34,6.867645128277267,0.1271028349265372,40490,0.16034959467298507,0.09277171038803352,0.2856520067262154,0.19578505525715068,0.00018904375610873103,1890437.5610873103
BT_deep,BT $k_p=10$,5,630957344.4801933,999999999.9999999,790020035.0992191,783160413.3852562,34,6.867645128277267,0.1271028349265372,28876,0.13332392939349058,0.07004889896700973,0.24711576653466194,0.16383282195462492,0.00018904375610873103,1890437.5610873103
BT_deep,BT $k_p=10$,6,999999999.9999999,1584893192.461114,1249073826.535877,1238188873.3663614,34,6.867645128277267,0.1271028349265372,19466,0.11398678174187483,0.055976001456761446,0.2181765070217937,0.14068153636501604,0.00018904375610873103,1890437.5610873103
BT_deep,BT $k_p=10$,7,1584893192.461114,2511886431.5095806,1978591910.1110897,1961382020.5333815,34,6.867645128277267,0.1271028349265372,12418,0.0972054244352808,0.04677053219143101,0.18996858037597397,0.12034778126087387,0.00018904375610873103,1890437.5610873103
BT_deep,BT $k_p=10$,8,2511886431.5095806,3981071705.534973,3133914557.7347274,3106819264.496627,34,6.867645128277267,0.1271028349265372,7939,0.08536553296776192,0.04008628976571702,0.1677534652423257,0.10503962807685985,0.00018904375610873103,1890437.5610873103
BT_deep,BT $k_p=10$,9,3981071705.534973,6309573444.801932,4970088124.74228,4926548729.685115,34,6.867645128277267,0.1271028349265372,5173,0.07204848373127506,0.03404321101692911,0.14613460524492536,0.09240479763718502,0.00018904375610873103,1890437.5610873103
BT_deep,BT $k_p=10$,10,6309573444.801932,10000000000.0,7866983145.960693,7799854718.159301,34,6.867645128277267,0.1271028349265372,3194,0.06472296892331188,0.03034101577453054,0.13313408851055747,0.08247030714567996,0.00018904375610873103,1890437.5610873103
BT_deep,BT $k_p=10$,11,10000000000.0,15848931924.611141,12482123290.243134,12369192255.217302,34,6.867645128277267,0.1271028349265372,2080,0.05453910845366203,0.025830461566243305,0.11228515118268503,0.06916267133328577,0.00018904375610873103,1890437.5610873103
BT_deep,BT $k_p=10$,12,15848931924.611141,25118864315.095818,19870256279.827328,19691449568.31957,34,6.867645128277267,0.1271028349265372,1318,0.04849675531069334,0.021315731794696237,0.10098363864593755,0.06054783794570841,0.00018904375610873103,1890437.5610873103
BT_deep,BT $k_p=10$,13,25118864315.095818,39810717055.34974,31349587273.495148,31062357183.413452,34,6.867645128277267,0.1271028349265372,863,0.039413632708563656,0.018736279889496534,0.08171212088459406,0.05174402651914232,0.00018904375610873103,1890437.5610873103
BT_deep,BT $k_p=10$,14,39810717055.34974,63095734448.01936,49795293647.574135,49381090422.195755,34,6.867645128277267,0.1271028349265372,589,0.034464751783805266,0.015467997450465015,0.07335574823444958,0.04411349724187529,0.00018904375610873103,1890437.5610873103
BT_deep,BT $k_p=10$,15,63095734448.01936,100000000000.0,78629746050.40729,77946007754.66864,34,6.867645128277267,0.1271028349265372,353,0.029135317758145093,0.01306523869866924,0.06751159948105291,0.03994669377200248,0.00018904375610873103,1890437.5610873103
BT_deep,BT $k_p=10$,16,100000000000.0,158489319246.11142,125174887091.06445,124114070069.02324,34,6.867645128277267,0.1271028349265372,277,0.025509443751453545,0.01249203714407624,0.05263400809827888,0.03317943997238189,0.00018904375610873103,1890437.5610873103
BT_deep,BT $k_p=10$,17,158489319246.11142,251188643150.9582,195931052520.86282,194330994267.51007,34,6.867645128277267,0.1271028349265372,149,0.023114272912167538,0.00925224528507794,0.05194877316594019,0.0310723609270106,0.00018904375610873103,1890437.5610873103
BT_deep,BT $k_p=10$,18,251188643150.9582,398107170553.4973,310418915835.77167,307966714230.8196,34,6.867645128277267,0.1271028349265372,103,0.02050367672615832,0.009442866901236925,0.054227282600799544,0.030605680585853924,0.00018904375610873103,1890437.5610873103
BT_deep,BT $k_p=10$,19,398107170553.4973,630957344480.1936,499431875668.7378,495437485889.7874,34,6.867645128277267,0.1271028349265372,75,0.014771769225562888,0.007505856117888228,0.032531140850002964,0.020412305232579298,0.00018904375610873103,1890437.5610873103
BT_deep,BT $k_p=10$,20,630957344480.1936,1000000000000.0,812474727167.584,806019543192.3401,34,6.867645128277267,0.1271028349265372,56,0.014290557782087201,0.005577122101055265,0.03145840096034632,0.01946313531906994,0.00018904375610873103,1890437.5610873103
BT_deep,BT $k_p=10$,1,100000000.0,158489319.24611133,127259737.68167593,126145169.13130943,35,6.152404662070242,0.13981311841919092,66389,0.3695985083051287,0.2772186925954771,0.5649765886017779,0.4437737987231081,0.00018904375610873103,1890437.5610873103
BT_deep,BT $k_p=10$,2,158489319.24611133,251188643.15095794,200562887.3949743,198756988.88583347,35,6.152404662070242,0.13981311841919092,70711,0.2786667189272901,0.19207278766512548,0.4491632330770053,0.3387470245808006,0.00018904375610873103,1890437.5610873103
BT_deep,BT $k_p=10$,3,251188643.15095794,398107170.5534973,316881325.78902006,314119974.14497316,35,6.152404662070242,0.13981311841919092,58727,0.22154347606464675,0.1367739898116794,0.3753904774729039,0.26896349920748747,0.00018904375610873103,1890437.5610873103
BT_deep,BT $k_p=10$,4,398107170.5534973,630957344.4801933,499284420.35485554,494962939.6107039,35,6.152404662070242,0.13981311841919092,43998,0.1860253820211495,0.1036693279739937,0.33103924350277797,0.22618045942435303,0.00018904375610873103,1890437.5610873103
BT_deep,BT $k_p=10$,5,630957344.4801933,999999999.9999999,789102478.4221102,782261017.1946095,35,6.152404662070242,0.13981311841919092,30226,0.1610133294744776,0.08320757330944256,0.29112331410007836,0.19536597089732446,0.00018904375610873103,1890437.5610873103
BT_deep,BT $k_p=10$,6,999999999.9999999,1584893192.461114,1248494686.8567634,1237606040.0869327,35,6.152404662070242,0.13981311841919092,19928,0.14020407270344115,0.06929743007959115,0.26275397796068706,0.1713331572320181,0.00018904375610873103,1890437.5610873103
BT_deep,BT $k_p=10$,7,1584893192.461114,2511886431.5095806,1977763244.2386208,1960559833.3616815,35,6.152404662070242,0.13981311841919092,12551,0.12227668384184501,0.060282191547956276,0.23384877540391646,0.149570358193871,0.00018904375610873103,1890437.5610873103
BT_deep,BT $k_p=10$,8,2511886431.5095806,3981071705.534973,3133663381.1649733,3106646709.919087,35,6.152404662070242,0.13981311841919092,7993,0.10883497564683477,0.053000724839565874,0.20879602622989865,0.13343906003517422,0.00018904375610873103,1890437.5610873103
BT_deep,BT $k_p=10$,9,3981071705.534973,6309573444.801932,4968991531.446188,4925547379.886332,35,6.152404662070242,0.13981311841919092,5174,0.09552516661342977,0.04593730395732371,0.18692720006343305,0.11860224007414086,0.00018904375610873103,1890437.5610873103
BT_deep,BT $k_p=10$,10,6309573444.801932,10000000000.0,7866413018.879336,7799269129.671276,35,6.152404662070242,0.13981311841919092,3203,0.0854275027806463,0.04088398712284296,0.16886307028454783,0.1063234809169567,0.00018904375610873103,1890437.5610873103
BT_deep,BT $k_p=10$,11,10000000000.0,15848931924.611141,12484462027.649414,12371618881.000998,35,6.152404662070242,0.13981311841919092,2086,0.07133237732863094,0.03338061272335953,0.1446333589792429,0.09005852205546801,0.00018904375610873103,1890437.5610873103
BT_deep,BT $k_p=10$,12,15848931924.611141,25118864315.095818,19870550020.216503,19691595151.658867,35,6.152404662070242,0.13981311841919092,1315,0.06519624294109215,0.030712655511506707,0.1307013320346236,0.08065222051253947,0.00018904375610873103,1890437.5610873103
BT_deep,BT $k_p=10$,13,25118864315.095818,39810717055.34974,31343168936.381996,31057391689.496243,35,6.152404662070242,0.13981311841919092,863,0.0539561596518553,0.02518529004788885,0.11163656381317684,0.06991198636776685,0.00018904375610873103,1890437.5610873103
BT_deep,BT $k_p=10$,14,39810717055.34974,63095734448.01936,49794321147.373825,49381349366.69197,35,6.152404662070242,0.13981311841919092,592,0.04857460725125562,0.021794132701075847,0.09964669532643528,0.06070306605924383,0.00018904375610873103,1890437.5610873103
BT_deep,BT $k_p=10$,15,63095734448.01936,100000000000.0,78670785661.91135,77987724706.5288,35,6.152404662070242,0.13981311841919092,354,0.04001399573610226,0.018668724652208705,0.0869846660144268,0.0543742619385143,0.00018904375610873103,1890437.5610873103
BT_deep,BT $k_p=10$,16,100000000000.0,158489319246.11142,125238393690.42691,124173957768.51526,35,6.152404662070242,0.13981311841919092,276,0.03754654834729709,0.018000695726025466,0.07090096507183714,0.04670227104937769,0.00018904375610873103,1890437.5610873103
BT_deep,BT $k_p=10$,17,158489319246.11142,251188643150.9582,195713423283.72354,194120498983.4211,35,6.152404662070242,0.13981311841919092,148,0.03442288264250504,0.013689819329050673,0.07735999599491142,0.04512716230627551,0.00018904375610873103,1890437.5610873103
BT_deep,BT $k_p=10$,18,251188643150.9582,398107170553.4973,310418915835.77167,307966714230.8196,35,6.152404662070242,0.13981311841919092,103,0.03335006542214933,0.014028308216131864,0.07616176911621284,0.04265638603858183,0.00018904375610873103,1890437.5610873103
BT_deep,BT $k_p=10$,19,398107170553.4973,630957344480.1936,498827851735.7569,494778464947.24744,35,6.152404662070242,0.13981311841919092,77,0.023966180992865935,0.012072700924510186,0.04674427032683223,0.030027716236040905,0.00018904375610873103,1890437.5610873103
BT_deep,BT $k_p=10$,20,630957344480.1936,1000000000000.0,814062466276.3918,807570574281.4641,35,6.152404662070242,0.13981311841919092,56,0.020019916139818787,0.008489730369492755,0.057134521950147135,0.028786514312352924,0.00018904375610873103,1890437.5610873103
BT_deep,BT $k_p=10$,1,100000000.0,158489319.24611133,126780998.66450833,125666013.92200279,36,5.502186056427491,0.15379443026111006,83986,0.3896732310649194,0.28653568462797613,0.5989385904455297,0.4665753135119509,0.00018904375610873103,1890437.5610873103
BT_deep,BT $k_p=10$,2,158489319.24611133,251188643.15095794,199957392.82578164,198154261.44775277,36,5.502186056427491,0.15379443026111006,82769,0.30336819952869465,0.2019900969635088,0.4928663348572609,0.36703925732074727,0.00018904375610873103,1890437.5610873103
BT_deep,BT $k_p=10$,3,251188643.15095794,398107170.5534973,316283191.11250705,313527476.23315674,36,5.502186056427491,0.15379443026111006,64423,0.25073521604664545,0.1492495128598591,0.4251883340889472,0.30303921514105336,0.00018904375610873103,1890437.5610873103
BT_deep,BT $k_p=10$,4,398107170.5534973,630957344.4801933,498798864.2887004,494485302.3847245,36,5.502186056427491,0.15379443026111006,46331,0.2179197392055611,0.11853143727921371,0.38245758851238,0.26240074645333855,0.00018904375610873103,1890437.5610873103
BT_deep,BT $k_p=10$,5,630957344.4801933,999999999.9999999,788445585.3340425,781612117.3410552,36,5.502186056427491,0.15379443026111006,31029,0.19324005444556774,0.09952716001311285,0.3426868743181116,0.23090219135349213,0.00018904375610873103,1890437.5610873103
BT_deep,BT $k_p=10$,6,999999999.9999999,1584893192.461114,1248082863.5712419,1237210091.5146654,36,5.502186056427491,0.15379443026111006,20149,0.17276274870600397,0.08638484971122885,0.3141670185034375,0.20737375309782033,0.00018904375610873103,1890437.5610873103
BT_deep,BT $k_p=10$,7,1584893192.461114,2511886431.5095806,1977440877.7307408,1960258404.0674527,36,5.502186056427491,0.15379443026111006,12604,0.1534400315711651,0.07705813690354073,0.2824785887099812,0.18352548033832608,0.00018904375610873103,1890437.5610873103
BT_deep,BT $k_p=10$,8,2511886431.5095806,3981071705.534973,3133654505.3761096,3106634728.9078374,36,5.502186056427491,0.15379443026111006,7990,0.13928331883034378,0.06855660871555473,0.2575633378259626,0.16618609090863545,0.00018904375610873103,1890437.5610873103
BT_deep,BT $k_p=10$,9,3981071705.534973,6309573444.801932,4969060920.398653,4925678514.569719,36,5.502186056427491,0.15379443026111006,5156,0.12210330016570572,0.05967423068274027,0.23069345883821127,0.1491239269202519,0.00018904375610873103,1890437.5610873103
BT_deep,BT $k_p=10$,10,6309573444.801932,10000000000.0,7868594913.821028,7801482358.484557,36,5.502186056427491,0.15379443026111006,3206,0.10951361201873648,0.05340470393481071,0.21400466000503293,0.133995084459856,0.00018904375610873103,1890437.5610873103
BT_deep,BT $k_p=10$,11,10000000000.0,15848931924.611141,12487354086.71627,12374256795.98995,36,5.502186056427491,0.15379443026111006,2096,0.09348214790356166,0.0452478764126869,0.1848597977203082,0.11520331633085178,0.00018904375610873103,1890437.5610873103
BT_deep,BT $k_p=10$,12,15848931924.611141,25118864315.095818,19868194839.025414,19689851870.633987,36,5.502186056427491,0.15379443026111006,1316,0.08530249773478948,0.041517152512230704,0.16726074101745964,0.10537408455806078,0.00018904375610873103,1890437.5610873103
BT_deep,BT $k_p=10$,13,25118864315.095818,39810717055.34974,31353745980.541492,31066543830.954952,36,5.502186056427491,0.15379443026111006,865,0.07244446416967526,0.03496789888886287,0.14128205122767798,0.09111331682261703,0.00018904375610873103,1890437.5610873103
BT_deep,BT $k_p=10$,14,39810717055.34974,63095734448.01936,49784424407.99008,49369427010.84891,36,5.502186056427491,0.15379443026111006,586,0.0664008731342388,0.029813932686394682,0.13107148693327486,0.08005209292514957,0.00018904375610873103,1890437.5610873103
BT_deep,BT $k_p=10$,15,63095734448.01936,100000000000.0,78669320869.77838,77988256916.15842,36,5.502186056427491,0.15379443026111006,353,0.05591470619274009,0.0264294754736866,0.11835959431190503,0.07197654307919459,0.00018904375610873103,1890437.5610873103
BT_deep,BT $k_p=10$,16,100000000000.0,158489319246.11142,125249727519.36789,124197955760.23322,36,5.502186056427491,0.15379443026111006,273,0.05330865869444657,0.025399953658445006,0.09836517108375432,0.06241090205026349,0.00018904375610873103,1890437.5610873103
BT_deep,BT $k_p=10$,17,158489319246.11142,251188643150.9582,195944677184.1569,194353371388.17862,36,5.502186056427491,0.15379443026111006,147,0.053285093876155036,0.019874968607336722,0.10768474310079147,0.06446911251626943,0.00018904375610873103,1890437.5610873103
BT_deep,BT $k_p=10$,18,251188643150.9582,398107170553.4973,310746097838.83954,308286340737.4035,36,5.502186056427491,0.15379443026111006,102,0.04278040222927881,0.018735660338298807,0.10756953270944285,0.05901454004246821,0.00018904375610873103,1890437.5610873103
BT_deep,BT $k_p=10$,19,398107170553.4973,630957344480.1936,497859668724.6803,493830538907.53076,36,5.502186056427491,0.15379443026111006,76,0.032269661223371354,0.01800694875811051,0.06789505312833015,0.043292259567280986,0.00018904375610873103,1890437.5610873103
BT_deep,BT $k_p=10$,20,630957344480.1936,1000000000000.0,813200414608.0303,806622368925.651,36,5.502186056427491,0.15379443026111006,55,0.026082730112688808,0.012714993479626237,0.0699966215104209,0.03884587879111059,0.00018904375610873103,1890437.5610873103
BT_deep,BT $k_p=10$,1,100000000.0,158489319.24611133,126365293.35835622,125247367.2069961,37,4.9110782331159015,0.16917387328722105,101055,0.41299561683271946,0.2987264306122926,0.6346908448080767,0.4919344134297251,0.00018904375610873103,1890437.5610873103
BT_deep,BT $k_p=10$,2,158489319.24611133,251188643.15095794,199441107.54734614,197641290.91942605,37,4.9110782331159015,0.16917387328722105,92617,0.3346901617374268,0.21474487540715068,0.5378122613760055,0.40076248314580504,0.00018904375610873103,1890437.5610873103
BT_deep,BT $k_p=10$,3,251188643.15095794,398107170.5534973,315778434.8959063,313027379.7215649,37,4.9110782331159015,0.16917387328722105,68529,0.28572129765630744,0.16564302840406978,0.47809676689537656,0.3408465905418407,0.00018904375610873103,1890437.5610873103
BT_deep,BT $k_p=10$,4,398107170.5534973,630957344.4801933,498378040.61896235,494064294.70781755,37,4.9110782331159015,0.16917387328722105,47735,0.2550817697590401,0.13780904931614915,0.4379022981627448,0.3034325136552161,0.00018904375610873103,1890437.5610873103
BT_deep,BT $k_p=10$,5,630957344.4801933,999999999.9999999,788208896.6029485,781373156.2582405,37,4.9110782331159015,0.16917387328722105,31439,0.22992269201496235,0.12009547110637889,0.3981081873123324,0.2706927793883766,0.00018904375610873103,1890437.5610873103
BT_deep,BT $k_p=10$,6,999999999.9999999,1584893192.461114,1248018477.6024153,1237145358.026827,37,4.9110782331159015,0.16917387328722105,20243,0.20921131175780233,0.10733964493405967,0.37045751781615516,0.24801252133436275,0.00018904375610873103,1890437.5610873103
BT_deep,BT $k_p=10$,7,1584893192.461114,2511886431.5095806,1977285585.4637482,1960087498.2571359,37,4.9110782331159015,0.16917387328722105,12640,0.18778302886683526,0.09552539326833481,0.3345927274941493,0.22190955697488016,0.00018904375610873103,1890437.5610873103
BT_deep,BT $k_p=10$,8,2511886431.5095806,3981071705.534973,3133661084.248743,3106658022.732069,37,4.9110782331159015,0.16917387328722105,8011,0.17387230701013312,0.08815179595299123,0.3113675076977019,0.20351727668773428,0.00018904375610873103,1890437.5610873103
BT_deep,BT $k_p=10$,9,3981071705.534973,6309573444.801932,4970078581.174126,4926602946.43196,37,4.9110782331159015,0.16917387328722105,5182,0.15481619198306867,0.0787032926116661,0.28329733066444757,0.18530265045800257,0.00018904375610873103,1890437.5610873103
BT_deep,BT $k_p=10$,10,6309573444.801932,10000000000.0,7865620056.489976,7798550746.572965,37,4.9110782331159015,0.16917387328722105,3208,0.1405526603513214,0.0694087903205457,0.25937226124667484,0.16647518222398214,0.00018904375610873103,1890437.5610873103
BT_deep,BT $k_p=10$,11,10000000000.0,15848931924.611141,12491106425.190577,12377882588.829336,37,4.9110782331159015,0.16917387328722105,2085,0.12179492628504184,0.05960018837742089,0.22678126522522954,0.1458105972987573,0.00018904375610873103,1890437.5610873103
BT_deep,BT $k_p=10$,12,15848931924.611141,25118864315.095818,19874827897.864834,19695544410.857414,37,4.9110782331159015,0.16917387328722105,1317,0.11405267533934019,0.05547246889583059,0.21602511216728276,0.13368464574159292,0.00018904375610873103,1890437.5610873103
BT_deep,BT $k_p=10$,13,25118864315.095818,39810717055.34974,31361324002.115562,31074293895.083996,37,4.9110782331159015,0.16917387328722105,861,0.09272678014270182,0.045724442531173144,0.18103210546920653,0.1191203614563113,0.00018904375610873103,1890437.5610873103
BT_deep,BT $k_p=10$,14,39810717055.34974,63095734448.01936,49739570402.43893,49327755846.32707,37,4.9110782331159015,0.16917387328722105,590,0.08810878298548996,0.04037357276726028,0.16928698652049387,0.10447465550218459,0.00018904375610873103,1890437.5610873103
BT_deep,BT $k_p=10$,15,63095734448.01936,100000000000.0,78632953887.4108,77951555033.8084,37,4.9110782331159015,0.16917387328722105,354,0.0747318114347633,0.03602356635480735,0.15475300383229837,0.09596411698761659,0.00018904375610873103,1890437.5610873103
BT_deep,BT $k_p=10$,16,100000000000.0,158489319246.11142,125327736859.09346,124271672955.84045,37,4.9110782331159015,0.16917387328722105,276,0.07558288857025747,0.033939132505610405,0.13102476854176787,0.08422716968536599,0.00018904375610873103,1890437.5610873103
BT_deep,BT $k_p=10$,17,158489319246.11142,251188643150.9582,195931052520.86282,194330994267.51007,37,4.9110782331159015,0.16917387328722105,149,0.06582039445647575,0.027757469968316715,0.14582054170719302,0.0825484751895439,0.00018904375610873103,1890437.5610873103
BT_deep,BT $k_p=10$,18,251188643150.9582,398107170553.4973,310578179243.1445,308105089129.66815,37,4.9110782331159015,0.16917387328722105,102,0.06603722258564765,0.026481001125653575,0.1328302441392284,0.08031785702934402,0.00018904375610873103,1890437.5610873103
BT_deep,BT $k_p=10$,19,398107170553.4973,630957344480.1936,499305338587.142,495287193889.3631,37,4.9110782331159015,0.16917387328722105,78,0.050503176083933406,0.02468265188723309,0.10122724676715839,0.0604443913204625,0.00018904375610873103,1890437.5610873103
BT_deep,BT $k_p=10$,20,630957344480.1936,1000000000000.0,813504000860.2524,807119003483.0354,37,4.9110782331159015,0.16917387328722105,57,0.03550319832982156,0.01890733290815983,0.08811349274816925,0.050754446849018385,0.00018904375610873103,1890437.5610873103
BT_deep,BT $k_p=10$,1,100000000.0,158489319.24611133,125997404.46755679,124880908.69332379,38,4.373707484650818,0.18609126061594322,116751,0.4405234682568255,0.3102776586671312,0.6731420026280525,0.521259249233822,0.00018904375610873103,1890437.5610873103
BT_deep,BT $k_p=10$,2,158489319.24611133,251188643.15095794,199047821.55535057,197254726.22490618,38,4.373707484650818,0.18609126061594322,100469,0.3687461442686759,0.23055586254979255,0.5859396351612174,0.43775121554038354,0.00018904375610873103,1890437.5610873103
BT_deep,BT $k_p=10$,3,251188643.15095794,398107170.5534973,315448845.6745103,312702179.1057347,38,4.373707484650818,0.18609126061594322,71344,0.32478655189188865,0.18572710750746027,0.530818241321391,0.38305703448344847,0.00018904375610873103,1890437.5610873103
BT_deep,BT $k_p=10$,4,398107170.5534973,630957344.4801933,498133266.52407235,493820826.4989885,38,4.373707484650818,0.18609126061594322,48669,0.2959880090580147,0.16062135989645465,0.4928755391986274,0.3471922305951285,0.00018904375610873103,1890437.5610873103
BT_deep,BT $k_p=10$,5,630957344.4801933,999999999.9999999,787971290.8146185,781134053.5807104,38,4.373707484650818,0.18609126061594322,31675,0.2715742406201976,0.1450388373559841,0.4555591123510472,0.31607205544952455,0.00018904375610873103,1890437.5610873103
BT_deep,BT $k_p=10$,6,999999999.9999999,1584893192.461114,1247715544.9462633,1236852593.7461727,38,4.373707484650818,0.18609126061594322,20310,0.25022741146460825,0.13107818916596978,0.4259916888553616,0.29069673585641914,0.00018904375610873103,1890437.5610873103
BT_deep,BT $k_p=10$,7,1584893192.461114,2511886431.5095806,1977157421.9094477,1959962289.9796789,38,4.373707484650818,0.18609126061594322,12642,0.22860080935760668,0.11905154601486033,0.3891791659090512,0.2644134745388757,0.00018904375610873103,1890437.5610873103
BT_deep,BT $k_p=10$,8,2511886431.5095806,3981071705.534973,3133311265.9688544,3106278483.289118,38,4.373707484650818,0.18609126061594322,8014,0.21091036421145948,0.10944436143211829,0.3685742050368877,0.2431132089029667,0.00018904375610873103,1890437.5610873103
BT_deep,BT $k_p=10$,9,3981071705.534973,6309573444.801932,4970193906.072145,4926733686.406482,38,4.373707484650818,0.18609126061594322,5169,0.1900137035863006,0.09935250769231842,0.339370215829938,0.22480231981025725,0.00018904375610873103,1890437.5610873103
BT_deep,BT $k_p=10$,10,6309573444.801932,10000000000.0,7864319409.409401,7797400111.24773,38,4.373707484650818,0.18609126061594322,3205,0.17601544010076173,0.0895539687629801,0.3155850775354878,0.2059775708348394,0.00018904375610873103,1890437.5610873103
BT_deep,BT $k_p=10$,11,10000000000.0,15848931924.611141,12490973614.234272,12377680184.699324,38,4.373707484650818,0.18609126061594322,2090,0.15295064180753995,0.07791358796558363,0.28226145659531526,0.18173201621723595,0.00018904375610873103,1890437.5610873103
BT_deep,BT $k_p=10$,12,15848931924.611141,25118864315.095818,19871799409.17782,19692687317.80671,38,4.373707484650818,0.18609126061594322,1320,0.14123030275027687,0.07189337324931896,0.2598895312743818,0.16550679839595123,0.00018904375610873103,1890437.5610873103
BT_deep,BT $k_p=10$,13,25118864315.095818,39810717055.34974,31350585822.192356,31063329780.23701,38,4.373707484650818,0.18609126061594322,860,0.1226699099014427,0.060854097779116455,0.22867735635927783,0.1482444860760568,0.00018904375610873103,1890437.5610873103
BT_deep,BT $k_p=10$,14,39810717055.34974,63095734448.01936,49772478684.49486,49361350159.534,38,4.373707484650818,0.18609126061594322,591,0.11500211736030348,0.05352153269090066,0.21372672569557405,0.13543738619018073,0.00018904375610873103,1890437.5610873103
BT_deep,BT $k_p=10$,15,63095734448.01936,100000000000.0,78670869813.14026,77990848980.89659,38,4.373707484650818,0.18609126061594322,354,0.09613222105430047,0.051253366211924466,0.2032557182602522,0.12556436504967453,0.00018904375610873103,1890437.5610873103
BT_deep,BT $k_p=10$,16,100000000000.0,158489319246.11142,125319261653.97829,124263172318.46126,38,4.373707484650818,0.18609126061594322,276,0.09512014405346286,0.046539612349126486,0.17744367624353716,0.11077004318502433,0.00018904375610873103,1890437.5610873103
BT_deep,BT $k_p=10$,17,158489319246.11142,251188643150.9582,195693861622.4062,194103959738.0675,38,4.373707484650818,0.18609126061594322,148,0.08550929530757762,0.0373501527634945,0.17964934871759058,0.10747282663858897,0.00018904375610873103,1890437.5610873103
BT_deep,BT $k_p=10$,18,251188643150.9582,398107170553.4973,310764734119.2537,308329310755.00726,38,4.373707484650818,0.18609126061594322,100,0.08863428132737383,0.04176069636127666,0.16037547614283293,0.10423872343615112,0.00018904375610873103,1890437.5610873103
BT_deep,BT $k_p=10$,19,398107170553.4973,630957344480.1936,498356397094.4911,494357605707.1142,38,4.373707484650818,0.18609126061594322,77,0.06620113323147316,0.03388767320020215,0.12634947422225165,0.08013923216183393,0.00018904375610873103,1890437.5610873103
BT_deep,BT $k_p=10$,20,630957344480.1936,1000000000000.0,813504000860.2524,807119003483.0354,38,4.373707484650818,0.18609126061594322,57,0.04733127566754417,0.02692056593309908,0.1169876547431605,0.06875079949043489,0.00018904375610873103,1890437.5610873103
BT_deep,BT $k_p=10$,1,100000000.0,158489319.24611133,125635207.25018467,124519858.79851106,39,3.885188622409834,0.20470038667753754,130691,0.46978917161634937,0.32607301372655106,0.7143721557273243,0.5511959373456439,0.00018904375610873103,1890437.5610873103
BT_deep,BT $k_p=10$,2,158489319.24611133,251188643.15095794,198752715.9644843,196961428.33754188,39,3.885188622409834,0.20470038667753754,106190,0.4073236622862973,0.24947484005489734,0.637831813428967,0.47697308883238027,0.00018904375610873103,1890437.5610873103
BT_deep,BT $k_p=10$,3,251188643.15095794,398107170.5534973,315228097.36176825,312485547.2661155,39,3.885188622409834,0.20470038667753754,73159,0.3687318797494338,0.21100442985883255,0.5860043132397972,0.42710540498498933,0.00018904375610873103,1890437.5610873103
BT_deep,BT $k_p=10$,4,398107170.5534973,630957344.4801933,497972260.3570067,493658464.3040721,39,3.885188622409834,0.20470038667753754,49171,0.34187308467429767,0.18814535016115713,0.5483193080002727,0.3940552152372165,0.00018904375610873103,1890437.5610873103
BT_deep,BT $k_p=10$,5,630957344.4801933,999999999.9999999,787867110.6157614,781029333.7191913,39,3.885188622409834,0.20470038667753754,31790,0.3164478936960926,0.1729121232329518,0.5118052480278127,0.36282047698409076,0.00018904375610873103,1890437.5610873103
BT_deep,BT $k_p=10$,6,999999999.9999999,1584893192.461114,1247867367.480833,1237005392.8804677,39,3.885188622409834,0.20470038667753754,20336,0.29650370490032324,0.1590552586155517,0.4862677257892383,0.3386551985541082,0.00018904375610873103,1890437.5610873103
BT_deep,BT $k_p=10$,7,1584893192.461114,2511886431.5095806,1977284630.9507117,1960074586.329324,39,3.885188622409834,0.20470038667753754,12645,0.2718862559106561,0.1460136325603627,0.4479170519318969,0.31093134437776104,0.00018904375610873103,1890437.5610873103
BT_deep,BT $k_p=10$,8,2511886431.5095806,3981071705.534973,3133037568.0124545,3105985396.1082683,39,3.885188622409834,0.20470038667753754,8006,0.2536056419057856,0.13322186092734634,0.42609489671715794,0.2875833403154746,0.00018904375610873103,1890437.5610873103
BT_deep,BT $k_p=10$,9,3981071705.534973,6309573444.801932,4969968587.851306,4926466381.589732,39,3.885188622409834,0.20470038667753754,5184,0.23208654048520833,0.12401528872697448,0.3954609254789869,0.2680063067020072,0.00018904375610873103,1890437.5610873103
BT_deep,BT $k_p=10$,10,6309573444.801932,10000000000.0,7868143768.141793,7800919690.026976,39,3.885188622409834,0.20470038667753754,3202,0.21424894034926062,0.11329605718777082,0.37558911342624296,0.24962425989338619,0.00018904375610873103,1890437.5610873103
BT_deep,BT $k_p=10$,11,10000000000.0,15848931924.611141,12492147380.369715,12378751499.260307,39,3.885188622409834,0.20470038667753754,2086,0.18815974196739504,0.09741357615959395,0.3321609984087391,0.22124500147889806,0.00018904375610873103,1890437.5610873103
BT_deep,BT $k_p=10$,12,15848931924.611141,25118864315.095818,19871157031.064953,19692415192.043144,39,3.885188622409834,0.20470038667753754,1320,0.17714113102986978,0.0936071629273574,0.31115570397081016,0.20180687159031663,0.00018904375610873103,1890437.5610873103
BT_deep,BT $k_p=10$,13,25118864315.095818,39810717055.34974,31352646089.548393,31065661866.466812,39,3.885188622409834,0.20470038667753754,861,0.15968842577913514,0.07968022486791242,0.2842851750978861,0.18640832293120804,0.00018904375610873103,1890437.5610873103
BT_deep,BT $k_p=10$,14,39810717055.34974,63095734448.01936,49776033794.44785,49362522363.05731,39,3.885188622409834,0.20470038667753754,590,0.14578368582681484,0.07014002997498223,0.2587372974791583,0.16749658735018946,0.00018904375610873103,1890437.5610873103
BT_deep,BT $k_p=10$,15,63095734448.01936,100000000000.0,78656105288.2838,77975894645.15382,39,3.885188622409834,0.20470038667753754,355,0.12930851182329595,0.06789628151669971,0.25206059590570673,0.1558570201021196,0.00018904375610873103,1890437.5610873103
BT_deep,BT $k_p=10$,16,100000000000.0,158489319246.11142,125164191280.57596,124104107674.7421,39,3.885188622409834,0.20470038667753754,277,0.1284165241795741,0.06752366832613585,0.211760811490494,0.14380418486956686,0.00018904375610873103,1890437.5610873103
BT_deep,BT $k_p=10$,17,158489319246.11142,251188643150.9582,196089078776.73917,194487198572.0004,39,3.885188622409834,0.20470038667753754,148,0.12293131367426735,0.05379370479133693,0.22978171454717278,0.13971176168226931,0.00018904375610873103,1890437.5610873103
BT_deep,BT $k_p=10$,18,251188643150.9582,398107170553.4973,310418915835.77167,307966714230.8196,39,3.885188622409834,0.20470038667753754,103,0.11152802003734362,0.05626962399315787,0.21396568669791646,0.1332511000902564,0.00018904375610873103,1890437.5610873103
BT_deep,BT $k_p=10$,19,398107170553.4973,630957344480.1936,499305338587.142,495287193889.3631,39,3.885188622409834,0.20470038667753754,78,0.0888602546212299,0.04937093081936375,0.16780361809877278,0.10785158052615976,0.00018904375610873103,1890437.5610873103
BT_deep,BT $k_p=10$,20,630957344480.1936,1000000000000.0,811374833420.0873,805036839760.0406,39,3.885188622409834,0.20470038667753754,56,0.07506407448334684,0.040117131100036924,0.14811964650898923,0.09317547192663612,0.00018904375610873103,1890437.5610873103
BT_deep,BT $k_p=10$,1,100000000.0,158489319.24611133,125361160.44494684,124247330.32263798,40,3.4410805658271224,0.22517042534529128,142019,0.5054118314278692,0.34151265005366827,0.7542426399674338,0.5841884028812412,0.00018904375610873103,1890437.5610873103
BT_deep,BT $k_p=10$,2,158489319.24611133,251188643.15095794,198494394.52885544,196703467.91109604,40,3.4410805658271224,0.22517042534529128,110284,0.449005610698286,0.27385459229612025,0.687101159617632,0.5184013625252749,0.00018904375610873103,1890437.5610873103
BT_deep,BT $k_p=10$,3,251188643.15095794,398107170.5534973,315030153.3374791,312289555.7426688,40,3.4410805658271224,0.22517042534529128,74274,0.41508480169101664,0.24016640710093987,0.6394915591891759,0.4740613390968667,0.00018904375610873103,1890437.5610873103
BT_deep,BT $k_p=10$,4,398107170.5534973,630957344.4801933,497849068.79371804,493537555.58441937,40,3.4410805658271224,0.22517042534529128,49370,0.3901245656529305,0.2205697667841396,0.6027800659726222,0.4432332277839113,0.00018904375610873103,1890437.5610873103
BT_deep,BT $k_p=10$,5,630957344.4801933,999999999.9999999,787736453.7668365,780896626.0718045,40,3.4410805658271224,0.22517042534529128,31817,0.3664081469881335,0.20626551990611752,0.5697755926093759,0.4141509468867978,0.00018904375610873103,1890437.5610873103
BT_deep,BT $k_p=10$,6,999999999.9999999,1584893192.461114,1247888711.38297,1237029494.3677778,40,3.4410805658271224,0.22517042534529128,20335,0.343572018062845,0.1904748394342075,0.5406572998740203,0.38890124782859614,0.00018904375610873103,1890437.5610873103
BT_deep,BT $k_p=10$,7,1584893192.461114,2511886431.5095806,1977253878.8020911,1960038162.6399794,40,3.4410805658271224,0.22517042534529128,12638,0.3198190417617198,0.17684201448016476,0.5070584979800272,0.35966774756238523,0.00018904375610873103,1890437.5610873103
BT_deep,BT $k_p=10$,8,2511886431.5095806,3981071705.534973,3132911817.1466436,3105884473.6366515,40,3.4410805658271224,0.22517042534529128,8010,0.29938063878665466,0.16229185641105706,0.48333248816021324,0.3373406035629374,0.00018904375610873103,1890437.5610873103
BT_deep,BT $k_p=10$,9,3981071705.534973,6309573444.801932,4968927965.642767,4925551825.706194,40,3.4410805658271224,0.22517042534529128,5173,0.27618738730125586,0.1510623857022676,0.4501917930544935,0.3138639299273192,0.00018904375610873103,1890437.5610873103
BT_deep,BT $k_p=10$,10,6309573444.801932,10000000000.0,7866051553.61648,7798869935.656048,40,3.4410805658271224,0.22517042534529128,3213,0.2573619049536741,0.13988896644273935,0.43312770476945195,0.2944684704082427,0.00018904375610873103,1890437.5610873103
BT_deep,BT $k_p=10$,11,10000000000.0,15848931924.611141,12494084307.781588,12380794653.277197,40,3.4410805658271224,0.22517042534529128,2085,0.2312323998337901,0.12387900971252255,0.39072429853668783,0.263987259348756,0.00018904375610873103,1890437.5610873103
BT_deep,BT $k_p=10$,12,15848931924.611141,25118864315.095818,19863292253.360806,19684969657.208244,40,3.4410805658271224,0.22517042534529128,1321,0.22107739122492417,0.11942439390955757,0.3669271416327565,0.2440288775758178,0.00018904375610873103,1890437.5610873103
BT_deep,BT $k_p=10$,13,25118864315.095818,39810717055.34974,31372948152.35601,31086366003.074753,40,3.4410805658271224,0.22517042534529128,859,0.1966314820280218,0.10046893401975245,0.33569517831132784,0.2262406402390916,0.00018904375610873103,1890437.5610873103
BT_deep,BT $k_p=10$,14,39810717055.34974,63095734448.01936,49775647407.155624,49363883333.5023,40,3.4410805658271224,0.22517042534529128,588,0.18384061917503253,0.08702713603266106,0.33025616654636486,0.20588959884255467,0.00018904375610873103,1890437.5610873103
BT_deep,BT $k_p=10$,15,63095734448.01936,100000000000.0,78627373803.37778,77954135289.88248,40,3.4410805658271224,0.22517042534529128,354,0.1651456537226852,0.08122186501710757,0.3028813003432932,0.19068673839859773,0.00018904375610873103,1890437.5610873103
BT_deep,BT $k_p=10$,16,100000000000.0,158489319246.11142,125282059219.513,124228499856.1424,40,3.4410805658271224,0.22517042534529128,277,0.16143881395014403,0.08682900131162963,0.25081117374810974,0.17773143270966155,0.00018904375610873103,1890437.5610873103
BT_deep,BT $k_p=10$,17,158489319246.11142,251188643150.9582,195931052520.86282,194330994267.51007,40,3.4410805658271224,0.22517042534529128,149,0.15195153344836876,0.07316281963985036,0.26427199924372796,0.17059020417024573,0.00018904375610873103,1890437.5610873103
BT_deep,BT $k_p=10$,18,251188643150.9582,398107170553.4973,310391045190.5204,307915247915.59863,40,3.4410805658271224,0.22517042534529128,102,0.138556878729622,0.0838822442471989,0.2624305445576784,0.17111383260880575,0.00018904375610873103,1890437.5610873103
BT_deep,BT $k_p=10$,19,398107170553.4973,630957344480.1936,499334279685.669,495263993725.6394,40,3.4410805658271224,0.22517042534529128,77,0.11179740214511574,0.06410163035459256,0.21680757203155787,0.13973435646928867,0.00018904375610873103,1890437.5610873103
BT_deep,BT $k_p=10$,20,630957344480.1936,1000000000000.0,814302071283.5148,807820126101.7301,40,3.4410805658271224,0.22517042534529128,56,0.10588461686292151,0.05693764628282311,0.19822081164725663,0.12406456495676245,0.00018904375610873103,1890437.5610873103
BT_deep,BT $k_p=10$,1,100000000.0,158489319.24611133,125111964.1000562,123999721.71733007,41,3.0373459689337468,0.24768746787982046,150856,0.5416548533142128,0.3621749284986656,0.7935354579145196,0.6175075185438272,0.00018904375610873103,1890437.5610873103
BT_deep,BT $k_p=10$,2,158489319.24611133,251188643.15095794,198306282.72852206,196516605.16572955,41,3.0373459689337468,0.24768746787982046,113064,0.493194816864409,0.3017808139958076,0.733389717366544,0.5597271185261774,0.00018904375610873103,1890437.5610873103
BT_deep,BT $k_p=10$,3,251188643.15095794,398107170.5534973,314892183.2156743,312151294.82196164,41,3.0373459689337468,0.24768746787982046,74804,0.46417371883136355,0.2732752752375914,0.6907662423023623,0.5200952125328222,0.00018904375610873103,1890437.5610873103
BT_deep,BT $k_p=10$,4,398107170.5534973,630957344.4801933,497776147.7012299,493462047.06877375,41,3.0373459689337468,0.24768746787982046,49442,0.4397537100999769,0.2561120856504924,0.6570831647311765,0.49257869525110376,0.00018904375610873103,1890437.5610873103
BT_deep,BT $k_p=10$,5,630957344.4801933,999999999.9999999,787777612.3180391,780939471.9142674,41,3.0373459689337468,0.24768746787982046,31781,0.41837279716983866,0.2426648906017424,0.6246738220291711,0.46495591081893106,0.00018904375610873103,1890437.5610873103
BT_deep,BT $k_p=10$,6,999999999.9999999,1584893192.461114,1247910468.3339329,1237053376.0476987,41,3.0373459689337468,0.24768746787982046,20314,0.3942971682175032,0.22597780674324397,0.5941443480364824,0.4384765404794665,0.00018904375610873103,1890437.5610873103
BT_deep,BT $k_p=10$,7,1584893192.461114,2511886431.5095806,1976982601.9927604,1959767858.3714542,41,3.0373459689337468,0.24768746787982046,12653,0.36893191673084846,0.2088749471735682,0.5627369664570625,0.41080568680170065,0.00018904375610873103,1890437.5610873103
BT_deep,BT $k_p=10$,8,2511886431.5095806,3981071705.534973,3132875411.5303116,3105821812.0532346,41,3.0373459689337468,0.24768746787982046,8000,0.34914203418969164,0.1964654715944599,0.5377609805253882,0.3854494605555125,0.00018904375610873103,1890437.5610873103
BT_deep,BT $k_p=10$,9,3981071705.534973,6309573444.801932,4969806076.252219,4926382244.441619,41,3.0373459689337468,0.24768746787982046,5169,0.3272583451568662,0.17890517059522273,0.5136698357366708,0.3627754856381657,0.00018904375610873103,1890437.5610873103
BT_deep,BT $k_p=10$,10,6309573444.801932,10000000000.0,7865820880.660735,7798715291.387737,41,3.0373459689337468,0.24768746787982046,3214,0.30501764582821467,0.17189776255326822,0.49223257934449877,0.34093119501806807,0.00018904375610873103,1890437.5610873103
BT_deep,BT $k_p=10$,11,10000000000.0,15848931924.611141,12489775947.823269,12376247744.856579,41,3.0373459689337468,0.24768746787982046,2081,0.27818976389247163,0.15168071917797615,0.4507904513986789,0.3087806329925708,0.00018904375610873103,1890437.5610873103
BT_deep,BT $k_p=10$,12,15848931924.611141,25118864315.095818,19858423018.958096,19680164642.182236,41,3.0373459689337468,0.24768746787982046,1316,0.2672155934351965,0.14792968242277849,0.42379329919070363,0.29050920922627843,0.00018904375610873103,1890437.5610873103
BT_deep,BT $k_p=10$,13,25118864315.095818,39810717055.34974,31377481920.055122,31090687486.788315,41,3.0373459689337468,0.24768746787982046,864,0.24124306020508038,0.1282800149548443,0.3938508741441654,0.27170082161810716,0.00018904375610873103,1890437.5610873103
BT_deep,BT $k_p=10$,14,39810717055.34974,63095734448.01936,49729208281.21915,49317957230.19888,41,3.0373459689337468,0.24768746787982046,589,0.22972575786669885,0.1147293575063283,0.3735166465426942,0.25083724037497085,0.00018904375610873103,1890437.5610873103
BT_deep,BT $k_p=10$,15,63095734448.01936,100000000000.0,78583865081.506,77911061828.26282,41,3.0373459689337468,0.24768746787982046,356,0.21189940584881234,0.10256981133152855,0.35356275426146366,0.231685199992094,0.00018904375610873103,1890437.5610873103
BT_deep,BT $k_p=10$,16,100000000000.0,158489319246.11142,125198610266.16808,124140796037.14012,41,3.0373459689337468,0.24768746787982046,278,0.19950505420531742,0.10850218603814846,0.31486901858465083,0.21672508457718126,0.00018904375610873103,1890437.5610873103
BT_deep,BT $k_p=10$,17,158489319246.11142,251188643150.9582,195931052520.86282,194330994267.51007,41,3.0373459689337468,0.24768746787982046,149,0.18579074617262029,0.10016585052913268,0.32548985259172664,0.21012695837179857,0.00018904375610873103,1890437.5610873103
BT_deep,BT $k_p=10$,18,251188643150.9582,398107170553.4973,310418915835.77167,307966714230.8196,41,3.0373459689337468,0.24768746787982046,103,0.17494729318689647,0.10166048649617374,0.2938562832905807,0.20846624997430416,0.00018904375610873103,1890437.5610873103
BT_deep,BT $k_p=10$,19,398107170553.4973,630957344480.1936,499334279685.669,495263993725.6394,41,3.0373459689337468,0.24768746787982046,77,0.14120946611861304,0.08334198862856143,0.25318730077394885,0.17141877592606938,0.00018904375610873103,1890437.5610873103
BT_deep,BT $k_p=10$,20,630957344480.1936,1000000000000.0,815402369471.5876,808837611341.4436,41,3.0373459689337468,0.24768746787982046,55,0.13929821319077973,0.07872421965438106,0.2364542072452654,0.1564198163989195,0.00018904375610873103,1890437.5610873103
BT_deep,BT $k_p=10$,1,100000000.0,158489319.24611133,124938844.68292236,123828979.05737159,42,2.670314517212497,0.2724562146678025,157392,0.5817564416109411,0.3867568274993153,0.8341738837066693,0.6534987604946386,0.00018904375610873103,1890437.5610873103
BT_deep,BT $k_p=10$,2,158489319.24611133,251188643.15095794,198192704.65925568,196402897.90382996,42,2.670314517212497,0.2724562146678025,114707,0.5426742363101796,0.3342783516516196,0.7805246627033473,0.6037548954383704,0.00018904375610873103,1890437.5610873103
BT_deep,BT $k_p=10$,3,251188643.15095794,398107170.5534973,314842492.41827095,312102381.4170209,42,2.670314517212497,0.2724562146678025,75082,0.5149468090030599,0.30833373636425254,0.7429392602231736,0.5673400298582237,0.00018904375610873103,1890437.5610873103
BT_deep,BT $k_p=10$,4,398107170.5534973,630957344.4801933,497698676.16787565,493384029.9192367,42,2.670314517212497,0.2724562146678025,49424,0.49175240321261704,0.29431748825699383,0.7084763750900133,0.5420938245134802,0.00018904375610873103,1890437.5610873103
BT_deep,BT $k_p=10$,5,630957344.4801933,999999999.9999999,787739160.1746174,780900393.5555573,42,2.670314517212497,0.2724562146678025,31745,0.47114144266876085,0.2806354392505107,0.6759883701556103,0.5157748183064977,0.00018904375610873103,1890437.5610873103
BT_deep,BT $k_p=10$,6,999999999.9999999,1584893192.461114,1247896641.2409587,1237042696.7539723,42,2.670314517212497,0.2724562146678025,20302,0.44656593195936545,0.2619801099935966,0.6457528252277405,0.48812710985097224,0.00018904375610873103,1890437.5610873103
BT_deep,BT $k_p=10$,7,1584893192.461114,2511886431.5095806,1977337752.1495063,1960135744.9735801,42,2.670314517212497,0.2724562146678025,12635,0.42264246007561784,0.24498197883592482,0.618222975954168,0.46177206985339436,0.00018904375610873103,1890437.5610873103
BT_deep,BT $k_p=10$,8,2511886431.5095806,3981071705.534973,3132703779.521451,3105684831.0877466,42,2.670314517212497,0.2724562146678025,7985,0.40180819480420615,0.23374330765745363,0.5955174408082796,0.4382032567282445,0.00018904375610873103,1890437.5610873103
BT_deep,BT $k_p=10$,9,3981071705.534973,6309573444.801932,4969510830.367848,4926049829.940573,42,2.670314517212497,0.2724562146678025,5180,0.3776986102932246,0.21159498550580916,0.5713696691528508,0.41643081405778276,0.00018904375610873103,1890437.5610873103
BT_deep,BT $k_p=10$,10,6309573444.801932,10000000000.0,7864396627.817872,7797430970.526886,42,2.670314517212497,0.2724562146678025,3204,0.35742220570101846,0.2059709616105222,0.5440697817927729,0.39038422880858203,0.00018904375610873103,1890437.5610873103
BT_deep,BT $k_p=10$,11,10000000000.0,15848931924.611141,12489233520.777794,12375936925.293219,42,2.670314517212497,0.2724562146678025,2085,0.32739667281270807,0.18009463937430695,0.5067426886764023,0.35872720956524284,0.00018904375610873103,1890437.5610873103
BT_deep,BT $k_p=10$,12,15848931924.611141,25118864315.095818,19863202825.471237,19684437142.4723,42,2.670314517212497,0.2724562146678025,1317,0.31820902019362807,0.171859276177718,0.48415508470908847,0.33765377227953464,0.00018904375610873103,1890437.5610873103
BT_deep,BT $k_p=10$,13,25118864315.095818,39810717055.34974,31361031086.985897,31072691785.21512,42,2.670314517212497,0.2724562146678025,863,0.294208903821125,0.1600977821118619,0.45669105650463737,0.3203741525938731,0.00018904375610873103,1890437.5610873103
BT_deep,BT $k_p=10$,14,39810717055.34974,63095734448.01936,49783950737.9532,49371168281.14744,42,2.670314517212497,0.2724562146678025,589,0.2815417864334777,0.15095989443734956,0.4437884114288969,0.3014888890326799,0.00018904375610873103,1890437.5610873103
BT_deep,BT $k_p=10$,15,63095734448.01936,100000000000.0,78603023465.40816,77926636215.52646,42,2.670314517212497,0.2724562146678025,356,0.254912765314399,0.13128633684778424,0.4075138927788925,0.2812022149340651,0.00018904375610873103,1890437.5610873103
BT_deep,BT $k_p=10$,16,100000000000.0,158489319246.11142,125198610266.16808,124140796037.14012,42,2.670314517212497,0.2724562146678025,278,0.24870169343396875,0.136452407277032,0.36890086399918276,0.25917663616830844,0.00018904375610873103,1890437.5610873103
BT_deep,BT $k_p=10$,17,158489319246.11142,251188643150.9582,195931052520.86282,194330994267.51007,42,2.670314517212497,0.2724562146678025,149,0.2388692110442073,0.12307547495314618,0.3730903547441313,0.24792966205023786,0.00018904375610873103,1890437.5610873103
BT_deep,BT $k_p=10$,18,251188643150.9582,398107170553.4973,310793732668.3133,308339821860.1094,42,2.670314517212497,0.2724562146678025,102,0.2230668575448919,0.1314841696977997,0.3771290527121493,0.2533162510056835,0.00018904375610873103,1890437.5610873103
BT_deep,BT $k_p=10$,19,398107170553.4973,630957344480.1936,499319086223.24493,495248873692.0267,42,2.670314517212497,0.2724562146678025,77,0.198739021283098,0.10484346083818313,0.3132395078280369,0.2159922785582697,0.00018904375610873103,1890437.5610873103
BT_deep,BT $k_p=10$,20,630957344480.1936,1000000000000.0,814918501077.9415,808327520299.7693,42,2.670314517212497,0.2724562146678025,55,0.20388824559172664,0.09775709880417176,0.2922856500592335,0.20654378716629768,0.00018904375610873103,1890437.5610873103
BT_deep,BT $k_p=10$,1,100000000.0,158489319.24611133,124779216.77727596,123670096.74941275,43,2.3366495611022704,0.29970183613458273,162171,0.6210884180655307,0.4142350223596407,0.870771103481724,0.6883856084555807,0.00018904375610873103,1890437.5610873103
BT_deep,BT $k_p=10$,2,158489319.24611133,251188643.15095794,198063694.45986888,196275897.48139697,43,2.3366495611022704,0.29970183613458273,115733,0.5896815646091117,0.36959149256608814,0.8263297763939552,0.6451797542504502,0.00018904375610873103,1890437.5610873103
BT_deep,BT $k_p=10$,3,251188643.15095794,398107170.5534973,314819658.9494279,312079429.7212339,43,2.3366495611022704,0.29970183613458273,75021,0.564469042787687,0.34825608393695323,0.7896914670624718,0.6139770533321994,0.00018904375610873103,1890437.5610873103
BT_deep,BT $k_p=10$,4,398107170.5534973,630957344.4801933,497722991.7352211,493405128.3598478,43,2.3366495611022704,0.29970183613458273,49285,0.5430651278836236,0.33558145186793725,0.7559595016599654,0.5887083685532775,0.00018904375610873103,1890437.5610873103
BT_deep,BT $k_p=10$,5,630957344.4801933,999999999.9999999,787729271.4575775,780892175.9379872,43,2.3366495611022704,0.29970183613458273,31708,0.5227398821161909,0.3198463797175085,0.7269636896510642,0.5656011755521317,0.00018904375610873103,1890437.5610873103
BT_deep,BT $k_p=10$,6,999999999.9999999,1584893192.461114,1248082028.1507778,1237219370.7593036,43,2.3366495611022704,0.29970183613458273,20259,0.5000702684174725,0.3038362961175407,0.6957220492946815,0.5397274707619193,0.00018904375610873103,1890437.5610873103
BT_deep,BT $k_p=10$,7,1584893192.461114,2511886431.5095806,1977400265.0863094,1960193588.482368,43,2.3366495611022704,0.29970183613458273,12614,0.4756363955897206,0.28635740083802563,0.6727093534996177,0.5120662295235804,0.00018904375610873103,1890437.5610873103
BT_deep,BT $k_p=10$,8,2511886431.5095806,3981071705.534973,3132885427.547963,3105789792.57646,43,2.3366495611022704,0.29970183613458273,7991,0.4549824898621882,0.27369292657896704,0.6495555478036215,0.4890071834200647,0.00018904375610873103,1890437.5610873103
BT_deep,BT $k_p=10$,9,3981071705.534973,6309573444.801932,4969675455.842438,4926324706.264492,43,2.3366495611022704,0.29970183613458273,5169,0.4338492986716225,0.248590675442569,0.6267224760900381,0.4652411212451478,0.00018904375610873103,1890437.5610873103
BT_deep,BT $k_p=10$,10,6309573444.801932,10000000000.0,7867093096.440356,7799912472.620797,43,2.3366495611022704,0.29970183613458273,3206,0.40993629909936335,0.24322930399824275,0.5984157136550853,0.44326098225475125,0.00018904375610873103,1890437.5610873103
BT_deep,BT $k_p=10$,11,10000000000.0,15848931924.611141,12487405414.3018,12374180607.091316,43,2.3366495611022704,0.29970183613458273,2086,0.38011652359574843,0.21694377610018986,0.5619230661047274,0.4086990727282984,0.00018904375610873103,1890437.5610873103
BT_deep,BT $k_p=10$,12,15848931924.611141,25118864315.095818,19860559806.327717,19681815205.533344,43,2.3366495611022704,0.29970183613458273,1320,0.3707194459520699,0.21262248068487707,0.546221710501187,0.3901500404891215,0.00018904375610873103,1890437.5610873103
BT_deep,BT $k_p=10$,13,25118864315.095818,39810717055.34974,31365094992.092804,31076875295.80263,43,2.3366495611022704,0.29970183613458273,860,0.3489190594233458,0.20045573555034554,0.5221775797027143,0.37016327182661013,0.00018904375610873103,1890437.5610873103
BT_deep,BT $k_p=10$,14,39810717055.34974,63095734448.01936,49772531637.02571,49359811424.53397,43,2.3366495611022704,0.29970183613458273,589,0.3415702973752935,0.1945594703076603,0.5000341138478732,0.3561181607601932,0.00018904375610873103,1890437.5610873103
BT_deep,BT $k_p=10$,15,63095734448.01936,100000000000.0,78657407569.84952,77977215812.59001,43,2.3366495611022704,0.29970183613458273,353,0.30284247683765364,0.17353842718342968,0.4595493803261469,0.33051414271341667,0.00018904375610873103,1890437.5610873103
BT_deep,BT $k_p=10$,16,100000000000.0,158489319246.11142,125256706242.60106,124198665522.63664,43,2.3366495611022704,0.29970183613458273,277,0.29777113309419745,0.16634957614025647,0.42194731355319814,0.302022813022064,0.00018904375610873103,1890437.5610873103
BT_deep,BT $k_p=10$,17,158489319246.11142,251188643150.9582,195931052520.86282,194330994267.51007,43,2.3366495611022704,0.29970183613458273,149,0.28832606141263806,0.16552962188498846,0.4305397729559396,0.2962172926609336,0.00018904375610873103,1890437.5610873103
BT_deep,BT $k_p=10$,18,251188643150.9582,398107170553.4973,310418915835.77167,307966714230.8196,43,2.3366495611022704,0.29970183613458273,103,0.27469018759729663,0.16787915417828367,0.4283677238367969,0.2987078107360518,0.00018904375610873103,1890437.5610873103
BT_deep,BT $k_p=10$,19,398107170553.4973,630957344480.1936,499305338587.142,495287193889.3631,43,2.3366495611022704,0.29970183613458273,78,0.24578052503429246,0.14628091752317443,0.35455028225215707,0.259342180529734,0.00018904375610873103,1890437.5610873103
BT_deep,BT $k_p=10$,20,630957344480.1936,1000000000000.0,815477836464.6941,808927916793.4615,43,2.3366495611022704,0.29970183613458273,55,0.24375478830612865,0.14114281541476573,0.34213088845234507,0.24973804057220755,0.00018904375610873103,1890437.5610873103
BT_deep,BT $k_p=10$,1,100000000.0,158489319.24611133,124652366.9153655,123543494.49067411,44,2.0333177828202462,0.32967201974804095,165532,0.6610776346432208,0.4459609789129483,0.9060813029298873,0.7228578868074228,0.00018904375610873103,1890437.5610873103
BT_deep,BT $k_p=10$,2,158489319.24611133,251188643.15095794,197987274.71397844,196199642.50268805,44,2.0333177828202462,0.32967201974804095,116007,0.6354666155666474,0.40919847938719245,0.8656570646368483,0.6859244302570571,0.00018904375610873103,1890437.5610873103
BT_deep,BT $k_p=10$,3,251188643.15095794,398107170.5534973,314736899.150389,311997385.7473507,44,2.0333177828202462,0.32967201974804095,74941,0.61412604853812,0.3905050683035502,0.8325970165475287,0.6588399783262687,0.00018904375610873103,1890437.5610873103
BT_deep,BT $k_p=10$,4,398107170.5534973,630957344.4801933,497678046.2402788,493364134.9045787,44,2.0333177828202462,0.32967201974804095,49170,0.5940792868610171,0.37797599663042136,0.8012618970454201,0.6362429884227037,0.00018904375610873103,1890437.5610873103
BT_deep,BT $k_p=10$,5,630957344.4801933,999999999.9999999,787715463.9371771,780879770.2577715,44,2.0333177828202462,0.32967201974804095,31614,0.5744505186018912,0.36100893048178684,0.7714824770480032,0.6099496510260476,0.00018904375610873103,1890437.5610873103
BT_deep,BT $k_p=10$,6,999999999.9999999,1584893192.461114,1248230016.1245143,1237368196.752614,44,2.0333177828202462,0.32967201974804095,20191,0.5535644726450076,0.34635829802188073,0.743137795954149,0.5886262109702687,0.00018904375610873103,1890437.5610873103
BT_deep,BT $k_p=10$,7,1584893192.461114,2511886431.5095806,1977220012.299025,1960009373.0171084,44,2.0333177828202462,0.32967201974804095,12598,0.5336928885056355,0.3260935828919304,0.7209582396466071,0.5616567697990525,0.00018904375610873103,1890437.5610873103
BT_deep,BT $k_p=10$,8,2511886431.5095806,3981071705.534973,3133712566.926424,3106620328.0554385,44,2.0333177828202462,0.32967201974804095,7984,0.5097378014011492,0.31331019004185773,0.70138138610491,0.5426351300612712,0.00018904375610873103,1890437.5610873103
BT_deep,BT $k_p=10$,9,3981071705.534973,6309573444.801932,4971378967.69522,4927907983.52218,44,2.0333177828202462,0.32967201974804095,5154,0.48991894221123666,0.29277869070662593,0.6766747036962948,0.5178796337991182,0.00018904375610873103,1890437.5610873103
BT_deep,BT $k_p=10$,10,6309573444.801932,10000000000.0,7866488482.752665,7799359620.546168,44,2.0333177828202462,0.32967201974804095,3202,0.46460646385312077,0.27847490904879507,0.6545703572289698,0.49544173722123486,0.00018904375610873103,1890437.5610873103
BT_deep,BT $k_p=10$,11,10000000000.0,15848931924.611141,12488660641.860678,12375315077.40737,44,2.0333177828202462,0.32967201974804095,2081,0.4418532231528823,0.2583072782667386,0.621113440361806,0.46378808408190714,0.00018904375610873103,1890437.5610873103
BT_deep,BT $k_p=10$,12,15848931924.611141,25118864315.095818,19856443319.600353,19677082111.762913,44,2.0333177828202462,0.32967201974804095,1316,0.4235948778897939,0.25191537766585603,0.6047720468369593,0.44228151077203426,0.00018904375610873103,1890437.5610873103
BT_deep,BT $k_p=10$,13,25118864315.095818,39810717055.34974,31373465590.829395,31086113146.489075,44,2.0333177828202462,0.32967201974804095,857,0.40161842714854706,0.24225148032388474,0.571569458049009,0.4246588806067824,0.00018904375610873103,1890437.5610873103
BT_deep,BT $k_p=10$,14,39810717055.34974,63095734448.01936,49776728811.56744,49362585170.50901,44,2.0333177828202462,0.32967201974804095,590,0.3913824017176144,0.23213065636010405,0.5483791649078927,0.4064206953453424,0.00018904375610873103,1890437.5610873103
BT_deep,BT $k_p=10$,15,63095734448.01936,100000000000.0,78603023465.40816,77926636215.52646,44,2.0333177828202462,0.32967201974804095,356,0.3600901641419505,0.21040090063688427,0.5433545889879453,0.391947370391348,0.00018904375610873103,1890437.5610873103
BT_deep,BT $k_p=10$,16,100000000000.0,158489319246.11142,125198610266.16808,124140796037.14012,44,2.0333177828202462,0.32967201974804095,278,0.3338109865143933,0.2016415249595026,0.47819963844027996,0.3468759100388851,0.00018904375610873103,1890437.5610873103
BT_deep,BT $k_p=10$,17,158489319246.11142,251188643150.9582,195931052520.86282,194330994267.51007,44,2.0333177828202462,0.32967201974804095,149,0.335313202339239,0.19040676650219704,0.48645932329744035,0.3443547355323668,0.00018904375610873103,1890437.5610873103
BT_deep,BT $k_p=10$,18,251188643150.9582,398107170553.4973,310052531203.2582,307599765531.93274,44,2.0333177828202462,0.32967201974804095,102,0.3342339094608915,0.18765002169592535,0.46718385681177826,0.3379737491045184,0.00018904375610873103,1890437.5610873103
BT_deep,BT $k_p=10$,19,398107170553.4973,630957344480.1936,499126389952.1748,495193035749.9143,44,2.0333177828202462,0.32967201974804095,75,0.2952649478969558,0.17697867100468917,0.4574522506077418,0.31314803504634564,0.00018904375610873103,1890437.5610873103
BT_deep,BT $k_p=10$,20,630957344480.1936,1000000000000.0,814095171722.2206,807604379530.4584,44,2.0333177828202462,0.32967201974804095,56,0.2871992568396635,0.17869978560202623,0.4028621200039984,0.2976934161817716,0.00018904375610873103,1890437.5610873103
BT_deep,BT $k_p=10$,1,100000000.0,158489319.24611133,124558855.2117984,123450654.25055332,45,1.7575616207456761,0.36263922172284535,167557,0.7037957350367878,0.48057525078430824,0.9370492741776838,0.7571490396267189,0.00018904375610873103,1890437.5610873103
BT_deep,BT $k_p=10$,2,158489319.24611133,251188643.15095794,197966935.9469559,196179584.88507602,45,1.7575616207456761,0.36263922172284535,116083,0.6800798359974866,0.45067437282199774,0.9015075345262136,0.725422741668412,0.00018904375610873103,1890437.5610873103
BT_deep,BT $k_p=10$,3,251188643.15095794,398107170.5534973,314771495.0431181,312029642.57973725,45,1.7575616207456761,0.36263922172284535,74676,0.6605661453997763,0.4352025695704934,0.8719786920444762,0.7005536565367854,0.00018904375610873103,1890437.5610873103
BT_deep,BT $k_p=10$,4,398107170.5534973,630957344.4801933,497631682.3345382,493316199.1774745,45,1.7575616207456761,0.36263922172284535,49002,0.6420902593451576,0.4223888527998973,0.840341458861706,0.6818480155214913,0.00018904375610873103,1890437.5610873103
BT_deep,BT $k_p=10$,5,630957344.4801933,999999999.9999999,787618715.409667,780783892.0158771,45,1.7575616207456761,0.36263922172284535,31497,0.6236447433983682,0.4069887558948654,0.8157754028704831,0.6581008128287398,0.00018904375610873103,1890437.5610873103
BT_deep,BT $k_p=10$,6,999999999.9999999,1584893192.461114,1248183744.7150836,1237319982.4630656,45,1.7575616207456761,0.36263922172284535,20138,0.6063322241469824,0.391661263207749,0.7892020281194578,0.63798695644167,0.00018904375610873103,1890437.5610873103
BT_deep,BT $k_p=10$,7,1584893192.461114,2511886431.5095806,1977297442.8275695,1960094120.3446116,45,1.7575616207456761,0.36263922172284535,12542,0.5865168512213523,0.37439561391248954,0.7651820983469325,0.6134076688621565,0.00018904375610873103,1890437.5610873103
BT_deep,BT $k_p=10$,8,2511886431.5095806,3981071705.534973,3133015126.5698056,3105967670.1814365,45,1.7575616207456761,0.36263922172284535,7969,0.56530874863187,0.35888975854506566,0.7478198532983382,0.5900819438583816,0.00018904375610873103,1890437.5610873103
BT_deep,BT $k_p=10$,9,3981071705.534973,6309573444.801932,4970880874.207107,4927426922.503783,45,1.7575616207456761,0.36263922172284535,5156,0.5463850259549954,0.34066846345960927,0.7236505649535797,0.5729363233010993,0.00018904375610873103,1890437.5610873103
BT_deep,BT $k_p=10$,10,6309573444.801932,10000000000.0,7867899330.711966,7800726695.681804,45,1.7575616207456761,0.36263922172284535,3191,0.5198981826316519,0.32069971429245353,0.7032238183852727,0.5465126002669239,0.00018904375610873103,1890437.5610873103
BT_deep,BT $k_p=10$,11,10000000000.0,15848931924.611141,12484448978.31647,12371420072.20719,45,1.7575616207456761,0.36263922172284535,2080,0.4969002069657047,0.30134869126235764,0.670457371925054,0.5147549325042614,0.00018904375610873103,1890437.5610873103
BT_deep,BT $k_p=10$,12,15848931924.611141,25118864315.095818,19864509631.127064,19685468748.58227,45,1.7575616207456761,0.36263922172284535,1322,0.48246717025544017,0.2957370919872887,0.649257486027269,0.49514530504393284,0.00018904375610873103,1890437.5610873103
BT_deep,BT $k_p=10$,13,25118864315.095818,39810717055.34974,31343806535.469215,31058235915.56238,45,1.7575616207456761,0.36263922172284535,859,0.4645212224606411,0.2949132962173017,0.6377448403614863,0.48041271061062774,0.00018904375610873103,1890437.5610873103
BT_deep,BT $k_p=10$,14,39810717055.34974,63095734448.01936,49763025184.45106,49350861320.52516,45,1.7575616207456761,0.36263922172284535,593,0.4478200667616612,0.2757035326715259,0.6030060701126144,0.4619311139760731,0.00018904375610873103,1890437.5610873103
BT_deep,BT $k_p=10$,15,63095734448.01936,100000000000.0,78659862783.19093,77978499275.8762,45,1.7575616207456761,0.36263922172284535,355,0.4166166619851982,0.2570210430700047,0.6058236515752401,0.4499294994079989,0.00018904375610873103,1890437.5610873103
BT_deep,BT $k_p=10$,16,100000000000.0,158489319246.11142,125198610266.16808,124140796037.14012,45,1.7575616207456761,0.36263922172284535,278,0.4050890121799404,0.2448088218754867,0.5481067589687041,0.4028392522816643,0.00018904375610873103,1890437.5610873103
BT_deep,BT $k_p=10$,17,158489319246.11142,251188643150.9582,195931052520.86282,194330994267.51007,45,1.7575616207456761,0.36263922172284535,149,0.4045284363684382,0.2223930230955617,0.5759734268130229,0.40338807035518476,0.00018904375610873103,1890437.5610873103
BT_deep,BT $k_p=10$,18,251188643150.9582,398107170553.4973,309992109548.802,307516226999.573,45,1.7575616207456761,0.36263922172284535,101,0.41620313952398297,0.2622970207589269,0.5375072023666514,0.40411437987012305,0.00018904375610873103,1890437.5610873103
BT_deep,BT $k_p=10$,19,398107170553.4973,630957344480.1936,500452393034.5267,496488839515.2079,45,1.7575616207456761,0.36263922172284535,77,0.3584214028938605,0.21999682228114056,0.5171027773437499,0.37276672811324724,0.00018904375610873103,1890437.5610873103
BT_deep,BT $k_p=10$,20,630957344480.1936,1000000000000.0,813504000860.2524,807119003483.0354,45,1.7575616207456761,0.36263922172284535,57,0.3564874267726274,0.2192069954024842,0.4703896480385991,0.3566497184075409,0.00018904375610873103,1890437.5610873103
BT_deep,BT $k_p=10$,1,100000000.0,158489319.24611133,124490391.68581434,123382141.17809927,46,1.506874200677888,0.3989031438951298,168500,0.7416941004780915,0.5216187615401191,0.9654006852511039,0.7902149526898131,0.00018904375610873103,1890437.5610873103
BT_deep,BT $k_p=10$,2,158489319.24611133,251188643.15095794,197952836.75394043,196164642.29984197,46,1.506874200677888,0.3989031438951298,115783,0.7218038989846537,0.49303498404106644,0.9326873920370392,0.7610694826683917,0.00018904375610873103,1890437.5610873103
BT_deep,BT $k_p=10$,3,251188643.15095794,398107170.5534973,314746377.93505657,312006287.23577845,46,1.506874200677888,0.3989031438951298,74408,0.7039202183956306,0.47997966428999456,0.9041045497608562,0.7403277105750631,0.00018904375610873103,1890437.5610873103
BT_deep,BT $k_p=10$,4,398107170.5534973,630957344.4801933,497635812.8186716,493318161.1696341,46,1.506874200677888,0.3989031438951298,48775,0.6894501552814752,0.46919048772487804,0.8767586842195901,0.7227617629385812,0.00018904375610873103,1890437.5610873103
BT_deep,BT $k_p=10$,5,630957344.4801933,999999999.9999999,787730578.9077634,780889091.7096659,46,1.506874200677888,0.3989031438951298,31384,0.6715479670739151,0.4541159310903666,0.8565662053292368,0.7033566288131957,0.00018904375610873103,1890437.5610873103
BT_deep,BT $k_p=10$,6,999999999.9999999,1584893192.461114,1247924562.8660424,1237062881.1618478,46,1.506874200677888,0.3989031438951298,20059,0.6548843504941093,0.4396441014817815,0.8290902813316194,0.684416714792951,0.00018904375610873103,1890437.5610873103
BT_deep,BT $k_p=10$,7,1584893192.461114,2511886431.5095806,1977206662.3736374,1960026170.1550143,46,1.506874200677888,0.3989031438951298,12487,0.6376531021961767,0.42308798951473775,0.8118215601101754,0.6631023671801299,0.00018904375610873103,1890437.5610873103
BT_deep,BT $k_p=10$,8,2511886431.5095806,3981071705.534973,3133292876.198838,3106273149.685461,46,1.506874200677888,0.3989031438951298,7947,0.6192411836432238,0.4090832614311086,0.794212644703516,0.6398970415247096,0.00018904375610873103,1890437.5610873103
BT_deep,BT $k_p=10$,9,3981071705.534973,6309573444.801932,4970878884.580423,4927429836.243617,46,1.506874200677888,0.3989031438951298,5133,0.5988810873756174,0.3882799782982975,0.7682986678763424,0.6197430735386178,0.00018904375610873103,1890437.5610873103
BT_deep,BT $k_p=10$,10,6309573444.801932,10000000000.0,7868136310.364445,7800886034.069294,46,1.506874200677888,0.3989031438951298,3184,0.5810839251657737,0.37018026235344403,0.7502894884879753,0.5998925809158345,0.00018904375610873103,1890437.5610873103
BT_deep,BT $k_p=10$,11,10000000000.0,15848931924.611141,12493287532.446455,12380292639.511232,46,1.506874200677888,0.3989031438951298,2078,0.5572061852988712,0.3462878195557971,0.7236658408144298,0.571773289878545,0.00018904375610873103,1890437.5610873103
BT_deep,BT $k_p=10$,12,15848931924.611141,25118864315.095818,19866845404.870823,19687811083.32408,46,1.506874200677888,0.3989031438951298,1315,0.5393402629697678,0.33475533467142077,0.7066377613232926,0.5525622294928753,0.00018904375610873103,1890437.5610873103
BT_deep,BT $k_p=10$,13,25118864315.095818,39810717055.34974,31351723845.267197,31064656983.160408,46,1.506874200677888,0.3989031438951298,854,0.5155927521109578,0.33134399906183293,0.6900568423476572,0.5398819159674005,0.00018904375610873103,1890437.5610873103
BT_deep,BT $k_p=10$,14,39810717055.34974,63095734448.01936,49789369937.46009,49376099046.498634,46,1.506874200677888,0.3989031438951298,591,0.5085132147187474,0.33864184969631617,0.6630514333255839,0.5150542748620084,0.00018904375610873103,1890437.5610873103
BT_deep,BT $k_p=10$,15,63095734448.01936,100000000000.0,78641894198.01685,77964020110.88501,46,1.506874200677888,0.3989031438951298,357,0.4945395849468942,0.28841238384721535,0.660164292175204,0.5182855896570704,0.00018904375610873103,1890437.5610873103
BT_deep,BT $k_p=10$,16,100000000000.0,158489319246.11142,125198610266.16808,124140796037.14012,46,1.506874200677888,0.3989031438951298,278,0.4698909579918548,0.2911574883643176,0.6091218648398202,0.4640443122489847,0.00018904375610873103,1890437.5610873103
BT_deep,BT $k_p=10$,17,158489319246.11142,251188643150.9582,196115783490.0066,194501048277.50705,46,1.506874200677888,0.3989031438951298,147,0.4649826100732057,0.26290972432447524,0.6504596928682556,0.4633153733476721,0.00018904375610873103,1890437.5610873103
BT_deep,BT $k_p=10$,18,251188643150.9582,398107170553.4973,310418915835.77167,307966714230.8196,46,1.506874200677888,0.3989031438951298,103,0.47731962063662103,0.2883415176230463,0.614351606004615,0.4641271494523624,0.00018904375610873103,1890437.5610873103
BT_deep,BT $k_p=10$,19,398107170553.4973,630957344480.1936,499305338587.142,495287193889.3631,46,1.506874200677888,0.3989031438951298,78,0.4019206650740887,0.25761816362415196,0.564882384072944,0.41576861621438554,0.00018904375610873103,1890437.5610873103
BT_deep,BT $k_p=10$,20,630957344480.1936,1000000000000.0,813504000860.2524,807119003483.0354,46,1.506874200677888,0.3989031438951298,57,0.3946931594909571,0.2707567724102962,0.5518572949192201,0.4100027230006887,0.00018904375610873103,1890437.5610873103
BT_deep,BT $k_p=10$,1,100000000.0,158489319.24611133,124422007.19817442,123313959.95280387,47,1.2789765460708074,0.4387934582846427,168743,0.7785934789931264,0.5627864847115095,0.9866220669757997,0.8215345547610787,0.00018904375610873103,1890437.5610873103
BT_deep,BT $k_p=10$,2,158489319.24611133,251188643.15095794,197923828.25899923,196135666.13391122,47,1.2789765460708074,0.4387934582846427,115474,0.7611957545872979,0.5429423196069045,0.9600346911675736,0.7977060914109151,0.00018904375610873103,1890437.5610873103
BT_deep,BT $k_p=10$,3,251188643.15095794,398107170.5534973,314720383.5328357,311980223.6321636,47,1.2789765460708074,0.4387934582846427,73968,0.7464069874831516,0.5288042734912789,0.9322446985025451,0.7779290651102184,0.00018904375610873103,1890437.5610873103
BT_deep,BT $k_p=10$,4,398107170.5534973,630957344.4801933,497649553.82997113,493332905.0957935,47,1.2789765460708074,0.4387934582846427,48505,0.7319863869437223,0.5184320664245351,0.9099094531223151,0.761121531515561,0.00018904375610873103,1890437.5610873103
BT_deep,BT $k_p=10$,5,630957344.4801933,999999999.9999999,787751800.0993495,780915613.1382337,47,1.2789765460708074,0.4387934582846427,31221,0.7164696396418256,0.5062812705801409,0.8918768686209539,0.7440593831709358,0.00018904375610873103,1890437.5610873103
BT_deep,BT $k_p=10$,6,999999999.9999999,1584893192.461114,1248008813.6671777,1237155203.735696,47,1.2789765460708074,0.4387934582846427,19972,0.7020772271396089,0.4907360842290686,0.8696664775007491,0.7268617820427332,0.00018904375610873103,1890437.5610873103
BT_deep,BT $k_p=10$,7,1584893192.461114,2511886431.5095806,1977896489.5973997,1960668536.5909488,47,1.2789765460708074,0.4387934582846427,12441,0.6843702912822672,0.4704517458582171,0.8494154036642964,0.7047034194420297,0.00018904375610873103,1890437.5610873103
BT_deep,BT $k_p=10$,8,2511886431.5095806,3981071705.534973,3134022872.8854966,3106915942.165629,47,1.2789765460708074,0.4387934582846427,7911,0.6712066078177225,0.45779478667409346,0.8324111860241103,0.6885853835863704,0.00018904375610873103,1890437.5610873103
BT_deep,BT $k_p=10$,9,3981071705.534973,6309573444.801932,4969780050.830741,4926364708.192202,47,1.2789765460708074,0.4387934582846427,5107,0.6520707773778233,0.43616777581642946,0.8106294437718691,0.6689703361620197,0.00018904375610873103,1890437.5610873103
BT_deep,BT $k_p=10$,10,6309573444.801932,10000000000.0,7869528335.209876,7802310892.731357,47,1.2789765460708074,0.4387934582846427,3169,0.6359457562478226,0.41931850385903524,0.7973637000090923,0.6528915561536791,0.00018904375610873103,1890437.5610873103
BT_deep,BT $k_p=10$,11,10000000000.0,15848931924.611141,12486270009.83386,12373266434.737938,47,1.2789765460708074,0.4387934582846427,2073,0.6184388726986907,0.40118660272089607,0.7735142003048097,0.6278255034105729,0.00018904375610873103,1890437.5610873103
BT_deep,BT $k_p=10$,12,15848931924.611141,25118864315.095818,19871909214.635063,19692728012.110775,47,1.2789765460708074,0.4387934582846427,1313,0.6016601204661909,0.3929860722475638,0.7513691492371177,0.604277443209048,0.00018904375610873103,1890437.5610873103
BT_deep,BT $k_p=10$,13,25118864315.095818,39810717055.34974,31346255109.319134,31057869907.575592,47,1.2789765460708074,0.4387934582846427,859,0.5877147968574837,0.3833902185480382,0.7430014021534941,0.5900647714108251,0.00018904375610873103,1890437.5610873103
BT_deep,BT $k_p=10$,14,39810717055.34974,63095734448.01936,49804858202.19866,49389755950.19441,47,1.2789765460708074,0.4387934582846427,587,0.5813874481584587,0.39733866451232724,0.7250112424983546,0.5778020713935768,0.00018904375610873103,1890437.5610873103
BT_deep,BT $k_p=10$,15,63095734448.01936,100000000000.0,78682160789.3133,78006206362.98514,47,1.2789765460708074,0.4387934582846427,356,0.5507269137394326,0.3415250717358908,0.7062380341454959,0.5652667730366545,0.00018904375610873103,1890437.5610873103
BT_deep,BT $k_p=10$,16,100000000000.0,158489319246.11142,125317412737.31018,124260207578.91182,47,1.2789765460708074,0.4387934582846427,275,0.5310640461333455,0.3555609226342908,0.6672910798174242,0.5267279481025695,0.00018904375610873103,1890437.5610873103
BT_deep,BT $k_p=10$,17,158489319246.11142,251188643150.9582,195931052520.86282,194330994267.51007,47,1.2789765460708074,0.4387934582846427,149,0.5289262136495486,0.3073401203836669,0.7007694068236925,0.5153642199881483,0.00018904375610873103,1890437.5610873103
BT_deep,BT $k_p=10$,18,251188643150.9582,398107170553.4973,310418915835.77167,307966714230.8196,47,1.2789765460708074,0.4387934582846427,103,0.5254438111549412,0.33664397906131616,0.670615669787329,0.5152836084835376,0.00018904375610873103,1890437.5610873103
BT_deep,BT $k_p=10$,19,398107170553.4973,630957344480.1936,499305338587.142,495287193889.3631,47,1.2789765460708074,0.4387934582846427,78,0.45684838563166885,0.3071717145591081,0.6242329937212405,0.46273336696833073,0.00018904375610873103,1890437.5610873103
BT_deep,BT $k_p=10$,20,630957344480.1936,1000000000000.0,813504000860.2524,807119003483.0354,47,1.2789765460708074,0.4387934582846427,57,0.48262898090550105,0.34709644112419824,0.6389362201906214,0.49450417688652,0.00018904375610873103,1890437.5610873103
BT_deep,BT $k_p=10$,1,100000000.0,158489319.24611133,124398683.98850083,123290368.53098123,48,1.0717968600643704,0.482672804113107,168976,0.813195493472199,0.6055455692456925,1.0127563746530166,0.8508743055481361,0.00018904375610873103,1890437.5610873103
BT_deep,BT $k_p=10$,2,158489319.24611133,251188643.15095794,197900054.4340428,196111661.93557236,48,1.0717968600643704,0.482672804113107,114930,0.7984013975128464,0.5916630867198864,0.9825875921919774,0.8294466725572199,0.00018904375610873103,1890437.5610873103
BT_deep,BT $k_p=10$,3,251188643.15095794,398107170.5534973,314762803.2591909,312022822.4773748,48,1.0717968600643704,0.482672804113107,73684,0.785430588924216,0.5801987374853707,0.9595239470851894,0.812890250111461,0.00018904375610873103,1890437.5610873103
BT_deep,BT $k_p=10$,4,398107170.5534973,630957344.4801933,497741889.7188484,493422530.518654,48,1.0717968600643704,0.482672804113107,48261,0.7719879572419271,0.5690507847420393,0.9410464180050693,0.7984210788221525,0.00018904375610873103,1890437.5610873103
BT_deep,BT $k_p=10$,5,630957344.4801933,999999999.9999999,787690978.8671622,780860007.6787521,48,1.0717968600643704,0.482672804113107,30981,0.7600652217856756,0.5614816988664781,0.9210748915223863,0.7813334588021283,0.00018904375610873103,1890437.5610873103
BT_deep,BT $k_p=10$,6,999999999.9999999,1584893192.461114,1248255425.503861,1237366212.400497,48,1.0717968600643704,0.482672804113107,19837,0.7479815312171042,0.5467269015137027,0.9038487525229092,0.7678737716711992,0.00018904375610873103,1890437.5610873103
BT_deep,BT $k_p=10$,7,1584893192.461114,2511886431.5095806,1976989288.433906,1959772587.97441,48,1.0717968600643704,0.482672804113107,12380,0.7294042533562887,0.5222679005011872,0.8862201877454015,0.7494312309684421,0.00018904375610873103,1890437.5610873103
BT_deep,BT $k_p=10$,8,2511886431.5095806,3981071705.534973,3134568939.1105647,3107529032.1367736,48,1.0717968600643704,0.482672804113107,7831,0.7190413558103024,0.5128923998983946,0.8696168473128896,0.7313232157748257,0.00018904375610873103,1890437.5610873103
BT_deep,BT $k_p=10$,9,3981071705.534973,6309573444.801932,4972130218.097485,4928688919.800167,48,1.0717968600643704,0.482672804113107,5083,0.7051476468680693,0.4877739967554346,0.855152310580638,0.7167889823834872,0.00018904375610873103,1890437.5610873103
BT_deep,BT $k_p=10$,10,6309573444.801932,10000000000.0,7866274064.1848,7798921371.776902,48,1.0717968600643704,0.482672804113107,3157,0.6890639173265491,0.4719568151431645,0.8424065339050858,0.7016041337458016,0.00018904375610873103,1890437.5610873103
BT_deep,BT $k_p=10$,11,10000000000.0,15848931924.611141,12480572451.630991,12367968564.102785,48,1.0717968600643704,0.482672804113107,2058,0.6721747808123981,0.4620153981400266,0.8119487925222474,0.679856623074987,0.00018904375610873103,1890437.5610873103
BT_deep,BT $k_p=10$,12,15848931924.611141,25118864315.095818,19860592667.55688,19681818571.453213,48,1.0717968600643704,0.482672804113107,1305,0.656948330157479,0.44491762655198114,0.8039167216426827,0.656879027137418,0.00018904375610873103,1890437.5610873103
BT_deep,BT $k_p=10$,13,25118864315.095818,39810717055.34974,31348663583.227695,31062238211.112457,48,1.0717968600643704,0.482672804113107,856,0.6470508431386774,0.44208428494135055,0.7917213933555208,0.6518406500806593,0.00018904375610873103,1890437.5610873103
BT_deep,BT $k_p=10$,14,39810717055.34974,63095734448.01936,49787043793.82829,49373953420.605316,48,1.0717968600643704,0.482672804113107,592,0.6444830383677641,0.4388047939806559,0.7698430653797467,0.6447984410954924,0.00018904375610873103,1890437.5610873103
BT_deep,BT $k_p=10$,15,63095734448.01936,100000000000.0,78708409369.18745,78032012362.84601,48,1.0717968600643704,0.482672804113107,355,0.6053183418356803,0.38316335324579925,0.7631327295625897,0.6207018141756039,0.00018904375610873103,1890437.5610873103
BT_deep,BT $k_p=10$,16,100000000000.0,158489319246.11142,125317412737.31018,124260207578.91182,48,1.0717968600643704,0.482672804113107,275,0.5982331740432171,0.4030201095306985,0.7358972424011253,0.5938668131155973,0.00018904375610873103,1890437.5610873103
BT_deep,BT $k_p=10$,17,158489319246.11142,251188643150.9582,195999039236.60922,194389460760.88025,48,1.0717968600643704,0.482672804113107,148,0.6033386972855443,0.3783324941738938,0.7574172260340213,0.5849704482115606,0.00018904375610873103,1890437.5610873103
BT_deep,BT $k_p=10$,18,251188643150.9582,398107170553.4973,310756992249.9886,308298488228.7788,48,1.0717968600643704,0.482672804113107,102,0.58359267530739,0.3885314964844251,0.719679141769481,0.5712270030481849,0.00018904375610873103,1890437.5610873103
BT_deep,BT $k_p=10$,19,398107170553.4973,630957344480.1936,499305338587.142,495287193889.3631,48,1.0717968600643704,0.482672804113107,78,0.5317870291634419,0.33767129444703115,0.7190314484034096,0.5239527591226816,0.00018904375610873103,1890437.5610873103
BT_deep,BT $k_p=10$,20,630957344480.1936,1000000000000.0,813504000860.2524,807119003483.0354,48,1.0717968600643704,0.482672804113107,57,0.5753332529764538,0.3797506235311132,0.7515371412266171,0.5617599045541762,0.00018904375610873103,1890437.5610873103
BT_deep,BT $k_p=10$,1,100000000.0,158489319.24611133,124381871.88684104,123273229.64192541,49,0.8834516909676096,0.5309400845244177,168463,0.8452175698566801,0.6494502062416522,1.0258395021879743,0.8757637676057298,0.00018904375610873103,1890437.5610873103
BT_deep,BT $k_p=10$,2,158489319.24611133,251188643.15095794,197908342.44019914,196120469.3592848,49,0.8834516909676096,0.5309400845244177,114210,0.8319793571865192,0.6403112202518368,1.0000000072256554,0.8581987645335638,0.00018904375610873103,1890437.5610873103
BT_deep,BT $k_p=10$,3,251188643.15095794,398107170.5534973,314745423.1756018,312005313.13218236,49,0.8834516909676096,0.5309400845244177,73224,0.8214612553239502,0.6318815790316703,0.979789870976954,0.843458519566896,0.00018904375610873103,1890437.5610873103
BT_deep,BT $k_p=10$,4,398107170.5534973,630957344.4801933,497708268.0458027,493395190.62799346,49,0.8834516909676096,0.5309400845244177,47927,0.8101248812378563,0.6234994331171655,0.964340667306994,0.8337397450366548,0.00018904375610873103,1890437.5610873103
BT_deep,BT $k_p=10$,5,630957344.4801933,999999999.9999999,787791050.8481153,780951230.1727926,49,0.8834516909676096,0.5309400845244177,30866,0.8010520473184899,0.6156047480419365,0.9497952945808256,0.8219620066184048,0.00018904375610873103,1890437.5610873103
BT_deep,BT $k_p=10$,6,999999999.9999999,1584893192.461114,1248235360.9309685,1237369801.6654537,49,0.8834516909676096,0.5309400845244177,19749,0.7888149721791631,0.6013545221051738,0.9343415312477049,0.8069865103803919,0.00018904375610873103,1890437.5610873103
BT_deep,BT $k_p=10$,7,1584893192.461114,2511886431.5095806,1977992407.9394114,1960774061.0477653,49,0.8834516909676096,0.5309400845244177,12317,0.7730867748274672,0.5822701837903006,0.9149460009425348,0.7890309991647068,0.00018904375610873103,1890437.5610873103
BT_deep,BT $k_p=10$,8,2511886431.5095806,3981071705.534973,3135421861.134353,3108398830.10895,49,0.8834516909676096,0.5309400845244177,7793,0.7652992459201101,0.5715077823591939,0.9067548472795374,0.7772895724148132,0.00018904375610873103,1890437.5610873103
BT_deep,BT $k_p=10$,9,3981071705.534973,6309573444.801932,4971691850.912929,4928354412.9955225,49,0.8834516909676096,0.5309400845244177,5031,0.7544645690899433,0.5418357384864544,0.8953942104852108,0.7602235180304137,0.00018904375610873103,1890437.5610873103
BT_deep,BT $k_p=10$,10,6309573444.801932,10000000000.0,7862956696.527026,7795505295.673465,49,0.8834516909676096,0.5309400845244177,3139,0.7375075134697215,0.5225834869432676,0.8813678501822296,0.745987248410423,0.00018904375610873103,1890437.5610873103
BT_deep,BT $k_p=10$,11,10000000000.0,15848931924.611141,12483006029.797794,12370408472.711346,49,0.8834516909676096,0.5309400845244177,2052,0.7219512008616462,0.5164679430622738,0.8595416508262738,0.7319778537668069,0.00018904375610873103,1890437.5610873103
BT_deep,BT $k_p=10$,12,15848931924.611141,25118864315.095818,19862268008.783115,19682774507.32569,49,0.8834516909676096,0.5309400845244177,1295,0.7129814628170572,0.5021710980718183,0.8468200273229097,0.7068208128212615,0.00018904375610873103,1890437.5610873103
BT_deep,BT $k_p=10$,13,25118864315.095818,39810717055.34974,31359991149.55502,31072136241.82612,49,0.8834516909676096,0.5309400845244177,852,0.7051972785244995,0.4928219495378897,0.8388580993713022,0.7057086601196637,0.00018904375610873103,1890437.5610873103
BT_deep,BT $k_p=10$,14,39810717055.34974,63095734448.01936,49808853870.90635,49394942650.66362,49,0.8834516909676096,0.5309400845244177,587,0.6987628555599795,0.5064415870162953,0.8199681991657684,0.6967430433377828,0.00018904375610873103,1890437.5610873103
BT_deep,BT $k_p=10$,15,63095734448.01936,100000000000.0,78739025166.30457,78058110331.02274,49,0.8834516909676096,0.5309400845244177,350,0.6647105619022488,0.4501049448954648,0.7986627864323009,0.6634138781374442,0.00018904375610873103,1890437.5610873103
BT_deep,BT $k_p=10$,16,100000000000.0,158489319246.11142,125317412737.31018,124260207578.91182,49,0.8834516909676096,0.5309400845244177,275,0.647902371470043,0.4680431007265839,0.7943085822312898,0.6488006566531193,0.00018904375610873103,1890437.5610873103
BT_deep,BT $k_p=10$,17,158489319246.11142,251188643150.9582,195742609559.62668,194146097773.60928,49,0.8834516909676096,0.5309400845244177,147,0.65510921806767,0.46247237588220635,0.7749265114487724,0.6435850175939017,0.00018904375610873103,1890437.5610873103
BT_deep,BT $k_p=10$,18,251188643150.9582,398107170553.4973,310418915835.77167,307966714230.8196,49,0.8834516909676096,0.5309400845244177,103,0.6525624716664746,0.44795461180971846,0.771690115612471,0.631428711936657,0.00018904375610873103,1890437.5610873103
BT_deep,BT $k_p=10$,19,398107170553.4973,630957344480.1936,499305338587.142,495287193889.3631,49,0.8834516909676096,0.5309400845244177,78,0.6048572976791657,0.3993678655148277,0.7805788001974949,0.5935622837873906,0.00018904375610873103,1890437.5610873103
BT_deep,BT $k_p=10$,20,630957344480.1936,1000000000000.0,813504000860.2524,807119003483.0354,49,0.8834516909676096,0.5309400845244177,57,0.6569826770772615,0.4407450833818828,0.8141189775641565,0.6365330392163268,0.00018904375610873103,1890437.5610873103
BT_deep,BT $k_p=10$,1,100000000.0,158489319.24611133,124365472.21198831,123255974.76559234,50,0.7122288099705543,0.5840340929768594,167694,0.8725965781942836,0.6917081536124434,1.0346233610792037,0.8994608587200249,0.00018904375610873103,1890437.5610873103
BT_deep,BT $k_p=10$,2,158489319.24611133,251188643.15095794,197870757.84544727,196085126.19935274,50,0.7122288099705543,0.5840340929768594,113419,0.863818234253253,0.6865130281482019,1.011592682250894,0.8848422626759134,0.00018904375610873103,1890437.5610873103
BT_deep,BT $k_p=10$,3,251188643.15095794,398107170.5534973,314719183.1408676,311980110.4655852,50,0.7122288099705543,0.5840340929768594,72608,0.8542438366311417,0.6823155727887994,0.994157904281715,0.8726772554629779,0.00018904375610873103,1890437.5610873103
BT_deep,BT $k_p=10$,4,398107170.5534973,630957344.4801933,497730436.1568739,493409342.93258005,50,0.7122288099705543,0.5840340929768594,47630,0.8456722774253677,0.6760992875759633,0.982023520211261,0.8642981117314287,0.00018904375610873103,1890437.5610873103
BT_deep,BT $k_p=10$,5,630957344.4801933,999999999.9999999,787721265.9202988,780885622.5146371,50,0.7122288099705543,0.5840340929768594,30598,0.8378973945744984,0.6674902754161555,0.9709481823150671,0.8540860046574559,0.00018904375610873103,1890437.5610873103
BT_deep,BT $k_p=10$,6,999999999.9999999,1584893192.461114,1248248304.5456069,1237390998.8583622,50,0.7122288099705543,0.5840340929768594,19571,0.8261524742910212,0.65412540895733,0.9545623287553998,0.8402348652813691,0.00018904375610873103,1890437.5610873103
BT_deep,BT $k_p=10$,7,1584893192.461114,2511886431.5095806,1977801478.291367,1960625084.8964825,50,0.7122288099705543,0.5840340929768594,12218,0.816572366038391,0.6404359331074546,0.9446914829032342,0.8266490193533148,0.00018904375610873103,1890437.5610873103
BT_deep,BT $k_p=10$,8,2511886431.5095806,3981071705.534973,3135204442.042587,3108181694.778027,50,0.7122288099705543,0.5840340929768594,7777,0.8092290445402041,0.624770401855768,0.9382587152010995,0.8160537114292852,0.00018904375610873103,1890437.5610873103
BT_deep,BT $k_p=10$,9,3981071705.534973,6309573444.801932,4970834506.655554,4927522981.320232,50,0.7122288099705543,0.5840340929768594,5010,0.7989638843322162,0.5935883035281946,0.9256082391812417,0.8018695682289141,0.00018904375610873103,1890437.5610873103
BT_deep,BT $k_p=10$,10,6309573444.801932,10000000000.0,7859556261.981812,7792216032.628354,50,0.7122288099705543,0.5840340929768594,3089,0.7853139561988313,0.5885202747144699,0.9106170251125134,0.7904449874783064,0.00018904375610873103,1890437.5610873103
BT_deep,BT $k_p=10$,11,10000000000.0,15848931924.611141,12483264008.001709,12370178810.784582,50,0.7122288099705543,0.5840340929768594,2019,0.7684412768839775,0.5748113311415378,0.8900763261583322,0.7736098686070605,0.00018904375610873103,1890437.5610873103
BT_deep,BT $k_p=10$,12,15848931924.611141,25118864315.095818,19874891157.842102,19695485457.736355,50,0.7122288099705543,0.5840340929768594,1283,0.7679942724355856,0.5609505321738054,0.8811801534656495,0.7598582032620336,0.00018904375610873103,1890437.5610873103
BT_deep,BT $k_p=10$,13,25118864315.095818,39810717055.34974,31358021512.00475,31071837007.94571,50,0.7122288099705543,0.5840340929768594,840,0.7567441350102087,0.5564255964359662,0.8988769664281322,0.7657735260994988,0.00018904375610873103,1890437.5610873103
BT_deep,BT $k_p=10$,14,39810717055.34974,63095734448.01936,49753312978.27503,49341504770.66654,50,0.7122288099705543,0.5840340929768594,584,0.7552242089805417,0.5633975605348525,0.8698653338549502,0.7462148210314555,0.00018904375610873103,1890437.5610873103
BT_deep,BT $k_p=10$,15,63095734448.01936,100000000000.0,78777493942.45944,78095212201.10184,50,0.7122288099705543,0.5840340929768594,349,0.730477046569408,0.5058625183469365,0.8584840183780619,0.7294947656089039,0.00018904375610873103,1890437.5610873103
BT_deep,BT $k_p=10$,16,100000000000.0,158489319246.11142,125349994279.8104,124299506364.12251,50,0.7122288099705543,0.5840340929768594,272,0.7212320442973994,0.5387984199544906,0.8545036075262418,0.7115819466247699,0.00018904375610873103,1890437.5610873103
BT_deep,BT $k_p=10$,17,158489319246.11142,251188643150.9582,195683335136.44287,194085600595.865,50,0.7122288099705543,0.5840340929768594,147,0.7136313940378972,0.5176306138402758,0.8371285252883622,0.6969335650717062,0.00018904375610873103,1890437.5610873103
BT_deep,BT $k_p=10$,18,251188643150.9582,398107170553.4973,310920906677.66235,308487468595.5936,50,0.7122288099705543,0.5840340929768594,102,0.6985271087468359,0.48088012135971303,0.8095452247345603,0.6752104362208321,0.00018904375610873103,1890437.5610873103
BT_deep,BT $k_p=10$,19,398107170553.4973,630957344480.1936,499948947708.8131,495907988436.69354,50,0.7122288099705543,0.5840340929768594,77,0.6564792157455964,0.422313201229205,0.8210064647566532,0.6464243492117471,0.00018904375610873103,1890437.5610873103
BT_deep,BT $k_p=10$,20,630957344480.1936,1000000000000.0,813504000860.2524,807119003483.0354,50,0.7122288099705543,0.5840340929768594,57,0.7236313470753585,0.4976964200201513,0.8472073791103177,0.6828572208751453,0.00018904375610873103,1890437.5610873103
BT_deep,BT $k_p=10$,1,100000000.0,158489319.24611133,124341042.32999791,123232031.31706348,51,0.5565716454277756,0.6424375022745458,166214,0.8980525197568572,0.7321563991197084,1.0419607579035612,0.9200505314246512,0.00018904375610873103,1890437.5610873103
BT_deep,BT $k_p=10$,2,158489319.24611133,251188643.15095794,197863381.060989,196077458.82609072,51,0.5565716454277756,0.6424375022745458,112414,0.8920962210688176,0.7316888985095166,1.0229255809417646,0.9079407146356806,0.00018904375610873103,1890437.5610873103
BT_deep,BT $k_p=10$,3,251188643.15095794,398107170.5534973,314673664.9139171,311935645.2349154,51,0.5565716454277756,0.6424375022745458,71971,0.8849945057109228,0.7312526459218569,1.0070671928110437,0.8980994987419444,0.00018904375610873103,1890437.5610873103
BT_deep,BT $k_p=10$,4,398107170.5534973,630957344.4801933,497715242.2316124,493399417.955244,51,0.5565716454277756,0.6424375022745458,47260,0.8788072523216147,0.7273133530668537,0.9967792427578034,0.8915852031222582,0.00018904375610873103,1890437.5610873103
BT_deep,BT $k_p=10$,5,630957344.4801933,999999999.9999999,787815855.9932964,780980673.608999,51,0.5565716454277756,0.6424375022745458,30284,0.8715384584907985,0.721576132085984,0.9892990183052741,0.8838433566627789,0.00018904375610873103,1890437.5610873103
BT_deep,BT $k_p=10$,6,999999999.9999999,1584893192.461114,1248391383.8598702,1237527723.1588356,51,0.5565716454277756,0.6424375022745458,19374,0.8630934305176573,0.7103550583623448,0.9747914507893473,0.8717781077977912,0.00018904375610873103,1890437.5610873103
BT_deep,BT $k_p=10$,7,1584893192.461114,2511886431.5095806,1977578335.0973694,1960400750.534068,51,0.5565716454277756,0.6424375022745458,12098,0.8565370791455924,0.6999564067562052,0.9675863698684748,0.8624253081979724,0.00018904375610873103,1890437.5610873103
BT_deep,BT $k_p=10$,8,2511886431.5095806,3981071705.534973,3133980540.721852,3106917095.3268905,51,0.5565716454277756,0.6424375022745458,7692,0.8490022852281656,0.6799064945903545,0.9624988353795789,0.8537257499254319,0.00018904375610873103,1890437.5610873103
BT_deep,BT $k_p=10$,9,3981071705.534973,6309573444.801932,4972661701.33917,4929150123.999436,51,0.5565716454277756,0.6424375022745458,4958,0.8420046021204726,0.6622593397678999,0.9556542866472101,0.844716170098298,0.00018904375610873103,1890437.5610873103
BT_deep,BT $k_p=10$,10,6309573444.801932,10000000000.0,7863955466.449011,7796525583.683567,51,0.5565716454277756,0.6424375022745458,3084,0.8314205620490707,0.6527694697671056,0.9452723196083999,0.8355958155459782,0.00018904375610873103,1890437.5610873103
BT_deep,BT $k_p=10$,11,10000000000.0,15848931924.611141,12497001611.997969,12384146234.75089,51,0.5565716454277756,0.6424375022745458,2005,0.8174627224437174,0.6263214386072588,0.9232107303005724,0.8148700609077512,0.00018904375610873103,1890437.5610873103
BT_deep,BT $k_p=10$,12,15848931924.611141,25118864315.095818,19886103430.010723,19706441967.56064,51,0.5565716454277756,0.6424375022745458,1285,0.815129306642622,0.6153733788009588,0.9245597701067269,0.8198159155562545,0.00018904375610873103,1890437.5610873103
BT_deep,BT $k_p=10$,13,25118864315.095818,39810717055.34974,31290923474.84825,31009255604.77546,51,0.5565716454277756,0.6424375022745458,831,0.8049203119330427,0.6185847202831494,0.9183651500289322,0.7992832235951336,0.00018904375610873103,1890437.5610873103
BT_deep,BT $k_p=10$,14,39810717055.34974,63095734448.01936,49695213332.821556,49288206629.94117,51,0.5565716454277756,0.6424375022745458,582,0.8014935088212092,0.6295213471679652,0.9121946420285245,0.7987469248267449,0.00018904375610873103,1890437.5610873103
BT_deep,BT $k_p=10$,15,63095734448.01936,100000000000.0,78650986242.77715,77977773907.65657,51,0.5565716454277756,0.6424375022745458,344,0.7863069917809608,0.5666690950340478,0.902939324665894,0.7755679814399509,0.00018904375610873103,1890437.5610873103
BT_deep,BT $k_p=10$,16,100000000000.0,158489319246.11142,125260173410.6125,124215261868.19505,51,0.5565716454277756,0.6424375022745458,272,0.7842342464529228,0.6026115112779149,0.8898048116116487,0.7684317493600344,0.00018904375610873103,1890437.5610873103
BT_deep,BT $k_p=10$,17,158489319246.11142,251188643150.9582,195973860489.9479,194363390037.38675,51,0.5565716454277756,0.6424375022745458,148,0.7774815044196544,0.5810143697286372,0.9019570661722175,0.763424965136247,0.00018904375610873103,1890437.5610873103
BT_deep,BT $k_p=10$,18,251188643150.9582,398107170553.4973,310920906677.66235,308487468595.5936,51,0.5565716454277756,0.6424375022745458,102,0.7743714493905527,0.539353435199334,0.8923991635394859,0.7463019106403604,0.00018904375610873103,1890437.5610873103
BT_deep,BT $k_p=10$,19,398107170553.4973,630957344480.1936,498918229744.93286,494862434478.19244,51,0.5565716454277756,0.6424375022745458,77,0.7218605695351035,0.49933837589684155,0.8797903239000286,0.7098505683745049,0.00018904375610873103,1890437.5610873103
BT_deep,BT $k_p=10$,20,630957344480.1936,1000000000000.0,813084125884.1677,806594931762.5192,51,0.5565716454277756,0.6424375022745458,56,0.7695791806312319,0.5643476149300707,0.8781569669579656,0.7356629103701516,0.00018904375610873103,1890437.5610873103
BT_deep,BT $k_p=10$,1,100000000.0,158489319.24611133,124350828.28189407,123242004.88870327,52,0.4150651322070684,0.7066812525020004,164328,0.9227174868147756,0.7719976411847017,1.0491889638309644,0.9389053936366819,0.00018904375610873103,1890437.5610873103
BT_deep,BT $k_p=10$,2,158489319.24611133,251188643.15095794,197843685.155426,196056710.02604964,52,0.4150651322070684,0.7066812525020004,110989,0.9176645664645245,0.7760118129009128,1.031579470197753,0.9266674981773506,0.00018904375610873103,1890437.5610873103
BT_deep,BT $k_p=10$,3,251188643.15095794,398107170.5534973,314749708.5718144,312012992.66615164,52,0.4150651322070684,0.7066812525020004,71148,0.91262905976939,0.7771916789324053,1.0186035821874633,0.9183047339223658,0.00018904375610873103,1890437.5610873103
BT_deep,BT $k_p=10$,4,398107170.5534973,630957344.4801933,497775284.4276861,493454530.7170037,52,0.4150651322070684,0.7066812525020004,46614,0.9073735768047714,0.7778283049902391,1.007398923019453,0.9121890902707717,0.00018904375610873103,1890437.5610873103
BT_deep,BT $k_p=10$,5,630957344.4801933,999999999.9999999,787648985.4651828,780817257.265304,52,0.4150651322070684,0.7066812525020004,29983,0.9034022894265316,0.7722513262115652,0.9978661356009806,0.905889146202564,0.00018904375610873103,1890437.5610873103
BT_deep,BT $k_p=10$,6,999999999.9999999,1584893192.461114,1248269358.041124,1237409459.1445231,52,0.4150651322070684,0.7066812525020004,19157,0.8970198399857605,0.768366777876829,0.990286343086349,0.9005021565820689,0.00018904375610873103,1890437.5610873103
BT_deep,BT $k_p=10$,7,1584893192.461114,2511886431.5095806,1978361690.861419,1961182659.7139735,52,0.4150651322070684,0.7066812525020004,11954,0.8913185162864151,0.7556025829963704,0.9839323839978277,0.8902377774540249,0.00018904375610873103,1890437.5610873103
BT_deep,BT $k_p=10$,8,2511886431.5095806,3981071705.534973,3133429432.840469,3106347980.182423,52,0.4150651322070684,0.7066812525020004,7602,0.8864660022655756,0.7416402111771438,0.9819072163827957,0.8822070462536603,0.00018904375610873103,1890437.5610873103
BT_deep,BT $k_p=10$,9,3981071705.534973,6309573444.801932,4971857324.376675,4928197676.658429,52,0.4150651322070684,0.7066812525020004,4885,0.8813962218357603,0.7300833862845112,0.9767711383562047,0.8780753820132203,0.00018904375610873103,1890437.5610873103
BT_deep,BT $k_p=10$,10,6309573444.801932,10000000000.0,7863548877.612382,7796364056.365535,52,0.4150651322070684,0.7066812525020004,3050,0.8719667233184979,0.7140859006474035,0.9741115503269445,0.8653832898096868,0.00018904375610873103,1890437.5610873103
BT_deep,BT $k_p=10$,11,10000000000.0,15848931924.611141,12494045217.442726,12381091053.555595,52,0.4150651322070684,0.7066812525020004,1984,0.8643106655221791,0.7105770212515646,0.9571211879397247,0.852769143511628,0.00018904375610873103,1890437.5610873103
BT_deep,BT $k_p=10$,12,15848931924.611141,25118864315.095818,19871099165.433167,19692480031.4946,52,0.4150651322070684,0.7066812525020004,1282,0.8583561338119201,0.6785568586285389,0.9552466423575343,0.845917977657584,0.00018904375610873103,1890437.5610873103
BT_deep,BT $k_p=10$,13,25118864315.095818,39810717055.34974,31363018881.40363,31078861480.592342,52,0.4150651322070684,0.7066812525020004,823,0.8543475528417069,0.6929199727609443,0.9557344334349946,0.8451617151098187,0.00018904375610873103,1890437.5610873103
BT_deep,BT $k_p=10$,14,39810717055.34974,63095734448.01936,49591424503.48562,49181512750.94734,52,0.4150651322070684,0.7066812525020004,567,0.8482687429704224,0.7029515656138268,0.9351316459407608,0.8271172456774384,0.00018904375610873103,1890437.5610873103
BT_deep,BT $k_p=10$,15,63095734448.01936,100000000000.0,78570249781.46474,77903397949.26886,52,0.4150651322070684,0.7066812525020004,344,0.8466779807432363,0.6614460583601501,0.9381670424831775,0.8215943077212141,0.00018904375610873103,1890437.5610873103
BT_deep,BT $k_p=10$,16,100000000000.0,158489319246.11142,125287370267.82695,124237685955.25348,52,0.4150651322070684,0.7066812525020004,270,0.8373274086189062,0.6587734108381258,0.932685726875873,0.8230065000786152,0.00018904375610873103,1890437.5610873103
BT_deep,BT $k_p=10$,17,158489319246.11142,251188643150.9582,196237735737.85788,194629107237.55972,52,0.4150651322070684,0.7066812525020004,146,0.8329882192539061,0.6551517270164576,0.9325634252814805,0.8145085045095104,0.00018904375610873103,1890437.5610873103
BT_deep,BT $k_p=10$,18,251188643150.9582,398107170553.4973,311450426163.51996,309040482212.681,52,0.4150651322070684,0.7066812525020004,101,0.8237684483743045,0.5827480677067005,0.9246420179390501,0.7830663567590609,0.00018904375610873103,1890437.5610873103
BT_deep,BT $k_p=10$,19,398107170553.4973,630957344480.1936,499305338587.142,495287193889.3631,52,0.4150651322070684,0.7066812525020004,78,0.7898836511088868,0.5944601708618765,0.9248944436496455,0.8139529352707195,0.00018904375610873103,1890437.5610873103
BT_deep,BT $k_p=10$,20,630957344480.1936,1000000000000.0,813504000860.2524,807119003483.0354,52,0.4150651322070684,0.7066812525020004,57,0.8138646614195038,0.6678420148159543,0.893447955241006,0.7902846080127867,0.00018904375610873103,1890437.5610873103
BT_deep,BT $k_p=10$,1,100000000.0,158489319.24611133,124318459.0729335,123209770.17456478,53,0.2864228474609716,0.7773493777522004,162383,0.9453320281029374,0.8175005036543724,1.0504084883065565,0.952175871553843,0.00018904375610873103,1890437.5610873103
BT_deep,BT $k_p=10$,2,158489319.24611133,251188643.15095794,197917668.54672205,196129074.07390192,53,0.2864228474609716,0.7773493777522004,109611,0.9415828762715999,0.823818861905781,1.036076755501237,0.9449030555695778,0.00018904375610873103,1890437.5610873103
BT_deep,BT $k_p=10$,3,251188643.15095794,398107170.5534973,314748178.8893911,312010221.0189105,53,0.2864228474609716,0.7773493777522004,70199,0.9381495715476953,0.8281886526249364,1.023430588328001,0.9366372767509683,0.00018904375610873103,1890437.5610873103
BT_deep,BT $k_p=10$,4,398107170.5534973,630957344.4801933,497682867.1226913,493368795.13531685,53,0.2864228474609716,0.7773493777522004,46051,0.9344651306855558,0.8310684540500751,1.0136499922786775,0.9321294044523989,0.00018904375610873103,1890437.5610873103
BT_deep,BT $k_p=10$,5,630957344.4801933,999999999.9999999,787688778.8181063,780863955.8365077,53,0.2864228474609716,0.7773493777522004,29706,0.931620263730653,0.8315689839222121,1.0079275457531875,0.9286608656807932,0.00018904375610873103,1890437.5610873103
BT_deep,BT $k_p=10$,6,999999999.9999999,1584893192.461114,1247842947.5685544,1236977878.9934025,53,0.2864228474609716,0.7773493777522004,19052,0.9275127453167453,0.8296151519604444,1.0014878603157757,0.9261607612592315,0.00018904375610873103,1890437.5610873103
BT_deep,BT $k_p=10$,7,1584893192.461114,2511886431.5095806,1977705448.5591245,1960534404.7121315,53,0.2864228474609716,0.7773493777522004,11848,0.9226844157117408,0.8185282172072947,0.9942930807104673,0.9173658340181116,0.00018904375610873103,1890437.5610873103
BT_deep,BT $k_p=10$,8,2511886431.5095806,3981071705.534973,3132620352.972206,3105456387.3848643,53,0.2864228474609716,0.7773493777522004,7523,0.9201577531980822,0.8132138984294927,0.9940622014934773,0.9162422870554002,0.00018904375610873103,1890437.5610873103
BT_deep,BT $k_p=10$,9,3981071705.534973,6309573444.801932,4973614326.393302,4929955636.128654,53,0.2864228474609716,0.7773493777522004,4874,0.9168037946035423,0.8058288931996095,0.9939033798875934,0.9144957076304104,0.00018904375610873103,1890437.5610873103
BT_deep,BT $k_p=10$,10,6309573444.801932,10000000000.0,7863389062.008543,7796258172.535747,53,0.2864228474609716,0.7773493777522004,3026,0.9105472996659576,0.803276720030111,0.987912100455934,0.9019573815764437,0.00018904375610873103,1890437.5610873103
BT_deep,BT $k_p=10$,11,10000000000.0,15848931924.611141,12478419215.440495,12365548133.258287,53,0.2864228474609716,0.7773493777522004,1978,0.9034937458529568,0.7863036578706476,0.9818075418347326,0.8947323666792839,0.00018904375610873103,1890437.5610873103
BT_deep,BT $k_p=10$,12,15848931924.611141,25118864315.095818,19871249683.700115,19692534806.687157,53,0.2864228474609716,0.7773493777522004,1255,0.8978629522926225,0.7583647780902854,0.9708460982969441,0.8793936390693025,0.00018904375610873103,1890437.5610873103
BT_deep,BT $k_p=10$,13,25118864315.095818,39810717055.34974,31376860122.86863,31090188014.012054,53,0.2864228474609716,0.7773493777522004,836,0.904919294512409,0.7864684367493093,0.9858746658568273,0.895966235579921,0.00018904375610873103,1890437.5610873103
BT_deep,BT $k_p=10$,14,39810717055.34974,63095734448.01936,49691527749.03504,49272847474.72581,53,0.2864228474609716,0.7773493777522004,569,0.8906486190992768,0.780871656445607,0.9527528544004448,0.871945765445433,0.00018904375610873103,1890437.5610873103
BT_deep,BT $k_p=10$,15,63095734448.01936,100000000000.0,78632264397.93228,77962508863.56335,53,0.2864228474609716,0.7773493777522004,341,0.8941098585457956,0.7342809445175383,0.9637874905689966,0.8613514652620836,0.00018904375610873103,1890437.5610873103
BT_deep,BT $k_p=10$,16,100000000000.0,158489319246.11142,125210357817.33275,124140421189.51978,53,0.2864228474609716,0.7773493777522004,269,0.8741414486426751,0.7505092513417003,0.9613727341071606,0.8684074308006459,0.00018904375610873103,1890437.5610873103
BT_deep,BT $k_p=10$,17,158489319246.11142,251188643150.9582,196237735737.85788,194629107237.55972,53,0.2864228474609716,0.7773493777522004,146,0.8859795639265085,0.7764793626050344,0.9809007913522857,0.8711683023759945,0.00018904375610873103,1890437.5610873103
BT_deep,BT $k_p=10$,18,251188643150.9582,398107170553.4973,311481884791.9119,309047850265.5596,53,0.2864228474609716,0.7773493777522004,100,0.8760028776766586,0.6598981024530873,0.9397295056449775,0.8381159413423902,0.00018904375610873103,1890437.5610873103
BT_deep,BT $k_p=10$,19,398107170553.4973,630957344480.1936,500333865264.35095,496347238431.4829,53,0.2864228474609716,0.7773493777522004,77,0.8632659301707637,0.6994791847072144,0.9708002247701548,0.8977151458666153,0.00018904375610873103,1890437.5610873103
BT_deep,BT $k_p=10$,20,630957344480.1936,1000000000000.0,813504000860.2524,807119003483.0354,53,0.2864228474609716,0.7773493777522004,57,0.8727891297944004,0.7353118510823916,0.9281632702338236,0.8397465005967972,0.00018904375610873103,1890437.5610873103
BT_deep,BT $k_p=10$,1,100000000.0,158489319.24611133,124312841.50237426,123204273.75482729,54,0.16947531587361064,0.8550843155274203,162324,0.9665353472791509,0.8681279649338136,1.051076429205204,0.9716599423278415,0.00018904375610873103,1890437.5610873103
BT_deep,BT $k_p=10$,2,158489319.24611133,251188643.15095794,197900183.94336572,196112388.33878314,54,0.16947531587361064,0.8550843155274203,109372,0.9654758381227234,0.876079986155742,1.0407922551483395,0.9658336552821416,0.00018904375610873103,1890437.5610873103
BT_deep,BT $k_p=10$,3,251188643.15095794,398107170.5534973,314776650.4968194,312037057.554329,54,0.16947531587361064,0.8550843155274203,70148,0.9628043747927667,0.8826718181523481,1.029729061029697,0.9609920856418451,0.00018904375610873103,1890437.5610873103
BT_deep,BT $k_p=10$,4,398107170.5534973,630957344.4801933,497758682.8854975,493445759.54174113,54,0.16947531587361064,0.8550843155274203,45986,0.9612975356813391,0.8890405663532921,1.0222433852155661,0.9612159958939869,0.00018904375610873103,1890437.5610873103
BT_deep,BT $k_p=10$,5,630957344.4801933,999999999.9999999,787430651.7547742,780590801.2749429,54,0.16947531587361064,0.8550843155274203,29681,0.9594097334470233,0.8920821178042121,1.0171726510116963,0.958851873114359,0.00018904375610873103,1890437.5610873103
BT_deep,BT $k_p=10$,6,999999999.9999999,1584893192.461114,1247689825.3682594,1236830563.7268345,54,0.16947531587361064,0.8550843155274203,19039,0.9563794693284439,0.8915201923978386,1.010939444221076,0.9542159828850457,0.00018904375610873103,1890437.5610873103
BT_deep,BT $k_p=10$,7,1584893192.461114,2511886431.5095806,1978000345.733827,1960820422.705605,54,0.16947531587361064,0.8550843155274203,11851,0.9540465120036049,0.8877382727046506,1.007092257673506,0.9509767538351902,0.00018904375610873103,1890437.5610873103
BT_deep,BT $k_p=10$,8,2511886431.5095806,3981071705.534973,3135480744.7466216,3108214521.070254,54,0.16947531587361064,0.8550843155274203,7520,0.9526336949085199,0.8885973270574671,1.003810698232494,0.9477195629772038,0.00018904375610873103,1890437.5610873103
BT_deep,BT $k_p=10$,9,3981071705.534973,6309573444.801932,4975634408.879979,4932127454.146966,54,0.16947531587361064,0.8550843155274203,4899,0.9504015329528298,0.885351320040595,1.004055957247666,0.9452614677833179,0.00018904375610873103,1890437.5610873103
BT_deep,BT $k_p=10$,10,6309573444.801932,10000000000.0,7864042742.31197,7797276534.664886,54,0.16947531587361064,0.8550843155274203,3051,0.945616028445704,0.8773407470658796,1.0012901421911806,0.9381670133117285,0.00018904375610873103,1890437.5610873103
BT_deep,BT $k_p=10$,11,10000000000.0,15848931924.611141,12471694945.544909,12358663957.000216,54,0.16947531587361064,0.8550843155274203,1993,0.9416119633520723,0.87453413041148,0.9983000699357422,0.9399431406871092,0.00018904375610873103,1890437.5610873103
BT_deep,BT $k_p=10$,12,15848931924.611141,25118864315.095818,19874468571.259586,19695373485.323338,54,0.16947531587361064,0.8550843155274203,1259,0.9406155181454394,0.8643614699515935,0.9922084742672135,0.9274904209591138,0.00018904375610873103,1890437.5610873103
BT_deep,BT $k_p=10$,13,25118864315.095818,39810717055.34974,31371985829.307587,31086834592.075798,54,0.16947531587361064,0.8550843155274203,838,0.940373476834905,0.8735229592505729,0.9964236757926358,0.9344572009303788,0.00018904375610873103,1890437.5610873103
BT_deep,BT $k_p=10$,14,39810717055.34974,63095734448.01936,49647033505.81726,49235961253.73348,54,0.16947531587361064,0.8550843155274203,569,0.9342018565497432,0.8604675764632549,0.9780315335352588,0.925003763321156,0.00018904375610873103,1890437.5610873103
BT_deep,BT $k_p=10$,15,63095734448.01936,100000000000.0,78670223022.57492,77994865972.24706,54,0.16947531587361064,0.8550843155274203,346,0.9320344450150194,0.8532870544759324,0.9854889945495536,0.9180175046478711,0.00018904375610873103,1890437.5610873103
BT_deep,BT $k_p=10$,16,100000000000.0,158489319246.11142,125277601782.54456,124216774585.20798,54,0.16947531587361064,0.8550843155274203,273,0.9268482796343877,0.8570712273338545,0.992788477156289,0.9242669643703042,0.00018904375610873103,1890437.5610873103
BT_deep,BT $k_p=10$,17,158489319246.11142,251188643150.9582,196021764391.89844,194424127107.61945,54,0.16947531587361064,0.8550843155274203,146,0.9270400752421282,0.8677864686766764,0.9918118052055064,0.9214062811450829,0.00018904375610873103,1890437.5610873103
BT_deep,BT $k_p=10$,18,251188643150.9582,398107170553.4973,310920906677.66235,308487468595.5936,54,0.16947531587361064,0.8550843155274203,102,0.9273588839743996,0.8241438078054708,0.9743114941128729,0.898093289710043,0.00018904375610873103,1890437.5610873103
BT_deep,BT $k_p=10$,19,398107170553.4973,630957344480.1936,498918229744.93286,494862434478.19244,54,0.16947531587361064,0.8550843155274203,77,0.9216563702471414,0.8591954434066769,0.977764584906235,0.9051240116164129,0.00018904375610873103,1890437.5610873103
BT_deep,BT $k_p=10$,20,630957344480.1936,1000000000000.0,813504000860.2524,807119003483.0354,54,0.16947531587361064,0.8550843155274203,57,0.9200570281587398,0.7987709884716887,0.9567390863852222,0.8938901168424582,0.00018904375610873103,1890437.5610873103
BT_deep,BT $k_p=10$,1,100000000.0,158489319.24611133,124299751.40127872,123191597.24773505,55,0.06315937806691885,0.9405927470801623,167508,0.9860199098672224,0.9163822116025081,1.0497913171752489,0.9918818377115585,0.00018904375610873103,1890437.5610873103
BT_deep,BT $k_p=10$,2,158489319.24611133,251188643.15095794,197882352.4566276,196093518.85652947,55,0.06315937806691885,0.9405927470801623,112657,0.9886681498328203,0.9249011900242166,1.0412064850594243,0.9875112346943434,0.00018904375610873103,1890437.5610873103
BT_deep,BT $k_p=10$,3,251188643.15095794,398107170.5534973,314656159.13639176,311920098.98257804,55,0.06315937806691885,0.9405927470801623,72238,0.9865260640422832,0.9326521602059449,1.0350600212076233,0.9858339544906907,0.00018904375610873103,1890437.5610873103
BT_deep,BT $k_p=10$,4,398107170.5534973,630957344.4801933,497731311.1834569,493414994.71315885,55,0.06315937806691885,0.9405927470801623,47297,0.98616408130251,0.9385083799041923,1.0281596280746714,0.9858834837886697,0.00018904375610873103,1890437.5610873103
BT_deep,BT $k_p=10$,5,630957344.4801933,999999999.9999999,787716939.3750683,780882098.8798552,55,0.06315937806691885,0.9405927470801623,30468,0.9851222460890302,0.9440806673982819,1.0234150154518076,0.9846672255814894,0.00018904375610873103,1890437.5610873103
BT_deep,BT $k_p=10$,6,999999999.9999999,1584893192.461114,1247762581.0312297,1236903372.9458702,55,0.06315937806691885,0.9405927470801623,19513,0.983939251394725,0.945472639037429,1.0185566872267302,0.9817458457239576,0.00018904375610873103,1890437.5610873103
BT_deep,BT $k_p=10$,7,1584893192.461114,2511886431.5095806,1977755385.4918296,1960551908.3109307,55,0.06315937806691885,0.9405927470801623,12158,0.9838486459152422,0.9472503399939535,1.0157231127892727,0.9835652706542304,0.00018904375610873103,1890437.5610873103
BT_deep,BT $k_p=10$,8,2511886431.5095806,3981071705.534973,3134863352.736181,3107758815.741485,55,0.06315937806691885,0.9405927470801623,7723,0.9828637209901951,0.9483515042967127,1.013051282126323,0.9816842820622266,0.00018904375610873103,1890437.5610873103
BT_deep,BT $k_p=10$,9,3981071705.534973,6309573444.801932,4970212343.343358,4926762534.195834,55,0.06315937806691885,0.9405927470801623,5019,0.9824806635247332,0.9494847201335886,1.0132526399456077,0.9819420769710215,0.00018904375610873103,1890437.5610873103
BT_deep,BT $k_p=10$,10,6309573444.801932,10000000000.0,7865930332.785578,7798801026.161006,55,0.06315937806691885,0.9405927470801623,3112,0.9806520422267248,0.9505771916367487,1.0084587837493368,0.9806526828311649,0.00018904375610873103,1890437.5610873103
BT_deep,BT $k_p=10$,11,10000000000.0,15848931924.611141,12479276162.39172,12365525249.57012,55,0.06315937806691885,0.9405927470801623,2033,0.9805920295040883,0.9509418023382473,1.007264146692069,0.9780093754154855,0.00018904375610873103,1890437.5610873103
BT_deep,BT $k_p=10$,12,15848931924.611141,25118864315.095818,19887615308.294968,19707310054.371838,55,0.06315937806691885,0.9405927470801623,1288,0.9774982403096886,0.9474960470359055,1.008365841347892,0.9719109088409581,0.00018904375610873103,1890437.5610873103
BT_deep,BT $k_p=10$,13,25118864315.095818,39810717055.34974,31393276601.16184,31106451434.63656,55,0.06315937806691885,0.9405927470801623,846,0.9792196116166447,0.9472570632454298,1.0066552594327678,0.9756088417745975,0.00018904375610873103,1890437.5610873103
BT_deep,BT $k_p=10$,14,39810717055.34974,63095734448.01936,49684506318.75712,49275809520.0001,55,0.06315937806691885,0.9405927470801623,583,0.9760308544338009,0.9482689181248559,0.9966346696871917,0.9680710292628959,0.00018904375610873103,1890437.5610873103
BT_deep,BT $k_p=10$,15,63095734448.01936,100000000000.0,78737453000.87035,78061114904.25092,55,0.06315937806691885,0.9405927470801623,354,0.9768489247469009,0.9474319728642631,1.0023480039253978,0.9724037497340746,0.00018904375610873103,1890437.5610873103
BT_deep,BT $k_p=10$,16,100000000000.0,158489319246.11142,125243090682.51794,124177805267.06403,55,0.06315937806691885,0.9405927470801623,274,0.9734214803191787,0.9459568455130647,0.9940357368559334,0.9654298370305596,0.00018904375610873103,1890437.5610873103
BT_deep,BT $k_p=10$,17,158489319246.11142,251188643150.9582,196174150107.22974,194586793446.90298,55,0.06315937806691885,0.9405927470801623,148,0.9719237668176126,0.938172031739162,0.9958615498972719,0.9641217678966069,0.00018904375610873103,1890437.5610873103
BT_deep,BT $k_p=10$,18,251188643150.9582,398107170553.4973,310631039691.75775,308160971581.86707,55,0.06315937806691885,0.9405927470801623,102,0.971348284620728,0.9312358119773735,0.9909193155060575,0.9496075162495806,0.00018904375610873103,1890437.5610873103
BT_deep,BT $k_p=10$,19,398107170553.4973,630957344480.1936,499305338587.142,495287193889.3631,55,0.06315937806691885,0.9405927470801623,78,0.9649886195411288,0.9298391898434081,0.9896100185558568,0.9540771671554231,0.00018904375610873103,1890437.5610873103
BT_deep,BT $k_p=10$,20,630957344480.1936,1000000000000.0,813504000860.2524,807119003483.0354,55,0.06315937806691885,0.9405927470801623,57,0.9706791632574251,0.948823935217137,0.9954576396507336,0.9609483936915645,0.00018904375610873103,1890437.5610873103
BT_deep,BT $k_p=10$,1,100000000.0,158489319.24611133,124349078.44997823,123240521.6511117,56,0.0,1.0,177242,1.0000000067099921,0.9999999836241451,1.0000000285932948,1.000000007080237,0.00018904375610873103,1890437.5610873103
BT_deep,BT $k_p=10$,2,158489319.24611133,251188643.15095794,197881778.23465645,196095059.1910909,56,0.0,1.0,119836,0.9999999994014888,0.9999999637125275,1.000000026819675,0.9999999982201301,0.00018904375610873103,1890437.5610873103
BT_deep,BT $k_p=10$,3,251188643.15095794,398107170.5534973,314706133.62452084,311966131.52176654,56,0.0,1.0,76613,1.0000000009185108,0.999999970793617,1.0000000225724377,1.0000000000827451,0.00018904375610873103,1890437.5610873103
BT_deep,BT $k_p=10$,4,398107170.5534973,630957344.4801933,497657600.37059957,493344766.11047983,56,0.0,1.0,50075,0.9999999952505968,0.9999999684063879,1.0000000228554446,0.9999999958572835,0.00018904375610873103,1890437.5610873103
BT_deep,BT $k_p=10$,5,630957344.4801933,999999999.9999999,787683797.6376656,780849295.1738998,56,0.0,1.0,32104,0.9999999941451091,0.9999999644213968,1.0000000303252259,0.9999999961933226,0.00018904375610873103,1890437.5610873103
BT_deep,BT $k_p=10$,6,999999999.9999999,1584893192.461114,1247766749.5228806,1236902539.8789964,56,0.0,1.0,20487,0.999999998277103,0.9999999723927656,1.000000027870548,0.9999999987150702,0.00018904375610873103,1890437.5610873103
BT_deep,BT $k_p=10$,7,1584893192.461114,2511886431.5095806,1977130993.4302065,1959933385.8848732,56,0.0,1.0,12739,0.9999999994513017,0.9999999745300583,1.0000000237908486,0.9999999993447866,0.00018904375610873103,1890437.5610873103
BT_deep,BT $k_p=10$,8,2511886431.5095806,3981071705.534973,3133209170.2811604,3106173869.1661696,56,0.0,1.0,8061,0.9999999998604127,0.9999999669248614,1.000000032105577,0.9999999993058045,0.00018904375610873103,1890437.5610873103
BT_deep,BT $k_p=10$,9,3981071705.534973,6309573444.801932,4970381567.319142,4926875514.519408,56,0.0,1.0,5207,1.0000000000833922,0.9999999732698244,1.0000000280126595,1.0000000001362366,0.00018904375610873103,1890437.5610873103
BT_deep,BT $k_p=10$,10,6309573444.801932,10000000000.0,7865783172.177153,7798630673.639675,56,0.0,1.0,3227,1.0000000000445857,0.9999999734972085,1.000000026627026,1.0000000001719238,0.00018904375610873103,1890437.5610873103
BT_deep,BT $k_p=10$,11,10000000000.0,15848931924.611141,12487548204.249397,12374372858.6194,56,0.0,1.0,2100,0.9999999985595385,0.9999999673205727,1.000000032850827,0.9999999999725651,0.00018904375610873103,1890437.5610873103
BT_deep,BT $k_p=10$,12,15848931924.611141,25118864315.095818,19866958115.085106,19688300581.49366,56,0.0,1.0,1327,0.9999999995880379,0.999999972655667,1.0000000277657093,1.000000000130296,0.00018904375610873103,1890437.5610873103
BT_deep,BT $k_p=10$,13,25118864315.095818,39810717055.34974,31361052049.946194,31073965012.155285,56,0.0,1.0,867,1.0000000013750678,0.9999999724542538,1.000000025804497,1.0000000002878133,0.00018904375610873103,1890437.5610873103
BT_deep,BT $k_p=10$,14,39810717055.34974,63095734448.01936,49776087247.72,49363592025.38529,56,0.0,1.0,594,1.0000000017881971,0.9999999689287331,1.000000032488821,1.0000000008899574,0.00018904375610873103,1890437.5610873103
BT_deep,BT $k_p=10$,15,63095734448.01936,100000000000.0,78641894198.01685,77964020110.88501,56,0.0,1.0,357,0.9999999995287762,0.9999999718298013,1.0000000247854726,0.99999999952521,0.00018904375610873103,1890437.5610873103
BT_deep,BT $k_p=10$,16,100000000000.0,158489319246.11142,125198610266.16808,124140796037.14012,56,0.0,1.0,278,1.0000000019303545,0.9999999751518824,1.0000000266227749,1.0000000016882749,0.00018904375610873103,1890437.5610873103
BT_deep,BT $k_p=10$,17,158489319246.11142,251188643150.9582,195931052520.86282,194330994267.51007,56,0.0,1.0,149,1.0000000013767607,0.9999999667144794,1.0000000333737116,1.0000000005127188,0.00018904375610873103,1890437.5610873103
BT_deep,BT $k_p=10$,18,251188643150.9582,398107170553.4973,310418915835.77167,307966714230.8196,56,0.0,1.0,103,0.9999999990995179,0.9999999748726186,1.000000027691659,0.9999999997270719,0.00018904375610873103,1890437.5610873103
BT_deep,BT $k_p=10$,19,398107170553.4973,630957344480.1936,499305338587.142,495287193889.3631,56,0.0,1.0,78,0.9999999915369182,0.9999999718474423,1.0000000254312424,0.9999999962956051,0.00018904375610873103,1890437.5610873103
BT_deep,BT $k_p=10$,20,630957344480.1936,1000000000000.0,813504000860.2524,807119003483.0354,56,0.0,1.0,57,1.0000000040899073,0.999999972730481,1.0000000337457609,1.0000000033765875,0.00018904375610873103,1890437.5610873103
