method,mass_bin,mass_bin_left_msun,mass_bin_right_msun,snap_left,snap_right,z_mid,a_mid,PL_M0_mean_msun,PL_n_halos,PL_Gamma_median,PL_Gamma_q16,PL_Gamma_q84,BT_soft_M0_mean_msun,BT_soft_n_halos,BT_soft_Gamma_median,BT_soft_Gamma_q16,BT_soft_Gamma_q84,BT_deep_M0_mean_msun,BT_deep_n_halos,BT_deep_Gamma_median,BT_deep_Gamma_q16,BT_deep_Gamma_q84,BT_soft_minus_PL_Gamma_median,BT_deep_minus_PL_Gamma_median,BT_soft_over_PL_Gamma_median,BT_deep_over_PL_Gamma_median
cumulative_envelope,5,630957344.4801933,1000000000.0,21,22,24.89723079548743,0.0386141672017785,,,,,,808808550.4104376,2933,2.180202811388785,0.5433404434204234,4.741828899330975,,,,,,,,,
cumulative_envelope,5,630957344.4801933,1000000000.0,22,23,22.54293708680676,0.0424755839219564,,,,,,803584419.495098,5706,2.142818496361874,0.4725039978618868,4.694847811509959,,,,,,,,,
cumulative_envelope,5,630957344.4801933,1000000000.0,23,24,20.402670078915232,0.046723142314152,,,,,,802443107.8781866,9483,2.09552363403946,0.4178894843380884,4.603199209887034,828430832.7573364,21.0,2.480133099906607,1.1773589568523937,3.976201545055544,,,,
cumulative_envelope,5,630957344.4801933,1000000000.0,24,25,18.45697279901384,0.0513954565455672,,,,,,799927667.8986557,13949,1.9704569379118893,0.3502418112671625,4.543034903921038,833752034.4053695,142.0,2.480133099906607,0.9086414112214584,4.483394545329356,,,,
cumulative_envelope,5,630957344.4801933,1000000000.0,25,26,16.68815709001258,0.0565350022001239,,,,,,797145888.2365478,18522,1.9511830668584649,0.3392406202093208,4.533061317386214,811986098.8045726,515.0,2.634171265285294,1.0263230134241916,5.3284969776440265,,,,
cumulative_envelope,5,630957344.4801933,1000000000.0,26,27,15.080142809102345,0.0621885024201363,840560240.2756835,31.0,3.6548770982968346,0.8818636601074934,6.21532026628755,795070548.9509166,22663,1.7548744099349565,0.0813489904338017,4.34164490164914,811015566.3839198,1408.0,2.4701568969932706,0.7222499792046861,4.859470653251445,-1.9000026883618781,-1.184720201303564,0.48014594273299216,0.6758522463434841
cumulative_envelope,5,630957344.4801933,1000000000.0,27,28,13.618311644638496,0.06840735266215,833972274.7097408,158.0,3.36646116653222,1.3599464532208552,6.449722221444864,793576488.7632936,25997,1.6475596821947478,0.0,4.20718702540297,808024636.6618422,3275.0,2.455156518167274,0.6462356913509473,5.00561264130748,-1.7189014843374724,-0.9113046483649461,0.4894040360762258,0.7292989274836407
cumulative_envelope,5,630957344.4801933,1000000000.0,28,29,12.289374222398628,0.075248087928365,825024048.0377526,526.0,3.2310132030139327,1.127507520788794,6.099746970358809,792602290.8334081,28504,1.510909781278105,0.0,4.096883034543748,804434708.1626049,6278.0,2.4058983109479097,0.5433404434204234,4.934922013062612,-1.7201034217358278,-0.825114892066023,0.4676272383748565,0.7446265798925412
cumulative_envelope,5,630957344.4801933,1000000000.0,29,30,11.08124929308966,0.0827728967212015,816690027.0279475,1378.0,3.092027643324373,1.135596798596592,6.20079731692262,791583320.4748104,30271,1.4616971903373392,0.0,4.026897235539583,800896169.8655962,10350.0,2.3108667318020526,0.5175044563839727,4.9521949692244265,-1.630330452987034,-0.7811609115223206,0.47273095811194144,0.7473628952804379
cumulative_envelope,5,630957344.4801933,1000000000.0,30,31,9.98295390280878,0.0910501863933217,810905303.3003947,3016.0,3.023041168440814,0.93107129052853,5.982926883576722,790842117.2050184,31376,1.249009092281784,0.0,3.6043642553363897,798050517.5163064,14984.0,2.2193234163134283,0.466696422399022,4.975130117324285,-1.7740320761590298,-0.8037177521273855,0.4131631104865113,0.734136021527647
cumulative_envelope,5,630957344.4801933,1000000000.0,31,32,8.984503548007982,0.1001552050326539,806759486.9022765,5494.0,2.845514127033721,0.9040228552631738,5.623682384014486,790326224.4629059,31991,1.1038868286794885,0.0,3.358833942903103,795015793.4001876,19541.0,2.0601032051916537,0.374513997039452,4.817011774168035,-1.7416272983542325,-0.7854109218420673,0.3879393246345344,0.7239827719074403
cumulative_envelope,5,630957344.4801933,1000000000.0,32,33,8.076821407279985,0.1101707255359193,802518650.8426148,8645.0,2.729813023921991,0.7904322986312354,5.601054809800218,790109485.047284,32372,0.9838187401692412,0.0,3.1239219208709903,793205455.7420924,23395.0,1.9488923396275464,0.3099989253929427,4.678559971238138,-1.7459942837527498,-0.7809206842944447,0.3603978483316649,0.7139288744499884
cumulative_envelope,5,630957344.4801933,1000000000.0,33,34,7.251655824799986,0.1211877980895112,799520341.6504537,12144.0,2.599204911556107,0.6681442094538217,5.554553528643092,789851916.7795994,32603,1.027772267100003,0.0,3.083098112140964,791247579.4519982,26489.0,1.866914509585733,0.2684708376886578,4.601174583413419,-1.571432644456104,-0.732290401970374,0.3954179458997291,0.7182636895172831
cumulative_envelope,5,630957344.4801933,1000000000.0,34,35,6.501505295272713,0.1333065778984624,797627487.1208603,15397.0,2.3880026820554137,0.5633696385430875,5.252133819705336,789765920.9991125,32677,0.7936770965111782,0.0,2.6024548383739066,790051868.2267838,28658.0,1.6475596821947518,0.0705123384419024,4.328229892972353,-1.5943255855442353,-0.7404429998606619,0.33236021989223247,0.6899320903511951
cumulative_envelope,5,630957344.4801933,1000000000.0,35,36,5.819550268429738,0.1466372356883086,795318554.0380102,18039.0,2.1662925995759386,0.4236709964942182,4.963777539880852,789701183.4976217,32739,0.854991197225362,0.0,2.546422764073073,789145281.1682578,30024.0,1.4678375726326285,0.0,4.011403210316236,-1.3113014023505767,-0.6984550269433101,0.3946794617646436,0.6775804768570802
cumulative_envelope,5,630957344.4801933,1000000000.0,36,37,5.199591153117943,0.1613009592571395,793835937.0564576,20009.0,1.929170986758512,0.252359100177029,4.575016797463376,789626347.0000092,32745,0.6428877292991696,0.0,2.2191553348701327,788474793.5909015,30836.0,1.2988550536925303,0.0,3.713769574608402,-1.2862832574593424,-0.6303159330659818,0.33324559290588396,0.6732710903323973
cumulative_envelope,5,630957344.4801933,1000000000.0,37,38,4.635991957379948,0.1774310551828535,792552810.1411526,21285.0,1.814416336444526,0.2638837453821169,4.464395494968743,789666272.3382403,32750,0.707158214223769,0.0,2.1819520160620978,788200959.7818043,31277.0,1.2865724823138955,0.0,3.682515695010141,-1.107258122220757,-0.5278438541306305,0.38974418385666343,0.7090833875730104
cumulative_envelope,5,630957344.4801933,1000000000.0,38,39,4.123629052163588,0.1951741607011388,791789648.608967,22106.0,1.5777248630898335,0.0,3.9801659467021153,789749164.221225,32731,0.5287808431510838,0.0,1.8321082466243157,788031242.3303615,31512.0,1.0705705253207989,0.0,3.1975700423558275,-1.0489440199387499,-0.5071543377690346,0.33515402813359585,0.6785533716089014
cumulative_envelope,5,630957344.4801933,1000000000.0,39,40,3.657844592875989,0.2146915767712527,791271744.6504452,22509.0,1.3567140581618595,0.0,3.5615293088292383,789805060.7623773,32686,0.440120898001926,0.0,1.6646216837748904,787867333.4526222,31628.0,0.9218476707040718,0.0,2.9413673522402486,-0.9165931601599335,-0.4348663874577877,0.32440210621700394,0.6794708620864699
cumulative_envelope,5,630957344.4801933,1000000000.0,40,41,3.234404175341808,0.236160734448378,790886503.0730594,22724.0,1.17899485540174,0.0,3.222315654261616,789782230.5713383,32627,0.360941077945516,0.0,1.4389489320658797,787844005.3667452,31616.0,0.7785532588054357,0.0,2.6051784899162977,-0.818053777456224,-0.4004415965963043,0.3061430474372393,0.6603533978442555
cumulative_envelope,5,630957344.4801933,1000000000.0,41,42,2.849458341219825,0.2597768078932159,790749171.638189,22789.0,1.1675651078011426,0.0,3.0799155556114486,789742094.1895852,32502,0.5147183558440038,0.0,1.5351575603053136,787822609.5496697,31544.0,0.8546376083822858,0.0,2.5998165129849835,-0.6528467519571388,-0.3129274994188569,0.44084766871233844,0.7319828270577661
cumulative_envelope,5,630957344.4801933,1000000000.0,42,43,2.4995075829271136,0.2857544886825375,790531122.5205846,22785.0,0.9280898705884691,0.0,2.619699237389655,789731270.8404543,32361,0.3619134686158216,0.0,1.2838113577975,787814302.5373981,31499.0,0.6537359237633549,0.0,2.1789237858662145,-0.5661764019726476,-0.27435394682511427,0.38995519731978645,0.704388599079143
cumulative_envelope,5,630957344.4801933,1000000000.0,43,44,2.1813705299337403,0.3143299375507912,790489966.437397,22709.0,0.7937616535252492,0.0,2.329555556564641,789770733.8764316,32193,0.2911801216640446,0.0,1.171194994353603,787739282.9561766,31397.0,0.5283526875833989,0.0,1.9331734296726069,-0.5025815318612046,-0.26540896594185026,0.36683571242180485,0.6656314086689403
cumulative_envelope,5,630957344.4801933,1000000000.0,44,45,1.8921550272124896,0.3457629313058704,790449152.7803322,22635.0,0.6813607425877704,0.0,2.063394570608209,789890335.7457111,31959,0.2403845046073973,0.0,1.044760983305718,787673942.009728,31239.0,0.4578930967300252,0.0,1.730196776284924,-0.44097623798037305,-0.22346764585774515,0.3528006378741902,0.6720274123674526
cumulative_envelope,5,630957344.4801933,1000000000.0,45,46,1.6292318429204444,0.3803392244364576,790556986.1301484,22503.0,0.7577538492768824,0.0,2.057252647126928,789892538.707497,31722,0.3791678134240283,0.0,1.1115586510310953,787703059.0555979,31072.0,0.5890851383334832,0.0,1.786284057387708,-0.3785860358528541,-0.1686687109433992,0.5003838829533689,0.7774096283319997
cumulative_envelope,5,630957344.4801933,1000000000.0,46,47,1.3902107662913137,0.4183731468801033,790452955.0573251,22372.0,0.573264624546582,0.0,1.732861061667532,789993449.851016,31468,0.2510532565447142,0.0,0.9337140605987696,787795953.4841535,30836.0,0.4232498777398875,0.0,1.513939827036562,-0.3222113680018678,-0.15001474680669452,0.4379360696524442,0.7383150112823599
cumulative_envelope,5,630957344.4801933,1000000000.0,47,48,1.1729188784466489,0.4602104615681135,790591202.2666831,22153.0,0.4766133035685152,0.0,1.5300233975381432,789681221.1816024,31204,0.188495379245267,0.0,0.8268711566892071,787666177.1997659,30534.0,0.3331820080030497,0.0,1.3218086567790233,-0.28811792432324823,-0.14343129556546552,0.3954891267909604,0.6990614938954455
cumulative_envelope,5,630957344.4801933,1000000000.0,48,49,0.9753807985878624,0.506231507724925,790528792.9851329,21936.0,0.3875361307412039,0.0,1.3701010796500113,789497399.4843258,30985,0.150542960677854,0.0,0.7430572648705078,787774329.6422544,30300.0,0.2624378109174136,0.0,1.1725921139527824,-0.2369931700633499,-0.12509831982379033,0.3884617426249383,0.6771957247327455
cumulative_envelope,5,630957344.4801933,1000000000.0,49,50,0.7958007259889663,0.5568546584974173,790455209.2532425,21746.0,0.4912930707811084,0.0,1.3883204733747363,789407851.8034276,30620,0.2644841364078892,0.0,0.8177585012729001,787730533.4176642,29965.0,0.4031143215550299,0.0,1.2361908841518148,-0.2268089343732192,-0.08817874922607849,0.5383428998650135,0.8205170101709702
cumulative_envelope,5,630957344.4801933,1000000000.0,50,51,0.6325461145354234,0.6125401243471593,790330850.4871022,21487.0,0.3596018385729424,0.0,1.1688265600619223,789552305.1809521,30242,0.1701747705443984,0.0,0.6751907459307714,787881218.7052277,29537.0,0.2730315980766342,0.0,1.037657385036772,-0.18942706802854403,-0.08657024049630824,0.4732310914196835,0.7592608512796907
cumulative_envelope,5,630957344.4801933,1000000000.0,51,52,0.4841328313958388,0.6737941367818755,790454925.6245294,21156.0,0.2920754597532488,0.0,1.0306013133118237,789634759.4850886,29833,0.1176981529879967,0.0,0.5919249718427428,787790374.7934686,29103.0,0.3364089829331633,0.0,1.026348738756771,-0.1743773067652521,0.044333523179914514,0.4029717289067369,1.1517879085677665
cumulative_envelope,5,630957344.4801933,1000000000.0,52,53,0.3492116649053081,0.7411735504600631,790552390.6234504,20860.0,0.231897422366234,0.0,0.9071530421790897,790069087.6633903,29366,0.075270627807364,0.0,0.5267460739312859,787694249.15104,28728.0,0.2183320821708569,0.0,0.8552337890654714,-0.15662679455887002,-0.013565340195377112,0.32458587525172927,0.9415028418299818
cumulative_envelope,5,630957344.4801933,1000000000.0,53,54,0.2265560590048256,0.8152909055060692,790807653.5938197,20711.0,0.3323367231631877,0.0,0.9471201526350348,790209460.0021725,29221,0.1781106166597673,0.0,0.5773660253061612,787591039.3444978,28583.0,0.2736724074176236,0.0,0.863278800687273,-0.1542261065034204,-0.05866431574556408,0.5359342024092517,0.8234792857461074
cumulative_envelope,5,630957344.4801933,1000000000.0,54,55,0.1150509627316598,0.8968199960566761,790715272.2843906,21095.0,0.2338780822447507,0.0,0.774739726721642,790000412.8760855,29941,0.1048468692509721,0.0,0.4717469576474625,787515969.4457556,29134.0,0.2459839000255183,0.0,0.7783149857752333,-0.12903121299377862,0.01210581778076758,0.4482971137981671,1.0517612324531505
cumulative_envelope,5,630957344.4801933,1000000000.0,55,56,0.0310962021397027,0.9698416092745054,790614715.0641938,22112.0,0.1438735233421912,0.0,0.8770247562153377,789634898.0789174,31500,0.1563808712118828,0.0,0.6595032231394342,787716939.3750683,30468.0,0.2447466866054732,0.0,0.9395646366397776,0.012507347869691599,0.100873163263282,1.0869329365066283,1.701123882421115
cumulative_envelope,6,1000000000.0,1584893192.461114,21,22,24.89723079548743,0.0386141672017785,,,,,,1270101970.7610831,3607,2.379337553344816,0.5785051289367347,4.7810236287953005,,,,,,,,,
cumulative_envelope,6,1000000000.0,1584893192.461114,22,23,22.54293708680676,0.0424755839219564,,,,,,1269311264.3987343,6239,2.294930645075984,0.5718655474724627,4.859470653251468,,,,,,,,,
cumulative_envelope,6,1000000000.0,1584893192.461114,23,24,20.402670078915232,0.046723142314152,,,,,,1266454591.57105,9364,2.2637030275497074,0.5175044563839704,4.975130117324285,1277102713.8965707,37.0,2.470156896993259,0.7606425636010168,5.103045965981979,,,,
cumulative_envelope,6,1000000000.0,1584893192.461114,24,25,18.45697279901384,0.0513954565455672,,,,,,1262523288.7077112,12566,2.1771556572971003,0.4346487195360155,4.920866379746612,1273072249.5822966,201.0,2.371441376022199,0.9664944642792558,5.548953084727904,,,,
cumulative_envelope,6,1000000000.0,1584893192.461114,25,26,16.68815709001258,0.0565350022001239,,,,,,1259333338.7413113,15650,2.0889679332910025,0.4465302832850127,4.899427737214755,1279869239.3840532,666.0,2.7295793646119906,0.902584566689324,5.329324025623688,,,,
cumulative_envelope,6,1000000000.0,1584893192.461114,26,27,15.080142809102345,0.0621885024201363,1296182732.5315883,79.0,3.742153773142921,1.751884918747609,6.328430631976908,1257083331.4125366,17915,1.944688833808809,0.3694470703010423,4.674391367371864,1275434619.0487187,1685.0,2.8053983294344493,0.9311277876907328,5.446185435641802,-1.7974649393341118,-0.9367554437084715,0.5196710107867973,0.7496747861000593
cumulative_envelope,6,1000000000.0,1584893192.461114,27,28,13.618311644638496,0.06840735266215,1276070098.1171706,260.0,3.811789139560009,1.6995695741608956,7.107617275708194,1255325672.4073875,19514,1.7675492914536612,0.2330207944161877,4.511870545108867,1269114882.2431128,3602.0,2.6294597461333367,0.7933444196187671,5.431336200723879,-2.044239848106348,-1.1823293934266723,0.4637059466667371,0.689822980721555
cumulative_envelope,6,1000000000.0,1584893192.461114,28,29,12.289374222398628,0.075248087928365,1285379174.196625,734.0,3.579641820617035,1.554835366221767,6.9033780360828585,1253816911.2755034,20697,1.6428491641308514,0.1238256646563146,4.323021307750639,1265439181.3674924,6214.0,2.599204911556107,0.7903109602567474,5.316948782270353,-1.9367926564861835,-0.980436909060928,0.4589423317910807,0.7261075386330338
cumulative_envelope,6,1000000000.0,1584893192.461114,29,30,11.08124929308966,0.0827728967212015,1279271180.6387944,1721.0,3.4994455458619824,1.3407038540516114,6.543054992633811,1252825327.425889,21367,1.5321539954963803,0.129322047030049,4.091218938583804,1261858045.4484432,9329.0,2.520848114762028,0.7122162034416797,5.455737413761163,-1.967291550365602,-0.9785974310999546,0.43782764309852423,0.7203564341050757
cumulative_envelope,6,1000000000.0,1584893192.461114,30,31,9.98295390280878,0.0910501863933217,1275471697.3100996,3422.0,3.1743590316654595,1.223642670170366,6.290537241276648,1252363287.4315102,21730,1.3300469026160415,0.0,3.6860372108642143,1258863622.262405,12407.0,2.384048071408712,0.611732027855333,5.298130385642804,-1.844312129049418,-0.7903109602567473,0.4189969972987646,0.751032900698034
cumulative_envelope,6,1000000000.0,1584893192.461114,31,32,8.984503548007982,0.1001552050326539,1268860982.6184273,5709.0,3.068819984821312,1.0987133059624357,6.162482288078948,1251915982.246307,21944,1.1864162075223477,0.0,3.4931410786437804,1255440181.4186494,15097.0,2.216281780947204,0.5099556448296365,5.067113087875308,-1.8824037772989644,-0.8525382038741078,0.3866033893778325,0.7221934788971506
cumulative_envelope,6,1000000000.0,1584893192.461114,32,33,8.076821407279985,0.1101707255359193,1263541410.2699542,8284.0,2.888369118414724,0.9664944642792648,6.060377111428666,1251622917.005403,22041,1.0807918969601131,0.0,3.2140677590447777,1252191255.5171354,17122.0,2.0512885014982767,0.4494165417024868,4.965789928919934,-1.807577221454611,-0.8370806169164475,0.37418759606227325,0.7101891819921279
cumulative_envelope,6,1000000000.0,1584893192.461114,33,34,7.251655824799986,0.1211877980895112,1260415233.5280828,10518.0,2.6741932778061592,0.8513906099010629,5.8286085272867165,1251519193.7808075,22090,1.0487116637160747,0.0,3.063615983680251,1250032496.0954251,18488.0,1.961118971448584,0.3883652750819827,4.92233548074708,-1.6254816140900845,-0.7130743063575753,0.392160010429916,0.7333497498944566
cumulative_envelope,6,1000000000.0,1584893192.461114,34,35,6.501505295272713,0.1333065778984624,1257948280.8944252,12372.0,2.4551565181672794,0.7292106233674517,5.467068702197465,1251462910.6098125,22103,0.8713068822335063,0.0,2.674791694718709,1249027373.8516788,19372.0,1.7195749422432187,0.2208677659766378,4.457144994588476,-1.583849635933773,-0.7355815759240607,0.3548885277928911,0.7003932048808211
cumulative_envelope,6,1000000000.0,1584893192.461114,35,36,5.819550268429738,0.1466372356883086,1255644784.641341,13718.0,2.239592186712254,0.59309857048738,5.107183447349654,1251513803.4239342,22113,0.8796037897741337,0.0,2.6226044714120325,1248508706.6876304,19814.0,1.605674836830873,0.1405227005449329,4.264160171844818,-1.3599883969381206,-0.633917349881381,0.3927517674837943,0.7169496510826917
cumulative_envelope,6,1000000000.0,1584893192.461114,36,37,5.199591153117943,0.1613009592571395,1254607274.9214334,14540.0,2.0260426261659785,0.4158934855190561,4.816300251428313,1251606062.009016,22094,0.692667364199052,0.0,2.2339543009992107,1248177413.6661098,20043.0,1.404454213582976,0.0,3.8819501251707456,-1.3333752619669266,-0.6215884125830025,0.3418819304457748,0.6932007231460487
cumulative_envelope,6,1000000000.0,1584893192.461114,37,38,4.635991957379948,0.1774310551828535,1253192088.7055666,15050.0,1.8510483362497925,0.3981032840911517,4.555038857316129,1251576481.1124408,22077,0.7527618267765283,0.0,2.254214922291666,1247839617.3703823,20145.0,1.3189797820021265,0.0,3.744601799929798,-1.0982865094732643,-0.532068554247666,0.40666783899420855,0.7125582601880445
cumulative_envelope,6,1000000000.0,1584893192.461114,38,39,4.123629052163588,0.1951741607011388,1252242644.3045044,15279.0,1.6116096711149972,0.1745914281058045,4.0784703224717545,1251511333.4677677,22096,0.5803858302331815,0.0,1.8886833688994025,1247842194.1091952,20208.0,1.1419506127776506,0.0,3.367128497338303,-1.0312238408818157,-0.46965905833734656,0.36012803883935474,0.7085776619766674
cumulative_envelope,6,1000000000.0,1584893192.461114,39,40,3.657844592875989,0.2146915767712527,1251931244.1316898,15426.0,1.3787425975611312,0.0574754917831752,3.6566292204121247,1251576479.9017017,22053,0.4802227439645542,0.0,1.7016139041561449,1247983616.8969204,20235.0,0.9744004782233106,0.0,3.024977463928464,-0.8985198535965769,-0.4043421193378206,0.3483048574940849,0.7067312491446448
cumulative_envelope,6,1000000000.0,1584893192.461114,40,41,3.234404175341808,0.236160734448378,1251779092.7377937,15498.0,1.220427907997407,0.0,3.1758086937725025,1251588500.1906595,22000,0.4194340927809434,0.0,1.5138431435532806,1248006187.5234375,20217.0,0.8512756013332983,0.0,2.7172934489551857,-0.8009938152164635,-0.3691523066641087,0.34367789365714385,0.697522234418706
cumulative_envelope,6,1000000000.0,1584893192.461114,41,42,2.849458341219825,0.2597768078932159,1251615856.6396904,15491.0,1.1684863106139505,0.0,3.071051852472223,1251572423.109524,21928,0.5491623205087777,0.0,1.5800504930183086,1247982313.24896,20198.0,0.8878796152293189,0.0,2.6198800517311733,-0.6193239901051728,-0.28060669538463157,0.46997753890692545,0.7598545290297889
cumulative_envelope,6,1000000000.0,1584893192.461114,42,43,2.4995075829271136,0.2857544886825375,1251332992.4360116,15467.0,0.9726733159974884,0.0,2.709686754179531,1251662558.5089345,21849,0.4180617654692634,0.0,1.3338442090111775,1248064379.065918,20140.0,0.7002196986266048,0.0,2.243064565930912,-0.554611550528225,-0.2724536173708836,0.4298069645722068,0.7198919586978912
cumulative_envelope,6,1000000000.0,1584893192.461114,43,44,2.1813705299337403,0.3143299375507912,1251335453.805734,15409.0,0.8345088966580028,0.0,2.306189542782744,1251776290.913612,21733,0.3406923948456102,0.0,1.1774985925321315,1248349411.9778028,20057.0,0.5892070842896641,0.0,2.0008811757288982,-0.49381650181239256,-0.2453018123683387,0.40825495834735515,0.7060524898527619
cumulative_envelope,6,1000000000.0,1584893192.461114,44,45,1.8921550272124896,0.3457629313058704,1251415930.382358,15318.0,0.7408834062920875,0.0,2.0461382207133934,1251997952.153516,21600,0.2833941192693433,0.0,1.0631166653618014,1248447612.443082,19972.0,0.5117255291398468,0.0,1.825736075106115,-0.45748928702274416,-0.22915787715224067,0.38250839047354424,0.6906964372449489
cumulative_envelope,6,1000000000.0,1584893192.461114,45,46,1.6292318429204444,0.3803392244364576,1251525905.2327402,15235.0,0.7646913492506664,0.0,2.038914150704213,1252183326.2264073,21449,0.3939011538067309,0.0,1.112809592144871,1248257774.1871598,19881.0,0.6246778315108582,0.0,1.8119691481873803,-0.3707901954439355,-0.1400135177398082,0.5151112984248104,0.816901920131554
cumulative_envelope,6,1000000000.0,1584893192.461114,46,47,1.3902107662913137,0.4183731468801033,1251815965.087175,15164.0,0.5839226808344801,0.0,1.6871169352644997,1252021710.9211874,21306,0.3015661364881263,0.0,0.9465169555482716,1248078347.333782,19749.0,0.4720197725421098,0.0,1.5159357022903812,-0.28235654434635377,-0.11190290829237026,0.5164487463599806,0.8083600586768602
cumulative_envelope,6,1000000000.0,1584893192.461114,47,48,1.1729188784466489,0.4602104615681135,1251980472.391215,15068.0,0.5030666778325489,0.0,1.5066672194784916,1251845973.4413216,21111,0.2372932227193556,0.0,0.8407598504879544,1248226317.4229383,19580.0,0.3850497310956728,0.0,1.3756393928473942,-0.2657734551131933,-0.11801694673687607,0.4716933821610446,0.7654049613356437
cumulative_envelope,6,1000000000.0,1584893192.461114,48,49,0.9753807985878624,0.506231507724925,1251704919.579419,14890.0,0.445485681936174,0.0,1.352157117707184,1251861353.4109793,20905,0.1854156875791885,0.0,0.7505227611686252,1248527142.630941,19420.0,0.3113113799123817,0.0,1.1998918348859002,-0.2600699943569855,-0.13417430202379227,0.4162102062929006,0.6988134356178571
cumulative_envelope,6,1000000000.0,1584893192.461114,49,50,0.7958007259889663,0.5568546584974173,1251391105.9242797,14733.0,0.5190126332554268,0.0,1.3500839750399245,1251710789.9773197,20678,0.2837188685557205,0.0,0.8028591872446168,1248543454.5879858,19219.0,0.4259389283033573,0.0,1.201656918019694,-0.2352937646997063,-0.09307370495206951,0.5466511802923516,0.8206716002878792
cumulative_envelope,6,1000000000.0,1584893192.461114,50,51,0.6325461145354234,0.6125401243471593,1251282830.4876735,14527.0,0.399121418270527,0.0,1.1748557413386431,1251603183.2592402,20447,0.2035799445736872,0.0,0.6929800947731191,1248504829.941533,18952.0,0.3227918880849312,0.0,1.0569563484137765,-0.1955414736968398,-0.0763295301855958,0.5100702073465259,0.8087561160802973
cumulative_envelope,6,1000000000.0,1584893192.461114,51,52,0.4841328313958388,0.6737941367818755,1251266039.240151,14294.0,0.3400996034843213,0.0,1.0200973728052465,1251313042.063398,20152,0.1519193589823271,0.0,0.5944965682238964,1248618961.973306,18643.0,0.3695867933605502,0.0,1.0297861387039895,-0.18818024450199416,0.029487189876228947,0.4466907853637961,1.0867016296818126
cumulative_envelope,6,1000000000.0,1584893192.461114,52,53,0.3492116649053081,0.7411735504600631,1251188953.1913898,14146.0,0.2714636279221872,0.0,0.8988615740323073,1251580617.962144,19821,0.1071853729327102,0.0,0.5249787482685256,1248332733.2110343,18419.0,0.2565126552856474,0.0,0.8511350000137884,-0.164278254989477,-0.014950972636539828,0.39484248314633885,0.944924582527036
cumulative_envelope,6,1000000000.0,1584893192.461114,53,54,0.2265560590048256,0.8152909055060692,1250616381.6562958,14150.0,0.3452125673171304,0.0,0.9042062596819764,1252264124.7210553,19716,0.194239704976439,0.0,0.5714611049834851,1247694844.009365,18384.0,0.2950244590878269,0.0,0.820365948759812,-0.1509728623406914,-0.05018810822930353,0.5626669575965935,0.8546167985153388
cumulative_envelope,6,1000000000.0,1584893192.461114,54,55,0.1150509627316598,0.8968199960566761,1250607591.666449,14396.0,0.254036773246425,0.0,0.7662931991563238,1252333707.8494697,20224,0.1277860453041664,0.0,0.4639151830870398,1247702559.7545297,18724.0,0.2673514845692971,0.0,0.7527387002790599,-0.12625072794225858,0.013314711322872097,0.5030218407797569,1.052412535211807
cumulative_envelope,6,1000000000.0,1584893192.461114,55,56,0.0310962021397027,0.9698416092745054,1251150576.8730347,14994.0,0.1801454173204107,0.0,0.8431470163659077,1252006020.8086293,21269,0.1676904955745502,0.0,0.6191557334416702,1247762581.0312295,19513.0,0.2643666579037188,0.0,0.9155081344180634,-0.012454921745860492,0.08422124058330813,0.9308618452185887,1.4675180853116587
cumulative_envelope,11,10000000000.0,15848931924.61114,21,22,24.89723079548743,0.0386141672017785,,,,,,12584909292.972012,1758,3.255313560679921,1.2322056240343169,6.886869294846501,,,,,,,,,
cumulative_envelope,11,10000000000.0,15848931924.61114,22,23,22.54293708680676,0.0424755839219564,,,,,,12560134042.75291,2181,3.146369870614149,1.291484705109324,6.940826232466748,12196036653.816666,25.0,3.5922485160035813,0.8843023477262563,7.189007658559986,,,,
cumulative_envelope,11,10000000000.0,15848931924.61114,23,24,20.402670078915232,0.046723142314152,,,,,,12545371822.342876,2497,3.0138899679793467,1.199023333666287,6.500785927725794,12360530268.267572,98.0,3.4284668947043744,1.6717043977268782,6.7923754596205415,,,,
cumulative_envelope,11,10000000000.0,15848931924.61114,24,25,18.45697279901384,0.0513954565455672,,,,,,12549989058.038836,2671,2.788013212830361,1.1648249572961975,6.503860785888775,12645129776.973017,264.0,4.145132526741167,1.951280575276894,7.09422264486714,,,,
cumulative_envelope,11,10000000000.0,15848931924.61114,25,26,16.68815709001258,0.0565350022001239,12455566697.398994,69.0,4.979596092128933,2.8532976432110435,9.013179196886805,12545071723.70762,2756,2.674503876067391,1.1043188422612424,6.371458760469654,12605100292.9801,574.0,3.784908143331654,1.803496782944813,7.1640685410921,-2.3050922160615417,-1.194687948797279,0.5370925325238491,0.7600833628483084
cumulative_envelope,11,10000000000.0,15848931924.61114,26,27,15.080142809102345,0.0621885024201363,12745666780.659258,201.0,5.13618651024886,3.178456762139612,8.482699836331626,12536923621.91216,2799,2.429407433466061,0.9582859336923916,6.079179377885375,12618938313.73371,978.0,3.521613720644271,1.474674286908039,6.764293505774827,-2.7067790767827993,-1.6145727896045896,0.47299828941538,0.6856475545849366
cumulative_envelope,11,10000000000.0,15848931924.61114,27,28,13.618311644638496,0.06840735266215,12669331418.05288,497.0,4.920866379746612,2.3014996142125965,8.98006336442047,12532275432.61605,2810,2.13712022601876,0.8483950813069372,5.212475941106331,12551100182.424606,1376.0,3.5377709219818487,1.582714441634286,7.230503944172667,-2.783746153727852,-1.3830954577647634,0.43429755272664117,0.7189325311783852
cumulative_envelope,11,10000000000.0,15848931924.61114,28,29,12.289374222398628,0.075248087928365,12646936692.695765,867.0,4.833371423757712,2.1124932120127515,8.7582881069486,12530911950.832098,2808,1.971494390017905,0.69530603997899,5.015364466330201,12519878650.517134,1675.0,3.526691423761434,1.4596121988712865,7.488344411892998,-2.861877033739807,-1.3066799999962782,0.40789217653071724,0.7296545443262463
cumulative_envelope,11,10000000000.0,15848931924.61114,29,30,11.08124929308966,0.0827728967212015,12635820722.85127,1247.0,4.341422695036975,2.0391396674983087,8.229375071583991,12528822750.190228,2810,1.874758993366744,0.6270512703543221,4.8327139858734665,12516697289.233189,1904.0,3.084258957031027,1.3132837905792585,6.882672028346086,-2.4666637016702313,-1.2571637380059482,0.4318305599475328,0.7104258612175424
cumulative_envelope,11,10000000000.0,15848931924.61114,30,31,9.98295390280878,0.0910501863933217,12566298794.297443,1552.0,4.332911062970715,2.193638042809673,8.18668579396333,12535788000.94602,2812,1.683177767089205,0.4923886998749326,4.441254750643156,12504375582.02086,2003.0,3.028124746941858,1.3385806004288614,6.881902495978802,-2.64973329588151,-1.3047863160288569,0.3884634931636909,0.6988661209366541
cumulative_envelope,11,10000000000.0,15848931924.61114,31,32,8.984503548007982,0.1001552050326539,12537170997.614204,1744.0,3.8197787616107215,1.919331214724004,7.702545621438479,12534965355.687878,2818,1.5361492432141042,0.4087959736487567,4.080256182201386,12490003994.949911,2053.0,2.9797000147544668,1.3147711515227176,6.683900777045578,-2.2836295183966175,-0.8400787468562547,0.4021566009666858,0.7800713603365838
cumulative_envelope,11,10000000000.0,15848931924.61114,32,33,8.076821407279985,0.1101707255359193,12530575382.660229,1831.0,3.4254304202536017,1.689921728225346,7.511076042074766,12534889532.518717,2819,1.4915359115270324,0.3273869671455915,4.305336458029836,12490612958.85642,2064.0,2.498008879251907,1.0509769139883665,6.095737891353482,-1.9338945087265693,-0.9274215410016948,0.43543021709271984,0.7292540127167338
cumulative_envelope,11,10000000000.0,15848931924.61114,33,34,7.251655824799986,0.1211877980895112,12528314576.480114,1885.0,3.098957256188857,1.552041539492535,6.823210326890233,12534927260.350395,2810,1.392771053110316,0.2975490025954179,3.946204929474554,12487121811.281317,2066.0,2.3770029223923936,1.0010415836710245,5.702560594323107,-1.7061862030785413,-0.7219543337964636,0.44943215990760904,0.7670331424047024
cumulative_envelope,11,10000000000.0,15848931924.61114,34,35,6.501505295272713,0.1333065778984624,12516157555.822062,1902.0,2.7273003737420467,1.3420109295035365,6.128285459013577,12535211829.299437,2814,1.237705850889265,0.1245158973394642,3.459385929651949,12481733775.982964,2071.0,2.1220936874733063,0.804977476340763,5.083747280776716,-1.4895945228527816,-0.6052066862687404,0.4538208782595685,0.77809313117999
cumulative_envelope,11,10000000000.0,15848931924.61114,35,36,5.819550268429738,0.1466372356883086,12519577254.262203,1906.0,2.425381783808959,1.1552005739062987,5.6537014767334,12532206092.740746,2817,1.1265627254376869,0.1092410027565737,3.096782424624001,12485544218.124533,2084.0,1.9777668236425872,0.7498012892047071,5.023712671186685,-1.298819058371272,-0.4476149601663717,0.46448882108303297,0.8154455668981683
cumulative_envelope,11,10000000000.0,15848931924.61114,36,37,5.199591153117943,0.1613009592571395,12524338193.63665,1914.0,2.1983076240087542,1.0020680771129449,5.190133671863615,12533864196.410442,2816,0.9339574139666766,0.0,2.7325009882532623,12490917747.888475,2081.0,1.815594758689876,0.5693817186092215,4.667759116654791,-1.2643502100420776,-0.38271286531887827,0.4248529203858856,0.825905682562763
cumulative_envelope,11,10000000000.0,15848931924.61114,37,38,4.635991957379948,0.1774310551828535,12524170918.147972,1917.0,1.9496923337076493,0.7942432138758098,4.7686816765004725,12533033047.40673,2830,0.9264916355011712,0.0256314241641516,2.894220743915941,12495153028.283146,2077.0,1.7488990782595333,0.5358040866864656,4.667142176761162,-1.023200698206478,-0.200793255448116,0.47519889137549226,0.8970128507064108
cumulative_envelope,11,10000000000.0,15848931924.61114,38,39,4.123629052163588,0.1951741607011388,12521372433.061165,1916.0,1.8069130941808549,0.5849507253174255,4.280888850370028,12534134114.425411,2833,0.8206947926043661,0.0,2.395822078378837,12496134413.887196,2081.0,1.4572856397051563,0.2603947090124002,4.077422120655833,-0.9862183015764888,-0.34962745447569854,0.45419715826256685,0.8065056611733734
cumulative_envelope,11,10000000000.0,15848931924.61114,39,40,3.657844592875989,0.2146915767712527,12523883076.404743,1914.0,1.5644276872616132,0.4421661654835467,3.853519359077484,12533426683.686152,2823,0.7277445322931757,0.0,2.0901208633319146,12493815858.943882,2079.0,1.3500866916277647,0.129451123273957,3.9030290938440895,-0.8366831549684375,-0.21434099563384845,0.46518259566667836,0.8629907937713422
cumulative_envelope,11,10000000000.0,15848931924.61114,40,41,3.234404175341808,0.236160734448378,12522787720.780342,1918.0,1.3517890019475656,0.249633790356231,3.421950359591484,12533147304.343184,2823,0.6696518033935781,0.0,2.0924239233115083,12495858959.503876,2072.0,1.182955246234426,0.0587179229281028,3.2994803687232626,-0.6821371985539875,-0.16883375571313963,0.4953818994153595,0.8751034699425018
cumulative_envelope,11,10000000000.0,15848931924.61114,41,42,2.849458341219825,0.2597768078932159,12520105462.374157,1919.0,1.2860061854129878,0.2672622101151752,3.308627803257389,12531870492.292025,2827,0.7171280860936752,0.0,1.9906209797798209,12490578058.299854,2072.0,1.1288820456760345,0.1060453840095558,3.1789193141503045,-0.5688780993193127,-0.15712413973695338,0.5576396865178194,0.8778200746472347
cumulative_envelope,11,10000000000.0,15848931924.61114,42,43,2.4995075829271136,0.2857544886825375,12525290989.574038,1915.0,1.154071157397308,0.1068415446206017,2.9531490572848145,12533902766.818169,2829,0.6075801377946086,0.0,1.7743423241255487,12488932976.62227,2075.0,0.9842061077235852,0.0,2.822939922098453,-0.5464910196026993,-0.16986504967372273,0.5264667901109664,0.8528123256655968
cumulative_envelope,11,10000000000.0,15848931924.61114,43,44,2.1813705299337403,0.3143299375507912,12525325019.18922,1911.0,0.973627264238092,0.0,2.5785318110587165,12536909009.048218,2820,0.5072839773000064,0.0,1.5430698450843363,12488686488.545666,2073.0,0.9029848401064694,0.0,2.557450992639048,-0.4663432869380856,-0.07064242413162258,0.5210248273983775,0.9274440777016413
cumulative_envelope,11,10000000000.0,15848931924.61114,44,45,1.8921550272124896,0.3457629313058704,12520245986.648249,1906.0,0.8938397054209417,0.0,2.1271184254212674,12532387351.074366,2810,0.4613427490258716,0.0,1.3438754685820455,12485650882.02076,2069.0,0.7408644075354367,0.0,2.2504571771921063,-0.43249695639507013,-0.152975297885505,0.516135886812735,0.8288560052124073
cumulative_envelope,11,10000000000.0,15848931924.61114,45,46,1.6292318429204444,0.3803392244364576,12517747022.271894,1901.0,0.8494827356014614,0.0266849373113804,2.317742214781415,12525685487.331127,2794,0.5154778321620026,0.0,1.3567248072923193,12489926575.793314,2065.0,0.8117996532760666,0.0,2.317673478235654,-0.33400490343945877,-0.037683082325394746,0.6068137827392426,0.9556399668338005
cumulative_envelope,11,10000000000.0,15848931924.61114,46,47,1.3902107662913137,0.4183731468801033,12516576390.841778,1900.0,0.7517493827615491,0.0,1.861407555062436,12532813052.19562,2776,0.4350009330544915,0.0,1.1681223617864416,12491627717.382574,2063.0,0.6908701756683491,0.0,1.9793501924215309,-0.3167484497070576,-0.06087920709320005,0.5786515333827303,0.919016618451271
cumulative_envelope,11,10000000000.0,15848931924.61114,47,48,1.1729188784466489,0.4602104615681135,12507381924.709452,1893.0,0.6541372468579137,0.0,1.603859193317292,12541519861.578386,2758,0.3665051142671613,0.0,0.9880314674075767,12481371726.770603,2046.0,0.621368165476636,0.0,1.6234887088044232,-0.28763213259075243,-0.032769081381277765,0.5602877928563675,0.949904883816537
cumulative_envelope,11,10000000000.0,15848931924.61114,48,49,0.9753807985878624,0.506231507724925,12513169880.382587,1877.0,0.5773554414632736,0.0,1.4596041389226515,12545720636.008425,2734,0.3352325571477522,0.0,0.9295011042632948,12481719827.52984,2033.0,0.5017156773100475,0.0,1.4427270721176575,-0.24212288431552137,-0.07563976415322604,0.5806346196341805,0.8689892590922474
cumulative_envelope,11,10000000000.0,15848931924.61114,49,50,0.7958007259889663,0.5568546584974173,12521223708.378122,1859.0,0.5550685131606681,0.0,1.3511572129908065,12543830513.26487,2707,0.3976703319955931,0.0,0.9290792737118588,12478646671.937626,1997.0,0.5443449018513212,0.0,1.3872265606570362,-0.15739818116507498,-0.010723611309346848,0.7164346789032959,0.9806805627502009
cumulative_envelope,11,10000000000.0,15848931924.61114,50,51,0.6325461145354234,0.6125401243471593,12525296169.81018,1833.0,0.5056677874951679,0.0,1.1801516640951952,12545105034.07243,2675,0.3152493700449815,0.0,0.776998003333832,12486460267.663584,1975.0,0.4408424167662665,0.0,1.2082801700024306,-0.19041841745018645,-0.06482537072890143,0.6234317823695541,0.8718024514671683
cumulative_envelope,11,10000000000.0,15848931924.61114,51,52,0.4841328313958388,0.6737941367818755,12508250497.765724,1798.0,0.4587722650661518,0.0,1.044523175597169,12542269908.458605,2634,0.2796405864400967,0.0,0.712562669962523,12497516794.687696,1942.0,0.4869794100066524,0.0,1.1740472512611464,-0.1791316786260551,0.028207144940500584,0.609541177036442,1.0614839803719027
cumulative_envelope,11,10000000000.0,15848931924.61114,52,53,0.3492116649053081,0.7411735504600631,12495916633.186195,1803.0,0.4219566601230876,0.0,0.942902883214962,12532336733.228231,2617,0.2388305773214815,0.0,0.601517775021106,12490163561.573776,1933.0,0.3913146771000117,0.0,0.9940128863519018,-0.18312608280160608,-0.03064198302307586,0.5660073649550004,0.9273812077900669
cumulative_envelope,11,10000000000.0,15848931924.61114,53,54,0.2265560590048256,0.8152909055060692,12493754895.727638,1800.0,0.4192754747384153,0.025374409795624,0.8940792539122496,12532153567.16976,2631,0.2772560604977351,0.0,0.6084687249967431,12475887077.417234,1931.0,0.4233447009337013,0.0,0.998925777676332,-0.1420194142406802,0.004069226195285991,0.661274215170144,1.0097053761559145
cumulative_envelope,11,10000000000.0,15848931924.61114,54,55,0.1150509627316598,0.8968199960566761,12501752459.89866,1812.0,0.3505685381155985,0.0,0.7295966314712669,12544475678.279074,2677,0.2277933081446186,0.0,0.5538039757215586,12468598803.818571,1971.0,0.3581586294990382,0.0,0.8728379822167929,-0.12277522997097992,0.00759009138343969,0.6497825200432125,1.0216508059286737
cumulative_envelope,11,10000000000.0,15848931924.61114,55,56,0.0310962021397027,0.9698416092745054,12504618119.585575,1874.0,0.3212996508813207,0.0,0.7586309647952706,12544952275.430454,2752,0.2320638364450262,0.0,0.5846881502684924,12479276162.39172,2033.0,0.3200063624257216,0.0,0.8213302883497625,-0.08923581443629447,-0.001293288455599062,0.7222660709667073,0.9959748214725674
cumulative_envelope,16,100000000000.0,158489319246.11142,21,22,24.89723079548743,0.0386141672017785,,,,,,125614906137.13548,338,3.721256928819993,1.893315703724788,7.57029047378287,,,,,,,,,
cumulative_envelope,16,100000000000.0,158489319246.11142,22,23,22.54293708680676,0.0424755839219564,,,,,,125589478601.62093,357,3.7558743601918967,1.677111630775613,8.356529540236922,128490131509.94472,29.0,3.4074006030672983,1.8912248367957816,6.891092702844336,,,,
cumulative_envelope,16,100000000000.0,158489319246.11142,23,24,20.402670078915232,0.046723142314152,,,,,,125833355594.13176,360,3.510248006910485,1.6199177783895284,6.967357041612434,127693552123.36057,64.0,4.2124454748528,2.3040718545179435,8.197653995519493,,,,
cumulative_envelope,16,100000000000.0,158489319246.11142,24,25,18.45697279901384,0.0513954565455672,127915993887.45644,31.0,4.642196043831463,1.4873921666731993,10.329467301452452,125603391243.20996,362,3.218728888709304,1.3411044062582969,6.614542115806678,126355227033.86218,131.0,5.312391284336736,2.381978314916411,8.480903608571117,-1.4234671551221592,0.6701952405052731,0.6933634121261082,1.1443703010767559
cumulative_envelope,16,100000000000.0,158489319246.11142,25,26,16.68815709001258,0.0565350022001239,127761773741.54546,74.0,6.69041236070903,3.94724604421134,10.87704620480829,125727517779.44214,366,3.200403246855168,1.5781344790393554,6.913245085851642,125850879685.5586,195.0,4.340652795915704,2.1893132106486246,9.290201307161428,-3.490009113853862,-2.3497595647933256,0.47835665042864395,0.6487870346239308
cumulative_envelope,16,100000000000.0,158489319246.11142,26,27,15.080142809102345,0.0621885024201363,127353691849.06293,153.0,6.11003361646412,2.99065742987198,10.39800337936047,125809849669.24678,366,3.014944995276156,1.524043934026362,6.842913337208663,125874751574.354,235.0,3.9045368512531855,2.201120773084745,8.6109382950096,-3.0950886211879642,-2.2054967652109347,0.49344163789084133,0.6390368852852144
cumulative_envelope,16,100000000000.0,158489319246.11142,27,28,13.618311644638496,0.06840735266215,125838499586.26398,213.0,5.821403117004218,2.950502957638078,10.281127716985004,125731175527.1808,363,2.729176980816228,1.4042122302478213,6.9240027733580245,125659386126.3925,255.0,4.183802384290917,2.339750624876845,8.393675383270738,-3.09222613618799,-1.6376007327133006,0.4688177276100927,0.7186931226374107
cumulative_envelope,16,100000000000.0,158489319246.11142,28,29,12.289374222398628,0.075248087928365,125951604360.0677,242.0,6.270012551179882,3.329845960049207,11.05022246202021,125614763968.8702,359,2.552399358260089,1.2144301486234694,6.311605402878633,125505968078.36375,266.0,4.23429497588028,2.263389460445148,7.64416912514405,-3.7176131929197926,-2.0357175752996017,0.4070804224753557,0.675324800599239
cumulative_envelope,16,100000000000.0,158489319246.11142,29,30,11.08124929308966,0.0827728967212015,125501108188.0114,256.0,4.517602319804402,2.6401958444459224,8.623978959596649,125684478644.06276,362,2.3090012702815064,1.107293276396666,5.504466212750292,125397741391.88232,271.0,4.174588380936288,1.986255863377785,7.856988978103743,-2.2086010495228954,-0.34301393886811393,0.5111121136447174,0.9240716834759007
cumulative_envelope,16,100000000000.0,158489319246.11142,30,31,9.98295390280878,0.0910501863933217,125201351262.7615,267.0,4.60847722352492,2.757177002606827,8.583309226058915,125693153028.85852,363,2.189093905970225,1.0506901084459102,5.163984363475901,125153366610.4678,275.0,3.83506238766366,1.7690801705928525,8.034990026851093,-2.4193833175546953,-0.77341483586126,0.4750145872036743,0.8321756193318685
cumulative_envelope,16,100000000000.0,158489319246.11142,31,32,8.984503548007982,0.1001552050326539,125117964136.7292,267.0,4.151645908792277,2.2894118633807894,8.723206676751134,125478450132.80511,364,2.0321265099725974,0.8325553039717728,5.05900926772276,125215799843.93048,275.0,3.2577630953056387,1.8468838136634051,7.434874917396373,-2.11951939881968,-0.8938828134866386,0.4894749105816077,0.7846919431174054
cumulative_envelope,16,100000000000.0,158489319246.11142,32,33,8.076821407279985,0.1101707255359193,125171216660.50195,267.0,3.707060172383076,2.026146927827592,7.769552365639869,125502494076.02402,361,1.9432346163528955,0.8082296627468042,5.033621481842309,125303674484.12534,276.0,3.1160303866467727,1.8616937074912667,7.266237799945941,-1.7638255560301805,-0.5910297857363034,0.5241982935237037,0.8405664439602659
cumulative_envelope,16,100000000000.0,158489319246.11142,33,34,7.251655824799986,0.1211877980895112,125399978113.42683,268.0,3.2012332845722185,1.7765546788254971,6.5944587830907295,125686570287.46512,361,1.922270307380178,0.7611317714600521,4.183588314284502,125174887091.06444,277.0,2.7825781834705428,1.5946103377392276,6.476955940335973,-1.2789629771920406,-0.4186551011016757,0.6004780459594188,0.869220683441188
cumulative_envelope,16,100000000000.0,158489319246.11142,34,35,6.501505295272713,0.1333065778984624,125414339352.4838,268.0,2.9890275894352616,1.7109557209862012,6.345609080151568,125680646498.62578,363,1.6960375010578583,0.7260973173240315,4.821973104990232,125214642650.13802,275.0,2.656440465400612,1.2852034722325467,6.021008921276126,-1.2929900883774033,-0.3325871240346494,0.5674211596615951,0.8887306610316409
cumulative_envelope,16,100000000000.0,158489319246.11142,35,36,5.819550268429738,0.1466372356883086,125375108128.02408,269.0,2.605171745144088,1.541750854426463,6.187242148156896,125590793143.5053,364,1.5185160042025267,0.415745043909592,3.96318520548041,125290622204.24551,271.0,2.389643627641568,1.188347858314741,5.98788205279482,-1.0866557409415614,-0.2155281175025201,0.5828851809992819,0.9172691328683977
cumulative_envelope,16,100000000000.0,158489319246.11142,36,37,5.199591153117943,0.1613009592571395,125260975159.1522,271.0,2.6388429399437614,1.3353864724784332,5.823734362368492,125635923039.9358,366,1.3467209404687304,0.2096581801207835,3.943092438201674,125381613770.85794,271.0,2.365776669760256,1.1266458513556512,5.434686156367844,-1.292121999475031,-0.2730662701835054,0.5103452426378325,0.8965204536995578
cumulative_envelope,16,100000000000.0,158489319246.11142,37,38,4.635991957379948,0.1774310551828535,125217077056.1307,270.0,2.2298789163048665,1.3509998815447175,4.940678353057226,125669689088.82571,367,1.0967985646867189,0.1423731065046105,2.7937616677890325,125450211443.84335,274.0,2.2126896817814483,1.0465042632849446,5.191425292340623,-1.1330803516181476,-0.01718923452341814,0.49186462846342544,0.9922914045252724
cumulative_envelope,16,100000000000.0,158489319246.11142,38,39,4.123629052163588,0.1951741607011388,125297991331.79749,269.0,2.129907696933204,0.9785944615596228,5.032705842778444,125701094565.62062,366,1.0086313072632438,0.1567044298903901,3.541920310306005,125285031080.81026,275.0,2.043969093418952,0.8632446756807851,5.038553676299468,-1.12127638966996,-0.08593860351425198,0.4735563464630625,0.959651489293178
cumulative_envelope,16,100000000000.0,158489319246.11142,39,40,3.657844592875989,0.2146915767712527,125446670357.32909,268.0,1.7766147862769808,0.9299490695335002,3.789615109837252,125771129275.91066,365,1.0503361218522067,0.0774327781779355,2.934107449947156,125247817878.73157,276.0,1.784349398037361,0.8095225658587731,4.061256481898436,-0.7262786644247741,0.007734611760380261,0.5912008219031312,1.0043535671436061
cumulative_envelope,16,100000000000.0,158489319246.11142,40,41,3.234404175341808,0.236160734448378,125364902574.96635,269.0,1.785879551359986,0.7056124437588611,4.151390575540513,125765056566.97745,366,1.0077784331539117,0.1753849617854173,2.6878614422863643,125282059219.513,277.0,1.6408217662000792,0.5539477834067241,3.752583275593596,-0.7781011182060744,-0.14505778515990686,0.5643036969578752,0.9187751575690297
cumulative_envelope,16,100000000000.0,158489319246.11142,41,42,2.849458341219825,0.2597768078932159,125260975159.1522,271.0,1.3831325171201942,0.4395046702228429,3.3271541400230062,125708565283.34462,366,1.059742986022402,0.2266264121136207,2.858955089923975,125198610266.16808,278.0,1.487521963726718,0.5790384044343596,3.792430886308925,-0.32338953109779234,0.10438944660652383,0.7661904936114738,1.075473206879607
cumulative_envelope,16,100000000000.0,158489319246.11142,42,43,2.4995075829271136,0.2857544886825375,125260975159.1522,271.0,1.3068157704517285,0.3217598741255266,3.164809226593122,125649189921.10016,367,0.7772150803083148,0.007370033147746,2.5342374732210016,125256706242.60106,277.0,1.2504344983493196,0.2870388349867052,3.4057421598147424,-0.5296006901434137,-0.05638127210240884,0.5947395936610513,0.9568559904332044
cumulative_envelope,16,100000000000.0,158489319246.11142,43,44,2.1813705299337403,0.3143299375507912,125275308278.87186,270.0,1.200540904061882,0.3045383203154063,3.502548216492153,125661287316.29808,368,0.7634428251958818,0.0,2.595240166049429,125256706242.60106,277.0,1.1103903363167116,0.2261208984756429,2.9191329948949982,-0.43709807886600016,-0.09015056774517038,0.6359157131696781,0.924908374683314
cumulative_envelope,16,100000000000.0,158489319246.11142,44,45,1.8921550272124896,0.3457629313058704,125250630876.4942,269.0,1.2063918756633911,0.0989259787678601,3.171570702828724,125661287316.29808,368,0.6756085556202229,0.0,1.8932716388577864,125198610266.16808,278.0,1.1337132918444102,0.0,3.4701479400377946,-0.5307833200431682,-0.07267858381898096,0.5600241258659902,0.9397554100909249
cumulative_envelope,16,100000000000.0,158489319246.11142,45,46,1.6292318429204444,0.3803392244364576,125236336068.93256,270.0,1.052268287401669,0.286218600624757,2.7873170969885708,125725059783.61478,367,0.7356457948931762,0.0,1.9120697263351571,125198610266.16808,278.0,1.033819066313185,0.074251132554366,3.059619463170059,-0.3166224925084927,-0.018449221088483903,0.6991047850635904,0.9824671889200045
cumulative_envelope,16,100000000000.0,158489319246.11142,46,47,1.3902107662913137,0.4183731468801033,125231969236.29716,270.0,0.9464214752623687,0.1035615371986254,1.9902684097537344,125726235725.55502,366,0.541420714231747,0.0,1.5896065119331686,125317412737.31018,275.0,0.8794676824619431,0.0905571608468923,1.9171516551142949,-0.40500076103062177,-0.06695379280042568,0.572071459052272,0.9292558394431354
cumulative_envelope,16,100000000000.0,158489319246.11142,47,48,1.1729188784466489,0.4602104615681135,125305676411.33511,269.0,0.8527554580921098,0.088157745393945,2.170783183208622,125695651319.69966,365,0.5096694017518989,0.0,1.5345789933710223,125317412737.31018,275.0,0.8580713541237734,0.0160914954310145,2.402237767858053,-0.34308605634021094,0.005315896031663603,0.5976735732565047,1.0062337871674922
cumulative_envelope,16,100000000000.0,158489319246.11142,48,49,0.9753807985878624,0.506231507724925,125305676411.33511,269.0,0.6661252298699747,0.0,1.593671752980028,125634533132.80753,360,0.4970537112112083,0.0,1.5356879330618076,125317412737.31018,275.0,0.64616809978838,0.0,1.816361280356676,-0.1690715186587664,-0.01995713008159472,0.7461865861292049,0.9700399726857812
cumulative_envelope,16,100000000000.0,158489319246.11142,49,50,0.7958007259889663,0.5568546584974173,125174223475.20123,266.0,0.7182785088180268,0.0111390721402227,1.6806979324349969,125748230857.14,357,0.509734724404624,0.0686453622059713,1.3017147953504324,125326255695.35416,271.0,0.8011991160468465,0.064393880931244,1.7260312601337846,-0.20854378441340282,0.08292060722881966,0.7096616676495375,1.1154435309017818
cumulative_envelope,16,100000000000.0,158489319246.11142,50,51,0.6325461145354234,0.6125401243471593,125069701853.0294,263.0,0.585618870454203,0.0,1.350188495684084,125839399234.36111,354,0.4427174411594119,0.0,1.2598019366876168,125428515357.88689,268.0,0.6329333083223184,0.0,1.4770255514336792,-0.1429014292947911,0.0473144378681154,0.7559821984835333,1.0807939092389878
cumulative_envelope,16,100000000000.0,158489319246.11142,51,52,0.4841328313958388,0.6737941367818755,125338469508.90384,259.0,0.5761621847894317,0.0,1.190568563090828,125863354507.43434,352,0.3623238383086599,0.0,0.9984338885874005,125369395698.3361,269.0,0.6345680689362394,0.0799064791692969,1.2974137367700012,-0.21383834648077182,0.058405884146807696,0.6288573736248888,1.1013705614299438
cumulative_envelope,16,100000000000.0,158489319246.11142,52,53,0.3492116649053081,0.7411735504600631,125110410909.47363,257.0,0.4551156216982405,0.0,1.1263022858298812,125821395835.85603,346,0.3037661671924967,0.0,0.8219686785173761,125242274660.40273,266.0,0.4703675280561921,0.0,1.071565179158474,-0.15134945450574377,0.015251906357951595,0.6674483421575574,1.0335121574184598
cumulative_envelope,16,100000000000.0,158489319246.11142,53,54,0.2265560590048256,0.8152909055060692,125025338137.51016,259.0,0.5212958725826194,0.0287178774232074,1.1573691026399795,125783300405.30122,348,0.3959015364863947,0.0,0.8864190422914825,125202286635.9363,267.0,0.5187159527895516,0.0910875556486173,0.9853210182306298,-0.12539433609622475,-0.0025799197930678197,0.7594564954543138,0.9950509491274383
cumulative_envelope,16,100000000000.0,158489319246.11142,54,55,0.1150509627316598,0.8968199960566761,125057791429.56444,263.0,0.4595366009053448,0.0,0.907864529775225,125736037912.01115,351,0.3473987468776549,0.0,0.7045315854668719,125306179531.94936,272.0,0.4540750025540814,0.0,0.9689011151576244,-0.11213785402768994,-0.005461598351263419,0.7559762295173784,0.9881149872708651
cumulative_envelope,16,100000000000.0,158489319246.11142,55,56,0.0310962021397027,0.9698416092745054,125209791976.14534,265.0,0.3857437993496544,0.0,0.748209666247678,125696512661.35164,358,0.3373799633711886,0.0394288788459828,0.6847412966512159,125243090682.51794,274.0,0.4398420573415688,0.0976755743463114,0.9071488185238464,-0.04836383597846583,0.05409825799191437,0.8746218706301827,1.1402440119144401
raw_adjacent,5,630957344.4801933,1000000000.0,21,22,24.89723079548743,0.0386141672017785,,,,,,808808550.4104376,2933,2.180202811388785,0.5433404434204234,4.741828899330975,,,,,,,,,
raw_adjacent,5,630957344.4801933,1000000000.0,22,23,22.54293708680676,0.0424755839219564,,,,,,803584419.495098,5706,2.17715565729712,0.4725039978618868,4.776598687700125,,,,,,,,,
raw_adjacent,5,630957344.4801933,1000000000.0,23,24,20.402670078915232,0.046723142314152,,,,,,802443107.8781866,9483,2.115915897957955,0.4346487195360155,4.666372021098161,828430832.7573364,21.0,2.480133099906607,1.1773589568523937,3.976201545055544,,,,
raw_adjacent,5,630957344.4801933,1000000000.0,24,25,18.45697279901384,0.0513954565455672,,,,,,799927667.8986557,13949,2.0173631611703016,0.3862489713802914,4.628472357192018,833752034.4053695,142.0,2.480133099906607,0.9086414112214584,4.483394545329356,,,,
raw_adjacent,5,630957344.4801933,1000000000.0,25,26,16.68815709001258,0.0565350022001239,,,,,,797145888.2365478,18522,1.9511830668584649,0.3392406202093208,4.533061317386214,811986098.8045726,515.0,2.634171265285294,1.0263230134241916,5.3284969776440265,,,,
raw_adjacent,5,630957344.4801933,1000000000.0,26,27,15.080142809102345,0.0621885024201363,840560240.2756835,31.0,3.6548770982968346,0.8818636601074934,6.21532026628755,795070548.9509166,22663,1.8101548563665557,0.2353794045949364,4.488108184923531,811015566.3839198,1408.0,2.4801330999066185,0.7239585884058,4.866572863155746,-1.844722241930279,-1.1747439983902161,0.4952710604715229,0.6785818054080001
raw_adjacent,5,630957344.4801933,1000000000.0,27,28,13.618311644638496,0.06840735266215,833972274.7097408,158.0,3.36646116653222,1.3599464532208552,6.449722221444864,793576488.7632936,25997,1.71758962038855,0.0936595702605289,4.341644901649119,808024636.6618422,3275.0,2.455156518167274,0.6462356913509473,5.00561264130748,-1.6488715461436703,-0.9113046483649461,0.5102062775783726,0.7292989274836407
raw_adjacent,5,630957344.4801933,1000000000.0,28,29,12.289374222398628,0.075248087928365,825024048.0377526,526.0,3.2310132030139327,1.1578386472396884,6.099746970358809,792602290.8334081,28504,1.593053653788136,0.0,4.298571282631175,804434708.1626049,6278.0,2.455156518167274,0.5718655474724573,5.00561264130748,-1.6379595492257968,-0.7758566848466586,0.49305080285717,0.7598720165789081
raw_adjacent,5,630957344.4801933,1000000000.0,29,30,11.08124929308966,0.0827728967212015,816690027.0279475,1378.0,3.092027643324373,1.135596798596592,6.20079731692262,791583320.4748104,30271,1.4616971903373392,0.0,4.026897235539583,800896169.8655962,10350.0,2.3108667318020526,0.5175044563839727,4.9521949692244265,-1.630330452987034,-0.7811609115223206,0.47273095811194144,0.7473628952804379
raw_adjacent,5,630957344.4801933,1000000000.0,30,31,9.98295390280878,0.0910501863933217,810905303.3003947,3016.0,3.051998647379064,0.9614441361426624,6.0406544443383785,790842117.2050184,31376,1.350059583647584,0.0,3.7805511163677217,798050517.5163064,14984.0,2.271826403976317,0.4939904664173734,5.062542066539526,-1.70193906373148,-0.7801722434027467,0.4423526153286345,0.7443733325135227
raw_adjacent,5,630957344.4801933,1000000000.0,31,32,8.984503548007982,0.1001552050326539,806759486.9022765,5494.0,2.8883691184147104,0.9161851209658488,5.659456444776659,790326224.4629059,31991,1.22887095450738,-0.1381584964934813,3.5741671261594843,795015793.4001876,19541.0,2.1086558202319994,0.4178894843380903,4.899427737214755,-1.6594981639073305,-0.7797132981827111,0.42545495541852674,0.7300506735057952
raw_adjacent,5,630957344.4801933,1000000000.0,32,33,8.076821407279985,0.1101707255359193,802518650.8426148,8645.0,2.7719921578356432,0.819144551859785,5.69738009652902,790109485.047284,32372,1.128176848289581,-0.1980231389516102,3.359292258001408,793205455.7420924,23395.0,2.004697291634612,0.3619743921745173,4.803294164052665,-1.6438153095460621,-0.767294866201031,0.4069913564151118,0.723197317123678
raw_adjacent,5,630957344.4801933,1000000000.0,33,34,7.251655824799986,0.1211877980895112,799520341.6504537,12144.0,2.599204911556107,0.6681442094538217,5.554553528643092,789851916.7795994,32603,1.027772267100003,-0.2037082549171885,3.083098112140964,791247579.4519982,26489.0,1.866914509585733,0.2684708376886578,4.601174583413419,-1.571432644456104,-0.732290401970374,0.3954179458997291,0.7182636895172831
raw_adjacent,5,630957344.4801933,1000000000.0,34,35,6.501505295272713,0.1333065778984624,797627487.1208603,15397.0,2.444271219047464,0.6121699347433897,5.348603123354444,789765920.9991125,32677,0.9158808379728134,-0.2595360396452485,2.7645594273175966,790051868.2267838,28658.0,1.717589620388554,0.1770716071337547,4.447695098455589,-1.5283903810746504,-0.7266815986589099,0.374705078076292,0.702700096046584
raw_adjacent,5,630957344.4801933,1000000000.0,35,36,5.819550268429738,0.1466372356883086,795318554.0380102,18039.0,2.2137060377701934,0.4760645863443495,5.074159980059123,789701183.4976217,32739,0.854991197225362,-0.2801003438469567,2.546422764073073,789145281.1682578,30024.0,1.554835366221767,0.0,4.169812939016794,-1.3587148405448315,-0.6588706715484263,0.38622616672562887,0.7023675861623936
raw_adjacent,5,630957344.4801933,1000000000.0,36,37,5.199591153117943,0.1613009592571395,793835937.0564576,20009.0,1.989536241193295,0.3400956309181618,4.699526717105345,789626347.0000092,32745,0.7628395719996655,-0.3128359087298633,2.3845967191631274,788474793.5909015,30836.0,1.3989981131049682,0.0,3.902785679248276,-1.2266966691936296,-0.5905381280883268,0.38342582366940214,0.7031779990425655
raw_adjacent,5,630957344.4801933,1000000000.0,37,38,4.635991957379948,0.1774310551828535,792552810.1411526,21285.0,1.814416336444526,0.2638837453821169,4.464395494968743,789666272.3382403,32750,0.707158214223769,-0.299850544411424,2.1819520160620978,788200959.7818043,31277.0,1.2865724823138955,-0.0817561211108861,3.682515695010141,-1.107258122220757,-0.5278438541306305,0.38974418385666343,0.7090833875730104
raw_adjacent,5,630957344.4801933,1000000000.0,38,39,4.123629052163588,0.1951741607011388,791789648.608967,22106.0,1.650484782900269,0.1456996267069724,4.113811732576158,789749164.221225,32731,0.6549580017858352,-0.31820735826933,1.990993042171065,788031242.3303615,31512.0,1.1740371241723506,-0.15039788575415,3.3750313883308656,-0.9955267811144337,-0.4764476587279183,0.39682765243974455,0.7113286570926793
raw_adjacent,5,630957344.4801933,1000000000.0,39,40,3.657844592875989,0.2146915767712527,791271744.6504452,22509.0,1.4518507233092168,0.064858323049541,3.731088521574813,789805060.7623773,32686,0.612903849796595,-0.3090827693724611,1.87734459675446,787867333.4526222,31628.0,1.0600996043526174,-0.2084985036208056,3.160750285807062,-0.8389468735126219,-0.3917511189565994,0.42215348999489255,0.7301712134263518
raw_adjacent,5,630957344.4801933,1000000000.0,40,41,3.234404175341808,0.236160734448378,790886503.0730594,22724.0,1.2937465391370695,-0.0355076383177162,3.4090778047299053,789782230.5713383,32627,0.5492420995404047,-0.3044272791152752,1.6642454695847635,787844005.3667452,31616.0,0.9388939164933878,-0.2405051378059319,2.8488466976836584,-0.7445044395966648,-0.35485262264368167,0.424536091827345,0.7257170458748676
raw_adjacent,5,630957344.4801933,1000000000.0,41,42,2.849458341219825,0.2597768078932159,790749171.638189,22789.0,1.1675651078011426,-0.0985513951551895,3.0799155556114486,789742094.1895852,32502,0.5147183558440038,-0.2986905524101918,1.5351575603053136,787822609.5496697,31544.0,0.8546376083822858,-0.2718681985236115,2.5998165129849835,-0.6528467519571388,-0.3129274994188569,0.44084766871233844,0.7319828270577661
raw_adjacent,5,630957344.4801933,1000000000.0,42,43,2.4995075829271136,0.2857544886825375,790531122.5205846,22785.0,1.034073488081415,-0.1362905449218508,2.7615252451411303,789731270.8404543,32361,0.475983583151818,-0.2846737706743231,1.415091583912151,787814302.5373981,31499.0,0.7794688909784744,-0.3044272791152766,2.325818174482932,-0.5580899049295971,-0.2546045971029407,0.46029957119869863,0.7537848131322606
raw_adjacent,5,630957344.4801933,1000000000.0,43,44,2.1813705299337403,0.3143299375507912,790489966.437397,22709.0,0.9210590647563076,-0.1865407615476666,2.499558590211913,789770733.8764316,32193,0.451217229322666,-0.2721950101358218,1.3437465538853952,787739282.9561766,31397.0,0.7075825634733041,-0.3061737865947759,2.127850193748352,-0.4698418354336416,-0.21347650128300355,0.4898895701569892,0.7682271317317909
raw_adjacent,5,630957344.4801933,1000000000.0,44,45,1.8921550272124896,0.3457629313058704,790449152.7803322,22635.0,0.836604715322383,-0.210296673804144,2.2565020000880485,789890335.7457111,31959,0.4142923729700979,-0.2607983950203493,1.2283182039307616,787673942.009728,31239.0,0.6550537426906476,-0.3106032054026891,1.961845292180839,-0.4223123423522851,-0.18155097263173536,0.4952068347002463,0.7829907370749455
raw_adjacent,5,630957344.4801933,1000000000.0,45,46,1.6292318429204444,0.3803392244364576,790556986.1301484,22503.0,0.7577538492768824,-0.2320764703057263,2.057252647126928,789892538.707497,31722,0.3791678134240283,-0.2537737246875383,1.1115586510310953,787703059.0555979,31072.0,0.5890851383334832,-0.3180656093853335,1.786284057387708,-0.3785860358528541,-0.1686687109433992,0.5003838829533689,0.7774096283319997
raw_adjacent,5,630957344.4801933,1000000000.0,46,47,1.3902107662913137,0.4183731468801033,790452955.0573251,22372.0,0.6815485696988433,-0.2409721001420769,1.8483264546990672,789993449.851016,31468,0.3443023868534703,-0.2567330503043193,1.0386618051324197,787795953.4841535,30836.0,0.5399693023458525,-0.3088797459771235,1.6584292123231636,-0.33724618284537294,-0.14157926735299076,0.5051765965932665,0.7922682642917869
raw_adjacent,5,630957344.4801933,1000000000.0,47,48,1.1729188784466489,0.4602104615681135,790591202.2666831,22153.0,0.6152801682729762,-0.2543896248361676,1.6936990141570738,789681221.1816024,31204,0.3173471320725474,-0.2492840237443369,0.9627253677451656,787666177.1997659,30534.0,0.497414850409122,-0.30887575208654,1.5074344200992935,-0.29793303620042877,-0.11786531786385418,0.5157766306092815,0.8084363450317452
raw_adjacent,5,630957344.4801933,1000000000.0,48,49,0.9753807985878624,0.506231507724925,790528792.9851329,21936.0,0.5514037502760981,-0.2443054896072284,1.5312976558563096,789497399.4843258,30985,0.3015390297413721,-0.2315295882273573,0.9013199727303616,787774329.6422544,30300.0,0.455076939976819,-0.3153323896799944,1.3553938098903284,-0.24986472053472603,-0.09632681029927914,0.5468570527320242,0.8253062111908986
raw_adjacent,5,630957344.4801933,1000000000.0,49,50,0.7958007259889663,0.5568546584974173,790455209.2532425,21746.0,0.4912930707811084,-0.2672863752772111,1.3883204733747363,789407851.8034276,30620,0.2644841364078892,-0.2284011491986111,0.8177585012729001,787730533.4176642,29965.0,0.4031143215550299,-0.299016402569309,1.2361908841518148,-0.2268089343732192,-0.08817874922607849,0.5383428998650135,0.8205170101709702
raw_adjacent,5,630957344.4801933,1000000000.0,50,51,0.6325461145354234,0.6125401243471593,790330850.4871022,21487.0,0.4511473802198741,-0.2616449040955711,1.2593331679894075,789552305.1809521,30242,0.2473858397940068,-0.2306628847200851,0.7556335382128982,787881218.7052277,29537.0,0.3706465803690449,-0.293406185675414,1.148731694972492,-0.2037615404258673,-0.0805007998508292,0.5483481687812068,0.8215642972112666
raw_adjacent,5,630957344.4801933,1000000000.0,51,52,0.4841328313958388,0.6737941367818755,790454925.6245294,21156.0,0.4192589516526117,-0.2368973810194449,1.159750110096213,789634759.4850886,29833,0.2235679073776263,-0.2223898363920036,0.7008702634345185,787790374.7934686,29103.0,0.3364089829331633,-0.2872035686395465,1.026348738756771,-0.19569104427498538,-0.08284996871944839,0.5332454000001162,0.8023895055958258
raw_adjacent,5,630957344.4801933,1000000000.0,52,53,0.3492116649053081,0.7411735504600631,790552390.6234504,20860.0,0.3721740137360477,-0.242839464737729,1.0394400099451278,790069087.6633903,29366,0.203547321910391,-0.2061149626146654,0.6525496761176772,787694249.15104,28728.0,0.3038219487799245,-0.2702652920301207,0.9495532542589952,-0.1686266918256567,-0.06835206495612317,0.5469143852014082,0.8163438003906429
raw_adjacent,5,630957344.4801933,1000000000.0,53,54,0.2265560590048256,0.8152909055060692,790807653.5938197,20711.0,0.3323367231631877,-0.2294804634100659,0.9471201526350348,790209460.0021725,29221,0.1781106166597673,-0.2018972220330529,0.5773660253061612,787591039.3444978,28583.0,0.2736724074176236,-0.2602586586541264,0.863278800687273,-0.1542261065034204,-0.05866431574556408,0.5359342024092517,0.8234792857461074
raw_adjacent,5,630957344.4801933,1000000000.0,54,55,0.1150509627316598,0.8968199960566761,790715272.2843906,21095.0,0.3011012615476791,-0.2223845316413027,0.8454932624232934,790000412.8760855,29941,0.163429385482826,-0.1864581786991088,0.5369751469407156,787515969.4457556,29134.0,0.2459839000255183,-0.2601688592561902,0.7783149857752333,-0.13767187606485307,-0.05511736152216079,0.5427721712050919,0.816947424136139
raw_adjacent,5,630957344.4801933,1000000000.0,55,56,0.0310962021397027,0.9698416092745054,790614715.0641938,22112.0,0.290948476953726,-0.3643033985019002,1.0405174074349353,789634898.0789174,31500,0.1563808712118828,-0.2916907393782629,0.6595032231394342,787716939.3750683,30468.0,0.2447466866054732,-0.3779102855656124,0.9395646366397776,-0.1345676057418432,-0.04620179034825281,0.5374864747504915,0.8412028451497927
raw_adjacent,6,1000000000.0,1584893192.461114,21,22,24.89723079548743,0.0386141672017785,,,,,,1270101970.7610831,3607,2.379337553344816,0.5785051289367347,4.7810236287953005,,,,,,,,,
raw_adjacent,6,1000000000.0,1584893192.461114,22,23,22.54293708680676,0.0424755839219564,,,,,,1269311264.3987343,6239,2.310866731802064,0.5718655474724627,4.92129154328332,,,,,,,,,
raw_adjacent,6,1000000000.0,1584893192.461114,23,24,20.402670078915232,0.046723142314152,,,,,,1266454591.57105,9364,2.2949306450759623,0.5433404434204234,5.034246677249828,1277102713.8965707,37.0,2.470156896993259,0.7606425636010168,5.103045965981979,,,,
raw_adjacent,6,1000000000.0,1584893192.461114,24,25,18.45697279901384,0.0513954565455672,,,,,,1262523288.7077112,12566,2.210404007169924,0.4725039978618824,4.99384280622396,1273072249.5822966,201.0,2.371441376022199,0.9664944642792558,5.548953084727904,,,,
raw_adjacent,6,1000000000.0,1584893192.461114,25,26,16.68815709001258,0.0565350022001239,,,,,,1259333338.7413113,15650,2.0889679332910025,0.4465302832850127,4.899427737214755,1279869239.3840532,666.0,2.7295793646119906,0.902584566689324,5.329324025623688,,,,
raw_adjacent,6,1000000000.0,1584893192.461114,26,27,15.080142809102345,0.0621885024201363,1296182732.5315883,79.0,3.742153773142921,1.751884918747609,6.328430631976908,1257083331.4125366,17915,1.9934067938519304,0.4178894843380903,4.77961147242035,1275434619.0487187,1685.0,2.829445817756468,0.9311277876907328,5.446185435641802,-1.7487469792909904,-0.9127079553864528,0.5326897061682553,0.7561008951751608
raw_adjacent,6,1000000000.0,1584893192.461114,27,28,13.618311644638496,0.06840735266215,1276070098.1171706,260.0,3.811789139560009,1.6995695741608956,7.107617275708194,1255325672.4073875,19514,1.8376204525875857,0.3017013776782624,4.677948058619594,1269114882.2431128,3602.0,2.6294597461333367,0.7933444196187671,5.431336200723879,-1.9741686869724233,-1.1823293934266723,0.48208869517889974,0.689822980721555
raw_adjacent,6,1000000000.0,1584893192.461114,28,29,12.289374222398628,0.075248087928365,1285379174.196625,734.0,3.589192284835119,1.5626415073372724,6.9033780360828585,1253816911.2755034,20697,1.7076988135269031,0.2164115706946678,4.465174472494651,1265439181.3674924,6214.0,2.604003083065864,0.7933444196187671,5.390776174679771,-1.881493471308216,-0.9851892017692552,0.47578916870578075,0.7255122814311652
raw_adjacent,6,1000000000.0,1584893192.461114,29,30,11.08124929308966,0.0827728967212015,1279271180.6387944,1721.0,3.4994455458619824,1.3407038540516114,6.543054992633811,1252825327.425889,21367,1.5321539954963803,0.129322047030049,4.091218938583804,1261858045.4484432,9329.0,2.520848114762028,0.7122162034416797,5.455737413761163,-1.967291550365602,-0.9785974310999546,0.43782764309852423,0.7203564341050757
raw_adjacent,6,1000000000.0,1584893192.461114,30,31,9.98295390280878,0.0910501863933217,1275471697.3100996,3422.0,3.182373100434935,1.2459127558376966,6.326023222011291,1252363287.4315102,21730,1.4044542135829694,0.0,3.827121845985584,1258863622.262405,12407.0,2.390459396205448,0.6480783253253263,5.390776174679771,-1.7779188868519658,-0.7919137042294873,0.4413229276576724,0.7511562349112189
raw_adjacent,6,1000000000.0,1584893192.461114,31,32,8.984503548007982,0.1001552050326539,1268860982.6184273,5709.0,3.0784970138227785,1.115205990892886,6.210563971791517,1251915982.246307,21944,1.2807650998338445,0.0,3.6561567421117145,1255440181.4186494,15097.0,2.261181992251406,0.5433404434204259,5.175408825153773,-1.797731913988934,-0.8173150215713725,0.4160358428424888,0.7345084247600238
raw_adjacent,6,1000000000.0,1584893192.461114,32,33,8.076821407279985,0.1101707255359193,1263541410.2699542,8284.0,2.9147818194426494,0.989466240889016,6.110033616464149,1251622917.005403,22041,1.1911533591194303,0.0,3.4094143229562697,1252191255.5171354,17122.0,2.099697347523008,0.493990466417378,5.100067007949855,-1.723628460323219,-0.8150844719196413,0.4086595268208435,0.7203617552151819
raw_adjacent,6,1000000000.0,1584893192.461114,33,34,7.251655824799986,0.1211877980895112,1260415233.5280828,10518.0,2.6741932778061592,0.8513906099010629,5.8286085272867165,1251519193.7808075,22090,1.0487116637160747,-0.1101146441217942,3.063615983680251,1250032496.0954251,18488.0,1.961118971448584,0.3883652750819827,4.92233548074708,-1.6254816140900845,-0.7130743063575753,0.392160010429916,0.7333497498944566
raw_adjacent,6,1000000000.0,1584893192.461114,34,35,6.501505295272713,0.1333065778984624,1257948280.8944252,12372.0,2.501899716721586,0.7696363601702795,5.568758806931387,1251462910.6098125,22103,0.9750879600881952,-0.1764536347531286,2.8228178614121826,1249027373.8516788,19372.0,1.777997598644921,0.2780008608701744,4.581678479014589,-1.5268117566333907,-0.7239021180766649,0.3897390265369713,0.7106590191291742
raw_adjacent,6,1000000000.0,1584893192.461114,35,36,5.819550268429738,0.1466372356883086,1255644784.641341,13718.0,2.2873490603436046,0.6468883571700957,5.238515446059171,1251513803.4239342,22113,0.8796037897741337,-0.1858948110922815,2.6226044714120325,1248508706.6876304,19814.0,1.6771390261847496,0.2232258499591284,4.391845028156393,-1.407745270569471,-0.610210034158855,0.38455162136119264,0.7332239120218977
raw_adjacent,6,1000000000.0,1584893192.461114,36,37,5.199591153117943,0.1613009592571395,1254607274.9214334,14540.0,2.083633941815749,0.4906881019241261,4.9521949692244265,1251606062.009016,22094,0.7975388548210347,-0.2257082836646943,2.365933757167112,1248177413.6661098,20043.0,1.4815612213305114,0.1069217099330198,4.0310292507603975,-1.286095086994714,-0.6020727204852374,0.38276342058722296,0.7110467878246546
raw_adjacent,6,1000000000.0,1584893192.461114,37,38,4.635991957379948,0.1774310551828535,1253192088.7055666,15050.0,1.8510483362497925,0.3981032840911517,4.555038857316129,1251576481.1124408,22077,0.7527618267765283,-0.2309823985872609,2.254214922291666,1247839617.3703823,20145.0,1.3189797820021265,0.0,3.744601799929798,-1.0982865094732643,-0.532068554247666,0.40666783899420855,0.7125582601880445
raw_adjacent,6,1000000000.0,1584893192.461114,38,39,4.123629052163588,0.1951741607011388,1252242644.3045044,15279.0,1.6744464555795469,0.2518704839533985,4.209952112233621,1251511333.4677677,22096,0.6859793587708234,-0.2387659508347886,2.0284802338129606,1247842194.1091952,20208.0,1.218858462518802,-0.0344425118712668,3.4889229374897752,-0.9884670968087235,-0.45558799306074493,0.4096753028351673,0.7279172519714521
raw_adjacent,6,1000000000.0,1584893192.461114,39,40,3.657844592875989,0.2146915767712527,1251931244.1316898,15426.0,1.4587902587802144,0.1709885827030963,3.793358858957836,1251576479.9017017,22053,0.6289265118235663,-0.2396677151906028,1.8611601849380213,1247983616.8969204,20235.0,1.0829849972924073,-0.1012483554786885,3.1860084625160088,-0.8298637469566481,-0.37580526148780713,0.4311288124102577,0.7423856793491058
raw_adjacent,6,1000000000.0,1584893192.461114,40,41,3.234404175341808,0.236160734448378,1251779092.7377937,15498.0,1.312257952859918,0.0727133416091066,3.3404037289076216,1251588500.1906595,22000,0.5835742479106438,-0.2403186115599596,1.6840817340225496,1248006187.5234375,20217.0,0.9813597836339564,-0.1470462976492926,2.895296616732507,-0.7286837049492743,-0.3308981692259617,0.44471001043568426,0.7478406067154659
raw_adjacent,6,1000000000.0,1584893192.461114,41,42,2.849458341219825,0.2597768078932159,1251615856.6396904,15491.0,1.1684863106139505,0.0,3.071051852472223,1251572423.109524,21928,0.5491623205087777,-0.2330332201617169,1.5800504930183086,1247982313.24896,20198.0,0.8878796152293189,-0.2082504810985744,2.6198800517311733,-0.6193239901051728,-0.28060669538463157,0.46997753890692545,0.7598545290297889
raw_adjacent,6,1000000000.0,1584893192.461114,42,43,2.4995075829271136,0.2857544886825375,1251332992.4360116,15467.0,1.0571313567416287,-0.0464000727837179,2.822666718188112,1251662558.5089345,21849,0.5097235842774586,-0.2183194502189734,1.4449596351888845,1248064379.065918,20140.0,0.8152672582649877,-0.2142308509970761,2.3845411578376385,-0.5474077724641702,-0.24186409847664103,0.48217620357849156,0.7712071475940955
raw_adjacent,6,1000000000.0,1584893192.461114,43,44,2.1813705299337403,0.3143299375507912,1251335453.805734,15409.0,0.9433023208625392,-0.0959549198998618,2.4475844783407763,1251776290.913612,21733,0.4734125977242727,-0.2127035193164277,1.3296356260924498,1248349411.9778028,20057.0,0.7363109809455151,-0.2453721599608559,2.186979331059033,-0.4698897231382665,-0.20699133991702412,0.5018673094023478,0.7805673373857971
raw_adjacent,6,1000000000.0,1584893192.461114,44,45,1.8921550272124896,0.3457629313058704,1251415930.382358,15318.0,0.8548664712725775,-0.1188796020411194,2.181332242215016,1251997952.153516,21600,0.4330380085113272,-0.2185303112256171,1.2219371535249266,1248447612.443082,19972.0,0.6815485696988361,-0.2441808109335056,2.039553331264073,-0.42182846276125036,-0.17331790157374138,0.5065563138377565,0.7972573408853717
raw_adjacent,6,1000000000.0,1584893192.461114,45,46,1.6292318429204444,0.3803392244364576,1251525905.2327402,15235.0,0.7646913492506664,-0.1595488686361893,2.038914150704213,1252183326.2264073,21449,0.3939011538067309,-0.2129520292302457,1.112809592144871,1248257774.1871598,19881.0,0.6246778315108582,-0.2412782056634922,1.8119691481873803,-0.3707901954439355,-0.1400135177398082,0.5151112984248104,0.816901920131554
raw_adjacent,6,1000000000.0,1584893192.461114,46,47,1.3902107662913137,0.4183731468801033,1251815965.087175,15164.0,0.6816670710379837,-0.1624541175491083,1.7927284546430509,1252021710.9211874,21306,0.3764656888553976,-0.1820376458936564,1.0420756860655696,1248078347.333782,19749.0,0.564867725576721,-0.2545353333048711,1.627809238759632,-0.30520138218258613,-0.1167993454612627,0.5522720765756635,0.8286563185699864
raw_adjacent,6,1000000000.0,1584893192.461114,47,48,1.1729188784466489,0.4602104615681135,1251980472.391215,15068.0,0.6207849650453567,-0.1742921111810469,1.6472342619886502,1251845973.4413216,21111,0.3393634428380787,-0.2011750296262161,0.960926286220778,1248226317.4229383,19580.0,0.523466953114503,-0.2428394647377287,1.515981685533864,-0.28142152220727806,-0.09731801193085377,0.546668269927065,0.843233941846927
raw_adjacent,6,1000000000.0,1584893192.461114,48,49,0.9753807985878624,0.506231507724925,1251704919.579419,14890.0,0.5662467314188969,-0.1682340488675814,1.478780819434137,1251861353.4109793,20905,0.3166674303450339,-0.1824229613354744,0.8806679437351775,1248527142.630941,19420.0,0.4744775293351883,-0.2579194317977289,1.3513304342740364,-0.249579301073863,-0.09176920208370865,0.5592393081926159,0.8379342484613482
raw_adjacent,6,1000000000.0,1584893192.461114,49,50,0.7958007259889663,0.5568546584974173,1251391105.9242797,14733.0,0.5190126332554268,-0.1833183447440187,1.3500839750399245,1251710789.9773197,20678,0.2837188685557205,-0.1902186914724974,0.8028591872446168,1248543454.5879858,19219.0,0.4259389283033573,-0.2560622098060858,1.201656918019694,-0.2352937646997063,-0.09307370495206951,0.5466511802923516,0.8206716002878792
raw_adjacent,6,1000000000.0,1584893192.461114,50,51,0.6325461145354234,0.6125401243471593,1251282830.4876735,14527.0,0.4734632171068914,-0.1588291725645611,1.2502875783208656,1251603183.2592402,20447,0.2624711911382103,-0.1718397161790785,0.7556430350238154,1248504829.941533,18952.0,0.3995338398257601,-0.229371709826854,1.1453332167374362,-0.21099202596868105,-0.0739293772811313,0.5543644820859517,0.8438540215797996
raw_adjacent,6,1000000000.0,1584893192.461114,51,52,0.4841328313958388,0.6737941367818755,1251266039.240151,14294.0,0.4365164642072335,-0.1697826145640372,1.1199771807933,1251313042.063398,20152,0.2412120708095924,-0.1626591386178858,0.681579159952422,1248618961.973306,18643.0,0.3695867933605502,-0.2196908766646668,1.0297861387039895,-0.1953043933976411,-0.06692967084668328,0.5525841304695405,0.8466732040262545
raw_adjacent,6,1000000000.0,1584893192.461114,52,53,0.3492116649053081,0.7411735504600631,1251188953.1913898,14146.0,0.3814607838436155,-0.1742508948222156,1.0035136440780856,1251580617.962144,19821,0.21085182275236,-0.1583110839754427,0.6241352892654508,1248332733.2110343,18419.0,0.3239794731560824,-0.2124713157292069,0.9332828245896266,-0.17060896109125548,-0.057481310687533094,0.5527483602057539,0.8493126603779584
raw_adjacent,6,1000000000.0,1584893192.461114,53,54,0.2265560590048256,0.8152909055060692,1250616381.6562958,14150.0,0.3452125673171304,-0.1745216738472912,0.9042062596819764,1252264124.7210553,19716,0.194239704976439,-0.1514230123333785,0.5714611049834851,1247694844.009365,18384.0,0.2950244590878269,-0.208751887999253,0.820365948759812,-0.1509728623406914,-0.05018810822930353,0.5626669575965935,0.8546167985153388
raw_adjacent,6,1000000000.0,1584893192.461114,54,55,0.1150509627316598,0.8968199960566761,1250607591.666449,14396.0,0.3077714144980776,-0.1669844511664045,0.8226585247920407,1252333707.8494697,20224,0.1728263420383396,-0.1459257279083337,0.5159315260628577,1247702559.7545297,18724.0,0.2673514845692971,-0.2015191191733168,0.7527387002790599,-0.134945072459738,-0.04041992992878052,0.5615412409894848,0.8686689925550802
raw_adjacent,6,1000000000.0,1584893192.461114,55,56,0.0310962021397027,0.9698416092745054,1251150576.8730347,14994.0,0.2992055456764439,-0.2787689469468041,0.9625513507841807,1252006020.8086293,21269,0.1676904955745502,-0.2412927826989486,0.6191557334416702,1247762581.0312295,19513.0,0.2643666579037188,-0.3002142150209425,0.9155081344180634,-0.1315150501018937,-0.03483888777272509,0.560452498283197,0.8835620252493604
raw_adjacent,11,10000000000.0,15848931924.61114,21,22,24.89723079548743,0.0386141672017785,,,,,,12584909292.972012,1758,3.255313560679921,1.2322056240343169,6.886869294846501,,,,,,,,,
raw_adjacent,11,10000000000.0,15848931924.61114,22,23,22.54293708680676,0.0424755839219564,,,,,,12560134042.75291,2181,3.16737272160898,1.3053319396970733,6.975902407674092,12196036653.816666,25.0,3.5922485160035813,0.9033538375901764,7.189007658559986,,,,
raw_adjacent,11,10000000000.0,15848931924.61114,23,24,20.402670078915232,0.046723142314152,,,,,,12545371822.342876,2497,3.027021259190903,1.2011113956386164,6.518954697955429,12360530268.267572,98.0,3.4284668947043744,1.6717043977268782,6.7923754596205415,,,,
raw_adjacent,11,10000000000.0,15848931924.61114,24,25,18.45697279901384,0.0513954565455672,,,,,,12549989058.038836,2671,2.8098315510510274,1.1795350834707097,6.513046044915344,12645129776.973017,264.0,4.145132526741167,1.951280575276894,7.09422264486714,,,,
raw_adjacent,11,10000000000.0,15848931924.61114,25,26,16.68815709001258,0.0565350022001239,12455566697.398994,69.0,4.979596092128933,2.8532976432110435,9.013179196886805,12545071723.70762,2756,2.674503876067391,1.1043188422612424,6.371458760469654,12605100292.9801,574.0,3.784908143331654,1.803496782944813,7.1640685410921,-2.3050922160615417,-1.194687948797279,0.5370925325238491,0.7600833628483084
raw_adjacent,11,10000000000.0,15848931924.61114,26,27,15.080142809102345,0.0621885024201363,12745666780.659258,201.0,5.13618651024886,3.1823731004349503,8.582875136447933,12536923621.91216,2799,2.4507602036458893,0.9843452284239222,6.153234258146155,12618938313.73371,978.0,3.525315221582323,1.4763722501269927,6.776391628911272,-2.685426306602971,-1.6108712886665373,0.477155609274622,0.6863682256374123
raw_adjacent,11,10000000000.0,15848931924.61114,27,28,13.618311644638496,0.06840735266215,12669331418.05288,497.0,4.952194969224403,2.3014996142125965,8.98006336442047,12532275432.61605,2810,2.1518067163360635,0.8575786392169811,5.2813589008790105,12551100182.424606,1376.0,3.5377709219818487,1.582714441634286,7.230503944172667,-2.80038825288834,-1.4144240472425547,0.43451575103737733,0.7143844182160548
raw_adjacent,11,10000000000.0,15848931924.61114,28,29,12.289374222398628,0.075248087928365,12646936692.695765,867.0,4.833371423757712,2.1124932120127515,8.791225330096735,12530911950.832098,2808,1.9915513041153057,0.7106432361145345,5.0712950522544,12519878650.517134,1675.0,3.538433666666676,1.4822948407969974,7.584316878346781,-2.8418201196424064,-1.294937757091036,0.41204185019304207,0.7320839547472052
raw_adjacent,11,10000000000.0,15848931924.61114,29,30,11.08124929308966,0.0827728967212015,12635820722.85127,1247.0,4.341422695036975,2.0391396674983087,8.229375071583991,12528822750.190228,2810,1.874758993366744,0.6270512703543221,4.8327139858734665,12516697289.233189,1904.0,3.084258957031027,1.3132837905792585,6.882672028346086,-2.4666637016702313,-1.2571637380059482,0.4318305599475328,0.7104258612175424
raw_adjacent,11,10000000000.0,15848931924.61114,30,31,9.98295390280878,0.0910501863933217,12566298794.297443,1552.0,4.342857112855637,2.19478053234746,8.250144144480622,12535788000.94602,2812,1.6998319281265228,0.5255410358130741,4.5255901706948745,12504375582.02086,2003.0,3.045289401268211,1.352195580871257,6.927587913608628,-2.6430251847291144,-1.2975677115874262,0.3914086703646581,0.7012179590835736
raw_adjacent,11,10000000000.0,15848931924.61114,31,32,8.984503548007982,0.1001552050326539,12537170997.614204,1744.0,3.837847039247368,1.919331214724004,7.70861310840587,12534965355.687878,2818,1.5640061622761714,0.4365833544498467,4.153251666728004,12490003994.949911,2053.0,3.0028483497922758,1.3523786345198712,6.7062372636871554,-2.273840876971197,-0.8349986894550923,0.40752175537013724,0.7824304405787778
raw_adjacent,11,10000000000.0,15848931924.61114,32,33,8.076821407279985,0.1101707255359193,12530575382.660229,1831.0,3.444254900188726,1.7006020431157505,7.53227355569765,12534889532.518717,2819,1.5273980419967794,0.3668194639951166,4.403998015239535,12490612958.85642,2064.0,2.5097885012017995,1.0611436706234307,6.132427955481557,-1.9168568581919467,-0.9344663989869266,0.44346254451524086,0.7286883735185444
raw_adjacent,11,10000000000.0,15848931924.61114,33,34,7.251655824799986,0.1211877980895112,12528314576.480114,1885.0,3.098957256188857,1.552041539492535,6.823210326890233,12534927260.350395,2810,1.392771053110316,0.2975490025954179,3.946204929474554,12487121811.281317,2066.0,2.3770029223923936,1.0010415836710245,5.702560594323107,-1.7061862030785413,-0.7219543337964636,0.44943215990760904,0.7670331424047024
raw_adjacent,11,10000000000.0,15848931924.61114,34,35,6.501505295272713,0.1333065778984624,12516157555.822062,1902.0,2.748894412962448,1.3594899542725667,6.164335644440247,12535211829.299437,2814,1.2743269963541173,0.1956055568562325,3.4745380997388886,12481733775.982964,2071.0,2.130015164798487,0.8299313474050127,5.136052156924422,-1.474567416608331,-0.6188792481639611,0.4635780080693574,0.7748624882623255
raw_adjacent,11,10000000000.0,15848931924.61114,35,36,5.819550268429738,0.1466372356883086,12519577254.262203,1906.0,2.429215904560338,1.1579645471698472,5.694285472617618,12532206092.740746,2817,1.1265627254376869,0.1092410027565737,3.096782424624001,12485544218.124533,2084.0,1.9961671610219045,0.783766198836747,5.0374883022706936,-1.302653179122651,-0.43304874353843337,0.4637557013037846,0.8217331186061
raw_adjacent,11,10000000000.0,15848931924.61114,36,37,5.199591153117943,0.1613009592571395,12524338193.63665,1914.0,2.2037580295011523,1.0267658094214047,5.1998221761452,12533864196.410442,2816,0.9723112294633548,-0.0135005625971955,2.806148339363021,12490917747.888475,2081.0,1.8296037096164444,0.605979394935603,4.72604670378209,-1.2314468000377974,-0.37415431988470793,0.4412059838000678,0.8302198722019394
raw_adjacent,11,10000000000.0,15848931924.61114,37,38,4.635991957379948,0.1774310551828535,12524170918.147972,1917.0,1.9496923337076493,0.7942432138758098,4.7686816765004725,12533033047.40673,2830,0.9264916355011712,0.0256314241641516,2.894220743915941,12495153028.283146,2077.0,1.7488990782595333,0.5358040866864656,4.667142176761162,-1.023200698206478,-0.200793255448116,0.47519889137549226,0.8970128507064108
raw_adjacent,11,10000000000.0,15848931924.61114,38,39,4.123629052163588,0.1951741607011388,12521372433.061165,1916.0,1.814063923632024,0.6063466723950218,4.340669277860777,12534134114.425411,2833,0.861892514589881,-0.0196919204730875,2.458749261327408,12496134413.887196,2081.0,1.4882338828015926,0.3005252980057803,4.1341435483920055,-0.9521714090421429,-0.3258300408304313,0.4751169478439574,0.8203866817559154
raw_adjacent,11,10000000000.0,15848931924.61114,39,40,3.657844592875989,0.2146915767712527,12523883076.404743,1914.0,1.5794579138633769,0.4932325631759344,3.8658173639922495,12533426683.686152,2823,0.7861704266777884,-0.0260890486189916,2.2092668509172086,12493815858.943882,2079.0,1.3794832788150022,0.2402533557568442,3.944799842668703,-0.7932874871855885,-0.19997463504837465,0.497746992672191,0.873390336460923
raw_adjacent,11,10000000000.0,15848931924.61114,40,41,3.234404175341808,0.236160734448378,12522787720.780342,1918.0,1.4003914160263538,0.3449882720773486,3.512019292846937,12533147304.343184,2823,0.7715647897401786,-0.0938576363834665,2.163409362646075,12495858959.503876,2072.0,1.2493117428993918,0.2067367741068064,3.428705667972411,-0.6288266262861751,-0.1510796731269619,0.5509636669507111,0.8921161102546213
raw_adjacent,11,10000000000.0,15848931924.61114,41,42,2.849458341219825,0.2597768078932159,12520105462.374157,1919.0,1.2860061854129878,0.2672622101151752,3.308627803257389,12531870492.292025,2827,0.7171280860936752,-0.0553888323023186,1.9906209797798209,12490578058.299854,2072.0,1.1288820456760345,0.1060453840095558,3.1789193141503045,-0.5688780993193127,-0.15712413973695338,0.5576396865178194,0.8778200746472347
raw_adjacent,11,10000000000.0,15848931924.61114,42,43,2.4995075829271136,0.2857544886825375,12525290989.574038,1915.0,1.1733948569489066,0.2155627687981706,3.0933099764549903,12533902766.818169,2829,0.6691699269625235,-0.0699903295416253,1.8259079150795687,12488932976.62227,2075.0,1.0104551210875752,-0.0260807992399591,2.892722239686897,-0.504224929986383,-0.16293973586133137,0.5702853758047973,0.8611381881415334
raw_adjacent,11,10000000000.0,15848931924.61114,43,44,2.1813705299337403,0.3143299375507912,12525325019.18922,1911.0,1.0062008007111871,0.0881484779299471,2.6411656365039464,12536909009.048218,2820,0.5961123985982448,-0.1234296762666323,1.6235403131046295,12488686488.545666,2073.0,0.980866672577726,0.0,2.668566382541377,-0.4100884021129423,-0.025334128133461142,0.5924388036432787,0.9748219956537951
raw_adjacent,11,10000000000.0,15848931924.61114,44,45,1.8921550272124896,0.3457629313058704,12520245986.648249,1906.0,0.956442738936492,0.050424664263812,2.1856986331433994,12532387351.074366,2810,0.5618125700568184,-0.0579923977824051,1.5018808921605993,12485650882.02076,2069.0,0.8236009158429808,-0.0472310452084281,2.333882272237147,-0.3946301688796736,-0.13284182309351122,0.5873980189148813,0.8611084410121368
raw_adjacent,11,10000000000.0,15848931924.61114,45,46,1.6292318429204444,0.3803392244364576,12517747022.271894,1901.0,0.8494827356014614,0.0266849373113804,2.317742214781415,12525685487.331127,2794,0.5154778321620026,-0.1103970402180397,1.3567248072923193,12489926575.793314,2065.0,0.8117996532760666,-0.0145453403472342,2.317673478235654,-0.33400490343945877,-0.037683082325394746,0.6068137827392426,0.9556399668338005
raw_adjacent,11,10000000000.0,15848931924.61114,46,47,1.3902107662913137,0.4183731468801033,12516576390.841778,1900.0,0.8097861296079092,-0.015960200313277,1.948083421291976,12532813052.19562,2776,0.4865065791651888,-0.1024388486818326,1.2361585403797248,12491627717.382574,2063.0,0.7236714905493409,-0.0289081863589224,2.0778347876831127,-0.3232795504427204,-0.08611463905856831,0.6007840359043328,0.8936575523956378
raw_adjacent,11,10000000000.0,15848931924.61114,47,48,1.1729188784466489,0.4602104615681135,12507381924.709452,1893.0,0.7110554522665106,0.0198768143504367,1.664126262883166,12541519861.578386,2758,0.4440562673665902,-0.0943021503971588,1.086879685026211,12481371726.770603,2046.0,0.6848548985946754,-0.1344517515784088,1.7193836899074904,-0.26699918489992036,-0.02620055367183516,0.6245030059908092,0.9631525873427732
raw_adjacent,11,10000000000.0,15848931924.61114,48,49,0.9753807985878624,0.506231507724925,12513169880.382587,1877.0,0.6533184331426497,0.0171135341096152,1.534397423764616,12545720636.008425,2734,0.4260023644342753,-0.0817902665345298,1.0305049579349637,12481719827.52984,2033.0,0.6060148748407538,-0.1462055718447983,1.5864059607312584,-0.2273160687083744,-0.04730355830189592,0.6520593064932844,0.9275949431361485
raw_adjacent,11,10000000000.0,15848931924.61114,49,50,0.7958007259889663,0.5568546584974173,12521223708.378122,1859.0,0.5550685131606681,-0.0209871105444681,1.3511572129908065,12543830513.26487,2707,0.3976703319955931,-0.0616006923364218,0.9290792737118588,12478646671.937626,1997.0,0.5443449018513212,-0.1220532966593007,1.3872265606570362,-0.15739818116507498,-0.010723611309346848,0.7164346789032959,0.9806805627502009
raw_adjacent,11,10000000000.0,15848931924.61114,50,51,0.6325461145354234,0.6125401243471593,12525296169.81018,1833.0,0.5373304577149252,-0.0221330888438531,1.2205519809444942,12545105034.07243,2675,0.3529018303015381,-0.0873089668055621,0.8178097167557425,12486460267.663584,1975.0,0.4937544516303225,-0.0919978968375826,1.282666049205233,-0.18442862741338706,-0.04357600608460266,0.6567687076632577,0.9189027804790447
raw_adjacent,11,10000000000.0,15848931924.61114,51,52,0.4841328313958388,0.6737941367818755,12508250497.765724,1798.0,0.5051349382947812,0.0111946945529688,1.1077302059480747,12542269908.458605,2634,0.3411519581676306,-0.0461124383267979,0.7727709551413254,12497516794.687696,1942.0,0.4869794100066524,-0.0240892762874289,1.1740472512611464,-0.16398298012715057,-0.018155528288128775,0.6753679706244055,0.9640580626843638
raw_adjacent,11,10000000000.0,15848931924.61114,52,53,0.3492116649053081,0.7411735504600631,12495916633.186195,1803.0,0.474654791934195,0.0506602028224755,0.9818039154954455,12532336733.228231,2617,0.3038969340179495,-0.0521749714621524,0.6845824327798221,12490163561.573776,1933.0,0.4206904446168167,-0.054608667889227,1.0148322406222827,-0.17075785791624554,-0.053964347317378314,0.6402483219006057,0.8863082218184793
raw_adjacent,11,10000000000.0,15848931924.61114,53,54,0.2265560590048256,0.8152909055060692,12493754895.727638,1800.0,0.4192754747384153,0.025374409795624,0.8940792539122496,12532153567.16976,2631,0.2772560604977351,-0.0593670788820613,0.6084687249967431,12475887077.417234,1931.0,0.4233447009337013,-0.02343317863735,0.998925777676332,-0.1420194142406802,0.004069226195285991,0.661274215170144,1.0097053761559145
raw_adjacent,11,10000000000.0,15848931924.61114,54,55,0.1150509627316598,0.8968199960566761,12501752459.89866,1812.0,0.3735089242083017,-0.0027320965503907,0.7479333925299283,12544475678.279074,2677,0.2522604434323919,-0.0353081833506831,0.5794709633876212,12468598803.818571,1971.0,0.3581586294990382,-0.0753643263989783,0.8728379822167929,-0.12124848077590977,-0.015350294709263468,0.6753799630546689,0.9589024686845159
raw_adjacent,11,10000000000.0,15848931924.61114,55,56,0.0310962021397027,0.9698416092745054,12504618119.585575,1874.0,0.3716400487358441,-0.0291703684141578,0.805661143654737,12544952275.430454,2752,0.2320638364450262,-0.1011667102840919,0.5846881502684924,12479276162.39172,2033.0,0.3200063624257216,-0.1181792573711777,0.8213302883497625,-0.1395762122908179,-0.051633686310122495,0.6244317242837666,0.8610653332821434
raw_adjacent,16,100000000000.0,158489319246.11142,21,22,24.89723079548743,0.0386141672017785,,,,,,125614906137.13548,338,3.721256928819993,1.893315703724788,7.57029047378287,,,,,,,,,
raw_adjacent,16,100000000000.0,158489319246.11142,22,23,22.54293708680676,0.0424755839219564,,,,,,125589478601.62093,357,3.912108791680123,1.689178620341376,8.356529540236922,128490131509.94472,29.0,3.4074006030672983,1.8912248367957816,6.891092702844336,,,,
raw_adjacent,16,100000000000.0,158489319246.11142,23,24,20.402670078915232,0.046723142314152,,,,,,125833355594.13176,360,3.510248006910485,1.6199177783895284,7.135014494968312,127693552123.36057,64.0,4.2124454748528,2.3040718545179435,8.197653995519493,,,,
raw_adjacent,16,100000000000.0,158489319246.11142,24,25,18.45697279901384,0.0513954565455672,127915993887.45644,31.0,4.642196043831463,1.4873921666731993,10.329467301452452,125603391243.20996,362,3.268918328232153,1.3589189177144656,6.721759238291706,126355227033.86218,131.0,5.312391284336736,2.381978314916411,8.480903608571117,-1.3732777155993103,0.6701952405052731,0.7041749847199759,1.1443703010767559
raw_adjacent,16,100000000000.0,158489319246.11142,25,26,16.68815709001258,0.0565350022001239,127761773741.54546,74.0,6.69041236070903,3.94724604421134,10.87704620480829,125727517779.44214,366,3.200403246855168,1.5781344790393554,6.913245085851642,125850879685.5586,195.0,4.340652795915704,2.1893132106486246,9.290201307161428,-3.490009113853862,-2.3497595647933256,0.47835665042864395,0.6487870346239308
raw_adjacent,16,100000000000.0,158489319246.11142,26,27,15.080142809102345,0.0621885024201363,127353691849.06293,153.0,6.11003361646412,2.99065742987198,10.553765471859425,125809849669.24678,366,3.022860886604381,1.526452421641731,6.879073793123787,125874751574.354,235.0,3.9045368512531855,2.201120773084745,8.6109382950096,-3.087172729859739,-2.2054967652109347,0.494737193991694,0.6390368852852144
raw_adjacent,16,100000000000.0,158489319246.11142,27,28,13.618311644638496,0.06840735266215,125838499586.26398,213.0,5.821403117004218,2.950502957638078,10.281127716985004,125731175527.1808,363,2.740076554393984,1.4055818191030212,6.9357156077540445,125659386126.3925,255.0,4.183802384290917,2.339750624876845,8.393675383270738,-3.081326562610234,-1.6376007327133006,0.47069005518450824,0.7186931226374107
raw_adjacent,16,100000000000.0,158489319246.11142,28,29,12.289374222398628,0.075248087928365,125951604360.0677,242.0,6.270012551179882,3.329845960049207,11.05022246202021,125614763968.8702,359,2.552399358260089,1.2144301486234694,6.311605402878633,125505968078.36375,266.0,4.237634993477801,2.263389460445148,7.877060481926721,-3.7176131929197926,-2.0323775577020804,0.4070804224753557,0.6758574977143179
raw_adjacent,16,100000000000.0,158489319246.11142,29,30,11.08124929308966,0.0827728967212015,125501108188.0114,256.0,4.517602319804402,2.6401958444459224,8.623978959596649,125684478644.06276,362,2.3090012702815064,1.107293276396666,5.504466212750292,125397741391.88232,271.0,4.174588380936288,1.986255863377785,7.856988978103743,-2.2086010495228954,-0.34301393886811393,0.5111121136447174,0.9240716834759007
raw_adjacent,16,100000000000.0,158489319246.11142,30,31,9.98295390280878,0.0910501863933217,125201351262.7615,267.0,4.60847722352492,2.757177002606827,8.667175189855133,125693153028.85852,363,2.189093905970225,1.060242834340494,5.221214940587427,125153366610.4678,275.0,3.83506238766366,1.7690801705928525,8.034990026851093,-2.4193833175546953,-0.77341483586126,0.4750145872036743,0.8321756193318685
raw_adjacent,16,100000000000.0,158489319246.11142,31,32,8.984503548007982,0.1001552050326539,125117964136.7292,267.0,4.151645908792277,2.2894118633807894,8.723206676751134,125478450132.80511,364,2.0321265099725974,0.833315348199909,5.05900926772276,125215799843.93048,275.0,3.2577630953056387,1.8468838136634051,7.449381117960742,-2.11951939881968,-0.8938828134866386,0.4894749105816077,0.7846919431174054
raw_adjacent,16,100000000000.0,158489319246.11142,32,33,8.076821407279985,0.1101707255359193,125171216660.50195,267.0,3.707060172383076,2.026146927827592,7.769552365639869,125502494076.02402,361,1.943517791722596,0.8158871377728835,5.033621481842309,125303674484.12534,276.0,3.1182960572417637,1.863678698335752,7.423414471793887,-1.76354238066048,-0.5887641151413123,0.5242746816470502,0.8411776211437036
raw_adjacent,16,100000000000.0,158489319246.11142,33,34,7.251655824799986,0.1211877980895112,125399978113.42683,268.0,3.2012332845722185,1.7765546788254971,6.5944587830907295,125686570287.46512,361,1.922270307380178,0.7611317714600521,4.183588314284502,125174887091.06444,277.0,2.7825781834705428,1.5946103377392276,6.476955940335973,-1.2789629771920406,-0.4186551011016757,0.6004780459594188,0.869220683441188
raw_adjacent,16,100000000000.0,158489319246.11142,34,35,6.501505295272713,0.1333065778984624,125414339352.4838,268.0,2.9990190392011566,1.7109557209862012,6.345609080151568,125680646498.62578,363,1.697598012029218,0.7374660058618763,4.821973104990232,125214642650.13802,275.0,2.656440465400612,1.2852034722325467,6.021008921276126,-1.3014210271719386,-0.34257857380054446,0.5660510953212902,0.885769790280559
raw_adjacent,16,100000000000.0,158489319246.11142,35,36,5.819550268429738,0.1466372356883086,125375108128.02408,269.0,2.605171745144088,1.541750854426463,6.187242148156896,125590793143.5053,364,1.5185160042025267,0.415745043909592,3.96318520548041,125290622204.24551,271.0,2.389643627641568,1.188347858314741,5.98788205279482,-1.0866557409415614,-0.2155281175025201,0.5828851809992819,0.9172691328683977
raw_adjacent,16,100000000000.0,158489319246.11142,36,37,5.199591153117943,0.1613009592571395,125260975159.1522,271.0,2.6388429399437614,1.3353864724784332,5.823734362368492,125635923039.9358,366,1.3579187841292906,0.3166765836877559,4.0020648723999726,125381613770.85794,271.0,2.435283219973328,1.158957650563876,5.434686156367844,-1.2809241558144708,-0.20355971997043332,0.5145887099132282,0.9228602366252341
raw_adjacent,16,100000000000.0,158489319246.11142,37,38,4.635991957379948,0.1774310551828535,125217077056.1307,270.0,2.2298789163048665,1.3509998815447175,4.940678353057226,125669689088.82571,367,1.0967985646867189,0.1423731065046105,2.7937616677890325,125450211443.84335,274.0,2.2126896817814483,1.0465042632849446,5.191425292340623,-1.1330803516181476,-0.01718923452341814,0.49186462846342544,0.9922914045252724
raw_adjacent,16,100000000000.0,158489319246.11142,38,39,4.123629052163588,0.1951741607011388,125297991331.79749,269.0,2.129907696933204,0.9785944615596228,5.032705842778444,125701094565.62062,366,1.0236092853138636,0.2606036494527989,3.803378797490845,125285031080.81026,275.0,2.043969093418952,0.8632446756807851,5.038553676299468,-1.1062984116193402,-0.08593860351425198,0.4805885657804471,0.959651489293178
raw_adjacent,16,100000000000.0,158489319246.11142,39,40,3.657844592875989,0.2146915767712527,125446670357.32909,268.0,1.7766147862769808,0.9430283908792176,3.789615109837252,125771129275.91066,365,1.085311840147415,0.1745672090078751,2.9763636465087204,125247817878.73157,276.0,1.784349398037361,0.8211843173965859,4.061256481898436,-0.6913029461295657,0.007734611760380261,0.6108875421563732,1.0043535671436061
raw_adjacent,16,100000000000.0,158489319246.11142,40,41,3.234404175341808,0.236160734448378,125364902574.96635,269.0,1.785879551359986,0.7056124437588611,4.270762831610135,125765056566.97745,366,1.0475408329728897,0.2527624201540366,2.714849391562476,125282059219.513,277.0,1.6409438526168036,0.6410810144987027,3.813055674723554,-0.7383387183870964,-0.14493569874318246,0.5865685802691254,0.9188435196355708
raw_adjacent,16,100000000000.0,158489319246.11142,41,42,2.849458341219825,0.2597768078932159,125260975159.1522,271.0,1.3831325171201942,0.4395046702228429,3.3271541400230062,125708565283.34462,366,1.059742986022402,0.2266264121136207,2.858955089923975,125198610266.16808,278.0,1.487521963726718,0.5790384044343596,3.792430886308925,-0.32338953109779234,0.10438944660652383,0.7661904936114738,1.075473206879607
raw_adjacent,16,100000000000.0,158489319246.11142,42,43,2.4995075829271136,0.2857544886825375,125260975159.1522,271.0,1.3155661359063702,0.3328699504411004,3.1772939738588524,125649189921.10016,367,0.8130235716378883,0.0281289680609686,2.5794955406602083,125256706242.60106,277.0,1.2832746198368994,0.3458580321991318,3.4057421598147424,-0.5025425642684819,-0.03229151606947078,0.6180028122096264,0.9754542814776672
raw_adjacent,16,100000000000.0,158489319246.11142,43,44,2.1813705299337403,0.3143299375507912,125275308278.87186,270.0,1.2189125691070304,0.3817310967414641,3.502548216492153,125661287316.29808,368,0.7991200372728111,-0.0310349008694639,2.707905834155186,125256706242.60106,277.0,1.1288605756693344,0.279782812218782,2.9652323632099145,-0.4197925318342193,-0.09005199343769599,0.6556007850983461,0.9261210395888627
raw_adjacent,16,100000000000.0,158489319246.11142,44,45,1.8921550272124896,0.3457629313058704,125250630876.4942,269.0,1.2383417012415945,0.2799246402265612,3.171570702828724,125661287316.29808,368,0.80467718344826,-0.1587769123331891,2.008327515179753,125198610266.16808,278.0,1.1649002115298734,0.1186954283952612,3.4701479400377946,-0.4336645177933345,-0.07344148971172104,0.6498022174666889,0.9406936795893358
raw_adjacent,16,100000000000.0,158489319246.11142,45,46,1.6292318429204444,0.3803392244364576,125236336068.93256,270.0,1.052268287401669,0.286218600624757,2.7873170969885708,125725059783.61478,367,0.7356457948931762,-0.0302242147531109,1.9120697263351571,125198610266.16808,278.0,1.033819066313185,0.074251132554366,3.059619463170059,-0.3166224925084927,-0.018449221088483903,0.6991047850635904,0.9824671889200045
raw_adjacent,16,100000000000.0,158489319246.11142,46,47,1.3902107662913137,0.4183731468801033,125231969236.29716,270.0,0.9577312362345888,0.1774689070961105,2.008203151331469,125726235725.55502,366,0.606110718528231,-0.0662780309546928,1.723280744294805,125317412737.31018,275.0,0.9470024941376132,0.1981903891345,1.968943033443799,-0.3516205177063578,-0.010728742096975608,0.6328609693375072,0.9887977527608302
raw_adjacent,16,100000000000.0,158489319246.11142,47,48,1.1729188784466489,0.4602104615681135,125305676411.33511,269.0,0.8804152752752129,0.1394450979206583,2.204976189906019,125695651319.69966,365,0.5961919702728048,-0.1420773863392054,1.574413485090707,125317412737.31018,275.0,0.9072630905152608,0.0656810246698325,2.402237767858053,-0.2842233050024081,0.026847815240047868,0.6771713156458338,1.0304944904910418
raw_adjacent,16,100000000000.0,158489319246.11142,48,49,0.9753807985878624,0.506231507724925,125305676411.33511,269.0,0.7020528787656672,-0.0832853965883489,1.593671752980028,125634533132.80753,360,0.5878435739804112,-0.132651050085511,1.734874382598672,125317412737.31018,275.0,0.6807966041369523,-0.1300334822942855,1.8624843904332564,-0.11420930478525604,-0.021256274628714933,0.8373209365852098,0.9697226871769442
raw_adjacent,16,100000000000.0,158489319246.11142,49,50,0.7958007259889663,0.5568546584974173,125174223475.20123,266.0,0.7182785088180268,0.0111390721402227,1.6806979324349969,125748230857.14,357,0.509734724404624,0.0686453622059713,1.3017147953504324,125326255695.35416,271.0,0.8011991160468465,0.064393880931244,1.7260312601337846,-0.20854378441340282,0.08292060722881966,0.7096616676495375,1.1154435309017818
raw_adjacent,16,100000000000.0,158489319246.11142,50,51,0.6325461145354234,0.6125401243471593,125069701853.0294,263.0,0.6319810821664682,0.0704667461262977,1.3907128439451832,125839399234.36111,354,0.4771275825236314,-0.099836775885554,1.2959853237565535,125428515357.88689,268.0,0.6795508665370273,-0.0109835655434607,1.517462218569357,-0.1548534996428368,0.04756978437055914,0.7549713052928896,1.0752708992609195
raw_adjacent,16,100000000000.0,158489319246.11142,51,52,0.4841328313958388,0.6737941367818755,125338469508.90384,259.0,0.5947772212717614,0.0001662827401392,1.2619889885579034,125863354507.43434,352,0.4067603359769953,-0.0679976358559636,1.0798725043174964,125369395698.3361,269.0,0.6345680689362394,0.0799064791692969,1.2974137367700012,-0.18801688529476607,0.039790847664478046,0.6838868763454902,1.0669004229506245
raw_adjacent,16,100000000000.0,158489319246.11142,52,53,0.3492116649053081,0.7411735504600631,125110410909.47363,257.0,0.5073899887806307,0.1073690373644243,1.1263022858298812,125821395835.85603,346,0.3951254335026086,0.0328269185171824,0.9320770128981434,125242274660.40273,266.0,0.4853401452538797,0.0352277498970177,1.1074412612233162,-0.1122645552780221,-0.02204984352675099,0.778741091151959,0.9565426121635912
raw_adjacent,16,100000000000.0,158489319246.11142,53,54,0.2265560590048256,0.8152909055060692,125025338137.51016,259.0,0.5212958725826194,0.0287178774232074,1.1573691026399795,125783300405.30122,348,0.3959015364863947,-0.0149889863870892,0.8864190422914825,125202286635.9363,267.0,0.5187159527895516,0.0910875556486173,0.9853210182306298,-0.12539433609622475,-0.0025799197930678197,0.7594564954543138,0.9950509491274383
raw_adjacent,16,100000000000.0,158489319246.11142,54,55,0.1150509627316598,0.8968199960566761,125057791429.56444,263.0,0.4659554458221147,0.0415082198909948,0.934654471007638,125736037912.01115,351,0.3652875407857261,0.0145539709881495,0.723517297180206,125306179531.94936,272.0,0.4540750025540814,-0.033843007298064,0.9689011151576244,-0.10066790503638856,-0.01188044326803328,0.7839537965721727,0.9745030487902725
raw_adjacent,16,100000000000.0,158489319246.11142,55,56,0.0310962021397027,0.9698416092745054,125209791976.14534,265.0,0.3980535216124702,0.0044439571803252,0.748209666247678,125696512661.35164,358,0.3373799633711886,0.0394288788459828,0.6847412966512159,125243090682.51794,274.0,0.4398420573415688,0.0976755743463114,0.9071488185238464,-0.06067355824128162,0.041788535729098575,0.847574371417442,1.1049822032972296
