model,target_mass_Msun,profile_type,r_over_R200,rho_h2_Msun_kpc_minus3,source_file
PL,1.0000000000e+08,mean_c_nfw,1.0000000000e-02,1.3646841652e+08,/project/tkcastrosim/HNHuang/project_big_sim/data/PL/PL_25_1024/SOAP_full_000_056/simulation_test/SOAP_uncompressed/HBTplus/halo_properties_0056.hdf5
PL,1.0000000000e+08,mean_c_nfw,1.0476157528e-02,1.2729668403e+08,/project/tkcastrosim/HNHuang/project_big_sim/data/PL/PL_25_1024/SOAP_full_000_056/simulation_test/SOAP_uncompressed/HBTplus/halo_properties_0056.hdf5
PL,1.0000000000e+08,mean_c_nfw,1.0974987655e-02,1.1864449770e+08,/project/tkcastrosim/HNHuang/project_big_sim/data/PL/PL_25_1024/SOAP_full_000_056/simulation_test/SOAP_uncompressed/HBTplus/halo_properties_0056.hdf5
PL,1.0000000000e+08,mean_c_nfw,1.1497569954e-02,1.1048811649e+08,/project/tkcastrosim/HNHuang/project_big_sim/data/PL/PL_25_1024/SOAP_full_000_056/simulation_test/SOAP_uncompressed/HBTplus/halo_properties_0056.hdf5
PL,1.0000000000e+08,mean_c_nfw,1.2045035403e-02,1.0280470777e+08,/project/tkcastrosim/HNHuang/project_big_sim/data/PL/PL_25_1024/SOAP_full_000_056/simulation_test/SOAP_uncompressed/HBTplus/halo_properties_0056.hdf5
PL,1.0000000000e+08,mean_c_nfw,1.2618568831e-02,9.5572303767e+07,/project/tkcastrosim/HNHuang/project_big_sim/data/PL/PL_25_1024/SOAP_full_000_056/simulation_test/SOAP_uncompressed/HBTplus/halo_properties_0056.hdf5
PL,1.0000000000e+08,mean_c_nfw,1.3219411485e-02,8.8769761011e+07,/project/tkcastrosim/HNHuang/project_big_sim/data/PL/PL_25_1024/SOAP_full_000_056/simulation_test/SOAP_uncompressed/HBTplus/halo_properties_0056.hdf5
PL,1.0000000000e+08,mean_c_nfw,1.3848863714e-02,8.2376722650e+07,/project/tkcastrosim/HNHuang/project_big_sim/data/PL/PL_25_1024/SOAP_full_000_056/simulation_test/SOAP_uncompressed/HBTplus/halo_properties_0056.hdf5
PL,1.0000000000e+08,mean_c_nfw,1.4508287785e-02,7.6373583598e+07,/project/tkcastrosim/HNHuang/project_big_sim/data/PL/PL_25_1024/SOAP_full_000_056/simulation_test/SOAP_uncompressed/HBTplus/halo_properties_0056.hdf5
PL,1.0000000000e+08,mean_c_nfw,1.5199110830e-02,7.0741458379e+07,/project/tkcastrosim/HNHuang/project_big_sim/data/PL/PL_25_1024/SOAP_full_000_056/simulation_test/SOAP_uncompressed/HBTplus/halo_properties_0056.hdf5
PL,1.0000000000e+08,mean_c_nfw,1.5922827933e-02,6.5462151569e+07,/project/tkcastrosim/HNHuang/project_big_sim/data/PL/PL_25_1024/SOAP_full_000_056/simulation_test/SOAP_uncompressed/HBTplus/halo_properties_0056.hdf5
PL,1.0000000000e+08,mean_c_nfw,1.6681005372e-02,6.0518130716e+07,/project/tkcastrosim/HNHuang/project_big_sim/data/PL/PL_25_1024/SOAP_full_000_056/simulation_test/SOAP_uncompressed/HBTplus/halo_properties_0056.hdf5
PL,1.0000000000e+08,mean_c_nfw,1.7475284000e-02,5.5892501623e+07,/project/tkcastrosim/HNHuang/project_big_sim/data/PL/PL_25_1024/SOAP_full_000_056/simulation_test/SOAP_uncompressed/HBTplus/halo_properties_0056.hdf5
PL,1.0000000000e+08,mean_c_nfw,1.8307382803e-02,5.1568985844e+07,/project/tkcastrosim/HNHuang/project_big_sim/data/PL/PL_25_1024/SOAP_full_000_056/simulation_test/SOAP_uncompressed/HBTplus/halo_properties_0056.hdf5
PL,1.0000000000e+08,mean_c_nfw,1.9179102617e-02,4.7531900259e+07,/project/tkcastrosim/HNHuang/project_big_sim/data/PL/PL_25_1024/SOAP_full_000_056/simulation_test/SOAP_uncompressed/HBTplus/halo_properties_0056.hdf5
PL,1.0000000000e+08,mean_c_nfw,2.0092330026e-02,4.3766138574e+07,/project/tkcastrosim/HNHuang/project_big_sim/data/PL/PL_25_1024/SOAP_full_000_056/simulation_test/SOAP_uncompressed/HBTplus/halo_properties_0056.hdf5
PL,1.0000000000e+08,mean_c_nfw,2.1049041445e-02,4.0257154582e+07,/project/tkcastrosim/HNHuang/project_big_sim/data/PL/PL_25_1024/SOAP_full_000_056/simulation_test/SOAP_uncompressed/HBTplus/halo_properties_0056.hdf5
PL,1.0000000000e+08,mean_c_nfw,2.2051307399e-02,3.6990947021e+07,/project/tkcastrosim/HNHuang/project_big_sim/data/PL/PL_25_1024/SOAP_full_000_056/simulation_test/SOAP_uncompressed/HBTplus/halo_properties_0056.hdf5
PL,1.0000000000e+08,mean_c_nfw,2.3101297001e-02,3.3954045859e+07,/project/tkcastrosim/HNHuang/project_big_sim/data/PL/PL_25_1024/SOAP_full_000_056/simulation_test/SOAP_uncompressed/HBTplus/halo_properties_0056.hdf5
PL,1.0000000000e+08,mean_c_nfw,2.4201282648e-02,3.1133499835e+07,/project/tkcastrosim/HNHuang/project_big_sim/data/PL/PL_25_1024/SOAP_full_000_056/simulation_test/SOAP_uncompressed/HBTplus/halo_properties_0056.hdf5
PL,1.0000000000e+08,mean_c_nfw,2.5353644940e-02,2.8516865072e+07,/project/tkcastrosim/HNHuang/project_big_sim/data/PL/PL_25_1024/SOAP_full_000_056/simulation_test/SOAP_uncompressed/HBTplus/halo_properties_0056.hdf5
PL,1.0000000000e+08,mean_c_nfw,2.6560877829e-02,2.6092194598e+07,/project/tkcastrosim/HNHuang/project_big_sim/data/PL/PL_25_1024/SOAP_full_000_056/simulation_test/SOAP_uncompressed/HBTplus/halo_properties_0056.hdf5
PL,1.0000000000e+08,mean_c_nfw,2.7825594022e-02,2.3848028598e+07,/project/tkcastrosim/HNHuang/project_big_sim/data/PL/PL_25_1024/SOAP_full_000_056/simulation_test/SOAP_uncompressed/HBTplus/halo_properties_0056.hdf5
PL,1.0000000000e+08,mean_c_nfw,2.9150530628e-02,2.1773385238e+07,/project/tkcastrosim/HNHuang/project_big_sim/data/PL/PL_25_1024/SOAP_full_000_056/simulation_test/SOAP_uncompressed/HBTplus/halo_properties_0056.hdf5
PL,1.0000000000e+08,mean_c_nfw,3.0538555088e-02,1.9857751892e+07,/project/tkcastrosim/HNHuang/project_big_sim/data/PL/PL_25_1024/SOAP_full_000_056/simulation_test/SOAP_uncompressed/HBTplus/halo_properties_0056.hdf5
PL,1.0000000000e+08,mean_c_nfw,3.1992671378e-02,1.8091076634e+07,/project/tkcastrosim/HNHuang/project_big_sim/data/PL/PL_25_1024/SOAP_full_000_056/simulation_test/SOAP_uncompressed/HBTplus/halo_properties_0056.hdf5
PL,1.0000000000e+08,mean_c_nfw,3.3516026509e-02,1.6463759850e+07,/project/tkcastrosim/HNHuang/project_big_sim/data/PL/PL_25_1024/SOAP_full_000_056/simulation_test/SOAP_uncompressed/HBTplus/halo_properties_0056.hdf5
PL,1.0000000000e+08,mean_c_nfw,3.5111917342e-02,1.4966645850e+07,/project/tkcastrosim/HNHuang/project_big_sim/data/PL/PL_25_1024/SOAP_full_000_056/simulation_test/SOAP_uncompressed/HBTplus/halo_properties_0056.hdf5
PL,1.0000000000e+08,mean_c_nfw,3.6783797718e-02,1.3591014366e+07,/project/tkcastrosim/HNHuang/project_big_sim/data/PL/PL_25_1024/SOAP_full_000_056/simulation_test/SOAP_uncompressed/HBTplus/halo_properties_0056.hdf5
PL,1.0000000000e+08,mean_c_nfw,3.8535285937e-02,1.2328571839e+07,/project/tkcastrosim/HNHuang/project_big_sim/data/PL/PL_25_1024/SOAP_full_000_056/simulation_test/SOAP_uncompressed/HBTplus/halo_properties_0056.hdf5
PL,1.0000000000e+08,mean_c_nfw,4.0370172586e-02,1.1171442420e+07,/project/tkcastrosim/HNHuang/project_big_sim/data/PL/PL_25_1024/SOAP_full_000_056/simulation_test/SOAP_uncompressed/HBTplus/halo_properties_0056.hdf5
PL,1.0000000000e+08,mean_c_nfw,4.2292428744e-02,1.0112158623e+07,/project/tkcastrosim/HNHuang/project_big_sim/data/PL/PL_25_1024/SOAP_full_000_056/simulation_test/SOAP_uncompressed/HBTplus/halo_properties_0056.hdf5
PL,1.0000000000e+08,mean_c_nfw,4.4306214576e-02,9.1436515733e+06,/project/tkcastrosim/HNHuang/project_big_sim/data/PL/PL_25_1024/SOAP_full_000_056/simulation_test/SOAP_uncompressed/HBTplus/halo_properties_0056.hdf5
PL,1.0000000000e+08,mean_c_nfw,4.6415888336e-02,8.2592408325e+06,/project/tkcastrosim/HNHuang/project_big_sim/data/PL/PL_25_1024/SOAP_full_000_056/simulation_test/SOAP_uncompressed/HBTplus/halo_properties_0056.hdf5
PL,1.0000000000e+08,mean_c_nfw,4.8626015801e-02,7.4526237809e+06,/project/tkcastrosim/HNHuang/project_big_sim/data/PL/PL_25_1024/SOAP_full_000_056/simulation_test/SOAP_uncompressed/HBTplus/halo_properties_0056.hdf5
PL,1.0000000000e+08,mean_c_nfw,5.0941380148e-02,6.7178645563e+06,/project/tkcastrosim/HNHuang/project_big_sim/data/PL/PL_25_1024/SOAP_full_000_056/simulation_test/SOAP_uncompressed/HBTplus/halo_properties_0056.hdf5
PL,1.0000000000e+08,mean_c_nfw,5.3366992312e-02,6.0493825652e+06,/project/tkcastrosim/HNHuang/project_big_sim/data/PL/PL_25_1024/SOAP_full_000_056/simulation_test/SOAP_uncompressed/HBTplus/halo_properties_0056.hdf5
PL,1.0000000000e+08,mean_c_nfw,5.5908101825e-02,5.4419405918e+06,/project/tkcastrosim/HNHuang/project_big_sim/data/PL/PL_25_1024/SOAP_full_000_056/simulation_test/SOAP_uncompressed/HBTplus/halo_properties_0056.hdf5
PL,1.0000000000e+08,mean_c_nfw,5.8570208181e-02,4.8906325423e+06,/project/tkcastrosim/HNHuang/project_big_sim/data/PL/PL_25_1024/SOAP_full_000_056/simulation_test/SOAP_uncompressed/HBTplus/halo_properties_0056.hdf5
PL,1.0000000000e+08,mean_c_nfw,6.1359072734e-02,4.3908708699e+06,/project/tkcastrosim/HNHuang/project_big_sim/data/PL/PL_25_1024/SOAP_full_000_056/simulation_test/SOAP_uncompressed/HBTplus/halo_properties_0056.hdf5
PL,1.0000000000e+08,mean_c_nfw,6.4280731173e-02,3.9383737354e+06,/project/tkcastrosim/HNHuang/project_big_sim/data/PL/PL_25_1024/SOAP_full_000_056/simulation_test/SOAP_uncompressed/HBTplus/halo_properties_0056.hdf5
PL,1.0000000000e+08,mean_c_nfw,6.7341506578e-02,3.5291519618e+06,/project/tkcastrosim/HNHuang/project_big_sim/data/PL/PL_25_1024/SOAP_full_000_056/simulation_test/SOAP_uncompressed/HBTplus/halo_properties_0056.hdf5
PL,1.0000000000e+08,mean_c_nfw,7.0548023107e-02,3.1594958462e+06,/project/tkcastrosim/HNHuang/project_big_sim/data/PL/PL_25_1024/SOAP_full_000_056/simulation_test/SOAP_uncompressed/HBTplus/halo_properties_0056.hdf5
PL,1.0000000000e+08,mean_c_nfw,7.3907220335e-02,2.8259618951e+06,/project/tkcastrosim/HNHuang/project_big_sim/data/PL/PL_25_1024/SOAP_full_000_056/simulation_test/SOAP_uncompressed/HBTplus/halo_properties_0056.hdf5
PL,1.0000000000e+08,mean_c_nfw,7.7426368268e-02,2.5253595497e+06,/project/tkcastrosim/HNHuang/project_big_sim/data/PL/PL_25_1024/SOAP_full_000_056/simulation_test/SOAP_uncompressed/HBTplus/halo_properties_0056.hdf5
PL,1.0000000000e+08,mean_c_nfw,8.1113083079e-02,2.2547379655e+06,/project/tkcastrosim/HNHuang/project_big_sim/data/PL/PL_25_1024/SOAP_full_000_056/simulation_test/SOAP_uncompressed/HBTplus/halo_properties_0056.hdf5
PL,1.0000000000e+08,mean_c_nfw,8.4975343591e-02,2.0113729124e+06,/project/tkcastrosim/HNHuang/project_big_sim/data/PL/PL_25_1024/SOAP_full_000_056/simulation_test/SOAP_uncompressed/HBTplus/halo_properties_0056.hdf5
PL,1.0000000000e+08,mean_c_nfw,8.9021508545e-02,1.7927538530e+06,/project/tkcastrosim/HNHuang/project_big_sim/data/PL/PL_25_1024/SOAP_full_000_056/simulation_test/SOAP_uncompressed/HBTplus/halo_properties_0056.hdf5
PL,1.0000000000e+08,mean_c_nfw,9.3260334688e-02,1.5965712589e+06,/project/tkcastrosim/HNHuang/project_big_sim/data/PL/PL_25_1024/SOAP_full_000_056/simulation_test/SOAP_uncompressed/HBTplus/halo_properties_0056.hdf5
PL,1.0000000000e+08,mean_c_nfw,9.7700995730e-02,1.4207042141e+06,/project/tkcastrosim/HNHuang/project_big_sim/data/PL/PL_25_1024/SOAP_full_000_056/simulation_test/SOAP_uncompressed/HBTplus/halo_properties_0056.hdf5
PL,1.0000000000e+08,mean_c_nfw,1.0235310219e-01,1.2632083547e+06,/project/tkcastrosim/HNHuang/project_big_sim/data/PL/PL_25_1024/SOAP_full_000_056/simulation_test/SOAP_uncompressed/HBTplus/halo_properties_0056.hdf5
PL,1.0000000000e+08,mean_c_nfw,1.0722672220e-01,1.1223041840e+06,/project/tkcastrosim/HNHuang/project_big_sim/data/PL/PL_25_1024/SOAP_full_000_056/simulation_test/SOAP_uncompressed/HBTplus/halo_properties_0056.hdf5
PL,1.0000000000e+08,mean_c_nfw,1.1233240330e-01,9.9636579931e+05,/project/tkcastrosim/HNHuang/project_big_sim/data/PL/PL_25_1024/SOAP_full_000_056/simulation_test/SOAP_uncompressed/HBTplus/halo_properties_0056.hdf5
PL,1.0000000000e+08,mean_c_nfw,1.1768119524e-01,8.8391005851e+05,/project/tkcastrosim/HNHuang/project_big_sim/data/PL/PL_25_1024/SOAP_full_000_056/simulation_test/SOAP_uncompressed/HBTplus/halo_properties_0056.hdf5
PL,1.0000000000e+08,mean_c_nfw,1.2328467394e-01,7.8358621064e+05,/project/tkcastrosim/HNHuang/project_big_sim/data/PL/PL_25_1024/SOAP_full_000_056/simulation_test/SOAP_uncompressed/HBTplus/halo_properties_0056.hdf5
PL,1.0000000000e+08,mean_c_nfw,1.2915496650e-01,6.9416600687e+05,/project/tkcastrosim/HNHuang/project_big_sim/data/PL/PL_25_1024/SOAP_full_000_056/simulation_test/SOAP_uncompressed/HBTplus/halo_properties_0056.hdf5
PL,1.0000000000e+08,mean_c_nfw,1.3530477746e-01,6.1453430419e+05,/project/tkcastrosim/HNHuang/project_big_sim/data/PL/PL_25_1024/SOAP_full_000_056/simulation_test/SOAP_uncompressed/HBTplus/halo_properties_0056.hdf5
PL,1.0000000000e+08,mean_c_nfw,1.4174741629e-01,5.4368016844e+05,/project/tkcastrosim/HNHuang/project_big_sim/data/PL/PL_25_1024/SOAP_full_000_056/simulation_test/SOAP_uncompressed/HBTplus/halo_properties_0056.hdf5
PL,1.0000000000e+08,mean_c_nfw,1.4849682623e-01,4.8068847844e+05,/project/tkcastrosim/HNHuang/project_big_sim/data/PL/PL_25_1024/SOAP_full_000_056/simulation_test/SOAP_uncompressed/HBTplus/halo_properties_0056.hdf5
PL,1.0000000000e+08,mean_c_nfw,1.5556761439e-01,4.2473202891e+05,/project/tkcastrosim/HNHuang/project_big_sim/data/PL/PL_25_1024/SOAP_full_000_056/simulation_test/SOAP_uncompressed/HBTplus/halo_properties_0056.hdf5
PL,1.0000000000e+08,mean_c_nfw,1.6297508346e-01,3.7506412580e+05,/project/tkcastrosim/HNHuang/project_big_sim/data/PL/PL_25_1024/SOAP_full_000_056/simulation_test/SOAP_uncompressed/HBTplus/halo_properties_0056.hdf5
PL,1.0000000000e+08,mean_c_nfw,1.7073526475e-01,3.3101166437e+05,/project/tkcastrosim/HNHuang/project_big_sim/data/PL/PL_25_1024/SOAP_full_000_056/simulation_test/SOAP_uncompressed/HBTplus/halo_properties_0056.hdf5
PL,1.0000000000e+08,mean_c_nfw,1.7886495291e-01,2.9196867746e+05,/project/tkcastrosim/HNHuang/project_big_sim/data/PL/PL_25_1024/SOAP_full_000_056/simulation_test/SOAP_uncompressed/HBTplus/halo_properties_0056.hdf5
PL,1.0000000000e+08,mean_c_nfw,1.8738174229e-01,2.5739033885e+05,/project/tkcastrosim/HNHuang/project_big_sim/data/PL/PL_25_1024/SOAP_full_000_056/simulation_test/SOAP_uncompressed/HBTplus/halo_properties_0056.hdf5
PL,1.0000000000e+08,mean_c_nfw,1.9630406500e-01,2.2678740474e+05,/project/tkcastrosim/HNHuang/project_big_sim/data/PL/PL_25_1024/SOAP_full_000_056/simulation_test/SOAP_uncompressed/HBTplus/halo_properties_0056.hdf5
PL,1.0000000000e+08,mean_c_nfw,2.0565123083e-01,1.9972107486e+05,/project/tkcastrosim/HNHuang/project_big_sim/data/PL/PL_25_1024/SOAP_full_000_056/simulation_test/SOAP_uncompressed/HBTplus/halo_properties_0056.hdf5
PL,1.0000000000e+08,mean_c_nfw,2.1544346900e-01,1.7579825324e+05,/project/tkcastrosim/HNHuang/project_big_sim/data/PL/PL_25_1024/SOAP_full_000_056/simulation_test/SOAP_uncompressed/HBTplus/halo_properties_0056.hdf5
PL,1.0000000000e+08,mean_c_nfw,2.2570197196e-01,1.5466718839e+05,/project/tkcastrosim/HNHuang/project_big_sim/data/PL/PL_25_1024/SOAP_full_000_056/simulation_test/SOAP_uncompressed/HBTplus/halo_properties_0056.hdf5
PL,1.0000000000e+08,mean_c_nfw,2.3644894126e-01,1.3601347163e+05,/project/tkcastrosim/HNHuang/project_big_sim/data/PL/PL_25_1024/SOAP_full_000_056/simulation_test/SOAP_uncompressed/HBTplus/halo_properties_0056.hdf5
PL,1.0000000000e+08,mean_c_nfw,2.4770763560e-01,1.1955637243e+05,/project/tkcastrosim/HNHuang/project_big_sim/data/PL/PL_25_1024/SOAP_full_000_056/simulation_test/SOAP_uncompressed/HBTplus/halo_properties_0056.hdf5
PL,1.0000000000e+08,mean_c_nfw,2.5950242114e-01,1.0504548968e+05,/project/tkcastrosim/HNHuang/project_big_sim/data/PL/PL_25_1024/SOAP_full_000_056/simulation_test/SOAP_uncompressed/HBTplus/halo_properties_0056.hdf5
PL,1.0000000000e+08,mean_c_nfw,2.7185882427e-01,9.2257697817e+04,/project/tkcastrosim/HNHuang/project_big_sim/data/PL/PL_25_1024/SOAP_full_000_056/simulation_test/SOAP_uncompressed/HBTplus/halo_properties_0056.hdf5
PL,1.0000000000e+08,mean_c_nfw,2.8480358684e-01,8.0994367522e+04,/project/tkcastrosim/HNHuang/project_big_sim/data/PL/PL_25_1024/SOAP_full_000_056/simulation_test/SOAP_uncompressed/HBTplus/halo_properties_0056.hdf5
PL,1.0000000000e+08,mean_c_nfw,2.9836472403e-01,7.1078841036e+04,/project/tkcastrosim/HNHuang/project_big_sim/data/PL/PL_25_1024/SOAP_full_000_056/simulation_test/SOAP_uncompressed/HBTplus/halo_properties_0056.hdf5
PL,1.0000000000e+08,mean_c_nfw,3.1257158497e-01,6.2354143048e+04,/project/tkcastrosim/HNHuang/project_big_sim/data/PL/PL_25_1024/SOAP_full_000_056/simulation_test/SOAP_uncompressed/HBTplus/halo_properties_0056.hdf5
PL,1.0000000000e+08,mean_c_nfw,3.2745491629e-01,5.4680908781e+04,/project/tkcastrosim/HNHuang/project_big_sim/data/PL/PL_25_1024/SOAP_full_000_056/simulation_test/SOAP_uncompressed/HBTplus/halo_properties_0056.hdf5
PL,1.0000000000e+08,mean_c_nfw,3.4304692863e-01,4.7935511866e+04,/project/tkcastrosim/HNHuang/project_big_sim/data/PL/PL_25_1024/SOAP_full_000_056/simulation_test/SOAP_uncompressed/HBTplus/halo_properties_0056.hdf5
PL,1.0000000000e+08,mean_c_nfw,3.5938136638e-01,4.2008375478e+04,/project/tkcastrosim/HNHuang/project_big_sim/data/PL/PL_25_1024/SOAP_full_000_056/simulation_test/SOAP_uncompressed/HBTplus/halo_properties_0056.hdf5
PL,1.0000000000e+08,mean_c_nfw,3.7649358068e-01,3.6802451170e+04,/project/tkcastrosim/HNHuang/project_big_sim/data/PL/PL_25_1024/SOAP_full_000_056/simulation_test/SOAP_uncompressed/HBTplus/halo_properties_0056.hdf5
PL,1.0000000000e+08,mean_c_nfw,3.9442060594e-01,3.2231850813e+04,/project/tkcastrosim/HNHuang/project_big_sim/data/PL/PL_25_1024/SOAP_full_000_056/simulation_test/SOAP_uncompressed/HBTplus/halo_properties_0056.hdf5
PL,1.0000000000e+08,mean_c_nfw,4.1320124001e-01,2.8220617984e+04,/project/tkcastrosim/HNHuang/project_big_sim/data/PL/PL_25_1024/SOAP_full_000_056/simulation_test/SOAP_uncompressed/HBTplus/halo_properties_0056.hdf5
PL,1.0000000000e+08,mean_c_nfw,4.3287612811e-01,2.4701626123e+04,/project/tkcastrosim/HNHuang/project_big_sim/data/PL/PL_25_1024/SOAP_full_000_056/simulation_test/SOAP_uncompressed/HBTplus/halo_properties_0056.hdf5
PL,1.0000000000e+08,mean_c_nfw,4.5348785081e-01,2.1615591672e+04,/project/tkcastrosim/HNHuang/project_big_sim/data/PL/PL_25_1024/SOAP_full_000_056/simulation_test/SOAP_uncompressed/HBTplus/halo_properties_0056.hdf5
PL,1.0000000000e+08,mean_c_nfw,4.7508101621e-01,1.8910191328e+04,/project/tkcastrosim/HNHuang/project_big_sim/data/PL/PL_25_1024/SOAP_full_000_056/simulation_test/SOAP_uncompressed/HBTplus/halo_properties_0056.hdf5
PL,1.0000000000e+08,mean_c_nfw,4.9770235643e-01,1.6539273370e+04,/project/tkcastrosim/HNHuang/project_big_sim/data/PL/PL_25_1024/SOAP_full_000_056/simulation_test/SOAP_uncompressed/HBTplus/halo_properties_0056.hdf5
PL,1.0000000000e+08,mean_c_nfw,5.2140082880e-01,1.4462153877e+04,/project/tkcastrosim/HNHuang/project_big_sim/data/PL/PL_25_1024/SOAP_full_000_056/simulation_test/SOAP_uncompressed/HBTplus/halo_properties_0056.hdf5
PL,1.0000000000e+08,mean_c_nfw,5.4622772177e-01,1.2642989378e+04,/project/tkcastrosim/HNHuang/project_big_sim/data/PL/PL_25_1024/SOAP_full_000_056/simulation_test/SOAP_uncompressed/HBTplus/halo_properties_0056.hdf5
PL,1.0000000000e+08,mean_c_nfw,5.7223676594e-01,1.1050218249e+04,/project/tkcastrosim/HNHuang/project_big_sim/data/PL/PL_25_1024/SOAP_full_000_056/simulation_test/SOAP_uncompressed/HBTplus/halo_properties_0056.hdf5
PL,1.0000000000e+08,mean_c_nfw,5.9948425032e-01,9.6560638201e+03,/project/tkcastrosim/HNHuang/project_big_sim/data/PL/PL_25_1024/SOAP_full_000_056/simulation_test/SOAP_uncompressed/HBTplus/halo_properties_0056.hdf5
PL,1.0000000000e+08,mean_c_nfw,6.2802914418e-01,8.4360928197e+03,/project/tkcastrosim/HNHuang/project_big_sim/data/PL/PL_25_1024/SOAP_full_000_056/simulation_test/SOAP_uncompressed/HBTplus/halo_properties_0056.hdf5
PL,1.0000000000e+08,mean_c_nfw,6.5793322466e-01,7.3688233566e+03,/project/tkcastrosim/HNHuang/project_big_sim/data/PL/PL_25_1024/SOAP_full_000_056/simulation_test/SOAP_uncompressed/HBTplus/halo_properties_0056.hdf5
PL,1.0000000000e+08,mean_c_nfw,6.8926121043e-01,6.4353771963e+03,/project/tkcastrosim/HNHuang/project_big_sim/data/PL/PL_25_1024/SOAP_full_000_056/simulation_test/SOAP_uncompressed/HBTplus/halo_properties_0056.hdf5
PL,1.0000000000e+08,mean_c_nfw,7.2208090184e-01,5.6191715950e+03,/project/tkcastrosim/HNHuang/project_big_sim/data/PL/PL_25_1024/SOAP_full_000_056/simulation_test/SOAP_uncompressed/HBTplus/halo_properties_0056.hdf5
PL,1.0000000000e+08,mean_c_nfw,7.5646332755e-01,4.9056464143e+03,/project/tkcastrosim/HNHuang/project_big_sim/data/PL/PL_25_1024/SOAP_full_000_056/simulation_test/SOAP_uncompressed/HBTplus/halo_properties_0056.hdf5
PL,1.0000000000e+08,mean_c_nfw,7.9248289835e-01,4.2820226704e+03,/project/tkcastrosim/HNHuang/project_big_sim/data/PL/PL_25_1024/SOAP_full_000_056/simulation_test/SOAP_uncompressed/HBTplus/halo_properties_0056.hdf5
PL,1.0000000000e+08,mean_c_nfw,8.3021756813e-01,3.7370890567e+03,/project/tkcastrosim/HNHuang/project_big_sim/data/PL/PL_25_1024/SOAP_full_000_056/simulation_test/SOAP_uncompressed/HBTplus/halo_properties_0056.hdf5
PL,1.0000000000e+08,mean_c_nfw,8.6974900262e-01,3.2610133376e+03,/project/tkcastrosim/HNHuang/project_big_sim/data/PL/PL_25_1024/SOAP_full_000_056/simulation_test/SOAP_uncompressed/HBTplus/halo_properties_0056.hdf5
PL,1.0000000000e+08,mean_c_nfw,9.1116275612e-01,2.8451758299e+03,/project/tkcastrosim/HNHuang/project_big_sim/data/PL/PL_25_1024/SOAP_full_000_056/simulation_test/SOAP_uncompressed/HBTplus/halo_properties_0056.hdf5
PL,1.0000000000e+08,mean_c_nfw,9.5454845666e-01,2.4820224832e+03,/project/tkcastrosim/HNHuang/project_big_sim/data/PL/PL_25_1024/SOAP_full_000_056/simulation_test/SOAP_uncompressed/HBTplus/halo_properties_0056.hdf5
PL,1.0000000000e+08,mean_c_nfw,1.0000000000e+00,2.1649353355e+03,/project/tkcastrosim/HNHuang/project_big_sim/data/PL/PL_25_1024/SOAP_full_000_056/simulation_test/SOAP_uncompressed/HBTplus/halo_properties_0056.hdf5
PL,1.0000000000e+08,median_c_nfw,1.0000000000e-02,8.1210364568e+07,/project/tkcastrosim/HNHuang/project_big_sim/data/PL/PL_25_1024/SOAP_full_000_056/simulation_test/SOAP_uncompressed/HBTplus/halo_properties_0056.hdf5
PL,1.0000000000e+08,median_c_nfw,1.2216773490e-02,6.1676257505e+07,/project/tkcastrosim/HNHuang/project_big_sim/data/PL/PL_25_1024/SOAP_full_000_056/simulation_test/SOAP_uncompressed/HBTplus/halo_properties_0056.hdf5
PL,1.0000000000e+08,median_c_nfw,1.4924955451e-02,4.6237886551e+07,/project/tkcastrosim/HNHuang/project_big_sim/data/PL/PL_25_1024/SOAP_full_000_056/simulation_test/SOAP_uncompressed/HBTplus/halo_properties_0056.hdf5
PL,1.0000000000e+08,median_c_nfw,1.8233480009e-02,3.4165260598e+07,/project/tkcastrosim/HNHuang/project_big_sim/data/PL/PL_25_1024/SOAP_full_000_056/simulation_test/SOAP_uncompressed/HBTplus/halo_properties_0056.hdf5
PL,1.0000000000e+08,median_c_nfw,2.2275429520e-02,2.4844707524e+07,/project/tkcastrosim/HNHuang/project_big_sim/data/PL/PL_25_1024/SOAP_full_000_056/simulation_test/SOAP_uncompressed/HBTplus/halo_properties_0056.hdf5
PL,1.0000000000e+08,median_c_nfw,2.7213387684e-02,1.7756443852e+07,/project/tkcastrosim/HNHuang/project_big_sim/data/PL/PL_25_1024/SOAP_full_000_056/simulation_test/SOAP_uncompressed/HBTplus/halo_properties_0056.hdf5
PL,1.0000000000e+08,median_c_nfw,3.3245979323e-02,1.2458089303e+07,/project/tkcastrosim/HNHuang/project_big_sim/data/PL/PL_25_1024/SOAP_full_000_056/simulation_test/SOAP_uncompressed/HBTplus/halo_properties_0056.hdf5
PL,1.0000000000e+08,median_c_nfw,4.0615859884e-02,8.5732128514e+06,/project/tkcastrosim/HNHuang/project_big_sim/data/PL/PL_25_1024/SOAP_full_000_056/simulation_test/SOAP_uncompressed/HBTplus/halo_properties_0056.hdf5
PL,1.0000000000e+08,median_c_nfw,4.9619476030e-02,5.7837037496e+06,/project/tkcastrosim/HNHuang/project_big_sim/data/PL/PL_25_1024/SOAP_full_000_056/simulation_test/SOAP_uncompressed/HBTplus/halo_properties_0056.hdf5
PL,1.0000000000e+08,median_c_nfw,6.0618989935e-02,3.8245444041e+06,/project/tkcastrosim/HNHuang/project_big_sim/data/PL/PL_25_1024/SOAP_full_000_056/simulation_test/SOAP_uncompressed/HBTplus/halo_properties_0056.hdf5
PL,1.0000000000e+08,median_c_nfw,7.4056846923e-02,2.4769965870e+06,/project/tkcastrosim/HNHuang/project_big_sim/data/PL/PL_25_1024/SOAP_full_000_056/simulation_test/SOAP_uncompressed/HBTplus/halo_properties_0056.hdf5
PL,1.0000000000e+08,median_c_nfw,9.0473572423e-02,1.5726675594e+06,/project/tkcastrosim/HNHuang/project_big_sim/data/PL/PL_25_1024/SOAP_full_000_056/simulation_test/SOAP_uncompressed/HBTplus/halo_properties_0056.hdf5
PL,1.0000000000e+08,median_c_nfw,1.1052951411e-01,9.7511625679e+05,/project/tkcastrosim/HNHuang/project_big_sim/data/PL/PL_25_1024/SOAP_full_000_056/simulation_test/SOAP_uncompressed/HBTplus/halo_properties_0056.hdf5
PL,1.0000000000e+08,median_c_nfw,1.3503140379e-01,5.9380352272e+05,/project/tkcastrosim/HNHuang/project_big_sim/data/PL/PL_25_1024/SOAP_full_000_056/simulation_test/SOAP_uncompressed/HBTplus/halo_properties_0056.hdf5
PL,1.0000000000e+08,median_c_nfw,1.6496480741e-01,3.5605987022e+05,/project/tkcastrosim/HNHuang/project_big_sim/data/PL/PL_25_1024/SOAP_full_000_056/simulation_test/SOAP_uncompressed/HBTplus/halo_properties_0056.hdf5
PL,1.0000000000e+08,median_c_nfw,2.0153376859e-01,2.1280818512e+05,/project/tkcastrosim/HNHuang/project_big_sim/data/PL/PL_25_1024/SOAP_full_000_056/simulation_test/SOAP_uncompressed/HBTplus/halo_properties_0056.hdf5
PL,1.0000000000e+08,median_c_nfw,2.4620924015e-01,1.2661074388e+05,/project/tkcastrosim/HNHuang/project_big_sim/data/PL/PL_25_1024/SOAP_full_000_056/simulation_test/SOAP_uncompressed/HBTplus/halo_properties_0056.hdf5
PL,1.0000000000e+08,median_c_nfw,3.0078825180e-01,7.4415469854e+04,/project/tkcastrosim/HNHuang/project_big_sim/data/PL/PL_25_1024/SOAP_full_000_056/simulation_test/SOAP_uncompressed/HBTplus/halo_properties_0056.hdf5
PL,1.0000000000e+08,median_c_nfw,3.6746619407e-01,4.3168008520e+04,/project/tkcastrosim/HNHuang/project_big_sim/data/PL/PL_25_1024/SOAP_full_000_056/simulation_test/SOAP_uncompressed/HBTplus/halo_properties_0056.hdf5
PL,1.0000000000e+08,median_c_nfw,4.4892512582e-01,2.4701375180e+04,/project/tkcastrosim/HNHuang/project_big_sim/data/PL/PL_25_1024/SOAP_full_000_056/simulation_test/SOAP_uncompressed/HBTplus/halo_properties_0056.hdf5
PL,1.0000000000e+08,median_c_nfw,5.4844165761e-01,1.4035660562e+04,/project/tkcastrosim/HNHuang/project_big_sim/data/PL/PL_25_1024/SOAP_full_000_056/simulation_test/SOAP_uncompressed/HBTplus/halo_properties_0056.hdf5
PL,1.0000000000e+08,median_c_nfw,6.7001875035e-01,7.9279249658e+03,/project/tkcastrosim/HNHuang/project_big_sim/data/PL/PL_25_1024/SOAP_full_000_056/simulation_test/SOAP_uncompressed/HBTplus/halo_properties_0056.hdf5
PL,1.0000000000e+08,median_c_nfw,8.1854673071e-01,4.4556024954e+03,/project/tkcastrosim/HNHuang/project_big_sim/data/PL/PL_25_1024/SOAP_full_000_056/simulation_test/SOAP_uncompressed/HBTplus/halo_properties_0056.hdf5
PL,1.0000000000e+08,median_c_nfw,1.0000000000e+00,2.4935873225e+03,/project/tkcastrosim/HNHuang/project_big_sim/data/PL/PL_25_1024/SOAP_full_000_056/simulation_test/SOAP_uncompressed/HBTplus/halo_properties_0056.hdf5
PL,1.0000000000e+09,mean_c_nfw,1.0000000000e-02,1.5167720803e+08,/project/tkcastrosim/HNHuang/project_big_sim/data/PL/PL_25_1024/SOAP_full_000_056/simulation_test/SOAP_uncompressed/HBTplus/halo_properties_0056.hdf5
PL,1.0000000000e+09,mean_c_nfw,1.0476157528e-02,1.4124860019e+08,/project/tkcastrosim/HNHuang/project_big_sim/data/PL/PL_25_1024/SOAP_full_000_056/simulation_test/SOAP_uncompressed/HBTplus/halo_properties_0056.hdf5
PL,1.0000000000e+09,mean_c_nfw,1.0974987655e-02,1.3142480895e+08,/project/tkcastrosim/HNHuang/project_big_sim/data/PL/PL_25_1024/SOAP_full_000_056/simulation_test/SOAP_uncompressed/HBTplus/halo_properties_0056.hdf5
PL,1.0000000000e+09,mean_c_nfw,1.1497569954e-02,1.2217774006e+08,/project/tkcastrosim/HNHuang/project_big_sim/data/PL/PL_25_1024/SOAP_full_000_056/simulation_test/SOAP_uncompressed/HBTplus/halo_properties_0056.hdf5
PL,1.0000000000e+09,mean_c_nfw,1.2045035403e-02,1.1348035331e+08,/project/tkcastrosim/HNHuang/project_big_sim/data/PL/PL_25_1024/SOAP_full_000_056/simulation_test/SOAP_uncompressed/HBTplus/halo_properties_0056.hdf5
PL,1.0000000000e+09,mean_c_nfw,1.2618568831e-02,1.0530661444e+08,/project/tkcastrosim/HNHuang/project_big_sim/data/PL/PL_25_1024/SOAP_full_000_056/simulation_test/SOAP_uncompressed/HBTplus/halo_properties_0056.hdf5
PL,1.0000000000e+09,mean_c_nfw,1.3219411485e-02,9.7631450531e+07,/project/tkcastrosim/HNHuang/project_big_sim/data/PL/PL_25_1024/SOAP_full_000_056/simulation_test/SOAP_uncompressed/HBTplus/halo_properties_0056.hdf5
PL,1.0000000000e+09,mean_c_nfw,1.3848863714e-02,9.0430708920e+07,/project/tkcastrosim/HNHuang/project_big_sim/data/PL/PL_25_1024/SOAP_full_000_056/simulation_test/SOAP_uncompressed/HBTplus/halo_properties_0056.hdf5
PL,1.0000000000e+09,mean_c_nfw,1.4508287785e-02,8.3681119412e+07,/project/tkcastrosim/HNHuang/project_big_sim/data/PL/PL_25_1024/SOAP_full_000_056/simulation_test/SOAP_uncompressed/HBTplus/halo_properties_0056.hdf5
PL,1.0000000000e+09,mean_c_nfw,1.5199110830e-02,7.7360259673e+07,/project/tkcastrosim/HNHuang/project_big_sim/data/PL/PL_25_1024/SOAP_full_000_056/simulation_test/SOAP_uncompressed/HBTplus/halo_properties_0056.hdf5
PL,1.0000000000e+09,mean_c_nfw,1.5922827933e-02,7.1446523637e+07,/project/tkcastrosim/HNHuang/project_big_sim/data/PL/PL_25_1024/SOAP_full_000_056/simulation_test/SOAP_uncompressed/HBTplus/halo_properties_0056.hdf5
PL,1.0000000000e+09,mean_c_nfw,1.6681005372e-02,6.5919092746e+07,/project/tkcastrosim/HNHuang/project_big_sim/data/PL/PL_25_1024/SOAP_full_000_056/simulation_test/SOAP_uncompressed/HBTplus/halo_properties_0056.hdf5
PL,1.0000000000e+09,mean_c_nfw,1.7475284000e-02,6.0757909845e+07,/project/tkcastrosim/HNHuang/project_big_sim/data/PL/PL_25_1024/SOAP_full_000_056/simulation_test/SOAP_uncompressed/HBTplus/halo_properties_0056.hdf5
PL,1.0000000000e+09,mean_c_nfw,1.8307382803e-02,5.5943655539e+07,/project/tkcastrosim/HNHuang/project_big_sim/data/PL/PL_25_1024/SOAP_full_000_056/simulation_test/SOAP_uncompressed/HBTplus/halo_properties_0056.hdf5
PL,1.0000000000e+09,mean_c_nfw,1.9179102617e-02,5.1457726803e+07,/project/tkcastrosim/HNHuang/project_big_sim/data/PL/PL_25_1024/SOAP_full_000_056/simulation_test/SOAP_uncompressed/HBTplus/halo_properties_0056.hdf5
PL,1.0000000000e+09,mean_c_nfw,2.0092330026e-02,4.7282217626e+07,/project/tkcastrosim/HNHuang/project_big_sim/data/PL/PL_25_1024/SOAP_full_000_056/simulation_test/SOAP_uncompressed/HBTplus/halo_properties_0056.hdf5
PL,1.0000000000e+09,mean_c_nfw,2.1049041445e-02,4.3399901489e+07,/project/tkcastrosim/HNHuang/project_big_sim/data/PL/PL_25_1024/SOAP_full_000_056/simulation_test/SOAP_uncompressed/HBTplus/halo_properties_0056.hdf5
PL,1.0000000000e+09,mean_c_nfw,2.2051307399e-02,3.9794215434e+07,/project/tkcastrosim/HNHuang/project_big_sim/data/PL/PL_25_1024/SOAP_full_000_056/simulation_test/SOAP_uncompressed/HBTplus/halo_properties_0056.hdf5
PL,1.0000000000e+09,mean_c_nfw,2.3101297001e-02,3.6449245514e+07,/project/tkcastrosim/HNHuang/project_big_sim/data/PL/PL_25_1024/SOAP_full_000_056/simulation_test/SOAP_uncompressed/HBTplus/halo_properties_0056.hdf5
PL,1.0000000000e+09,mean_c_nfw,2.4201282648e-02,3.3349713400e+07,/project/tkcastrosim/HNHuang/project_big_sim/data/PL/PL_25_1024/SOAP_full_000_056/simulation_test/SOAP_uncompressed/HBTplus/halo_properties_0056.hdf5
PL,1.0000000000e+09,mean_c_nfw,2.5353644940e-02,3.0480963912e+07,/project/tkcastrosim/HNHuang/project_big_sim/data/PL/PL_25_1024/SOAP_full_000_056/simulation_test/SOAP_uncompressed/HBTplus/halo_properties_0056.hdf5
PL,1.0000000000e+09,mean_c_nfw,2.6560877829e-02,2.7828953289e+07,/project/tkcastrosim/HNHuang/project_big_sim/data/PL/PL_25_1024/SOAP_full_000_056/simulation_test/SOAP_uncompressed/HBTplus/halo_properties_0056.hdf5
PL,1.0000000000e+09,mean_c_nfw,2.7825594022e-02,2.5380237972e+07,/project/tkcastrosim/HNHuang/project_big_sim/data/PL/PL_25_1024/SOAP_full_000_056/simulation_test/SOAP_uncompressed/HBTplus/halo_properties_0056.hdf5
PL,1.0000000000e+09,mean_c_nfw,2.9150530628e-02,2.3121963714e+07,/project/tkcastrosim/HNHuang/project_big_sim/data/PL/PL_25_1024/SOAP_full_000_056/simulation_test/SOAP_uncompressed/HBTplus/halo_properties_0056.hdf5
PL,1.0000000000e+09,mean_c_nfw,3.0538555088e-02,2.1041854857e+07,/project/tkcastrosim/HNHuang/project_big_sim/data/PL/PL_25_1024/SOAP_full_000_056/simulation_test/SOAP_uncompressed/HBTplus/halo_properties_0056.hdf5
PL,1.0000000000e+09,mean_c_nfw,3.1992671378e-02,1.9128203595e+07,/project/tkcastrosim/HNHuang/project_big_sim/data/PL/PL_25_1024/SOAP_full_000_056/simulation_test/SOAP_uncompressed/HBTplus/halo_properties_0056.hdf5
PL,1.0000000000e+09,mean_c_nfw,3.3516026509e-02,1.7369859092e+07,/project/tkcastrosim/HNHuang/project_big_sim/data/PL/PL_25_1024/SOAP_full_000_056/simulation_test/SOAP_uncompressed/HBTplus/halo_properties_0056.hdf5
PL,1.0000000000e+09,mean_c_nfw,3.5111917342e-02,1.5756216336e+07,/project/tkcastrosim/HNHuang/project_big_sim/data/PL/PL_25_1024/SOAP_full_000_056/simulation_test/SOAP_uncompressed/HBTplus/halo_properties_0056.hdf5
PL,1.0000000000e+09,mean_c_nfw,3.6783797718e-02,1.4277204616e+07,/project/tkcastrosim/HNHuang/project_big_sim/data/PL/PL_25_1024/SOAP_full_000_056/simulation_test/SOAP_uncompressed/HBTplus/halo_properties_0056.hdf5
PL,1.0000000000e+09,mean_c_nfw,3.8535285937e-02,1.2923275560e+07,/project/tkcastrosim/HNHuang/project_big_sim/data/PL/PL_25_1024/SOAP_full_000_056/simulation_test/SOAP_uncompressed/HBTplus/halo_properties_0056.hdf5
PL,1.0000000000e+09,mean_c_nfw,4.0370172586e-02,1.1685390650e+07,/project/tkcastrosim/HNHuang/project_big_sim/data/PL/PL_25_1024/SOAP_full_000_056/simulation_test/SOAP_uncompressed/HBTplus/halo_properties_0056.hdf5
PL,1.0000000000e+09,mean_c_nfw,4.2292428744e-02,1.0555008200e+07,/project/tkcastrosim/HNHuang/project_big_sim/data/PL/PL_25_1024/SOAP_full_000_056/simulation_test/SOAP_uncompressed/HBTplus/halo_properties_0056.hdf5
PL,1.0000000000e+09,mean_c_nfw,4.4306214576e-02,9.5240697649e+06,/project/tkcastrosim/HNHuang/project_big_sim/data/PL/PL_25_1024/SOAP_full_000_056/simulation_test/SOAP_uncompressed/HBTplus/halo_properties_0056.hdf5
PL,1.0000000000e+09,mean_c_nfw,4.6415888336e-02,8.5849859787e+06,/project/tkcastrosim/HNHuang/project_big_sim/data/PL/PL_25_1024/SOAP_full_000_056/simulation_test/SOAP_uncompressed/HBTplus/halo_properties_0056.hdf5
PL,1.0000000000e+09,mean_c_nfw,4.8626015801e-02,7.7306218531e+06,/project/tkcastrosim/HNHuang/project_big_sim/data/PL/PL_25_1024/SOAP_full_000_056/simulation_test/SOAP_uncompressed/HBTplus/halo_properties_0056.hdf5
PL,1.0000000000e+09,mean_c_nfw,5.0941380148e-02,6.9542815559e+06,/project/tkcastrosim/HNHuang/project_big_sim/data/PL/PL_25_1024/SOAP_full_000_056/simulation_test/SOAP_uncompressed/HBTplus/halo_properties_0056.hdf5
PL,1.0000000000e+09,mean_c_nfw,5.3366992312e-02,6.2496927262e+06,/project/tkcastrosim/HNHuang/project_big_sim/data/PL/PL_25_1024/SOAP_full_000_056/simulation_test/SOAP_uncompressed/HBTplus/halo_properties_0056.hdf5
PL,1.0000000000e+09,mean_c_nfw,5.5908101825e-02,5.6109903817e+06,/project/tkcastrosim/HNHuang/project_big_sim/data/PL/PL_25_1024/SOAP_full_000_056/simulation_test/SOAP_uncompressed/HBTplus/halo_properties_0056.hdf5
PL,1.0000000000e+09,mean_c_nfw,5.8570208181e-02,5.0327004871e+06,/project/tkcastrosim/HNHuang/project_big_sim/data/PL/PL_25_1024/SOAP_full_000_056/simulation_test/SOAP_uncompressed/HBTplus/halo_properties_0056.hdf5
PL,1.0000000000e+09,mean_c_nfw,6.1359072734e-02,4.5097232615e+06,/project/tkcastrosim/HNHuang/project_big_sim/data/PL/PL_25_1024/SOAP_full_000_056/simulation_test/SOAP_uncompressed/HBTplus/halo_properties_0056.hdf5
PL,1.0000000000e+09,mean_c_nfw,6.4280731173e-02,4.0373163030e+06,/project/tkcastrosim/HNHuang/project_big_sim/data/PL/PL_25_1024/SOAP_full_000_056/simulation_test/SOAP_uncompressed/HBTplus/halo_properties_0056.hdf5
PL,1.0000000000e+09,mean_c_nfw,6.7341506578e-02,3.6110776170e+06,/project/tkcastrosim/HNHuang/project_big_sim/data/PL/PL_25_1024/SOAP_full_000_056/simulation_test/SOAP_uncompressed/HBTplus/halo_properties_0056.hdf5
PL,1.0000000000e+09,mean_c_nfw,7.0548023107e-02,3.2269286319e+06,/project/tkcastrosim/HNHuang/project_big_sim/data/PL/PL_25_1024/SOAP_full_000_056/simulation_test/SOAP_uncompressed/HBTplus/halo_properties_0056.hdf5
PL,1.0000000000e+09,mean_c_nfw,7.3907220335e-02,2.8810972866e+06,/project/tkcastrosim/HNHuang/project_big_sim/data/PL/PL_25_1024/SOAP_full_000_056/simulation_test/SOAP_uncompressed/HBTplus/halo_properties_0056.hdf5
PL,1.0000000000e+09,mean_c_nfw,7.7426368268e-02,2.5701012706e+06,/project/tkcastrosim/HNHuang/project_big_sim/data/PL/PL_25_1024/SOAP_full_000_056/simulation_test/SOAP_uncompressed/HBTplus/halo_properties_0056.hdf5
PL,1.0000000000e+09,mean_c_nfw,8.1113083079e-02,2.2907314961e+06,/project/tkcastrosim/HNHuang/project_big_sim/data/PL/PL_25_1024/SOAP_full_000_056/simulation_test/SOAP_uncompressed/HBTplus/halo_properties_0056.hdf5
PL,1.0000000000e+09,mean_c_nfw,8.4975343591e-02,2.0400358724e+06,/project/tkcastrosim/HNHuang/project_big_sim/data/PL/PL_25_1024/SOAP_full_000_056/simulation_test/SOAP_uncompressed/HBTplus/halo_properties_0056.hdf5
PL,1.0000000000e+09,mean_c_nfw,8.9021508545e-02,1.8153034509e+06,/project/tkcastrosim/HNHuang/project_big_sim/data/PL/PL_25_1024/SOAP_full_000_056/simulation_test/SOAP_uncompressed/HBTplus/halo_properties_0056.hdf5
PL,1.0000000000e+09,mean_c_nfw,9.3260334688e-02,1.6140489990e+06,/project/tkcastrosim/HNHuang/project_big_sim/data/PL/PL_25_1024/SOAP_full_000_056/simulation_test/SOAP_uncompressed/HBTplus/halo_properties_0056.hdf5
PL,1.0000000000e+09,mean_c_nfw,9.7700995730e-02,1.4339980558e+06,/project/tkcastrosim/HNHuang/project_big_sim/data/PL/PL_25_1024/SOAP_full_000_056/simulation_test/SOAP_uncompressed/HBTplus/halo_properties_0056.hdf5
PL,1.0000000000e+09,mean_c_nfw,1.0235310219e-01,1.2730725152e+06,/project/tkcastrosim/HNHuang/project_big_sim/data/PL/PL_25_1024/SOAP_full_000_056/simulation_test/SOAP_uncompressed/HBTplus/halo_properties_0056.hdf5
PL,1.0000000000e+09,mean_c_nfw,1.0722672220e-01,1.1293767716e+06,/project/tkcastrosim/HNHuang/project_big_sim/data/PL/PL_25_1024/SOAP_full_000_056/simulation_test/SOAP_uncompressed/HBTplus/halo_properties_0056.hdf5
PL,1.0000000000e+09,mean_c_nfw,1.1233240330e-01,1.0011844592e+06,/project/tkcastrosim/HNHuang/project_big_sim/data/PL/PL_25_1024/SOAP_full_000_056/simulation_test/SOAP_uncompressed/HBTplus/halo_properties_0056.hdf5
PL,1.0000000000e+09,mean_c_nfw,1.1768119524e-01,8.8692580766e+05,/project/tkcastrosim/HNHuang/project_big_sim/data/PL/PL_25_1024/SOAP_full_000_056/simulation_test/SOAP_uncompressed/HBTplus/halo_properties_0056.hdf5
PL,1.0000000000e+09,mean_c_nfw,1.2328467394e-01,7.8517562615e+05,/project/tkcastrosim/HNHuang/project_big_sim/data/PL/PL_25_1024/SOAP_full_000_056/simulation_test/SOAP_uncompressed/HBTplus/halo_properties_0056.hdf5
PL,1.0000000000e+09,mean_c_nfw,1.2915496650e-01,6.9464192815e+05,/project/tkcastrosim/HNHuang/project_big_sim/data/PL/PL_25_1024/SOAP_full_000_056/simulation_test/SOAP_uncompressed/HBTplus/halo_properties_0056.hdf5
PL,1.0000000000e+09,mean_c_nfw,1.3530477746e-01,6.1415519642e+05,/project/tkcastrosim/HNHuang/project_big_sim/data/PL/PL_25_1024/SOAP_full_000_056/simulation_test/SOAP_uncompressed/HBTplus/halo_properties_0056.hdf5
PL,1.0000000000e+09,mean_c_nfw,1.4174741629e-01,5.4265828638e+05,/project/tkcastrosim/HNHuang/project_big_sim/data/PL/PL_25_1024/SOAP_full_000_056/simulation_test/SOAP_uncompressed/HBTplus/halo_properties_0056.hdf5
PL,1.0000000000e+09,mean_c_nfw,1.4849682623e-01,4.7919695929e+05,/project/tkcastrosim/HNHuang/project_big_sim/data/PL/PL_25_1024/SOAP_full_000_056/simulation_test/SOAP_uncompressed/HBTplus/halo_properties_0056.hdf5
PL,1.0000000000e+09,mean_c_nfw,1.5556761439e-01,4.2291103302e+05,/project/tkcastrosim/HNHuang/project_big_sim/data/PL/PL_25_1024/SOAP_full_000_056/simulation_test/SOAP_uncompressed/HBTplus/halo_properties_0056.hdf5
PL,1.0000000000e+09,mean_c_nfw,1.6297508346e-01,3.7302613405e+05,/project/tkcastrosim/HNHuang/project_big_sim/data/PL/PL_25_1024/SOAP_full_000_056/simulation_test/SOAP_uncompressed/HBTplus/halo_properties_0056.hdf5
PL,1.0000000000e+09,mean_c_nfw,1.7073526475e-01,3.2884603167e+05,/project/tkcastrosim/HNHuang/project_big_sim/data/PL/PL_25_1024/SOAP_full_000_056/simulation_test/SOAP_uncompressed/HBTplus/halo_properties_0056.hdf5
PL,1.0000000000e+09,mean_c_nfw,1.7886495291e-01,2.8974553235e+05,/project/tkcastrosim/HNHuang/project_big_sim/data/PL/PL_25_1024/SOAP_full_000_056/simulation_test/SOAP_uncompressed/HBTplus/halo_properties_0056.hdf5
PL,1.0000000000e+09,mean_c_nfw,1.8738174229e-01,2.5516391070e+05,/project/tkcastrosim/HNHuang/project_big_sim/data/PL/PL_25_1024/SOAP_full_000_056/simulation_test/SOAP_uncompressed/HBTplus/halo_properties_0056.hdf5
PL,1.0000000000e+09,mean_c_nfw,1.9630406500e-01,2.2459885165e+05,/project/tkcastrosim/HNHuang/project_big_sim/data/PL/PL_25_1024/SOAP_full_000_056/simulation_test/SOAP_uncompressed/HBTplus/halo_properties_0056.hdf5
PL,1.0000000000e+09,mean_c_nfw,2.0565123083e-01,1.9760087756e+05,/project/tkcastrosim/HNHuang/project_big_sim/data/PL/PL_25_1024/SOAP_full_000_056/simulation_test/SOAP_uncompressed/HBTplus/halo_properties_0056.hdf5
PL,1.0000000000e+09,mean_c_nfw,2.1544346900e-01,1.7376823336e+05,/project/tkcastrosim/HNHuang/project_big_sim/data/PL/PL_25_1024/SOAP_full_000_056/simulation_test/SOAP_uncompressed/HBTplus/halo_properties_0056.hdf5
PL,1.0000000000e+09,mean_c_nfw,2.2570197196e-01,1.5274220261e+05,/project/tkcastrosim/HNHuang/project_big_sim/data/PL/PL_25_1024/SOAP_full_000_056/simulation_test/SOAP_uncompressed/HBTplus/halo_properties_0056.hdf5
PL,1.0000000000e+09,mean_c_nfw,2.3644894126e-01,1.3420282731e+05,/project/tkcastrosim/HNHuang/project_big_sim/data/PL/PL_25_1024/SOAP_full_000_056/simulation_test/SOAP_uncompressed/HBTplus/halo_properties_0056.hdf5
PL,1.0000000000e+09,mean_c_nfw,2.4770763560e-01,1.1786500485e+05,/project/tkcastrosim/HNHuang/project_big_sim/data/PL/PL_25_1024/SOAP_full_000_056/simulation_test/SOAP_uncompressed/HBTplus/halo_properties_0056.hdf5
PL,1.0000000000e+09,mean_c_nfw,2.5950242114e-01,1.0347493584e+05,/project/tkcastrosim/HNHuang/project_big_sim/data/PL/PL_25_1024/SOAP_full_000_056/simulation_test/SOAP_uncompressed/HBTplus/halo_properties_0056.hdf5
PL,1.0000000000e+09,mean_c_nfw,2.7185882427e-01,9.0806897463e+04,/project/tkcastrosim/HNHuang/project_big_sim/data/PL/PL_25_1024/SOAP_full_000_056/simulation_test/SOAP_uncompressed/HBTplus/halo_properties_0056.hdf5
PL,1.0000000000e+09,mean_c_nfw,2.8480358684e-01,7.9660317975e+04,/project/tkcastrosim/HNHuang/project_big_sim/data/PL/PL_25_1024/SOAP_full_000_056/simulation_test/SOAP_uncompressed/HBTplus/halo_properties_0056.hdf5
PL,1.0000000000e+09,mean_c_nfw,2.9836472403e-01,6.9857128819e+04,/project/tkcastrosim/HNHuang/project_big_sim/data/PL/PL_25_1024/SOAP_full_000_056/simulation_test/SOAP_uncompressed/HBTplus/halo_properties_0056.hdf5
PL,1.0000000000e+09,mean_c_nfw,3.1257158497e-01,6.1239372114e+04,/project/tkcastrosim/HNHuang/project_big_sim/data/PL/PL_25_1024/SOAP_full_000_056/simulation_test/SOAP_uncompressed/HBTplus/halo_properties_0056.hdf5
PL,1.0000000000e+09,mean_c_nfw,3.2745491629e-01,5.3667042386e+04,/project/tkcastrosim/HNHuang/project_big_sim/data/PL/PL_25_1024/SOAP_full_000_056/simulation_test/SOAP_uncompressed/HBTplus/halo_properties_0056.hdf5
PL,1.0000000000e+09,mean_c_nfw,3.4304692863e-01,4.7016142645e+04,/project/tkcastrosim/HNHuang/project_big_sim/data/PL/PL_25_1024/SOAP_full_000_056/simulation_test/SOAP_uncompressed/HBTplus/halo_properties_0056.hdf5
PL,1.0000000000e+09,mean_c_nfw,3.5938136638e-01,4.1176936139e+04,/project/tkcastrosim/HNHuang/project_big_sim/data/PL/PL_25_1024/SOAP_full_000_056/simulation_test/SOAP_uncompressed/HBTplus/halo_properties_0056.hdf5
PL,1.0000000000e+09,mean_c_nfw,3.7649358068e-01,3.6052376346e+04,/project/tkcastrosim/HNHuang/project_big_sim/data/PL/PL_25_1024/SOAP_full_000_056/simulation_test/SOAP_uncompressed/HBTplus/halo_properties_0056.hdf5
PL,1.0000000000e+09,mean_c_nfw,3.9442060594e-01,3.1556698968e+04,/project/tkcastrosim/HNHuang/project_big_sim/data/PL/PL_25_1024/SOAP_full_000_056/simulation_test/SOAP_uncompressed/HBTplus/halo_properties_0056.hdf5
PL,1.0000000000e+09,mean_c_nfw,4.1320124001e-01,2.7614160885e+04,/project/tkcastrosim/HNHuang/project_big_sim/data/PL/PL_25_1024/SOAP_full_000_056/simulation_test/SOAP_uncompressed/HBTplus/halo_properties_0056.hdf5
PL,1.0000000000e+09,mean_c_nfw,4.3287612811e-01,2.4157912161e+04,/project/tkcastrosim/HNHuang/project_big_sim/data/PL/PL_25_1024/SOAP_full_000_056/simulation_test/SOAP_uncompressed/HBTplus/halo_properties_0056.hdf5
PL,1.0000000000e+09,mean_c_nfw,4.5348785081e-01,2.1128988276e+04,/project/tkcastrosim/HNHuang/project_big_sim/data/PL/PL_25_1024/SOAP_full_000_056/simulation_test/SOAP_uncompressed/HBTplus/halo_properties_0056.hdf5
PL,1.0000000000e+09,mean_c_nfw,4.7508101621e-01,1.8475410842e+04,/project/tkcastrosim/HNHuang/project_big_sim/data/PL/PL_25_1024/SOAP_full_000_056/simulation_test/SOAP_uncompressed/HBTplus/halo_properties_0056.hdf5
PL,1.0000000000e+09,mean_c_nfw,4.9770235643e-01,1.6151385988e+04,/project/tkcastrosim/HNHuang/project_big_sim/data/PL/PL_25_1024/SOAP_full_000_056/simulation_test/SOAP_uncompressed/HBTplus/halo_properties_0056.hdf5
PL,1.0000000000e+09,mean_c_nfw,5.2140082880e-01,1.4116590609e+04,/project/tkcastrosim/HNHuang/project_big_sim/data/PL/PL_25_1024/SOAP_full_000_056/simulation_test/SOAP_uncompressed/HBTplus/halo_properties_0056.hdf5
PL,1.0000000000e+09,mean_c_nfw,5.4622772177e-01,1.2335537459e+04,/project/tkcastrosim/HNHuang/project_big_sim/data/PL/PL_25_1024/SOAP_full_000_056/simulation_test/SOAP_uncompressed/HBTplus/halo_properties_0056.hdf5
PL,1.0000000000e+09,mean_c_nfw,5.7223676594e-01,1.0777010965e+04,/project/tkcastrosim/HNHuang/project_big_sim/data/PL/PL_25_1024/SOAP_full_000_056/simulation_test/SOAP_uncompressed/HBTplus/halo_properties_0056.hdf5
PL,1.0000000000e+09,mean_c_nfw,5.9948425032e-01,9.4135663399e+03,/project/tkcastrosim/HNHuang/project_big_sim/data/PL/PL_25_1024/SOAP_full_000_056/simulation_test/SOAP_uncompressed/HBTplus/halo_properties_0056.hdf5
PL,1.0000000000e+09,mean_c_nfw,6.2802914418e-01,8.2210852947e+03,/project/tkcastrosim/HNHuang/project_big_sim/data/PL/PL_25_1024/SOAP_full_000_056/simulation_test/SOAP_uncompressed/HBTplus/halo_properties_0056.hdf5
PL,1.0000000000e+09,mean_c_nfw,6.5793322466e-01,7.1783822975e+03,/project/tkcastrosim/HNHuang/project_big_sim/data/PL/PL_25_1024/SOAP_full_000_056/simulation_test/SOAP_uncompressed/HBTplus/halo_properties_0056.hdf5
PL,1.0000000000e+09,mean_c_nfw,6.8926121043e-01,6.2668559145e+03,/project/tkcastrosim/HNHuang/project_big_sim/data/PL/PL_25_1024/SOAP_full_000_056/simulation_test/SOAP_uncompressed/HBTplus/halo_properties_0056.hdf5
PL,1.0000000000e+09,mean_c_nfw,7.2208090184e-01,5.4701803154e+03,/project/tkcastrosim/HNHuang/project_big_sim/data/PL/PL_25_1024/SOAP_full_000_056/simulation_test/SOAP_uncompressed/HBTplus/halo_properties_0056.hdf5
PL,1.0000000000e+09,mean_c_nfw,7.5646332755e-01,4.7740325236e+03,/project/tkcastrosim/HNHuang/project_big_sim/data/PL/PL_25_1024/SOAP_full_000_056/simulation_test/SOAP_uncompressed/HBTplus/halo_properties_0056.hdf5
PL,1.0000000000e+09,mean_c_nfw,7.9248289835e-01,4.1658514433e+03,/project/tkcastrosim/HNHuang/project_big_sim/data/PL/PL_25_1024/SOAP_full_000_056/simulation_test/SOAP_uncompressed/HBTplus/halo_properties_0056.hdf5
PL,1.0000000000e+09,mean_c_nfw,8.3021756813e-01,3.6346251096e+03,/project/tkcastrosim/HNHuang/project_big_sim/data/PL/PL_25_1024/SOAP_full_000_056/simulation_test/SOAP_uncompressed/HBTplus/halo_properties_0056.hdf5
PL,1.0000000000e+09,mean_c_nfw,8.6974900262e-01,3.1707029802e+03,/project/tkcastrosim/HNHuang/project_big_sim/data/PL/PL_25_1024/SOAP_full_000_056/simulation_test/SOAP_uncompressed/HBTplus/halo_properties_0056.hdf5
PL,1.0000000000e+09,mean_c_nfw,9.1116275612e-01,2.7656304264e+03,/project/tkcastrosim/HNHuang/project_big_sim/data/PL/PL_25_1024/SOAP_full_000_056/simulation_test/SOAP_uncompressed/HBTplus/halo_properties_0056.hdf5
PL,1.0000000000e+09,mean_c_nfw,9.5454845666e-01,2.4120028868e+03,/project/tkcastrosim/HNHuang/project_big_sim/data/PL/PL_25_1024/SOAP_full_000_056/simulation_test/SOAP_uncompressed/HBTplus/halo_properties_0056.hdf5
PL,1.0000000000e+09,mean_c_nfw,1.0000000000e+00,2.1033374220e+03,/project/tkcastrosim/HNHuang/project_big_sim/data/PL/PL_25_1024/SOAP_full_000_056/simulation_test/SOAP_uncompressed/HBTplus/halo_properties_0056.hdf5
PL,1.0000000000e+09,median_c_nfw,1.0000000000e-02,1.0632755395e+08,/project/tkcastrosim/HNHuang/project_big_sim/data/PL/PL_25_1024/SOAP_full_000_056/simulation_test/SOAP_uncompressed/HBTplus/halo_properties_0056.hdf5
PL,1.0000000000e+09,median_c_nfw,1.2216773490e-02,7.9588725716e+07,/project/tkcastrosim/HNHuang/project_big_sim/data/PL/PL_25_1024/SOAP_full_000_056/simulation_test/SOAP_uncompressed/HBTplus/halo_properties_0056.hdf5
PL,1.0000000000e+09,median_c_nfw,1.4924955451e-02,5.8707011192e+07,/project/tkcastrosim/HNHuang/project_big_sim/data/PL/PL_25_1024/SOAP_full_000_056/simulation_test/SOAP_uncompressed/HBTplus/halo_properties_0056.hdf5
PL,1.0000000000e+09,median_c_nfw,1.8233480009e-02,4.2610943177e+07,/project/tkcastrosim/HNHuang/project_big_sim/data/PL/PL_25_1024/SOAP_full_000_056/simulation_test/SOAP_uncompressed/HBTplus/halo_properties_0056.hdf5
PL,1.0000000000e+09,median_c_nfw,2.2275429520e-02,3.0392330196e+07,/project/tkcastrosim/HNHuang/project_big_sim/data/PL/PL_25_1024/SOAP_full_000_056/simulation_test/SOAP_uncompressed/HBTplus/halo_properties_0056.hdf5
PL,1.0000000000e+09,median_c_nfw,2.7213387684e-02,2.1278017325e+07,/project/tkcastrosim/HNHuang/project_big_sim/data/PL/PL_25_1024/SOAP_full_000_056/simulation_test/SOAP_uncompressed/HBTplus/halo_properties_0056.hdf5
PL,1.0000000000e+09,median_c_nfw,3.3245979323e-02,1.4610385530e+07,/project/tkcastrosim/HNHuang/project_big_sim/data/PL/PL_25_1024/SOAP_full_000_056/simulation_test/SOAP_uncompressed/HBTplus/halo_properties_0056.hdf5
PL,1.0000000000e+09,median_c_nfw,4.0615859884e-02,9.8343865252e+06,/project/tkcastrosim/HNHuang/project_big_sim/data/PL/PL_25_1024/SOAP_full_000_056/simulation_test/SOAP_uncompressed/HBTplus/halo_properties_0056.hdf5
PL,1.0000000000e+09,median_c_nfw,4.9619476030e-02,6.4885592331e+06,/project/tkcastrosim/HNHuang/project_big_sim/data/PL/PL_25_1024/SOAP_full_000_056/simulation_test/SOAP_uncompressed/HBTplus/halo_properties_0056.hdf5
PL,1.0000000000e+09,median_c_nfw,6.0618989935e-02,4.1975579483e+06,/project/tkcastrosim/HNHuang/project_big_sim/data/PL/PL_25_1024/SOAP_full_000_056/simulation_test/SOAP_uncompressed/HBTplus/halo_properties_0056.hdf5
PL,1.0000000000e+09,median_c_nfw,7.4056846923e-02,2.6552181378e+06,/project/tkcastrosim/HNHuang/project_big_sim/data/PL/PL_25_1024/SOAP_full_000_056/simulation_test/SOAP_uncompressed/HBTplus/halo_properties_0056.hdf5
PL,1.0000000000e+09,median_c_nfw,9.0473572423e-02,1.6509625968e+06,/project/tkcastrosim/HNHuang/project_big_sim/data/PL/PL_25_1024/SOAP_full_000_056/simulation_test/SOAP_uncompressed/HBTplus/halo_properties_0056.hdf5
PL,1.0000000000e+09,median_c_nfw,1.1052951411e-01,1.0087091253e+06,/project/tkcastrosim/HNHuang/project_big_sim/data/PL/PL_25_1024/SOAP_full_000_056/simulation_test/SOAP_uncompressed/HBTplus/halo_properties_0056.hdf5
PL,1.0000000000e+09,median_c_nfw,1.3503140379e-01,6.0634150180e+05,/project/tkcastrosim/HNHuang/project_big_sim/data/PL/PL_25_1024/SOAP_full_000_056/simulation_test/SOAP_uncompressed/HBTplus/halo_properties_0056.hdf5
PL,1.0000000000e+09,median_c_nfw,1.6496480741e-01,3.6100214307e+05,/project/tkcastrosim/HNHuang/project_big_sim/data/PL/PL_25_1024/SOAP_full_000_056/simulation_test/SOAP_uncompressed/HBTplus/halo_properties_0056.hdf5
PL,1.0000000000e+09,median_c_nfw,2.0153376859e-01,2.1355564384e+05,/project/tkcastrosim/HNHuang/project_big_sim/data/PL/PL_25_1024/SOAP_full_000_056/simulation_test/SOAP_uncompressed/HBTplus/halo_properties_0056.hdf5
PL,1.0000000000e+09,median_c_nfw,2.4620924015e-01,1.2483435290e+05,/project/tkcastrosim/HNHuang/project_big_sim/data/PL/PL_25_1024/SOAP_full_000_056/simulation_test/SOAP_uncompressed/HBTplus/halo_properties_0056.hdf5
PL,1.0000000000e+09,median_c_nfw,3.0078825180e-01,7.2150211613e+04,/project/tkcastrosim/HNHuang/project_big_sim/data/PL/PL_25_1024/SOAP_full_000_056/simulation_test/SOAP_uncompressed/HBTplus/halo_properties_0056.hdf5
PL,1.0000000000e+09,median_c_nfw,3.6746619407e-01,4.1263863538e+04,/project/tkcastrosim/HNHuang/project_big_sim/data/PL/PL_25_1024/SOAP_full_000_056/simulation_test/SOAP_uncompressed/HBTplus/halo_properties_0056.hdf5
PL,1.0000000000e+09,median_c_nfw,4.4892512582e-01,2.3429826515e+04,/project/tkcastrosim/HNHuang/project_big_sim/data/PL/PL_25_1024/SOAP_full_000_056/simulation_test/SOAP_uncompressed/HBTplus/halo_properties_0056.hdf5
PL,1.0000000000e+09,median_c_nfw,5.4844165761e-01,1.3226092965e+04,/project/tkcastrosim/HNHuang/project_big_sim/data/PL/PL_25_1024/SOAP_full_000_056/simulation_test/SOAP_uncompressed/HBTplus/halo_properties_0056.hdf5
PL,1.0000000000e+09,median_c_nfw,6.7001875035e-01,7.4294453422e+03,/project/tkcastrosim/HNHuang/project_big_sim/data/PL/PL_25_1024/SOAP_full_000_056/simulation_test/SOAP_uncompressed/HBTplus/halo_properties_0056.hdf5
PL,1.0000000000e+09,median_c_nfw,8.1854673071e-01,4.1561257905e+03,/project/tkcastrosim/HNHuang/project_big_sim/data/PL/PL_25_1024/SOAP_full_000_056/simulation_test/SOAP_uncompressed/HBTplus/halo_properties_0056.hdf5
PL,1.0000000000e+09,median_c_nfw,1.0000000000e+00,2.3169896832e+03,/project/tkcastrosim/HNHuang/project_big_sim/data/PL/PL_25_1024/SOAP_full_000_056/simulation_test/SOAP_uncompressed/HBTplus/halo_properties_0056.hdf5
PL,1.0000000000e+10,mean_c_nfw,1.0000000000e-02,1.1524796128e+08,/project/tkcastrosim/HNHuang/project_big_sim/data/PL/PL_25_1024/SOAP_full_000_056/simulation_test/SOAP_uncompressed/HBTplus/halo_properties_0056.hdf5
PL,1.0000000000e+10,mean_c_nfw,1.0476157528e-02,1.0776446710e+08,/project/tkcastrosim/HNHuang/project_big_sim/data/PL/PL_25_1024/SOAP_full_000_056/simulation_test/SOAP_uncompressed/HBTplus/halo_properties_0056.hdf5
PL,1.0000000000e+10,mean_c_nfw,1.0974987655e-02,1.0069072921e+08,/project/tkcastrosim/HNHuang/project_big_sim/data/PL/PL_25_1024/SOAP_full_000_056/simulation_test/SOAP_uncompressed/HBTplus/halo_properties_0056.hdf5
PL,1.0000000000e+10,mean_c_nfw,1.1497569954e-02,9.4008385246e+07,/project/tkcastrosim/HNHuang/project_big_sim/data/PL/PL_25_1024/SOAP_full_000_056/simulation_test/SOAP_uncompressed/HBTplus/halo_properties_0056.hdf5
PL,1.0000000000e+10,mean_c_nfw,1.2045035403e-02,8.7699799749e+07,/project/tkcastrosim/HNHuang/project_big_sim/data/PL/PL_25_1024/SOAP_full_000_056/simulation_test/SOAP_uncompressed/HBTplus/halo_properties_0056.hdf5
PL,1.0000000000e+10,mean_c_nfw,1.2618568831e-02,8.1748027719e+07,/project/tkcastrosim/HNHuang/project_big_sim/data/PL/PL_25_1024/SOAP_full_000_056/simulation_test/SOAP_uncompressed/HBTplus/halo_properties_0056.hdf5
PL,1.0000000000e+10,mean_c_nfw,1.3219411485e-02,7.6136780376e+07,/project/tkcastrosim/HNHuang/project_big_sim/data/PL/PL_25_1024/SOAP_full_000_056/simulation_test/SOAP_uncompressed/HBTplus/halo_properties_0056.hdf5
PL,1.0000000000e+10,mean_c_nfw,1.3848863714e-02,7.0850393071e+07,/project/tkcastrosim/HNHuang/project_big_sim/data/PL/PL_25_1024/SOAP_full_000_056/simulation_test/SOAP_uncompressed/HBTplus/halo_properties_0056.hdf5
PL,1.0000000000e+10,mean_c_nfw,1.4508287785e-02,6.5873795291e+07,/project/tkcastrosim/HNHuang/project_big_sim/data/PL/PL_25_1024/SOAP_full_000_056/simulation_test/SOAP_uncompressed/HBTplus/halo_properties_0056.hdf5
PL,1.0000000000e+10,mean_c_nfw,1.5199110830e-02,6.1192482700e+07,/project/tkcastrosim/HNHuang/project_big_sim/data/PL/PL_25_1024/SOAP_full_000_056/simulation_test/SOAP_uncompressed/HBTplus/halo_properties_0056.hdf5
PL,1.0000000000e+10,mean_c_nfw,1.5922827933e-02,5.6792491174e+07,/project/tkcastrosim/HNHuang/project_big_sim/data/PL/PL_25_1024/SOAP_full_000_056/simulation_test/SOAP_uncompressed/HBTplus/halo_properties_0056.hdf5
PL,1.0000000000e+10,mean_c_nfw,1.6681005372e-02,5.2660372755e+07,/project/tkcastrosim/HNHuang/project_big_sim/data/PL/PL_25_1024/SOAP_full_000_056/simulation_test/SOAP_uncompressed/HBTplus/halo_properties_0056.hdf5
PL,1.0000000000e+10,mean_c_nfw,1.7475284000e-02,4.8783173453e+07,/project/tkcastrosim/HNHuang/project_big_sim/data/PL/PL_25_1024/SOAP_full_000_056/simulation_test/SOAP_uncompressed/HBTplus/halo_properties_0056.hdf5
PL,1.0000000000e+10,mean_c_nfw,1.8307382803e-02,4.5148412847e+07,/project/tkcastrosim/HNHuang/project_big_sim/data/PL/PL_25_1024/SOAP_full_000_056/simulation_test/SOAP_uncompressed/HBTplus/halo_properties_0056.hdf5
PL,1.0000000000e+10,mean_c_nfw,1.9179102617e-02,4.1744065377e+07,/project/tkcastrosim/HNHuang/project_big_sim/data/PL/PL_25_1024/SOAP_full_000_056/simulation_test/SOAP_uncompressed/HBTplus/halo_properties_0056.hdf5
PL,1.0000000000e+10,mean_c_nfw,2.0092330026e-02,3.8558543266e+07,/project/tkcastrosim/HNHuang/project_big_sim/data/PL/PL_25_1024/SOAP_full_000_056/simulation_test/SOAP_uncompressed/HBTplus/halo_properties_0056.hdf5
PL,1.0000000000e+10,mean_c_nfw,2.1049041445e-02,3.5580680958e+07,/project/tkcastrosim/HNHuang/project_big_sim/data/PL/PL_25_1024/SOAP_full_000_056/simulation_test/SOAP_uncompressed/HBTplus/halo_properties_0056.hdf5
PL,1.0000000000e+10,mean_c_nfw,2.2051307399e-02,3.2799721001e+07,/project/tkcastrosim/HNHuang/project_big_sim/data/PL/PL_25_1024/SOAP_full_000_056/simulation_test/SOAP_uncompressed/HBTplus/halo_properties_0056.hdf5
PL,1.0000000000e+10,mean_c_nfw,2.3101297001e-02,3.0205301244e+07,/project/tkcastrosim/HNHuang/project_big_sim/data/PL/PL_25_1024/SOAP_full_000_056/simulation_test/SOAP_uncompressed/HBTplus/halo_properties_0056.hdf5
PL,1.0000000000e+10,mean_c_nfw,2.4201282648e-02,2.7787443261e+07,/project/tkcastrosim/HNHuang/project_big_sim/data/PL/PL_25_1024/SOAP_full_000_056/simulation_test/SOAP_uncompressed/HBTplus/halo_properties_0056.hdf5
PL,1.0000000000e+10,mean_c_nfw,2.5353644940e-02,2.5536541874e+07,/project/tkcastrosim/HNHuang/project_big_sim/data/PL/PL_25_1024/SOAP_full_000_056/simulation_test/SOAP_uncompressed/HBTplus/halo_properties_0056.hdf5
PL,1.0000000000e+10,mean_c_nfw,2.6560877829e-02,2.3443355673e+07,/project/tkcastrosim/HNHuang/project_big_sim/data/PL/PL_25_1024/SOAP_full_000_056/simulation_test/SOAP_uncompressed/HBTplus/halo_properties_0056.hdf5
PL,1.0000000000e+10,mean_c_nfw,2.7825594022e-02,2.1498998400e+07,/project/tkcastrosim/HNHuang/project_big_sim/data/PL/PL_25_1024/SOAP_full_000_056/simulation_test/SOAP_uncompressed/HBTplus/halo_properties_0056.hdf5
PL,1.0000000000e+10,mean_c_nfw,2.9150530628e-02,1.9694931087e+07,/project/tkcastrosim/HNHuang/project_big_sim/data/PL/PL_25_1024/SOAP_full_000_056/simulation_test/SOAP_uncompressed/HBTplus/halo_properties_0056.hdf5
PL,1.0000000000e+10,mean_c_nfw,3.0538555088e-02,1.8022954831e+07,/project/tkcastrosim/HNHuang/project_big_sim/data/PL/PL_25_1024/SOAP_full_000_056/simulation_test/SOAP_uncompressed/HBTplus/halo_properties_0056.hdf5
PL,1.0000000000e+10,mean_c_nfw,3.1992671378e-02,1.6475204076e+07,/project/tkcastrosim/HNHuang/project_big_sim/data/PL/PL_25_1024/SOAP_full_000_056/simulation_test/SOAP_uncompressed/HBTplus/halo_properties_0056.hdf5
PL,1.0000000000e+10,mean_c_nfw,3.3516026509e-02,1.5044140308e+07,/project/tkcastrosim/HNHuang/project_big_sim/data/PL/PL_25_1024/SOAP_full_000_056/simulation_test/SOAP_uncompressed/HBTplus/halo_properties_0056.hdf5
PL,1.0000000000e+10,mean_c_nfw,3.5111917342e-02,1.3722546032e+07,/project/tkcastrosim/HNHuang/project_big_sim/data/PL/PL_25_1024/SOAP_full_000_056/simulation_test/SOAP_uncompressed/HBTplus/halo_properties_0056.hdf5
PL,1.0000000000e+10,mean_c_nfw,3.6783797718e-02,1.2503518954e+07,/project/tkcastrosim/HNHuang/project_big_sim/data/PL/PL_25_1024/SOAP_full_000_056/simulation_test/SOAP_uncompressed/HBTplus/halo_properties_0056.hdf5
PL,1.0000000000e+10,mean_c_nfw,3.8535285937e-02,1.1380466243e+07,/project/tkcastrosim/HNHuang/project_big_sim/data/PL/PL_25_1024/SOAP_full_000_056/simulation_test/SOAP_uncompressed/HBTplus/halo_properties_0056.hdf5
PL,1.0000000000e+10,mean_c_nfw,4.0370172586e-02,1.0347098815e+07,/project/tkcastrosim/HNHuang/project_big_sim/data/PL/PL_25_1024/SOAP_full_000_056/simulation_test/SOAP_uncompressed/HBTplus/halo_properties_0056.hdf5
PL,1.0000000000e+10,mean_c_nfw,4.2292428744e-02,9.3974255443e+06,/project/tkcastrosim/HNHuang/project_big_sim/data/PL/PL_25_1024/SOAP_full_000_056/simulation_test/SOAP_uncompressed/HBTplus/halo_properties_0056.hdf5
PL,1.0000000000e+10,mean_c_nfw,4.4306214576e-02,8.5257473394e+06,/project/tkcastrosim/HNHuang/project_big_sim/data/PL/PL_25_1024/SOAP_full_000_056/simulation_test/SOAP_uncompressed/HBTplus/halo_properties_0056.hdf5
PL,1.0000000000e+10,mean_c_nfw,4.6415888336e-02,7.7266510311e+06,/project/tkcastrosim/HNHuang/project_big_sim/data/PL/PL_25_1024/SOAP_full_000_056/simulation_test/SOAP_uncompressed/HBTplus/halo_properties_0056.hdf5
PL,1.0000000000e+10,mean_c_nfw,4.8626015801e-02,6.9950030254e+06,/project/tkcastrosim/HNHuang/project_big_sim/data/PL/PL_25_1024/SOAP_full_000_056/simulation_test/SOAP_uncompressed/HBTplus/halo_properties_0056.hdf5
PL,1.0000000000e+10,mean_c_nfw,5.0941380148e-02,6.3259426888e+06,/project/tkcastrosim/HNHuang/project_big_sim/data/PL/PL_25_1024/SOAP_full_000_056/simulation_test/SOAP_uncompressed/HBTplus/halo_properties_0056.hdf5
PL,1.0000000000e+10,mean_c_nfw,5.3366992312e-02,5.7148754428e+06,/project/tkcastrosim/HNHuang/project_big_sim/data/PL/PL_25_1024/SOAP_full_000_056/simulation_test/SOAP_uncompressed/HBTplus/halo_properties_0056.hdf5
PL,1.0000000000e+10,mean_c_nfw,5.5908101825e-02,5.1574655586e+06,/project/tkcastrosim/HNHuang/project_big_sim/data/PL/PL_25_1024/SOAP_full_000_056/simulation_test/SOAP_uncompressed/HBTplus/halo_properties_0056.hdf5
PL,1.0000000000e+10,mean_c_nfw,5.8570208181e-02,4.6496286479e+06,/project/tkcastrosim/HNHuang/project_big_sim/data/PL/PL_25_1024/SOAP_full_000_056/simulation_test/SOAP_uncompressed/HBTplus/halo_properties_0056.hdf5
PL,1.0000000000e+10,mean_c_nfw,6.1359072734e-02,4.1875238606e+06,/project/tkcastrosim/HNHuang/project_big_sim/data/PL/PL_25_1024/SOAP_full_000_056/simulation_test/SOAP_uncompressed/HBTplus/halo_properties_0056.hdf5
PL,1.0000000000e+10,mean_c_nfw,6.4280731173e-02,3.7675458052e+06,/project/tkcastrosim/HNHuang/project_big_sim/data/PL/PL_25_1024/SOAP_full_000_056/simulation_test/SOAP_uncompressed/HBTplus/halo_properties_0056.hdf5
PL,1.0000000000e+10,mean_c_nfw,6.7341506578e-02,3.3863162159e+06,/project/tkcastrosim/HNHuang/project_big_sim/data/PL/PL_25_1024/SOAP_full_000_056/simulation_test/SOAP_uncompressed/HBTplus/halo_properties_0056.hdf5
PL,1.0000000000e+10,mean_c_nfw,7.0548023107e-02,3.0406753976e+06,/project/tkcastrosim/HNHuang/project_big_sim/data/PL/PL_25_1024/SOAP_full_000_056/simulation_test/SOAP_uncompressed/HBTplus/halo_properties_0056.hdf5
PL,1.0000000000e+10,mean_c_nfw,7.3907220335e-02,2.7276734854e+06,/project/tkcastrosim/HNHuang/project_big_sim/data/PL/PL_25_1024/SOAP_full_000_056/simulation_test/SOAP_uncompressed/HBTplus/halo_properties_0056.hdf5
PL,1.0000000000e+10,mean_c_nfw,7.7426368268e-02,2.4445615576e+06,/project/tkcastrosim/HNHuang/project_big_sim/data/PL/PL_25_1024/SOAP_full_000_056/simulation_test/SOAP_uncompressed/HBTplus/halo_properties_0056.hdf5
PL,1.0000000000e+10,mean_c_nfw,8.1113083079e-02,2.1887826453e+06,/project/tkcastrosim/HNHuang/project_big_sim/data/PL/PL_25_1024/SOAP_full_000_056/simulation_test/SOAP_uncompressed/HBTplus/halo_properties_0056.hdf5
PL,1.0000000000e+10,mean_c_nfw,8.4975343591e-02,1.9579626841e+06,/project/tkcastrosim/HNHuang/project_big_sim/data/PL/PL_25_1024/SOAP_full_000_056/simulation_test/SOAP_uncompressed/HBTplus/halo_properties_0056.hdf5
PL,1.0000000000e+10,mean_c_nfw,8.9021508545e-02,1.7499014526e+06,/project/tkcastrosim/HNHuang/project_big_sim/data/PL/PL_25_1024/SOAP_full_000_056/simulation_test/SOAP_uncompressed/HBTplus/halo_properties_0056.hdf5
PL,1.0000000000e+10,mean_c_nfw,9.3260334688e-02,1.5625635417e+06,/project/tkcastrosim/HNHuang/project_big_sim/data/PL/PL_25_1024/SOAP_full_000_056/simulation_test/SOAP_uncompressed/HBTplus/halo_properties_0056.hdf5
PL,1.0000000000e+10,mean_c_nfw,9.7700995730e-02,1.3940694009e+06,/project/tkcastrosim/HNHuang/project_big_sim/data/PL/PL_25_1024/SOAP_full_000_056/simulation_test/SOAP_uncompressed/HBTplus/halo_properties_0056.hdf5
PL,1.0000000000e+10,mean_c_nfw,1.0235310219e-01,1.2426865006e+06,/project/tkcastrosim/HNHuang/project_big_sim/data/PL/PL_25_1024/SOAP_full_000_056/simulation_test/SOAP_uncompressed/HBTplus/halo_properties_0056.hdf5
PL,1.0000000000e+10,mean_c_nfw,1.0722672220e-01,1.1068206514e+06,/project/tkcastrosim/HNHuang/project_big_sim/data/PL/PL_25_1024/SOAP_full_000_056/simulation_test/SOAP_uncompressed/HBTplus/halo_properties_0056.hdf5
PL,1.0000000000e+10,mean_c_nfw,1.1233240330e-01,9.8500751569e+05,/project/tkcastrosim/HNHuang/project_big_sim/data/PL/PL_25_1024/SOAP_full_000_056/simulation_test/SOAP_uncompressed/HBTplus/halo_properties_0056.hdf5
PL,1.0000000000e+10,mean_c_nfw,1.1768119524e-01,8.7590434382e+05,/project/tkcastrosim/HNHuang/project_big_sim/data/PL/PL_25_1024/SOAP_full_000_056/simulation_test/SOAP_uncompressed/HBTplus/halo_properties_0056.hdf5
PL,1.0000000000e+10,mean_c_nfw,1.2328467394e-01,7.7828196327e+05,/project/tkcastrosim/HNHuang/project_big_sim/data/PL/PL_25_1024/SOAP_full_000_056/simulation_test/SOAP_uncompressed/HBTplus/halo_properties_0056.hdf5
PL,1.0000000000e+10,mean_c_nfw,1.2915496650e-01,6.9101704578e+05,/project/tkcastrosim/HNHuang/project_big_sim/data/PL/PL_25_1024/SOAP_full_000_056/simulation_test/SOAP_uncompressed/HBTplus/halo_properties_0056.hdf5
PL,1.0000000000e+10,mean_c_nfw,1.3530477746e-01,6.1308467244e+05,/project/tkcastrosim/HNHuang/project_big_sim/data/PL/PL_25_1024/SOAP_full_000_056/simulation_test/SOAP_uncompressed/HBTplus/halo_properties_0056.hdf5
PL,1.0000000000e+10,mean_c_nfw,1.4174741629e-01,5.4355121311e+05,/project/tkcastrosim/HNHuang/project_big_sim/data/PL/PL_25_1024/SOAP_full_000_056/simulation_test/SOAP_uncompressed/HBTplus/halo_properties_0056.hdf5
PL,1.0000000000e+10,mean_c_nfw,1.4849682623e-01,4.8156753270e+05,/project/tkcastrosim/HNHuang/project_big_sim/data/PL/PL_25_1024/SOAP_full_000_056/simulation_test/SOAP_uncompressed/HBTplus/halo_properties_0056.hdf5
PL,1.0000000000e+10,mean_c_nfw,1.5556761439e-01,4.2636253270e+05,/project/tkcastrosim/HNHuang/project_big_sim/data/PL/PL_25_1024/SOAP_full_000_056/simulation_test/SOAP_uncompressed/HBTplus/halo_properties_0056.hdf5
PL,1.0000000000e+10,mean_c_nfw,1.6297508346e-01,3.7723703307e+05,/project/tkcastrosim/HNHuang/project_big_sim/data/PL/PL_25_1024/SOAP_full_000_056/simulation_test/SOAP_uncompressed/HBTplus/halo_properties_0056.hdf5
PL,1.0000000000e+10,mean_c_nfw,1.7073526475e-01,3.3355799618e+05,/project/tkcastrosim/HNHuang/project_big_sim/data/PL/PL_25_1024/SOAP_full_000_056/simulation_test/SOAP_uncompressed/HBTplus/halo_properties_0056.hdf5
PL,1.0000000000e+10,mean_c_nfw,1.7886495291e-01,2.9475309157e+05,/project/tkcastrosim/HNHuang/project_big_sim/data/PL/PL_25_1024/SOAP_full_000_056/simulation_test/SOAP_uncompressed/HBTplus/halo_properties_0056.hdf5
PL,1.0000000000e+10,mean_c_nfw,1.8738174229e-01,2.6030559742e+05,/project/tkcastrosim/HNHuang/project_big_sim/data/PL/PL_25_1024/SOAP_full_000_056/simulation_test/SOAP_uncompressed/HBTplus/halo_properties_0056.hdf5
PL,1.0000000000e+10,mean_c_nfw,1.9630406500e-01,2.2974963258e+05,/project/tkcastrosim/HNHuang/project_big_sim/data/PL/PL_25_1024/SOAP_full_000_056/simulation_test/SOAP_uncompressed/HBTplus/halo_properties_0056.hdf5
PL,1.0000000000e+10,mean_c_nfw,2.0565123083e-01,2.0266571067e+05,/project/tkcastrosim/HNHuang/project_big_sim/data/PL/PL_25_1024/SOAP_full_000_056/simulation_test/SOAP_uncompressed/HBTplus/halo_properties_0056.hdf5
PL,1.0000000000e+10,mean_c_nfw,2.1544346900e-01,1.7867660638e+05,/project/tkcastrosim/HNHuang/project_big_sim/data/PL/PL_25_1024/SOAP_full_000_056/simulation_test/SOAP_uncompressed/HBTplus/halo_properties_0056.hdf5
PL,1.0000000000e+10,mean_c_nfw,2.2570197196e-01,1.5744352227e+05,/project/tkcastrosim/HNHuang/project_big_sim/data/PL/PL_25_1024/SOAP_full_000_056/simulation_test/SOAP_uncompressed/HBTplus/halo_properties_0056.hdf5
PL,1.0000000000e+10,mean_c_nfw,2.3644894126e-01,1.3866254375e+05,/project/tkcastrosim/HNHuang/project_big_sim/data/PL/PL_25_1024/SOAP_full_000_056/simulation_test/SOAP_uncompressed/HBTplus/halo_properties_0056.hdf5
PL,1.0000000000e+10,mean_c_nfw,2.4770763560e-01,1.2206136877e+05,/project/tkcastrosim/HNHuang/project_big_sim/data/PL/PL_25_1024/SOAP_full_000_056/simulation_test/SOAP_uncompressed/HBTplus/halo_properties_0056.hdf5
PL,1.0000000000e+10,mean_c_nfw,2.5950242114e-01,1.0739629825e+05,/project/tkcastrosim/HNHuang/project_big_sim/data/PL/PL_25_1024/SOAP_full_000_056/simulation_test/SOAP_uncompressed/HBTplus/halo_properties_0056.hdf5
PL,1.0000000000e+10,mean_c_nfw,2.7185882427e-01,9.4449472924e+04,/project/tkcastrosim/HNHuang/project_big_sim/data/PL/PL_25_1024/SOAP_full_000_056/simulation_test/SOAP_uncompressed/HBTplus/halo_properties_0056.hdf5
PL,1.0000000000e+10,mean_c_nfw,2.8480358684e-01,8.3026342191e+04,/project/tkcastrosim/HNHuang/project_big_sim/data/PL/PL_25_1024/SOAP_full_000_056/simulation_test/SOAP_uncompressed/HBTplus/halo_properties_0056.hdf5
PL,1.0000000000e+10,mean_c_nfw,2.9836472403e-01,7.2953350414e+04,/project/tkcastrosim/HNHuang/project_big_sim/data/PL/PL_25_1024/SOAP_full_000_056/simulation_test/SOAP_uncompressed/HBTplus/halo_properties_0056.hdf5
PL,1.0000000000e+10,mean_c_nfw,3.1257158497e-01,6.4075826460e+04,/project/tkcastrosim/HNHuang/project_big_sim/data/PL/PL_25_1024/SOAP_full_000_056/simulation_test/SOAP_uncompressed/HBTplus/halo_properties_0056.hdf5
PL,1.0000000000e+10,mean_c_nfw,3.2745491629e-01,5.6256062427e+04,/project/tkcastrosim/HNHuang/project_big_sim/data/PL/PL_25_1024/SOAP_full_000_056/simulation_test/SOAP_uncompressed/HBTplus/halo_properties_0056.hdf5
PL,1.0000000000e+10,mean_c_nfw,3.4304692863e-01,4.9371567975e+04,/project/tkcastrosim/HNHuang/project_big_sim/data/PL/PL_25_1024/SOAP_full_000_056/simulation_test/SOAP_uncompressed/HBTplus/halo_properties_0056.hdf5
PL,1.0000000000e+10,mean_c_nfw,3.5938136638e-01,4.3313487135e+04,/project/tkcastrosim/HNHuang/project_big_sim/data/PL/PL_25_1024/SOAP_full_000_056/simulation_test/SOAP_uncompressed/HBTplus/halo_properties_0056.hdf5
PL,1.0000000000e+10,mean_c_nfw,3.7649358068e-01,3.7985165007e+04,/project/tkcastrosim/HNHuang/project_big_sim/data/PL/PL_25_1024/SOAP_full_000_056/simulation_test/SOAP_uncompressed/HBTplus/halo_properties_0056.hdf5
PL,1.0000000000e+10,mean_c_nfw,3.9442060594e-01,3.3300852384e+04,/project/tkcastrosim/HNHuang/project_big_sim/data/PL/PL_25_1024/SOAP_full_000_056/simulation_test/SOAP_uncompressed/HBTplus/halo_properties_0056.hdf5
PL,1.0000000000e+10,mean_c_nfw,4.1320124001e-01,2.9184536921e+04,/project/tkcastrosim/HNHuang/project_big_sim/data/PL/PL_25_1024/SOAP_full_000_056/simulation_test/SOAP_uncompressed/HBTplus/halo_properties_0056.hdf5
PL,1.0000000000e+10,mean_c_nfw,4.3287612811e-01,2.5568890150e+04,/project/tkcastrosim/HNHuang/project_big_sim/data/PL/PL_25_1024/SOAP_full_000_056/simulation_test/SOAP_uncompressed/HBTplus/halo_properties_0056.hdf5
PL,1.0000000000e+10,mean_c_nfw,4.5348785081e-01,2.2394320294e+04,/project/tkcastrosim/HNHuang/project_big_sim/data/PL/PL_25_1024/SOAP_full_000_056/simulation_test/SOAP_uncompressed/HBTplus/halo_properties_0056.hdf5
PL,1.0000000000e+10,mean_c_nfw,4.7508101621e-01,1.9608121462e+04,/project/tkcastrosim/HNHuang/project_big_sim/data/PL/PL_25_1024/SOAP_full_000_056/simulation_test/SOAP_uncompressed/HBTplus/halo_properties_0056.hdf5
PL,1.0000000000e+10,mean_c_nfw,4.9770235643e-01,1.7163710493e+04,/project/tkcastrosim/HNHuang/project_big_sim/data/PL/PL_25_1024/SOAP_full_000_056/simulation_test/SOAP_uncompressed/HBTplus/halo_properties_0056.hdf5
PL,1.0000000000e+10,mean_c_nfw,5.2140082880e-01,1.5019943323e+04,/project/tkcastrosim/HNHuang/project_big_sim/data/PL/PL_25_1024/SOAP_full_000_056/simulation_test/SOAP_uncompressed/HBTplus/halo_properties_0056.hdf5
PL,1.0000000000e+10,mean_c_nfw,5.4622772177e-01,1.3140503368e+04,/project/tkcastrosim/HNHuang/project_big_sim/data/PL/PL_25_1024/SOAP_full_000_056/simulation_test/SOAP_uncompressed/HBTplus/halo_properties_0056.hdf5
PL,1.0000000000e+10,mean_c_nfw,5.7223676594e-01,1.1493355003e+04,/project/tkcastrosim/HNHuang/project_big_sim/data/PL/PL_25_1024/SOAP_full_000_056/simulation_test/SOAP_uncompressed/HBTplus/halo_properties_0056.hdf5
PL,1.0000000000e+10,mean_c_nfw,5.9948425032e-01,1.0050255788e+04,/project/tkcastrosim/HNHuang/project_big_sim/data/PL/PL_25_1024/SOAP_full_000_056/simulation_test/SOAP_uncompressed/HBTplus/halo_properties_0056.hdf5
PL,1.0000000000e+10,mean_c_nfw,6.2802914418e-01,8.7863216069e+03,/project/tkcastrosim/HNHuang/project_big_sim/data/PL/PL_25_1024/SOAP_full_000_056/simulation_test/SOAP_uncompressed/HBTplus/halo_properties_0056.hdf5
PL,1.0000000000e+10,mean_c_nfw,6.5793322466e-01,7.6796394017e+03,/project/tkcastrosim/HNHuang/project_big_sim/data/PL/PL_25_1024/SOAP_full_000_056/simulation_test/SOAP_uncompressed/HBTplus/halo_properties_0056.hdf5
PL,1.0000000000e+10,mean_c_nfw,6.8926121043e-01,6.7109226464e+03,/project/tkcastrosim/HNHuang/project_big_sim/data/PL/PL_25_1024/SOAP_full_000_056/simulation_test/SOAP_uncompressed/HBTplus/halo_properties_0056.hdf5
PL,1.0000000000e+10,mean_c_nfw,7.2208090184e-01,5.8632051461e+03,/project/tkcastrosim/HNHuang/project_big_sim/data/PL/PL_25_1024/SOAP_full_000_056/simulation_test/SOAP_uncompressed/HBTplus/halo_properties_0056.hdf5
PL,1.0000000000e+10,mean_c_nfw,7.5646332755e-01,5.1215691555e+03,/project/tkcastrosim/HNHuang/project_big_sim/data/PL/PL_25_1024/SOAP_full_000_056/simulation_test/SOAP_uncompressed/HBTplus/halo_properties_0056.hdf5
PL,1.0000000000e+10,mean_c_nfw,7.9248289835e-01,4.4729041898e+03,/project/tkcastrosim/HNHuang/project_big_sim/data/PL/PL_25_1024/SOAP_full_000_056/simulation_test/SOAP_uncompressed/HBTplus/halo_properties_0056.hdf5
PL,1.0000000000e+10,mean_c_nfw,8.3021756813e-01,3.9056932488e+03,/project/tkcastrosim/HNHuang/project_big_sim/data/PL/PL_25_1024/SOAP_full_000_056/simulation_test/SOAP_uncompressed/HBTplus/halo_properties_0056.hdf5
PL,1.0000000000e+10,mean_c_nfw,8.6974900262e-01,3.4098234942e+03,/project/tkcastrosim/HNHuang/project_big_sim/data/PL/PL_25_1024/SOAP_full_000_056/simulation_test/SOAP_uncompressed/HBTplus/halo_properties_0056.hdf5
PL,1.0000000000e+10,mean_c_nfw,9.1116275612e-01,2.9764187185e+03,/project/tkcastrosim/HNHuang/project_big_sim/data/PL/PL_25_1024/SOAP_full_000_056/simulation_test/SOAP_uncompressed/HBTplus/halo_properties_0056.hdf5
PL,1.0000000000e+10,mean_c_nfw,9.5454845666e-01,2.5976912091e+03,/project/tkcastrosim/HNHuang/project_big_sim/data/PL/PL_25_1024/SOAP_full_000_056/simulation_test/SOAP_uncompressed/HBTplus/halo_properties_0056.hdf5
PL,1.0000000000e+10,mean_c_nfw,1.0000000000e+00,2.2668108571e+03,/project/tkcastrosim/HNHuang/project_big_sim/data/PL/PL_25_1024/SOAP_full_000_056/simulation_test/SOAP_uncompressed/HBTplus/halo_properties_0056.hdf5
PL,1.0000000000e+10,median_c_nfw,1.0000000000e-02,8.9342876062e+07,/project/tkcastrosim/HNHuang/project_big_sim/data/PL/PL_25_1024/SOAP_full_000_056/simulation_test/SOAP_uncompressed/HBTplus/halo_properties_0056.hdf5
PL,1.0000000000e+10,median_c_nfw,1.2216773490e-02,6.7522923464e+07,/project/tkcastrosim/HNHuang/project_big_sim/data/PL/PL_25_1024/SOAP_full_000_056/simulation_test/SOAP_uncompressed/HBTplus/halo_properties_0056.hdf5
PL,1.0000000000e+10,median_c_nfw,1.4924955451e-02,5.0344868672e+07,/project/tkcastrosim/HNHuang/project_big_sim/data/PL/PL_25_1024/SOAP_full_000_056/simulation_test/SOAP_uncompressed/HBTplus/halo_properties_0056.hdf5
PL,1.0000000000e+10,median_c_nfw,1.8233480009e-02,3.6975177039e+07,/project/tkcastrosim/HNHuang/project_big_sim/data/PL/PL_25_1024/SOAP_full_000_056/simulation_test/SOAP_uncompressed/HBTplus/halo_properties_0056.hdf5
PL,1.0000000000e+10,median_c_nfw,2.2275429520e-02,2.6710949904e+07,/project/tkcastrosim/HNHuang/project_big_sim/data/PL/PL_25_1024/SOAP_full_000_056/simulation_test/SOAP_uncompressed/HBTplus/halo_properties_0056.hdf5
PL,1.0000000000e+10,median_c_nfw,2.7213387684e-02,1.8955440539e+07,/project/tkcastrosim/HNHuang/project_big_sim/data/PL/PL_25_1024/SOAP_full_000_056/simulation_test/SOAP_uncompressed/HBTplus/halo_properties_0056.hdf5
PL,1.0000000000e+10,median_c_nfw,3.3245979323e-02,1.3200444678e+07,/project/tkcastrosim/HNHuang/project_big_sim/data/PL/PL_25_1024/SOAP_full_000_056/simulation_test/SOAP_uncompressed/HBTplus/halo_properties_0056.hdf5
PL,1.0000000000e+10,median_c_nfw,4.0615859884e-02,9.0143114155e+06,/project/tkcastrosim/HNHuang/project_big_sim/data/PL/PL_25_1024/SOAP_full_000_056/simulation_test/SOAP_uncompressed/HBTplus/halo_properties_0056.hdf5
PL,1.0000000000e+10,median_c_nfw,4.9619476030e-02,6.0339724906e+06,/project/tkcastrosim/HNHuang/project_big_sim/data/PL/PL_25_1024/SOAP_full_000_056/simulation_test/SOAP_uncompressed/HBTplus/halo_properties_0056.hdf5
PL,1.0000000000e+10,median_c_nfw,6.0618989935e-02,3.9592154253e+06,/project/tkcastrosim/HNHuang/project_big_sim/data/PL/PL_25_1024/SOAP_full_000_056/simulation_test/SOAP_uncompressed/HBTplus/halo_properties_0056.hdf5
PL,1.0000000000e+10,median_c_nfw,7.4056846923e-02,2.5465319349e+06,/project/tkcastrosim/HNHuang/project_big_sim/data/PL/PL_25_1024/SOAP_full_000_056/simulation_test/SOAP_uncompressed/HBTplus/halo_properties_0056.hdf5
PL,1.0000000000e+10,median_c_nfw,9.0473572423e-02,1.6071267327e+06,/project/tkcastrosim/HNHuang/project_big_sim/data/PL/PL_25_1024/SOAP_full_000_056/simulation_test/SOAP_uncompressed/HBTplus/halo_properties_0056.hdf5
PL,1.0000000000e+10,median_c_nfw,1.1052951411e-01,9.9564882974e+05,/project/tkcastrosim/HNHuang/project_big_sim/data/PL/PL_25_1024/SOAP_full_000_056/simulation_test/SOAP_uncompressed/HBTplus/halo_properties_0056.hdf5
PL,1.0000000000e+10,median_c_nfw,1.3503140379e-01,6.0431225318e+05,/project/tkcastrosim/HNHuang/project_big_sim/data/PL/PL_25_1024/SOAP_full_000_056/simulation_test/SOAP_uncompressed/HBTplus/halo_properties_0056.hdf5
PL,1.0000000000e+10,median_c_nfw,1.6496480741e-01,3.6244103210e+05,/project/tkcastrosim/HNHuang/project_big_sim/data/PL/PL_25_1024/SOAP_full_000_056/simulation_test/SOAP_uncompressed/HBTplus/halo_properties_0056.hdf5
PL,1.0000000000e+10,median_c_nfw,2.0153376859e-01,2.1574860352e+05,/project/tkcastrosim/HNHuang/project_big_sim/data/PL/PL_25_1024/SOAP_full_000_056/simulation_test/SOAP_uncompressed/HBTplus/halo_properties_0056.hdf5
PL,1.0000000000e+10,median_c_nfw,2.4620924015e-01,1.2701015949e+05,/project/tkcastrosim/HNHuang/project_big_sim/data/PL/PL_25_1024/SOAP_full_000_056/simulation_test/SOAP_uncompressed/HBTplus/halo_properties_0056.hdf5
PL,1.0000000000e+10,median_c_nfw,3.0078825180e-01,7.3873949651e+04,/project/tkcastrosim/HNHuang/project_big_sim/data/PL/PL_25_1024/SOAP_full_000_056/simulation_test/SOAP_uncompressed/HBTplus/halo_properties_0056.hdf5
PL,1.0000000000e+10,median_c_nfw,3.6746619407e-01,4.2503135713e+04,/project/tkcastrosim/HNHuang/project_big_sim/data/PL/PL_25_1024/SOAP_full_000_056/simulation_test/SOAP_uncompressed/HBTplus/halo_properties_0056.hdf5
PL,1.0000000000e+10,median_c_nfw,4.4892512582e-01,2.4251171476e+04,/project/tkcastrosim/HNHuang/project_big_sim/data/PL/PL_25_1024/SOAP_full_000_056/simulation_test/SOAP_uncompressed/HBTplus/halo_properties_0056.hdf5
PL,1.0000000000e+10,median_c_nfw,5.4844165761e-01,1.3746251964e+04,/project/tkcastrosim/HNHuang/project_big_sim/data/PL/PL_25_1024/SOAP_full_000_056/simulation_test/SOAP_uncompressed/HBTplus/halo_properties_0056.hdf5
PL,1.0000000000e+10,median_c_nfw,6.7001875035e-01,7.7484634766e+03,/project/tkcastrosim/HNHuang/project_big_sim/data/PL/PL_25_1024/SOAP_full_000_056/simulation_test/SOAP_uncompressed/HBTplus/halo_properties_0056.hdf5
PL,1.0000000000e+10,median_c_nfw,8.1854673071e-01,4.3472065291e+03,/project/tkcastrosim/HNHuang/project_big_sim/data/PL/PL_25_1024/SOAP_full_000_056/simulation_test/SOAP_uncompressed/HBTplus/halo_properties_0056.hdf5
PL,1.0000000000e+10,median_c_nfw,1.0000000000e+00,2.4294013903e+03,/project/tkcastrosim/HNHuang/project_big_sim/data/PL/PL_25_1024/SOAP_full_000_056/simulation_test/SOAP_uncompressed/HBTplus/halo_properties_0056.hdf5
PL,1.0000000000e+11,mean_c_nfw,1.0000000000e-02,7.5333433890e+07,/project/tkcastrosim/HNHuang/project_big_sim/data/PL/PL_25_1024/SOAP_full_000_056/simulation_test/SOAP_uncompressed/HBTplus/halo_properties_0056.hdf5
PL,1.0000000000e+11,mean_c_nfw,1.0476157528e-02,7.0801571859e+07,/project/tkcastrosim/HNHuang/project_big_sim/data/PL/PL_25_1024/SOAP_full_000_056/simulation_test/SOAP_uncompressed/HBTplus/halo_properties_0056.hdf5
PL,1.0000000000e+11,mean_c_nfw,1.0974987655e-02,6.6501687548e+07,/project/tkcastrosim/HNHuang/project_big_sim/data/PL/PL_25_1024/SOAP_full_000_056/simulation_test/SOAP_uncompressed/HBTplus/halo_properties_0056.hdf5
PL,1.0000000000e+11,mean_c_nfw,1.1497569954e-02,6.2423609853e+07,/project/tkcastrosim/HNHuang/project_big_sim/data/PL/PL_25_1024/SOAP_full_000_056/simulation_test/SOAP_uncompressed/HBTplus/halo_properties_0056.hdf5
PL,1.0000000000e+11,mean_c_nfw,1.2045035403e-02,5.8557601631e+07,/project/tkcastrosim/HNHuang/project_big_sim/data/PL/PL_25_1024/SOAP_full_000_056/simulation_test/SOAP_uncompressed/HBTplus/halo_properties_0056.hdf5
PL,1.0000000000e+11,mean_c_nfw,1.2618568831e-02,5.4894337702e+07,/project/tkcastrosim/HNHuang/project_big_sim/data/PL/PL_25_1024/SOAP_full_000_056/simulation_test/SOAP_uncompressed/HBTplus/halo_properties_0056.hdf5
PL,1.0000000000e+11,mean_c_nfw,1.3219411485e-02,5.1424883902e+07,/project/tkcastrosim/HNHuang/project_big_sim/data/PL/PL_25_1024/SOAP_full_000_056/simulation_test/SOAP_uncompressed/HBTplus/halo_properties_0056.hdf5
PL,1.0000000000e+11,mean_c_nfw,1.3848863714e-02,4.8140677157e+07,/project/tkcastrosim/HNHuang/project_big_sim/data/PL/PL_25_1024/SOAP_full_000_056/simulation_test/SOAP_uncompressed/HBTplus/halo_properties_0056.hdf5
PL,1.0000000000e+11,mean_c_nfw,1.4508287785e-02,4.5033506550e+07,/project/tkcastrosim/HNHuang/project_big_sim/data/PL/PL_25_1024/SOAP_full_000_056/simulation_test/SOAP_uncompressed/HBTplus/halo_properties_0056.hdf5
PL,1.0000000000e+11,mean_c_nfw,1.5199110830e-02,4.2095495358e+07,/project/tkcastrosim/HNHuang/project_big_sim/data/PL/PL_25_1024/SOAP_full_000_056/simulation_test/SOAP_uncompressed/HBTplus/halo_properties_0056.hdf5
PL,1.0000000000e+11,mean_c_nfw,1.5922827933e-02,3.9319084047e+07,/project/tkcastrosim/HNHuang/project_big_sim/data/PL/PL_25_1024/SOAP_full_000_056/simulation_test/SOAP_uncompressed/HBTplus/halo_properties_0056.hdf5
PL,1.0000000000e+11,mean_c_nfw,1.6681005372e-02,3.6697014196e+07,/project/tkcastrosim/HNHuang/project_big_sim/data/PL/PL_25_1024/SOAP_full_000_056/simulation_test/SOAP_uncompressed/HBTplus/halo_properties_0056.hdf5
PL,1.0000000000e+11,mean_c_nfw,1.7475284000e-02,3.4222313332e+07,/project/tkcastrosim/HNHuang/project_big_sim/data/PL/PL_25_1024/SOAP_full_000_056/simulation_test/SOAP_uncompressed/HBTplus/halo_properties_0056.hdf5
PL,1.0000000000e+11,mean_c_nfw,1.8307382803e-02,3.1888280661e+07,/project/tkcastrosim/HNHuang/project_big_sim/data/PL/PL_25_1024/SOAP_full_000_056/simulation_test/SOAP_uncompressed/HBTplus/halo_properties_0056.hdf5
PL,1.0000000000e+11,mean_c_nfw,1.9179102617e-02,2.9688473673e+07,/project/tkcastrosim/HNHuang/project_big_sim/data/PL/PL_25_1024/SOAP_full_000_056/simulation_test/SOAP_uncompressed/HBTplus/halo_properties_0056.hdf5
PL,1.0000000000e+11,mean_c_nfw,2.0092330026e-02,2.7616695600e+07,/project/tkcastrosim/HNHuang/project_big_sim/data/PL/PL_25_1024/SOAP_full_000_056/simulation_test/SOAP_uncompressed/HBTplus/halo_properties_0056.hdf5
PL,1.0000000000e+11,mean_c_nfw,2.1049041445e-02,2.5666983709e+07,/project/tkcastrosim/HNHuang/project_big_sim/data/PL/PL_25_1024/SOAP_full_000_056/simulation_test/SOAP_uncompressed/HBTplus/halo_properties_0056.hdf5
PL,1.0000000000e+11,mean_c_nfw,2.2051307399e-02,2.3833598407e+07,/project/tkcastrosim/HNHuang/project_big_sim/data/PL/PL_25_1024/SOAP_full_000_056/simulation_test/SOAP_uncompressed/HBTplus/halo_properties_0056.hdf5
PL,1.0000000000e+11,mean_c_nfw,2.3101297001e-02,2.2111013134e+07,/project/tkcastrosim/HNHuang/project_big_sim/data/PL/PL_25_1024/SOAP_full_000_056/simulation_test/SOAP_uncompressed/HBTplus/halo_properties_0056.hdf5
PL,1.0000000000e+11,mean_c_nfw,2.4201282648e-02,2.0493905013e+07,/project/tkcastrosim/HNHuang/project_big_sim/data/PL/PL_25_1024/SOAP_full_000_056/simulation_test/SOAP_uncompressed/HBTplus/halo_properties_0056.hdf5
PL,1.0000000000e+11,mean_c_nfw,2.5353644940e-02,1.8977146247e+07,/project/tkcastrosim/HNHuang/project_big_sim/data/PL/PL_25_1024/SOAP_full_000_056/simulation_test/SOAP_uncompressed/HBTplus/halo_properties_0056.hdf5
PL,1.0000000000e+11,mean_c_nfw,2.6560877829e-02,1.7555796203e+07,/project/tkcastrosim/HNHuang/project_big_sim/data/PL/PL_25_1024/SOAP_full_000_056/simulation_test/SOAP_uncompressed/HBTplus/halo_properties_0056.hdf5
PL,1.0000000000e+11,mean_c_nfw,2.7825594022e-02,1.6225094182e+07,/project/tkcastrosim/HNHuang/project_big_sim/data/PL/PL_25_1024/SOAP_full_000_056/simulation_test/SOAP_uncompressed/HBTplus/halo_properties_0056.hdf5
PL,1.0000000000e+11,mean_c_nfw,2.9150530628e-02,1.4980452818e+07,/project/tkcastrosim/HNHuang/project_big_sim/data/PL/PL_25_1024/SOAP_full_000_056/simulation_test/SOAP_uncompressed/HBTplus/halo_properties_0056.hdf5
PL,1.0000000000e+11,mean_c_nfw,3.0538555088e-02,1.3817452075e+07,/project/tkcastrosim/HNHuang/project_big_sim/data/PL/PL_25_1024/SOAP_full_000_056/simulation_test/SOAP_uncompressed/HBTplus/halo_properties_0056.hdf5
PL,1.0000000000e+11,mean_c_nfw,3.1992671378e-02,1.2731833802e+07,/project/tkcastrosim/HNHuang/project_big_sim/data/PL/PL_25_1024/SOAP_full_000_056/simulation_test/SOAP_uncompressed/HBTplus/halo_properties_0056.hdf5
PL,1.0000000000e+11,mean_c_nfw,3.3516026509e-02,1.1719496804e+07,/project/tkcastrosim/HNHuang/project_big_sim/data/PL/PL_25_1024/SOAP_full_000_056/simulation_test/SOAP_uncompressed/HBTplus/halo_properties_0056.hdf5
PL,1.0000000000e+11,mean_c_nfw,3.5111917342e-02,1.0776492386e+07,/project/tkcastrosim/HNHuang/project_big_sim/data/PL/PL_25_1024/SOAP_full_000_056/simulation_test/SOAP_uncompressed/HBTplus/halo_properties_0056.hdf5
PL,1.0000000000e+11,mean_c_nfw,3.6783797718e-02,9.8990203133e+06,/project/tkcastrosim/HNHuang/project_big_sim/data/PL/PL_25_1024/SOAP_full_000_056/simulation_test/SOAP_uncompressed/HBTplus/halo_properties_0056.hdf5
PL,1.0000000000e+11,mean_c_nfw,3.8535285937e-02,9.0834251591e+06,/project/tkcastrosim/HNHuang/project_big_sim/data/PL/PL_25_1024/SOAP_full_000_056/simulation_test/SOAP_uncompressed/HBTplus/halo_properties_0056.hdf5
PL,1.0000000000e+11,mean_c_nfw,4.0370172586e-02,8.3261929750e+06,/project/tkcastrosim/HNHuang/project_big_sim/data/PL/PL_25_1024/SOAP_full_000_056/simulation_test/SOAP_uncompressed/HBTplus/halo_properties_0056.hdf5
PL,1.0000000000e+11,mean_c_nfw,4.2292428744e-02,7.6239482456e+06,/project/tkcastrosim/HNHuang/project_big_sim/data/PL/PL_25_1024/SOAP_full_000_056/simulation_test/SOAP_uncompressed/HBTplus/halo_properties_0056.hdf5
PL,1.0000000000e+11,mean_c_nfw,4.4306214576e-02,6.9734510761e+06,/project/tkcastrosim/HNHuang/project_big_sim/data/PL/PL_25_1024/SOAP_full_000_056/simulation_test/SOAP_uncompressed/HBTplus/halo_properties_0056.hdf5
PL,1.0000000000e+11,mean_c_nfw,4.6415888336e-02,6.3715945682e+06,/project/tkcastrosim/HNHuang/project_big_sim/data/PL/PL_25_1024/SOAP_full_000_056/simulation_test/SOAP_uncompressed/HBTplus/halo_properties_0056.hdf5
PL,1.0000000000e+11,mean_c_nfw,4.8626015801e-02,5.8154023375e+06,/project/tkcastrosim/HNHuang/project_big_sim/data/PL/PL_25_1024/SOAP_full_000_056/simulation_test/SOAP_uncompressed/HBTplus/halo_properties_0056.hdf5
PL,1.0000000000e+11,mean_c_nfw,5.0941380148e-02,5.3020261315e+06,/project/tkcastrosim/HNHuang/project_big_sim/data/PL/PL_25_1024/SOAP_full_000_056/simulation_test/SOAP_uncompressed/HBTplus/halo_properties_0056.hdf5
PL,1.0000000000e+11,mean_c_nfw,5.3366992312e-02,4.8287435065e+06,/project/tkcastrosim/HNHuang/project_big_sim/data/PL/PL_25_1024/SOAP_full_000_056/simulation_test/SOAP_uncompressed/HBTplus/halo_properties_0056.hdf5
PL,1.0000000000e+11,mean_c_nfw,5.5908101825e-02,4.3929555283e+06,/project/tkcastrosim/HNHuang/project_big_sim/data/PL/PL_25_1024/SOAP_full_000_056/simulation_test/SOAP_uncompressed/HBTplus/halo_properties_0056.hdf5
PL,1.0000000000e+11,mean_c_nfw,5.8570208181e-02,3.9921844617e+06,/project/tkcastrosim/HNHuang/project_big_sim/data/PL/PL_25_1024/SOAP_full_000_056/simulation_test/SOAP_uncompressed/HBTplus/halo_properties_0056.hdf5
PL,1.0000000000e+11,mean_c_nfw,6.1359072734e-02,3.6240714215e+06,/project/tkcastrosim/HNHuang/project_big_sim/data/PL/PL_25_1024/SOAP_full_000_056/simulation_test/SOAP_uncompressed/HBTplus/halo_properties_0056.hdf5
PL,1.0000000000e+11,mean_c_nfw,6.4280731173e-02,3.2863739580e+06,/project/tkcastrosim/HNHuang/project_big_sim/data/PL/PL_25_1024/SOAP_full_000_056/simulation_test/SOAP_uncompressed/HBTplus/halo_properties_0056.hdf5
PL,1.0000000000e+11,mean_c_nfw,6.7341506578e-02,2.9769635591e+06,/project/tkcastrosim/HNHuang/project_big_sim/data/PL/PL_25_1024/SOAP_full_000_056/simulation_test/SOAP_uncompressed/HBTplus/halo_properties_0056.hdf5
PL,1.0000000000e+11,mean_c_nfw,7.0548023107e-02,2.6938230500e+06,/project/tkcastrosim/HNHuang/project_big_sim/data/PL/PL_25_1024/SOAP_full_000_056/simulation_test/SOAP_uncompressed/HBTplus/halo_properties_0056.hdf5
PL,1.0000000000e+11,mean_c_nfw,7.3907220335e-02,2.4350438824e+06,/project/tkcastrosim/HNHuang/project_big_sim/data/PL/PL_25_1024/SOAP_full_000_056/simulation_test/SOAP_uncompressed/HBTplus/halo_properties_0056.hdf5
PL,1.0000000000e+11,mean_c_nfw,7.7426368268e-02,2.1988233029e+06,/project/tkcastrosim/HNHuang/project_big_sim/data/PL/PL_25_1024/SOAP_full_000_056/simulation_test/SOAP_uncompressed/HBTplus/halo_properties_0056.hdf5
PL,1.0000000000e+11,mean_c_nfw,8.1113083079e-02,1.9834614008e+06,/project/tkcastrosim/HNHuang/project_big_sim/data/PL/PL_25_1024/SOAP_full_000_056/simulation_test/SOAP_uncompressed/HBTplus/halo_properties_0056.hdf5
PL,1.0000000000e+11,mean_c_nfw,8.4975343591e-02,1.7873580346e+06,/project/tkcastrosim/HNHuang/project_big_sim/data/PL/PL_25_1024/SOAP_full_000_056/simulation_test/SOAP_uncompressed/HBTplus/halo_properties_0056.hdf5
PL,1.0000000000e+11,mean_c_nfw,8.9021508545e-02,1.6090096429e+06,/project/tkcastrosim/HNHuang/project_big_sim/data/PL/PL_25_1024/SOAP_full_000_056/simulation_test/SOAP_uncompressed/HBTplus/halo_properties_0056.hdf5
PL,1.0000000000e+11,mean_c_nfw,9.3260334688e-02,1.4470059476e+06,/project/tkcastrosim/HNHuang/project_big_sim/data/PL/PL_25_1024/SOAP_full_000_056/simulation_test/SOAP_uncompressed/HBTplus/halo_properties_0056.hdf5
PL,1.0000000000e+11,mean_c_nfw,9.7700995730e-02,1.3000265608e+06,/project/tkcastrosim/HNHuang/project_big_sim/data/PL/PL_25_1024/SOAP_full_000_056/simulation_test/SOAP_uncompressed/HBTplus/halo_properties_0056.hdf5
PL,1.0000000000e+11,mean_c_nfw,1.0235310219e-01,1.1668375076e+06,/project/tkcastrosim/HNHuang/project_big_sim/data/PL/PL_25_1024/SOAP_full_000_056/simulation_test/SOAP_uncompressed/HBTplus/halo_properties_0056.hdf5
PL,1.0000000000e+11,mean_c_nfw,1.0722672220e-01,1.0462876823e+06,/project/tkcastrosim/HNHuang/project_big_sim/data/PL/PL_25_1024/SOAP_full_000_056/simulation_test/SOAP_uncompressed/HBTplus/halo_properties_0056.hdf5
PL,1.0000000000e+11,mean_c_nfw,1.1233240330e-01,9.3730525176e+05,/project/tkcastrosim/HNHuang/project_big_sim/data/PL/PL_25_1024/SOAP_full_000_056/simulation_test/SOAP_uncompressed/HBTplus/halo_properties_0056.hdf5
PL,1.0000000000e+11,mean_c_nfw,1.1768119524e-01,8.3889402600e+05,/project/tkcastrosim/HNHuang/project_big_sim/data/PL/PL_25_1024/SOAP_full_000_056/simulation_test/SOAP_uncompressed/HBTplus/halo_properties_0056.hdf5
PL,1.0000000000e+11,mean_c_nfw,1.2328467394e-01,7.5012981301e+05,/project/tkcastrosim/HNHuang/project_big_sim/data/PL/PL_25_1024/SOAP_full_000_056/simulation_test/SOAP_uncompressed/HBTplus/halo_properties_0056.hdf5
PL,1.0000000000e+11,mean_c_nfw,1.2915496650e-01,6.7015677607e+05,/project/tkcastrosim/HNHuang/project_big_sim/data/PL/PL_25_1024/SOAP_full_000_056/simulation_test/SOAP_uncompressed/HBTplus/halo_properties_0056.hdf5
PL,1.0000000000e+11,mean_c_nfw,1.3530477746e-01,5.9818381170e+05,/project/tkcastrosim/HNHuang/project_big_sim/data/PL/PL_25_1024/SOAP_full_000_056/simulation_test/SOAP_uncompressed/HBTplus/halo_properties_0056.hdf5
PL,1.0000000000e+11,mean_c_nfw,1.4174741629e-01,5.3348096547e+05,/project/tkcastrosim/HNHuang/project_big_sim/data/PL/PL_25_1024/SOAP_full_000_056/simulation_test/SOAP_uncompressed/HBTplus/halo_properties_0056.hdf5
PL,1.0000000000e+11,mean_c_nfw,1.4849682623e-01,4.7537590196e+05,/project/tkcastrosim/HNHuang/project_big_sim/data/PL/PL_25_1024/SOAP_full_000_056/simulation_test/SOAP_uncompressed/HBTplus/halo_properties_0056.hdf5
PL,1.0000000000e+11,mean_c_nfw,1.5556761439e-01,4.2325044418e+05,/project/tkcastrosim/HNHuang/project_big_sim/data/PL/PL_25_1024/SOAP_full_000_056/simulation_test/SOAP_uncompressed/HBTplus/halo_properties_0056.hdf5
PL,1.0000000000e+11,mean_c_nfw,1.6297508346e-01,3.7653719621e+05,/project/tkcastrosim/HNHuang/project_big_sim/data/PL/PL_25_1024/SOAP_full_000_056/simulation_test/SOAP_uncompressed/HBTplus/halo_properties_0056.hdf5
PL,1.0000000000e+11,mean_c_nfw,1.7073526475e-01,3.3471626142e+05,/project/tkcastrosim/HNHuang/project_big_sim/data/PL/PL_25_1024/SOAP_full_000_056/simulation_test/SOAP_uncompressed/HBTplus/halo_properties_0056.hdf5
PL,1.0000000000e+11,mean_c_nfw,1.7886495291e-01,2.9731206712e+05,/project/tkcastrosim/HNHuang/project_big_sim/data/PL/PL_25_1024/SOAP_full_000_056/simulation_test/SOAP_uncompressed/HBTplus/halo_properties_0056.hdf5
PL,1.0000000000e+11,mean_c_nfw,1.8738174229e-01,2.6389030469e+05,/project/tkcastrosim/HNHuang/project_big_sim/data/PL/PL_25_1024/SOAP_full_000_056/simulation_test/SOAP_uncompressed/HBTplus/halo_properties_0056.hdf5
PL,1.0000000000e+11,mean_c_nfw,1.9630406500e-01,2.3405499268e+05,/project/tkcastrosim/HNHuang/project_big_sim/data/PL/PL_25_1024/SOAP_full_000_056/simulation_test/SOAP_uncompressed/HBTplus/halo_properties_0056.hdf5
PL,1.0000000000e+11,mean_c_nfw,2.0565123083e-01,2.0744566884e+05,/project/tkcastrosim/HNHuang/project_big_sim/data/PL/PL_25_1024/SOAP_full_000_056/simulation_test/SOAP_uncompressed/HBTplus/halo_properties_0056.hdf5
PL,1.0000000000e+11,mean_c_nfw,2.1544346900e-01,1.8373471522e+05,/project/tkcastrosim/HNHuang/project_big_sim/data/PL/PL_25_1024/SOAP_full_000_056/simulation_test/SOAP_uncompressed/HBTplus/halo_properties_0056.hdf5
PL,1.0000000000e+11,mean_c_nfw,2.2570197196e-01,1.6262481931e+05,/project/tkcastrosim/HNHuang/project_big_sim/data/PL/PL_25_1024/SOAP_full_000_056/simulation_test/SOAP_uncompressed/HBTplus/halo_properties_0056.hdf5
PL,1.0000000000e+11,mean_c_nfw,2.3644894126e-01,1.4384657258e+05,/project/tkcastrosim/HNHuang/project_big_sim/data/PL/PL_25_1024/SOAP_full_000_056/simulation_test/SOAP_uncompressed/HBTplus/halo_properties_0056.hdf5
PL,1.0000000000e+11,mean_c_nfw,2.4770763560e-01,1.2715620646e+05,/project/tkcastrosim/HNHuang/project_big_sim/data/PL/PL_25_1024/SOAP_full_000_056/simulation_test/SOAP_uncompressed/HBTplus/halo_properties_0056.hdf5
PL,1.0000000000e+11,mean_c_nfw,2.5950242114e-01,1.1233346500e+05,/project/tkcastrosim/HNHuang/project_big_sim/data/PL/PL_25_1024/SOAP_full_000_056/simulation_test/SOAP_uncompressed/HBTplus/halo_properties_0056.hdf5
PL,1.0000000000e+11,mean_c_nfw,2.7185882427e-01,9.9179611910e+04,/project/tkcastrosim/HNHuang/project_big_sim/data/PL/PL_25_1024/SOAP_full_000_056/simulation_test/SOAP_uncompressed/HBTplus/halo_properties_0056.hdf5
PL,1.0000000000e+11,mean_c_nfw,2.8480358684e-01,8.7515569277e+04,/project/tkcastrosim/HNHuang/project_big_sim/data/PL/PL_25_1024/SOAP_full_000_056/simulation_test/SOAP_uncompressed/HBTplus/halo_properties_0056.hdf5
PL,1.0000000000e+11,mean_c_nfw,2.9836472403e-01,7.7180184170e+04,/project/tkcastrosim/HNHuang/project_big_sim/data/PL/PL_25_1024/SOAP_full_000_056/simulation_test/SOAP_uncompressed/HBTplus/halo_properties_0056.hdf5
PL,1.0000000000e+11,mean_c_nfw,3.1257158497e-01,6.8028618871e+04,/project/tkcastrosim/HNHuang/project_big_sim/data/PL/PL_25_1024/SOAP_full_000_056/simulation_test/SOAP_uncompressed/HBTplus/halo_properties_0056.hdf5
PL,1.0000000000e+11,mean_c_nfw,3.2745491629e-01,5.9930859907e+04,/project/tkcastrosim/HNHuang/project_big_sim/data/PL/PL_25_1024/SOAP_full_000_056/simulation_test/SOAP_uncompressed/HBTplus/halo_properties_0056.hdf5
PL,1.0000000000e+11,mean_c_nfw,3.4304692863e-01,5.2770340685e+04,/project/tkcastrosim/HNHuang/project_big_sim/data/PL/PL_25_1024/SOAP_full_000_056/simulation_test/SOAP_uncompressed/HBTplus/halo_properties_0056.hdf5
PL,1.0000000000e+11,mean_c_nfw,3.5938136638e-01,4.6442672220e+04,/project/tkcastrosim/HNHuang/project_big_sim/data/PL/PL_25_1024/SOAP_full_000_056/simulation_test/SOAP_uncompressed/HBTplus/halo_properties_0056.hdf5
PL,1.0000000000e+11,mean_c_nfw,3.7649358068e-01,4.0854476279e+04,/project/tkcastrosim/HNHuang/project_big_sim/data/PL/PL_25_1024/SOAP_full_000_056/simulation_test/SOAP_uncompressed/HBTplus/halo_properties_0056.hdf5
PL,1.0000000000e+11,mean_c_nfw,3.9442060594e-01,3.5922315131e+04,/project/tkcastrosim/HNHuang/project_big_sim/data/PL/PL_25_1024/SOAP_full_000_056/simulation_test/SOAP_uncompressed/HBTplus/halo_properties_0056.hdf5
PL,1.0000000000e+11,mean_c_nfw,4.1320124001e-01,3.1571712082e+04,/project/tkcastrosim/HNHuang/project_big_sim/data/PL/PL_25_1024/SOAP_full_000_056/simulation_test/SOAP_uncompressed/HBTplus/halo_properties_0056.hdf5
PL,1.0000000000e+11,mean_c_nfw,4.3287612811e-01,2.7736256993e+04,/project/tkcastrosim/HNHuang/project_big_sim/data/PL/PL_25_1024/SOAP_full_000_056/simulation_test/SOAP_uncompressed/HBTplus/halo_properties_0056.hdf5
PL,1.0000000000e+11,mean_c_nfw,4.5348785081e-01,2.4356791083e+04,/project/tkcastrosim/HNHuang/project_big_sim/data/PL/PL_25_1024/SOAP_full_000_056/simulation_test/SOAP_uncompressed/HBTplus/halo_properties_0056.hdf5
PL,1.0000000000e+11,mean_c_nfw,4.7508101621e-01,2.1380665439e+04,/project/tkcastrosim/HNHuang/project_big_sim/data/PL/PL_25_1024/SOAP_full_000_056/simulation_test/SOAP_uncompressed/HBTplus/halo_properties_0056.hdf5
PL,1.0000000000e+11,mean_c_nfw,4.9770235643e-01,1.8761067853e+04,/project/tkcastrosim/HNHuang/project_big_sim/data/PL/PL_25_1024/SOAP_full_000_056/simulation_test/SOAP_uncompressed/HBTplus/halo_properties_0056.hdf5
PL,1.0000000000e+11,mean_c_nfw,5.2140082880e-01,1.6456412782e+04,/project/tkcastrosim/HNHuang/project_big_sim/data/PL/PL_25_1024/SOAP_full_000_056/simulation_test/SOAP_uncompressed/HBTplus/halo_properties_0056.hdf5
PL,1.0000000000e+11,mean_c_nfw,5.4622772177e-01,1.4429789491e+04,/project/tkcastrosim/HNHuang/project_big_sim/data/PL/PL_25_1024/SOAP_full_000_056/simulation_test/SOAP_uncompressed/HBTplus/halo_properties_0056.hdf5
PL,1.0000000000e+11,mean_c_nfw,5.7223676594e-01,1.2648463648e+04,/project/tkcastrosim/HNHuang/project_big_sim/data/PL/PL_25_1024/SOAP_full_000_056/simulation_test/SOAP_uncompressed/HBTplus/halo_properties_0056.hdf5
PL,1.0000000000e+11,mean_c_nfw,5.9948425032e-01,1.1083427935e+04,/project/tkcastrosim/HNHuang/project_big_sim/data/PL/PL_25_1024/SOAP_full_000_056/simulation_test/SOAP_uncompressed/HBTplus/halo_properties_0056.hdf5
PL,1.0000000000e+11,mean_c_nfw,6.2802914418e-01,9.7089974554e+03,/project/tkcastrosim/HNHuang/project_big_sim/data/PL/PL_25_1024/SOAP_full_000_056/simulation_test/SOAP_uncompressed/HBTplus/halo_properties_0056.hdf5
PL,1.0000000000e+11,mean_c_nfw,6.5793322466e-01,8.5024460299e+03,/project/tkcastrosim/HNHuang/project_big_sim/data/PL/PL_25_1024/SOAP_full_000_056/simulation_test/SOAP_uncompressed/HBTplus/halo_properties_0056.hdf5
PL,1.0000000000e+11,mean_c_nfw,6.8926121043e-01,7.4436797057e+03,/project/tkcastrosim/HNHuang/project_big_sim/data/PL/PL_25_1024/SOAP_full_000_056/simulation_test/SOAP_uncompressed/HBTplus/halo_properties_0056.hdf5
PL,1.0000000000e+11,mean_c_nfw,7.2208090184e-01,6.5149440663e+03,/project/tkcastrosim/HNHuang/project_big_sim/data/PL/PL_25_1024/SOAP_full_000_056/simulation_test/SOAP_uncompressed/HBTplus/halo_properties_0056.hdf5
PL,1.0000000000e+11,mean_c_nfw,7.5646332755e-01,5.7005621911e+03,/project/tkcastrosim/HNHuang/project_big_sim/data/PL/PL_25_1024/SOAP_full_000_056/simulation_test/SOAP_uncompressed/HBTplus/halo_properties_0056.hdf5
PL,1.0000000000e+11,mean_c_nfw,7.9248289835e-01,4.9867003447e+03,/project/tkcastrosim/HNHuang/project_big_sim/data/PL/PL_25_1024/SOAP_full_000_056/simulation_test/SOAP_uncompressed/HBTplus/halo_properties_0056.hdf5
PL,1.0000000000e+11,mean_c_nfw,8.3021756813e-01,4.3611587151e+03,/project/tkcastrosim/HNHuang/project_big_sim/data/PL/PL_25_1024/SOAP_full_000_056/simulation_test/SOAP_uncompressed/HBTplus/halo_properties_0056.hdf5
PL,1.0000000000e+11,mean_c_nfw,8.6974900262e-01,3.8131847359e+03,/project/tkcastrosim/HNHuang/project_big_sim/data/PL/PL_25_1024/SOAP_full_000_056/simulation_test/SOAP_uncompressed/HBTplus/halo_properties_0056.hdf5
PL,1.0000000000e+11,mean_c_nfw,9.1116275612e-01,3.3333067401e+03,/project/tkcastrosim/HNHuang/project_big_sim/data/PL/PL_25_1024/SOAP_full_000_056/simulation_test/SOAP_uncompressed/HBTplus/halo_properties_0056.hdf5
PL,1.0000000000e+11,mean_c_nfw,9.5454845666e-01,2.9131858877e+03,/project/tkcastrosim/HNHuang/project_big_sim/data/PL/PL_25_1024/SOAP_full_000_056/simulation_test/SOAP_uncompressed/HBTplus/halo_properties_0056.hdf5
PL,1.0000000000e+11,mean_c_nfw,1.0000000000e+00,2.5454844916e+03,/project/tkcastrosim/HNHuang/project_big_sim/data/PL/PL_25_1024/SOAP_full_000_056/simulation_test/SOAP_uncompressed/HBTplus/halo_properties_0056.hdf5
PL,1.0000000000e+11,median_c_nfw,1.0000000000e-02,6.6932781971e+07,/project/tkcastrosim/HNHuang/project_big_sim/data/PL/PL_25_1024/SOAP_full_000_056/simulation_test/SOAP_uncompressed/HBTplus/halo_properties_0056.hdf5
PL,1.0000000000e+11,median_c_nfw,1.2216773490e-02,5.1294997263e+07,/project/tkcastrosim/HNHuang/project_big_sim/data/PL/PL_25_1024/SOAP_full_000_056/simulation_test/SOAP_uncompressed/HBTplus/halo_properties_0056.hdf5
PL,1.0000000000e+11,median_c_nfw,1.4924955451e-02,3.8850962709e+07,/project/tkcastrosim/HNHuang/project_big_sim/data/PL/PL_25_1024/SOAP_full_000_056/simulation_test/SOAP_uncompressed/HBTplus/halo_properties_0056.hdf5
PL,1.0000000000e+11,median_c_nfw,1.8233480009e-02,2.9037221094e+07,/project/tkcastrosim/HNHuang/project_big_sim/data/PL/PL_25_1024/SOAP_full_000_056/simulation_test/SOAP_uncompressed/HBTplus/halo_properties_0056.hdf5
PL,1.0000000000e+11,median_c_nfw,2.2275429520e-02,2.1383091320e+07,/project/tkcastrosim/HNHuang/project_big_sim/data/PL/PL_25_1024/SOAP_full_000_056/simulation_test/SOAP_uncompressed/HBTplus/halo_properties_0056.hdf5
PL,1.0000000000e+11,median_c_nfw,2.7213387684e-02,1.5492191391e+07,/project/tkcastrosim/HNHuang/project_big_sim/data/PL/PL_25_1024/SOAP_full_000_056/simulation_test/SOAP_uncompressed/HBTplus/halo_properties_0056.hdf5
PL,1.0000000000e+11,median_c_nfw,3.3245979323e-02,1.1028322771e+07,/project/tkcastrosim/HNHuang/project_big_sim/data/PL/PL_25_1024/SOAP_full_000_056/simulation_test/SOAP_uncompressed/HBTplus/halo_properties_0056.hdf5
PL,1.0000000000e+11,median_c_nfw,4.0615859884e-02,7.7052204325e+06,/project/tkcastrosim/HNHuang/project_big_sim/data/PL/PL_25_1024/SOAP_full_000_056/simulation_test/SOAP_uncompressed/HBTplus/halo_properties_0056.hdf5
PL,1.0000000000e+11,median_c_nfw,4.9619476030e-02,5.2795147246e+06,/project/tkcastrosim/HNHuang/project_big_sim/data/PL/PL_25_1024/SOAP_full_000_056/simulation_test/SOAP_uncompressed/HBTplus/halo_properties_0056.hdf5
PL,1.0000000000e+11,median_c_nfw,6.0618989935e-02,3.5460558151e+06,/project/tkcastrosim/HNHuang/project_big_sim/data/PL/PL_25_1024/SOAP_full_000_056/simulation_test/SOAP_uncompressed/HBTplus/halo_properties_0056.hdf5
PL,1.0000000000e+11,median_c_nfw,7.4056846923e-02,2.3346329489e+06,/project/tkcastrosim/HNHuang/project_big_sim/data/PL/PL_25_1024/SOAP_full_000_056/simulation_test/SOAP_uncompressed/HBTplus/halo_properties_0056.hdf5
PL,1.0000000000e+11,median_c_nfw,9.0473572423e-02,1.5071733926e+06,/project/tkcastrosim/HNHuang/project_big_sim/data/PL/PL_25_1024/SOAP_full_000_056/simulation_test/SOAP_uncompressed/HBTplus/halo_properties_0056.hdf5
PL,1.0000000000e+11,median_c_nfw,1.1052951411e-01,9.5474874376e+05,/project/tkcastrosim/HNHuang/project_big_sim/data/PL/PL_25_1024/SOAP_full_000_056/simulation_test/SOAP_uncompressed/HBTplus/halo_properties_0056.hdf5
PL,1.0000000000e+11,median_c_nfw,1.3503140379e-01,5.9321280541e+05,/project/tkcastrosim/HNHuang/project_big_sim/data/PL/PL_25_1024/SOAP_full_000_056/simulation_test/SOAP_uncompressed/HBTplus/halo_properties_0056.hdf5
PL,1.0000000000e+11,median_c_nfw,1.6496480741e-01,3.6136927995e+05,/project/tkcastrosim/HNHuang/project_big_sim/data/PL/PL_25_1024/SOAP_full_000_056/simulation_test/SOAP_uncompressed/HBTplus/halo_properties_0056.hdf5
PL,1.0000000000e+11,median_c_nfw,2.0153376859e-01,2.1744015511e+05,/project/tkcastrosim/HNHuang/project_big_sim/data/PL/PL_25_1024/SOAP_full_000_056/simulation_test/SOAP_uncompressed/HBTplus/halo_properties_0056.hdf5
PL,1.0000000000e+11,median_c_nfw,2.4620924015e-01,1.2972268916e+05,/project/tkcastrosim/HNHuang/project_big_sim/data/PL/PL_25_1024/SOAP_full_000_056/simulation_test/SOAP_uncompressed/HBTplus/halo_properties_0056.hdf5
PL,1.0000000000e+11,median_c_nfw,3.0078825180e-01,7.6430352694e+04,/project/tkcastrosim/HNHuang/project_big_sim/data/PL/PL_25_1024/SOAP_full_000_056/simulation_test/SOAP_uncompressed/HBTplus/halo_properties_0056.hdf5
PL,1.0000000000e+11,median_c_nfw,3.6746619407e-01,4.4477872810e+04,/project/tkcastrosim/HNHuang/project_big_sim/data/PL/PL_25_1024/SOAP_full_000_056/simulation_test/SOAP_uncompressed/HBTplus/halo_properties_0056.hdf5
PL,1.0000000000e+11,median_c_nfw,4.4892512582e-01,2.5611733303e+04,/project/tkcastrosim/HNHuang/project_big_sim/data/PL/PL_25_1024/SOAP_full_000_056/simulation_test/SOAP_uncompressed/HBTplus/halo_properties_0056.hdf5
PL,1.0000000000e+11,median_c_nfw,5.4844165761e-01,1.4631397703e+04,/project/tkcastrosim/HNHuang/project_big_sim/data/PL/PL_25_1024/SOAP_full_000_056/simulation_test/SOAP_uncompressed/HBTplus/halo_properties_0056.hdf5
PL,1.0000000000e+11,median_c_nfw,6.7001875035e-01,8.3021740589e+03,/project/tkcastrosim/HNHuang/project_big_sim/data/PL/PL_25_1024/SOAP_full_000_056/simulation_test/SOAP_uncompressed/HBTplus/halo_properties_0056.hdf5
PL,1.0000000000e+11,median_c_nfw,8.1854673071e-01,4.6838901002e+03,/project/tkcastrosim/HNHuang/project_big_sim/data/PL/PL_25_1024/SOAP_full_000_056/simulation_test/SOAP_uncompressed/HBTplus/halo_properties_0056.hdf5
PL,1.0000000000e+11,median_c_nfw,1.0000000000e+00,2.6298044267e+03,/project/tkcastrosim/HNHuang/project_big_sim/data/PL/PL_25_1024/SOAP_full_000_056/simulation_test/SOAP_uncompressed/HBTplus/halo_properties_0056.hdf5
BT_soft,1.0000000000e+08,mean_c_nfw,1.0000000000e-02,5.9171567221e+08,/project/tkcastrosim/HNHuang/project_big_sim/data/bluetilted/kp_1_ms_1.5_25_1024/SOAP_full_000_056/simulation_test/SOAP_uncompressed/HBTplus/halo_properties_0056.hdf5
BT_soft,1.0000000000e+08,mean_c_nfw,1.0476157528e-02,5.3099431937e+08,/project/tkcastrosim/HNHuang/project_big_sim/data/bluetilted/kp_1_ms_1.5_25_1024/SOAP_full_000_056/simulation_test/SOAP_uncompressed/HBTplus/halo_properties_0056.hdf5
BT_soft,1.0000000000e+08,mean_c_nfw,1.0974987655e-02,4.7604774833e+08,/project/tkcastrosim/HNHuang/project_big_sim/data/bluetilted/kp_1_ms_1.5_25_1024/SOAP_full_000_056/simulation_test/SOAP_uncompressed/HBTplus/halo_properties_0056.hdf5
BT_soft,1.0000000000e+08,mean_c_nfw,1.1497569954e-02,4.2638476520e+08,/project/tkcastrosim/HNHuang/project_big_sim/data/bluetilted/kp_1_ms_1.5_25_1024/SOAP_full_000_056/simulation_test/SOAP_uncompressed/HBTplus/halo_properties_0056.hdf5
BT_soft,1.0000000000e+08,mean_c_nfw,1.2045035403e-02,3.8154900348e+08,/project/tkcastrosim/HNHuang/project_big_sim/data/bluetilted/kp_1_ms_1.5_25_1024/SOAP_full_000_056/simulation_test/SOAP_uncompressed/HBTplus/halo_properties_0056.hdf5
BT_soft,1.0000000000e+08,mean_c_nfw,1.2618568831e-02,3.4111722946e+08,/project/tkcastrosim/HNHuang/project_big_sim/data/bluetilted/kp_1_ms_1.5_25_1024/SOAP_full_000_056/simulation_test/SOAP_uncompressed/HBTplus/halo_properties_0056.hdf5
BT_soft,1.0000000000e+08,mean_c_nfw,1.3219411485e-02,3.0469765057e+08,/project/tkcastrosim/HNHuang/project_big_sim/data/bluetilted/kp_1_ms_1.5_25_1024/SOAP_full_000_056/simulation_test/SOAP_uncompressed/HBTplus/halo_properties_0056.hdf5
BT_soft,1.0000000000e+08,mean_c_nfw,1.3848863714e-02,2.7192823480e+08,/project/tkcastrosim/HNHuang/project_big_sim/data/bluetilted/kp_1_ms_1.5_25_1024/SOAP_full_000_056/simulation_test/SOAP_uncompressed/HBTplus/halo_properties_0056.hdf5
BT_soft,1.0000000000e+08,mean_c_nfw,1.4508287785e-02,2.4247504923e+08,/project/tkcastrosim/HNHuang/project_big_sim/data/bluetilted/kp_1_ms_1.5_25_1024/SOAP_full_000_056/simulation_test/SOAP_uncompressed/HBTplus/halo_properties_0056.hdf5
BT_soft,1.0000000000e+08,mean_c_nfw,1.5199110830e-02,2.1603062518e+08,/project/tkcastrosim/HNHuang/project_big_sim/data/bluetilted/kp_1_ms_1.5_25_1024/SOAP_full_000_056/simulation_test/SOAP_uncompressed/HBTplus/halo_properties_0056.hdf5
BT_soft,1.0000000000e+08,mean_c_nfw,1.5922827933e-02,1.9231235691e+08,/project/tkcastrosim/HNHuang/project_big_sim/data/bluetilted/kp_1_ms_1.5_25_1024/SOAP_full_000_056/simulation_test/SOAP_uncompressed/HBTplus/halo_properties_0056.hdf5
BT_soft,1.0000000000e+08,mean_c_nfw,1.6681005372e-02,1.7106094015e+08,/project/tkcastrosim/HNHuang/project_big_sim/data/bluetilted/kp_1_ms_1.5_25_1024/SOAP_full_000_056/simulation_test/SOAP_uncompressed/HBTplus/halo_properties_0056.hdf5
BT_soft,1.0000000000e+08,mean_c_nfw,1.7475284000e-02,1.5203885613e+08,/project/tkcastrosim/HNHuang/project_big_sim/data/bluetilted/kp_1_ms_1.5_25_1024/SOAP_full_000_056/simulation_test/SOAP_uncompressed/HBTplus/halo_properties_0056.hdf5
BT_soft,1.0000000000e+08,mean_c_nfw,1.8307382803e-02,1.3502890589e+08,/project/tkcastrosim/HNHuang/project_big_sim/data/bluetilted/kp_1_ms_1.5_25_1024/SOAP_full_000_056/simulation_test/SOAP_uncompressed/HBTplus/halo_properties_0056.hdf5
BT_soft,1.0000000000e+08,mean_c_nfw,1.9179102617e-02,1.1983279907e+08,/project/tkcastrosim/HNHuang/project_big_sim/data/bluetilted/kp_1_ms_1.5_25_1024/SOAP_full_000_056/simulation_test/SOAP_uncompressed/HBTplus/halo_properties_0056.hdf5
BT_soft,1.0000000000e+08,mean_c_nfw,2.0092330026e-02,1.0626980036e+08,/project/tkcastrosim/HNHuang/project_big_sim/data/bluetilted/kp_1_ms_1.5_25_1024/SOAP_full_000_056/simulation_test/SOAP_uncompressed/HBTplus/halo_properties_0056.hdf5
BT_soft,1.0000000000e+08,mean_c_nfw,2.1049041445e-02,9.4175436334e+07,/project/tkcastrosim/HNHuang/project_big_sim/data/bluetilted/kp_1_ms_1.5_25_1024/SOAP_full_000_056/simulation_test/SOAP_uncompressed/HBTplus/halo_properties_0056.hdf5
BT_soft,1.0000000000e+08,mean_c_nfw,2.2051307399e-02,8.3400264503e+07,/project/tkcastrosim/HNHuang/project_big_sim/data/bluetilted/kp_1_ms_1.5_25_1024/SOAP_full_000_056/simulation_test/SOAP_uncompressed/HBTplus/halo_properties_0056.hdf5
BT_soft,1.0000000000e+08,mean_c_nfw,2.3101297001e-02,7.3808705668e+07,/project/tkcastrosim/HNHuang/project_big_sim/data/bluetilted/kp_1_ms_1.5_25_1024/SOAP_full_000_056/simulation_test/SOAP_uncompressed/HBTplus/halo_properties_0056.hdf5
BT_soft,1.0000000000e+08,mean_c_nfw,2.4201282648e-02,6.5277940235e+07,/project/tkcastrosim/HNHuang/project_big_sim/data/bluetilted/kp_1_ms_1.5_25_1024/SOAP_full_000_056/simulation_test/SOAP_uncompressed/HBTplus/halo_properties_0056.hdf5
BT_soft,1.0000000000e+08,mean_c_nfw,2.5353644940e-02,5.7696868380e+07,/project/tkcastrosim/HNHuang/project_big_sim/data/bluetilted/kp_1_ms_1.5_25_1024/SOAP_full_000_056/simulation_test/SOAP_uncompressed/HBTplus/halo_properties_0056.hdf5
BT_soft,1.0000000000e+08,mean_c_nfw,2.6560877829e-02,5.0965133531e+07,/project/tkcastrosim/HNHuang/project_big_sim/data/bluetilted/kp_1_ms_1.5_25_1024/SOAP_full_000_056/simulation_test/SOAP_uncompressed/HBTplus/halo_properties_0056.hdf5
BT_soft,1.0000000000e+08,mean_c_nfw,2.7825594022e-02,4.4992208123e+07,/project/tkcastrosim/HNHuang/project_big_sim/data/bluetilted/kp_1_ms_1.5_25_1024/SOAP_full_000_056/simulation_test/SOAP_uncompressed/HBTplus/halo_properties_0056.hdf5
BT_soft,1.0000000000e+08,mean_c_nfw,2.9150530628e-02,3.9696540215e+07,/project/tkcastrosim/HNHuang/project_big_sim/data/bluetilted/kp_1_ms_1.5_25_1024/SOAP_full_000_056/simulation_test/SOAP_uncompressed/HBTplus/halo_properties_0056.hdf5
BT_soft,1.0000000000e+08,mean_c_nfw,3.0538555088e-02,3.5004759187e+07,/project/tkcastrosim/HNHuang/project_big_sim/data/bluetilted/kp_1_ms_1.5_25_1024/SOAP_full_000_056/simulation_test/SOAP_uncompressed/HBTplus/halo_properties_0056.hdf5
BT_soft,1.0000000000e+08,mean_c_nfw,3.1992671378e-02,3.0850938475e+07,/project/tkcastrosim/HNHuang/project_big_sim/data/bluetilted/kp_1_ms_1.5_25_1024/SOAP_full_000_056/simulation_test/SOAP_uncompressed/HBTplus/halo_properties_0056.hdf5
BT_soft,1.0000000000e+08,mean_c_nfw,3.3516026509e-02,2.7175913061e+07,/project/tkcastrosim/HNHuang/project_big_sim/data/bluetilted/kp_1_ms_1.5_25_1024/SOAP_full_000_056/simulation_test/SOAP_uncompressed/HBTplus/halo_properties_0056.hdf5
BT_soft,1.0000000000e+08,mean_c_nfw,3.5111917342e-02,2.3926649276e+07,/project/tkcastrosim/HNHuang/project_big_sim/data/bluetilted/kp_1_ms_1.5_25_1024/SOAP_full_000_056/simulation_test/SOAP_uncompressed/HBTplus/halo_properties_0056.hdf5
BT_soft,1.0000000000e+08,mean_c_nfw,3.6783797718e-02,2.1055664335e+07,/project/tkcastrosim/HNHuang/project_big_sim/data/bluetilted/kp_1_ms_1.5_25_1024/SOAP_full_000_056/simulation_test/SOAP_uncompressed/HBTplus/halo_properties_0056.hdf5
BT_soft,1.0000000000e+08,mean_c_nfw,3.8535285937e-02,1.8520492941e+07,/project/tkcastrosim/HNHuang/project_big_sim/data/bluetilted/kp_1_ms_1.5_25_1024/SOAP_full_000_056/simulation_test/SOAP_uncompressed/HBTplus/halo_properties_0056.hdf5
BT_soft,1.0000000000e+08,mean_c_nfw,4.0370172586e-02,1.6283198276e+07,/project/tkcastrosim/HNHuang/project_big_sim/data/bluetilted/kp_1_ms_1.5_25_1024/SOAP_full_000_056/simulation_test/SOAP_uncompressed/HBTplus/halo_properties_0056.hdf5
BT_soft,1.0000000000e+08,mean_c_nfw,4.2292428744e-02,1.4309924649e+07,/project/tkcastrosim/HNHuang/project_big_sim/data/bluetilted/kp_1_ms_1.5_25_1024/SOAP_full_000_056/simulation_test/SOAP_uncompressed/HBTplus/halo_properties_0056.hdf5
BT_soft,1.0000000000e+08,mean_c_nfw,4.4306214576e-02,1.2570489132e+07,/project/tkcastrosim/HNHuang/project_big_sim/data/bluetilted/kp_1_ms_1.5_25_1024/SOAP_full_000_056/simulation_test/SOAP_uncompressed/HBTplus/halo_properties_0056.hdf5
BT_soft,1.0000000000e+08,mean_c_nfw,4.6415888336e-02,1.1038009524e+07,/project/tkcastrosim/HNHuang/project_big_sim/data/bluetilted/kp_1_ms_1.5_25_1024/SOAP_full_000_056/simulation_test/SOAP_uncompressed/HBTplus/halo_properties_0056.hdf5
BT_soft,1.0000000000e+08,mean_c_nfw,4.8626015801e-02,9.6885660929e+06,/project/tkcastrosim/HNHuang/project_big_sim/data/bluetilted/kp_1_ms_1.5_25_1024/SOAP_full_000_056/simulation_test/SOAP_uncompressed/HBTplus/halo_properties_0056.hdf5
BT_soft,1.0000000000e+08,mean_c_nfw,5.0941380148e-02,8.5008945864e+06,/project/tkcastrosim/HNHuang/project_big_sim/data/bluetilted/kp_1_ms_1.5_25_1024/SOAP_full_000_056/simulation_test/SOAP_uncompressed/HBTplus/halo_properties_0056.hdf5
BT_soft,1.0000000000e+08,mean_c_nfw,5.3366992312e-02,7.4561081311e+06,/project/tkcastrosim/HNHuang/project_big_sim/data/bluetilted/kp_1_ms_1.5_25_1024/SOAP_full_000_056/simulation_test/SOAP_uncompressed/HBTplus/halo_properties_0056.hdf5
BT_soft,1.0000000000e+08,mean_c_nfw,5.5908101825e-02,6.5374457347e+06,/project/tkcastrosim/HNHuang/project_big_sim/data/bluetilted/kp_1_ms_1.5_25_1024/SOAP_full_000_056/simulation_test/SOAP_uncompressed/HBTplus/halo_properties_0056.hdf5
BT_soft,1.0000000000e+08,mean_c_nfw,5.8570208181e-02,5.7300452231e+06,/project/tkcastrosim/HNHuang/project_big_sim/data/bluetilted/kp_1_ms_1.5_25_1024/SOAP_full_000_056/simulation_test/SOAP_uncompressed/HBTplus/halo_properties_0056.hdf5
BT_soft,1.0000000000e+08,mean_c_nfw,6.1359072734e-02,5.0207385654e+06,/project/tkcastrosim/HNHuang/project_big_sim/data/bluetilted/kp_1_ms_1.5_25_1024/SOAP_full_000_056/simulation_test/SOAP_uncompressed/HBTplus/halo_properties_0056.hdf5
BT_soft,1.0000000000e+08,mean_c_nfw,6.4280731173e-02,4.3978676609e+06,/project/tkcastrosim/HNHuang/project_big_sim/data/bluetilted/kp_1_ms_1.5_25_1024/SOAP_full_000_056/simulation_test/SOAP_uncompressed/HBTplus/halo_properties_0056.hdf5
BT_soft,1.0000000000e+08,mean_c_nfw,6.7341506578e-02,3.8511187856e+06,/project/tkcastrosim/HNHuang/project_big_sim/data/bluetilted/kp_1_ms_1.5_25_1024/SOAP_full_000_056/simulation_test/SOAP_uncompressed/HBTplus/halo_properties_0056.hdf5
BT_soft,1.0000000000e+08,mean_c_nfw,7.0548023107e-02,3.3713740173e+06,/project/tkcastrosim/HNHuang/project_big_sim/data/bluetilted/kp_1_ms_1.5_25_1024/SOAP_full_000_056/simulation_test/SOAP_uncompressed/HBTplus/halo_properties_0056.hdf5
BT_soft,1.0000000000e+08,mean_c_nfw,7.3907220335e-02,2.9505780791e+06,/project/tkcastrosim/HNHuang/project_big_sim/data/bluetilted/kp_1_ms_1.5_25_1024/SOAP_full_000_056/simulation_test/SOAP_uncompressed/HBTplus/halo_properties_0056.hdf5
BT_soft,1.0000000000e+08,mean_c_nfw,7.7426368268e-02,2.5816191533e+06,/project/tkcastrosim/HNHuang/project_big_sim/data/bluetilted/kp_1_ms_1.5_25_1024/SOAP_full_000_056/simulation_test/SOAP_uncompressed/HBTplus/halo_properties_0056.hdf5
BT_soft,1.0000000000e+08,mean_c_nfw,8.1113083079e-02,2.2582223347e+06,/project/tkcastrosim/HNHuang/project_big_sim/data/bluetilted/kp_1_ms_1.5_25_1024/SOAP_full_000_056/simulation_test/SOAP_uncompressed/HBTplus/halo_properties_0056.hdf5
BT_soft,1.0000000000e+08,mean_c_nfw,8.4975343591e-02,1.9748544955e+06,/project/tkcastrosim/HNHuang/project_big_sim/data/bluetilted/kp_1_ms_1.5_25_1024/SOAP_full_000_056/simulation_test/SOAP_uncompressed/HBTplus/halo_properties_0056.hdf5
BT_soft,1.0000000000e+08,mean_c_nfw,8.9021508545e-02,1.7266394352e+06,/project/tkcastrosim/HNHuang/project_big_sim/data/bluetilted/kp_1_ms_1.5_25_1024/SOAP_full_000_056/simulation_test/SOAP_uncompressed/HBTplus/halo_properties_0056.hdf5
BT_soft,1.0000000000e+08,mean_c_nfw,9.3260334688e-02,1.5092822886e+06,/project/tkcastrosim/HNHuang/project_big_sim/data/bluetilted/kp_1_ms_1.5_25_1024/SOAP_full_000_056/simulation_test/SOAP_uncompressed/HBTplus/halo_properties_0056.hdf5
BT_soft,1.0000000000e+08,mean_c_nfw,9.7700995730e-02,1.3190022500e+06,/project/tkcastrosim/HNHuang/project_big_sim/data/bluetilted/kp_1_ms_1.5_25_1024/SOAP_full_000_056/simulation_test/SOAP_uncompressed/HBTplus/halo_properties_0056.hdf5
BT_soft,1.0000000000e+08,mean_c_nfw,1.0235310219e-01,1.1524727605e+06,/project/tkcastrosim/HNHuang/project_big_sim/data/bluetilted/kp_1_ms_1.5_25_1024/SOAP_full_000_056/simulation_test/SOAP_uncompressed/HBTplus/halo_properties_0056.hdf5
BT_soft,1.0000000000e+08,mean_c_nfw,1.0722672220e-01,1.0067683803e+06,/project/tkcastrosim/HNHuang/project_big_sim/data/bluetilted/kp_1_ms_1.5_25_1024/SOAP_full_000_056/simulation_test/SOAP_uncompressed/HBTplus/halo_properties_0056.hdf5
BT_soft,1.0000000000e+08,mean_c_nfw,1.1233240330e-01,8.7931764340e+05,/project/tkcastrosim/HNHuang/project_big_sim/data/bluetilted/kp_1_ms_1.5_25_1024/SOAP_full_000_056/simulation_test/SOAP_uncompressed/HBTplus/halo_properties_0056.hdf5
BT_soft,1.0000000000e+08,mean_c_nfw,1.1768119524e-01,7.6786125735e+05,/project/tkcastrosim/HNHuang/project_big_sim/data/bluetilted/kp_1_ms_1.5_25_1024/SOAP_full_000_056/simulation_test/SOAP_uncompressed/HBTplus/halo_properties_0056.hdf5
BT_soft,1.0000000000e+08,mean_c_nfw,1.2328467394e-01,6.7041507302e+05,/project/tkcastrosim/HNHuang/project_big_sim/data/bluetilted/kp_1_ms_1.5_25_1024/SOAP_full_000_056/simulation_test/SOAP_uncompressed/HBTplus/halo_properties_0056.hdf5
BT_soft,1.0000000000e+08,mean_c_nfw,1.2915496650e-01,5.8523730746e+05,/project/tkcastrosim/HNHuang/project_big_sim/data/bluetilted/kp_1_ms_1.5_25_1024/SOAP_full_000_056/simulation_test/SOAP_uncompressed/HBTplus/halo_properties_0056.hdf5
BT_soft,1.0000000000e+08,mean_c_nfw,1.3530477746e-01,5.1079955315e+05,/project/tkcastrosim/HNHuang/project_big_sim/data/bluetilted/kp_1_ms_1.5_25_1024/SOAP_full_000_056/simulation_test/SOAP_uncompressed/HBTplus/halo_properties_0056.hdf5
BT_soft,1.0000000000e+08,mean_c_nfw,1.4174741629e-01,4.4576115542e+05,/project/tkcastrosim/HNHuang/project_big_sim/data/bluetilted/kp_1_ms_1.5_25_1024/SOAP_full_000_056/simulation_test/SOAP_uncompressed/HBTplus/halo_properties_0056.hdf5
BT_soft,1.0000000000e+08,mean_c_nfw,1.4849682623e-01,3.8894658285e+05,/project/tkcastrosim/HNHuang/project_big_sim/data/bluetilted/kp_1_ms_1.5_25_1024/SOAP_full_000_056/simulation_test/SOAP_uncompressed/HBTplus/halo_properties_0056.hdf5
BT_soft,1.0000000000e+08,mean_c_nfw,1.5556761439e-01,3.3932545444e+05,/project/tkcastrosim/HNHuang/project_big_sim/data/bluetilted/kp_1_ms_1.5_25_1024/SOAP_full_000_056/simulation_test/SOAP_uncompressed/HBTplus/halo_properties_0056.hdf5
BT_soft,1.0000000000e+08,mean_c_nfw,1.6297508346e-01,2.9599492331e+05,/project/tkcastrosim/HNHuang/project_big_sim/data/bluetilted/kp_1_ms_1.5_25_1024/SOAP_full_000_056/simulation_test/SOAP_uncompressed/HBTplus/halo_properties_0056.hdf5
BT_soft,1.0000000000e+08,mean_c_nfw,1.7073526475e-01,2.5816414824e+05,/project/tkcastrosim/HNHuang/project_big_sim/data/bluetilted/kp_1_ms_1.5_25_1024/SOAP_full_000_056/simulation_test/SOAP_uncompressed/HBTplus/halo_properties_0056.hdf5
BT_soft,1.0000000000e+08,mean_c_nfw,1.7886495291e-01,2.2514061405e+05,/project/tkcastrosim/HNHuang/project_big_sim/data/bluetilted/kp_1_ms_1.5_25_1024/SOAP_full_000_056/simulation_test/SOAP_uncompressed/HBTplus/halo_properties_0056.hdf5
BT_soft,1.0000000000e+08,mean_c_nfw,1.8738174229e-01,1.9631808732e+05,/project/tkcastrosim/HNHuang/project_big_sim/data/bluetilted/kp_1_ms_1.5_25_1024/SOAP_full_000_056/simulation_test/SOAP_uncompressed/HBTplus/halo_properties_0056.hdf5
BT_soft,1.0000000000e+08,mean_c_nfw,1.9630406500e-01,1.7116601782e+05,/project/tkcastrosim/HNHuang/project_big_sim/data/bluetilted/kp_1_ms_1.5_25_1024/SOAP_full_000_056/simulation_test/SOAP_uncompressed/HBTplus/halo_properties_0056.hdf5
BT_soft,1.0000000000e+08,mean_c_nfw,2.0565123083e-01,1.4922021693e+05,/project/tkcastrosim/HNHuang/project_big_sim/data/bluetilted/kp_1_ms_1.5_25_1024/SOAP_full_000_056/simulation_test/SOAP_uncompressed/HBTplus/halo_properties_0056.hdf5
BT_soft,1.0000000000e+08,mean_c_nfw,2.1544346900e-01,1.3007466331e+05,/project/tkcastrosim/HNHuang/project_big_sim/data/bluetilted/kp_1_ms_1.5_25_1024/SOAP_full_000_056/simulation_test/SOAP_uncompressed/HBTplus/halo_properties_0056.hdf5
BT_soft,1.0000000000e+08,mean_c_nfw,2.2570197196e-01,1.1337430286e+05,/project/tkcastrosim/HNHuang/project_big_sim/data/bluetilted/kp_1_ms_1.5_25_1024/SOAP_full_000_056/simulation_test/SOAP_uncompressed/HBTplus/halo_properties_0056.hdf5
BT_soft,1.0000000000e+08,mean_c_nfw,2.3644894126e-01,9.8808725256e+04,/project/tkcastrosim/HNHuang/project_big_sim/data/bluetilted/kp_1_ms_1.5_25_1024/SOAP_full_000_056/simulation_test/SOAP_uncompressed/HBTplus/halo_properties_0056.hdf5
BT_soft,1.0000000000e+08,mean_c_nfw,2.4770763560e-01,8.6106612773e+04,/project/tkcastrosim/HNHuang/project_big_sim/data/bluetilted/kp_1_ms_1.5_25_1024/SOAP_full_000_056/simulation_test/SOAP_uncompressed/HBTplus/halo_properties_0056.hdf5
BT_soft,1.0000000000e+08,mean_c_nfw,2.5950242114e-01,7.5030869011e+04,/project/tkcastrosim/HNHuang/project_big_sim/data/bluetilted/kp_1_ms_1.5_25_1024/SOAP_full_000_056/simulation_test/SOAP_uncompressed/HBTplus/halo_properties_0056.hdf5
BT_soft,1.0000000000e+08,mean_c_nfw,2.7185882427e-01,6.5374346042e+04,/project/tkcastrosim/HNHuang/project_big_sim/data/bluetilted/kp_1_ms_1.5_25_1024/SOAP_full_000_056/simulation_test/SOAP_uncompressed/HBTplus/halo_properties_0056.hdf5
BT_soft,1.0000000000e+08,mean_c_nfw,2.8480358684e-01,5.6956097851e+04,/project/tkcastrosim/HNHuang/project_big_sim/data/bluetilted/kp_1_ms_1.5_25_1024/SOAP_full_000_056/simulation_test/SOAP_uncompressed/HBTplus/halo_properties_0056.hdf5
BT_soft,1.0000000000e+08,mean_c_nfw,2.9836472403e-01,4.9618096429e+04,/project/tkcastrosim/HNHuang/project_big_sim/data/bluetilted/kp_1_ms_1.5_25_1024/SOAP_full_000_056/simulation_test/SOAP_uncompressed/HBTplus/halo_properties_0056.hdf5
BT_soft,1.0000000000e+08,mean_c_nfw,3.1257158497e-01,4.3222354404e+04,/project/tkcastrosim/HNHuang/project_big_sim/data/bluetilted/kp_1_ms_1.5_25_1024/SOAP_full_000_056/simulation_test/SOAP_uncompressed/HBTplus/halo_properties_0056.hdf5
BT_soft,1.0000000000e+08,mean_c_nfw,3.2745491629e-01,3.7648404710e+04,/project/tkcastrosim/HNHuang/project_big_sim/data/bluetilted/kp_1_ms_1.5_25_1024/SOAP_full_000_056/simulation_test/SOAP_uncompressed/HBTplus/halo_properties_0056.hdf5
BT_soft,1.0000000000e+08,mean_c_nfw,3.4304692863e-01,3.2791093691e+04,/project/tkcastrosim/HNHuang/project_big_sim/data/bluetilted/kp_1_ms_1.5_25_1024/SOAP_full_000_056/simulation_test/SOAP_uncompressed/HBTplus/halo_properties_0056.hdf5
BT_soft,1.0000000000e+08,mean_c_nfw,3.5938136638e-01,2.8558649248e+04,/project/tkcastrosim/HNHuang/project_big_sim/data/bluetilted/kp_1_ms_1.5_25_1024/SOAP_full_000_056/simulation_test/SOAP_uncompressed/HBTplus/halo_properties_0056.hdf5
BT_soft,1.0000000000e+08,mean_c_nfw,3.7649358068e-01,2.4870990237e+04,/project/tkcastrosim/HNHuang/project_big_sim/data/bluetilted/kp_1_ms_1.5_25_1024/SOAP_full_000_056/simulation_test/SOAP_uncompressed/HBTplus/halo_properties_0056.hdf5
BT_soft,1.0000000000e+08,mean_c_nfw,3.9442060594e-01,2.1658247403e+04,/project/tkcastrosim/HNHuang/project_big_sim/data/bluetilted/kp_1_ms_1.5_25_1024/SOAP_full_000_056/simulation_test/SOAP_uncompressed/HBTplus/halo_properties_0056.hdf5
BT_soft,1.0000000000e+08,mean_c_nfw,4.1320124001e-01,1.8859469723e+04,/project/tkcastrosim/HNHuang/project_big_sim/data/bluetilted/kp_1_ms_1.5_25_1024/SOAP_full_000_056/simulation_test/SOAP_uncompressed/HBTplus/halo_properties_0056.hdf5
BT_soft,1.0000000000e+08,mean_c_nfw,4.3287612811e-01,1.6421493202e+04,/project/tkcastrosim/HNHuang/project_big_sim/data/bluetilted/kp_1_ms_1.5_25_1024/SOAP_full_000_056/simulation_test/SOAP_uncompressed/HBTplus/halo_properties_0056.hdf5
BT_soft,1.0000000000e+08,mean_c_nfw,4.5348785081e-01,1.4297951953e+04,/project/tkcastrosim/HNHuang/project_big_sim/data/bluetilted/kp_1_ms_1.5_25_1024/SOAP_full_000_056/simulation_test/SOAP_uncompressed/HBTplus/halo_properties_0056.hdf5
BT_soft,1.0000000000e+08,mean_c_nfw,4.7508101621e-01,1.2448413882e+04,/project/tkcastrosim/HNHuang/project_big_sim/data/bluetilted/kp_1_ms_1.5_25_1024/SOAP_full_000_056/simulation_test/SOAP_uncompressed/HBTplus/halo_properties_0056.hdf5
BT_soft,1.0000000000e+08,mean_c_nfw,4.9770235643e-01,1.0837625420e+04,/project/tkcastrosim/HNHuang/project_big_sim/data/bluetilted/kp_1_ms_1.5_25_1024/SOAP_full_000_056/simulation_test/SOAP_uncompressed/HBTplus/halo_properties_0056.hdf5
BT_soft,1.0000000000e+08,mean_c_nfw,5.2140082880e-01,9.4348517060e+03,/project/tkcastrosim/HNHuang/project_big_sim/data/bluetilted/kp_1_ms_1.5_25_1024/SOAP_full_000_056/simulation_test/SOAP_uncompressed/HBTplus/halo_properties_0056.hdf5
BT_soft,1.0000000000e+08,mean_c_nfw,5.4622772177e-01,8.2133002518e+03,/project/tkcastrosim/HNHuang/project_big_sim/data/bluetilted/kp_1_ms_1.5_25_1024/SOAP_full_000_056/simulation_test/SOAP_uncompressed/HBTplus/halo_properties_0056.hdf5
BT_soft,1.0000000000e+08,mean_c_nfw,5.7223676594e-01,7.1496176448e+03,/project/tkcastrosim/HNHuang/project_big_sim/data/bluetilted/kp_1_ms_1.5_25_1024/SOAP_full_000_056/simulation_test/SOAP_uncompressed/HBTplus/halo_properties_0056.hdf5
BT_soft,1.0000000000e+08,mean_c_nfw,5.9948425032e-01,6.2234500953e+03,/project/tkcastrosim/HNHuang/project_big_sim/data/bluetilted/kp_1_ms_1.5_25_1024/SOAP_full_000_056/simulation_test/SOAP_uncompressed/HBTplus/halo_properties_0056.hdf5
BT_soft,1.0000000000e+08,mean_c_nfw,6.2802914418e-01,5.4170598073e+03,/project/tkcastrosim/HNHuang/project_big_sim/data/bluetilted/kp_1_ms_1.5_25_1024/SOAP_full_000_056/simulation_test/SOAP_uncompressed/HBTplus/halo_properties_0056.hdf5
BT_soft,1.0000000000e+08,mean_c_nfw,6.5793322466e-01,4.7149901328e+03,/project/tkcastrosim/HNHuang/project_big_sim/data/bluetilted/kp_1_ms_1.5_25_1024/SOAP_full_000_056/simulation_test/SOAP_uncompressed/HBTplus/halo_properties_0056.hdf5
BT_soft,1.0000000000e+08,mean_c_nfw,6.8926121043e-01,4.1037733557e+03,/project/tkcastrosim/HNHuang/project_big_sim/data/bluetilted/kp_1_ms_1.5_25_1024/SOAP_full_000_056/simulation_test/SOAP_uncompressed/HBTplus/halo_properties_0056.hdf5
BT_soft,1.0000000000e+08,mean_c_nfw,7.2208090184e-01,3.5716757147e+03,/project/tkcastrosim/HNHuang/project_big_sim/data/bluetilted/kp_1_ms_1.5_25_1024/SOAP_full_000_056/simulation_test/SOAP_uncompressed/HBTplus/halo_properties_0056.hdf5
BT_soft,1.0000000000e+08,mean_c_nfw,7.5646332755e-01,3.1084749532e+03,/project/tkcastrosim/HNHuang/project_big_sim/data/bluetilted/kp_1_ms_1.5_25_1024/SOAP_full_000_056/simulation_test/SOAP_uncompressed/HBTplus/halo_properties_0056.hdf5
BT_soft,1.0000000000e+08,mean_c_nfw,7.9248289835e-01,2.7052662743e+03,/project/tkcastrosim/HNHuang/project_big_sim/data/bluetilted/kp_1_ms_1.5_25_1024/SOAP_full_000_056/simulation_test/SOAP_uncompressed/HBTplus/halo_properties_0056.hdf5
BT_soft,1.0000000000e+08,mean_c_nfw,8.3021756813e-01,2.3542930944e+03,/project/tkcastrosim/HNHuang/project_big_sim/data/bluetilted/kp_1_ms_1.5_25_1024/SOAP_full_000_056/simulation_test/SOAP_uncompressed/HBTplus/halo_properties_0056.hdf5
BT_soft,1.0000000000e+08,mean_c_nfw,8.6974900262e-01,2.0487994475e+03,/project/tkcastrosim/HNHuang/project_big_sim/data/bluetilted/kp_1_ms_1.5_25_1024/SOAP_full_000_056/simulation_test/SOAP_uncompressed/HBTplus/halo_properties_0056.hdf5
BT_soft,1.0000000000e+08,mean_c_nfw,9.1116275612e-01,1.7829012837e+03,/project/tkcastrosim/HNHuang/project_big_sim/data/bluetilted/kp_1_ms_1.5_25_1024/SOAP_full_000_056/simulation_test/SOAP_uncompressed/HBTplus/halo_properties_0056.hdf5
BT_soft,1.0000000000e+08,mean_c_nfw,9.5454845666e-01,1.5514742581e+03,/project/tkcastrosim/HNHuang/project_big_sim/data/bluetilted/kp_1_ms_1.5_25_1024/SOAP_full_000_056/simulation_test/SOAP_uncompressed/HBTplus/halo_properties_0056.hdf5
BT_soft,1.0000000000e+08,mean_c_nfw,1.0000000000e+00,1.3500559068e+03,/project/tkcastrosim/HNHuang/project_big_sim/data/bluetilted/kp_1_ms_1.5_25_1024/SOAP_full_000_056/simulation_test/SOAP_uncompressed/HBTplus/halo_properties_0056.hdf5
BT_soft,1.0000000000e+08,median_c_nfw,1.0000000000e-02,4.0708793777e+08,/project/tkcastrosim/HNHuang/project_big_sim/data/bluetilted/kp_1_ms_1.5_25_1024/SOAP_full_000_056/simulation_test/SOAP_uncompressed/HBTplus/halo_properties_0056.hdf5
BT_soft,1.0000000000e+08,median_c_nfw,1.2216773490e-02,2.6956984933e+08,/project/tkcastrosim/HNHuang/project_big_sim/data/bluetilted/kp_1_ms_1.5_25_1024/SOAP_full_000_056/simulation_test/SOAP_uncompressed/HBTplus/halo_properties_0056.hdf5
BT_soft,1.0000000000e+08,median_c_nfw,1.4924955451e-02,1.7501092830e+08,/project/tkcastrosim/HNHuang/project_big_sim/data/bluetilted/kp_1_ms_1.5_25_1024/SOAP_full_000_056/simulation_test/SOAP_uncompressed/HBTplus/halo_properties_0056.hdf5
BT_soft,1.0000000000e+08,median_c_nfw,1.8233480009e-02,1.1146412420e+08,/project/tkcastrosim/HNHuang/project_big_sim/data/bluetilted/kp_1_ms_1.5_25_1024/SOAP_full_000_056/simulation_test/SOAP_uncompressed/HBTplus/halo_properties_0056.hdf5
BT_soft,1.0000000000e+08,median_c_nfw,2.2275429520e-02,6.9709302531e+07,/project/tkcastrosim/HNHuang/project_big_sim/data/bluetilted/kp_1_ms_1.5_25_1024/SOAP_full_000_056/simulation_test/SOAP_uncompressed/HBTplus/halo_properties_0056.hdf5
BT_soft,1.0000000000e+08,median_c_nfw,2.7213387684e-02,4.2860467064e+07,/project/tkcastrosim/HNHuang/project_big_sim/data/bluetilted/kp_1_ms_1.5_25_1024/SOAP_full_000_056/simulation_test/SOAP_uncompressed/HBTplus/halo_properties_0056.hdf5
BT_soft,1.0000000000e+08,median_c_nfw,3.3245979323e-02,2.5416627827e+07,/project/tkcastrosim/HNHuang/project_big_sim/data/bluetilted/kp_1_ms_1.5_25_1024/SOAP_full_000_056/simulation_test/SOAP_uncompressed/HBTplus/halo_properties_0056.hdf5
BT_soft,1.0000000000e+08,median_c_nfw,4.0615859884e-02,1.5036961110e+07,/project/tkcastrosim/HNHuang/project_big_sim/data/bluetilted/kp_1_ms_1.5_25_1024/SOAP_full_000_056/simulation_test/SOAP_uncompressed/HBTplus/halo_properties_0056.hdf5
BT_soft,1.0000000000e+08,median_c_nfw,4.9619476030e-02,8.7903891860e+06,/project/tkcastrosim/HNHuang/project_big_sim/data/bluetilted/kp_1_ms_1.5_25_1024/SOAP_full_000_056/simulation_test/SOAP_uncompressed/HBTplus/halo_properties_0056.hdf5
BT_soft,1.0000000000e+08,median_c_nfw,6.0618989935e-02,5.0998567072e+06,/project/tkcastrosim/HNHuang/project_big_sim/data/bluetilted/kp_1_ms_1.5_25_1024/SOAP_full_000_056/simulation_test/SOAP_uncompressed/HBTplus/halo_properties_0056.hdf5
BT_soft,1.0000000000e+08,median_c_nfw,7.4056846923e-02,2.9541851036e+06,/project/tkcastrosim/HNHuang/project_big_sim/data/bluetilted/kp_1_ms_1.5_25_1024/SOAP_full_000_056/simulation_test/SOAP_uncompressed/HBTplus/halo_properties_0056.hdf5
BT_soft,1.0000000000e+08,median_c_nfw,9.0473572423e-02,1.7032548378e+06,/project/tkcastrosim/HNHuang/project_big_sim/data/bluetilted/kp_1_ms_1.5_25_1024/SOAP_full_000_056/simulation_test/SOAP_uncompressed/HBTplus/halo_properties_0056.hdf5
BT_soft,1.0000000000e+08,median_c_nfw,1.1052951411e-01,9.7743067829e+05,/project/tkcastrosim/HNHuang/project_big_sim/data/bluetilted/kp_1_ms_1.5_25_1024/SOAP_full_000_056/simulation_test/SOAP_uncompressed/HBTplus/halo_properties_0056.hdf5
BT_soft,1.0000000000e+08,median_c_nfw,1.3503140379e-01,5.5863362766e+05,/project/tkcastrosim/HNHuang/project_big_sim/data/bluetilted/kp_1_ms_1.5_25_1024/SOAP_full_000_056/simulation_test/SOAP_uncompressed/HBTplus/halo_properties_0056.hdf5
BT_soft,1.0000000000e+08,median_c_nfw,1.6496480741e-01,3.1614553490e+05,/project/tkcastrosim/HNHuang/project_big_sim/data/bluetilted/kp_1_ms_1.5_25_1024/SOAP_full_000_056/simulation_test/SOAP_uncompressed/HBTplus/halo_properties_0056.hdf5
BT_soft,1.0000000000e+08,median_c_nfw,2.0153376859e-01,1.7753022638e+05,/project/tkcastrosim/HNHuang/project_big_sim/data/bluetilted/kp_1_ms_1.5_25_1024/SOAP_full_000_056/simulation_test/SOAP_uncompressed/HBTplus/halo_properties_0056.hdf5
BT_soft,1.0000000000e+08,median_c_nfw,2.4620924015e-01,9.9138354606e+04,/project/tkcastrosim/HNHuang/project_big_sim/data/bluetilted/kp_1_ms_1.5_25_1024/SOAP_full_000_056/simulation_test/SOAP_uncompressed/HBTplus/halo_properties_0056.hdf5
BT_soft,1.0000000000e+08,median_c_nfw,3.0078825180e-01,5.5140699522e+04,/project/tkcastrosim/HNHuang/project_big_sim/data/bluetilted/kp_1_ms_1.5_25_1024/SOAP_full_000_056/simulation_test/SOAP_uncompressed/HBTplus/halo_properties_0056.hdf5
BT_soft,1.0000000000e+08,median_c_nfw,3.6746619407e-01,3.0591662322e+04,/project/tkcastrosim/HNHuang/project_big_sim/data/bluetilted/kp_1_ms_1.5_25_1024/SOAP_full_000_056/simulation_test/SOAP_uncompressed/HBTplus/halo_properties_0056.hdf5
BT_soft,1.0000000000e+08,median_c_nfw,4.4892512582e-01,1.6937452216e+04,/project/tkcastrosim/HNHuang/project_big_sim/data/bluetilted/kp_1_ms_1.5_25_1024/SOAP_full_000_056/simulation_test/SOAP_uncompressed/HBTplus/halo_properties_0056.hdf5
BT_soft,1.0000000000e+08,median_c_nfw,5.4844165761e-01,9.3618365468e+03,/project/tkcastrosim/HNHuang/project_big_sim/data/bluetilted/kp_1_ms_1.5_25_1024/SOAP_full_000_056/simulation_test/SOAP_uncompressed/HBTplus/halo_properties_0056.hdf5
BT_soft,1.0000000000e+08,median_c_nfw,6.7001875035e-01,5.1673763247e+03,/project/tkcastrosim/HNHuang/project_big_sim/data/bluetilted/kp_1_ms_1.5_25_1024/SOAP_full_000_056/simulation_test/SOAP_uncompressed/HBTplus/halo_properties_0056.hdf5
BT_soft,1.0000000000e+08,median_c_nfw,8.1854673071e-01,2.8489286705e+03,/project/tkcastrosim/HNHuang/project_big_sim/data/bluetilted/kp_1_ms_1.5_25_1024/SOAP_full_000_056/simulation_test/SOAP_uncompressed/HBTplus/halo_properties_0056.hdf5
BT_soft,1.0000000000e+08,median_c_nfw,1.0000000000e+00,1.5692192441e+03,/project/tkcastrosim/HNHuang/project_big_sim/data/bluetilted/kp_1_ms_1.5_25_1024/SOAP_full_000_056/simulation_test/SOAP_uncompressed/HBTplus/halo_properties_0056.hdf5
BT_soft,1.0000000000e+09,mean_c_nfw,1.0000000000e-02,5.4036164507e+08,/project/tkcastrosim/HNHuang/project_big_sim/data/bluetilted/kp_1_ms_1.5_25_1024/SOAP_full_000_056/simulation_test/SOAP_uncompressed/HBTplus/halo_properties_0056.hdf5
BT_soft,1.0000000000e+09,mean_c_nfw,1.0476157528e-02,4.8683691730e+08,/project/tkcastrosim/HNHuang/project_big_sim/data/bluetilted/kp_1_ms_1.5_25_1024/SOAP_full_000_056/simulation_test/SOAP_uncompressed/HBTplus/halo_properties_0056.hdf5
BT_soft,1.0000000000e+09,mean_c_nfw,1.0974987655e-02,4.3817017197e+08,/project/tkcastrosim/HNHuang/project_big_sim/data/bluetilted/kp_1_ms_1.5_25_1024/SOAP_full_000_056/simulation_test/SOAP_uncompressed/HBTplus/halo_properties_0056.hdf5
BT_soft,1.0000000000e+09,mean_c_nfw,1.1497569954e-02,3.9397421824e+08,/project/tkcastrosim/HNHuang/project_big_sim/data/bluetilted/kp_1_ms_1.5_25_1024/SOAP_full_000_056/simulation_test/SOAP_uncompressed/HBTplus/halo_properties_0056.hdf5
BT_soft,1.0000000000e+09,mean_c_nfw,1.2045035403e-02,3.5388667685e+08,/project/tkcastrosim/HNHuang/project_big_sim/data/bluetilted/kp_1_ms_1.5_25_1024/SOAP_full_000_056/simulation_test/SOAP_uncompressed/HBTplus/halo_properties_0056.hdf5
BT_soft,1.0000000000e+09,mean_c_nfw,1.2618568831e-02,3.1756900887e+08,/project/tkcastrosim/HNHuang/project_big_sim/data/bluetilted/kp_1_ms_1.5_25_1024/SOAP_full_000_056/simulation_test/SOAP_uncompressed/HBTplus/halo_properties_0056.hdf5
BT_soft,1.0000000000e+09,mean_c_nfw,1.3219411485e-02,2.8470552648e+08,/project/tkcastrosim/HNHuang/project_big_sim/data/bluetilted/kp_1_ms_1.5_25_1024/SOAP_full_000_056/simulation_test/SOAP_uncompressed/HBTplus/halo_properties_0056.hdf5
BT_soft,1.0000000000e+09,mean_c_nfw,1.3848863714e-02,2.5500239048e+08,/project/tkcastrosim/HNHuang/project_big_sim/data/bluetilted/kp_1_ms_1.5_25_1024/SOAP_full_000_056/simulation_test/SOAP_uncompressed/HBTplus/halo_properties_0056.hdf5
BT_soft,1.0000000000e+09,mean_c_nfw,1.4508287785e-02,2.2818659936e+08,/project/tkcastrosim/HNHuang/project_big_sim/data/bluetilted/kp_1_ms_1.5_25_1024/SOAP_full_000_056/simulation_test/SOAP_uncompressed/HBTplus/halo_properties_0056.hdf5
BT_soft,1.0000000000e+09,mean_c_nfw,1.5199110830e-02,2.0400497505e+08,/project/tkcastrosim/HNHuang/project_big_sim/data/bluetilted/kp_1_ms_1.5_25_1024/SOAP_full_000_056/simulation_test/SOAP_uncompressed/HBTplus/halo_properties_0056.hdf5
BT_soft,1.0000000000e+09,mean_c_nfw,1.5922827933e-02,1.8222315052e+08,/project/tkcastrosim/HNHuang/project_big_sim/data/bluetilted/kp_1_ms_1.5_25_1024/SOAP_full_000_056/simulation_test/SOAP_uncompressed/HBTplus/halo_properties_0056.hdf5
BT_soft,1.0000000000e+09,mean_c_nfw,1.6681005372e-02,1.6262456391e+08,/project/tkcastrosim/HNHuang/project_big_sim/data/bluetilted/kp_1_ms_1.5_25_1024/SOAP_full_000_056/simulation_test/SOAP_uncompressed/HBTplus/halo_properties_0056.hdf5
BT_soft,1.0000000000e+09,mean_c_nfw,1.7475284000e-02,1.4500946432e+08,/project/tkcastrosim/HNHuang/project_big_sim/data/bluetilted/kp_1_ms_1.5_25_1024/SOAP_full_000_056/simulation_test/SOAP_uncompressed/HBTplus/halo_properties_0056.hdf5
BT_soft,1.0000000000e+09,mean_c_nfw,1.8307382803e-02,1.2919393333e+08,/project/tkcastrosim/HNHuang/project_big_sim/data/bluetilted/kp_1_ms_1.5_25_1024/SOAP_full_000_056/simulation_test/SOAP_uncompressed/HBTplus/halo_properties_0056.hdf5
BT_soft,1.0000000000e+09,mean_c_nfw,1.9179102617e-02,1.1500892685e+08,/project/tkcastrosim/HNHuang/project_big_sim/data/bluetilted/kp_1_ms_1.5_25_1024/SOAP_full_000_056/simulation_test/SOAP_uncompressed/HBTplus/halo_properties_0056.hdf5
BT_soft,1.0000000000e+09,mean_c_nfw,2.0092330026e-02,1.0229934067e+08,/project/tkcastrosim/HNHuang/project_big_sim/data/bluetilted/kp_1_ms_1.5_25_1024/SOAP_full_000_056/simulation_test/SOAP_uncompressed/HBTplus/halo_properties_0056.hdf5
BT_soft,1.0000000000e+09,mean_c_nfw,2.1049041445e-02,9.0923103375e+07,/project/tkcastrosim/HNHuang/project_big_sim/data/bluetilted/kp_1_ms_1.5_25_1024/SOAP_full_000_056/simulation_test/SOAP_uncompressed/HBTplus/halo_properties_0056.hdf5
BT_soft,1.0000000000e+09,mean_c_nfw,2.2051307399e-02,8.0750299290e+07,/project/tkcastrosim/HNHuang/project_big_sim/data/bluetilted/kp_1_ms_1.5_25_1024/SOAP_full_000_056/simulation_test/SOAP_uncompressed/HBTplus/halo_properties_0056.hdf5
BT_soft,1.0000000000e+09,mean_c_nfw,2.3101297001e-02,7.1662324091e+07,/project/tkcastrosim/HNHuang/project_big_sim/data/bluetilted/kp_1_ms_1.5_25_1024/SOAP_full_000_056/simulation_test/SOAP_uncompressed/HBTplus/halo_properties_0056.hdf5
BT_soft,1.0000000000e+09,mean_c_nfw,2.4201282648e-02,6.3551074940e+07,/project/tkcastrosim/HNHuang/project_big_sim/data/bluetilted/kp_1_ms_1.5_25_1024/SOAP_full_000_056/simulation_test/SOAP_uncompressed/HBTplus/halo_properties_0056.hdf5
BT_soft,1.0000000000e+09,mean_c_nfw,2.5353644940e-02,5.6318176762e+07,/project/tkcastrosim/HNHuang/project_big_sim/data/bluetilted/kp_1_ms_1.5_25_1024/SOAP_full_000_056/simulation_test/SOAP_uncompressed/HBTplus/halo_properties_0056.hdf5
BT_soft,1.0000000000e+09,mean_c_nfw,2.6560877829e-02,4.9874245746e+07,/project/tkcastrosim/HNHuang/project_big_sim/data/bluetilted/kp_1_ms_1.5_25_1024/SOAP_full_000_056/simulation_test/SOAP_uncompressed/HBTplus/halo_properties_0056.hdf5
BT_soft,1.0000000000e+09,mean_c_nfw,2.7825594022e-02,4.4138190770e+07,/project/tkcastrosim/HNHuang/project_big_sim/data/bluetilted/kp_1_ms_1.5_25_1024/SOAP_full_000_056/simulation_test/SOAP_uncompressed/HBTplus/halo_properties_0056.hdf5
BT_soft,1.0000000000e+09,mean_c_nfw,2.9150530628e-02,3.9036553090e+07,/project/tkcastrosim/HNHuang/project_big_sim/data/bluetilted/kp_1_ms_1.5_25_1024/SOAP_full_000_056/simulation_test/SOAP_uncompressed/HBTplus/halo_properties_0056.hdf5
BT_soft,1.0000000000e+09,mean_c_nfw,3.0538555088e-02,3.4502884248e+07,/project/tkcastrosim/HNHuang/project_big_sim/data/bluetilted/kp_1_ms_1.5_25_1024/SOAP_full_000_056/simulation_test/SOAP_uncompressed/HBTplus/halo_properties_0056.hdf5
BT_soft,1.0000000000e+09,mean_c_nfw,3.1992671378e-02,3.0477161868e+07,/project/tkcastrosim/HNHuang/project_big_sim/data/bluetilted/kp_1_ms_1.5_25_1024/SOAP_full_000_056/simulation_test/SOAP_uncompressed/HBTplus/halo_properties_0056.hdf5
BT_soft,1.0000000000e+09,mean_c_nfw,3.3516026509e-02,2.6905242727e+07,/project/tkcastrosim/HNHuang/project_big_sim/data/bluetilted/kp_1_ms_1.5_25_1024/SOAP_full_000_056/simulation_test/SOAP_uncompressed/HBTplus/halo_properties_0056.hdf5
BT_soft,1.0000000000e+09,mean_c_nfw,3.5111917342e-02,2.3738352236e+07,/project/tkcastrosim/HNHuang/project_big_sim/data/bluetilted/kp_1_ms_1.5_25_1024/SOAP_full_000_056/simulation_test/SOAP_uncompressed/HBTplus/halo_properties_0056.hdf5
BT_soft,1.0000000000e+09,mean_c_nfw,3.6783797718e-02,2.0932609281e+07,/project/tkcastrosim/HNHuang/project_big_sim/data/bluetilted/kp_1_ms_1.5_25_1024/SOAP_full_000_056/simulation_test/SOAP_uncompressed/HBTplus/halo_properties_0056.hdf5
BT_soft,1.0000000000e+09,mean_c_nfw,3.8535285937e-02,1.8448585192e+07,/project/tkcastrosim/HNHuang/project_big_sim/data/bluetilted/kp_1_ms_1.5_25_1024/SOAP_full_000_056/simulation_test/SOAP_uncompressed/HBTplus/halo_properties_0056.hdf5
BT_soft,1.0000000000e+09,mean_c_nfw,4.0370172586e-02,1.6250895468e+07,/project/tkcastrosim/HNHuang/project_big_sim/data/bluetilted/kp_1_ms_1.5_25_1024/SOAP_full_000_056/simulation_test/SOAP_uncompressed/HBTplus/halo_properties_0056.hdf5
BT_soft,1.0000000000e+09,mean_c_nfw,4.2292428744e-02,1.4307822809e+07,/project/tkcastrosim/HNHuang/project_big_sim/data/bluetilted/kp_1_ms_1.5_25_1024/SOAP_full_000_056/simulation_test/SOAP_uncompressed/HBTplus/halo_properties_0056.hdf5
BT_soft,1.0000000000e+09,mean_c_nfw,4.4306214576e-02,1.2590969897e+07,/project/tkcastrosim/HNHuang/project_big_sim/data/bluetilted/kp_1_ms_1.5_25_1024/SOAP_full_000_056/simulation_test/SOAP_uncompressed/HBTplus/halo_properties_0056.hdf5
BT_soft,1.0000000000e+09,mean_c_nfw,4.6415888336e-02,1.1074940346e+07,/project/tkcastrosim/HNHuang/project_big_sim/data/bluetilted/kp_1_ms_1.5_25_1024/SOAP_full_000_056/simulation_test/SOAP_uncompressed/HBTplus/halo_properties_0056.hdf5
BT_soft,1.0000000000e+09,mean_c_nfw,4.8626015801e-02,9.7370461908e+06,/project/tkcastrosim/HNHuang/project_big_sim/data/bluetilted/kp_1_ms_1.5_25_1024/SOAP_full_000_056/simulation_test/SOAP_uncompressed/HBTplus/halo_properties_0056.hdf5
BT_soft,1.0000000000e+09,mean_c_nfw,5.0941380148e-02,8.5570403170e+06,/project/tkcastrosim/HNHuang/project_big_sim/data/bluetilted/kp_1_ms_1.5_25_1024/SOAP_full_000_056/simulation_test/SOAP_uncompressed/HBTplus/halo_properties_0056.hdf5
BT_soft,1.0000000000e+09,mean_c_nfw,5.3366992312e-02,7.5168721969e+06,/project/tkcastrosim/HNHuang/project_big_sim/data/bluetilted/kp_1_ms_1.5_25_1024/SOAP_full_000_056/simulation_test/SOAP_uncompressed/HBTplus/halo_properties_0056.hdf5
BT_soft,1.0000000000e+09,mean_c_nfw,5.5908101825e-02,6.6004653716e+06,/project/tkcastrosim/HNHuang/project_big_sim/data/bluetilted/kp_1_ms_1.5_25_1024/SOAP_full_000_056/simulation_test/SOAP_uncompressed/HBTplus/halo_properties_0056.hdf5
BT_soft,1.0000000000e+09,mean_c_nfw,5.8570208181e-02,5.7935151294e+06,/project/tkcastrosim/HNHuang/project_big_sim/data/bluetilted/kp_1_ms_1.5_25_1024/SOAP_full_000_056/simulation_test/SOAP_uncompressed/HBTplus/halo_properties_0056.hdf5
BT_soft,1.0000000000e+09,mean_c_nfw,6.1359072734e-02,5.0833048938e+06,/project/tkcastrosim/HNHuang/project_big_sim/data/bluetilted/kp_1_ms_1.5_25_1024/SOAP_full_000_056/simulation_test/SOAP_uncompressed/HBTplus/halo_properties_0056.hdf5
BT_soft,1.0000000000e+09,mean_c_nfw,6.4280731173e-02,4.4585398905e+06,/project/tkcastrosim/HNHuang/project_big_sim/data/bluetilted/kp_1_ms_1.5_25_1024/SOAP_full_000_056/simulation_test/SOAP_uncompressed/HBTplus/halo_properties_0056.hdf5
BT_soft,1.0000000000e+09,mean_c_nfw,6.7341506578e-02,3.9091967281e+06,/project/tkcastrosim/HNHuang/project_big_sim/data/bluetilted/kp_1_ms_1.5_25_1024/SOAP_full_000_056/simulation_test/SOAP_uncompressed/HBTplus/halo_properties_0056.hdf5
BT_soft,1.0000000000e+09,mean_c_nfw,7.0548023107e-02,3.4263875939e+06,/project/tkcastrosim/HNHuang/project_big_sim/data/bluetilted/kp_1_ms_1.5_25_1024/SOAP_full_000_056/simulation_test/SOAP_uncompressed/HBTplus/halo_properties_0056.hdf5
BT_soft,1.0000000000e+09,mean_c_nfw,7.3907220335e-02,3.0022378419e+06,/project/tkcastrosim/HNHuang/project_big_sim/data/bluetilted/kp_1_ms_1.5_25_1024/SOAP_full_000_056/simulation_test/SOAP_uncompressed/HBTplus/halo_properties_0056.hdf5
BT_soft,1.0000000000e+09,mean_c_nfw,7.7426368268e-02,2.6297758192e+06,/project/tkcastrosim/HNHuang/project_big_sim/data/bluetilted/kp_1_ms_1.5_25_1024/SOAP_full_000_056/simulation_test/SOAP_uncompressed/HBTplus/halo_properties_0056.hdf5
BT_soft,1.0000000000e+09,mean_c_nfw,8.1113083079e-02,2.3028338533e+06,/project/tkcastrosim/HNHuang/project_big_sim/data/bluetilted/kp_1_ms_1.5_25_1024/SOAP_full_000_056/simulation_test/SOAP_uncompressed/HBTplus/halo_properties_0056.hdf5
BT_soft,1.0000000000e+09,mean_c_nfw,8.4975343591e-02,2.0159593954e+06,/project/tkcastrosim/HNHuang/project_big_sim/data/bluetilted/kp_1_ms_1.5_25_1024/SOAP_full_000_056/simulation_test/SOAP_uncompressed/HBTplus/halo_properties_0056.hdf5
BT_soft,1.0000000000e+09,mean_c_nfw,8.9021508545e-02,1.7643353839e+06,/project/tkcastrosim/HNHuang/project_big_sim/data/bluetilted/kp_1_ms_1.5_25_1024/SOAP_full_000_056/simulation_test/SOAP_uncompressed/HBTplus/halo_properties_0056.hdf5
BT_soft,1.0000000000e+09,mean_c_nfw,9.3260334688e-02,1.5437089660e+06,/project/tkcastrosim/HNHuang/project_big_sim/data/bluetilted/kp_1_ms_1.5_25_1024/SOAP_full_000_056/simulation_test/SOAP_uncompressed/HBTplus/halo_properties_0056.hdf5
BT_soft,1.0000000000e+09,mean_c_nfw,9.7700995730e-02,1.3503277765e+06,/project/tkcastrosim/HNHuang/project_big_sim/data/bluetilted/kp_1_ms_1.5_25_1024/SOAP_full_000_056/simulation_test/SOAP_uncompressed/HBTplus/halo_properties_0056.hdf5
BT_soft,1.0000000000e+09,mean_c_nfw,1.0235310219e-01,1.1808830435e+06,/project/tkcastrosim/HNHuang/project_big_sim/data/bluetilted/kp_1_ms_1.5_25_1024/SOAP_full_000_056/simulation_test/SOAP_uncompressed/HBTplus/halo_properties_0056.hdf5
BT_soft,1.0000000000e+09,mean_c_nfw,1.0722672220e-01,1.0324588447e+06,/project/tkcastrosim/HNHuang/project_big_sim/data/bluetilted/kp_1_ms_1.5_25_1024/SOAP_full_000_056/simulation_test/SOAP_uncompressed/HBTplus/halo_properties_0056.hdf5
BT_soft,1.0000000000e+09,mean_c_nfw,1.1233240330e-01,9.0248690039e+05,/project/tkcastrosim/HNHuang/project_big_sim/data/bluetilted/kp_1_ms_1.5_25_1024/SOAP_full_000_056/simulation_test/SOAP_uncompressed/HBTplus/halo_properties_0056.hdf5
BT_soft,1.0000000000e+09,mean_c_nfw,1.1768119524e-01,7.8870634082e+05,/project/tkcastrosim/HNHuang/project_big_sim/data/bluetilted/kp_1_ms_1.5_25_1024/SOAP_full_000_056/simulation_test/SOAP_uncompressed/HBTplus/halo_properties_0056.hdf5
BT_soft,1.0000000000e+09,mean_c_nfw,1.2328467394e-01,6.8912793647e+05,/project/tkcastrosim/HNHuang/project_big_sim/data/bluetilted/kp_1_ms_1.5_25_1024/SOAP_full_000_056/simulation_test/SOAP_uncompressed/HBTplus/halo_properties_0056.hdf5
BT_soft,1.0000000000e+09,mean_c_nfw,1.2915496650e-01,6.0200232667e+05,/project/tkcastrosim/HNHuang/project_big_sim/data/bluetilted/kp_1_ms_1.5_25_1024/SOAP_full_000_056/simulation_test/SOAP_uncompressed/HBTplus/halo_properties_0056.hdf5
BT_soft,1.0000000000e+09,mean_c_nfw,1.3530477746e-01,5.2579182566e+05,/project/tkcastrosim/HNHuang/project_big_sim/data/bluetilted/kp_1_ms_1.5_25_1024/SOAP_full_000_056/simulation_test/SOAP_uncompressed/HBTplus/halo_properties_0056.hdf5
BT_soft,1.0000000000e+09,mean_c_nfw,1.4174741629e-01,4.5914542535e+05,/project/tkcastrosim/HNHuang/project_big_sim/data/bluetilted/kp_1_ms_1.5_25_1024/SOAP_full_000_056/simulation_test/SOAP_uncompressed/HBTplus/halo_properties_0056.hdf5
BT_soft,1.0000000000e+09,mean_c_nfw,1.4849682623e-01,4.0087665104e+05,/project/tkcastrosim/HNHuang/project_big_sim/data/bluetilted/kp_1_ms_1.5_25_1024/SOAP_full_000_056/simulation_test/SOAP_uncompressed/HBTplus/halo_properties_0056.hdf5
BT_soft,1.0000000000e+09,mean_c_nfw,1.5556761439e-01,3.4994396025e+05,/project/tkcastrosim/HNHuang/project_big_sim/data/bluetilted/kp_1_ms_1.5_25_1024/SOAP_full_000_056/simulation_test/SOAP_uncompressed/HBTplus/halo_properties_0056.hdf5
BT_soft,1.0000000000e+09,mean_c_nfw,1.6297508346e-01,3.0543340612e+05,/project/tkcastrosim/HNHuang/project_big_sim/data/bluetilted/kp_1_ms_1.5_25_1024/SOAP_full_000_056/simulation_test/SOAP_uncompressed/HBTplus/halo_properties_0056.hdf5
BT_soft,1.0000000000e+09,mean_c_nfw,1.7073526475e-01,2.6654331511e+05,/project/tkcastrosim/HNHuang/project_big_sim/data/bluetilted/kp_1_ms_1.5_25_1024/SOAP_full_000_056/simulation_test/SOAP_uncompressed/HBTplus/halo_properties_0056.hdf5
BT_soft,1.0000000000e+09,mean_c_nfw,1.7886495291e-01,2.3257075444e+05,/project/tkcastrosim/HNHuang/project_big_sim/data/bluetilted/kp_1_ms_1.5_25_1024/SOAP_full_000_056/simulation_test/SOAP_uncompressed/HBTplus/halo_properties_0056.hdf5
BT_soft,1.0000000000e+09,mean_c_nfw,1.8738174229e-01,2.0289958845e+05,/project/tkcastrosim/HNHuang/project_big_sim/data/bluetilted/kp_1_ms_1.5_25_1024/SOAP_full_000_056/simulation_test/SOAP_uncompressed/HBTplus/halo_properties_0056.hdf5
BT_soft,1.0000000000e+09,mean_c_nfw,1.9630406500e-01,1.7698994412e+05,/project/tkcastrosim/HNHuang/project_big_sim/data/bluetilted/kp_1_ms_1.5_25_1024/SOAP_full_000_056/simulation_test/SOAP_uncompressed/HBTplus/halo_properties_0056.hdf5
BT_soft,1.0000000000e+09,mean_c_nfw,2.0565123083e-01,1.5436892522e+05,/project/tkcastrosim/HNHuang/project_big_sim/data/bluetilted/kp_1_ms_1.5_25_1024/SOAP_full_000_056/simulation_test/SOAP_uncompressed/HBTplus/halo_properties_0056.hdf5
BT_soft,1.0000000000e+09,mean_c_nfw,2.1544346900e-01,1.3462243205e+05,/project/tkcastrosim/HNHuang/project_big_sim/data/bluetilted/kp_1_ms_1.5_25_1024/SOAP_full_000_056/simulation_test/SOAP_uncompressed/HBTplus/halo_properties_0056.hdf5
BT_soft,1.0000000000e+09,mean_c_nfw,2.2570197196e-01,1.1738795905e+05,/project/tkcastrosim/HNHuang/project_big_sim/data/bluetilted/kp_1_ms_1.5_25_1024/SOAP_full_000_056/simulation_test/SOAP_uncompressed/HBTplus/halo_properties_0056.hdf5
BT_soft,1.0000000000e+09,mean_c_nfw,2.3644894126e-01,1.0234825711e+05,/project/tkcastrosim/HNHuang/project_big_sim/data/bluetilted/kp_1_ms_1.5_25_1024/SOAP_full_000_056/simulation_test/SOAP_uncompressed/HBTplus/halo_properties_0056.hdf5
BT_soft,1.0000000000e+09,mean_c_nfw,2.4770763560e-01,8.9225759369e+04,/project/tkcastrosim/HNHuang/project_big_sim/data/bluetilted/kp_1_ms_1.5_25_1024/SOAP_full_000_056/simulation_test/SOAP_uncompressed/HBTplus/halo_properties_0056.hdf5
BT_soft,1.0000000000e+09,mean_c_nfw,2.5950242114e-01,7.7777681178e+04,/project/tkcastrosim/HNHuang/project_big_sim/data/bluetilted/kp_1_ms_1.5_25_1024/SOAP_full_000_056/simulation_test/SOAP_uncompressed/HBTplus/halo_properties_0056.hdf5
BT_soft,1.0000000000e+09,mean_c_nfw,2.7185882427e-01,6.7791714641e+04,/project/tkcastrosim/HNHuang/project_big_sim/data/bluetilted/kp_1_ms_1.5_25_1024/SOAP_full_000_056/simulation_test/SOAP_uncompressed/HBTplus/halo_properties_0056.hdf5
BT_soft,1.0000000000e+09,mean_c_nfw,2.8480358684e-01,5.9082247327e+04,/project/tkcastrosim/HNHuang/project_big_sim/data/bluetilted/kp_1_ms_1.5_25_1024/SOAP_full_000_056/simulation_test/SOAP_uncompressed/HBTplus/halo_properties_0056.hdf5
BT_soft,1.0000000000e+09,mean_c_nfw,2.9836472403e-01,5.1487042792e+04,/project/tkcastrosim/HNHuang/project_big_sim/data/bluetilted/kp_1_ms_1.5_25_1024/SOAP_full_000_056/simulation_test/SOAP_uncompressed/HBTplus/halo_properties_0056.hdf5
BT_soft,1.0000000000e+09,mean_c_nfw,3.1257158497e-01,4.4864327700e+04,/project/tkcastrosim/HNHuang/project_big_sim/data/bluetilted/kp_1_ms_1.5_25_1024/SOAP_full_000_056/simulation_test/SOAP_uncompressed/HBTplus/halo_properties_0056.hdf5
BT_soft,1.0000000000e+09,mean_c_nfw,3.2745491629e-01,3.9090236778e+04,/project/tkcastrosim/HNHuang/project_big_sim/data/bluetilted/kp_1_ms_1.5_25_1024/SOAP_full_000_056/simulation_test/SOAP_uncompressed/HBTplus/halo_properties_0056.hdf5
BT_soft,1.0000000000e+09,mean_c_nfw,3.4304692863e-01,3.4056572478e+04,/project/tkcastrosim/HNHuang/project_big_sim/data/bluetilted/kp_1_ms_1.5_25_1024/SOAP_full_000_056/simulation_test/SOAP_uncompressed/HBTplus/halo_properties_0056.hdf5
BT_soft,1.0000000000e+09,mean_c_nfw,3.5938136638e-01,2.9668841310e+04,/project/tkcastrosim/HNHuang/project_big_sim/data/bluetilted/kp_1_ms_1.5_25_1024/SOAP_full_000_056/simulation_test/SOAP_uncompressed/HBTplus/halo_properties_0056.hdf5
BT_soft,1.0000000000e+09,mean_c_nfw,3.7649358068e-01,2.5844533265e+04,/project/tkcastrosim/HNHuang/project_big_sim/data/bluetilted/kp_1_ms_1.5_25_1024/SOAP_full_000_056/simulation_test/SOAP_uncompressed/HBTplus/halo_properties_0056.hdf5
BT_soft,1.0000000000e+09,mean_c_nfw,3.9442060594e-01,2.2511614748e+04,/project/tkcastrosim/HNHuang/project_big_sim/data/bluetilted/kp_1_ms_1.5_25_1024/SOAP_full_000_056/simulation_test/SOAP_uncompressed/HBTplus/halo_properties_0056.hdf5
BT_soft,1.0000000000e+09,mean_c_nfw,4.1320124001e-01,1.9607208926e+04,/project/tkcastrosim/HNHuang/project_big_sim/data/bluetilted/kp_1_ms_1.5_25_1024/SOAP_full_000_056/simulation_test/SOAP_uncompressed/HBTplus/halo_properties_0056.hdf5
BT_soft,1.0000000000e+09,mean_c_nfw,4.3287612811e-01,1.7076440553e+04,/project/tkcastrosim/HNHuang/project_big_sim/data/bluetilted/kp_1_ms_1.5_25_1024/SOAP_full_000_056/simulation_test/SOAP_uncompressed/HBTplus/halo_properties_0056.hdf5
BT_soft,1.0000000000e+09,mean_c_nfw,4.5348785081e-01,1.4871425058e+04,/project/tkcastrosim/HNHuang/project_big_sim/data/bluetilted/kp_1_ms_1.5_25_1024/SOAP_full_000_056/simulation_test/SOAP_uncompressed/HBTplus/halo_properties_0056.hdf5
BT_soft,1.0000000000e+09,mean_c_nfw,4.7508101621e-01,1.2950384113e+04,/project/tkcastrosim/HNHuang/project_big_sim/data/bluetilted/kp_1_ms_1.5_25_1024/SOAP_full_000_056/simulation_test/SOAP_uncompressed/HBTplus/halo_properties_0056.hdf5
BT_soft,1.0000000000e+09,mean_c_nfw,4.9770235643e-01,1.1276872086e+04,/project/tkcastrosim/HNHuang/project_big_sim/data/bluetilted/kp_1_ms_1.5_25_1024/SOAP_full_000_056/simulation_test/SOAP_uncompressed/HBTplus/halo_properties_0056.hdf5
BT_soft,1.0000000000e+09,mean_c_nfw,5.2140082880e-01,9.8190996188e+03,/project/tkcastrosim/HNHuang/project_big_sim/data/bluetilted/kp_1_ms_1.5_25_1024/SOAP_full_000_056/simulation_test/SOAP_uncompressed/HBTplus/halo_properties_0056.hdf5
BT_soft,1.0000000000e+09,mean_c_nfw,5.4622772177e-01,8.5493423041e+03,/project/tkcastrosim/HNHuang/project_big_sim/data/bluetilted/kp_1_ms_1.5_25_1024/SOAP_full_000_056/simulation_test/SOAP_uncompressed/HBTplus/halo_properties_0056.hdf5
BT_soft,1.0000000000e+09,mean_c_nfw,5.7223676594e-01,7.4434238531e+03,/project/tkcastrosim/HNHuang/project_big_sim/data/bluetilted/kp_1_ms_1.5_25_1024/SOAP_full_000_056/simulation_test/SOAP_uncompressed/HBTplus/halo_properties_0056.hdf5
BT_soft,1.0000000000e+09,mean_c_nfw,5.9948425032e-01,6.4802644839e+03,/project/tkcastrosim/HNHuang/project_big_sim/data/bluetilted/kp_1_ms_1.5_25_1024/SOAP_full_000_056/simulation_test/SOAP_uncompressed/HBTplus/halo_properties_0056.hdf5
BT_soft,1.0000000000e+09,mean_c_nfw,6.2802914418e-01,5.6414863769e+03,/project/tkcastrosim/HNHuang/project_big_sim/data/bluetilted/kp_1_ms_1.5_25_1024/SOAP_full_000_056/simulation_test/SOAP_uncompressed/HBTplus/halo_properties_0056.hdf5
BT_soft,1.0000000000e+09,mean_c_nfw,6.5793322466e-01,4.9110690563e+03,/project/tkcastrosim/HNHuang/project_big_sim/data/bluetilted/kp_1_ms_1.5_25_1024/SOAP_full_000_056/simulation_test/SOAP_uncompressed/HBTplus/halo_properties_0056.hdf5
BT_soft,1.0000000000e+09,mean_c_nfw,6.8926121043e-01,4.2750484378e+03,/project/tkcastrosim/HNHuang/project_big_sim/data/bluetilted/kp_1_ms_1.5_25_1024/SOAP_full_000_056/simulation_test/SOAP_uncompressed/HBTplus/halo_properties_0056.hdf5
BT_soft,1.0000000000e+09,mean_c_nfw,7.2208090184e-01,3.7212540591e+03,/project/tkcastrosim/HNHuang/project_big_sim/data/bluetilted/kp_1_ms_1.5_25_1024/SOAP_full_000_056/simulation_test/SOAP_uncompressed/HBTplus/halo_properties_0056.hdf5
BT_soft,1.0000000000e+09,mean_c_nfw,7.5646332755e-01,3.2390796863e+03,/project/tkcastrosim/HNHuang/project_big_sim/data/bluetilted/kp_1_ms_1.5_25_1024/SOAP_full_000_056/simulation_test/SOAP_uncompressed/HBTplus/halo_properties_0056.hdf5
BT_soft,1.0000000000e+09,mean_c_nfw,7.9248289835e-01,2.8192830936e+03,/project/tkcastrosim/HNHuang/project_big_sim/data/bluetilted/kp_1_ms_1.5_25_1024/SOAP_full_000_056/simulation_test/SOAP_uncompressed/HBTplus/halo_properties_0056.hdf5
BT_soft,1.0000000000e+09,mean_c_nfw,8.3021756813e-01,2.4538113316e+03,/project/tkcastrosim/HNHuang/project_big_sim/data/bluetilted/kp_1_ms_1.5_25_1024/SOAP_full_000_056/simulation_test/SOAP_uncompressed/HBTplus/halo_properties_0056.hdf5
BT_soft,1.0000000000e+09,mean_c_nfw,8.6974900262e-01,2.1356482636e+03,/project/tkcastrosim/HNHuang/project_big_sim/data/bluetilted/kp_1_ms_1.5_25_1024/SOAP_full_000_056/simulation_test/SOAP_uncompressed/HBTplus/halo_properties_0056.hdf5
BT_soft,1.0000000000e+09,mean_c_nfw,9.1116275612e-01,1.8586815523e+03,/project/tkcastrosim/HNHuang/project_big_sim/data/bluetilted/kp_1_ms_1.5_25_1024/SOAP_full_000_056/simulation_test/SOAP_uncompressed/HBTplus/halo_properties_0056.hdf5
BT_soft,1.0000000000e+09,mean_c_nfw,9.5454845666e-01,1.6175866299e+03,/project/tkcastrosim/HNHuang/project_big_sim/data/bluetilted/kp_1_ms_1.5_25_1024/SOAP_full_000_056/simulation_test/SOAP_uncompressed/HBTplus/halo_properties_0056.hdf5
BT_soft,1.0000000000e+09,mean_c_nfw,1.0000000000e+00,1.4077254979e+03,/project/tkcastrosim/HNHuang/project_big_sim/data/bluetilted/kp_1_ms_1.5_25_1024/SOAP_full_000_056/simulation_test/SOAP_uncompressed/HBTplus/halo_properties_0056.hdf5
BT_soft,1.0000000000e+09,median_c_nfw,1.0000000000e-02,4.0048003394e+08,/project/tkcastrosim/HNHuang/project_big_sim/data/bluetilted/kp_1_ms_1.5_25_1024/SOAP_full_000_056/simulation_test/SOAP_uncompressed/HBTplus/halo_properties_0056.hdf5
BT_soft,1.0000000000e+09,median_c_nfw,1.2216773490e-02,2.6579038712e+08,/project/tkcastrosim/HNHuang/project_big_sim/data/bluetilted/kp_1_ms_1.5_25_1024/SOAP_full_000_056/simulation_test/SOAP_uncompressed/HBTplus/halo_properties_0056.hdf5
BT_soft,1.0000000000e+09,median_c_nfw,1.4924955451e-02,1.7293727954e+08,/project/tkcastrosim/HNHuang/project_big_sim/data/bluetilted/kp_1_ms_1.5_25_1024/SOAP_full_000_056/simulation_test/SOAP_uncompressed/HBTplus/halo_properties_0056.hdf5
BT_soft,1.0000000000e+09,median_c_nfw,1.8233480009e-02,1.1037648666e+08,/project/tkcastrosim/HNHuang/project_big_sim/data/bluetilted/kp_1_ms_1.5_25_1024/SOAP_full_000_056/simulation_test/SOAP_uncompressed/HBTplus/halo_properties_0056.hdf5
BT_soft,1.0000000000e+09,median_c_nfw,2.2275429520e-02,6.9166817530e+07,/project/tkcastrosim/HNHuang/project_big_sim/data/bluetilted/kp_1_ms_1.5_25_1024/SOAP_full_000_056/simulation_test/SOAP_uncompressed/HBTplus/halo_properties_0056.hdf5
BT_soft,1.0000000000e+09,median_c_nfw,2.7213387684e-02,4.2605516191e+07,/project/tkcastrosim/HNHuang/project_big_sim/data/bluetilted/kp_1_ms_1.5_25_1024/SOAP_full_000_056/simulation_test/SOAP_uncompressed/HBTplus/halo_properties_0056.hdf5
BT_soft,1.0000000000e+09,median_c_nfw,3.3245979323e-02,2.5604641895e+07,/project/tkcastrosim/HNHuang/project_big_sim/data/bluetilted/kp_1_ms_1.5_25_1024/SOAP_full_000_056/simulation_test/SOAP_uncompressed/HBTplus/halo_properties_0056.hdf5
BT_soft,1.0000000000e+09,median_c_nfw,4.0615859884e-02,1.5225137226e+07,/project/tkcastrosim/HNHuang/project_big_sim/data/bluetilted/kp_1_ms_1.5_25_1024/SOAP_full_000_056/simulation_test/SOAP_uncompressed/HBTplus/halo_properties_0056.hdf5
BT_soft,1.0000000000e+09,median_c_nfw,4.9619476030e-02,8.9322643523e+06,/project/tkcastrosim/HNHuang/project_big_sim/data/bluetilted/kp_1_ms_1.5_25_1024/SOAP_full_000_056/simulation_test/SOAP_uncompressed/HBTplus/halo_properties_0056.hdf5
BT_soft,1.0000000000e+09,median_c_nfw,6.0618989935e-02,5.1920436123e+06,/project/tkcastrosim/HNHuang/project_big_sim/data/bluetilted/kp_1_ms_1.5_25_1024/SOAP_full_000_056/simulation_test/SOAP_uncompressed/HBTplus/halo_properties_0056.hdf5
BT_soft,1.0000000000e+09,median_c_nfw,7.4056846923e-02,3.0033735095e+06,/project/tkcastrosim/HNHuang/project_big_sim/data/bluetilted/kp_1_ms_1.5_25_1024/SOAP_full_000_056/simulation_test/SOAP_uncompressed/HBTplus/halo_properties_0056.hdf5
BT_soft,1.0000000000e+09,median_c_nfw,9.0473572423e-02,1.7285577743e+06,/project/tkcastrosim/HNHuang/project_big_sim/data/bluetilted/kp_1_ms_1.5_25_1024/SOAP_full_000_056/simulation_test/SOAP_uncompressed/HBTplus/halo_properties_0056.hdf5
BT_soft,1.0000000000e+09,median_c_nfw,1.1052951411e-01,9.9016051987e+05,/project/tkcastrosim/HNHuang/project_big_sim/data/bluetilted/kp_1_ms_1.5_25_1024/SOAP_full_000_056/simulation_test/SOAP_uncompressed/HBTplus/halo_properties_0056.hdf5
BT_soft,1.0000000000e+09,median_c_nfw,1.3503140379e-01,5.6346345476e+05,/project/tkcastrosim/HNHuang/project_big_sim/data/bluetilted/kp_1_ms_1.5_25_1024/SOAP_full_000_056/simulation_test/SOAP_uncompressed/HBTplus/halo_properties_0056.hdf5
BT_soft,1.0000000000e+09,median_c_nfw,1.6496480741e-01,3.1761406866e+05,/project/tkcastrosim/HNHuang/project_big_sim/data/bluetilted/kp_1_ms_1.5_25_1024/SOAP_full_000_056/simulation_test/SOAP_uncompressed/HBTplus/halo_properties_0056.hdf5
BT_soft,1.0000000000e+09,median_c_nfw,2.0153376859e-01,1.7809122844e+05,/project/tkcastrosim/HNHuang/project_big_sim/data/bluetilted/kp_1_ms_1.5_25_1024/SOAP_full_000_056/simulation_test/SOAP_uncompressed/HBTplus/halo_properties_0056.hdf5
BT_soft,1.0000000000e+09,median_c_nfw,2.4620924015e-01,9.9524174140e+04,/project/tkcastrosim/HNHuang/project_big_sim/data/bluetilted/kp_1_ms_1.5_25_1024/SOAP_full_000_056/simulation_test/SOAP_uncompressed/HBTplus/halo_properties_0056.hdf5
BT_soft,1.0000000000e+09,median_c_nfw,3.0078825180e-01,5.5397084071e+04,/project/tkcastrosim/HNHuang/project_big_sim/data/bluetilted/kp_1_ms_1.5_25_1024/SOAP_full_000_056/simulation_test/SOAP_uncompressed/HBTplus/halo_properties_0056.hdf5
BT_soft,1.0000000000e+09,median_c_nfw,3.6746619407e-01,3.0741723594e+04,/project/tkcastrosim/HNHuang/project_big_sim/data/bluetilted/kp_1_ms_1.5_25_1024/SOAP_full_000_056/simulation_test/SOAP_uncompressed/HBTplus/halo_properties_0056.hdf5
BT_soft,1.0000000000e+09,median_c_nfw,4.4892512582e-01,1.7024118590e+04,/project/tkcastrosim/HNHuang/project_big_sim/data/bluetilted/kp_1_ms_1.5_25_1024/SOAP_full_000_056/simulation_test/SOAP_uncompressed/HBTplus/halo_properties_0056.hdf5
BT_soft,1.0000000000e+09,median_c_nfw,5.4844165761e-01,9.4113752868e+03,/project/tkcastrosim/HNHuang/project_big_sim/data/bluetilted/kp_1_ms_1.5_25_1024/SOAP_full_000_056/simulation_test/SOAP_uncompressed/HBTplus/halo_properties_0056.hdf5
BT_soft,1.0000000000e+09,median_c_nfw,6.7001875035e-01,5.1954642493e+03,/project/tkcastrosim/HNHuang/project_big_sim/data/bluetilted/kp_1_ms_1.5_25_1024/SOAP_full_000_056/simulation_test/SOAP_uncompressed/HBTplus/halo_properties_0056.hdf5
BT_soft,1.0000000000e+09,median_c_nfw,8.1854673071e-01,2.8647523639e+03,/project/tkcastrosim/HNHuang/project_big_sim/data/bluetilted/kp_1_ms_1.5_25_1024/SOAP_full_000_056/simulation_test/SOAP_uncompressed/HBTplus/halo_properties_0056.hdf5
BT_soft,1.0000000000e+09,median_c_nfw,1.0000000000e+00,1.5780882366e+03,/project/tkcastrosim/HNHuang/project_big_sim/data/bluetilted/kp_1_ms_1.5_25_1024/SOAP_full_000_056/simulation_test/SOAP_uncompressed/HBTplus/halo_properties_0056.hdf5
BT_soft,1.0000000000e+10,mean_c_nfw,1.0000000000e-02,3.6412509009e+08,/project/tkcastrosim/HNHuang/project_big_sim/data/bluetilted/kp_1_ms_1.5_25_1024/SOAP_full_000_056/simulation_test/SOAP_uncompressed/HBTplus/halo_properties_0056.hdf5
BT_soft,1.0000000000e+10,mean_c_nfw,1.0476157528e-02,3.3260445041e+08,/project/tkcastrosim/HNHuang/project_big_sim/data/bluetilted/kp_1_ms_1.5_25_1024/SOAP_full_000_056/simulation_test/SOAP_uncompressed/HBTplus/halo_properties_0056.hdf5
BT_soft,1.0000000000e+10,mean_c_nfw,1.0974987655e-02,3.0348449493e+08,/project/tkcastrosim/HNHuang/project_big_sim/data/bluetilted/kp_1_ms_1.5_25_1024/SOAP_full_000_056/simulation_test/SOAP_uncompressed/HBTplus/halo_properties_0056.hdf5
BT_soft,1.0000000000e+10,mean_c_nfw,1.1497569954e-02,2.7661472734e+08,/project/tkcastrosim/HNHuang/project_big_sim/data/bluetilted/kp_1_ms_1.5_25_1024/SOAP_full_000_056/simulation_test/SOAP_uncompressed/HBTplus/halo_properties_0056.hdf5
BT_soft,1.0000000000e+10,mean_c_nfw,1.2045035403e-02,2.5185134501e+08,/project/tkcastrosim/HNHuang/project_big_sim/data/bluetilted/kp_1_ms_1.5_25_1024/SOAP_full_000_056/simulation_test/SOAP_uncompressed/HBTplus/halo_properties_0056.hdf5
BT_soft,1.0000000000e+10,mean_c_nfw,1.2618568831e-02,2.2905711611e+08,/project/tkcastrosim/HNHuang/project_big_sim/data/bluetilted/kp_1_ms_1.5_25_1024/SOAP_full_000_056/simulation_test/SOAP_uncompressed/HBTplus/halo_properties_0056.hdf5
BT_soft,1.0000000000e+10,mean_c_nfw,1.3219411485e-02,2.0810125564e+08,/project/tkcastrosim/HNHuang/project_big_sim/data/bluetilted/kp_1_ms_1.5_25_1024/SOAP_full_000_056/simulation_test/SOAP_uncompressed/HBTplus/halo_properties_0056.hdf5
BT_soft,1.0000000000e+10,mean_c_nfw,1.3848863714e-02,1.8885929909e+08,/project/tkcastrosim/HNHuang/project_big_sim/data/bluetilted/kp_1_ms_1.5_25_1024/SOAP_full_000_056/simulation_test/SOAP_uncompressed/HBTplus/halo_properties_0056.hdf5
BT_soft,1.0000000000e+10,mean_c_nfw,1.4508287785e-02,1.7121297228e+08,/project/tkcastrosim/HNHuang/project_big_sim/data/bluetilted/kp_1_ms_1.5_25_1024/SOAP_full_000_056/simulation_test/SOAP_uncompressed/HBTplus/halo_properties_0056.hdf5
BT_soft,1.0000000000e+10,mean_c_nfw,1.5199110830e-02,1.5505005641e+08,/project/tkcastrosim/HNHuang/project_big_sim/data/bluetilted/kp_1_ms_1.5_25_1024/SOAP_full_000_056/simulation_test/SOAP_uncompressed/HBTplus/halo_properties_0056.hdf5
BT_soft,1.0000000000e+10,mean_c_nfw,1.5922827933e-02,1.4026424760e+08,/project/tkcastrosim/HNHuang/project_big_sim/data/bluetilted/kp_1_ms_1.5_25_1024/SOAP_full_000_056/simulation_test/SOAP_uncompressed/HBTplus/halo_properties_0056.hdf5
BT_soft,1.0000000000e+10,mean_c_nfw,1.6681005372e-02,1.2675501022e+08,/project/tkcastrosim/HNHuang/project_big_sim/data/bluetilted/kp_1_ms_1.5_25_1024/SOAP_full_000_056/simulation_test/SOAP_uncompressed/HBTplus/halo_properties_0056.hdf5
BT_soft,1.0000000000e+10,mean_c_nfw,1.7475284000e-02,1.1442742392e+08,/project/tkcastrosim/HNHuang/project_big_sim/data/bluetilted/kp_1_ms_1.5_25_1024/SOAP_full_000_056/simulation_test/SOAP_uncompressed/HBTplus/halo_properties_0056.hdf5
BT_soft,1.0000000000e+10,mean_c_nfw,1.8307382803e-02,1.0319202399e+08,/project/tkcastrosim/HNHuang/project_big_sim/data/bluetilted/kp_1_ms_1.5_25_1024/SOAP_full_000_056/simulation_test/SOAP_uncompressed/HBTplus/halo_properties_0056.hdf5
BT_soft,1.0000000000e+10,mean_c_nfw,1.9179102617e-02,9.2964635438e+07,/project/tkcastrosim/HNHuang/project_big_sim/data/bluetilted/kp_1_ms_1.5_25_1024/SOAP_full_000_056/simulation_test/SOAP_uncompressed/HBTplus/halo_properties_0056.hdf5
BT_soft,1.0000000000e+10,mean_c_nfw,2.0092330026e-02,8.3666200934e+07,/project/tkcastrosim/HNHuang/project_big_sim/data/bluetilted/kp_1_ms_1.5_25_1024/SOAP_full_000_056/simulation_test/SOAP_uncompressed/HBTplus/halo_properties_0056.hdf5
BT_soft,1.0000000000e+10,mean_c_nfw,2.1049041445e-02,7.5222603117e+07,/project/tkcastrosim/HNHuang/project_big_sim/data/bluetilted/kp_1_ms_1.5_25_1024/SOAP_full_000_056/simulation_test/SOAP_uncompressed/HBTplus/halo_properties_0056.hdf5
BT_soft,1.0000000000e+10,mean_c_nfw,2.2051307399e-02,6.7564481957e+07,/project/tkcastrosim/HNHuang/project_big_sim/data/bluetilted/kp_1_ms_1.5_25_1024/SOAP_full_000_056/simulation_test/SOAP_uncompressed/HBTplus/halo_properties_0056.hdf5
BT_soft,1.0000000000e+10,mean_c_nfw,2.3101297001e-02,6.0627047843e+07,/project/tkcastrosim/HNHuang/project_big_sim/data/bluetilted/kp_1_ms_1.5_25_1024/SOAP_full_000_056/simulation_test/SOAP_uncompressed/HBTplus/halo_properties_0056.hdf5
BT_soft,1.0000000000e+10,mean_c_nfw,2.4201282648e-02,5.4349891275e+07,/project/tkcastrosim/HNHuang/project_big_sim/data/bluetilted/kp_1_ms_1.5_25_1024/SOAP_full_000_056/simulation_test/SOAP_uncompressed/HBTplus/halo_properties_0056.hdf5
BT_soft,1.0000000000e+10,mean_c_nfw,2.5353644940e-02,4.8676790048e+07,/project/tkcastrosim/HNHuang/project_big_sim/data/bluetilted/kp_1_ms_1.5_25_1024/SOAP_full_000_056/simulation_test/SOAP_uncompressed/HBTplus/halo_properties_0056.hdf5
BT_soft,1.0000000000e+10,mean_c_nfw,2.6560877829e-02,4.3555514890e+07,/project/tkcastrosim/HNHuang/project_big_sim/data/bluetilted/kp_1_ms_1.5_25_1024/SOAP_full_000_056/simulation_test/SOAP_uncompressed/HBTplus/halo_properties_0056.hdf5
BT_soft,1.0000000000e+10,mean_c_nfw,2.7825594022e-02,3.8937634526e+07,/project/tkcastrosim/HNHuang/project_big_sim/data/bluetilted/kp_1_ms_1.5_25_1024/SOAP_full_000_056/simulation_test/SOAP_uncompressed/HBTplus/halo_properties_0056.hdf5
BT_soft,1.0000000000e+10,mean_c_nfw,2.9150530628e-02,3.4778321127e+07,/project/tkcastrosim/HNHuang/project_big_sim/data/bluetilted/kp_1_ms_1.5_25_1024/SOAP_full_000_056/simulation_test/SOAP_uncompressed/HBTplus/halo_properties_0056.hdf5
BT_soft,1.0000000000e+10,mean_c_nfw,3.0538555088e-02,3.1036157116e+07,/project/tkcastrosim/HNHuang/project_big_sim/data/bluetilted/kp_1_ms_1.5_25_1024/SOAP_full_000_056/simulation_test/SOAP_uncompressed/HBTplus/halo_properties_0056.hdf5
BT_soft,1.0000000000e+10,mean_c_nfw,3.1992671378e-02,2.7672944226e+07,/project/tkcastrosim/HNHuang/project_big_sim/data/bluetilted/kp_1_ms_1.5_25_1024/SOAP_full_000_056/simulation_test/SOAP_uncompressed/HBTplus/halo_properties_0056.hdf5
BT_soft,1.0000000000e+10,mean_c_nfw,3.3516026509e-02,2.4653515674e+07,/project/tkcastrosim/HNHuang/project_big_sim/data/bluetilted/kp_1_ms_1.5_25_1024/SOAP_full_000_056/simulation_test/SOAP_uncompressed/HBTplus/halo_properties_0056.hdf5
BT_soft,1.0000000000e+10,mean_c_nfw,3.5111917342e-02,2.1945552250e+07,/project/tkcastrosim/HNHuang/project_big_sim/data/bluetilted/kp_1_ms_1.5_25_1024/SOAP_full_000_056/simulation_test/SOAP_uncompressed/HBTplus/halo_properties_0056.hdf5
BT_soft,1.0000000000e+10,mean_c_nfw,3.6783797718e-02,1.9519403039e+07,/project/tkcastrosim/HNHuang/project_big_sim/data/bluetilted/kp_1_ms_1.5_25_1024/SOAP_full_000_056/simulation_test/SOAP_uncompressed/HBTplus/halo_properties_0056.hdf5
BT_soft,1.0000000000e+10,mean_c_nfw,3.8535285937e-02,1.7347911410e+07,/project/tkcastrosim/HNHuang/project_big_sim/data/bluetilted/kp_1_ms_1.5_25_1024/SOAP_full_000_056/simulation_test/SOAP_uncompressed/HBTplus/halo_properties_0056.hdf5
BT_soft,1.0000000000e+10,mean_c_nfw,4.0370172586e-02,1.5406246831e+07,/project/tkcastrosim/HNHuang/project_big_sim/data/bluetilted/kp_1_ms_1.5_25_1024/SOAP_full_000_056/simulation_test/SOAP_uncompressed/HBTplus/halo_properties_0056.hdf5
BT_soft,1.0000000000e+10,mean_c_nfw,4.2292428744e-02,1.3671742974e+07,/project/tkcastrosim/HNHuang/project_big_sim/data/bluetilted/kp_1_ms_1.5_25_1024/SOAP_full_000_056/simulation_test/SOAP_uncompressed/HBTplus/halo_properties_0056.hdf5
BT_soft,1.0000000000e+10,mean_c_nfw,4.4306214576e-02,1.2123742482e+07,/project/tkcastrosim/HNHuang/project_big_sim/data/bluetilted/kp_1_ms_1.5_25_1024/SOAP_full_000_056/simulation_test/SOAP_uncompressed/HBTplus/halo_properties_0056.hdf5
BT_soft,1.0000000000e+10,mean_c_nfw,4.6415888336e-02,1.0743448701e+07,/project/tkcastrosim/HNHuang/project_big_sim/data/bluetilted/kp_1_ms_1.5_25_1024/SOAP_full_000_056/simulation_test/SOAP_uncompressed/HBTplus/halo_properties_0056.hdf5
BT_soft,1.0000000000e+10,mean_c_nfw,4.8626015801e-02,9.5137845676e+06,/project/tkcastrosim/HNHuang/project_big_sim/data/bluetilted/kp_1_ms_1.5_25_1024/SOAP_full_000_056/simulation_test/SOAP_uncompressed/HBTplus/halo_properties_0056.hdf5
BT_soft,1.0000000000e+10,mean_c_nfw,5.0941380148e-02,8.4192588029e+06,/project/tkcastrosim/HNHuang/project_big_sim/data/bluetilted/kp_1_ms_1.5_25_1024/SOAP_full_000_056/simulation_test/SOAP_uncompressed/HBTplus/halo_properties_0056.hdf5
BT_soft,1.0000000000e+10,mean_c_nfw,5.3366992312e-02,7.4458394531e+06,/project/tkcastrosim/HNHuang/project_big_sim/data/bluetilted/kp_1_ms_1.5_25_1024/SOAP_full_000_056/simulation_test/SOAP_uncompressed/HBTplus/halo_properties_0056.hdf5
BT_soft,1.0000000000e+10,mean_c_nfw,5.5908101825e-02,6.5808347783e+06,/project/tkcastrosim/HNHuang/project_big_sim/data/bluetilted/kp_1_ms_1.5_25_1024/SOAP_full_000_056/simulation_test/SOAP_uncompressed/HBTplus/halo_properties_0056.hdf5
BT_soft,1.0000000000e+10,mean_c_nfw,5.8570208181e-02,5.8127814162e+06,/project/tkcastrosim/HNHuang/project_big_sim/data/bluetilted/kp_1_ms_1.5_25_1024/SOAP_full_000_056/simulation_test/SOAP_uncompressed/HBTplus/halo_properties_0056.hdf5
BT_soft,1.0000000000e+10,mean_c_nfw,6.1359072734e-02,5.1313397006e+06,/project/tkcastrosim/HNHuang/project_big_sim/data/bluetilted/kp_1_ms_1.5_25_1024/SOAP_full_000_056/simulation_test/SOAP_uncompressed/HBTplus/halo_properties_0056.hdf5
BT_soft,1.0000000000e+10,mean_c_nfw,6.4280731173e-02,4.5271959673e+06,/project/tkcastrosim/HNHuang/project_big_sim/data/bluetilted/kp_1_ms_1.5_25_1024/SOAP_full_000_056/simulation_test/SOAP_uncompressed/HBTplus/halo_properties_0056.hdf5
BT_soft,1.0000000000e+10,mean_c_nfw,6.7341506578e-02,3.9919716418e+06,/project/tkcastrosim/HNHuang/project_big_sim/data/bluetilted/kp_1_ms_1.5_25_1024/SOAP_full_000_056/simulation_test/SOAP_uncompressed/HBTplus/halo_properties_0056.hdf5
BT_soft,1.0000000000e+10,mean_c_nfw,7.0548023107e-02,3.5181388700e+06,/project/tkcastrosim/HNHuang/project_big_sim/data/bluetilted/kp_1_ms_1.5_25_1024/SOAP_full_000_056/simulation_test/SOAP_uncompressed/HBTplus/halo_properties_0056.hdf5
BT_soft,1.0000000000e+10,mean_c_nfw,7.3907220335e-02,3.0989424302e+06,/project/tkcastrosim/HNHuang/project_big_sim/data/bluetilted/kp_1_ms_1.5_25_1024/SOAP_full_000_056/simulation_test/SOAP_uncompressed/HBTplus/halo_properties_0056.hdf5
BT_soft,1.0000000000e+10,mean_c_nfw,7.7426368268e-02,2.7283276418e+06,/project/tkcastrosim/HNHuang/project_big_sim/data/bluetilted/kp_1_ms_1.5_25_1024/SOAP_full_000_056/simulation_test/SOAP_uncompressed/HBTplus/halo_properties_0056.hdf5
BT_soft,1.0000000000e+10,mean_c_nfw,8.1113083079e-02,2.4008739742e+06,/project/tkcastrosim/HNHuang/project_big_sim/data/bluetilted/kp_1_ms_1.5_25_1024/SOAP_full_000_056/simulation_test/SOAP_uncompressed/HBTplus/halo_properties_0056.hdf5
BT_soft,1.0000000000e+10,mean_c_nfw,8.4975343591e-02,2.1117340497e+06,/project/tkcastrosim/HNHuang/project_big_sim/data/bluetilted/kp_1_ms_1.5_25_1024/SOAP_full_000_056/simulation_test/SOAP_uncompressed/HBTplus/halo_properties_0056.hdf5
BT_soft,1.0000000000e+10,mean_c_nfw,8.9021508545e-02,1.8565777301e+06,/project/tkcastrosim/HNHuang/project_big_sim/data/bluetilted/kp_1_ms_1.5_25_1024/SOAP_full_000_056/simulation_test/SOAP_uncompressed/HBTplus/halo_properties_0056.hdf5
BT_soft,1.0000000000e+10,mean_c_nfw,9.3260334688e-02,1.6315409745e+06,/project/tkcastrosim/HNHuang/project_big_sim/data/bluetilted/kp_1_ms_1.5_25_1024/SOAP_full_000_056/simulation_test/SOAP_uncompressed/HBTplus/halo_properties_0056.hdf5
BT_soft,1.0000000000e+10,mean_c_nfw,9.7700995730e-02,1.4331791601e+06,/project/tkcastrosim/HNHuang/project_big_sim/data/bluetilted/kp_1_ms_1.5_25_1024/SOAP_full_000_056/simulation_test/SOAP_uncompressed/HBTplus/halo_properties_0056.hdf5
BT_soft,1.0000000000e+10,mean_c_nfw,1.0235310219e-01,1.2584245632e+06,/project/tkcastrosim/HNHuang/project_big_sim/data/bluetilted/kp_1_ms_1.5_25_1024/SOAP_full_000_056/simulation_test/SOAP_uncompressed/HBTplus/halo_properties_0056.hdf5
BT_soft,1.0000000000e+10,mean_c_nfw,1.0722672220e-01,1.1045477034e+06,/project/tkcastrosim/HNHuang/project_big_sim/data/bluetilted/kp_1_ms_1.5_25_1024/SOAP_full_000_056/simulation_test/SOAP_uncompressed/HBTplus/halo_properties_0056.hdf5
BT_soft,1.0000000000e+10,mean_c_nfw,1.1233240330e-01,9.6912226716e+05,/project/tkcastrosim/HNHuang/project_big_sim/data/bluetilted/kp_1_ms_1.5_25_1024/SOAP_full_000_056/simulation_test/SOAP_uncompressed/HBTplus/halo_properties_0056.hdf5
BT_soft,1.0000000000e+10,mean_c_nfw,1.1768119524e-01,8.4999333522e+05,/project/tkcastrosim/HNHuang/project_big_sim/data/bluetilted/kp_1_ms_1.5_25_1024/SOAP_full_000_056/simulation_test/SOAP_uncompressed/HBTplus/halo_properties_0056.hdf5
BT_soft,1.0000000000e+10,mean_c_nfw,1.2328467394e-01,7.4524865326e+05,/project/tkcastrosim/HNHuang/project_big_sim/data/bluetilted/kp_1_ms_1.5_25_1024/SOAP_full_000_056/simulation_test/SOAP_uncompressed/HBTplus/halo_properties_0056.hdf5
BT_soft,1.0000000000e+10,mean_c_nfw,1.2915496650e-01,6.5319269625e+05,/project/tkcastrosim/HNHuang/project_big_sim/data/bluetilted/kp_1_ms_1.5_25_1024/SOAP_full_000_056/simulation_test/SOAP_uncompressed/HBTplus/halo_properties_0056.hdf5
BT_soft,1.0000000000e+10,mean_c_nfw,1.3530477746e-01,5.7232329280e+05,/project/tkcastrosim/HNHuang/project_big_sim/data/bluetilted/kp_1_ms_1.5_25_1024/SOAP_full_000_056/simulation_test/SOAP_uncompressed/HBTplus/halo_properties_0056.hdf5
BT_soft,1.0000000000e+10,mean_c_nfw,1.4174741629e-01,5.0131058845e+05,/project/tkcastrosim/HNHuang/project_big_sim/data/bluetilted/kp_1_ms_1.5_25_1024/SOAP_full_000_056/simulation_test/SOAP_uncompressed/HBTplus/halo_properties_0056.hdf5
BT_soft,1.0000000000e+10,mean_c_nfw,1.4849682623e-01,4.3897814183e+05,/project/tkcastrosim/HNHuang/project_big_sim/data/bluetilted/kp_1_ms_1.5_25_1024/SOAP_full_000_056/simulation_test/SOAP_uncompressed/HBTplus/halo_properties_0056.hdf5
BT_soft,1.0000000000e+10,mean_c_nfw,1.5556761439e-01,3.8428596106e+05,/project/tkcastrosim/HNHuang/project_big_sim/data/bluetilted/kp_1_ms_1.5_25_1024/SOAP_full_000_056/simulation_test/SOAP_uncompressed/HBTplus/halo_properties_0056.hdf5
BT_soft,1.0000000000e+10,mean_c_nfw,1.6297508346e-01,3.3631530185e+05,/project/tkcastrosim/HNHuang/project_big_sim/data/bluetilted/kp_1_ms_1.5_25_1024/SOAP_full_000_056/simulation_test/SOAP_uncompressed/HBTplus/halo_properties_0056.hdf5
BT_soft,1.0000000000e+10,mean_c_nfw,1.7073526475e-01,2.9425506199e+05,/project/tkcastrosim/HNHuang/project_big_sim/data/bluetilted/kp_1_ms_1.5_25_1024/SOAP_full_000_056/simulation_test/SOAP_uncompressed/HBTplus/halo_properties_0056.hdf5
BT_soft,1.0000000000e+10,mean_c_nfw,1.7886495291e-01,2.5738961939e+05,/project/tkcastrosim/HNHuang/project_big_sim/data/bluetilted/kp_1_ms_1.5_25_1024/SOAP_full_000_056/simulation_test/SOAP_uncompressed/HBTplus/halo_properties_0056.hdf5
BT_soft,1.0000000000e+10,mean_c_nfw,1.8738174229e-01,2.2508797374e+05,/project/tkcastrosim/HNHuang/project_big_sim/data/bluetilted/kp_1_ms_1.5_25_1024/SOAP_full_000_056/simulation_test/SOAP_uncompressed/HBTplus/halo_properties_0056.hdf5
BT_soft,1.0000000000e+10,mean_c_nfw,1.9630406500e-01,1.9679406283e+05,/project/tkcastrosim/HNHuang/project_big_sim/data/bluetilted/kp_1_ms_1.5_25_1024/SOAP_full_000_056/simulation_test/SOAP_uncompressed/HBTplus/halo_properties_0056.hdf5
BT_soft,1.0000000000e+10,mean_c_nfw,2.0565123083e-01,1.7201813598e+05,/project/tkcastrosim/HNHuang/project_big_sim/data/bluetilted/kp_1_ms_1.5_25_1024/SOAP_full_000_056/simulation_test/SOAP_uncompressed/HBTplus/halo_properties_0056.hdf5
BT_soft,1.0000000000e+10,mean_c_nfw,2.1544346900e-01,1.5032907718e+05,/project/tkcastrosim/HNHuang/project_big_sim/data/bluetilted/kp_1_ms_1.5_25_1024/SOAP_full_000_056/simulation_test/SOAP_uncompressed/HBTplus/halo_properties_0056.hdf5
BT_soft,1.0000000000e+10,mean_c_nfw,2.2570197196e-01,1.3134758021e+05,/project/tkcastrosim/HNHuang/project_big_sim/data/bluetilted/kp_1_ms_1.5_25_1024/SOAP_full_000_056/simulation_test/SOAP_uncompressed/HBTplus/halo_properties_0056.hdf5
BT_soft,1.0000000000e+10,mean_c_nfw,2.3644894126e-01,1.1474008702e+05,/project/tkcastrosim/HNHuang/project_big_sim/data/bluetilted/kp_1_ms_1.5_25_1024/SOAP_full_000_056/simulation_test/SOAP_uncompressed/HBTplus/halo_properties_0056.hdf5
BT_soft,1.0000000000e+10,mean_c_nfw,2.4770763560e-01,1.0021340896e+05,/project/tkcastrosim/HNHuang/project_big_sim/data/bluetilted/kp_1_ms_1.5_25_1024/SOAP_full_000_056/simulation_test/SOAP_uncompressed/HBTplus/halo_properties_0056.hdf5
BT_soft,1.0000000000e+10,mean_c_nfw,2.5950242114e-01,8.7509958060e+04,/project/tkcastrosim/HNHuang/project_big_sim/data/bluetilted/kp_1_ms_1.5_25_1024/SOAP_full_000_056/simulation_test/SOAP_uncompressed/HBTplus/halo_properties_0056.hdf5
BT_soft,1.0000000000e+10,mean_c_nfw,2.7185882427e-01,7.6403522866e+04,/project/tkcastrosim/HNHuang/project_big_sim/data/bluetilted/kp_1_ms_1.5_25_1024/SOAP_full_000_056/simulation_test/SOAP_uncompressed/HBTplus/halo_properties_0056.hdf5
BT_soft,1.0000000000e+10,mean_c_nfw,2.8480358684e-01,6.6695529510e+04,/project/tkcastrosim/HNHuang/project_big_sim/data/bluetilted/kp_1_ms_1.5_25_1024/SOAP_full_000_056/simulation_test/SOAP_uncompressed/HBTplus/halo_properties_0056.hdf5
BT_soft,1.0000000000e+10,mean_c_nfw,2.9836472403e-01,5.8211734930e+04,/project/tkcastrosim/HNHuang/project_big_sim/data/bluetilted/kp_1_ms_1.5_25_1024/SOAP_full_000_056/simulation_test/SOAP_uncompressed/HBTplus/halo_properties_0056.hdf5
BT_soft,1.0000000000e+10,mean_c_nfw,3.1257158497e-01,5.0799304421e+04,/project/tkcastrosim/HNHuang/project_big_sim/data/bluetilted/kp_1_ms_1.5_25_1024/SOAP_full_000_056/simulation_test/SOAP_uncompressed/HBTplus/halo_properties_0056.hdf5
BT_soft,1.0000000000e+10,mean_c_nfw,3.2745491629e-01,4.4324230662e+04,/project/tkcastrosim/HNHuang/project_big_sim/data/bluetilted/kp_1_ms_1.5_25_1024/SOAP_full_000_056/simulation_test/SOAP_uncompressed/HBTplus/halo_properties_0056.hdf5
BT_soft,1.0000000000e+10,mean_c_nfw,3.4304692863e-01,3.8669055875e+04,/project/tkcastrosim/HNHuang/project_big_sim/data/bluetilted/kp_1_ms_1.5_25_1024/SOAP_full_000_056/simulation_test/SOAP_uncompressed/HBTplus/halo_properties_0056.hdf5
BT_soft,1.0000000000e+10,mean_c_nfw,3.5938136638e-01,3.3730862813e+04,/project/tkcastrosim/HNHuang/project_big_sim/data/bluetilted/kp_1_ms_1.5_25_1024/SOAP_full_000_056/simulation_test/SOAP_uncompressed/HBTplus/halo_properties_0056.hdf5
BT_soft,1.0000000000e+10,mean_c_nfw,3.7649358068e-01,2.9419503946e+04,/project/tkcastrosim/HNHuang/project_big_sim/data/bluetilted/kp_1_ms_1.5_25_1024/SOAP_full_000_056/simulation_test/SOAP_uncompressed/HBTplus/halo_properties_0056.hdf5
BT_soft,1.0000000000e+10,mean_c_nfw,3.9442060594e-01,2.5656041515e+04,/project/tkcastrosim/HNHuang/project_big_sim/data/bluetilted/kp_1_ms_1.5_25_1024/SOAP_full_000_056/simulation_test/SOAP_uncompressed/HBTplus/halo_properties_0056.hdf5
BT_soft,1.0000000000e+10,mean_c_nfw,4.1320124001e-01,2.2371374153e+04,/project/tkcastrosim/HNHuang/project_big_sim/data/bluetilted/kp_1_ms_1.5_25_1024/SOAP_full_000_056/simulation_test/SOAP_uncompressed/HBTplus/halo_properties_0056.hdf5
BT_soft,1.0000000000e+10,mean_c_nfw,4.3287612811e-01,1.9505028380e+04,/project/tkcastrosim/HNHuang/project_big_sim/data/bluetilted/kp_1_ms_1.5_25_1024/SOAP_full_000_056/simulation_test/SOAP_uncompressed/HBTplus/halo_properties_0056.hdf5
BT_soft,1.0000000000e+10,mean_c_nfw,4.5348785081e-01,1.7004095755e+04,/project/tkcastrosim/HNHuang/project_big_sim/data/bluetilted/kp_1_ms_1.5_25_1024/SOAP_full_000_056/simulation_test/SOAP_uncompressed/HBTplus/halo_properties_0056.hdf5
BT_soft,1.0000000000e+10,mean_c_nfw,4.7508101621e-01,1.4822298585e+04,/project/tkcastrosim/HNHuang/project_big_sim/data/bluetilted/kp_1_ms_1.5_25_1024/SOAP_full_000_056/simulation_test/SOAP_uncompressed/HBTplus/halo_properties_0056.hdf5
BT_soft,1.0000000000e+10,mean_c_nfw,4.9770235643e-01,1.2919169025e+04,/project/tkcastrosim/HNHuang/project_big_sim/data/bluetilted/kp_1_ms_1.5_25_1024/SOAP_full_000_056/simulation_test/SOAP_uncompressed/HBTplus/halo_properties_0056.hdf5
BT_soft,1.0000000000e+10,mean_c_nfw,5.2140082880e-01,1.1259328146e+04,/project/tkcastrosim/HNHuang/project_big_sim/data/bluetilted/kp_1_ms_1.5_25_1024/SOAP_full_000_056/simulation_test/SOAP_uncompressed/HBTplus/halo_properties_0056.hdf5
BT_soft,1.0000000000e+10,mean_c_nfw,5.4622772177e-01,9.8118530584e+03,/project/tkcastrosim/HNHuang/project_big_sim/data/bluetilted/kp_1_ms_1.5_25_1024/SOAP_full_000_056/simulation_test/SOAP_uncompressed/HBTplus/halo_properties_0056.hdf5
BT_soft,1.0000000000e+10,mean_c_nfw,5.7223676594e-01,8.5497215816e+03,/project/tkcastrosim/HNHuang/project_big_sim/data/bluetilted/kp_1_ms_1.5_25_1024/SOAP_full_000_056/simulation_test/SOAP_uncompressed/HBTplus/halo_properties_0056.hdf5
BT_soft,1.0000000000e+10,mean_c_nfw,5.9948425032e-01,7.4493251317e+03,/project/tkcastrosim/HNHuang/project_big_sim/data/bluetilted/kp_1_ms_1.5_25_1024/SOAP_full_000_056/simulation_test/SOAP_uncompressed/HBTplus/halo_properties_0056.hdf5
BT_soft,1.0000000000e+10,mean_c_nfw,6.2802914418e-01,6.4900416268e+03,/project/tkcastrosim/HNHuang/project_big_sim/data/bluetilted/kp_1_ms_1.5_25_1024/SOAP_full_000_056/simulation_test/SOAP_uncompressed/HBTplus/halo_properties_0056.hdf5
BT_soft,1.0000000000e+10,mean_c_nfw,6.5793322466e-01,5.6538611398e+03,/project/tkcastrosim/HNHuang/project_big_sim/data/bluetilted/kp_1_ms_1.5_25_1024/SOAP_full_000_056/simulation_test/SOAP_uncompressed/HBTplus/halo_properties_0056.hdf5
BT_soft,1.0000000000e+10,mean_c_nfw,6.8926121043e-01,4.9250579026e+03,/project/tkcastrosim/HNHuang/project_big_sim/data/bluetilted/kp_1_ms_1.5_25_1024/SOAP_full_000_056/simulation_test/SOAP_uncompressed/HBTplus/halo_properties_0056.hdf5
BT_soft,1.0000000000e+10,mean_c_nfw,7.2208090184e-01,4.2899030154e+03,/project/tkcastrosim/HNHuang/project_big_sim/data/bluetilted/kp_1_ms_1.5_25_1024/SOAP_full_000_056/simulation_test/SOAP_uncompressed/HBTplus/halo_properties_0056.hdf5
BT_soft,1.0000000000e+10,mean_c_nfw,7.5646332755e-01,3.7364128899e+03,/project/tkcastrosim/HNHuang/project_big_sim/data/bluetilted/kp_1_ms_1.5_25_1024/SOAP_full_000_056/simulation_test/SOAP_uncompressed/HBTplus/halo_properties_0056.hdf5
BT_soft,1.0000000000e+10,mean_c_nfw,7.9248289835e-01,3.2541290481e+03,/project/tkcastrosim/HNHuang/project_big_sim/data/bluetilted/kp_1_ms_1.5_25_1024/SOAP_full_000_056/simulation_test/SOAP_uncompressed/HBTplus/halo_properties_0056.hdf5
BT_soft,1.0000000000e+10,mean_c_nfw,8.3021756813e-01,2.8339254237e+03,/project/tkcastrosim/HNHuang/project_big_sim/data/bluetilted/kp_1_ms_1.5_25_1024/SOAP_full_000_056/simulation_test/SOAP_uncompressed/HBTplus/halo_properties_0056.hdf5
BT_soft,1.0000000000e+10,mean_c_nfw,8.6974900262e-01,2.4678397785e+03,/project/tkcastrosim/HNHuang/project_big_sim/data/bluetilted/kp_1_ms_1.5_25_1024/SOAP_full_000_056/simulation_test/SOAP_uncompressed/HBTplus/halo_properties_0056.hdf5
BT_soft,1.0000000000e+10,mean_c_nfw,9.1116275612e-01,2.1489262534e+03,/project/tkcastrosim/HNHuang/project_big_sim/data/bluetilted/kp_1_ms_1.5_25_1024/SOAP_full_000_056/simulation_test/SOAP_uncompressed/HBTplus/halo_properties_0056.hdf5
BT_soft,1.0000000000e+10,mean_c_nfw,9.5454845666e-01,1.8711264382e+03,/project/tkcastrosim/HNHuang/project_big_sim/data/bluetilted/kp_1_ms_1.5_25_1024/SOAP_full_000_056/simulation_test/SOAP_uncompressed/HBTplus/halo_properties_0056.hdf5
BT_soft,1.0000000000e+10,mean_c_nfw,1.0000000000e+00,1.6291566605e+03,/project/tkcastrosim/HNHuang/project_big_sim/data/bluetilted/kp_1_ms_1.5_25_1024/SOAP_full_000_056/simulation_test/SOAP_uncompressed/HBTplus/halo_properties_0056.hdf5
BT_soft,1.0000000000e+10,median_c_nfw,1.0000000000e-02,2.7749167047e+08,/project/tkcastrosim/HNHuang/project_big_sim/data/bluetilted/kp_1_ms_1.5_25_1024/SOAP_full_000_056/simulation_test/SOAP_uncompressed/HBTplus/halo_properties_0056.hdf5
BT_soft,1.0000000000e+10,median_c_nfw,1.2216773490e-02,1.9246633323e+08,/project/tkcastrosim/HNHuang/project_big_sim/data/bluetilted/kp_1_ms_1.5_25_1024/SOAP_full_000_056/simulation_test/SOAP_uncompressed/HBTplus/halo_properties_0056.hdf5
BT_soft,1.0000000000e+10,median_c_nfw,1.4924955451e-02,1.3088848360e+08,/project/tkcastrosim/HNHuang/project_big_sim/data/bluetilted/kp_1_ms_1.5_25_1024/SOAP_full_000_056/simulation_test/SOAP_uncompressed/HBTplus/halo_properties_0056.hdf5
BT_soft,1.0000000000e+10,median_c_nfw,1.8233480009e-02,8.7249377313e+07,/project/tkcastrosim/HNHuang/project_big_sim/data/bluetilted/kp_1_ms_1.5_25_1024/SOAP_full_000_056/simulation_test/SOAP_uncompressed/HBTplus/halo_properties_0056.hdf5
BT_soft,1.0000000000e+10,median_c_nfw,2.2275429520e-02,5.7014019324e+07,/project/tkcastrosim/HNHuang/project_big_sim/data/bluetilted/kp_1_ms_1.5_25_1024/SOAP_full_000_056/simulation_test/SOAP_uncompressed/HBTplus/halo_properties_0056.hdf5
BT_soft,1.0000000000e+10,median_c_nfw,2.7213387684e-02,3.6540285088e+07,/project/tkcastrosim/HNHuang/project_big_sim/data/bluetilted/kp_1_ms_1.5_25_1024/SOAP_full_000_056/simulation_test/SOAP_uncompressed/HBTplus/halo_properties_0056.hdf5
BT_soft,1.0000000000e+10,median_c_nfw,3.3245979323e-02,2.2987819717e+07,/project/tkcastrosim/HNHuang/project_big_sim/data/bluetilted/kp_1_ms_1.5_25_1024/SOAP_full_000_056/simulation_test/SOAP_uncompressed/HBTplus/halo_properties_0056.hdf5
BT_soft,1.0000000000e+10,median_c_nfw,4.0615859884e-02,1.4164922052e+07,/project/tkcastrosim/HNHuang/project_big_sim/data/bluetilted/kp_1_ms_1.5_25_1024/SOAP_full_000_056/simulation_test/SOAP_uncompressed/HBTplus/halo_properties_0056.hdf5
BT_soft,1.0000000000e+10,median_c_nfw,4.9619476030e-02,8.6014799361e+06,/project/tkcastrosim/HNHuang/project_big_sim/data/bluetilted/kp_1_ms_1.5_25_1024/SOAP_full_000_056/simulation_test/SOAP_uncompressed/HBTplus/halo_properties_0056.hdf5
BT_soft,1.0000000000e+10,median_c_nfw,6.0618989935e-02,5.1388508448e+06,/project/tkcastrosim/HNHuang/project_big_sim/data/bluetilted/kp_1_ms_1.5_25_1024/SOAP_full_000_056/simulation_test/SOAP_uncompressed/HBTplus/halo_properties_0056.hdf5
BT_soft,1.0000000000e+10,median_c_nfw,7.4056846923e-02,3.0198073631e+06,/project/tkcastrosim/HNHuang/project_big_sim/data/bluetilted/kp_1_ms_1.5_25_1024/SOAP_full_000_056/simulation_test/SOAP_uncompressed/HBTplus/halo_properties_0056.hdf5
BT_soft,1.0000000000e+10,median_c_nfw,9.0473572423e-02,1.7639830727e+06,/project/tkcastrosim/HNHuang/project_big_sim/data/bluetilted/kp_1_ms_1.5_25_1024/SOAP_full_000_056/simulation_test/SOAP_uncompressed/HBTplus/halo_properties_0056.hdf5
BT_soft,1.0000000000e+10,median_c_nfw,1.1052951411e-01,1.0256118711e+06,/project/tkcastrosim/HNHuang/project_big_sim/data/bluetilted/kp_1_ms_1.5_25_1024/SOAP_full_000_056/simulation_test/SOAP_uncompressed/HBTplus/halo_properties_0056.hdf5
BT_soft,1.0000000000e+10,median_c_nfw,1.3503140379e-01,5.9251452006e+05,/project/tkcastrosim/HNHuang/project_big_sim/data/bluetilted/kp_1_ms_1.5_25_1024/SOAP_full_000_056/simulation_test/SOAP_uncompressed/HBTplus/halo_properties_0056.hdf5
BT_soft,1.0000000000e+10,median_c_nfw,1.6496480741e-01,3.3873026035e+05,/project/tkcastrosim/HNHuang/project_big_sim/data/bluetilted/kp_1_ms_1.5_25_1024/SOAP_full_000_056/simulation_test/SOAP_uncompressed/HBTplus/halo_properties_0056.hdf5
BT_soft,1.0000000000e+10,median_c_nfw,2.0153376859e-01,1.9220492482e+05,/project/tkcastrosim/HNHuang/project_big_sim/data/bluetilted/kp_1_ms_1.5_25_1024/SOAP_full_000_056/simulation_test/SOAP_uncompressed/HBTplus/halo_properties_0056.hdf5
BT_soft,1.0000000000e+10,median_c_nfw,2.4620924015e-01,1.0830672297e+05,/project/tkcastrosim/HNHuang/project_big_sim/data/bluetilted/kp_1_ms_1.5_25_1024/SOAP_full_000_056/simulation_test/SOAP_uncompressed/HBTplus/halo_properties_0056.hdf5
BT_soft,1.0000000000e+10,median_c_nfw,3.0078825180e-01,6.0712622313e+04,/project/tkcastrosim/HNHuang/project_big_sim/data/bluetilted/kp_1_ms_1.5_25_1024/SOAP_full_000_056/simulation_test/SOAP_uncompressed/HBTplus/halo_properties_0056.hdf5
BT_soft,1.0000000000e+10,median_c_nfw,3.6746619407e-01,3.3903930446e+04,/project/tkcastrosim/HNHuang/project_big_sim/data/bluetilted/kp_1_ms_1.5_25_1024/SOAP_full_000_056/simulation_test/SOAP_uncompressed/HBTplus/halo_properties_0056.hdf5
BT_soft,1.0000000000e+10,median_c_nfw,4.4892512582e-01,1.8873458821e+04,/project/tkcastrosim/HNHuang/project_big_sim/data/bluetilted/kp_1_ms_1.5_25_1024/SOAP_full_000_056/simulation_test/SOAP_uncompressed/HBTplus/halo_properties_0056.hdf5
BT_soft,1.0000000000e+10,median_c_nfw,5.4844165761e-01,1.0478880279e+04,/project/tkcastrosim/HNHuang/project_big_sim/data/bluetilted/kp_1_ms_1.5_25_1024/SOAP_full_000_056/simulation_test/SOAP_uncompressed/HBTplus/halo_properties_0056.hdf5
BT_soft,1.0000000000e+10,median_c_nfw,6.7001875035e-01,5.8054392015e+03,/project/tkcastrosim/HNHuang/project_big_sim/data/bluetilted/kp_1_ms_1.5_25_1024/SOAP_full_000_056/simulation_test/SOAP_uncompressed/HBTplus/halo_properties_0056.hdf5
BT_soft,1.0000000000e+10,median_c_nfw,8.1854673071e-01,3.2105196478e+03,/project/tkcastrosim/HNHuang/project_big_sim/data/bluetilted/kp_1_ms_1.5_25_1024/SOAP_full_000_056/simulation_test/SOAP_uncompressed/HBTplus/halo_properties_0056.hdf5
BT_soft,1.0000000000e+10,median_c_nfw,1.0000000000e+00,1.7728491230e+03,/project/tkcastrosim/HNHuang/project_big_sim/data/bluetilted/kp_1_ms_1.5_25_1024/SOAP_full_000_056/simulation_test/SOAP_uncompressed/HBTplus/halo_properties_0056.hdf5
BT_soft,1.0000000000e+11,mean_c_nfw,1.0000000000e-02,1.7467842341e+08,/project/tkcastrosim/HNHuang/project_big_sim/data/bluetilted/kp_1_ms_1.5_25_1024/SOAP_full_000_056/simulation_test/SOAP_uncompressed/HBTplus/halo_properties_0056.hdf5
BT_soft,1.0000000000e+11,mean_c_nfw,1.0476157528e-02,1.6227812037e+08,/project/tkcastrosim/HNHuang/project_big_sim/data/bluetilted/kp_1_ms_1.5_25_1024/SOAP_full_000_056/simulation_test/SOAP_uncompressed/HBTplus/halo_properties_0056.hdf5
BT_soft,1.0000000000e+11,mean_c_nfw,1.0974987655e-02,1.5062213724e+08,/project/tkcastrosim/HNHuang/project_big_sim/data/bluetilted/kp_1_ms_1.5_25_1024/SOAP_full_000_056/simulation_test/SOAP_uncompressed/HBTplus/halo_properties_0056.hdf5
BT_soft,1.0000000000e+11,mean_c_nfw,1.1497569954e-02,1.3967492936e+08,/project/tkcastrosim/HNHuang/project_big_sim/data/bluetilted/kp_1_ms_1.5_25_1024/SOAP_full_000_056/simulation_test/SOAP_uncompressed/HBTplus/halo_properties_0056.hdf5
BT_soft,1.0000000000e+11,mean_c_nfw,1.2045035403e-02,1.2940225841e+08,/project/tkcastrosim/HNHuang/project_big_sim/data/bluetilted/kp_1_ms_1.5_25_1024/SOAP_full_000_056/simulation_test/SOAP_uncompressed/HBTplus/halo_properties_0056.hdf5
BT_soft,1.0000000000e+11,mean_c_nfw,1.2618568831e-02,1.1977113816e+08,/project/tkcastrosim/HNHuang/project_big_sim/data/bluetilted/kp_1_ms_1.5_25_1024/SOAP_full_000_056/simulation_test/SOAP_uncompressed/HBTplus/halo_properties_0056.hdf5
BT_soft,1.0000000000e+11,mean_c_nfw,1.3219411485e-02,1.1074978487e+08,/project/tkcastrosim/HNHuang/project_big_sim/data/bluetilted/kp_1_ms_1.5_25_1024/SOAP_full_000_056/simulation_test/SOAP_uncompressed/HBTplus/halo_properties_0056.hdf5
BT_soft,1.0000000000e+11,mean_c_nfw,1.3848863714e-02,1.0230757188e+08,/project/tkcastrosim/HNHuang/project_big_sim/data/bluetilted/kp_1_ms_1.5_25_1024/SOAP_full_000_056/simulation_test/SOAP_uncompressed/HBTplus/halo_properties_0056.hdf5
BT_soft,1.0000000000e+11,mean_c_nfw,1.4508287785e-02,9.4414988265e+07,/project/tkcastrosim/HNHuang/project_big_sim/data/bluetilted/kp_1_ms_1.5_25_1024/SOAP_full_000_056/simulation_test/SOAP_uncompressed/HBTplus/halo_properties_0056.hdf5
BT_soft,1.0000000000e+11,mean_c_nfw,1.5199110830e-02,8.7043601345e+07,/project/tkcastrosim/HNHuang/project_big_sim/data/bluetilted/kp_1_ms_1.5_25_1024/SOAP_full_000_056/simulation_test/SOAP_uncompressed/HBTplus/halo_properties_0056.hdf5
BT_soft,1.0000000000e+11,mean_c_nfw,1.5922827933e-02,8.0166022630e+07,/project/tkcastrosim/HNHuang/project_big_sim/data/bluetilted/kp_1_ms_1.5_25_1024/SOAP_full_000_056/simulation_test/SOAP_uncompressed/HBTplus/halo_properties_0056.hdf5
BT_soft,1.0000000000e+11,mean_c_nfw,1.6681005372e-02,7.3755877053e+07,/project/tkcastrosim/HNHuang/project_big_sim/data/bluetilted/kp_1_ms_1.5_25_1024/SOAP_full_000_056/simulation_test/SOAP_uncompressed/HBTplus/halo_properties_0056.hdf5
BT_soft,1.0000000000e+11,mean_c_nfw,1.7475284000e-02,6.7787775128e+07,/project/tkcastrosim/HNHuang/project_big_sim/data/bluetilted/kp_1_ms_1.5_25_1024/SOAP_full_000_056/simulation_test/SOAP_uncompressed/HBTplus/halo_properties_0056.hdf5
BT_soft,1.0000000000e+11,mean_c_nfw,1.8307382803e-02,6.2237287744e+07,/project/tkcastrosim/HNHuang/project_big_sim/data/bluetilted/kp_1_ms_1.5_25_1024/SOAP_full_000_056/simulation_test/SOAP_uncompressed/HBTplus/halo_properties_0056.hdf5
BT_soft,1.0000000000e+11,mean_c_nfw,1.9179102617e-02,5.7080923279e+07,/project/tkcastrosim/HNHuang/project_big_sim/data/bluetilted/kp_1_ms_1.5_25_1024/SOAP_full_000_056/simulation_test/SOAP_uncompressed/HBTplus/halo_properties_0056.hdf5
BT_soft,1.0000000000e+11,mean_c_nfw,2.0092330026e-02,5.2296106726e+07,/project/tkcastrosim/HNHuang/project_big_sim/data/bluetilted/kp_1_ms_1.5_25_1024/SOAP_full_000_056/simulation_test/SOAP_uncompressed/HBTplus/halo_properties_0056.hdf5
BT_soft,1.0000000000e+11,mean_c_nfw,2.1049041445e-02,4.7861160514e+07,/project/tkcastrosim/HNHuang/project_big_sim/data/bluetilted/kp_1_ms_1.5_25_1024/SOAP_full_000_056/simulation_test/SOAP_uncompressed/HBTplus/halo_properties_0056.hdf5
BT_soft,1.0000000000e+11,mean_c_nfw,2.2051307399e-02,4.3755286714e+07,/project/tkcastrosim/HNHuang/project_big_sim/data/bluetilted/kp_1_ms_1.5_25_1024/SOAP_full_000_056/simulation_test/SOAP_uncompressed/HBTplus/halo_properties_0056.hdf5
BT_soft,1.0000000000e+11,mean_c_nfw,2.3101297001e-02,3.9958550332e+07,/project/tkcastrosim/HNHuang/project_big_sim/data/bluetilted/kp_1_ms_1.5_25_1024/SOAP_full_000_056/simulation_test/SOAP_uncompressed/HBTplus/halo_properties_0056.hdf5
BT_soft,1.0000000000e+11,mean_c_nfw,2.4201282648e-02,3.6451863401e+07,/project/tkcastrosim/HNHuang/project_big_sim/data/bluetilted/kp_1_ms_1.5_25_1024/SOAP_full_000_056/simulation_test/SOAP_uncompressed/HBTplus/halo_properties_0056.hdf5
BT_soft,1.0000000000e+11,mean_c_nfw,2.5353644940e-02,3.3216969601e+07,/project/tkcastrosim/HNHuang/project_big_sim/data/bluetilted/kp_1_ms_1.5_25_1024/SOAP_full_000_056/simulation_test/SOAP_uncompressed/HBTplus/halo_properties_0056.hdf5
BT_soft,1.0000000000e+11,mean_c_nfw,2.6560877829e-02,3.0236429152e+07,/project/tkcastrosim/HNHuang/project_big_sim/data/bluetilted/kp_1_ms_1.5_25_1024/SOAP_full_000_056/simulation_test/SOAP_uncompressed/HBTplus/halo_properties_0056.hdf5
BT_soft,1.0000000000e+11,mean_c_nfw,2.7825594022e-02,2.7493603750e+07,/project/tkcastrosim/HNHuang/project_big_sim/data/bluetilted/kp_1_ms_1.5_25_1024/SOAP_full_000_056/simulation_test/SOAP_uncompressed/HBTplus/halo_properties_0056.hdf5
BT_soft,1.0000000000e+11,mean_c_nfw,2.9150530628e-02,2.4972641344e+07,/project/tkcastrosim/HNHuang/project_big_sim/data/bluetilted/kp_1_ms_1.5_25_1024/SOAP_full_000_056/simulation_test/SOAP_uncompressed/HBTplus/halo_properties_0056.hdf5
BT_soft,1.0000000000e+11,mean_c_nfw,3.0538555088e-02,2.2658460576e+07,/project/tkcastrosim/HNHuang/project_big_sim/data/bluetilted/kp_1_ms_1.5_25_1024/SOAP_full_000_056/simulation_test/SOAP_uncompressed/HBTplus/halo_properties_0056.hdf5
BT_soft,1.0000000000e+11,mean_c_nfw,3.1992671378e-02,2.0536734729e+07,/project/tkcastrosim/HNHuang/project_big_sim/data/bluetilted/kp_1_ms_1.5_25_1024/SOAP_full_000_056/simulation_test/SOAP_uncompressed/HBTplus/halo_properties_0056.hdf5
BT_soft,1.0000000000e+11,mean_c_nfw,3.3516026509e-02,1.8593875066e+07,/project/tkcastrosim/HNHuang/project_big_sim/data/bluetilted/kp_1_ms_1.5_25_1024/SOAP_full_000_056/simulation_test/SOAP_uncompressed/HBTplus/halo_properties_0056.hdf5
BT_soft,1.0000000000e+11,mean_c_nfw,3.5111917342e-02,1.6817013478e+07,/project/tkcastrosim/HNHuang/project_big_sim/data/bluetilted/kp_1_ms_1.5_25_1024/SOAP_full_000_056/simulation_test/SOAP_uncompressed/HBTplus/halo_properties_0056.hdf5
BT_soft,1.0000000000e+11,mean_c_nfw,3.6783797718e-02,1.5193984360e+07,/project/tkcastrosim/HNHuang/project_big_sim/data/bluetilted/kp_1_ms_1.5_25_1024/SOAP_full_000_056/simulation_test/SOAP_uncompressed/HBTplus/halo_properties_0056.hdf5
BT_soft,1.0000000000e+11,mean_c_nfw,3.8535285937e-02,1.3713305709e+07,/project/tkcastrosim/HNHuang/project_big_sim/data/bluetilted/kp_1_ms_1.5_25_1024/SOAP_full_000_056/simulation_test/SOAP_uncompressed/HBTplus/halo_properties_0056.hdf5
BT_soft,1.0000000000e+11,mean_c_nfw,4.0370172586e-02,1.2364159409e+07,/project/tkcastrosim/HNHuang/project_big_sim/data/bluetilted/kp_1_ms_1.5_25_1024/SOAP_full_000_056/simulation_test/SOAP_uncompressed/HBTplus/halo_properties_0056.hdf5
BT_soft,1.0000000000e+11,mean_c_nfw,4.2292428744e-02,1.1136370757e+07,/project/tkcastrosim/HNHuang/project_big_sim/data/bluetilted/kp_1_ms_1.5_25_1024/SOAP_full_000_056/simulation_test/SOAP_uncompressed/HBTplus/halo_properties_0056.hdf5
BT_soft,1.0000000000e+11,mean_c_nfw,4.4306214576e-02,1.0020387236e+07,/project/tkcastrosim/HNHuang/project_big_sim/data/bluetilted/kp_1_ms_1.5_25_1024/SOAP_full_000_056/simulation_test/SOAP_uncompressed/HBTplus/halo_properties_0056.hdf5
BT_soft,1.0000000000e+11,mean_c_nfw,4.6415888336e-02,9.0072566261e+06,/project/tkcastrosim/HNHuang/project_big_sim/data/bluetilted/kp_1_ms_1.5_25_1024/SOAP_full_000_056/simulation_test/SOAP_uncompressed/HBTplus/halo_properties_0056.hdf5
BT_soft,1.0000000000e+11,mean_c_nfw,4.8626015801e-02,8.0886045210e+06,/project/tkcastrosim/HNHuang/project_big_sim/data/bluetilted/kp_1_ms_1.5_25_1024/SOAP_full_000_056/simulation_test/SOAP_uncompressed/HBTplus/halo_properties_0056.hdf5
BT_soft,1.0000000000e+11,mean_c_nfw,5.0941380148e-02,7.2566113408e+06,/project/tkcastrosim/HNHuang/project_big_sim/data/bluetilted/kp_1_ms_1.5_25_1024/SOAP_full_000_056/simulation_test/SOAP_uncompressed/HBTplus/halo_properties_0056.hdf5
BT_soft,1.0000000000e+11,mean_c_nfw,5.3366992312e-02,6.5039889552e+06,/project/tkcastrosim/HNHuang/project_big_sim/data/bluetilted/kp_1_ms_1.5_25_1024/SOAP_full_000_056/simulation_test/SOAP_uncompressed/HBTplus/halo_properties_0056.hdf5
BT_soft,1.0000000000e+11,mean_c_nfw,5.5908101825e-02,5.8239570219e+06,/project/tkcastrosim/HNHuang/project_big_sim/data/bluetilted/kp_1_ms_1.5_25_1024/SOAP_full_000_056/simulation_test/SOAP_uncompressed/HBTplus/halo_properties_0056.hdf5
BT_soft,1.0000000000e+11,mean_c_nfw,5.8570208181e-02,5.2102191608e+06,/project/tkcastrosim/HNHuang/project_big_sim/data/bluetilted/kp_1_ms_1.5_25_1024/SOAP_full_000_056/simulation_test/SOAP_uncompressed/HBTplus/halo_properties_0056.hdf5
BT_soft,1.0000000000e+11,mean_c_nfw,6.1359072734e-02,4.6569390822e+06,/project/tkcastrosim/HNHuang/project_big_sim/data/bluetilted/kp_1_ms_1.5_25_1024/SOAP_full_000_056/simulation_test/SOAP_uncompressed/HBTplus/halo_properties_0056.hdf5
BT_soft,1.0000000000e+11,mean_c_nfw,6.4280731173e-02,4.1587167886e+06,/project/tkcastrosim/HNHuang/project_big_sim/data/bluetilted/kp_1_ms_1.5_25_1024/SOAP_full_000_056/simulation_test/SOAP_uncompressed/HBTplus/halo_properties_0056.hdf5
BT_soft,1.0000000000e+11,mean_c_nfw,6.7341506578e-02,3.7105649648e+06,/project/tkcastrosim/HNHuang/project_big_sim/data/bluetilted/kp_1_ms_1.5_25_1024/SOAP_full_000_056/simulation_test/SOAP_uncompressed/HBTplus/halo_properties_0056.hdf5
BT_soft,1.0000000000e+11,mean_c_nfw,7.0548023107e-02,3.3078856673e+06,/project/tkcastrosim/HNHuang/project_big_sim/data/bluetilted/kp_1_ms_1.5_25_1024/SOAP_full_000_056/simulation_test/SOAP_uncompressed/HBTplus/halo_properties_0056.hdf5
BT_soft,1.0000000000e+11,mean_c_nfw,7.3907220335e-02,2.9464474164e+06,/project/tkcastrosim/HNHuang/project_big_sim/data/bluetilted/kp_1_ms_1.5_25_1024/SOAP_full_000_056/simulation_test/SOAP_uncompressed/HBTplus/halo_properties_0056.hdf5
BT_soft,1.0000000000e+11,mean_c_nfw,7.7426368268e-02,2.6223627866e+06,/project/tkcastrosim/HNHuang/project_big_sim/data/bluetilted/kp_1_ms_1.5_25_1024/SOAP_full_000_056/simulation_test/SOAP_uncompressed/HBTplus/halo_properties_0056.hdf5
BT_soft,1.0000000000e+11,mean_c_nfw,8.1113083079e-02,2.3320665817e+06,/project/tkcastrosim/HNHuang/project_big_sim/data/bluetilted/kp_1_ms_1.5_25_1024/SOAP_full_000_056/simulation_test/SOAP_uncompressed/HBTplus/halo_properties_0056.hdf5
BT_soft,1.0000000000e+11,mean_c_nfw,8.4975343591e-02,2.0722946705e+06,/project/tkcastrosim/HNHuang/project_big_sim/data/bluetilted/kp_1_ms_1.5_25_1024/SOAP_full_000_056/simulation_test/SOAP_uncompressed/HBTplus/halo_properties_0056.hdf5
BT_soft,1.0000000000e+11,mean_c_nfw,8.9021508545e-02,1.8400635483e+06,/project/tkcastrosim/HNHuang/project_big_sim/data/bluetilted/kp_1_ms_1.5_25_1024/SOAP_full_000_056/simulation_test/SOAP_uncompressed/HBTplus/halo_properties_0056.hdf5
BT_soft,1.0000000000e+11,mean_c_nfw,9.3260334688e-02,1.6326506786e+06,/project/tkcastrosim/HNHuang/project_big_sim/data/bluetilted/kp_1_ms_1.5_25_1024/SOAP_full_000_056/simulation_test/SOAP_uncompressed/HBTplus/halo_properties_0056.hdf5
BT_soft,1.0000000000e+11,mean_c_nfw,9.7700995730e-02,1.4475756609e+06,/project/tkcastrosim/HNHuang/project_big_sim/data/bluetilted/kp_1_ms_1.5_25_1024/SOAP_full_000_056/simulation_test/SOAP_uncompressed/HBTplus/halo_properties_0056.hdf5
BT_soft,1.0000000000e+11,mean_c_nfw,1.0235310219e-01,1.2825822549e+06,/project/tkcastrosim/HNHuang/project_big_sim/data/bluetilted/kp_1_ms_1.5_25_1024/SOAP_full_000_056/simulation_test/SOAP_uncompressed/HBTplus/halo_properties_0056.hdf5
BT_soft,1.0000000000e+11,mean_c_nfw,1.0722672220e-01,1.1356212879e+06,/project/tkcastrosim/HNHuang/project_big_sim/data/bluetilted/kp_1_ms_1.5_25_1024/SOAP_full_000_056/simulation_test/SOAP_uncompressed/HBTplus/halo_properties_0056.hdf5
BT_soft,1.0000000000e+11,mean_c_nfw,1.1233240330e-01,1.0048344566e+06,/project/tkcastrosim/HNHuang/project_big_sim/data/bluetilted/kp_1_ms_1.5_25_1024/SOAP_full_000_056/simulation_test/SOAP_uncompressed/HBTplus/halo_properties_0056.hdf5
BT_soft,1.0000000000e+11,mean_c_nfw,1.1768119524e-01,8.8853903080e+05,/project/tkcastrosim/HNHuang/project_big_sim/data/bluetilted/kp_1_ms_1.5_25_1024/SOAP_full_000_056/simulation_test/SOAP_uncompressed/HBTplus/halo_properties_0056.hdf5
BT_soft,1.0000000000e+11,mean_c_nfw,1.2328467394e-01,7.8521345493e+05,/project/tkcastrosim/HNHuang/project_big_sim/data/bluetilted/kp_1_ms_1.5_25_1024/SOAP_full_000_056/simulation_test/SOAP_uncompressed/HBTplus/halo_properties_0056.hdf5
BT_soft,1.0000000000e+11,mean_c_nfw,1.2915496650e-01,6.9348383774e+05,/project/tkcastrosim/HNHuang/project_big_sim/data/bluetilted/kp_1_ms_1.5_25_1024/SOAP_full_000_056/simulation_test/SOAP_uncompressed/HBTplus/halo_properties_0056.hdf5
BT_soft,1.0000000000e+11,mean_c_nfw,1.3530477746e-01,6.1211131471e+05,/project/tkcastrosim/HNHuang/project_big_sim/data/bluetilted/kp_1_ms_1.5_25_1024/SOAP_full_000_056/simulation_test/SOAP_uncompressed/HBTplus/halo_properties_0056.hdf5
BT_soft,1.0000000000e+11,mean_c_nfw,1.4174741629e-01,5.3998026100e+05,/project/tkcastrosim/HNHuang/project_big_sim/data/bluetilted/kp_1_ms_1.5_25_1024/SOAP_full_000_056/simulation_test/SOAP_uncompressed/HBTplus/halo_properties_0056.hdf5
BT_soft,1.0000000000e+11,mean_c_nfw,1.4849682623e-01,4.7608732901e+05,/project/tkcastrosim/HNHuang/project_big_sim/data/bluetilted/kp_1_ms_1.5_25_1024/SOAP_full_000_056/simulation_test/SOAP_uncompressed/HBTplus/halo_properties_0056.hdf5
BT_soft,1.0000000000e+11,mean_c_nfw,1.5556761439e-01,4.1953128080e+05,/project/tkcastrosim/HNHuang/project_big_sim/data/bluetilted/kp_1_ms_1.5_25_1024/SOAP_full_000_056/simulation_test/SOAP_uncompressed/HBTplus/halo_properties_0056.hdf5
BT_soft,1.0000000000e+11,mean_c_nfw,1.6297508346e-01,3.6950358254e+05,/project/tkcastrosim/HNHuang/project_big_sim/data/bluetilted/kp_1_ms_1.5_25_1024/SOAP_full_000_056/simulation_test/SOAP_uncompressed/HBTplus/halo_properties_0056.hdf5
BT_soft,1.0000000000e+11,mean_c_nfw,1.7073526475e-01,3.2527972571e+05,/project/tkcastrosim/HNHuang/project_big_sim/data/bluetilted/kp_1_ms_1.5_25_1024/SOAP_full_000_056/simulation_test/SOAP_uncompressed/HBTplus/halo_properties_0056.hdf5
BT_soft,1.0000000000e+11,mean_c_nfw,1.7886495291e-01,2.8621123873e+05,/project/tkcastrosim/HNHuang/project_big_sim/data/bluetilted/kp_1_ms_1.5_25_1024/SOAP_full_000_056/simulation_test/SOAP_uncompressed/HBTplus/halo_properties_0056.hdf5
BT_soft,1.0000000000e+11,mean_c_nfw,1.8738174229e-01,2.5171835104e+05,/project/tkcastrosim/HNHuang/project_big_sim/data/bluetilted/kp_1_ms_1.5_25_1024/SOAP_full_000_056/simulation_test/SOAP_uncompressed/HBTplus/halo_properties_0056.hdf5
BT_soft,1.0000000000e+11,mean_c_nfw,1.9630406500e-01,2.2128327171e+05,/project/tkcastrosim/HNHuang/project_big_sim/data/bluetilted/kp_1_ms_1.5_25_1024/SOAP_full_000_056/simulation_test/SOAP_uncompressed/HBTplus/halo_properties_0056.hdf5
BT_soft,1.0000000000e+11,mean_c_nfw,2.0565123083e-01,1.9444404447e+05,/project/tkcastrosim/HNHuang/project_big_sim/data/bluetilted/kp_1_ms_1.5_25_1024/SOAP_full_000_056/simulation_test/SOAP_uncompressed/HBTplus/halo_properties_0056.hdf5
BT_soft,1.0000000000e+11,mean_c_nfw,2.1544346900e-01,1.7078894129e+05,/project/tkcastrosim/HNHuang/project_big_sim/data/bluetilted/kp_1_ms_1.5_25_1024/SOAP_full_000_056/simulation_test/SOAP_uncompressed/HBTplus/halo_properties_0056.hdf5
BT_soft,1.0000000000e+11,mean_c_nfw,2.2570197196e-01,1.4995135775e+05,/project/tkcastrosim/HNHuang/project_big_sim/data/bluetilted/kp_1_ms_1.5_25_1024/SOAP_full_000_056/simulation_test/SOAP_uncompressed/HBTplus/halo_properties_0056.hdf5
BT_soft,1.0000000000e+11,mean_c_nfw,2.3644894126e-01,1.3160517416e+05,/project/tkcastrosim/HNHuang/project_big_sim/data/bluetilted/kp_1_ms_1.5_25_1024/SOAP_full_000_056/simulation_test/SOAP_uncompressed/HBTplus/halo_properties_0056.hdf5
BT_soft,1.0000000000e+11,mean_c_nfw,2.4770763560e-01,1.1546054765e+05,/project/tkcastrosim/HNHuang/project_big_sim/data/bluetilted/kp_1_ms_1.5_25_1024/SOAP_full_000_056/simulation_test/SOAP_uncompressed/HBTplus/halo_properties_0056.hdf5
BT_soft,1.0000000000e+11,mean_c_nfw,2.5950242114e-01,1.0126010222e+05,/project/tkcastrosim/HNHuang/project_big_sim/data/bluetilted/kp_1_ms_1.5_25_1024/SOAP_full_000_056/simulation_test/SOAP_uncompressed/HBTplus/halo_properties_0056.hdf5
BT_soft,1.0000000000e+11,mean_c_nfw,2.7185882427e-01,8.8775484724e+04,/project/tkcastrosim/HNHuang/project_big_sim/data/bluetilted/kp_1_ms_1.5_25_1024/SOAP_full_000_056/simulation_test/SOAP_uncompressed/HBTplus/halo_properties_0056.hdf5
BT_soft,1.0000000000e+11,mean_c_nfw,2.8480358684e-01,7.7804256954e+04,/project/tkcastrosim/HNHuang/project_big_sim/data/bluetilted/kp_1_ms_1.5_25_1024/SOAP_full_000_056/simulation_test/SOAP_uncompressed/HBTplus/halo_properties_0056.hdf5
BT_soft,1.0000000000e+11,mean_c_nfw,2.9836472403e-01,6.8167095320e+04,/project/tkcastrosim/HNHuang/project_big_sim/data/bluetilted/kp_1_ms_1.5_25_1024/SOAP_full_000_056/simulation_test/SOAP_uncompressed/HBTplus/halo_properties_0056.hdf5
BT_soft,1.0000000000e+11,mean_c_nfw,3.1257158497e-01,5.9705271560e+04,/project/tkcastrosim/HNHuang/project_big_sim/data/bluetilted/kp_1_ms_1.5_25_1024/SOAP_full_000_056/simulation_test/SOAP_uncompressed/HBTplus/halo_properties_0056.hdf5
BT_soft,1.0000000000e+11,mean_c_nfw,3.2745491629e-01,5.2278389520e+04,/project/tkcastrosim/HNHuang/project_big_sim/data/bluetilted/kp_1_ms_1.5_25_1024/SOAP_full_000_056/simulation_test/SOAP_uncompressed/HBTplus/halo_properties_0056.hdf5
BT_soft,1.0000000000e+11,mean_c_nfw,3.4304692863e-01,4.5762354839e+04,/project/tkcastrosim/HNHuang/project_big_sim/data/bluetilted/kp_1_ms_1.5_25_1024/SOAP_full_000_056/simulation_test/SOAP_uncompressed/HBTplus/halo_properties_0056.hdf5
BT_soft,1.0000000000e+11,mean_c_nfw,3.5938136638e-01,4.0047555959e+04,/project/tkcastrosim/HNHuang/project_big_sim/data/bluetilted/kp_1_ms_1.5_25_1024/SOAP_full_000_056/simulation_test/SOAP_uncompressed/HBTplus/halo_properties_0056.hdf5
BT_soft,1.0000000000e+11,mean_c_nfw,3.7649358068e-01,3.5037236594e+04,/project/tkcastrosim/HNHuang/project_big_sim/data/bluetilted/kp_1_ms_1.5_25_1024/SOAP_full_000_056/simulation_test/SOAP_uncompressed/HBTplus/halo_properties_0056.hdf5
BT_soft,1.0000000000e+11,mean_c_nfw,3.9442060594e-01,3.0646041252e+04,/project/tkcastrosim/HNHuang/project_big_sim/data/bluetilted/kp_1_ms_1.5_25_1024/SOAP_full_000_056/simulation_test/SOAP_uncompressed/HBTplus/halo_properties_0056.hdf5
BT_soft,1.0000000000e+11,mean_c_nfw,4.1320124001e-01,2.6798716966e+04,/project/tkcastrosim/HNHuang/project_big_sim/data/bluetilted/kp_1_ms_1.5_25_1024/SOAP_full_000_056/simulation_test/SOAP_uncompressed/HBTplus/halo_properties_0056.hdf5
BT_soft,1.0000000000e+11,mean_c_nfw,4.3287612811e-01,2.3428955748e+04,/project/tkcastrosim/HNHuang/project_big_sim/data/bluetilted/kp_1_ms_1.5_25_1024/SOAP_full_000_056/simulation_test/SOAP_uncompressed/HBTplus/halo_properties_0056.hdf5
BT_soft,1.0000000000e+11,mean_c_nfw,4.5348785081e-01,2.0478363630e+04,/project/tkcastrosim/HNHuang/project_big_sim/data/bluetilted/kp_1_ms_1.5_25_1024/SOAP_full_000_056/simulation_test/SOAP_uncompressed/HBTplus/halo_properties_0056.hdf5
BT_soft,1.0000000000e+11,mean_c_nfw,4.7508101621e-01,1.7895543410e+04,/project/tkcastrosim/HNHuang/project_big_sim/data/bluetilted/kp_1_ms_1.5_25_1024/SOAP_full_000_056/simulation_test/SOAP_uncompressed/HBTplus/halo_properties_0056.hdf5
BT_soft,1.0000000000e+11,mean_c_nfw,4.9770235643e-01,1.5635279348e+04,/project/tkcastrosim/HNHuang/project_big_sim/data/bluetilted/kp_1_ms_1.5_25_1024/SOAP_full_000_056/simulation_test/SOAP_uncompressed/HBTplus/halo_properties_0056.hdf5
BT_soft,1.0000000000e+11,mean_c_nfw,5.2140082880e-01,1.3657813194e+04,/project/tkcastrosim/HNHuang/project_big_sim/data/bluetilted/kp_1_ms_1.5_25_1024/SOAP_full_000_056/simulation_test/SOAP_uncompressed/HBTplus/halo_properties_0056.hdf5
BT_soft,1.0000000000e+11,mean_c_nfw,5.4622772177e-01,1.1928201889e+04,/project/tkcastrosim/HNHuang/project_big_sim/data/bluetilted/kp_1_ms_1.5_25_1024/SOAP_full_000_056/simulation_test/SOAP_uncompressed/HBTplus/halo_properties_0056.hdf5
BT_soft,1.0000000000e+11,mean_c_nfw,5.7223676594e-01,1.0415748218e+04,/project/tkcastrosim/HNHuang/project_big_sim/data/bluetilted/kp_1_ms_1.5_25_1024/SOAP_full_000_056/simulation_test/SOAP_uncompressed/HBTplus/halo_properties_0056.hdf5
BT_soft,1.0000000000e+11,mean_c_nfw,5.9948425032e-01,9.0934965631e+03,/project/tkcastrosim/HNHuang/project_big_sim/data/bluetilted/kp_1_ms_1.5_25_1024/SOAP_full_000_056/simulation_test/SOAP_uncompressed/HBTplus/halo_properties_0056.hdf5
BT_soft,1.0000000000e+11,mean_c_nfw,6.2802914418e-01,7.9377866542e+03,/project/tkcastrosim/HNHuang/project_big_sim/data/bluetilted/kp_1_ms_1.5_25_1024/SOAP_full_000_056/simulation_test/SOAP_uncompressed/HBTplus/halo_properties_0056.hdf5
BT_soft,1.0000000000e+11,mean_c_nfw,6.5793322466e-01,6.9278589623e+03,/project/tkcastrosim/HNHuang/project_big_sim/data/bluetilted/kp_1_ms_1.5_25_1024/SOAP_full_000_056/simulation_test/SOAP_uncompressed/HBTplus/halo_properties_0056.hdf5
BT_soft,1.0000000000e+11,mean_c_nfw,6.8926121043e-01,6.0455060055e+03,/project/tkcastrosim/HNHuang/project_big_sim/data/bluetilted/kp_1_ms_1.5_25_1024/SOAP_full_000_056/simulation_test/SOAP_uncompressed/HBTplus/halo_properties_0056.hdf5
BT_soft,1.0000000000e+11,mean_c_nfw,7.2208090184e-01,5.2747644445e+03,/project/tkcastrosim/HNHuang/project_big_sim/data/bluetilted/kp_1_ms_1.5_25_1024/SOAP_full_000_056/simulation_test/SOAP_uncompressed/HBTplus/halo_properties_0056.hdf5
BT_soft,1.0000000000e+11,mean_c_nfw,7.5646332755e-01,4.6016433787e+03,/project/tkcastrosim/HNHuang/project_big_sim/data/bluetilted/kp_1_ms_1.5_25_1024/SOAP_full_000_056/simulation_test/SOAP_uncompressed/HBTplus/halo_properties_0056.hdf5
BT_soft,1.0000000000e+11,mean_c_nfw,7.9248289835e-01,4.0138847395e+03,/project/tkcastrosim/HNHuang/project_big_sim/data/bluetilted/kp_1_ms_1.5_25_1024/SOAP_full_000_056/simulation_test/SOAP_uncompressed/HBTplus/halo_properties_0056.hdf5
BT_soft,1.0000000000e+11,mean_c_nfw,8.3021756813e-01,3.5007521191e+03,/project/tkcastrosim/HNHuang/project_big_sim/data/bluetilted/kp_1_ms_1.5_25_1024/SOAP_full_000_056/simulation_test/SOAP_uncompressed/HBTplus/halo_properties_0056.hdf5
BT_soft,1.0000000000e+11,mean_c_nfw,8.6974900262e-01,3.0528447698e+03,/project/tkcastrosim/HNHuang/project_big_sim/data/bluetilted/kp_1_ms_1.5_25_1024/SOAP_full_000_056/simulation_test/SOAP_uncompressed/HBTplus/halo_properties_0056.hdf5
BT_soft,1.0000000000e+11,mean_c_nfw,9.1116275612e-01,2.6619338648e+03,/project/tkcastrosim/HNHuang/project_big_sim/data/bluetilted/kp_1_ms_1.5_25_1024/SOAP_full_000_056/simulation_test/SOAP_uncompressed/HBTplus/halo_properties_0056.hdf5
BT_soft,1.0000000000e+11,mean_c_nfw,9.5454845666e-01,2.3208184342e+03,/project/tkcastrosim/HNHuang/project_big_sim/data/bluetilted/kp_1_ms_1.5_25_1024/SOAP_full_000_056/simulation_test/SOAP_uncompressed/HBTplus/halo_properties_0056.hdf5
BT_soft,1.0000000000e+11,mean_c_nfw,1.0000000000e+00,2.0231986770e+03,/project/tkcastrosim/HNHuang/project_big_sim/data/bluetilted/kp_1_ms_1.5_25_1024/SOAP_full_000_056/simulation_test/SOAP_uncompressed/HBTplus/halo_properties_0056.hdf5
BT_soft,1.0000000000e+11,median_c_nfw,1.0000000000e-02,1.5852210144e+08,/project/tkcastrosim/HNHuang/project_big_sim/data/bluetilted/kp_1_ms_1.5_25_1024/SOAP_full_000_056/simulation_test/SOAP_uncompressed/HBTplus/halo_properties_0056.hdf5
BT_soft,1.0000000000e+11,median_c_nfw,1.2216773490e-02,1.1556986035e+08,/project/tkcastrosim/HNHuang/project_big_sim/data/bluetilted/kp_1_ms_1.5_25_1024/SOAP_full_000_056/simulation_test/SOAP_uncompressed/HBTplus/halo_properties_0056.hdf5
BT_soft,1.0000000000e+11,median_c_nfw,1.4924955451e-02,8.2824318789e+07,/project/tkcastrosim/HNHuang/project_big_sim/data/bluetilted/kp_1_ms_1.5_25_1024/SOAP_full_000_056/simulation_test/SOAP_uncompressed/HBTplus/halo_properties_0056.hdf5
BT_soft,1.0000000000e+11,median_c_nfw,1.8233480009e-02,5.8279259015e+07,/project/tkcastrosim/HNHuang/project_big_sim/data/bluetilted/kp_1_ms_1.5_25_1024/SOAP_full_000_056/simulation_test/SOAP_uncompressed/HBTplus/halo_properties_0056.hdf5
BT_soft,1.0000000000e+11,median_c_nfw,2.2275429520e-02,4.0226806426e+07,/project/tkcastrosim/HNHuang/project_big_sim/data/bluetilted/kp_1_ms_1.5_25_1024/SOAP_full_000_056/simulation_test/SOAP_uncompressed/HBTplus/halo_properties_0056.hdf5
BT_soft,1.0000000000e+11,median_c_nfw,2.7213387684e-02,2.7221468453e+07,/project/tkcastrosim/HNHuang/project_big_sim/data/bluetilted/kp_1_ms_1.5_25_1024/SOAP_full_000_056/simulation_test/SOAP_uncompressed/HBTplus/halo_properties_0056.hdf5
BT_soft,1.0000000000e+11,median_c_nfw,3.3245979323e-02,1.8055795275e+07,/project/tkcastrosim/HNHuang/project_big_sim/data/bluetilted/kp_1_ms_1.5_25_1024/SOAP_full_000_056/simulation_test/SOAP_uncompressed/HBTplus/halo_properties_0056.hdf5
BT_soft,1.0000000000e+11,median_c_nfw,4.0615859884e-02,1.1741337991e+07,/project/tkcastrosim/HNHuang/project_big_sim/data/bluetilted/kp_1_ms_1.5_25_1024/SOAP_full_000_056/simulation_test/SOAP_uncompressed/HBTplus/halo_properties_0056.hdf5
BT_soft,1.0000000000e+11,median_c_nfw,4.9619476030e-02,7.4897393660e+06,/project/tkcastrosim/HNHuang/project_big_sim/data/bluetilted/kp_1_ms_1.5_25_1024/SOAP_full_000_056/simulation_test/SOAP_uncompressed/HBTplus/halo_properties_0056.hdf5
BT_soft,1.0000000000e+11,median_c_nfw,6.0618989935e-02,4.6909690419e+06,/project/tkcastrosim/HNHuang/project_big_sim/data/bluetilted/kp_1_ms_1.5_25_1024/SOAP_full_000_056/simulation_test/SOAP_uncompressed/HBTplus/halo_properties_0056.hdf5
BT_soft,1.0000000000e+11,median_c_nfw,7.4056846923e-02,2.8881628749e+06,/project/tkcastrosim/HNHuang/project_big_sim/data/bluetilted/kp_1_ms_1.5_25_1024/SOAP_full_000_056/simulation_test/SOAP_uncompressed/HBTplus/halo_properties_0056.hdf5
BT_soft,1.0000000000e+11,median_c_nfw,9.0473572423e-02,1.7472983192e+06,/project/tkcastrosim/HNHuang/project_big_sim/data/bluetilted/kp_1_ms_1.5_25_1024/SOAP_full_000_056/simulation_test/SOAP_uncompressed/HBTplus/halo_properties_0056.hdf5
BT_soft,1.0000000000e+11,median_c_nfw,1.1052951411e-01,1.0366711388e+06,/project/tkcastrosim/HNHuang/project_big_sim/data/bluetilted/kp_1_ms_1.5_25_1024/SOAP_full_000_056/simulation_test/SOAP_uncompressed/HBTplus/halo_properties_0056.hdf5
BT_soft,1.0000000000e+11,median_c_nfw,1.3503140379e-01,6.0997143606e+05,/project/tkcastrosim/HNHuang/project_big_sim/data/bluetilted/kp_1_ms_1.5_25_1024/SOAP_full_000_056/simulation_test/SOAP_uncompressed/HBTplus/halo_properties_0056.hdf5
BT_soft,1.0000000000e+11,median_c_nfw,1.6496480741e-01,3.5809591781e+05,/project/tkcastrosim/HNHuang/project_big_sim/data/bluetilted/kp_1_ms_1.5_25_1024/SOAP_full_000_056/simulation_test/SOAP_uncompressed/HBTplus/halo_properties_0056.hdf5
BT_soft,1.0000000000e+11,median_c_nfw,2.0153376859e-01,2.0739802742e+05,/project/tkcastrosim/HNHuang/project_big_sim/data/bluetilted/kp_1_ms_1.5_25_1024/SOAP_full_000_056/simulation_test/SOAP_uncompressed/HBTplus/halo_properties_0056.hdf5
BT_soft,1.0000000000e+11,median_c_nfw,2.4620924015e-01,1.1895765955e+05,/project/tkcastrosim/HNHuang/project_big_sim/data/bluetilted/kp_1_ms_1.5_25_1024/SOAP_full_000_056/simulation_test/SOAP_uncompressed/HBTplus/halo_properties_0056.hdf5
BT_soft,1.0000000000e+11,median_c_nfw,3.0078825180e-01,6.7764471316e+04,/project/tkcastrosim/HNHuang/project_big_sim/data/bluetilted/kp_1_ms_1.5_25_1024/SOAP_full_000_056/simulation_test/SOAP_uncompressed/HBTplus/halo_properties_0056.hdf5
BT_soft,1.0000000000e+11,median_c_nfw,3.6746619407e-01,3.8308752829e+04,/project/tkcastrosim/HNHuang/project_big_sim/data/bluetilted/kp_1_ms_1.5_25_1024/SOAP_full_000_056/simulation_test/SOAP_uncompressed/HBTplus/halo_properties_0056.hdf5
BT_soft,1.0000000000e+11,median_c_nfw,4.4892512582e-01,2.1545450423e+04,/project/tkcastrosim/HNHuang/project_big_sim/data/bluetilted/kp_1_ms_1.5_25_1024/SOAP_full_000_056/simulation_test/SOAP_uncompressed/HBTplus/halo_properties_0056.hdf5
BT_soft,1.0000000000e+11,median_c_nfw,5.4844165761e-01,1.2065180900e+04,/project/tkcastrosim/HNHuang/project_big_sim/data/bluetilted/kp_1_ms_1.5_25_1024/SOAP_full_000_056/simulation_test/SOAP_uncompressed/HBTplus/halo_properties_0056.hdf5
BT_soft,1.0000000000e+11,median_c_nfw,6.7001875035e-01,6.7319539532e+03,/project/tkcastrosim/HNHuang/project_big_sim/data/bluetilted/kp_1_ms_1.5_25_1024/SOAP_full_000_056/simulation_test/SOAP_uncompressed/HBTplus/halo_properties_0056.hdf5
BT_soft,1.0000000000e+11,median_c_nfw,8.1854673071e-01,3.7448980797e+03,/project/tkcastrosim/HNHuang/project_big_sim/data/bluetilted/kp_1_ms_1.5_25_1024/SOAP_full_000_056/simulation_test/SOAP_uncompressed/HBTplus/halo_properties_0056.hdf5
BT_soft,1.0000000000e+11,median_c_nfw,1.0000000000e+00,2.0780327866e+03,/project/tkcastrosim/HNHuang/project_big_sim/data/bluetilted/kp_1_ms_1.5_25_1024/SOAP_full_000_056/simulation_test/SOAP_uncompressed/HBTplus/halo_properties_0056.hdf5
BT_deep,1.0000000000e+08,mean_c_nfw,1.0000000000e-02,2.7903837510e+08,/project/tkcastrosim/HNHuang/project_big_sim/data/bluetilted/kp_10_ms_1.5_25_1024/SOAP_full_000_056/simulation_test/SOAP_uncompressed/HBTplus/halo_properties_0056.hdf5
BT_deep,1.0000000000e+08,mean_c_nfw,1.0476157528e-02,2.5670874018e+08,/project/tkcastrosim/HNHuang/project_big_sim/data/bluetilted/kp_10_ms_1.5_25_1024/SOAP_full_000_056/simulation_test/SOAP_uncompressed/HBTplus/halo_properties_0056.hdf5
BT_deep,1.0000000000e+08,mean_c_nfw,1.0974987655e-02,2.3592043407e+08,/project/tkcastrosim/HNHuang/project_big_sim/data/bluetilted/kp_10_ms_1.5_25_1024/SOAP_full_000_056/simulation_test/SOAP_uncompressed/HBTplus/halo_properties_0056.hdf5
BT_deep,1.0000000000e+08,mean_c_nfw,1.1497569954e-02,2.1658817848e+08,/project/tkcastrosim/HNHuang/project_big_sim/data/bluetilted/kp_10_ms_1.5_25_1024/SOAP_full_000_056/simulation_test/SOAP_uncompressed/HBTplus/halo_properties_0056.hdf5
BT_deep,1.0000000000e+08,mean_c_nfw,1.2045035403e-02,1.9862997112e+08,/project/tkcastrosim/HNHuang/project_big_sim/data/bluetilted/kp_10_ms_1.5_25_1024/SOAP_full_000_056/simulation_test/SOAP_uncompressed/HBTplus/halo_properties_0056.hdf5
BT_deep,1.0000000000e+08,mean_c_nfw,1.2618568831e-02,1.8196701305e+08,/project/tkcastrosim/HNHuang/project_big_sim/data/bluetilted/kp_10_ms_1.5_25_1024/SOAP_full_000_056/simulation_test/SOAP_uncompressed/HBTplus/halo_properties_0056.hdf5
BT_deep,1.0000000000e+08,mean_c_nfw,1.3219411485e-02,1.6652364194e+08,/project/tkcastrosim/HNHuang/project_big_sim/data/bluetilted/kp_10_ms_1.5_25_1024/SOAP_full_000_056/simulation_test/SOAP_uncompressed/HBTplus/halo_properties_0056.hdf5
BT_deep,1.0000000000e+08,mean_c_nfw,1.3848863714e-02,1.5222727005e+08,/project/tkcastrosim/HNHuang/project_big_sim/data/bluetilted/kp_10_ms_1.5_25_1024/SOAP_full_000_056/simulation_test/SOAP_uncompressed/HBTplus/halo_properties_0056.hdf5
BT_deep,1.0000000000e+08,mean_c_nfw,1.4508287785e-02,1.3900832600e+08,/project/tkcastrosim/HNHuang/project_big_sim/data/bluetilted/kp_10_ms_1.5_25_1024/SOAP_full_000_056/simulation_test/SOAP_uncompressed/HBTplus/halo_properties_0056.hdf5
BT_deep,1.0000000000e+08,mean_c_nfw,1.5199110830e-02,1.2680019920e+08,/project/tkcastrosim/HNHuang/project_big_sim/data/bluetilted/kp_10_ms_1.5_25_1024/SOAP_full_000_056/simulation_test/SOAP_uncompressed/HBTplus/halo_properties_0056.hdf5
BT_deep,1.0000000000e+08,mean_c_nfw,1.5922827933e-02,1.1553918619e+08,/project/tkcastrosim/HNHuang/project_big_sim/data/bluetilted/kp_10_ms_1.5_25_1024/SOAP_full_000_056/simulation_test/SOAP_uncompressed/HBTplus/halo_properties_0056.hdf5
BT_deep,1.0000000000e+08,mean_c_nfw,1.6681005372e-02,1.0516443770e+08,/project/tkcastrosim/HNHuang/project_big_sim/data/bluetilted/kp_10_ms_1.5_25_1024/SOAP_full_000_056/simulation_test/SOAP_uncompressed/HBTplus/halo_properties_0056.hdf5
BT_deep,1.0000000000e+08,mean_c_nfw,1.7475284000e-02,9.5617906005e+07,/project/tkcastrosim/HNHuang/project_big_sim/data/bluetilted/kp_10_ms_1.5_25_1024/SOAP_full_000_056/simulation_test/SOAP_uncompressed/HBTplus/halo_properties_0056.hdf5
BT_deep,1.0000000000e+08,mean_c_nfw,1.8307382803e-02,8.6844291549e+07,/project/tkcastrosim/HNHuang/project_big_sim/data/bluetilted/kp_10_ms_1.5_25_1024/SOAP_full_000_056/simulation_test/SOAP_uncompressed/HBTplus/halo_properties_0056.hdf5
BT_deep,1.0000000000e+08,mean_c_nfw,1.9179102617e-02,7.8790988384e+07,/project/tkcastrosim/HNHuang/project_big_sim/data/bluetilted/kp_10_ms_1.5_25_1024/SOAP_full_000_056/simulation_test/SOAP_uncompressed/HBTplus/halo_properties_0056.hdf5
BT_deep,1.0000000000e+08,mean_c_nfw,2.0092330026e-02,7.1408027874e+07,/project/tkcastrosim/HNHuang/project_big_sim/data/bluetilted/kp_10_ms_1.5_25_1024/SOAP_full_000_056/simulation_test/SOAP_uncompressed/HBTplus/halo_properties_0056.hdf5
BT_deep,1.0000000000e+08,mean_c_nfw,2.1049041445e-02,6.4648020243e+07,/project/tkcastrosim/HNHuang/project_big_sim/data/bluetilted/kp_10_ms_1.5_25_1024/SOAP_full_000_056/simulation_test/SOAP_uncompressed/HBTplus/halo_properties_0056.hdf5
BT_deep,1.0000000000e+08,mean_c_nfw,2.2051307399e-02,5.8466093649e+07,/project/tkcastrosim/HNHuang/project_big_sim/data/bluetilted/kp_10_ms_1.5_25_1024/SOAP_full_000_056/simulation_test/SOAP_uncompressed/HBTplus/halo_properties_0056.hdf5
BT_deep,1.0000000000e+08,mean_c_nfw,2.3101297001e-02,5.2819830608e+07,/project/tkcastrosim/HNHuang/project_big_sim/data/bluetilted/kp_10_ms_1.5_25_1024/SOAP_full_000_056/simulation_test/SOAP_uncompressed/HBTplus/halo_properties_0056.hdf5
BT_deep,1.0000000000e+08,mean_c_nfw,2.4201282648e-02,4.7669201626e+07,/project/tkcastrosim/HNHuang/project_big_sim/data/bluetilted/kp_10_ms_1.5_25_1024/SOAP_full_000_056/simulation_test/SOAP_uncompressed/HBTplus/halo_properties_0056.hdf5
BT_deep,1.0000000000e+08,mean_c_nfw,2.5353644940e-02,4.2976496052e+07,/project/tkcastrosim/HNHuang/project_big_sim/data/bluetilted/kp_10_ms_1.5_25_1024/SOAP_full_000_056/simulation_test/SOAP_uncompressed/HBTplus/halo_properties_0056.hdf5
BT_deep,1.0000000000e+08,mean_c_nfw,2.6560877829e-02,3.8706250211e+07,/project/tkcastrosim/HNHuang/project_big_sim/data/bluetilted/kp_10_ms_1.5_25_1024/SOAP_full_000_056/simulation_test/SOAP_uncompressed/HBTplus/halo_properties_0056.hdf5
BT_deep,1.0000000000e+08,mean_c_nfw,2.7825594022e-02,3.4825172982e+07,/project/tkcastrosim/HNHuang/project_big_sim/data/bluetilted/kp_10_ms_1.5_25_1024/SOAP_full_000_056/simulation_test/SOAP_uncompressed/HBTplus/halo_properties_0056.hdf5
BT_deep,1.0000000000e+08,mean_c_nfw,2.9150530628e-02,3.1302069036e+07,/project/tkcastrosim/HNHuang/project_big_sim/data/bluetilted/kp_10_ms_1.5_25_1024/SOAP_full_000_056/simulation_test/SOAP_uncompressed/HBTplus/halo_properties_0056.hdf5
BT_deep,1.0000000000e+08,mean_c_nfw,3.0538555088e-02,2.8107760016e+07,/project/tkcastrosim/HNHuang/project_big_sim/data/bluetilted/kp_10_ms_1.5_25_1024/SOAP_full_000_056/simulation_test/SOAP_uncompressed/HBTplus/halo_properties_0056.hdf5
BT_deep,1.0000000000e+08,mean_c_nfw,3.1992671378e-02,2.5215003996e+07,/project/tkcastrosim/HNHuang/project_big_sim/data/bluetilted/kp_10_ms_1.5_25_1024/SOAP_full_000_056/simulation_test/SOAP_uncompressed/HBTplus/halo_properties_0056.hdf5
BT_deep,1.0000000000e+08,mean_c_nfw,3.3516026509e-02,2.2598413584e+07,/project/tkcastrosim/HNHuang/project_big_sim/data/bluetilted/kp_10_ms_1.5_25_1024/SOAP_full_000_056/simulation_test/SOAP_uncompressed/HBTplus/halo_properties_0056.hdf5
BT_deep,1.0000000000e+08,mean_c_nfw,3.5111917342e-02,2.0234373062e+07,/project/tkcastrosim/HNHuang/project_big_sim/data/bluetilted/kp_10_ms_1.5_25_1024/SOAP_full_000_056/simulation_test/SOAP_uncompressed/HBTplus/halo_properties_0056.hdf5
BT_deep,1.0000000000e+08,mean_c_nfw,3.6783797718e-02,1.8100954976e+07,/project/tkcastrosim/HNHuang/project_big_sim/data/bluetilted/kp_10_ms_1.5_25_1024/SOAP_full_000_056/simulation_test/SOAP_uncompressed/HBTplus/halo_properties_0056.hdf5
BT_deep,1.0000000000e+08,mean_c_nfw,3.8535285937e-02,1.6177836597e+07,/project/tkcastrosim/HNHuang/project_big_sim/data/bluetilted/kp_10_ms_1.5_25_1024/SOAP_full_000_056/simulation_test/SOAP_uncompressed/HBTplus/halo_properties_0056.hdf5
BT_deep,1.0000000000e+08,mean_c_nfw,4.0370172586e-02,1.4446216663e+07,/project/tkcastrosim/HNHuang/project_big_sim/data/bluetilted/kp_10_ms_1.5_25_1024/SOAP_full_000_056/simulation_test/SOAP_uncompressed/HBTplus/halo_properties_0056.hdf5
BT_deep,1.0000000000e+08,mean_c_nfw,4.2292428744e-02,1.2888732804e+07,/project/tkcastrosim/HNHuang/project_big_sim/data/bluetilted/kp_10_ms_1.5_25_1024/SOAP_full_000_056/simulation_test/SOAP_uncompressed/HBTplus/halo_properties_0056.hdf5
BT_deep,1.0000000000e+08,mean_c_nfw,4.4306214576e-02,1.1489380047e+07,/project/tkcastrosim/HNHuang/project_big_sim/data/bluetilted/kp_10_ms_1.5_25_1024/SOAP_full_000_056/simulation_test/SOAP_uncompressed/HBTplus/halo_properties_0056.hdf5
BT_deep,1.0000000000e+08,mean_c_nfw,4.6415888336e-02,1.0233430741e+07,/project/tkcastrosim/HNHuang/project_big_sim/data/bluetilted/kp_10_ms_1.5_25_1024/SOAP_full_000_056/simulation_test/SOAP_uncompressed/HBTplus/halo_properties_0056.hdf5
BT_deep,1.0000000000e+08,mean_c_nfw,4.8626015801e-02,9.1073562634e+06,/project/tkcastrosim/HNHuang/project_big_sim/data/bluetilted/kp_10_ms_1.5_25_1024/SOAP_full_000_056/simulation_test/SOAP_uncompressed/HBTplus/halo_properties_0056.hdf5
BT_deep,1.0000000000e+08,mean_c_nfw,5.0941380148e-02,8.0987507730e+06,/project/tkcastrosim/HNHuang/project_big_sim/data/bluetilted/kp_10_ms_1.5_25_1024/SOAP_full_000_056/simulation_test/SOAP_uncompressed/HBTplus/halo_properties_0056.hdf5
BT_deep,1.0000000000e+08,mean_c_nfw,5.3366992312e-02,7.1962573058e+06,/project/tkcastrosim/HNHuang/project_big_sim/data/bluetilted/kp_10_ms_1.5_25_1024/SOAP_full_000_056/simulation_test/SOAP_uncompressed/HBTplus/halo_properties_0056.hdf5
BT_deep,1.0000000000e+08,mean_c_nfw,5.5908101825e-02,6.3894964159e+06,/project/tkcastrosim/HNHuang/project_big_sim/data/bluetilted/kp_10_ms_1.5_25_1024/SOAP_full_000_056/simulation_test/SOAP_uncompressed/HBTplus/halo_properties_0056.hdf5
BT_deep,1.0000000000e+08,mean_c_nfw,5.8570208181e-02,5.6689975644e+06,/project/tkcastrosim/HNHuang/project_big_sim/data/bluetilted/kp_10_ms_1.5_25_1024/SOAP_full_000_056/simulation_test/SOAP_uncompressed/HBTplus/halo_properties_0056.hdf5
BT_deep,1.0000000000e+08,mean_c_nfw,6.1359072734e-02,5.0261334017e+06,/project/tkcastrosim/HNHuang/project_big_sim/data/bluetilted/kp_10_ms_1.5_25_1024/SOAP_full_000_056/simulation_test/SOAP_uncompressed/HBTplus/halo_properties_0056.hdf5
BT_deep,1.0000000000e+08,mean_c_nfw,6.4280731173e-02,4.4530570600e+06,/project/tkcastrosim/HNHuang/project_big_sim/data/bluetilted/kp_10_ms_1.5_25_1024/SOAP_full_000_056/simulation_test/SOAP_uncompressed/HBTplus/halo_properties_0056.hdf5
BT_deep,1.0000000000e+08,mean_c_nfw,6.7341506578e-02,3.9426425356e+06,/project/tkcastrosim/HNHuang/project_big_sim/data/bluetilted/kp_10_ms_1.5_25_1024/SOAP_full_000_056/simulation_test/SOAP_uncompressed/HBTplus/halo_properties_0056.hdf5
BT_deep,1.0000000000e+08,mean_c_nfw,7.0548023107e-02,3.4884282083e+06,/project/tkcastrosim/HNHuang/project_big_sim/data/bluetilted/kp_10_ms_1.5_25_1024/SOAP_full_000_056/simulation_test/SOAP_uncompressed/HBTplus/halo_properties_0056.hdf5
BT_deep,1.0000000000e+08,mean_c_nfw,7.3907220335e-02,3.0845635131e+06,/project/tkcastrosim/HNHuang/project_big_sim/data/bluetilted/kp_10_ms_1.5_25_1024/SOAP_full_000_056/simulation_test/SOAP_uncompressed/HBTplus/halo_properties_0056.hdf5
BT_deep,1.0000000000e+08,mean_c_nfw,7.7426368268e-02,2.7257587553e+06,/project/tkcastrosim/HNHuang/project_big_sim/data/bluetilted/kp_10_ms_1.5_25_1024/SOAP_full_000_056/simulation_test/SOAP_uncompressed/HBTplus/halo_properties_0056.hdf5
BT_deep,1.0000000000e+08,mean_c_nfw,8.1113083079e-02,2.4072380304e+06,/project/tkcastrosim/HNHuang/project_big_sim/data/bluetilted/kp_10_ms_1.5_25_1024/SOAP_full_000_056/simulation_test/SOAP_uncompressed/HBTplus/halo_properties_0056.hdf5
BT_deep,1.0000000000e+08,mean_c_nfw,8.4975343591e-02,2.1246951937e+06,/project/tkcastrosim/HNHuang/project_big_sim/data/bluetilted/kp_10_ms_1.5_25_1024/SOAP_full_000_056/simulation_test/SOAP_uncompressed/HBTplus/halo_properties_0056.hdf5
BT_deep,1.0000000000e+08,mean_c_nfw,8.9021508545e-02,1.8742528004e+06,/project/tkcastrosim/HNHuang/project_big_sim/data/bluetilted/kp_10_ms_1.5_25_1024/SOAP_full_000_056/simulation_test/SOAP_uncompressed/HBTplus/halo_properties_0056.hdf5
BT_deep,1.0000000000e+08,mean_c_nfw,9.3260334688e-02,1.6524239266e+06,/project/tkcastrosim/HNHuang/project_big_sim/data/bluetilted/kp_10_ms_1.5_25_1024/SOAP_full_000_056/simulation_test/SOAP_uncompressed/HBTplus/halo_properties_0056.hdf5
BT_deep,1.0000000000e+08,mean_c_nfw,9.7700995730e-02,1.4560767635e+06,/project/tkcastrosim/HNHuang/project_big_sim/data/bluetilted/kp_10_ms_1.5_25_1024/SOAP_full_000_056/simulation_test/SOAP_uncompressed/HBTplus/halo_properties_0056.hdf5
BT_deep,1.0000000000e+08,mean_c_nfw,1.0235310219e-01,1.2824018716e+06,/project/tkcastrosim/HNHuang/project_big_sim/data/bluetilted/kp_10_ms_1.5_25_1024/SOAP_full_000_056/simulation_test/SOAP_uncompressed/HBTplus/halo_properties_0056.hdf5
BT_deep,1.0000000000e+08,mean_c_nfw,1.0722672220e-01,1.1288819694e+06,/project/tkcastrosim/HNHuang/project_big_sim/data/bluetilted/kp_10_ms_1.5_25_1024/SOAP_full_000_056/simulation_test/SOAP_uncompressed/HBTplus/halo_properties_0056.hdf5
BT_deep,1.0000000000e+08,mean_c_nfw,1.1233240330e-01,9.9326413038e+05,/project/tkcastrosim/HNHuang/project_big_sim/data/bluetilted/kp_10_ms_1.5_25_1024/SOAP_full_000_056/simulation_test/SOAP_uncompressed/HBTplus/halo_properties_0056.hdf5
BT_deep,1.0000000000e+08,mean_c_nfw,1.1768119524e-01,8.7353425439e+05,/project/tkcastrosim/HNHuang/project_big_sim/data/bluetilted/kp_10_ms_1.5_25_1024/SOAP_full_000_056/simulation_test/SOAP_uncompressed/HBTplus/halo_properties_0056.hdf5
BT_deep,1.0000000000e+08,mean_c_nfw,1.2328467394e-01,7.6789368118e+05,/project/tkcastrosim/HNHuang/project_big_sim/data/bluetilted/kp_10_ms_1.5_25_1024/SOAP_full_000_056/simulation_test/SOAP_uncompressed/HBTplus/halo_properties_0056.hdf5
BT_deep,1.0000000000e+08,mean_c_nfw,1.2915496650e-01,6.7473781221e+05,/project/tkcastrosim/HNHuang/project_big_sim/data/bluetilted/kp_10_ms_1.5_25_1024/SOAP_full_000_056/simulation_test/SOAP_uncompressed/HBTplus/halo_properties_0056.hdf5
BT_deep,1.0000000000e+08,mean_c_nfw,1.3530477746e-01,5.9263660900e+05,/project/tkcastrosim/HNHuang/project_big_sim/data/bluetilted/kp_10_ms_1.5_25_1024/SOAP_full_000_056/simulation_test/SOAP_uncompressed/HBTplus/halo_properties_0056.hdf5
BT_deep,1.0000000000e+08,mean_c_nfw,1.4174741629e-01,5.2031683907e+05,/project/tkcastrosim/HNHuang/project_big_sim/data/bluetilted/kp_10_ms_1.5_25_1024/SOAP_full_000_056/simulation_test/SOAP_uncompressed/HBTplus/halo_properties_0056.hdf5
BT_deep,1.0000000000e+08,mean_c_nfw,1.4849682623e-01,4.5664594367e+05,/project/tkcastrosim/HNHuang/project_big_sim/data/bluetilted/kp_10_ms_1.5_25_1024/SOAP_full_000_056/simulation_test/SOAP_uncompressed/HBTplus/halo_properties_0056.hdf5
BT_deep,1.0000000000e+08,mean_c_nfw,1.5556761439e-01,4.0061740642e+05,/project/tkcastrosim/HNHuang/project_big_sim/data/bluetilted/kp_10_ms_1.5_25_1024/SOAP_full_000_056/simulation_test/SOAP_uncompressed/HBTplus/halo_properties_0056.hdf5
BT_deep,1.0000000000e+08,mean_c_nfw,1.6297508346e-01,3.5133750663e+05,/project/tkcastrosim/HNHuang/project_big_sim/data/bluetilted/kp_10_ms_1.5_25_1024/SOAP_full_000_056/simulation_test/SOAP_uncompressed/HBTplus/halo_properties_0056.hdf5
BT_deep,1.0000000000e+08,mean_c_nfw,1.7073526475e-01,3.0801334673e+05,/project/tkcastrosim/HNHuang/project_big_sim/data/bluetilted/kp_10_ms_1.5_25_1024/SOAP_full_000_056/simulation_test/SOAP_uncompressed/HBTplus/halo_properties_0056.hdf5
BT_deep,1.0000000000e+08,mean_c_nfw,1.7886495291e-01,2.6994204897e+05,/project/tkcastrosim/HNHuang/project_big_sim/data/bluetilted/kp_10_ms_1.5_25_1024/SOAP_full_000_056/simulation_test/SOAP_uncompressed/HBTplus/halo_properties_0056.hdf5
BT_deep,1.0000000000e+08,mean_c_nfw,1.8738174229e-01,2.3650102247e+05,/project/tkcastrosim/HNHuang/project_big_sim/data/bluetilted/kp_10_ms_1.5_25_1024/SOAP_full_000_056/simulation_test/SOAP_uncompressed/HBTplus/halo_properties_0056.hdf5
BT_deep,1.0000000000e+08,mean_c_nfw,1.9630406500e-01,2.0713920778e+05,/project/tkcastrosim/HNHuang/project_big_sim/data/bluetilted/kp_10_ms_1.5_25_1024/SOAP_full_000_056/simulation_test/SOAP_uncompressed/HBTplus/halo_properties_0056.hdf5
BT_deep,1.0000000000e+08,mean_c_nfw,2.0565123083e-01,1.8136921219e+05,/project/tkcastrosim/HNHuang/project_big_sim/data/bluetilted/kp_10_ms_1.5_25_1024/SOAP_full_000_056/simulation_test/SOAP_uncompressed/HBTplus/halo_properties_0056.hdf5
BT_deep,1.0000000000e+08,mean_c_nfw,2.1544346900e-01,1.5876025495e+05,/project/tkcastrosim/HNHuang/project_big_sim/data/bluetilted/kp_10_ms_1.5_25_1024/SOAP_full_000_056/simulation_test/SOAP_uncompressed/HBTplus/halo_properties_0056.hdf5
BT_deep,1.0000000000e+08,mean_c_nfw,2.2570197196e-01,1.3893184740e+05,/project/tkcastrosim/HNHuang/project_big_sim/data/bluetilted/kp_10_ms_1.5_25_1024/SOAP_full_000_056/simulation_test/SOAP_uncompressed/HBTplus/halo_properties_0056.hdf5
BT_deep,1.0000000000e+08,mean_c_nfw,2.3644894126e-01,1.2154813868e+05,/project/tkcastrosim/HNHuang/project_big_sim/data/bluetilted/kp_10_ms_1.5_25_1024/SOAP_full_000_056/simulation_test/SOAP_uncompressed/HBTplus/halo_properties_0056.hdf5
BT_deep,1.0000000000e+08,mean_c_nfw,2.4770763560e-01,1.0631286317e+05,/project/tkcastrosim/HNHuang/project_big_sim/data/bluetilted/kp_10_ms_1.5_25_1024/SOAP_full_000_056/simulation_test/SOAP_uncompressed/HBTplus/halo_properties_0056.hdf5
BT_deep,1.0000000000e+08,mean_c_nfw,2.5950242114e-01,9.2964830755e+04,/project/tkcastrosim/HNHuang/project_big_sim/data/bluetilted/kp_10_ms_1.5_25_1024/SOAP_full_000_056/simulation_test/SOAP_uncompressed/HBTplus/halo_properties_0056.hdf5
BT_deep,1.0000000000e+08,mean_c_nfw,2.7185882427e-01,8.1273906364e+04,/project/tkcastrosim/HNHuang/project_big_sim/data/bluetilted/kp_10_ms_1.5_25_1024/SOAP_full_000_056/simulation_test/SOAP_uncompressed/HBTplus/halo_properties_0056.hdf5
BT_deep,1.0000000000e+08,mean_c_nfw,2.8480358684e-01,7.1037429313e+04,/project/tkcastrosim/HNHuang/project_big_sim/data/bluetilted/kp_10_ms_1.5_25_1024/SOAP_full_000_056/simulation_test/SOAP_uncompressed/HBTplus/halo_properties_0056.hdf5
BT_deep,1.0000000000e+08,mean_c_nfw,2.9836472403e-01,6.2077027808e+04,/project/tkcastrosim/HNHuang/project_big_sim/data/bluetilted/kp_10_ms_1.5_25_1024/SOAP_full_000_056/simulation_test/SOAP_uncompressed/HBTplus/halo_properties_0056.hdf5
BT_deep,1.0000000000e+08,mean_c_nfw,3.1257158497e-01,5.4235787715e+04,/project/tkcastrosim/HNHuang/project_big_sim/data/bluetilted/kp_10_ms_1.5_25_1024/SOAP_full_000_056/simulation_test/SOAP_uncompressed/HBTplus/halo_properties_0056.hdf5
BT_deep,1.0000000000e+08,mean_c_nfw,3.2745491629e-01,4.7375738608e+04,/project/tkcastrosim/HNHuang/project_big_sim/data/bluetilted/kp_10_ms_1.5_25_1024/SOAP_full_000_056/simulation_test/SOAP_uncompressed/HBTplus/halo_properties_0056.hdf5
BT_deep,1.0000000000e+08,mean_c_nfw,3.4304692863e-01,4.1375623557e+04,/project/tkcastrosim/HNHuang/project_big_sim/data/bluetilted/kp_10_ms_1.5_25_1024/SOAP_full_000_056/simulation_test/SOAP_uncompressed/HBTplus/halo_properties_0056.hdf5
BT_deep,1.0000000000e+08,mean_c_nfw,3.5938136638e-01,3.6128922352e+04,/project/tkcastrosim/HNHuang/project_big_sim/data/bluetilted/kp_10_ms_1.5_25_1024/SOAP_full_000_056/simulation_test/SOAP_uncompressed/HBTplus/halo_properties_0056.hdf5
BT_deep,1.0000000000e+08,mean_c_nfw,3.7649358068e-01,3.1542100826e+04,/project/tkcastrosim/HNHuang/project_big_sim/data/bluetilted/kp_10_ms_1.5_25_1024/SOAP_full_000_056/simulation_test/SOAP_uncompressed/HBTplus/halo_properties_0056.hdf5
BT_deep,1.0000000000e+08,mean_c_nfw,3.9442060594e-01,2.7533061639e+04,/project/tkcastrosim/HNHuang/project_big_sim/data/bluetilted/kp_10_ms_1.5_25_1024/SOAP_full_000_056/simulation_test/SOAP_uncompressed/HBTplus/halo_properties_0056.hdf5
BT_deep,1.0000000000e+08,mean_c_nfw,4.1320124001e-01,2.4029774396e+04,/project/tkcastrosim/HNHuang/project_big_sim/data/bluetilted/kp_10_ms_1.5_25_1024/SOAP_full_000_056/simulation_test/SOAP_uncompressed/HBTplus/halo_properties_0056.hdf5
BT_deep,1.0000000000e+08,mean_c_nfw,4.3287612811e-01,2.0969065217e+04,/project/tkcastrosim/HNHuang/project_big_sim/data/bluetilted/kp_10_ms_1.5_25_1024/SOAP_full_000_056/simulation_test/SOAP_uncompressed/HBTplus/halo_properties_0056.hdf5
BT_deep,1.0000000000e+08,mean_c_nfw,4.5348785081e-01,1.8295547947e+04,/project/tkcastrosim/HNHuang/project_big_sim/data/bluetilted/kp_10_ms_1.5_25_1024/SOAP_full_000_056/simulation_test/SOAP_uncompressed/HBTplus/halo_properties_0056.hdf5
BT_deep,1.0000000000e+08,mean_c_nfw,4.7508101621e-01,1.5960681066e+04,/project/tkcastrosim/HNHuang/project_big_sim/data/bluetilted/kp_10_ms_1.5_25_1024/SOAP_full_000_056/simulation_test/SOAP_uncompressed/HBTplus/halo_properties_0056.hdf5
BT_deep,1.0000000000e+08,mean_c_nfw,4.9770235643e-01,1.3921936042e+04,/project/tkcastrosim/HNHuang/project_big_sim/data/bluetilted/kp_10_ms_1.5_25_1024/SOAP_full_000_056/simulation_test/SOAP_uncompressed/HBTplus/halo_properties_0056.hdf5
BT_deep,1.0000000000e+08,mean_c_nfw,5.2140082880e-01,1.2142064410e+04,/project/tkcastrosim/HNHuang/project_big_sim/data/bluetilted/kp_10_ms_1.5_25_1024/SOAP_full_000_056/simulation_test/SOAP_uncompressed/HBTplus/halo_properties_0056.hdf5
BT_deep,1.0000000000e+08,mean_c_nfw,5.4622772177e-01,1.0588452235e+04,/project/tkcastrosim/HNHuang/project_big_sim/data/bluetilted/kp_10_ms_1.5_25_1024/SOAP_full_000_056/simulation_test/SOAP_uncompressed/HBTplus/halo_properties_0056.hdf5
BT_deep,1.0000000000e+08,mean_c_nfw,5.7223676594e-01,9.2325518583e+03,/project/tkcastrosim/HNHuang/project_big_sim/data/bluetilted/kp_10_ms_1.5_25_1024/SOAP_full_000_056/simulation_test/SOAP_uncompressed/HBTplus/halo_properties_0056.hdf5
BT_deep,1.0000000000e+08,mean_c_nfw,5.9948425032e-01,8.0493819415e+03,/project/tkcastrosim/HNHuang/project_big_sim/data/bluetilted/kp_10_ms_1.5_25_1024/SOAP_full_000_056/simulation_test/SOAP_uncompressed/HBTplus/halo_properties_0056.hdf5
BT_deep,1.0000000000e+08,mean_c_nfw,6.2802914418e-01,7.0170878268e+03,/project/tkcastrosim/HNHuang/project_big_sim/data/bluetilted/kp_10_ms_1.5_25_1024/SOAP_full_000_056/simulation_test/SOAP_uncompressed/HBTplus/halo_properties_0056.hdf5
BT_deep,1.0000000000e+08,mean_c_nfw,6.5793322466e-01,6.1165551249e+03,/project/tkcastrosim/HNHuang/project_big_sim/data/bluetilted/kp_10_ms_1.5_25_1024/SOAP_full_000_056/simulation_test/SOAP_uncompressed/HBTplus/halo_properties_0056.hdf5
BT_deep,1.0000000000e+08,mean_c_nfw,6.8926121043e-01,5.3310702455e+03,/project/tkcastrosim/HNHuang/project_big_sim/data/bluetilted/kp_10_ms_1.5_25_1024/SOAP_full_000_056/simulation_test/SOAP_uncompressed/HBTplus/halo_properties_0056.hdf5
BT_deep,1.0000000000e+08,mean_c_nfw,7.2208090184e-01,4.6460223011e+03,/project/tkcastrosim/HNHuang/project_big_sim/data/bluetilted/kp_10_ms_1.5_25_1024/SOAP_full_000_056/simulation_test/SOAP_uncompressed/HBTplus/halo_properties_0056.hdf5
BT_deep,1.0000000000e+08,mean_c_nfw,7.5646332755e-01,4.0486414546e+03,/project/tkcastrosim/HNHuang/project_big_sim/data/bluetilted/kp_10_ms_1.5_25_1024/SOAP_full_000_056/simulation_test/SOAP_uncompressed/HBTplus/halo_properties_0056.hdf5
BT_deep,1.0000000000e+08,mean_c_nfw,7.9248289835e-01,3.5277693477e+03,/project/tkcastrosim/HNHuang/project_big_sim/data/bluetilted/kp_10_ms_1.5_25_1024/SOAP_full_000_056/simulation_test/SOAP_uncompressed/HBTplus/halo_properties_0056.hdf5
BT_deep,1.0000000000e+08,mean_c_nfw,8.3021756813e-01,3.0736577567e+03,/project/tkcastrosim/HNHuang/project_big_sim/data/bluetilted/kp_10_ms_1.5_25_1024/SOAP_full_000_056/simulation_test/SOAP_uncompressed/HBTplus/halo_properties_0056.hdf5
BT_deep,1.0000000000e+08,mean_c_nfw,8.6974900262e-01,2.6777920710e+03,/project/tkcastrosim/HNHuang/project_big_sim/data/bluetilted/kp_10_ms_1.5_25_1024/SOAP_full_000_056/simulation_test/SOAP_uncompressed/HBTplus/halo_properties_0056.hdf5
BT_deep,1.0000000000e+08,mean_c_nfw,9.1116275612e-01,2.3327365889e+03,/project/tkcastrosim/HNHuang/project_big_sim/data/bluetilted/kp_10_ms_1.5_25_1024/SOAP_full_000_056/simulation_test/SOAP_uncompressed/HBTplus/halo_properties_0056.hdf5
BT_deep,1.0000000000e+08,mean_c_nfw,9.5454845666e-01,2.0319989800e+03,/project/tkcastrosim/HNHuang/project_big_sim/data/bluetilted/kp_10_ms_1.5_25_1024/SOAP_full_000_056/simulation_test/SOAP_uncompressed/HBTplus/halo_properties_0056.hdf5
BT_deep,1.0000000000e+08,mean_c_nfw,1.0000000000e+00,1.7699115802e+03,/project/tkcastrosim/HNHuang/project_big_sim/data/bluetilted/kp_10_ms_1.5_25_1024/SOAP_full_000_056/simulation_test/SOAP_uncompressed/HBTplus/halo_properties_0056.hdf5
BT_deep,1.0000000000e+08,median_c_nfw,1.0000000000e-02,1.8092276845e+08,/project/tkcastrosim/HNHuang/project_big_sim/data/bluetilted/kp_10_ms_1.5_25_1024/SOAP_full_000_056/simulation_test/SOAP_uncompressed/HBTplus/halo_properties_0056.hdf5
BT_deep,1.0000000000e+08,median_c_nfw,1.2216773490e-02,1.3055667045e+08,/project/tkcastrosim/HNHuang/project_big_sim/data/bluetilted/kp_10_ms_1.5_25_1024/SOAP_full_000_056/simulation_test/SOAP_uncompressed/HBTplus/halo_properties_0056.hdf5
BT_deep,1.0000000000e+08,median_c_nfw,1.4924955451e-02,9.2541854012e+07,/project/tkcastrosim/HNHuang/project_big_sim/data/bluetilted/kp_10_ms_1.5_25_1024/SOAP_full_000_056/simulation_test/SOAP_uncompressed/HBTplus/halo_properties_0056.hdf5
BT_deep,1.0000000000e+08,median_c_nfw,1.8233480009e-02,6.4366945482e+07,/project/tkcastrosim/HNHuang/project_big_sim/data/bluetilted/kp_10_ms_1.5_25_1024/SOAP_full_000_056/simulation_test/SOAP_uncompressed/HBTplus/halo_properties_0056.hdf5
BT_deep,1.0000000000e+08,median_c_nfw,2.2275429520e-02,4.3899721820e+07,/project/tkcastrosim/HNHuang/project_big_sim/data/bluetilted/kp_10_ms_1.5_25_1024/SOAP_full_000_056/simulation_test/SOAP_uncompressed/HBTplus/halo_properties_0056.hdf5
BT_deep,1.0000000000e+08,median_c_nfw,2.7213387684e-02,2.9348290701e+07,/project/tkcastrosim/HNHuang/project_big_sim/data/bluetilted/kp_10_ms_1.5_25_1024/SOAP_full_000_056/simulation_test/SOAP_uncompressed/HBTplus/halo_properties_0056.hdf5
BT_deep,1.0000000000e+08,median_c_nfw,3.3245979323e-02,1.9232919560e+07,/project/tkcastrosim/HNHuang/project_big_sim/data/bluetilted/kp_10_ms_1.5_25_1024/SOAP_full_000_056/simulation_test/SOAP_uncompressed/HBTplus/halo_properties_0056.hdf5
BT_deep,1.0000000000e+08,median_c_nfw,4.0615859884e-02,1.2360551022e+07,/project/tkcastrosim/HNHuang/project_big_sim/data/bluetilted/kp_10_ms_1.5_25_1024/SOAP_full_000_056/simulation_test/SOAP_uncompressed/HBTplus/halo_properties_0056.hdf5
BT_deep,1.0000000000e+08,median_c_nfw,4.9619476030e-02,7.7848252808e+06,/project/tkcastrosim/HNHuang/project_big_sim/data/bluetilted/kp_10_ms_1.5_25_1024/SOAP_full_000_056/simulation_test/SOAP_uncompressed/HBTplus/halo_properties_0056.hdf5
BT_deep,1.0000000000e+08,median_c_nfw,6.0618989935e-02,4.8071498797e+06,/project/tkcastrosim/HNHuang/project_big_sim/data/bluetilted/kp_10_ms_1.5_25_1024/SOAP_full_000_056/simulation_test/SOAP_uncompressed/HBTplus/halo_properties_0056.hdf5
BT_deep,1.0000000000e+08,median_c_nfw,7.4056846923e-02,2.9129234647e+06,/project/tkcastrosim/HNHuang/project_big_sim/data/bluetilted/kp_10_ms_1.5_25_1024/SOAP_full_000_056/simulation_test/SOAP_uncompressed/HBTplus/halo_properties_0056.hdf5
BT_deep,1.0000000000e+08,median_c_nfw,9.0473572423e-02,1.7269471376e+06,/project/tkcastrosim/HNHuang/project_big_sim/data/bluetilted/kp_10_ms_1.5_25_1024/SOAP_full_000_056/simulation_test/SOAP_uncompressed/HBTplus/halo_properties_0056.hdf5
BT_deep,1.0000000000e+08,median_c_nfw,1.1052951411e-01,1.0178117634e+06,/project/tkcastrosim/HNHuang/project_big_sim/data/bluetilted/kp_10_ms_1.5_25_1024/SOAP_full_000_056/simulation_test/SOAP_uncompressed/HBTplus/halo_properties_0056.hdf5
BT_deep,1.0000000000e+08,median_c_nfw,1.3503140379e-01,5.9784679682e+05,/project/tkcastrosim/HNHuang/project_big_sim/data/bluetilted/kp_10_ms_1.5_25_1024/SOAP_full_000_056/simulation_test/SOAP_uncompressed/HBTplus/halo_properties_0056.hdf5
BT_deep,1.0000000000e+08,median_c_nfw,1.6496480741e-01,3.5000501832e+05,/project/tkcastrosim/HNHuang/project_big_sim/data/bluetilted/kp_10_ms_1.5_25_1024/SOAP_full_000_056/simulation_test/SOAP_uncompressed/HBTplus/halo_properties_0056.hdf5
BT_deep,1.0000000000e+08,median_c_nfw,2.0153376859e-01,2.0262319788e+05,/project/tkcastrosim/HNHuang/project_big_sim/data/bluetilted/kp_10_ms_1.5_25_1024/SOAP_full_000_056/simulation_test/SOAP_uncompressed/HBTplus/halo_properties_0056.hdf5
BT_deep,1.0000000000e+08,median_c_nfw,2.4620924015e-01,1.1651309609e+05,/project/tkcastrosim/HNHuang/project_big_sim/data/bluetilted/kp_10_ms_1.5_25_1024/SOAP_full_000_056/simulation_test/SOAP_uncompressed/HBTplus/halo_properties_0056.hdf5
BT_deep,1.0000000000e+08,median_c_nfw,3.0078825180e-01,6.6173097272e+04,/project/tkcastrosim/HNHuang/project_big_sim/data/bluetilted/kp_10_ms_1.5_25_1024/SOAP_full_000_056/simulation_test/SOAP_uncompressed/HBTplus/halo_properties_0056.hdf5
BT_deep,1.0000000000e+08,median_c_nfw,3.6746619407e-01,3.7299031782e+04,/project/tkcastrosim/HNHuang/project_big_sim/data/bluetilted/kp_10_ms_1.5_25_1024/SOAP_full_000_056/simulation_test/SOAP_uncompressed/HBTplus/halo_properties_0056.hdf5
BT_deep,1.0000000000e+08,median_c_nfw,4.4892512582e-01,2.0920649769e+04,/project/tkcastrosim/HNHuang/project_big_sim/data/bluetilted/kp_10_ms_1.5_25_1024/SOAP_full_000_056/simulation_test/SOAP_uncompressed/HBTplus/halo_properties_0056.hdf5
BT_deep,1.0000000000e+08,median_c_nfw,5.4844165761e-01,1.1688703574e+04,/project/tkcastrosim/HNHuang/project_big_sim/data/bluetilted/kp_10_ms_1.5_25_1024/SOAP_full_000_056/simulation_test/SOAP_uncompressed/HBTplus/halo_properties_0056.hdf5
BT_deep,1.0000000000e+08,median_c_nfw,6.7001875035e-01,6.5095506139e+03,/project/tkcastrosim/HNHuang/project_big_sim/data/bluetilted/kp_10_ms_1.5_25_1024/SOAP_full_000_056/simulation_test/SOAP_uncompressed/HBTplus/halo_properties_0056.hdf5
BT_deep,1.0000000000e+08,median_c_nfw,8.1854673071e-01,3.6154839588e+03,/project/tkcastrosim/HNHuang/project_big_sim/data/bluetilted/kp_10_ms_1.5_25_1024/SOAP_full_000_056/simulation_test/SOAP_uncompressed/HBTplus/halo_properties_0056.hdf5
BT_deep,1.0000000000e+08,median_c_nfw,1.0000000000e+00,2.0036069200e+03,/project/tkcastrosim/HNHuang/project_big_sim/data/bluetilted/kp_10_ms_1.5_25_1024/SOAP_full_000_056/simulation_test/SOAP_uncompressed/HBTplus/halo_properties_0056.hdf5
BT_deep,1.0000000000e+09,mean_c_nfw,1.0000000000e-02,2.2542455263e+08,/project/tkcastrosim/HNHuang/project_big_sim/data/bluetilted/kp_10_ms_1.5_25_1024/SOAP_full_000_056/simulation_test/SOAP_uncompressed/HBTplus/halo_properties_0056.hdf5
BT_deep,1.0000000000e+09,mean_c_nfw,1.0476157528e-02,2.0838979152e+08,/project/tkcastrosim/HNHuang/project_big_sim/data/bluetilted/kp_10_ms_1.5_25_1024/SOAP_full_000_056/simulation_test/SOAP_uncompressed/HBTplus/halo_properties_0056.hdf5
BT_deep,1.0000000000e+09,mean_c_nfw,1.0974987655e-02,1.9245278286e+08,/project/tkcastrosim/HNHuang/project_big_sim/data/bluetilted/kp_10_ms_1.5_25_1024/SOAP_full_000_056/simulation_test/SOAP_uncompressed/HBTplus/halo_properties_0056.hdf5
BT_deep,1.0000000000e+09,mean_c_nfw,1.1497569954e-02,1.7755736224e+08,/project/tkcastrosim/HNHuang/project_big_sim/data/bluetilted/kp_10_ms_1.5_25_1024/SOAP_full_000_056/simulation_test/SOAP_uncompressed/HBTplus/halo_properties_0056.hdf5
BT_deep,1.0000000000e+09,mean_c_nfw,1.2045035403e-02,1.6364941974e+08,/project/tkcastrosim/HNHuang/project_big_sim/data/bluetilted/kp_10_ms_1.5_25_1024/SOAP_full_000_056/simulation_test/SOAP_uncompressed/HBTplus/halo_properties_0056.hdf5
BT_deep,1.0000000000e+09,mean_c_nfw,1.2618568831e-02,1.5067683623e+08,/project/tkcastrosim/HNHuang/project_big_sim/data/bluetilted/kp_10_ms_1.5_25_1024/SOAP_full_000_056/simulation_test/SOAP_uncompressed/HBTplus/halo_properties_0056.hdf5
BT_deep,1.0000000000e+09,mean_c_nfw,1.3219411485e-02,1.3858942584e+08,/project/tkcastrosim/HNHuang/project_big_sim/data/bluetilted/kp_10_ms_1.5_25_1024/SOAP_full_000_056/simulation_test/SOAP_uncompressed/HBTplus/halo_properties_0056.hdf5
BT_deep,1.0000000000e+09,mean_c_nfw,1.3848863714e-02,1.2733888381e+08,/project/tkcastrosim/HNHuang/project_big_sim/data/bluetilted/kp_10_ms_1.5_25_1024/SOAP_full_000_056/simulation_test/SOAP_uncompressed/HBTplus/halo_properties_0056.hdf5
BT_deep,1.0000000000e+09,mean_c_nfw,1.4508287785e-02,1.1687873937e+08,/project/tkcastrosim/HNHuang/project_big_sim/data/bluetilted/kp_10_ms_1.5_25_1024/SOAP_full_000_056/simulation_test/SOAP_uncompressed/HBTplus/halo_properties_0056.hdf5
BT_deep,1.0000000000e+09,mean_c_nfw,1.5199110830e-02,1.0716431281e+08,/project/tkcastrosim/HNHuang/project_big_sim/data/bluetilted/kp_10_ms_1.5_25_1024/SOAP_full_000_056/simulation_test/SOAP_uncompressed/HBTplus/halo_properties_0056.hdf5
BT_deep,1.0000000000e+09,mean_c_nfw,1.5922827933e-02,9.8152676321e+07,/project/tkcastrosim/HNHuang/project_big_sim/data/bluetilted/kp_10_ms_1.5_25_1024/SOAP_full_000_056/simulation_test/SOAP_uncompressed/HBTplus/halo_properties_0056.hdf5
BT_deep,1.0000000000e+09,mean_c_nfw,1.6681005372e-02,8.9802617907e+07,/project/tkcastrosim/HNHuang/project_big_sim/data/bluetilted/kp_10_ms_1.5_25_1024/SOAP_full_000_056/simulation_test/SOAP_uncompressed/HBTplus/halo_properties_0056.hdf5
BT_deep,1.0000000000e+09,mean_c_nfw,1.7475284000e-02,8.2074607782e+07,/project/tkcastrosim/HNHuang/project_big_sim/data/bluetilted/kp_10_ms_1.5_25_1024/SOAP_full_000_056/simulation_test/SOAP_uncompressed/HBTplus/halo_properties_0056.hdf5
BT_deep,1.0000000000e+09,mean_c_nfw,1.8307382803e-02,7.4930766737e+07,/project/tkcastrosim/HNHuang/project_big_sim/data/bluetilted/kp_10_ms_1.5_25_1024/SOAP_full_000_056/simulation_test/SOAP_uncompressed/HBTplus/halo_properties_0056.hdf5
BT_deep,1.0000000000e+09,mean_c_nfw,1.9179102617e-02,6.8334835881e+07,/project/tkcastrosim/HNHuang/project_big_sim/data/bluetilted/kp_10_ms_1.5_25_1024/SOAP_full_000_056/simulation_test/SOAP_uncompressed/HBTplus/halo_properties_0056.hdf5
BT_deep,1.0000000000e+09,mean_c_nfw,2.0092330026e-02,6.2252147260e+07,/project/tkcastrosim/HNHuang/project_big_sim/data/bluetilted/kp_10_ms_1.5_25_1024/SOAP_full_000_056/simulation_test/SOAP_uncompressed/HBTplus/halo_properties_0056.hdf5
BT_deep,1.0000000000e+09,mean_c_nfw,2.1049041445e-02,5.6649594875e+07,/project/tkcastrosim/HNHuang/project_big_sim/data/bluetilted/kp_10_ms_1.5_25_1024/SOAP_full_000_056/simulation_test/SOAP_uncompressed/HBTplus/halo_properties_0056.hdf5
BT_deep,1.0000000000e+09,mean_c_nfw,2.2051307399e-02,5.1495605682e+07,/project/tkcastrosim/HNHuang/project_big_sim/data/bluetilted/kp_10_ms_1.5_25_1024/SOAP_full_000_056/simulation_test/SOAP_uncompressed/HBTplus/halo_properties_0056.hdf5
BT_deep,1.0000000000e+09,mean_c_nfw,2.3101297001e-02,4.6760110172e+07,/project/tkcastrosim/HNHuang/project_big_sim/data/bluetilted/kp_10_ms_1.5_25_1024/SOAP_full_000_056/simulation_test/SOAP_uncompressed/HBTplus/halo_properties_0056.hdf5
BT_deep,1.0000000000e+09,mean_c_nfw,2.4201282648e-02,4.2414512227e+07,/project/tkcastrosim/HNHuang/project_big_sim/data/bluetilted/kp_10_ms_1.5_25_1024/SOAP_full_000_056/simulation_test/SOAP_uncompressed/HBTplus/halo_properties_0056.hdf5
BT_deep,1.0000000000e+09,mean_c_nfw,2.5353644940e-02,3.8431657962e+07,/project/tkcastrosim/HNHuang/project_big_sim/data/bluetilted/kp_10_ms_1.5_25_1024/SOAP_full_000_056/simulation_test/SOAP_uncompressed/HBTplus/halo_properties_0056.hdf5
BT_deep,1.0000000000e+09,mean_c_nfw,2.6560877829e-02,3.4785803345e+07,/project/tkcastrosim/HNHuang/project_big_sim/data/bluetilted/kp_10_ms_1.5_25_1024/SOAP_full_000_056/simulation_test/SOAP_uncompressed/HBTplus/halo_properties_0056.hdf5
BT_deep,1.0000000000e+09,mean_c_nfw,2.7825594022e-02,3.1452580437e+07,/project/tkcastrosim/HNHuang/project_big_sim/data/bluetilted/kp_10_ms_1.5_25_1024/SOAP_full_000_056/simulation_test/SOAP_uncompressed/HBTplus/halo_properties_0056.hdf5
BT_deep,1.0000000000e+09,mean_c_nfw,2.9150530628e-02,2.8408962154e+07,/project/tkcastrosim/HNHuang/project_big_sim/data/bluetilted/kp_10_ms_1.5_25_1024/SOAP_full_000_056/simulation_test/SOAP_uncompressed/HBTplus/halo_properties_0056.hdf5
BT_deep,1.0000000000e+09,mean_c_nfw,3.0538555088e-02,2.5633225487e+07,/project/tkcastrosim/HNHuang/project_big_sim/data/bluetilted/kp_10_ms_1.5_25_1024/SOAP_full_000_056/simulation_test/SOAP_uncompressed/HBTplus/halo_properties_0056.hdf5
BT_deep,1.0000000000e+09,mean_c_nfw,3.1992671378e-02,2.3104913207e+07,/project/tkcastrosim/HNHuang/project_big_sim/data/bluetilted/kp_10_ms_1.5_25_1024/SOAP_full_000_056/simulation_test/SOAP_uncompressed/HBTplus/halo_properties_0056.hdf5
BT_deep,1.0000000000e+09,mean_c_nfw,3.3516026509e-02,2.0804794088e+07,/project/tkcastrosim/HNHuang/project_big_sim/data/bluetilted/kp_10_ms_1.5_25_1024/SOAP_full_000_056/simulation_test/SOAP_uncompressed/HBTplus/halo_properties_0056.hdf5
BT_deep,1.0000000000e+09,mean_c_nfw,3.5111917342e-02,1.8714821745e+07,/project/tkcastrosim/HNHuang/project_big_sim/data/bluetilted/kp_10_ms_1.5_25_1024/SOAP_full_000_056/simulation_test/SOAP_uncompressed/HBTplus/halo_properties_0056.hdf5
BT_deep,1.0000000000e+09,mean_c_nfw,3.6783797718e-02,1.6818092218e+07,/project/tkcastrosim/HNHuang/project_big_sim/data/bluetilted/kp_10_ms_1.5_25_1024/SOAP_full_000_056/simulation_test/SOAP_uncompressed/HBTplus/halo_properties_0056.hdf5
BT_deep,1.0000000000e+09,mean_c_nfw,3.8535285937e-02,1.5098800463e+07,/project/tkcastrosim/HNHuang/project_big_sim/data/bluetilted/kp_10_ms_1.5_25_1024/SOAP_full_000_056/simulation_test/SOAP_uncompressed/HBTplus/halo_properties_0056.hdf5
BT_deep,1.0000000000e+09,mean_c_nfw,4.0370172586e-02,1.3542195936e+07,/project/tkcastrosim/HNHuang/project_big_sim/data/bluetilted/kp_10_ms_1.5_25_1024/SOAP_full_000_056/simulation_test/SOAP_uncompressed/HBTplus/halo_properties_0056.hdf5
BT_deep,1.0000000000e+09,mean_c_nfw,4.2292428744e-02,1.2134537480e+07,/project/tkcastrosim/HNHuang/project_big_sim/data/bluetilted/kp_10_ms_1.5_25_1024/SOAP_full_000_056/simulation_test/SOAP_uncompressed/HBTplus/halo_properties_0056.hdf5
BT_deep,1.0000000000e+09,mean_c_nfw,4.4306214576e-02,1.0863047718e+07,/project/tkcastrosim/HNHuang/project_big_sim/data/bluetilted/kp_10_ms_1.5_25_1024/SOAP_full_000_056/simulation_test/SOAP_uncompressed/HBTplus/halo_properties_0056.hdf5
BT_deep,1.0000000000e+09,mean_c_nfw,4.6415888336e-02,9.7158672073e+06,/project/tkcastrosim/HNHuang/project_big_sim/data/bluetilted/kp_10_ms_1.5_25_1024/SOAP_full_000_056/simulation_test/SOAP_uncompressed/HBTplus/halo_properties_0056.hdf5
BT_deep,1.0000000000e+09,mean_c_nfw,4.8626015801e-02,8.6820085578e+06,/project/tkcastrosim/HNHuang/project_big_sim/data/bluetilted/kp_10_ms_1.5_25_1024/SOAP_full_000_056/simulation_test/SOAP_uncompressed/HBTplus/halo_properties_0056.hdf5
BT_deep,1.0000000000e+09,mean_c_nfw,5.0941380148e-02,7.7513107550e+06,/project/tkcastrosim/HNHuang/project_big_sim/data/bluetilted/kp_10_ms_1.5_25_1024/SOAP_full_000_056/simulation_test/SOAP_uncompressed/HBTplus/halo_properties_0056.hdf5
BT_deep,1.0000000000e+09,mean_c_nfw,5.3366992312e-02,6.9143939060e+06,/project/tkcastrosim/HNHuang/project_big_sim/data/bluetilted/kp_10_ms_1.5_25_1024/SOAP_full_000_056/simulation_test/SOAP_uncompressed/HBTplus/halo_properties_0056.hdf5
BT_deep,1.0000000000e+09,mean_c_nfw,5.5908101825e-02,6.1626146148e+06,/project/tkcastrosim/HNHuang/project_big_sim/data/bluetilted/kp_10_ms_1.5_25_1024/SOAP_full_000_056/simulation_test/SOAP_uncompressed/HBTplus/halo_properties_0056.hdf5
BT_deep,1.0000000000e+09,mean_c_nfw,5.8570208181e-02,5.4880221848e+06,/project/tkcastrosim/HNHuang/project_big_sim/data/bluetilted/kp_10_ms_1.5_25_1024/SOAP_full_000_056/simulation_test/SOAP_uncompressed/HBTplus/halo_properties_0056.hdf5
BT_deep,1.0000000000e+09,mean_c_nfw,6.1359072734e-02,4.8833158256e+06,/project/tkcastrosim/HNHuang/project_big_sim/data/bluetilted/kp_10_ms_1.5_25_1024/SOAP_full_000_056/simulation_test/SOAP_uncompressed/HBTplus/halo_properties_0056.hdf5
BT_deep,1.0000000000e+09,mean_c_nfw,6.4280731173e-02,4.3418030264e+06,/project/tkcastrosim/HNHuang/project_big_sim/data/bluetilted/kp_10_ms_1.5_25_1024/SOAP_full_000_056/simulation_test/SOAP_uncompressed/HBTplus/halo_properties_0056.hdf5
BT_deep,1.0000000000e+09,mean_c_nfw,6.7341506578e-02,3.8573592345e+06,/project/tkcastrosim/HNHuang/project_big_sim/data/bluetilted/kp_10_ms_1.5_25_1024/SOAP_full_000_056/simulation_test/SOAP_uncompressed/HBTplus/halo_properties_0056.hdf5
BT_deep,1.0000000000e+09,mean_c_nfw,7.0548023107e-02,3.4243889609e+06,/project/tkcastrosim/HNHuang/project_big_sim/data/bluetilted/kp_10_ms_1.5_25_1024/SOAP_full_000_056/simulation_test/SOAP_uncompressed/HBTplus/halo_properties_0056.hdf5
BT_deep,1.0000000000e+09,mean_c_nfw,7.3907220335e-02,3.0377884122e+06,/project/tkcastrosim/HNHuang/project_big_sim/data/bluetilted/kp_10_ms_1.5_25_1024/SOAP_full_000_056/simulation_test/SOAP_uncompressed/HBTplus/halo_properties_0056.hdf5
BT_deep,1.0000000000e+09,mean_c_nfw,7.7426368268e-02,2.6929097267e+06,/project/tkcastrosim/HNHuang/project_big_sim/data/bluetilted/kp_10_ms_1.5_25_1024/SOAP_full_000_056/simulation_test/SOAP_uncompressed/HBTplus/halo_properties_0056.hdf5
BT_deep,1.0000000000e+09,mean_c_nfw,8.1113083079e-02,2.3855268753e+06,/project/tkcastrosim/HNHuang/project_big_sim/data/bluetilted/kp_10_ms_1.5_25_1024/SOAP_full_000_056/simulation_test/SOAP_uncompressed/HBTplus/halo_properties_0056.hdf5
BT_deep,1.0000000000e+09,mean_c_nfw,8.4975343591e-02,2.1118032659e+06,/project/tkcastrosim/HNHuang/project_big_sim/data/bluetilted/kp_10_ms_1.5_25_1024/SOAP_full_000_056/simulation_test/SOAP_uncompressed/HBTplus/halo_properties_0056.hdf5
BT_deep,1.0000000000e+09,mean_c_nfw,8.9021508545e-02,1.8682610750e+06,/project/tkcastrosim/HNHuang/project_big_sim/data/bluetilted/kp_10_ms_1.5_25_1024/SOAP_full_000_056/simulation_test/SOAP_uncompressed/HBTplus/halo_properties_0056.hdf5
BT_deep,1.0000000000e+09,mean_c_nfw,9.3260334688e-02,1.6517523101e+06,/project/tkcastrosim/HNHuang/project_big_sim/data/bluetilted/kp_10_ms_1.5_25_1024/SOAP_full_000_056/simulation_test/SOAP_uncompressed/HBTplus/halo_properties_0056.hdf5
BT_deep,1.0000000000e+09,mean_c_nfw,9.7700995730e-02,1.4594315966e+06,/project/tkcastrosim/HNHuang/project_big_sim/data/bluetilted/kp_10_ms_1.5_25_1024/SOAP_full_000_056/simulation_test/SOAP_uncompressed/HBTplus/halo_properties_0056.hdf5
BT_deep,1.0000000000e+09,mean_c_nfw,1.0235310219e-01,1.2887306643e+06,/project/tkcastrosim/HNHuang/project_big_sim/data/bluetilted/kp_10_ms_1.5_25_1024/SOAP_full_000_056/simulation_test/SOAP_uncompressed/HBTplus/halo_properties_0056.hdf5
BT_deep,1.0000000000e+09,mean_c_nfw,1.0722672220e-01,1.1373345011e+06,/project/tkcastrosim/HNHuang/project_big_sim/data/bluetilted/kp_10_ms_1.5_25_1024/SOAP_full_000_056/simulation_test/SOAP_uncompressed/HBTplus/halo_properties_0056.hdf5
BT_deep,1.0000000000e+09,mean_c_nfw,1.1233240330e-01,1.0031591295e+06,/project/tkcastrosim/HNHuang/project_big_sim/data/bluetilted/kp_10_ms_1.5_25_1024/SOAP_full_000_056/simulation_test/SOAP_uncompressed/HBTplus/halo_properties_0056.hdf5
BT_deep,1.0000000000e+09,mean_c_nfw,1.1768119524e-01,8.8433095272e+05,/project/tkcastrosim/HNHuang/project_big_sim/data/bluetilted/kp_10_ms_1.5_25_1024/SOAP_full_000_056/simulation_test/SOAP_uncompressed/HBTplus/halo_properties_0056.hdf5
BT_deep,1.0000000000e+09,mean_c_nfw,1.2328467394e-01,7.7916761356e+05,/project/tkcastrosim/HNHuang/project_big_sim/data/bluetilted/kp_10_ms_1.5_25_1024/SOAP_full_000_056/simulation_test/SOAP_uncompressed/HBTplus/halo_properties_0056.hdf5
BT_deep,1.0000000000e+09,mean_c_nfw,1.2915496650e-01,6.8616029888e+05,/project/tkcastrosim/HNHuang/project_big_sim/data/bluetilted/kp_10_ms_1.5_25_1024/SOAP_full_000_056/simulation_test/SOAP_uncompressed/HBTplus/halo_properties_0056.hdf5
BT_deep,1.0000000000e+09,mean_c_nfw,1.3530477746e-01,6.0395742341e+05,/project/tkcastrosim/HNHuang/project_big_sim/data/bluetilted/kp_10_ms_1.5_25_1024/SOAP_full_000_056/simulation_test/SOAP_uncompressed/HBTplus/halo_properties_0056.hdf5
BT_deep,1.0000000000e+09,mean_c_nfw,1.4174741629e-01,5.3134962071e+05,/project/tkcastrosim/HNHuang/project_big_sim/data/bluetilted/kp_10_ms_1.5_25_1024/SOAP_full_000_056/simulation_test/SOAP_uncompressed/HBTplus/halo_properties_0056.hdf5
BT_deep,1.0000000000e+09,mean_c_nfw,1.4849682623e-01,4.6725596890e+05,/project/tkcastrosim/HNHuang/project_big_sim/data/bluetilted/kp_10_ms_1.5_25_1024/SOAP_full_000_056/simulation_test/SOAP_uncompressed/HBTplus/halo_properties_0056.hdf5
BT_deep,1.0000000000e+09,mean_c_nfw,1.5556761439e-01,4.1071137780e+05,/project/tkcastrosim/HNHuang/project_big_sim/data/bluetilted/kp_10_ms_1.5_25_1024/SOAP_full_000_056/simulation_test/SOAP_uncompressed/HBTplus/halo_properties_0056.hdf5
BT_deep,1.0000000000e+09,mean_c_nfw,1.6297508346e-01,3.6085506424e+05,/project/tkcastrosim/HNHuang/project_big_sim/data/bluetilted/kp_10_ms_1.5_25_1024/SOAP_full_000_056/simulation_test/SOAP_uncompressed/HBTplus/halo_properties_0056.hdf5
BT_deep,1.0000000000e+09,mean_c_nfw,1.7073526475e-01,3.1692004343e+05,/project/tkcastrosim/HNHuang/project_big_sim/data/bluetilted/kp_10_ms_1.5_25_1024/SOAP_full_000_056/simulation_test/SOAP_uncompressed/HBTplus/halo_properties_0056.hdf5
BT_deep,1.0000000000e+09,mean_c_nfw,1.7886495291e-01,2.7822356585e+05,/project/tkcastrosim/HNHuang/project_big_sim/data/bluetilted/kp_10_ms_1.5_25_1024/SOAP_full_000_056/simulation_test/SOAP_uncompressed/HBTplus/halo_properties_0056.hdf5
BT_deep,1.0000000000e+09,mean_c_nfw,1.8738174229e-01,2.4415843119e+05,/project/tkcastrosim/HNHuang/project_big_sim/data/bluetilted/kp_10_ms_1.5_25_1024/SOAP_full_000_056/simulation_test/SOAP_uncompressed/HBTplus/halo_properties_0056.hdf5
BT_deep,1.0000000000e+09,mean_c_nfw,1.9630406500e-01,2.1418511320e+05,/project/tkcastrosim/HNHuang/project_big_sim/data/bluetilted/kp_10_ms_1.5_25_1024/SOAP_full_000_056/simulation_test/SOAP_uncompressed/HBTplus/halo_properties_0056.hdf5
BT_deep,1.0000000000e+09,mean_c_nfw,2.0565123083e-01,1.8782463253e+05,/project/tkcastrosim/HNHuang/project_big_sim/data/bluetilted/kp_10_ms_1.5_25_1024/SOAP_full_000_056/simulation_test/SOAP_uncompressed/HBTplus/halo_properties_0056.hdf5
BT_deep,1.0000000000e+09,mean_c_nfw,2.1544346900e-01,1.6465211723e+05,/project/tkcastrosim/HNHuang/project_big_sim/data/bluetilted/kp_10_ms_1.5_25_1024/SOAP_full_000_056/simulation_test/SOAP_uncompressed/HBTplus/halo_properties_0056.hdf5
BT_deep,1.0000000000e+09,mean_c_nfw,2.2570197196e-01,1.4429099405e+05,/project/tkcastrosim/HNHuang/project_big_sim/data/bluetilted/kp_10_ms_1.5_25_1024/SOAP_full_000_056/simulation_test/SOAP_uncompressed/HBTplus/halo_properties_0056.hdf5
BT_deep,1.0000000000e+09,mean_c_nfw,2.3644894126e-01,1.2640775694e+05,/project/tkcastrosim/HNHuang/project_big_sim/data/bluetilted/kp_10_ms_1.5_25_1024/SOAP_full_000_056/simulation_test/SOAP_uncompressed/HBTplus/halo_properties_0056.hdf5
BT_deep,1.0000000000e+09,mean_c_nfw,2.4770763560e-01,1.1070726239e+05,/project/tkcastrosim/HNHuang/project_big_sim/data/bluetilted/kp_10_ms_1.5_25_1024/SOAP_full_000_056/simulation_test/SOAP_uncompressed/HBTplus/halo_properties_0056.hdf5
BT_deep,1.0000000000e+09,mean_c_nfw,2.5950242114e-01,9.6928504614e+04,/project/tkcastrosim/HNHuang/project_big_sim/data/bluetilted/kp_10_ms_1.5_25_1024/SOAP_full_000_056/simulation_test/SOAP_uncompressed/HBTplus/halo_properties_0056.hdf5
BT_deep,1.0000000000e+09,mean_c_nfw,2.7185882427e-01,8.4840826912e+04,/project/tkcastrosim/HNHuang/project_big_sim/data/bluetilted/kp_10_ms_1.5_25_1024/SOAP_full_000_056/simulation_test/SOAP_uncompressed/HBTplus/halo_properties_0056.hdf5
BT_deep,1.0000000000e+09,mean_c_nfw,2.8480358684e-01,7.4240528572e+04,/project/tkcastrosim/HNHuang/project_big_sim/data/bluetilted/kp_10_ms_1.5_25_1024/SOAP_full_000_056/simulation_test/SOAP_uncompressed/HBTplus/halo_properties_0056.hdf5
BT_deep,1.0000000000e+09,mean_c_nfw,2.9836472403e-01,6.4947829924e+04,/project/tkcastrosim/HNHuang/project_big_sim/data/bluetilted/kp_10_ms_1.5_25_1024/SOAP_full_000_056/simulation_test/SOAP_uncompressed/HBTplus/halo_properties_0056.hdf5
BT_deep,1.0000000000e+09,mean_c_nfw,3.1257158497e-01,5.6804161013e+04,/project/tkcastrosim/HNHuang/project_big_sim/data/bluetilted/kp_10_ms_1.5_25_1024/SOAP_full_000_056/simulation_test/SOAP_uncompressed/HBTplus/halo_properties_0056.hdf5
BT_deep,1.0000000000e+09,mean_c_nfw,3.2745491629e-01,4.9669742194e+04,/project/tkcastrosim/HNHuang/project_big_sim/data/bluetilted/kp_10_ms_1.5_25_1024/SOAP_full_000_056/simulation_test/SOAP_uncompressed/HBTplus/halo_properties_0056.hdf5
BT_deep,1.0000000000e+09,mean_c_nfw,3.4304692863e-01,4.3421427631e+04,/project/tkcastrosim/HNHuang/project_big_sim/data/bluetilted/kp_10_ms_1.5_25_1024/SOAP_full_000_056/simulation_test/SOAP_uncompressed/HBTplus/halo_properties_0056.hdf5
BT_deep,1.0000000000e+09,mean_c_nfw,3.5938136638e-01,3.7950785176e+04,/project/tkcastrosim/HNHuang/project_big_sim/data/bluetilted/kp_10_ms_1.5_25_1024/SOAP_full_000_056/simulation_test/SOAP_uncompressed/HBTplus/halo_properties_0056.hdf5
BT_deep,1.0000000000e+09,mean_c_nfw,3.7649358068e-01,3.3162388476e+04,/project/tkcastrosim/HNHuang/project_big_sim/data/bluetilted/kp_10_ms_1.5_25_1024/SOAP_full_000_056/simulation_test/SOAP_uncompressed/HBTplus/halo_properties_0056.hdf5
BT_deep,1.0000000000e+09,mean_c_nfw,3.9442060594e-01,2.8972299330e+04,/project/tkcastrosim/HNHuang/project_big_sim/data/bluetilted/kp_10_ms_1.5_25_1024/SOAP_full_000_056/simulation_test/SOAP_uncompressed/HBTplus/halo_properties_0056.hdf5
BT_deep,1.0000000000e+09,mean_c_nfw,4.1320124001e-01,2.5306720378e+04,/project/tkcastrosim/HNHuang/project_big_sim/data/bluetilted/kp_10_ms_1.5_25_1024/SOAP_full_000_056/simulation_test/SOAP_uncompressed/HBTplus/halo_properties_0056.hdf5
BT_deep,1.0000000000e+09,mean_c_nfw,4.3287612811e-01,2.2100800067e+04,/project/tkcastrosim/HNHuang/project_big_sim/data/bluetilted/kp_10_ms_1.5_25_1024/SOAP_full_000_056/simulation_test/SOAP_uncompressed/HBTplus/halo_properties_0056.hdf5
BT_deep,1.0000000000e+09,mean_c_nfw,4.5348785081e-01,1.9297573614e+04,/project/tkcastrosim/HNHuang/project_big_sim/data/bluetilted/kp_10_ms_1.5_25_1024/SOAP_full_000_056/simulation_test/SOAP_uncompressed/HBTplus/halo_properties_0056.hdf5
BT_deep,1.0000000000e+09,mean_c_nfw,4.7508101621e-01,1.6847025247e+04,/project/tkcastrosim/HNHuang/project_big_sim/data/bluetilted/kp_10_ms_1.5_25_1024/SOAP_full_000_056/simulation_test/SOAP_uncompressed/HBTplus/halo_properties_0056.hdf5
BT_deep,1.0000000000e+09,mean_c_nfw,4.9770235643e-01,1.4705258497e+04,/project/tkcastrosim/HNHuang/project_big_sim/data/bluetilted/kp_10_ms_1.5_25_1024/SOAP_full_000_056/simulation_test/SOAP_uncompressed/HBTplus/halo_properties_0056.hdf5
BT_deep,1.0000000000e+09,mean_c_nfw,5.2140082880e-01,1.2833762648e+04,/project/tkcastrosim/HNHuang/project_big_sim/data/bluetilted/kp_10_ms_1.5_25_1024/SOAP_full_000_056/simulation_test/SOAP_uncompressed/HBTplus/halo_properties_0056.hdf5
BT_deep,1.0000000000e+09,mean_c_nfw,5.4622772177e-01,1.1198764663e+04,/project/tkcastrosim/HNHuang/project_big_sim/data/bluetilted/kp_10_ms_1.5_25_1024/SOAP_full_000_056/simulation_test/SOAP_uncompressed/HBTplus/halo_properties_0056.hdf5
BT_deep,1.0000000000e+09,mean_c_nfw,5.7223676594e-01,9.7706570332e+03,/project/tkcastrosim/HNHuang/project_big_sim/data/bluetilted/kp_10_ms_1.5_25_1024/SOAP_full_000_056/simulation_test/SOAP_uncompressed/HBTplus/halo_properties_0056.hdf5
BT_deep,1.0000000000e+09,mean_c_nfw,5.9948425032e-01,8.5234929747e+03,/project/tkcastrosim/HNHuang/project_big_sim/data/bluetilted/kp_10_ms_1.5_25_1024/SOAP_full_000_056/simulation_test/SOAP_uncompressed/HBTplus/halo_properties_0056.hdf5
BT_deep,1.0000000000e+09,mean_c_nfw,6.2802914418e-01,7.4345413446e+03,/project/tkcastrosim/HNHuang/project_big_sim/data/bluetilted/kp_10_ms_1.5_25_1024/SOAP_full_000_056/simulation_test/SOAP_uncompressed/HBTplus/halo_properties_0056.hdf5
BT_deep,1.0000000000e+09,mean_c_nfw,6.5793322466e-01,6.4838944356e+03,/project/tkcastrosim/HNHuang/project_big_sim/data/bluetilted/kp_10_ms_1.5_25_1024/SOAP_full_000_056/simulation_test/SOAP_uncompressed/HBTplus/halo_properties_0056.hdf5
BT_deep,1.0000000000e+09,mean_c_nfw,6.8926121043e-01,5.6541225748e+03,/project/tkcastrosim/HNHuang/project_big_sim/data/bluetilted/kp_10_ms_1.5_25_1024/SOAP_full_000_056/simulation_test/SOAP_uncompressed/HBTplus/halo_properties_0056.hdf5
BT_deep,1.0000000000e+09,mean_c_nfw,7.2208090184e-01,4.9299701080e+03,/project/tkcastrosim/HNHuang/project_big_sim/data/bluetilted/kp_10_ms_1.5_25_1024/SOAP_full_000_056/simulation_test/SOAP_uncompressed/HBTplus/halo_properties_0056.hdf5
BT_deep,1.0000000000e+09,mean_c_nfw,7.5646332755e-01,4.2980879519e+03,/project/tkcastrosim/HNHuang/project_big_sim/data/bluetilted/kp_10_ms_1.5_25_1024/SOAP_full_000_056/simulation_test/SOAP_uncompressed/HBTplus/halo_properties_0056.hdf5
BT_deep,1.0000000000e+09,mean_c_nfw,7.9248289835e-01,3.7467984363e+03,/project/tkcastrosim/HNHuang/project_big_sim/data/bluetilted/kp_10_ms_1.5_25_1024/SOAP_full_000_056/simulation_test/SOAP_uncompressed/HBTplus/halo_properties_0056.hdf5
BT_deep,1.0000000000e+09,mean_c_nfw,8.3021756813e-01,3.2658886377e+03,/project/tkcastrosim/HNHuang/project_big_sim/data/bluetilted/kp_10_ms_1.5_25_1024/SOAP_full_000_056/simulation_test/SOAP_uncompressed/HBTplus/halo_properties_0056.hdf5
BT_deep,1.0000000000e+09,mean_c_nfw,8.6974900262e-01,2.8464288362e+03,/project/tkcastrosim/HNHuang/project_big_sim/data/bluetilted/kp_10_ms_1.5_25_1024/SOAP_full_000_056/simulation_test/SOAP_uncompressed/HBTplus/halo_properties_0056.hdf5
BT_deep,1.0000000000e+09,mean_c_nfw,9.1116275612e-01,2.4806131129e+03,/project/tkcastrosim/HNHuang/project_big_sim/data/bluetilted/kp_10_ms_1.5_25_1024/SOAP_full_000_056/simulation_test/SOAP_uncompressed/HBTplus/halo_properties_0056.hdf5
BT_deep,1.0000000000e+09,mean_c_nfw,9.5454845666e-01,2.1616194469e+03,/project/tkcastrosim/HNHuang/project_big_sim/data/bluetilted/kp_10_ms_1.5_25_1024/SOAP_full_000_056/simulation_test/SOAP_uncompressed/HBTplus/halo_properties_0056.hdf5
BT_deep,1.0000000000e+09,mean_c_nfw,1.0000000000e+00,1.8834869757e+03,/project/tkcastrosim/HNHuang/project_big_sim/data/bluetilted/kp_10_ms_1.5_25_1024/SOAP_full_000_056/simulation_test/SOAP_uncompressed/HBTplus/halo_properties_0056.hdf5
BT_deep,1.0000000000e+09,median_c_nfw,1.0000000000e-02,1.5540066420e+08,/project/tkcastrosim/HNHuang/project_big_sim/data/bluetilted/kp_10_ms_1.5_25_1024/SOAP_full_000_056/simulation_test/SOAP_uncompressed/HBTplus/halo_properties_0056.hdf5
BT_deep,1.0000000000e+09,median_c_nfw,1.2216773490e-02,1.1346090798e+08,/project/tkcastrosim/HNHuang/project_big_sim/data/bluetilted/kp_10_ms_1.5_25_1024/SOAP_full_000_056/simulation_test/SOAP_uncompressed/HBTplus/halo_properties_0056.hdf5
BT_deep,1.0000000000e+09,median_c_nfw,1.4924955451e-02,8.1442109701e+07,/project/tkcastrosim/HNHuang/project_big_sim/data/bluetilted/kp_10_ms_1.5_25_1024/SOAP_full_000_056/simulation_test/SOAP_uncompressed/HBTplus/halo_properties_0056.hdf5
BT_deep,1.0000000000e+09,median_c_nfw,1.8233480009e-02,5.7403253694e+07,/project/tkcastrosim/HNHuang/project_big_sim/data/bluetilted/kp_10_ms_1.5_25_1024/SOAP_full_000_056/simulation_test/SOAP_uncompressed/HBTplus/halo_properties_0056.hdf5
BT_deep,1.0000000000e+09,median_c_nfw,2.2275429520e-02,3.9691672565e+07,/project/tkcastrosim/HNHuang/project_big_sim/data/bluetilted/kp_10_ms_1.5_25_1024/SOAP_full_000_056/simulation_test/SOAP_uncompressed/HBTplus/halo_properties_0056.hdf5
BT_deep,1.0000000000e+09,median_c_nfw,2.7213387684e-02,2.6907458955e+07,/project/tkcastrosim/HNHuang/project_big_sim/data/bluetilted/kp_10_ms_1.5_25_1024/SOAP_full_000_056/simulation_test/SOAP_uncompressed/HBTplus/halo_properties_0056.hdf5
BT_deep,1.0000000000e+09,median_c_nfw,3.3245979323e-02,1.7879512907e+07,/project/tkcastrosim/HNHuang/project_big_sim/data/bluetilted/kp_10_ms_1.5_25_1024/SOAP_full_000_056/simulation_test/SOAP_uncompressed/HBTplus/halo_properties_0056.hdf5
BT_deep,1.0000000000e+09,median_c_nfw,4.0615859884e-02,1.1647154919e+07,/project/tkcastrosim/HNHuang/project_big_sim/data/bluetilted/kp_10_ms_1.5_25_1024/SOAP_full_000_056/simulation_test/SOAP_uncompressed/HBTplus/halo_properties_0056.hdf5
BT_deep,1.0000000000e+09,median_c_nfw,4.9619476030e-02,7.4422324379e+06,/project/tkcastrosim/HNHuang/project_big_sim/data/bluetilted/kp_10_ms_1.5_25_1024/SOAP_full_000_056/simulation_test/SOAP_uncompressed/HBTplus/halo_properties_0056.hdf5
BT_deep,1.0000000000e+09,median_c_nfw,6.0618989935e-02,4.6621073396e+06,/project/tkcastrosim/HNHuang/project_big_sim/data/bluetilted/kp_10_ms_1.5_25_1024/SOAP_full_000_056/simulation_test/SOAP_uncompressed/HBTplus/halo_properties_0056.hdf5
BT_deep,1.0000000000e+09,median_c_nfw,7.4056846923e-02,2.8645162442e+06,/project/tkcastrosim/HNHuang/project_big_sim/data/bluetilted/kp_10_ms_1.5_25_1024/SOAP_full_000_056/simulation_test/SOAP_uncompressed/HBTplus/halo_properties_0056.hdf5
BT_deep,1.0000000000e+09,median_c_nfw,9.0473572423e-02,1.7312651527e+06,/project/tkcastrosim/HNHuang/project_big_sim/data/bluetilted/kp_10_ms_1.5_25_1024/SOAP_full_000_056/simulation_test/SOAP_uncompressed/HBTplus/halo_properties_0056.hdf5
BT_deep,1.0000000000e+09,median_c_nfw,1.1052951411e-01,1.0299328304e+06,/project/tkcastrosim/HNHuang/project_big_sim/data/bluetilted/kp_10_ms_1.5_25_1024/SOAP_full_000_056/simulation_test/SOAP_uncompressed/HBTplus/halo_properties_0056.hdf5
BT_deep,1.0000000000e+09,median_c_nfw,1.3503140379e-01,6.0721108025e+05,/project/tkcastrosim/HNHuang/project_big_sim/data/bluetilted/kp_10_ms_1.5_25_1024/SOAP_full_000_056/simulation_test/SOAP_uncompressed/HBTplus/halo_properties_0056.hdf5
BT_deep,1.0000000000e+09,median_c_nfw,1.6496480741e-01,3.5608107113e+05,/project/tkcastrosim/HNHuang/project_big_sim/data/bluetilted/kp_10_ms_1.5_25_1024/SOAP_full_000_056/simulation_test/SOAP_uncompressed/HBTplus/halo_properties_0056.hdf5
BT_deep,1.0000000000e+09,median_c_nfw,2.0153376859e-01,2.0713057205e+05,/project/tkcastrosim/HNHuang/project_big_sim/data/bluetilted/kp_10_ms_1.5_25_1024/SOAP_full_000_056/simulation_test/SOAP_uncompressed/HBTplus/halo_properties_0056.hdf5
BT_deep,1.0000000000e+09,median_c_nfw,2.4620924015e-01,1.1918890781e+05,/project/tkcastrosim/HNHuang/project_big_sim/data/bluetilted/kp_10_ms_1.5_25_1024/SOAP_full_000_056/simulation_test/SOAP_uncompressed/HBTplus/halo_properties_0056.hdf5
BT_deep,1.0000000000e+09,median_c_nfw,3.0078825180e-01,6.7987366634e+04,/project/tkcastrosim/HNHuang/project_big_sim/data/bluetilted/kp_10_ms_1.5_25_1024/SOAP_full_000_056/simulation_test/SOAP_uncompressed/HBTplus/halo_properties_0056.hdf5
BT_deep,1.0000000000e+09,median_c_nfw,3.6746619407e-01,3.8459303576e+04,/project/tkcastrosim/HNHuang/project_big_sim/data/bluetilted/kp_10_ms_1.5_25_1024/SOAP_full_000_056/simulation_test/SOAP_uncompressed/HBTplus/halo_properties_0056.hdf5
BT_deep,1.0000000000e+09,median_c_nfw,4.4892512582e-01,2.1639347456e+04,/project/tkcastrosim/HNHuang/project_big_sim/data/bluetilted/kp_10_ms_1.5_25_1024/SOAP_full_000_056/simulation_test/SOAP_uncompressed/HBTplus/halo_properties_0056.hdf5
BT_deep,1.0000000000e+09,median_c_nfw,5.4844165761e-01,1.2122091442e+04,/project/tkcastrosim/HNHuang/project_big_sim/data/bluetilted/kp_10_ms_1.5_25_1024/SOAP_full_000_056/simulation_test/SOAP_uncompressed/HBTplus/halo_properties_0056.hdf5
BT_deep,1.0000000000e+09,median_c_nfw,6.7001875035e-01,6.7657243585e+03,/project/tkcastrosim/HNHuang/project_big_sim/data/bluetilted/kp_10_ms_1.5_25_1024/SOAP_full_000_056/simulation_test/SOAP_uncompressed/HBTplus/halo_properties_0056.hdf5
BT_deep,1.0000000000e+09,median_c_nfw,8.1854673071e-01,3.7646171456e+03,/project/tkcastrosim/HNHuang/project_big_sim/data/bluetilted/kp_10_ms_1.5_25_1024/SOAP_full_000_056/simulation_test/SOAP_uncompressed/HBTplus/halo_properties_0056.hdf5
BT_deep,1.0000000000e+09,median_c_nfw,1.0000000000e+00,2.0894042993e+03,/project/tkcastrosim/HNHuang/project_big_sim/data/bluetilted/kp_10_ms_1.5_25_1024/SOAP_full_000_056/simulation_test/SOAP_uncompressed/HBTplus/halo_properties_0056.hdf5
BT_deep,1.0000000000e+10,mean_c_nfw,1.0000000000e-02,1.3115930004e+08,/project/tkcastrosim/HNHuang/project_big_sim/data/bluetilted/kp_10_ms_1.5_25_1024/SOAP_full_000_056/simulation_test/SOAP_uncompressed/HBTplus/halo_properties_0056.hdf5
BT_deep,1.0000000000e+10,mean_c_nfw,1.0476157528e-02,1.2241723066e+08,/project/tkcastrosim/HNHuang/project_big_sim/data/bluetilted/kp_10_ms_1.5_25_1024/SOAP_full_000_056/simulation_test/SOAP_uncompressed/HBTplus/halo_properties_0056.hdf5
BT_deep,1.0000000000e+10,mean_c_nfw,1.0974987655e-02,1.1416623848e+08,/project/tkcastrosim/HNHuang/project_big_sim/data/bluetilted/kp_10_ms_1.5_25_1024/SOAP_full_000_056/simulation_test/SOAP_uncompressed/HBTplus/halo_properties_0056.hdf5
BT_deep,1.0000000000e+10,mean_c_nfw,1.1497569954e-02,1.0638400160e+08,/project/tkcastrosim/HNHuang/project_big_sim/data/bluetilted/kp_10_ms_1.5_25_1024/SOAP_full_000_056/simulation_test/SOAP_uncompressed/HBTplus/halo_properties_0056.hdf5
BT_deep,1.0000000000e+10,mean_c_nfw,1.2045035403e-02,9.9049058973e+07,/project/tkcastrosim/HNHuang/project_big_sim/data/bluetilted/kp_10_ms_1.5_25_1024/SOAP_full_000_056/simulation_test/SOAP_uncompressed/HBTplus/halo_properties_0056.hdf5
BT_deep,1.0000000000e+10,mean_c_nfw,1.2618568831e-02,9.2140768534e+07,/project/tkcastrosim/HNHuang/project_big_sim/data/bluetilted/kp_10_ms_1.5_25_1024/SOAP_full_000_056/simulation_test/SOAP_uncompressed/HBTplus/halo_properties_0056.hdf5
BT_deep,1.0000000000e+10,mean_c_nfw,1.3219411485e-02,8.5639268175e+07,/project/tkcastrosim/HNHuang/project_big_sim/data/bluetilted/kp_10_ms_1.5_25_1024/SOAP_full_000_056/simulation_test/SOAP_uncompressed/HBTplus/halo_properties_0056.hdf5
BT_deep,1.0000000000e+10,mean_c_nfw,1.3848863714e-02,7.9525439376e+07,/project/tkcastrosim/HNHuang/project_big_sim/data/bluetilted/kp_10_ms_1.5_25_1024/SOAP_full_000_056/simulation_test/SOAP_uncompressed/HBTplus/halo_properties_0056.hdf5
BT_deep,1.0000000000e+10,mean_c_nfw,1.4508287785e-02,7.3780873481e+07,/project/tkcastrosim/HNHuang/project_big_sim/data/bluetilted/kp_10_ms_1.5_25_1024/SOAP_full_000_056/simulation_test/SOAP_uncompressed/HBTplus/halo_properties_0056.hdf5
BT_deep,1.0000000000e+10,mean_c_nfw,1.5199110830e-02,6.8387840503e+07,/project/tkcastrosim/HNHuang/project_big_sim/data/bluetilted/kp_10_ms_1.5_25_1024/SOAP_full_000_056/simulation_test/SOAP_uncompressed/HBTplus/halo_properties_0056.hdf5
BT_deep,1.0000000000e+10,mean_c_nfw,1.5922827933e-02,6.3329260383e+07,/project/tkcastrosim/HNHuang/project_big_sim/data/bluetilted/kp_10_ms_1.5_25_1024/SOAP_full_000_056/simulation_test/SOAP_uncompressed/HBTplus/halo_properties_0056.hdf5
BT_deep,1.0000000000e+10,mean_c_nfw,1.6681005372e-02,5.8588676591e+07,/project/tkcastrosim/HNHuang/project_big_sim/data/bluetilted/kp_10_ms_1.5_25_1024/SOAP_full_000_056/simulation_test/SOAP_uncompressed/HBTplus/halo_properties_0056.hdf5
BT_deep,1.0000000000e+10,mean_c_nfw,1.7475284000e-02,5.4150231960e+07,/project/tkcastrosim/HNHuang/project_big_sim/data/bluetilted/kp_10_ms_1.5_25_1024/SOAP_full_000_056/simulation_test/SOAP_uncompressed/HBTplus/halo_properties_0056.hdf5
BT_deep,1.0000000000e+10,mean_c_nfw,1.8307382803e-02,4.9998646650e+07,/project/tkcastrosim/HNHuang/project_big_sim/data/bluetilted/kp_10_ms_1.5_25_1024/SOAP_full_000_056/simulation_test/SOAP_uncompressed/HBTplus/halo_properties_0056.hdf5
BT_deep,1.0000000000e+10,mean_c_nfw,1.9179102617e-02,4.6119198096e+07,/project/tkcastrosim/HNHuang/project_big_sim/data/bluetilted/kp_10_ms_1.5_25_1024/SOAP_full_000_056/simulation_test/SOAP_uncompressed/HBTplus/halo_properties_0056.hdf5
BT_deep,1.0000000000e+10,mean_c_nfw,2.0092330026e-02,4.2497702826e+07,/project/tkcastrosim/HNHuang/project_big_sim/data/bluetilted/kp_10_ms_1.5_25_1024/SOAP_full_000_056/simulation_test/SOAP_uncompressed/HBTplus/halo_properties_0056.hdf5
BT_deep,1.0000000000e+10,mean_c_nfw,2.1049041445e-02,3.9120499986e+07,/project/tkcastrosim/HNHuang/project_big_sim/data/bluetilted/kp_10_ms_1.5_25_1024/SOAP_full_000_056/simulation_test/SOAP_uncompressed/HBTplus/halo_properties_0056.hdf5
BT_deep,1.0000000000e+10,mean_c_nfw,2.2051307399e-02,3.5974436451e+07,/project/tkcastrosim/HNHuang/project_big_sim/data/bluetilted/kp_10_ms_1.5_25_1024/SOAP_full_000_056/simulation_test/SOAP_uncompressed/HBTplus/halo_properties_0056.hdf5
BT_deep,1.0000000000e+10,mean_c_nfw,2.3101297001e-02,3.3046853346e+07,/project/tkcastrosim/HNHuang/project_big_sim/data/bluetilted/kp_10_ms_1.5_25_1024/SOAP_full_000_056/simulation_test/SOAP_uncompressed/HBTplus/halo_properties_0056.hdf5
BT_deep,1.0000000000e+10,mean_c_nfw,2.4201282648e-02,3.0325573829e+07,/project/tkcastrosim/HNHuang/project_big_sim/data/bluetilted/kp_10_ms_1.5_25_1024/SOAP_full_000_056/simulation_test/SOAP_uncompressed/HBTplus/halo_properties_0056.hdf5
BT_deep,1.0000000000e+10,mean_c_nfw,2.5353644940e-02,2.7798891981e+07,/project/tkcastrosim/HNHuang/project_big_sim/data/bluetilted/kp_10_ms_1.5_25_1024/SOAP_full_000_056/simulation_test/SOAP_uncompressed/HBTplus/halo_properties_0056.hdf5
BT_deep,1.0000000000e+10,mean_c_nfw,2.6560877829e-02,2.5455562640e+07,/project/tkcastrosim/HNHuang/project_big_sim/data/bluetilted/kp_10_ms_1.5_25_1024/SOAP_full_000_056/simulation_test/SOAP_uncompressed/HBTplus/halo_properties_0056.hdf5
BT_deep,1.0000000000e+10,mean_c_nfw,2.7825594022e-02,2.3284792014e+07,/project/tkcastrosim/HNHuang/project_big_sim/data/bluetilted/kp_10_ms_1.5_25_1024/SOAP_full_000_056/simulation_test/SOAP_uncompressed/HBTplus/halo_properties_0056.hdf5
BT_deep,1.0000000000e+10,mean_c_nfw,2.9150530628e-02,2.1276228928e+07,/project/tkcastrosim/HNHuang/project_big_sim/data/bluetilted/kp_10_ms_1.5_25_1024/SOAP_full_000_056/simulation_test/SOAP_uncompressed/HBTplus/halo_properties_0056.hdf5
BT_deep,1.0000000000e+10,mean_c_nfw,3.0538555088e-02,1.9419956557e+07,/project/tkcastrosim/HNHuang/project_big_sim/data/bluetilted/kp_10_ms_1.5_25_1024/SOAP_full_000_056/simulation_test/SOAP_uncompressed/HBTplus/halo_properties_0056.hdf5
BT_deep,1.0000000000e+10,mean_c_nfw,3.1992671378e-02,1.7706484485e+07,/project/tkcastrosim/HNHuang/project_big_sim/data/bluetilted/kp_10_ms_1.5_25_1024/SOAP_full_000_056/simulation_test/SOAP_uncompressed/HBTplus/halo_properties_0056.hdf5
BT_deep,1.0000000000e+10,mean_c_nfw,3.3516026509e-02,1.6126740983e+07,/project/tkcastrosim/HNHuang/project_big_sim/data/bluetilted/kp_10_ms_1.5_25_1024/SOAP_full_000_056/simulation_test/SOAP_uncompressed/HBTplus/halo_properties_0056.hdf5
BT_deep,1.0000000000e+10,mean_c_nfw,3.5111917342e-02,1.4672065353e+07,/project/tkcastrosim/HNHuang/project_big_sim/data/bluetilted/kp_10_ms_1.5_25_1024/SOAP_full_000_056/simulation_test/SOAP_uncompressed/HBTplus/halo_properties_0056.hdf5
BT_deep,1.0000000000e+10,mean_c_nfw,3.6783797718e-02,1.3334200257e+07,/project/tkcastrosim/HNHuang/project_big_sim/data/bluetilted/kp_10_ms_1.5_25_1024/SOAP_full_000_056/simulation_test/SOAP_uncompressed/HBTplus/halo_properties_0056.hdf5
BT_deep,1.0000000000e+10,mean_c_nfw,3.8535285937e-02,1.2105283910e+07,/project/tkcastrosim/HNHuang/project_big_sim/data/bluetilted/kp_10_ms_1.5_25_1024/SOAP_full_000_056/simulation_test/SOAP_uncompressed/HBTplus/halo_properties_0056.hdf5
BT_deep,1.0000000000e+10,mean_c_nfw,4.0370172586e-02,1.0977842066e+07,/project/tkcastrosim/HNHuang/project_big_sim/data/bluetilted/kp_10_ms_1.5_25_1024/SOAP_full_000_056/simulation_test/SOAP_uncompressed/HBTplus/halo_properties_0056.hdf5
BT_deep,1.0000000000e+10,mean_c_nfw,4.2292428744e-02,9.9447797257e+06,/project/tkcastrosim/HNHuang/project_big_sim/data/bluetilted/kp_10_ms_1.5_25_1024/SOAP_full_000_056/simulation_test/SOAP_uncompressed/HBTplus/halo_properties_0056.hdf5
BT_deep,1.0000000000e+10,mean_c_nfw,4.4306214576e-02,8.9993725062e+06,/project/tkcastrosim/HNHuang/project_big_sim/data/bluetilted/kp_10_ms_1.5_25_1024/SOAP_full_000_056/simulation_test/SOAP_uncompressed/HBTplus/halo_properties_0056.hdf5
BT_deep,1.0000000000e+10,mean_c_nfw,4.6415888336e-02,8.1352576462e+06,/project/tkcastrosim/HNHuang/project_big_sim/data/bluetilted/kp_10_ms_1.5_25_1024/SOAP_full_000_056/simulation_test/SOAP_uncompressed/HBTplus/halo_properties_0056.hdf5
BT_deep,1.0000000000e+10,mean_c_nfw,4.8626015801e-02,7.3464246104e+06,/project/tkcastrosim/HNHuang/project_big_sim/data/bluetilted/kp_10_ms_1.5_25_1024/SOAP_full_000_056/simulation_test/SOAP_uncompressed/HBTplus/halo_properties_0056.hdf5
BT_deep,1.0000000000e+10,mean_c_nfw,5.0941380148e-02,6.6272052911e+06,/project/tkcastrosim/HNHuang/project_big_sim/data/bluetilted/kp_10_ms_1.5_25_1024/SOAP_full_000_056/simulation_test/SOAP_uncompressed/HBTplus/halo_properties_0056.hdf5
BT_deep,1.0000000000e+10,mean_c_nfw,5.3366992312e-02,5.9722638073e+06,/project/tkcastrosim/HNHuang/project_big_sim/data/bluetilted/kp_10_ms_1.5_25_1024/SOAP_full_000_056/simulation_test/SOAP_uncompressed/HBTplus/halo_properties_0056.hdf5
BT_deep,1.0000000000e+10,mean_c_nfw,5.5908101825e-02,5.3765859183e+06,/project/tkcastrosim/HNHuang/project_big_sim/data/bluetilted/kp_10_ms_1.5_25_1024/SOAP_full_000_056/simulation_test/SOAP_uncompressed/HBTplus/halo_properties_0056.hdf5
BT_deep,1.0000000000e+10,mean_c_nfw,5.8570208181e-02,4.8354680782e+06,/project/tkcastrosim/HNHuang/project_big_sim/data/bluetilted/kp_10_ms_1.5_25_1024/SOAP_full_000_056/simulation_test/SOAP_uncompressed/HBTplus/halo_properties_0056.hdf5
BT_deep,1.0000000000e+10,mean_c_nfw,6.1359072734e-02,4.3445061659e+06,/project/tkcastrosim/HNHuang/project_big_sim/data/bluetilted/kp_10_ms_1.5_25_1024/SOAP_full_000_056/simulation_test/SOAP_uncompressed/HBTplus/halo_properties_0056.hdf5
BT_deep,1.0000000000e+10,mean_c_nfw,6.4280731173e-02,3.8995839383e+06,/project/tkcastrosim/HNHuang/project_big_sim/data/bluetilted/kp_10_ms_1.5_25_1024/SOAP_full_000_056/simulation_test/SOAP_uncompressed/HBTplus/halo_properties_0056.hdf5
BT_deep,1.0000000000e+10,mean_c_nfw,6.7341506578e-02,3.4968612523e+06,/project/tkcastrosim/HNHuang/project_big_sim/data/bluetilted/kp_10_ms_1.5_25_1024/SOAP_full_000_056/simulation_test/SOAP_uncompressed/HBTplus/halo_properties_0056.hdf5
BT_deep,1.0000000000e+10,mean_c_nfw,7.0548023107e-02,3.1327621154e+06,/project/tkcastrosim/HNHuang/project_big_sim/data/bluetilted/kp_10_ms_1.5_25_1024/SOAP_full_000_056/simulation_test/SOAP_uncompressed/HBTplus/halo_properties_0056.hdf5
BT_deep,1.0000000000e+10,mean_c_nfw,7.3907220335e-02,2.8039626209e+06,/project/tkcastrosim/HNHuang/project_big_sim/data/bluetilted/kp_10_ms_1.5_25_1024/SOAP_full_000_056/simulation_test/SOAP_uncompressed/HBTplus/halo_properties_0056.hdf5
BT_deep,1.0000000000e+10,mean_c_nfw,7.7426368268e-02,2.5073788275e+06,/project/tkcastrosim/HNHuang/project_big_sim/data/bluetilted/kp_10_ms_1.5_25_1024/SOAP_full_000_056/simulation_test/SOAP_uncompressed/HBTplus/halo_properties_0056.hdf5
BT_deep,1.0000000000e+10,mean_c_nfw,8.1113083079e-02,2.2401546464e+06,/project/tkcastrosim/HNHuang/project_big_sim/data/bluetilted/kp_10_ms_1.5_25_1024/SOAP_full_000_056/simulation_test/SOAP_uncompressed/HBTplus/halo_properties_0056.hdf5
BT_deep,1.0000000000e+10,mean_c_nfw,8.4975343591e-02,1.9996497927e+06,/project/tkcastrosim/HNHuang/project_big_sim/data/bluetilted/kp_10_ms_1.5_25_1024/SOAP_full_000_056/simulation_test/SOAP_uncompressed/HBTplus/halo_properties_0056.hdf5
BT_deep,1.0000000000e+10,mean_c_nfw,8.9021508545e-02,1.7834278609e+06,/project/tkcastrosim/HNHuang/project_big_sim/data/bluetilted/kp_10_ms_1.5_25_1024/SOAP_full_000_056/simulation_test/SOAP_uncompressed/HBTplus/halo_properties_0056.hdf5
BT_deep,1.0000000000e+10,mean_c_nfw,9.3260334688e-02,1.5892445774e+06,/project/tkcastrosim/HNHuang/project_big_sim/data/bluetilted/kp_10_ms_1.5_25_1024/SOAP_full_000_056/simulation_test/SOAP_uncompressed/HBTplus/halo_properties_0056.hdf5
BT_deep,1.0000000000e+10,mean_c_nfw,9.7700995730e-02,1.4150362822e+06,/project/tkcastrosim/HNHuang/project_big_sim/data/bluetilted/kp_10_ms_1.5_25_1024/SOAP_full_000_056/simulation_test/SOAP_uncompressed/HBTplus/halo_properties_0056.hdf5
BT_deep,1.0000000000e+10,mean_c_nfw,1.0235310219e-01,1.2589086849e+06,/project/tkcastrosim/HNHuang/project_big_sim/data/bluetilted/kp_10_ms_1.5_25_1024/SOAP_full_000_056/simulation_test/SOAP_uncompressed/HBTplus/halo_properties_0056.hdf5
BT_deep,1.0000000000e+10,mean_c_nfw,1.0722672220e-01,1.1191259367e+06,/project/tkcastrosim/HNHuang/project_big_sim/data/bluetilted/kp_10_ms_1.5_25_1024/SOAP_full_000_056/simulation_test/SOAP_uncompressed/HBTplus/halo_properties_0056.hdf5
BT_deep,1.0000000000e+10,mean_c_nfw,1.1233240330e-01,9.9410005513e+05,/project/tkcastrosim/HNHuang/project_big_sim/data/bluetilted/kp_10_ms_1.5_25_1024/SOAP_full_000_056/simulation_test/SOAP_uncompressed/HBTplus/halo_properties_0056.hdf5
BT_deep,1.0000000000e+10,mean_c_nfw,1.1768119524e-01,8.8238073094e+05,/project/tkcastrosim/HNHuang/project_big_sim/data/bluetilted/kp_10_ms_1.5_25_1024/SOAP_full_000_056/simulation_test/SOAP_uncompressed/HBTplus/halo_properties_0056.hdf5
BT_deep,1.0000000000e+10,mean_c_nfw,1.2328467394e-01,7.8264554328e+05,/project/tkcastrosim/HNHuang/project_big_sim/data/bluetilted/kp_10_ms_1.5_25_1024/SOAP_full_000_056/simulation_test/SOAP_uncompressed/HBTplus/halo_properties_0056.hdf5
BT_deep,1.0000000000e+10,mean_c_nfw,1.2915496650e-01,6.9369060236e+05,/project/tkcastrosim/HNHuang/project_big_sim/data/bluetilted/kp_10_ms_1.5_25_1024/SOAP_full_000_056/simulation_test/SOAP_uncompressed/HBTplus/halo_properties_0056.hdf5
BT_deep,1.0000000000e+10,mean_c_nfw,1.3530477746e-01,6.1442163447e+05,/project/tkcastrosim/HNHuang/project_big_sim/data/bluetilted/kp_10_ms_1.5_25_1024/SOAP_full_000_056/simulation_test/SOAP_uncompressed/HBTplus/halo_properties_0056.hdf5
BT_deep,1.0000000000e+10,mean_c_nfw,1.4174741629e-01,5.4384551868e+05,/project/tkcastrosim/HNHuang/project_big_sim/data/bluetilted/kp_10_ms_1.5_25_1024/SOAP_full_000_056/simulation_test/SOAP_uncompressed/HBTplus/halo_properties_0056.hdf5
BT_deep,1.0000000000e+10,mean_c_nfw,1.4849682623e-01,4.8106228028e+05,/project/tkcastrosim/HNHuang/project_big_sim/data/bluetilted/kp_10_ms_1.5_25_1024/SOAP_full_000_056/simulation_test/SOAP_uncompressed/HBTplus/halo_properties_0056.hdf5
BT_deep,1.0000000000e+10,mean_c_nfw,1.5556761439e-01,4.2525754163e+05,/project/tkcastrosim/HNHuang/project_big_sim/data/bluetilted/kp_10_ms_1.5_25_1024/SOAP_full_000_056/simulation_test/SOAP_uncompressed/HBTplus/halo_properties_0056.hdf5
BT_deep,1.0000000000e+10,mean_c_nfw,1.6297508346e-01,3.7569542723e+05,/project/tkcastrosim/HNHuang/project_big_sim/data/bluetilted/kp_10_ms_1.5_25_1024/SOAP_full_000_056/simulation_test/SOAP_uncompressed/HBTplus/halo_properties_0056.hdf5
BT_deep,1.0000000000e+10,mean_c_nfw,1.7073526475e-01,3.3171191643e+05,/project/tkcastrosim/HNHuang/project_big_sim/data/bluetilted/kp_10_ms_1.5_25_1024/SOAP_full_000_056/simulation_test/SOAP_uncompressed/HBTplus/halo_properties_0056.hdf5
BT_deep,1.0000000000e+10,mean_c_nfw,1.7886495291e-01,2.9270863418e+05,/project/tkcastrosim/HNHuang/project_big_sim/data/bluetilted/kp_10_ms_1.5_25_1024/SOAP_full_000_056/simulation_test/SOAP_uncompressed/HBTplus/halo_properties_0056.hdf5
BT_deep,1.0000000000e+10,mean_c_nfw,1.8738174229e-01,2.5814706784e+05,/project/tkcastrosim/HNHuang/project_big_sim/data/bluetilted/kp_10_ms_1.5_25_1024/SOAP_full_000_056/simulation_test/SOAP_uncompressed/HBTplus/halo_properties_0056.hdf5
BT_deep,1.0000000000e+10,mean_c_nfw,1.9630406500e-01,2.2754319563e+05,/project/tkcastrosim/HNHuang/project_big_sim/data/bluetilted/kp_10_ms_1.5_25_1024/SOAP_full_000_056/simulation_test/SOAP_uncompressed/HBTplus/halo_properties_0056.hdf5
BT_deep,1.0000000000e+10,mean_c_nfw,2.0565123083e-01,2.0046251096e+05,/project/tkcastrosim/HNHuang/project_big_sim/data/bluetilted/kp_10_ms_1.5_25_1024/SOAP_full_000_056/simulation_test/SOAP_uncompressed/HBTplus/halo_properties_0056.hdf5
BT_deep,1.0000000000e+10,mean_c_nfw,2.1544346900e-01,1.7651542532e+05,/project/tkcastrosim/HNHuang/project_big_sim/data/bluetilted/kp_10_ms_1.5_25_1024/SOAP_full_000_056/simulation_test/SOAP_uncompressed/HBTplus/halo_properties_0056.hdf5
BT_deep,1.0000000000e+10,mean_c_nfw,2.2570197196e-01,1.5535303145e+05,/project/tkcastrosim/HNHuang/project_big_sim/data/bluetilted/kp_10_ms_1.5_25_1024/SOAP_full_000_056/simulation_test/SOAP_uncompressed/HBTplus/halo_properties_0056.hdf5
BT_deep,1.0000000000e+10,mean_c_nfw,2.3644894126e-01,1.3666320792e+05,/project/tkcastrosim/HNHuang/project_big_sim/data/bluetilted/kp_10_ms_1.5_25_1024/SOAP_full_000_056/simulation_test/SOAP_uncompressed/HBTplus/halo_properties_0056.hdf5
BT_deep,1.0000000000e+10,mean_c_nfw,2.4770763560e-01,1.2016704593e+05,/project/tkcastrosim/HNHuang/project_big_sim/data/bluetilted/kp_10_ms_1.5_25_1024/SOAP_full_000_056/simulation_test/SOAP_uncompressed/HBTplus/halo_properties_0056.hdf5
BT_deep,1.0000000000e+10,mean_c_nfw,2.5950242114e-01,1.0561557873e+05,/project/tkcastrosim/HNHuang/project_big_sim/data/bluetilted/kp_10_ms_1.5_25_1024/SOAP_full_000_056/simulation_test/SOAP_uncompressed/HBTplus/halo_properties_0056.hdf5
BT_deep,1.0000000000e+10,mean_c_nfw,2.7185882427e-01,9.2786794693e+04,/project/tkcastrosim/HNHuang/project_big_sim/data/bluetilted/kp_10_ms_1.5_25_1024/SOAP_full_000_056/simulation_test/SOAP_uncompressed/HBTplus/halo_properties_0056.hdf5
BT_deep,1.0000000000e+10,mean_c_nfw,2.8480358684e-01,8.1482914729e+04,/project/tkcastrosim/HNHuang/project_big_sim/data/bluetilted/kp_10_ms_1.5_25_1024/SOAP_full_000_056/simulation_test/SOAP_uncompressed/HBTplus/halo_properties_0056.hdf5
BT_deep,1.0000000000e+10,mean_c_nfw,2.9836472403e-01,7.1527915756e+04,/project/tkcastrosim/HNHuang/project_big_sim/data/bluetilted/kp_10_ms_1.5_25_1024/SOAP_full_000_056/simulation_test/SOAP_uncompressed/HBTplus/halo_properties_0056.hdf5
BT_deep,1.0000000000e+10,mean_c_nfw,3.1257158497e-01,6.2765282111e+04,/project/tkcastrosim/HNHuang/project_big_sim/data/bluetilted/kp_10_ms_1.5_25_1024/SOAP_full_000_056/simulation_test/SOAP_uncompressed/HBTplus/halo_properties_0056.hdf5
BT_deep,1.0000000000e+10,mean_c_nfw,3.2745491629e-01,5.5055967693e+04,/project/tkcastrosim/HNHuang/project_big_sim/data/bluetilted/kp_10_ms_1.5_25_1024/SOAP_full_000_056/simulation_test/SOAP_uncompressed/HBTplus/halo_properties_0056.hdf5
BT_deep,1.0000000000e+10,mean_c_nfw,3.4304692863e-01,4.8276552284e+04,/project/tkcastrosim/HNHuang/project_big_sim/data/bluetilted/kp_10_ms_1.5_25_1024/SOAP_full_000_056/simulation_test/SOAP_uncompressed/HBTplus/halo_properties_0056.hdf5
BT_deep,1.0000000000e+10,mean_c_nfw,3.5938136638e-01,4.2317576347e+04,/project/tkcastrosim/HNHuang/project_big_sim/data/bluetilted/kp_10_ms_1.5_25_1024/SOAP_full_000_056/simulation_test/SOAP_uncompressed/HBTplus/halo_properties_0056.hdf5
BT_deep,1.0000000000e+10,mean_c_nfw,3.7649358068e-01,3.7082039444e+04,/project/tkcastrosim/HNHuang/project_big_sim/data/bluetilted/kp_10_ms_1.5_25_1024/SOAP_full_000_056/simulation_test/SOAP_uncompressed/HBTplus/halo_properties_0056.hdf5
BT_deep,1.0000000000e+10,mean_c_nfw,3.9442060594e-01,3.2484048280e+04,/project/tkcastrosim/HNHuang/project_big_sim/data/bluetilted/kp_10_ms_1.5_25_1024/SOAP_full_000_056/simulation_test/SOAP_uncompressed/HBTplus/halo_properties_0056.hdf5
BT_deep,1.0000000000e+10,mean_c_nfw,4.1320124001e-01,2.8447601270e+04,/project/tkcastrosim/HNHuang/project_big_sim/data/bluetilted/kp_10_ms_1.5_25_1024/SOAP_full_000_056/simulation_test/SOAP_uncompressed/HBTplus/halo_properties_0056.hdf5
BT_deep,1.0000000000e+10,mean_c_nfw,4.3287612811e-01,2.4905497396e+04,/project/tkcastrosim/HNHuang/project_big_sim/data/bluetilted/kp_10_ms_1.5_25_1024/SOAP_full_000_056/simulation_test/SOAP_uncompressed/HBTplus/halo_properties_0056.hdf5
BT_deep,1.0000000000e+10,mean_c_nfw,4.5348785081e-01,2.1798357975e+04,/project/tkcastrosim/HNHuang/project_big_sim/data/bluetilted/kp_10_ms_1.5_25_1024/SOAP_full_000_056/simulation_test/SOAP_uncompressed/HBTplus/halo_properties_0056.hdf5
BT_deep,1.0000000000e+10,mean_c_nfw,4.7508101621e-01,1.9073750806e+04,/project/tkcastrosim/HNHuang/project_big_sim/data/bluetilted/kp_10_ms_1.5_25_1024/SOAP_full_000_056/simulation_test/SOAP_uncompressed/HBTplus/halo_properties_0056.hdf5
BT_deep,1.0000000000e+10,mean_c_nfw,4.9770235643e-01,1.6685406959e+04,/project/tkcastrosim/HNHuang/project_big_sim/data/bluetilted/kp_10_ms_1.5_25_1024/SOAP_full_000_056/simulation_test/SOAP_uncompressed/HBTplus/halo_properties_0056.hdf5
BT_deep,1.0000000000e+10,mean_c_nfw,5.2140082880e-01,1.4592521251e+04,/project/tkcastrosim/HNHuang/project_big_sim/data/bluetilted/kp_10_ms_1.5_25_1024/SOAP_full_000_056/simulation_test/SOAP_uncompressed/HBTplus/halo_properties_0056.hdf5
BT_deep,1.0000000000e+10,mean_c_nfw,5.4622772177e-01,1.2759128192e+04,/project/tkcastrosim/HNHuang/project_big_sim/data/bluetilted/kp_10_ms_1.5_25_1024/SOAP_full_000_056/simulation_test/SOAP_uncompressed/HBTplus/halo_properties_0056.hdf5
BT_deep,1.0000000000e+10,mean_c_nfw,5.7223676594e-01,1.1153545860e+04,/project/tkcastrosim/HNHuang/project_big_sim/data/bluetilted/kp_10_ms_1.5_25_1024/SOAP_full_000_056/simulation_test/SOAP_uncompressed/HBTplus/halo_properties_0056.hdf5
BT_deep,1.0000000000e+10,mean_c_nfw,5.9948425032e-01,9.7478808472e+03,/project/tkcastrosim/HNHuang/project_big_sim/data/bluetilted/kp_10_ms_1.5_25_1024/SOAP_full_000_056/simulation_test/SOAP_uncompressed/HBTplus/halo_properties_0056.hdf5
BT_deep,1.0000000000e+10,mean_c_nfw,6.2802914418e-01,8.5175880187e+03,/project/tkcastrosim/HNHuang/project_big_sim/data/bluetilted/kp_10_ms_1.5_25_1024/SOAP_full_000_056/simulation_test/SOAP_uncompressed/HBTplus/halo_properties_0056.hdf5
BT_deep,1.0000000000e+10,mean_c_nfw,6.5793322466e-01,7.4410793814e+03,/project/tkcastrosim/HNHuang/project_big_sim/data/bluetilted/kp_10_ms_1.5_25_1024/SOAP_full_000_056/simulation_test/SOAP_uncompressed/HBTplus/halo_properties_0056.hdf5
BT_deep,1.0000000000e+10,mean_c_nfw,6.8926121043e-01,6.4993769227e+03,/project/tkcastrosim/HNHuang/project_big_sim/data/bluetilted/kp_10_ms_1.5_25_1024/SOAP_full_000_056/simulation_test/SOAP_uncompressed/HBTplus/halo_properties_0056.hdf5
BT_deep,1.0000000000e+10,mean_c_nfw,7.2208090184e-01,5.6758047424e+03,/project/tkcastrosim/HNHuang/project_big_sim/data/bluetilted/kp_10_ms_1.5_25_1024/SOAP_full_000_056/simulation_test/SOAP_uncompressed/HBTplus/halo_properties_0056.hdf5
BT_deep,1.0000000000e+10,mean_c_nfw,7.5646332755e-01,4.9557162667e+03,/project/tkcastrosim/HNHuang/project_big_sim/data/bluetilted/kp_10_ms_1.5_25_1024/SOAP_full_000_056/simulation_test/SOAP_uncompressed/HBTplus/halo_properties_0056.hdf5
BT_deep,1.0000000000e+10,mean_c_nfw,7.9248289835e-01,4.3262527416e+03,/project/tkcastrosim/HNHuang/project_big_sim/data/bluetilted/kp_10_ms_1.5_25_1024/SOAP_full_000_056/simulation_test/SOAP_uncompressed/HBTplus/halo_properties_0056.hdf5
BT_deep,1.0000000000e+10,mean_c_nfw,8.3021756813e-01,3.7761295886e+03,/project/tkcastrosim/HNHuang/project_big_sim/data/bluetilted/kp_10_ms_1.5_25_1024/SOAP_full_000_056/simulation_test/SOAP_uncompressed/HBTplus/halo_properties_0056.hdf5
BT_deep,1.0000000000e+10,mean_c_nfw,8.6974900262e-01,3.2954475484e+03,/project/tkcastrosim/HNHuang/project_big_sim/data/bluetilted/kp_10_ms_1.5_25_1024/SOAP_full_000_056/simulation_test/SOAP_uncompressed/HBTplus/halo_properties_0056.hdf5
BT_deep,1.0000000000e+10,mean_c_nfw,9.1116275612e-01,2.8755258562e+03,/project/tkcastrosim/HNHuang/project_big_sim/data/bluetilted/kp_10_ms_1.5_25_1024/SOAP_full_000_056/simulation_test/SOAP_uncompressed/HBTplus/halo_properties_0056.hdf5
BT_deep,1.0000000000e+10,mean_c_nfw,9.5454845666e-01,2.5087549798e+03,/project/tkcastrosim/HNHuang/project_big_sim/data/bluetilted/kp_10_ms_1.5_25_1024/SOAP_full_000_056/simulation_test/SOAP_uncompressed/HBTplus/halo_properties_0056.hdf5
BT_deep,1.0000000000e+10,mean_c_nfw,1.0000000000e+00,2.1884667121e+03,/project/tkcastrosim/HNHuang/project_big_sim/data/bluetilted/kp_10_ms_1.5_25_1024/SOAP_full_000_056/simulation_test/SOAP_uncompressed/HBTplus/halo_properties_0056.hdf5
BT_deep,1.0000000000e+10,median_c_nfw,1.0000000000e-02,1.0233662562e+08,/project/tkcastrosim/HNHuang/project_big_sim/data/bluetilted/kp_10_ms_1.5_25_1024/SOAP_full_000_056/simulation_test/SOAP_uncompressed/HBTplus/halo_properties_0056.hdf5
BT_deep,1.0000000000e+10,median_c_nfw,1.2216773490e-02,7.6770607516e+07,/project/tkcastrosim/HNHuang/project_big_sim/data/bluetilted/kp_10_ms_1.5_25_1024/SOAP_full_000_056/simulation_test/SOAP_uncompressed/HBTplus/halo_properties_0056.hdf5
BT_deep,1.0000000000e+10,median_c_nfw,1.4924955451e-02,5.6767169175e+07,/project/tkcastrosim/HNHuang/project_big_sim/data/bluetilted/kp_10_ms_1.5_25_1024/SOAP_full_000_056/simulation_test/SOAP_uncompressed/HBTplus/halo_properties_0056.hdf5
BT_deep,1.0000000000e+10,median_c_nfw,1.8233480009e-02,4.1313471087e+07,/project/tkcastrosim/HNHuang/project_big_sim/data/bluetilted/kp_10_ms_1.5_25_1024/SOAP_full_000_056/simulation_test/SOAP_uncompressed/HBTplus/halo_properties_0056.hdf5
BT_deep,1.0000000000e+10,median_c_nfw,2.2275429520e-02,2.9551904186e+07,/project/tkcastrosim/HNHuang/project_big_sim/data/bluetilted/kp_10_ms_1.5_25_1024/SOAP_full_000_056/simulation_test/SOAP_uncompressed/HBTplus/halo_properties_0056.hdf5
BT_deep,1.0000000000e+10,median_c_nfw,2.7213387684e-02,2.0752666596e+07,/project/tkcastrosim/HNHuang/project_big_sim/data/bluetilted/kp_10_ms_1.5_25_1024/SOAP_full_000_056/simulation_test/SOAP_uncompressed/HBTplus/halo_properties_0056.hdf5
BT_deep,1.0000000000e+10,median_c_nfw,3.3245979323e-02,1.4294659738e+07,/project/tkcastrosim/HNHuang/project_big_sim/data/bluetilted/kp_10_ms_1.5_25_1024/SOAP_full_000_056/simulation_test/SOAP_uncompressed/HBTplus/halo_properties_0056.hdf5
BT_deep,1.0000000000e+10,median_c_nfw,4.0615859884e-02,9.6527509437e+06,/project/tkcastrosim/HNHuang/project_big_sim/data/bluetilted/kp_10_ms_1.5_25_1024/SOAP_full_000_056/simulation_test/SOAP_uncompressed/HBTplus/halo_properties_0056.hdf5
BT_deep,1.0000000000e+10,median_c_nfw,4.9619476030e-02,6.3890826461e+06,/project/tkcastrosim/HNHuang/project_big_sim/data/bluetilted/kp_10_ms_1.5_25_1024/SOAP_full_000_056/simulation_test/SOAP_uncompressed/HBTplus/halo_properties_0056.hdf5
BT_deep,1.0000000000e+10,median_c_nfw,6.0618989935e-02,4.1461108932e+06,/project/tkcastrosim/HNHuang/project_big_sim/data/bluetilted/kp_10_ms_1.5_25_1024/SOAP_full_000_056/simulation_test/SOAP_uncompressed/HBTplus/halo_properties_0056.hdf5
BT_deep,1.0000000000e+10,median_c_nfw,7.4056846923e-02,2.6394399834e+06,/project/tkcastrosim/HNHuang/project_big_sim/data/bluetilted/kp_10_ms_1.5_25_1024/SOAP_full_000_056/simulation_test/SOAP_uncompressed/HBTplus/halo_properties_0056.hdf5
BT_deep,1.0000000000e+10,median_c_nfw,9.0473572423e-02,1.6482171192e+06,/project/tkcastrosim/HNHuang/project_big_sim/data/bluetilted/kp_10_ms_1.5_25_1024/SOAP_full_000_056/simulation_test/SOAP_uncompressed/HBTplus/halo_properties_0056.hdf5
BT_deep,1.0000000000e+10,median_c_nfw,1.1052951411e-01,1.0090960857e+06,/project/tkcastrosim/HNHuang/project_big_sim/data/bluetilted/kp_10_ms_1.5_25_1024/SOAP_full_000_056/simulation_test/SOAP_uncompressed/HBTplus/halo_properties_0056.hdf5
BT_deep,1.0000000000e+10,median_c_nfw,1.3503140379e-01,6.0813135655e+05,/project/tkcastrosim/HNHuang/project_big_sim/data/bluetilted/kp_10_ms_1.5_25_1024/SOAP_full_000_056/simulation_test/SOAP_uncompressed/HBTplus/halo_properties_0056.hdf5
BT_deep,1.0000000000e+10,median_c_nfw,1.6496480741e-01,3.6148410860e+05,/project/tkcastrosim/HNHuang/project_big_sim/data/bluetilted/kp_10_ms_1.5_25_1024/SOAP_full_000_056/simulation_test/SOAP_uncompressed/HBTplus/halo_properties_0056.hdf5
BT_deep,1.0000000000e+10,median_c_nfw,2.0153376859e-01,2.1388745397e+05,/project/tkcastrosim/HNHuang/project_big_sim/data/bluetilted/kp_10_ms_1.5_25_1024/SOAP_full_000_056/simulation_test/SOAP_uncompressed/HBTplus/halo_properties_0056.hdf5
BT_deep,1.0000000000e+10,median_c_nfw,2.4620924015e-01,1.2543342248e+05,/project/tkcastrosim/HNHuang/project_big_sim/data/bluetilted/kp_10_ms_1.5_25_1024/SOAP_full_000_056/simulation_test/SOAP_uncompressed/HBTplus/halo_properties_0056.hdf5
BT_deep,1.0000000000e+10,median_c_nfw,3.0078825180e-01,7.2546722750e+04,/project/tkcastrosim/HNHuang/project_big_sim/data/bluetilted/kp_10_ms_1.5_25_1024/SOAP_full_000_056/simulation_test/SOAP_uncompressed/HBTplus/halo_properties_0056.hdf5
BT_deep,1.0000000000e+10,median_c_nfw,3.6746619407e-01,4.1539038703e+04,/project/tkcastrosim/HNHuang/project_big_sim/data/bluetilted/kp_10_ms_1.5_25_1024/SOAP_full_000_056/simulation_test/SOAP_uncompressed/HBTplus/halo_properties_0056.hdf5
BT_deep,1.0000000000e+10,median_c_nfw,4.4892512582e-01,2.3610366579e+04,/project/tkcastrosim/HNHuang/project_big_sim/data/bluetilted/kp_10_ms_1.5_25_1024/SOAP_full_000_056/simulation_test/SOAP_uncompressed/HBTplus/halo_properties_0056.hdf5
BT_deep,1.0000000000e+10,median_c_nfw,5.4844165761e-01,1.3339612042e+04,/project/tkcastrosim/HNHuang/project_big_sim/data/bluetilted/kp_10_ms_1.5_25_1024/SOAP_full_000_056/simulation_test/SOAP_uncompressed/HBTplus/halo_properties_0056.hdf5
BT_deep,1.0000000000e+10,median_c_nfw,6.7001875035e-01,7.4986970650e+03,/project/tkcastrosim/HNHuang/project_big_sim/data/bluetilted/kp_10_ms_1.5_25_1024/SOAP_full_000_056/simulation_test/SOAP_uncompressed/HBTplus/halo_properties_0056.hdf5
BT_deep,1.0000000000e+10,median_c_nfw,8.1854673071e-01,4.1974358447e+03,/project/tkcastrosim/HNHuang/project_big_sim/data/bluetilted/kp_10_ms_1.5_25_1024/SOAP_full_000_056/simulation_test/SOAP_uncompressed/HBTplus/halo_properties_0056.hdf5
BT_deep,1.0000000000e+10,median_c_nfw,1.0000000000e+00,2.3412146011e+03,/project/tkcastrosim/HNHuang/project_big_sim/data/bluetilted/kp_10_ms_1.5_25_1024/SOAP_full_000_056/simulation_test/SOAP_uncompressed/HBTplus/halo_properties_0056.hdf5
BT_deep,1.0000000000e+11,mean_c_nfw,1.0000000000e-02,7.7224338121e+07,/project/tkcastrosim/HNHuang/project_big_sim/data/bluetilted/kp_10_ms_1.5_25_1024/SOAP_full_000_056/simulation_test/SOAP_uncompressed/HBTplus/halo_properties_0056.hdf5
BT_deep,1.0000000000e+11,mean_c_nfw,1.0476157528e-02,7.2559750511e+07,/project/tkcastrosim/HNHuang/project_big_sim/data/bluetilted/kp_10_ms_1.5_25_1024/SOAP_full_000_056/simulation_test/SOAP_uncompressed/HBTplus/halo_properties_0056.hdf5
BT_deep,1.0000000000e+11,mean_c_nfw,1.0974987655e-02,6.8134719958e+07,/project/tkcastrosim/HNHuang/project_big_sim/data/bluetilted/kp_10_ms_1.5_25_1024/SOAP_full_000_056/simulation_test/SOAP_uncompressed/HBTplus/halo_properties_0056.hdf5
BT_deep,1.0000000000e+11,mean_c_nfw,1.1497569954e-02,6.3938737980e+07,/project/tkcastrosim/HNHuang/project_big_sim/data/bluetilted/kp_10_ms_1.5_25_1024/SOAP_full_000_056/simulation_test/SOAP_uncompressed/HBTplus/halo_properties_0056.hdf5
BT_deep,1.0000000000e+11,mean_c_nfw,1.2045035403e-02,5.9961742850e+07,/project/tkcastrosim/HNHuang/project_big_sim/data/bluetilted/kp_10_ms_1.5_25_1024/SOAP_full_000_056/simulation_test/SOAP_uncompressed/HBTplus/halo_properties_0056.hdf5
BT_deep,1.0000000000e+11,mean_c_nfw,1.2618568831e-02,5.6194096928e+07,/project/tkcastrosim/HNHuang/project_big_sim/data/bluetilted/kp_10_ms_1.5_25_1024/SOAP_full_000_056/simulation_test/SOAP_uncompressed/HBTplus/halo_properties_0056.hdf5
BT_deep,1.0000000000e+11,mean_c_nfw,1.3219411485e-02,5.2626565065e+07,/project/tkcastrosim/HNHuang/project_big_sim/data/bluetilted/kp_10_ms_1.5_25_1024/SOAP_full_000_056/simulation_test/SOAP_uncompressed/HBTplus/halo_properties_0056.hdf5
BT_deep,1.0000000000e+11,mean_c_nfw,1.3848863714e-02,4.9250294082e+07,/project/tkcastrosim/HNHuang/project_big_sim/data/bluetilted/kp_10_ms_1.5_25_1024/SOAP_full_000_056/simulation_test/SOAP_uncompressed/HBTplus/halo_properties_0056.hdf5
BT_deep,1.0000000000e+11,mean_c_nfw,1.4508287785e-02,4.6056793279e+07,/project/tkcastrosim/HNHuang/project_big_sim/data/bluetilted/kp_10_ms_1.5_25_1024/SOAP_full_000_056/simulation_test/SOAP_uncompressed/HBTplus/halo_properties_0056.hdf5
BT_deep,1.0000000000e+11,mean_c_nfw,1.5199110830e-02,4.3037915962e+07,/project/tkcastrosim/HNHuang/project_big_sim/data/bluetilted/kp_10_ms_1.5_25_1024/SOAP_full_000_056/simulation_test/SOAP_uncompressed/HBTplus/halo_properties_0056.hdf5
BT_deep,1.0000000000e+11,mean_c_nfw,1.5922827933e-02,4.0185841963e+07,/project/tkcastrosim/HNHuang/project_big_sim/data/bluetilted/kp_10_ms_1.5_25_1024/SOAP_full_000_056/simulation_test/SOAP_uncompressed/HBTplus/halo_properties_0056.hdf5
BT_deep,1.0000000000e+11,mean_c_nfw,1.6681005372e-02,3.7493061132e+07,/project/tkcastrosim/HNHuang/project_big_sim/data/bluetilted/kp_10_ms_1.5_25_1024/SOAP_full_000_056/simulation_test/SOAP_uncompressed/HBTplus/halo_properties_0056.hdf5
BT_deep,1.0000000000e+11,mean_c_nfw,1.7475284000e-02,3.4952357777e+07,/project/tkcastrosim/HNHuang/project_big_sim/data/bluetilted/kp_10_ms_1.5_25_1024/SOAP_full_000_056/simulation_test/SOAP_uncompressed/HBTplus/halo_properties_0056.hdf5
BT_deep,1.0000000000e+11,mean_c_nfw,1.8307382803e-02,3.2556796047e+07,/project/tkcastrosim/HNHuang/project_big_sim/data/bluetilted/kp_10_ms_1.5_25_1024/SOAP_full_000_056/simulation_test/SOAP_uncompressed/HBTplus/halo_properties_0056.hdf5
BT_deep,1.0000000000e+11,mean_c_nfw,1.9179102617e-02,3.0299706213e+07,/project/tkcastrosim/HNHuang/project_big_sim/data/bluetilted/kp_10_ms_1.5_25_1024/SOAP_full_000_056/simulation_test/SOAP_uncompressed/HBTplus/halo_properties_0056.hdf5
BT_deep,1.0000000000e+11,mean_c_nfw,2.0092330026e-02,2.8174671847e+07,/project/tkcastrosim/HNHuang/project_big_sim/data/bluetilted/kp_10_ms_1.5_25_1024/SOAP_full_000_056/simulation_test/SOAP_uncompressed/HBTplus/halo_properties_0056.hdf5
BT_deep,1.0000000000e+11,mean_c_nfw,2.1049041445e-02,2.6175517874e+07,/project/tkcastrosim/HNHuang/project_big_sim/data/bluetilted/kp_10_ms_1.5_25_1024/SOAP_full_000_056/simulation_test/SOAP_uncompressed/HBTplus/halo_properties_0056.hdf5
BT_deep,1.0000000000e+11,mean_c_nfw,2.2051307399e-02,2.4296299452e+07,/project/tkcastrosim/HNHuang/project_big_sim/data/bluetilted/kp_10_ms_1.5_25_1024/SOAP_full_000_056/simulation_test/SOAP_uncompressed/HBTplus/halo_properties_0056.hdf5
BT_deep,1.0000000000e+11,mean_c_nfw,2.3101297001e-02,2.2531291686e+07,/project/tkcastrosim/HNHuang/project_big_sim/data/bluetilted/kp_10_ms_1.5_25_1024/SOAP_full_000_056/simulation_test/SOAP_uncompressed/HBTplus/halo_properties_0056.hdf5
BT_deep,1.0000000000e+11,mean_c_nfw,2.4201282648e-02,2.0874980128e+07,/project/tkcastrosim/HNHuang/project_big_sim/data/bluetilted/kp_10_ms_1.5_25_1024/SOAP_full_000_056/simulation_test/SOAP_uncompressed/HBTplus/halo_properties_0056.hdf5
BT_deep,1.0000000000e+11,mean_c_nfw,2.5353644940e-02,1.9322052030e+07,/project/tkcastrosim/HNHuang/project_big_sim/data/bluetilted/kp_10_ms_1.5_25_1024/SOAP_full_000_056/simulation_test/SOAP_uncompressed/HBTplus/halo_properties_0056.hdf5
BT_deep,1.0000000000e+11,mean_c_nfw,2.6560877829e-02,1.7867388329e+07,/project/tkcastrosim/HNHuang/project_big_sim/data/bluetilted/kp_10_ms_1.5_25_1024/SOAP_full_000_056/simulation_test/SOAP_uncompressed/HBTplus/halo_properties_0056.hdf5
BT_deep,1.0000000000e+11,mean_c_nfw,2.7825594022e-02,1.6506056326e+07,/project/tkcastrosim/HNHuang/project_big_sim/data/bluetilted/kp_10_ms_1.5_25_1024/SOAP_full_000_056/simulation_test/SOAP_uncompressed/HBTplus/halo_properties_0056.hdf5
BT_deep,1.0000000000e+11,mean_c_nfw,2.9150530628e-02,1.5233303011e+07,/project/tkcastrosim/HNHuang/project_big_sim/data/bluetilted/kp_10_ms_1.5_25_1024/SOAP_full_000_056/simulation_test/SOAP_uncompressed/HBTplus/halo_properties_0056.hdf5
BT_deep,1.0000000000e+11,mean_c_nfw,3.0538555088e-02,1.4044549005e+07,/project/tkcastrosim/HNHuang/project_big_sim/data/bluetilted/kp_10_ms_1.5_25_1024/SOAP_full_000_056/simulation_test/SOAP_uncompressed/HBTplus/halo_properties_0056.hdf5
BT_deep,1.0000000000e+11,mean_c_nfw,3.1992671378e-02,1.2935383064e+07,/project/tkcastrosim/HNHuang/project_big_sim/data/bluetilted/kp_10_ms_1.5_25_1024/SOAP_full_000_056/simulation_test/SOAP_uncompressed/HBTplus/halo_properties_0056.hdf5
BT_deep,1.0000000000e+11,mean_c_nfw,3.3516026509e-02,1.1901557111e+07,/project/tkcastrosim/HNHuang/project_big_sim/data/bluetilted/kp_10_ms_1.5_25_1024/SOAP_full_000_056/simulation_test/SOAP_uncompressed/HBTplus/halo_properties_0056.hdf5
BT_deep,1.0000000000e+11,mean_c_nfw,3.5111917342e-02,1.0938981741e+07,/project/tkcastrosim/HNHuang/project_big_sim/data/bluetilted/kp_10_ms_1.5_25_1024/SOAP_full_000_056/simulation_test/SOAP_uncompressed/HBTplus/halo_properties_0056.hdf5
BT_deep,1.0000000000e+11,mean_c_nfw,3.6783797718e-02,1.0043722149e+07,/project/tkcastrosim/HNHuang/project_big_sim/data/bluetilted/kp_10_ms_1.5_25_1024/SOAP_full_000_056/simulation_test/SOAP_uncompressed/HBTplus/halo_properties_0056.hdf5
BT_deep,1.0000000000e+11,mean_c_nfw,3.8535285937e-02,9.2119944383e+06,/project/tkcastrosim/HNHuang/project_big_sim/data/bluetilted/kp_10_ms_1.5_25_1024/SOAP_full_000_056/simulation_test/SOAP_uncompressed/HBTplus/halo_properties_0056.hdf5
BT_deep,1.0000000000e+11,mean_c_nfw,4.0370172586e-02,8.4401622499e+06,/project/tkcastrosim/HNHuang/project_big_sim/data/bluetilted/kp_10_ms_1.5_25_1024/SOAP_full_000_056/simulation_test/SOAP_uncompressed/HBTplus/halo_properties_0056.hdf5
BT_deep,1.0000000000e+11,mean_c_nfw,4.2292428744e-02,7.7247336677e+06,/project/tkcastrosim/HNHuang/project_big_sim/data/bluetilted/kp_10_ms_1.5_25_1024/SOAP_full_000_056/simulation_test/SOAP_uncompressed/HBTplus/halo_properties_0056.hdf5
BT_deep,1.0000000000e+11,mean_c_nfw,4.4306214576e-02,7.0623583495e+06,/project/tkcastrosim/HNHuang/project_big_sim/data/bluetilted/kp_10_ms_1.5_25_1024/SOAP_full_000_056/simulation_test/SOAP_uncompressed/HBTplus/halo_properties_0056.hdf5
BT_deep,1.0000000000e+11,mean_c_nfw,4.6415888336e-02,6.4498248342e+06,/project/tkcastrosim/HNHuang/project_big_sim/data/bluetilted/kp_10_ms_1.5_25_1024/SOAP_full_000_056/simulation_test/SOAP_uncompressed/HBTplus/halo_properties_0056.hdf5
BT_deep,1.0000000000e+11,mean_c_nfw,4.8626015801e-02,5.8840579790e+06,/project/tkcastrosim/HNHuang/project_big_sim/data/bluetilted/kp_10_ms_1.5_25_1024/SOAP_full_000_056/simulation_test/SOAP_uncompressed/HBTplus/halo_properties_0056.hdf5
BT_deep,1.0000000000e+11,mean_c_nfw,5.0941380148e-02,5.3621164832e+06,/project/tkcastrosim/HNHuang/project_big_sim/data/bluetilted/kp_10_ms_1.5_25_1024/SOAP_full_000_056/simulation_test/SOAP_uncompressed/HBTplus/halo_properties_0056.hdf5
BT_deep,1.0000000000e+11,mean_c_nfw,5.3366992312e-02,4.8811904578e+06,/project/tkcastrosim/HNHuang/project_big_sim/data/bluetilted/kp_10_ms_1.5_25_1024/SOAP_full_000_056/simulation_test/SOAP_uncompressed/HBTplus/halo_properties_0056.hdf5
BT_deep,1.0000000000e+11,mean_c_nfw,5.5908101825e-02,4.4385990037e+06,/project/tkcastrosim/HNHuang/project_big_sim/data/bluetilted/kp_10_ms_1.5_25_1024/SOAP_full_000_056/simulation_test/SOAP_uncompressed/HBTplus/halo_properties_0056.hdf5
BT_deep,1.0000000000e+11,mean_c_nfw,5.8570208181e-02,4.0317877646e+06,/project/tkcastrosim/HNHuang/project_big_sim/data/bluetilted/kp_10_ms_1.5_25_1024/SOAP_full_000_056/simulation_test/SOAP_uncompressed/HBTplus/halo_properties_0056.hdf5
BT_deep,1.0000000000e+11,mean_c_nfw,6.1359072734e-02,3.6583264280e+06,/project/tkcastrosim/HNHuang/project_big_sim/data/bluetilted/kp_10_ms_1.5_25_1024/SOAP_full_000_056/simulation_test/SOAP_uncompressed/HBTplus/halo_properties_0056.hdf5
BT_deep,1.0000000000e+11,mean_c_nfw,6.4280731173e-02,3.3159061467e+06,/project/tkcastrosim/HNHuang/project_big_sim/data/bluetilted/kp_10_ms_1.5_25_1024/SOAP_full_000_056/simulation_test/SOAP_uncompressed/HBTplus/halo_properties_0056.hdf5
BT_deep,1.0000000000e+11,mean_c_nfw,6.7341506578e-02,3.0023368644e+06,/project/tkcastrosim/HNHuang/project_big_sim/data/bluetilted/kp_10_ms_1.5_25_1024/SOAP_full_000_056/simulation_test/SOAP_uncompressed/HBTplus/halo_properties_0056.hdf5
BT_deep,1.0000000000e+11,mean_c_nfw,7.0548023107e-02,2.7155445292e+06,/project/tkcastrosim/HNHuang/project_big_sim/data/bluetilted/kp_10_ms_1.5_25_1024/SOAP_full_000_056/simulation_test/SOAP_uncompressed/HBTplus/halo_properties_0056.hdf5
BT_deep,1.0000000000e+11,mean_c_nfw,7.3907220335e-02,2.4535681849e+06,/project/tkcastrosim/HNHuang/project_big_sim/data/bluetilted/kp_10_ms_1.5_25_1024/SOAP_full_000_056/simulation_test/SOAP_uncompressed/HBTplus/halo_properties_0056.hdf5
BT_deep,1.0000000000e+11,mean_c_nfw,7.7426368268e-02,2.2145569354e+06,/project/tkcastrosim/HNHuang/project_big_sim/data/bluetilted/kp_10_ms_1.5_25_1024/SOAP_full_000_056/simulation_test/SOAP_uncompressed/HBTplus/halo_properties_0056.hdf5
BT_deep,1.0000000000e+11,mean_c_nfw,8.1113083079e-02,1.9967667807e+06,/project/tkcastrosim/HNHuang/project_big_sim/data/bluetilted/kp_10_ms_1.5_25_1024/SOAP_full_000_056/simulation_test/SOAP_uncompressed/HBTplus/halo_properties_0056.hdf5
BT_deep,1.0000000000e+11,mean_c_nfw,8.4975343591e-02,1.7985573276e+06,/project/tkcastrosim/HNHuang/project_big_sim/data/bluetilted/kp_10_ms_1.5_25_1024/SOAP_full_000_056/simulation_test/SOAP_uncompressed/HBTplus/halo_properties_0056.hdf5
BT_deep,1.0000000000e+11,mean_c_nfw,8.9021508545e-02,1.6183883823e+06,/project/tkcastrosim/HNHuang/project_big_sim/data/bluetilted/kp_10_ms_1.5_25_1024/SOAP_full_000_056/simulation_test/SOAP_uncompressed/HBTplus/halo_properties_0056.hdf5
BT_deep,1.0000000000e+11,mean_c_nfw,9.3260334688e-02,1.4548164332e+06,/project/tkcastrosim/HNHuang/project_big_sim/data/bluetilted/kp_10_ms_1.5_25_1024/SOAP_full_000_056/simulation_test/SOAP_uncompressed/HBTplus/halo_properties_0056.hdf5
BT_deep,1.0000000000e+11,mean_c_nfw,9.7700995730e-02,1.3064910394e+06,/project/tkcastrosim/HNHuang/project_big_sim/data/bluetilted/kp_10_ms_1.5_25_1024/SOAP_full_000_056/simulation_test/SOAP_uncompressed/HBTplus/halo_properties_0056.hdf5
BT_deep,1.0000000000e+11,mean_c_nfw,1.0235310219e-01,1.1721511367e+06,/project/tkcastrosim/HNHuang/project_big_sim/data/bluetilted/kp_10_ms_1.5_25_1024/SOAP_full_000_056/simulation_test/SOAP_uncompressed/HBTplus/halo_properties_0056.hdf5
BT_deep,1.0000000000e+11,mean_c_nfw,1.0722672220e-01,1.0506212804e+06,/project/tkcastrosim/HNHuang/project_big_sim/data/bluetilted/kp_10_ms_1.5_25_1024/SOAP_full_000_056/simulation_test/SOAP_uncompressed/HBTplus/halo_properties_0056.hdf5
BT_deep,1.0000000000e+11,mean_c_nfw,1.1233240330e-01,9.4080784166e+05,/project/tkcastrosim/HNHuang/project_big_sim/data/bluetilted/kp_10_ms_1.5_25_1024/SOAP_full_000_056/simulation_test/SOAP_uncompressed/HBTplus/halo_properties_0056.hdf5
BT_deep,1.0000000000e+11,mean_c_nfw,1.1768119524e-01,8.4169517657e+05,/project/tkcastrosim/HNHuang/project_big_sim/data/bluetilted/kp_10_ms_1.5_25_1024/SOAP_full_000_056/simulation_test/SOAP_uncompressed/HBTplus/halo_properties_0056.hdf5
BT_deep,1.0000000000e+11,mean_c_nfw,1.2328467394e-01,7.5234178707e+05,/project/tkcastrosim/HNHuang/project_big_sim/data/bluetilted/kp_10_ms_1.5_25_1024/SOAP_full_000_056/simulation_test/SOAP_uncompressed/HBTplus/halo_properties_0056.hdf5
BT_deep,1.0000000000e+11,mean_c_nfw,1.2915496650e-01,6.7187649295e+05,/project/tkcastrosim/HNHuang/project_big_sim/data/bluetilted/kp_10_ms_1.5_25_1024/SOAP_full_000_056/simulation_test/SOAP_uncompressed/HBTplus/halo_properties_0056.hdf5
BT_deep,1.0000000000e+11,mean_c_nfw,1.3530477746e-01,5.9949463339e+05,/project/tkcastrosim/HNHuang/project_big_sim/data/bluetilted/kp_10_ms_1.5_25_1024/SOAP_full_000_056/simulation_test/SOAP_uncompressed/HBTplus/halo_properties_0056.hdf5
BT_deep,1.0000000000e+11,mean_c_nfw,1.4174741629e-01,5.3445431591e+05,/project/tkcastrosim/HNHuang/project_big_sim/data/bluetilted/kp_10_ms_1.5_25_1024/SOAP_full_000_056/simulation_test/SOAP_uncompressed/HBTplus/halo_properties_0056.hdf5
BT_deep,1.0000000000e+11,mean_c_nfw,1.4849682623e-01,4.7607272947e+05,/project/tkcastrosim/HNHuang/project_big_sim/data/bluetilted/kp_10_ms_1.5_25_1024/SOAP_full_000_056/simulation_test/SOAP_uncompressed/HBTplus/halo_properties_0056.hdf5
BT_deep,1.0000000000e+11,mean_c_nfw,1.5556761439e-01,4.2372253712e+05,/project/tkcastrosim/HNHuang/project_big_sim/data/bluetilted/kp_10_ms_1.5_25_1024/SOAP_full_000_056/simulation_test/SOAP_uncompressed/HBTplus/halo_properties_0056.hdf5
BT_deep,1.0000000000e+11,mean_c_nfw,1.6297508346e-01,3.7682836211e+05,/project/tkcastrosim/HNHuang/project_big_sim/data/bluetilted/kp_10_ms_1.5_25_1024/SOAP_full_000_056/simulation_test/SOAP_uncompressed/HBTplus/halo_properties_0056.hdf5
BT_deep,1.0000000000e+11,mean_c_nfw,1.7073526475e-01,3.3486337974e+05,/project/tkcastrosim/HNHuang/project_big_sim/data/bluetilted/kp_10_ms_1.5_25_1024/SOAP_full_000_056/simulation_test/SOAP_uncompressed/HBTplus/halo_properties_0056.hdf5
BT_deep,1.0000000000e+11,mean_c_nfw,1.7886495291e-01,2.9734602561e+05,/project/tkcastrosim/HNHuang/project_big_sim/data/bluetilted/kp_10_ms_1.5_25_1024/SOAP_full_000_056/simulation_test/SOAP_uncompressed/HBTplus/halo_properties_0056.hdf5
BT_deep,1.0000000000e+11,mean_c_nfw,1.8738174229e-01,2.6383682906e+05,/project/tkcastrosim/HNHuang/project_big_sim/data/bluetilted/kp_10_ms_1.5_25_1024/SOAP_full_000_056/simulation_test/SOAP_uncompressed/HBTplus/halo_properties_0056.hdf5
BT_deep,1.0000000000e+11,mean_c_nfw,1.9630406500e-01,2.3393537902e+05,/project/tkcastrosim/HNHuang/project_big_sim/data/bluetilted/kp_10_ms_1.5_25_1024/SOAP_full_000_056/simulation_test/SOAP_uncompressed/HBTplus/halo_properties_0056.hdf5
BT_deep,1.0000000000e+11,mean_c_nfw,2.0565123083e-01,2.0727742764e+05,/project/tkcastrosim/HNHuang/project_big_sim/data/bluetilted/kp_10_ms_1.5_25_1024/SOAP_full_000_056/simulation_test/SOAP_uncompressed/HBTplus/halo_properties_0056.hdf5
BT_deep,1.0000000000e+11,mean_c_nfw,2.1544346900e-01,1.8353213558e+05,/project/tkcastrosim/HNHuang/project_big_sim/data/bluetilted/kp_10_ms_1.5_25_1024/SOAP_full_000_056/simulation_test/SOAP_uncompressed/HBTplus/halo_properties_0056.hdf5
BT_deep,1.0000000000e+11,mean_c_nfw,2.2570197196e-01,1.6239946133e+05,/project/tkcastrosim/HNHuang/project_big_sim/data/bluetilted/kp_10_ms_1.5_25_1024/SOAP_full_000_056/simulation_test/SOAP_uncompressed/HBTplus/halo_properties_0056.hdf5
BT_deep,1.0000000000e+11,mean_c_nfw,2.3644894126e-01,1.4360769537e+05,/project/tkcastrosim/HNHuang/project_big_sim/data/bluetilted/kp_10_ms_1.5_25_1024/SOAP_full_000_056/simulation_test/SOAP_uncompressed/HBTplus/halo_properties_0056.hdf5
BT_deep,1.0000000000e+11,mean_c_nfw,2.4770763560e-01,1.2691113878e+05,/project/tkcastrosim/HNHuang/project_big_sim/data/bluetilted/kp_10_ms_1.5_25_1024/SOAP_full_000_056/simulation_test/SOAP_uncompressed/HBTplus/halo_properties_0056.hdf5
BT_deep,1.0000000000e+11,mean_c_nfw,2.5950242114e-01,1.1208792489e+05,/project/tkcastrosim/HNHuang/project_big_sim/data/bluetilted/kp_10_ms_1.5_25_1024/SOAP_full_000_056/simulation_test/SOAP_uncompressed/HBTplus/halo_properties_0056.hdf5
BT_deep,1.0000000000e+11,mean_c_nfw,2.7185882427e-01,9.8937981262e+04,/project/tkcastrosim/HNHuang/project_big_sim/data/bluetilted/kp_10_ms_1.5_25_1024/SOAP_full_000_056/simulation_test/SOAP_uncompressed/HBTplus/halo_properties_0056.hdf5
BT_deep,1.0000000000e+11,mean_c_nfw,2.8480358684e-01,8.7281128696e+04,/project/tkcastrosim/HNHuang/project_big_sim/data/bluetilted/kp_10_ms_1.5_25_1024/SOAP_full_000_056/simulation_test/SOAP_uncompressed/HBTplus/halo_properties_0056.hdf5
BT_deep,1.0000000000e+11,mean_c_nfw,2.9836472403e-01,7.6955312976e+04,/project/tkcastrosim/HNHuang/project_big_sim/data/bluetilted/kp_10_ms_1.5_25_1024/SOAP_full_000_056/simulation_test/SOAP_uncompressed/HBTplus/halo_properties_0056.hdf5
BT_deep,1.0000000000e+11,mean_c_nfw,3.1257158497e-01,6.7814964692e+04,/project/tkcastrosim/HNHuang/project_big_sim/data/bluetilted/kp_10_ms_1.5_25_1024/SOAP_full_000_056/simulation_test/SOAP_uncompressed/HBTplus/halo_properties_0056.hdf5
BT_deep,1.0000000000e+11,mean_c_nfw,3.2745491629e-01,5.9729481787e+04,/project/tkcastrosim/HNHuang/project_big_sim/data/bluetilted/kp_10_ms_1.5_25_1024/SOAP_full_000_056/simulation_test/SOAP_uncompressed/HBTplus/halo_properties_0056.hdf5
BT_deep,1.0000000000e+11,mean_c_nfw,3.4304692863e-01,5.2581829260e+04,/project/tkcastrosim/HNHuang/project_big_sim/data/bluetilted/kp_10_ms_1.5_25_1024/SOAP_full_000_056/simulation_test/SOAP_uncompressed/HBTplus/halo_properties_0056.hdf5
BT_deep,1.0000000000e+11,mean_c_nfw,3.5938136638e-01,4.6267250099e+04,/project/tkcastrosim/HNHuang/project_big_sim/data/bluetilted/kp_10_ms_1.5_25_1024/SOAP_full_000_056/simulation_test/SOAP_uncompressed/HBTplus/halo_properties_0056.hdf5
BT_deep,1.0000000000e+11,mean_c_nfw,3.7649358068e-01,4.0692081420e+04,/project/tkcastrosim/HNHuang/project_big_sim/data/bluetilted/kp_10_ms_1.5_25_1024/SOAP_full_000_056/simulation_test/SOAP_uncompressed/HBTplus/halo_properties_0056.hdf5
BT_deep,1.0000000000e+11,mean_c_nfw,3.9442060594e-01,3.5772669666e+04,/project/tkcastrosim/HNHuang/project_big_sim/data/bluetilted/kp_10_ms_1.5_25_1024/SOAP_full_000_056/simulation_test/SOAP_uncompressed/HBTplus/halo_properties_0056.hdf5
BT_deep,1.0000000000e+11,mean_c_nfw,4.1320124001e-01,3.1434378750e+04,/project/tkcastrosim/HNHuang/project_big_sim/data/bluetilted/kp_10_ms_1.5_25_1024/SOAP_full_000_056/simulation_test/SOAP_uncompressed/HBTplus/halo_properties_0056.hdf5
BT_deep,1.0000000000e+11,mean_c_nfw,4.3287612811e-01,2.7610685059e+04,/project/tkcastrosim/HNHuang/project_big_sim/data/bluetilted/kp_10_ms_1.5_25_1024/SOAP_full_000_056/simulation_test/SOAP_uncompressed/HBTplus/halo_properties_0056.hdf5
BT_deep,1.0000000000e+11,mean_c_nfw,4.5348785081e-01,2.4242353387e+04,/project/tkcastrosim/HNHuang/project_big_sim/data/bluetilted/kp_10_ms_1.5_25_1024/SOAP_full_000_056/simulation_test/SOAP_uncompressed/HBTplus/halo_properties_0056.hdf5
BT_deep,1.0000000000e+11,mean_c_nfw,4.7508101621e-01,2.1276687995e+04,/project/tkcastrosim/HNHuang/project_big_sim/data/bluetilted/kp_10_ms_1.5_25_1024/SOAP_full_000_056/simulation_test/SOAP_uncompressed/HBTplus/halo_properties_0056.hdf5
BT_deep,1.0000000000e+11,mean_c_nfw,4.9770235643e-01,1.8666853215e+04,/project/tkcastrosim/HNHuang/project_big_sim/data/bluetilted/kp_10_ms_1.5_25_1024/SOAP_full_000_056/simulation_test/SOAP_uncompressed/HBTplus/halo_properties_0056.hdf5
BT_deep,1.0000000000e+11,mean_c_nfw,5.2140082880e-01,1.6371258242e+04,/project/tkcastrosim/HNHuang/project_big_sim/data/bluetilted/kp_10_ms_1.5_25_1024/SOAP_full_000_056/simulation_test/SOAP_uncompressed/HBTplus/halo_properties_0056.hdf5
BT_deep,1.0000000000e+11,mean_c_nfw,5.4622772177e-01,1.4353000998e+04,/project/tkcastrosim/HNHuang/project_big_sim/data/bluetilted/kp_10_ms_1.5_25_1024/SOAP_full_000_056/simulation_test/SOAP_uncompressed/HBTplus/halo_properties_0056.hdf5
BT_deep,1.0000000000e+11,mean_c_nfw,5.7223676594e-01,1.2579366220e+04,/project/tkcastrosim/HNHuang/project_big_sim/data/bluetilted/kp_10_ms_1.5_25_1024/SOAP_full_000_056/simulation_test/SOAP_uncompressed/HBTplus/halo_properties_0056.hdf5
BT_deep,1.0000000000e+11,mean_c_nfw,5.9948425032e-01,1.1021373208e+04,/project/tkcastrosim/HNHuang/project_big_sim/data/bluetilted/kp_10_ms_1.5_25_1024/SOAP_full_000_056/simulation_test/SOAP_uncompressed/HBTplus/halo_properties_0056.hdf5
BT_deep,1.0000000000e+11,mean_c_nfw,6.2802914418e-01,9.6533689274e+03,/project/tkcastrosim/HNHuang/project_big_sim/data/bluetilted/kp_10_ms_1.5_25_1024/SOAP_full_000_056/simulation_test/SOAP_uncompressed/HBTplus/halo_properties_0056.hdf5
BT_deep,1.0000000000e+11,mean_c_nfw,6.5793322466e-01,8.4526624499e+03,/project/tkcastrosim/HNHuang/project_big_sim/data/bluetilted/kp_10_ms_1.5_25_1024/SOAP_full_000_056/simulation_test/SOAP_uncompressed/HBTplus/halo_properties_0056.hdf5
BT_deep,1.0000000000e+11,mean_c_nfw,6.8926121043e-01,7.3991969959e+03,/project/tkcastrosim/HNHuang/project_big_sim/data/bluetilted/kp_10_ms_1.5_25_1024/SOAP_full_000_056/simulation_test/SOAP_uncompressed/HBTplus/halo_properties_0056.hdf5
BT_deep,1.0000000000e+11,mean_c_nfw,7.2208090184e-01,6.4752560986e+03,/project/tkcastrosim/HNHuang/project_big_sim/data/bluetilted/kp_10_ms_1.5_25_1024/SOAP_full_000_056/simulation_test/SOAP_uncompressed/HBTplus/halo_properties_0056.hdf5
BT_deep,1.0000000000e+11,mean_c_nfw,7.5646332755e-01,5.6652006796e+03,/project/tkcastrosim/HNHuang/project_big_sim/data/bluetilted/kp_10_ms_1.5_25_1024/SOAP_full_000_056/simulation_test/SOAP_uncompressed/HBTplus/halo_properties_0056.hdf5
BT_deep,1.0000000000e+11,mean_c_nfw,7.9248289835e-01,4.9552340724e+03,/project/tkcastrosim/HNHuang/project_big_sim/data/bluetilted/kp_10_ms_1.5_25_1024/SOAP_full_000_056/simulation_test/SOAP_uncompressed/HBTplus/halo_properties_0056.hdf5
BT_deep,1.0000000000e+11,mean_c_nfw,8.3021756813e-01,4.3331922696e+03,/project/tkcastrosim/HNHuang/project_big_sim/data/bluetilted/kp_10_ms_1.5_25_1024/SOAP_full_000_056/simulation_test/SOAP_uncompressed/HBTplus/halo_properties_0056.hdf5
BT_deep,1.0000000000e+11,mean_c_nfw,8.6974900262e-01,3.7883568994e+03,/project/tkcastrosim/HNHuang/project_big_sim/data/bluetilted/kp_10_ms_1.5_25_1024/SOAP_full_000_056/simulation_test/SOAP_uncompressed/HBTplus/halo_properties_0056.hdf5
BT_deep,1.0000000000e+11,mean_c_nfw,9.1116275612e-01,3.3112886468e+03,/project/tkcastrosim/HNHuang/project_big_sim/data/bluetilted/kp_10_ms_1.5_25_1024/SOAP_full_000_056/simulation_test/SOAP_uncompressed/HBTplus/halo_properties_0056.hdf5
BT_deep,1.0000000000e+11,mean_c_nfw,9.5454845666e-01,2.8936790398e+03,/project/tkcastrosim/HNHuang/project_big_sim/data/bluetilted/kp_10_ms_1.5_25_1024/SOAP_full_000_056/simulation_test/SOAP_uncompressed/HBTplus/halo_properties_0056.hdf5
BT_deep,1.0000000000e+11,mean_c_nfw,1.0000000000e+00,2.5282187061e+03,/project/tkcastrosim/HNHuang/project_big_sim/data/bluetilted/kp_10_ms_1.5_25_1024/SOAP_full_000_056/simulation_test/SOAP_uncompressed/HBTplus/halo_properties_0056.hdf5
BT_deep,1.0000000000e+11,median_c_nfw,1.0000000000e-02,6.9656552343e+07,/project/tkcastrosim/HNHuang/project_big_sim/data/bluetilted/kp_10_ms_1.5_25_1024/SOAP_full_000_056/simulation_test/SOAP_uncompressed/HBTplus/halo_properties_0056.hdf5
BT_deep,1.0000000000e+11,median_c_nfw,1.2216773490e-02,5.3287418568e+07,/project/tkcastrosim/HNHuang/project_big_sim/data/bluetilted/kp_10_ms_1.5_25_1024/SOAP_full_000_056/simulation_test/SOAP_uncompressed/HBTplus/halo_properties_0056.hdf5
BT_deep,1.0000000000e+11,median_c_nfw,1.4924955451e-02,4.0278455935e+07,/project/tkcastrosim/HNHuang/project_big_sim/data/bluetilted/kp_10_ms_1.5_25_1024/SOAP_full_000_056/simulation_test/SOAP_uncompressed/HBTplus/halo_properties_0056.hdf5
BT_deep,1.0000000000e+11,median_c_nfw,1.8233480009e-02,3.0035886615e+07,/project/tkcastrosim/HNHuang/project_big_sim/data/bluetilted/kp_10_ms_1.5_25_1024/SOAP_full_000_056/simulation_test/SOAP_uncompressed/HBTplus/halo_properties_0056.hdf5
BT_deep,1.0000000000e+11,median_c_nfw,2.2275429520e-02,2.2063064181e+07,/project/tkcastrosim/HNHuang/project_big_sim/data/bluetilted/kp_10_ms_1.5_25_1024/SOAP_full_000_056/simulation_test/SOAP_uncompressed/HBTplus/halo_properties_0056.hdf5
BT_deep,1.0000000000e+11,median_c_nfw,2.7213387684e-02,1.5941212639e+07,/project/tkcastrosim/HNHuang/project_big_sim/data/bluetilted/kp_10_ms_1.5_25_1024/SOAP_full_000_056/simulation_test/SOAP_uncompressed/HBTplus/halo_properties_0056.hdf5
BT_deep,1.0000000000e+11,median_c_nfw,3.3245979323e-02,1.1314819080e+07,/project/tkcastrosim/HNHuang/project_big_sim/data/bluetilted/kp_10_ms_1.5_25_1024/SOAP_full_000_056/simulation_test/SOAP_uncompressed/HBTplus/halo_properties_0056.hdf5
BT_deep,1.0000000000e+11,median_c_nfw,4.0615859884e-02,7.8811216724e+06,/project/tkcastrosim/HNHuang/project_big_sim/data/bluetilted/kp_10_ms_1.5_25_1024/SOAP_full_000_056/simulation_test/SOAP_uncompressed/HBTplus/halo_properties_0056.hdf5
BT_deep,1.0000000000e+11,median_c_nfw,4.9619476030e-02,5.3829492166e+06,/project/tkcastrosim/HNHuang/project_big_sim/data/bluetilted/kp_10_ms_1.5_25_1024/SOAP_full_000_056/simulation_test/SOAP_uncompressed/HBTplus/halo_properties_0056.hdf5
BT_deep,1.0000000000e+11,median_c_nfw,6.0618989935e-02,3.6039612645e+06,/project/tkcastrosim/HNHuang/project_big_sim/data/bluetilted/kp_10_ms_1.5_25_1024/SOAP_full_000_056/simulation_test/SOAP_uncompressed/HBTplus/halo_properties_0056.hdf5
BT_deep,1.0000000000e+11,median_c_nfw,7.4056846923e-02,2.3652335215e+06,/project/tkcastrosim/HNHuang/project_big_sim/data/bluetilted/kp_10_ms_1.5_25_1024/SOAP_full_000_056/simulation_test/SOAP_uncompressed/HBTplus/halo_properties_0056.hdf5
BT_deep,1.0000000000e+11,median_c_nfw,9.0473572423e-02,1.5222246579e+06,/project/tkcastrosim/HNHuang/project_big_sim/data/bluetilted/kp_10_ms_1.5_25_1024/SOAP_full_000_056/simulation_test/SOAP_uncompressed/HBTplus/halo_properties_0056.hdf5
BT_deep,1.0000000000e+11,median_c_nfw,1.1052951411e-01,9.6145213518e+05,/project/tkcastrosim/HNHuang/project_big_sim/data/bluetilted/kp_10_ms_1.5_25_1024/SOAP_full_000_056/simulation_test/SOAP_uncompressed/HBTplus/halo_properties_0056.hdf5
BT_deep,1.0000000000e+11,median_c_nfw,1.3503140379e-01,5.9632722340e+05,/project/tkcastrosim/HNHuang/project_big_sim/data/bluetilted/kp_10_ms_1.5_25_1024/SOAP_full_000_056/simulation_test/SOAP_uncompressed/HBTplus/halo_properties_0056.hdf5
BT_deep,1.0000000000e+11,median_c_nfw,1.6496480741e-01,3.6240987468e+05,/project/tkcastrosim/HNHuang/project_big_sim/data/bluetilted/kp_10_ms_1.5_25_1024/SOAP_full_000_056/simulation_test/SOAP_uncompressed/HBTplus/halo_properties_0056.hdf5
BT_deep,1.0000000000e+11,median_c_nfw,2.0153376859e-01,2.1755041310e+05,/project/tkcastrosim/HNHuang/project_big_sim/data/bluetilted/kp_10_ms_1.5_25_1024/SOAP_full_000_056/simulation_test/SOAP_uncompressed/HBTplus/halo_properties_0056.hdf5
BT_deep,1.0000000000e+11,median_c_nfw,2.4620924015e-01,1.2944266077e+05,/project/tkcastrosim/HNHuang/project_big_sim/data/bluetilted/kp_10_ms_1.5_25_1024/SOAP_full_000_056/simulation_test/SOAP_uncompressed/HBTplus/halo_properties_0056.hdf5
BT_deep,1.0000000000e+11,median_c_nfw,3.0078825180e-01,7.6142314269e+04,/project/tkcastrosim/HNHuang/project_big_sim/data/bluetilted/kp_10_ms_1.5_25_1024/SOAP_full_000_056/simulation_test/SOAP_uncompressed/HBTplus/halo_properties_0056.hdf5
BT_deep,1.0000000000e+11,median_c_nfw,3.6746619407e-01,4.4212066483e+04,/project/tkcastrosim/HNHuang/project_big_sim/data/bluetilted/kp_10_ms_1.5_25_1024/SOAP_full_000_056/simulation_test/SOAP_uncompressed/HBTplus/halo_properties_0056.hdf5
BT_deep,1.0000000000e+11,median_c_nfw,4.4892512582e-01,2.5424207622e+04,/project/tkcastrosim/HNHuang/project_big_sim/data/bluetilted/kp_10_ms_1.5_25_1024/SOAP_full_000_056/simulation_test/SOAP_uncompressed/HBTplus/halo_properties_0056.hdf5
BT_deep,1.0000000000e+11,median_c_nfw,5.4844165761e-01,1.4507445212e+04,/project/tkcastrosim/HNHuang/project_big_sim/data/bluetilted/kp_10_ms_1.5_25_1024/SOAP_full_000_056/simulation_test/SOAP_uncompressed/HBTplus/halo_properties_0056.hdf5
BT_deep,1.0000000000e+11,median_c_nfw,6.7001875035e-01,8.2237419928e+03,/project/tkcastrosim/HNHuang/project_big_sim/data/bluetilted/kp_10_ms_1.5_25_1024/SOAP_full_000_056/simulation_test/SOAP_uncompressed/HBTplus/halo_properties_0056.hdf5
BT_deep,1.0000000000e+11,median_c_nfw,8.1854673071e-01,4.6357874088e+03,/project/tkcastrosim/HNHuang/project_big_sim/data/bluetilted/kp_10_ms_1.5_25_1024/SOAP_full_000_056/simulation_test/SOAP_uncompressed/HBTplus/halo_properties_0056.hdf5
BT_deep,1.0000000000e+11,median_c_nfw,1.0000000000e+00,2.6009816320e+03,/project/tkcastrosim/HNHuang/project_big_sim/data/bluetilted/kp_10_ms_1.5_25_1024/SOAP_full_000_056/simulation_test/SOAP_uncompressed/HBTplus/halo_properties_0056.hdf5
