box_hinv_Mpc,model,label,snapshot,redshift,reference_model,k_hMpc,P_sim_Mpc_over_h_cubed,P_hmcode_Mpc_over_h_cubed,sim_over_hmcode,sim_over_hmcode_minus_1,source_file
25,PL,PL 25,0056,-2.2204460493e-16,HMcode2020,3.2072956064e-01,5.0323917086e+02,1.2177426818e+03,4.1325575460e-01,-5.8674424540e-01,/oss06/data/project/tkcastrosim/HNHuang/project_big_sim/analysis/_used_by_article_nonlinear_evolution_pps/powerspectrum/sim_power_data/cdm_25_snap0056.npz
25,PL,PL 25,0056,-2.2204460493e-16,HMcode2020,5.6066196834e-01,2.3437759382e+02,6.5514456664e+02,3.5774942776e-01,-6.4225057224e-01,/oss06/data/project/tkcastrosim/HNHuang/project_big_sim/analysis/_used_by_article_nonlinear_evolution_pps/powerspectrum/sim_power_data/cdm_25_snap0056.npz
25,PL,PL 25,0056,-2.2204460493e-16,HMcode2020,7.8770010985e-01,1.4300128805e+02,4.7309865172e+02,3.0226526228e-01,-6.9773473772e-01,/oss06/data/project/tkcastrosim/HNHuang/project_big_sim/analysis/_used_by_article_nonlinear_evolution_pps/powerspectrum/sim_power_data/cdm_25_snap0056.npz
25,PL,PL 25,0056,-2.2204460493e-16,HMcode2020,1.0205350124e+00,1.0868620653e+02,3.7016989859e+02,2.9361168193e-01,-7.0638831807e-01,/oss06/data/project/tkcastrosim/HNHuang/project_big_sim/analysis/_used_by_article_nonlinear_evolution_pps/powerspectrum/sim_power_data/cdm_25_snap0056.npz
25,PL,PL 25,0056,-2.2204460493e-16,HMcode2020,1.2811623763e+00,1.0311677669e+02,2.9352073173e+02,3.5131002870e-01,-6.4868997130e-01,/oss06/data/project/tkcastrosim/HNHuang/project_big_sim/analysis/_used_by_article_nonlinear_evolution_pps/powerspectrum/sim_power_data/cdm_25_snap0056.npz
25,PL,PL 25,0056,-2.2204460493e-16,HMcode2020,1.5386083751e+00,7.8631618341e+01,2.3856961350e+02,3.2959611740e-01,-6.7040388260e-01,/oss06/data/project/tkcastrosim/HNHuang/project_big_sim/analysis/_used_by_article_nonlinear_evolution_pps/powerspectrum/sim_power_data/cdm_25_snap0056.npz
25,PL,PL 25,0056,-2.2204460493e-16,HMcode2020,1.7773229369e+00,7.7708090445e+01,1.9932584089e+02,3.8985457229e-01,-6.1014542771e-01,/oss06/data/project/tkcastrosim/HNHuang/project_big_sim/analysis/_used_by_article_nonlinear_evolution_pps/powerspectrum/sim_power_data/cdm_25_snap0056.npz
25,PL,PL 25,0056,-2.2204460493e-16,HMcode2020,2.0169221746e+00,6.7868298750e+01,1.6820526762e+02,4.0348497826e-01,-5.9651502174e-01,/oss06/data/project/tkcastrosim/HNHuang/project_big_sim/analysis/_used_by_article_nonlinear_evolution_pps/powerspectrum/sim_power_data/cdm_25_snap0056.npz
25,PL,PL 25,0056,-2.2204460493e-16,HMcode2020,2.2763702483e+00,6.2003846117e+01,1.4147524722e+02,4.3826639171e-01,-5.6173360829e-01,/oss06/data/project/tkcastrosim/HNHuang/project_big_sim/analysis/_used_by_article_nonlinear_evolution_pps/powerspectrum/sim_power_data/cdm_25_snap0056.npz
25,PL,PL 25,0056,-2.2204460493e-16,HMcode2020,2.5367369098e+00,5.5453723629e+01,1.2021481179e+02,4.6128861166e-01,-5.3871138834e-01,/oss06/data/project/tkcastrosim/HNHuang/project_big_sim/analysis/_used_by_article_nonlinear_evolution_pps/powerspectrum/sim_power_data/cdm_25_snap0056.npz
25,PL,PL 25,0056,-2.2204460493e-16,HMcode2020,2.8990729604e+00,4.6615688084e+01,9.7442414722e+01,4.7839216852e-01,-5.2160783148e-01,/oss06/data/project/tkcastrosim/HNHuang/project_big_sim/analysis/_used_by_article_nonlinear_evolution_pps/powerspectrum/sim_power_data/cdm_25_snap0056.npz
25,PL,PL 25,0056,-2.2204460493e-16,HMcode2020,3.4029375450e+00,4.1080938489e+01,7.4883496118e+01,5.4859803052e-01,-4.5140196948e-01,/oss06/data/project/tkcastrosim/HNHuang/project_big_sim/analysis/_used_by_article_nonlinear_evolution_pps/powerspectrum/sim_power_data/cdm_25_snap0056.npz
25,PL,PL 25,0056,-2.2204460493e-16,HMcode2020,3.8962643222e+00,3.3198519692e+01,5.9455804297e+01,5.5837306525e-01,-4.4162693475e-01,/oss06/data/project/tkcastrosim/HNHuang/project_big_sim/analysis/_used_by_article_nonlinear_evolution_pps/powerspectrum/sim_power_data/cdm_25_snap0056.npz
25,PL,PL 25,0056,-2.2204460493e-16,HMcode2020,4.5293257682e+00,2.5724139289e+01,4.5633404374e+01,5.6371291254e-01,-4.3628708746e-01,/oss06/data/project/tkcastrosim/HNHuang/project_big_sim/analysis/_used_by_article_nonlinear_evolution_pps/powerspectrum/sim_power_data/cdm_25_snap0056.npz
25,PL,PL 25,0056,-2.2204460493e-16,HMcode2020,5.2810827998e+00,2.1869661882e+01,3.4569773614e+01,6.3262380964e-01,-3.6737619036e-01,/oss06/data/project/tkcastrosim/HNHuang/project_big_sim/analysis/_used_by_article_nonlinear_evolution_pps/powerspectrum/sim_power_data/cdm_25_snap0056.npz
25,PL,PL 25,0056,-2.2204460493e-16,HMcode2020,6.0322119887e+00,1.6623789142e+01,2.7023499460e+01,6.1516048900e-01,-3.8483951100e-01,/oss06/data/project/tkcastrosim/HNHuang/project_big_sim/analysis/_used_by_article_nonlinear_evolution_pps/powerspectrum/sim_power_data/cdm_25_snap0056.npz
25,PL,PL 25,0056,-2.2204460493e-16,HMcode2020,6.9129667849e+00,1.3972967775e+01,2.0880484431e+01,6.6918791186e-01,-3.3081208814e-01,/oss06/data/project/tkcastrosim/HNHuang/project_big_sim/analysis/_used_by_article_nonlinear_evolution_pps/powerspectrum/sim_power_data/cdm_25_snap0056.npz
25,PL,PL 25,0056,-2.2204460493e-16,HMcode2020,7.9160323189e+00,1.1248237509e+01,1.6071060898e+01,6.9990634595e-01,-3.0009365405e-01,/oss06/data/project/tkcastrosim/HNHuang/project_big_sim/analysis/_used_by_article_nonlinear_evolution_pps/powerspectrum/sim_power_data/cdm_25_snap0056.npz
25,PL,PL 25,0056,-2.2204460493e-16,HMcode2020,9.1677843868e+00,8.9260979491e+00,1.2031203934e+01,7.4191228060e-01,-2.5808771940e-01,/oss06/data/project/tkcastrosim/HNHuang/project_big_sim/analysis/_used_by_article_nonlinear_evolution_pps/powerspectrum/sim_power_data/cdm_25_snap0056.npz
25,PL,PL 25,0056,-2.2204460493e-16,HMcode2020,1.0676813721e+01,6.9107138720e+00,8.8516197462e+00,7.8072873329e-01,-2.1927126671e-01,/oss06/data/project/tkcastrosim/HNHuang/project_big_sim/analysis/_used_by_article_nonlinear_evolution_pps/powerspectrum/sim_power_data/cdm_25_snap0056.npz
25,PL,PL 25,0056,-2.2204460493e-16,HMcode2020,1.2307894307e+01,5.3671071240e+00,6.6098951747e+00,8.1198067173e-01,-1.8801932827e-01,/oss06/data/project/tkcastrosim/HNHuang/project_big_sim/analysis/_used_by_article_nonlinear_evolution_pps/powerspectrum/sim_power_data/cdm_25_snap0056.npz
25,PL,PL 25,0056,-2.2204460493e-16,HMcode2020,1.4191236202e+01,4.1023308736e+00,4.9078820691e+00,8.3586582070e-01,-1.6413417930e-01,/oss06/data/project/tkcastrosim/HNHuang/project_big_sim/analysis/_used_by_article_nonlinear_evolution_pps/powerspectrum/sim_power_data/cdm_25_snap0056.npz
25,PL,PL 25,0056,-2.2204460493e-16,HMcode2020,1.6325873207e+01,3.1682695571e+00,3.6421829149e+00,8.6988205458e-01,-1.3011794542e-01,/oss06/data/project/tkcastrosim/HNHuang/project_big_sim/analysis/_used_by_article_nonlinear_evolution_pps/powerspectrum/sim_power_data/cdm_25_snap0056.npz
25,PL,PL 25,0056,-2.2204460493e-16,HMcode2020,1.8834933875e+01,2.4068400869e+00,2.6731841915e+00,9.0036447715e-01,-9.9635522846e-02,/oss06/data/project/tkcastrosim/HNHuang/project_big_sim/analysis/_used_by_article_nonlinear_evolution_pps/powerspectrum/sim_power_data/cdm_25_snap0056.npz
25,PL,PL 25,0056,-2.2204460493e-16,HMcode2020,2.1724701131e+01,1.8124152819e+00,1.9533216495e+00,9.2786320288e-01,-7.2136797123e-02,/oss06/data/project/tkcastrosim/HNHuang/project_big_sim/analysis/_used_by_article_nonlinear_evolution_pps/powerspectrum/sim_power_data/cdm_25_snap0056.npz
25,PL,PL 25,0056,-2.2204460493e-16,HMcode2020,2.4988160556e+01,1.3595958428e+00,1.4291855927e+00,9.5130810843e-01,-4.8691891575e-02,/oss06/data/project/tkcastrosim/HNHuang/project_big_sim/analysis/_used_by_article_nonlinear_evolution_pps/powerspectrum/sim_power_data/cdm_25_snap0056.npz
25,PL,PL 25,0056,-2.2204460493e-16,HMcode2020,2.8755021694e+01,1.0146002647e+00,1.0400756375e+00,9.7550623064e-01,-2.4493769361e-02,/oss06/data/project/tkcastrosim/HNHuang/project_big_sim/analysis/_used_by_article_nonlinear_evolution_pps/powerspectrum/sim_power_data/cdm_25_snap0056.npz
25,PL,PL 25,0056,-2.2204460493e-16,HMcode2020,3.3148095750e+01,7.3927725617e-01,7.5052721597e-01,9.8501059047e-01,-1.4989409531e-02,/oss06/data/project/tkcastrosim/HNHuang/project_big_sim/analysis/_used_by_article_nonlinear_evolution_pps/powerspectrum/sim_power_data/cdm_25_snap0056.npz
25,PL,PL 25,0056,-2.2204460493e-16,HMcode2020,3.8295411886e+01,5.2212930773e-01,5.3657184981e-01,9.7308367540e-01,-2.6916324601e-02,/oss06/data/project/tkcastrosim/HNHuang/project_big_sim/analysis/_used_by_article_nonlinear_evolution_pps/powerspectrum/sim_power_data/cdm_25_snap0056.npz
25,PL,PL 25,0056,-2.2204460493e-16,HMcode2020,4.4197519067e+01,3.7365902699e-01,3.8292479532e-01,9.7580264208e-01,-2.4197357925e-02,/oss06/data/project/tkcastrosim/HNHuang/project_big_sim/analysis/_used_by_article_nonlinear_evolution_pps/powerspectrum/sim_power_data/cdm_25_snap0056.npz
25,PL,PL 25,0056,-2.2204460493e-16,HMcode2020,5.0976964633e+01,2.6516921648e-01,2.7262574670e-01,9.7264920750e-01,-2.7350792499e-02,/oss06/data/project/tkcastrosim/HNHuang/project_big_sim/analysis/_used_by_article_nonlinear_evolution_pps/powerspectrum/sim_power_data/cdm_25_snap0056.npz
25,PL,PL 25,0056,-2.2204460493e-16,HMcode2020,5.8762683884e+01,1.8150531536e-01,1.9362469852e-01,9.3740786560e-01,-6.2592134404e-02,/oss06/data/project/tkcastrosim/HNHuang/project_big_sim/analysis/_used_by_article_nonlinear_evolution_pps/powerspectrum/sim_power_data/cdm_25_snap0056.npz
25,PL,PL 25,0056,-2.2204460493e-16,HMcode2020,6.7800053809e+01,1.2269964052e-01,1.3677113752e-01,8.9711647311e-01,-1.0288352689e-01,/oss06/data/project/tkcastrosim/HNHuang/project_big_sim/analysis/_used_by_article_nonlinear_evolution_pps/powerspectrum/sim_power_data/cdm_25_snap0056.npz
25,PL,PL 25,0056,-2.2204460493e-16,HMcode2020,7.8224012374e+01,8.0783113083e-02,9.6255539613e-02,8.3925676806e-01,-1.6074323194e-01,/oss06/data/project/tkcastrosim/HNHuang/project_big_sim/analysis/_used_by_article_nonlinear_evolution_pps/powerspectrum/sim_power_data/cdm_25_snap0056.npz
25,PL,PL 25,0056,-2.2204460493e-16,HMcode2020,9.0151151638e+01,5.2911302437e-02,6.7757554938e-02,7.8089155498e-01,-2.1910844502e-01,/oss06/data/project/tkcastrosim/HNHuang/project_big_sim/analysis/_used_by_article_nonlinear_evolution_pps/powerspectrum/sim_power_data/cdm_25_snap0056.npz
25,PL,PL 25,0056,-2.2204460493e-16,HMcode2020,1.0396190842e+02,3.3826244632e-02,4.7442446232e-02,7.1299537269e-01,-2.8700462731e-01,/oss06/data/project/tkcastrosim/HNHuang/project_big_sim/analysis/_used_by_article_nonlinear_evolution_pps/powerspectrum/sim_power_data/cdm_25_snap0056.npz
25,PL,PL 25,0056,-2.2204460493e-16,HMcode2020,1.1990776394e+02,2.2181899313e-02,3.3152119124e-02,6.6909446209e-01,-3.3090553791e-01,/oss06/data/project/tkcastrosim/HNHuang/project_big_sim/analysis/_used_by_article_nonlinear_evolution_pps/powerspectrum/sim_power_data/cdm_25_snap0056.npz
25,BTKP1,BT $k_p=1$ 25,0056,-2.2204460493e-16,HMcode2020,3.2072956064e-01,5.0215197904e+02,1.1889699301e+03,4.2234203432e-01,-5.7765796568e-01,/oss06/data/project/tkcastrosim/HNHuang/project_big_sim/analysis/_used_by_article_nonlinear_evolution_pps/powerspectrum/sim_power_data/bluetilted_kp1_ms1.5_25_snap0056.npz
25,BTKP1,BT $k_p=1$ 25,0056,-2.2204460493e-16,HMcode2020,5.6066196834e-01,2.3295471420e+02,6.4017498884e+02,3.6389224549e-01,-6.3610775451e-01,/oss06/data/project/tkcastrosim/HNHuang/project_big_sim/analysis/_used_by_article_nonlinear_evolution_pps/powerspectrum/sim_power_data/bluetilted_kp1_ms1.5_25_snap0056.npz
25,BTKP1,BT $k_p=1$ 25,0056,-2.2204460493e-16,HMcode2020,7.8770010985e-01,1.4210060599e+02,4.6541157058e+02,3.0532246074e-01,-6.9467753926e-01,/oss06/data/project/tkcastrosim/HNHuang/project_big_sim/analysis/_used_by_article_nonlinear_evolution_pps/powerspectrum/sim_power_data/bluetilted_kp1_ms1.5_25_snap0056.npz
25,BTKP1,BT $k_p=1$ 25,0056,-2.2204460493e-16,HMcode2020,1.0205350124e+00,1.0775779615e+02,3.6921313781e+02,2.9185796797e-01,-7.0814203203e-01,/oss06/data/project/tkcastrosim/HNHuang/project_big_sim/analysis/_used_by_article_nonlinear_evolution_pps/powerspectrum/sim_power_data/bluetilted_kp1_ms1.5_25_snap0056.npz
25,BTKP1,BT $k_p=1$ 25,0056,-2.2204460493e-16,HMcode2020,1.2811623763e+00,1.0366218506e+02,2.9789242301e+02,3.4798530292e-01,-6.5201469708e-01,/oss06/data/project/tkcastrosim/HNHuang/project_big_sim/analysis/_used_by_article_nonlinear_evolution_pps/powerspectrum/sim_power_data/bluetilted_kp1_ms1.5_25_snap0056.npz
25,BTKP1,BT $k_p=1$ 25,0056,-2.2204460493e-16,HMcode2020,1.5386083751e+00,7.9627232251e+01,2.4552955437e+02,3.2430813658e-01,-6.7569186342e-01,/oss06/data/project/tkcastrosim/HNHuang/project_big_sim/analysis/_used_by_article_nonlinear_evolution_pps/powerspectrum/sim_power_data/bluetilted_kp1_ms1.5_25_snap0056.npz
25,BTKP1,BT $k_p=1$ 25,0056,-2.2204460493e-16,HMcode2020,1.7773229369e+00,7.9267116440e+01,2.0720181739e+02,3.8255994778e-01,-6.1744005222e-01,/oss06/data/project/tkcastrosim/HNHuang/project_big_sim/analysis/_used_by_article_nonlinear_evolution_pps/powerspectrum/sim_power_data/bluetilted_kp1_ms1.5_25_snap0056.npz
25,BTKP1,BT $k_p=1$ 25,0056,-2.2204460493e-16,HMcode2020,2.0169221746e+00,6.8766255993e+01,1.7627296253e+02,3.9011232922e-01,-6.0988767078e-01,/oss06/data/project/tkcastrosim/HNHuang/project_big_sim/analysis/_used_by_article_nonlinear_evolution_pps/powerspectrum/sim_power_data/bluetilted_kp1_ms1.5_25_snap0056.npz
25,BTKP1,BT $k_p=1$ 25,0056,-2.2204460493e-16,HMcode2020,2.2763702483e+00,6.2032074577e+01,1.4932766103e+02,4.1540913552e-01,-5.8459086448e-01,/oss06/data/project/tkcastrosim/HNHuang/project_big_sim/analysis/_used_by_article_nonlinear_evolution_pps/powerspectrum/sim_power_data/bluetilted_kp1_ms1.5_25_snap0056.npz
25,BTKP1,BT $k_p=1$ 25,0056,-2.2204460493e-16,HMcode2020,2.5367369098e+00,5.4891393812e+01,1.2756510420e+02,4.3030101496e-01,-5.6969898504e-01,/oss06/data/project/tkcastrosim/HNHuang/project_big_sim/analysis/_used_by_article_nonlinear_evolution_pps/powerspectrum/sim_power_data/bluetilted_kp1_ms1.5_25_snap0056.npz
25,BTKP1,BT $k_p=1$ 25,0056,-2.2204460493e-16,HMcode2020,2.8990729604e+00,4.7080159812e+01,1.0423108313e+02,4.5169020984e-01,-5.4830979016e-01,/oss06/data/project/tkcastrosim/HNHuang/project_big_sim/analysis/_used_by_article_nonlinear_evolution_pps/powerspectrum/sim_power_data/bluetilted_kp1_ms1.5_25_snap0056.npz
25,BTKP1,BT $k_p=1$ 25,0056,-2.2204460493e-16,HMcode2020,3.4029375450e+00,4.2293245267e+01,8.0888063347e+01,5.2286139038e-01,-4.7713860962e-01,/oss06/data/project/tkcastrosim/HNHuang/project_big_sim/analysis/_used_by_article_nonlinear_evolution_pps/powerspectrum/sim_power_data/bluetilted_kp1_ms1.5_25_snap0056.npz
25,BTKP1,BT $k_p=1$ 25,0056,-2.2204460493e-16,HMcode2020,3.8962643222e+00,3.4317653406e+01,6.4776949961e+01,5.2978186573e-01,-4.7021813427e-01,/oss06/data/project/tkcastrosim/HNHuang/project_big_sim/analysis/_used_by_article_nonlinear_evolution_pps/powerspectrum/sim_power_data/bluetilted_kp1_ms1.5_25_snap0056.npz
25,BTKP1,BT $k_p=1$ 25,0056,-2.2204460493e-16,HMcode2020,4.5293257682e+00,2.6926953422e+01,5.0221521932e+01,5.3616362839e-01,-4.6383637161e-01,/oss06/data/project/tkcastrosim/HNHuang/project_big_sim/analysis/_used_by_article_nonlinear_evolution_pps/powerspectrum/sim_power_data/bluetilted_kp1_ms1.5_25_snap0056.npz
25,BTKP1,BT $k_p=1$ 25,0056,-2.2204460493e-16,HMcode2020,5.2810827998e+00,2.3381713966e+01,3.8468640161e+01,6.0781233411e-01,-3.9218766589e-01,/oss06/data/project/tkcastrosim/HNHuang/project_big_sim/analysis/_used_by_article_nonlinear_evolution_pps/powerspectrum/sim_power_data/bluetilted_kp1_ms1.5_25_snap0056.npz
25,BTKP1,BT $k_p=1$ 25,0056,-2.2204460493e-16,HMcode2020,6.0322119887e+00,1.7855724374e+01,3.0383381410e+01,5.8768061831e-01,-4.1231938169e-01,/oss06/data/project/tkcastrosim/HNHuang/project_big_sim/analysis/_used_by_article_nonlinear_evolution_pps/powerspectrum/sim_power_data/bluetilted_kp1_ms1.5_25_snap0056.npz
25,BTKP1,BT $k_p=1$ 25,0056,-2.2204460493e-16,HMcode2020,6.9129667849e+00,1.5207860760e+01,2.3746119209e+01,6.4043562768e-01,-3.5956437232e-01,/oss06/data/project/tkcastrosim/HNHuang/project_big_sim/analysis/_used_by_article_nonlinear_evolution_pps/powerspectrum/sim_power_data/bluetilted_kp1_ms1.5_25_snap0056.npz
25,BTKP1,BT $k_p=1$ 25,0056,-2.2204460493e-16,HMcode2020,7.9160323189e+00,1.2220003756e+01,1.8502506912e+01,6.6045124668e-01,-3.3954875332e-01,/oss06/data/project/tkcastrosim/HNHuang/project_big_sim/analysis/_used_by_article_nonlinear_evolution_pps/powerspectrum/sim_power_data/bluetilted_kp1_ms1.5_25_snap0056.npz
25,BTKP1,BT $k_p=1$ 25,0056,-2.2204460493e-16,HMcode2020,9.1677843868e+00,9.6934446641e+00,1.4053095858e+01,6.8977289861e-01,-3.1022710139e-01,/oss06/data/project/tkcastrosim/HNHuang/project_big_sim/analysis/_used_by_article_nonlinear_evolution_pps/powerspectrum/sim_power_data/bluetilted_kp1_ms1.5_25_snap0056.npz
25,BTKP1,BT $k_p=1$ 25,0056,-2.2204460493e-16,HMcode2020,1.0676813721e+01,7.7755540581e+00,1.0509459353e+01,7.3986242265e-01,-2.6013757735e-01,/oss06/data/project/tkcastrosim/HNHuang/project_big_sim/analysis/_used_by_article_nonlinear_evolution_pps/powerspectrum/sim_power_data/bluetilted_kp1_ms1.5_25_snap0056.npz
25,BTKP1,BT $k_p=1$ 25,0056,-2.2204460493e-16,HMcode2020,1.2307894307e+01,6.1374793338e+00,7.9784552006e+00,7.6925660163e-01,-2.3074339837e-01,/oss06/data/project/tkcastrosim/HNHuang/project_big_sim/analysis/_used_by_article_nonlinear_evolution_pps/powerspectrum/sim_power_data/bluetilted_kp1_ms1.5_25_snap0056.npz
25,BTKP1,BT $k_p=1$ 25,0056,-2.2204460493e-16,HMcode2020,1.4191236202e+01,4.6769321079e+00,6.0303440348e+00,7.7556638244e-01,-2.2443361756e-01,/oss06/data/project/tkcastrosim/HNHuang/project_big_sim/analysis/_used_by_article_nonlinear_evolution_pps/powerspectrum/sim_power_data/bluetilted_kp1_ms1.5_25_snap0056.npz
25,BTKP1,BT $k_p=1$ 25,0056,-2.2204460493e-16,HMcode2020,1.6325873207e+01,3.6519994096e+00,4.5604865181e+00,8.0079162500e-01,-1.9920837500e-01,/oss06/data/project/tkcastrosim/HNHuang/project_big_sim/analysis/_used_by_article_nonlinear_evolution_pps/powerspectrum/sim_power_data/bluetilted_kp1_ms1.5_25_snap0056.npz
25,BTKP1,BT $k_p=1$ 25,0056,-2.2204460493e-16,HMcode2020,1.8834933875e+01,2.8374228526e+00,3.4173002438e+00,8.3031125453e-01,-1.6968874547e-01,/oss06/data/project/tkcastrosim/HNHuang/project_big_sim/analysis/_used_by_article_nonlinear_evolution_pps/powerspectrum/sim_power_data/bluetilted_kp1_ms1.5_25_snap0056.npz
25,BTKP1,BT $k_p=1$ 25,0056,-2.2204460493e-16,HMcode2020,2.1724701131e+01,2.1994586252e+00,2.5533250367e+00,8.6140957128e-01,-1.3859042872e-01,/oss06/data/project/tkcastrosim/HNHuang/project_big_sim/analysis/_used_by_article_nonlinear_evolution_pps/powerspectrum/sim_power_data/bluetilted_kp1_ms1.5_25_snap0056.npz
25,BTKP1,BT $k_p=1$ 25,0056,-2.2204460493e-16,HMcode2020,2.4988160556e+01,1.6810961209e+00,1.9126846956e+00,8.7891962788e-01,-1.2108037212e-01,/oss06/data/project/tkcastrosim/HNHuang/project_big_sim/analysis/_used_by_article_nonlinear_evolution_pps/powerspectrum/sim_power_data/bluetilted_kp1_ms1.5_25_snap0056.npz
25,BTKP1,BT $k_p=1$ 25,0056,-2.2204460493e-16,HMcode2020,2.8755021694e+01,1.2800226507e+00,1.4275520995e+00,8.9665564646e-01,-1.0334435354e-01,/oss06/data/project/tkcastrosim/HNHuang/project_big_sim/analysis/_used_by_article_nonlinear_evolution_pps/powerspectrum/sim_power_data/bluetilted_kp1_ms1.5_25_snap0056.npz
25,BTKP1,BT $k_p=1$ 25,0056,-2.2204460493e-16,HMcode2020,3.3148095750e+01,9.3233179713e-01,1.0587295494e+00,8.8061374850e-01,-1.1938625150e-01,/oss06/data/project/tkcastrosim/HNHuang/project_big_sim/analysis/_used_by_article_nonlinear_evolution_pps/powerspectrum/sim_power_data/bluetilted_kp1_ms1.5_25_snap0056.npz
25,BTKP1,BT $k_p=1$ 25,0056,-2.2204460493e-16,HMcode2020,3.8295411886e+01,6.9427788335e-01,7.7969325813e-01,8.9045002777e-01,-1.0954997223e-01,/oss06/data/project/tkcastrosim/HNHuang/project_big_sim/analysis/_used_by_article_nonlinear_evolution_pps/powerspectrum/sim_power_data/bluetilted_kp1_ms1.5_25_snap0056.npz
25,BTKP1,BT $k_p=1$ 25,0056,-2.2204460493e-16,HMcode2020,4.4197519067e+01,4.9953966837e-01,5.7411110751e-01,8.7010974327e-01,-1.2989025673e-01,/oss06/data/project/tkcastrosim/HNHuang/project_big_sim/analysis/_used_by_article_nonlinear_evolution_pps/powerspectrum/sim_power_data/bluetilted_kp1_ms1.5_25_snap0056.npz
25,BTKP1,BT $k_p=1$ 25,0056,-2.2204460493e-16,HMcode2020,5.0976964633e+01,3.6423144490e-01,4.2243761372e-01,8.6221357445e-01,-1.3778642555e-01,/oss06/data/project/tkcastrosim/HNHuang/project_big_sim/analysis/_used_by_article_nonlinear_evolution_pps/powerspectrum/sim_power_data/bluetilted_kp1_ms1.5_25_snap0056.npz
25,BTKP1,BT $k_p=1$ 25,0056,-2.2204460493e-16,HMcode2020,5.8762683884e+01,2.6244119555e-01,3.1059768878e-01,8.4495540384e-01,-1.5504459616e-01,/oss06/data/project/tkcastrosim/HNHuang/project_big_sim/analysis/_used_by_article_nonlinear_evolution_pps/powerspectrum/sim_power_data/bluetilted_kp1_ms1.5_25_snap0056.npz
25,BTKP1,BT $k_p=1$ 25,0056,-2.2204460493e-16,HMcode2020,6.7800053809e+01,1.8458198887e-01,2.2754605159e-01,8.1118519780e-01,-1.8881480220e-01,/oss06/data/project/tkcastrosim/HNHuang/project_big_sim/analysis/_used_by_article_nonlinear_evolution_pps/powerspectrum/sim_power_data/bluetilted_kp1_ms1.5_25_snap0056.npz
25,BTKP1,BT $k_p=1$ 25,0056,-2.2204460493e-16,HMcode2020,7.8224012374e+01,1.2672797087e-01,1.6639073248e-01,7.6162878171e-01,-2.3837121829e-01,/oss06/data/project/tkcastrosim/HNHuang/project_big_sim/analysis/_used_by_article_nonlinear_evolution_pps/powerspectrum/sim_power_data/bluetilted_kp1_ms1.5_25_snap0056.npz
25,BTKP1,BT $k_p=1$ 25,0056,-2.2204460493e-16,HMcode2020,9.0151151638e+01,8.6849078869e-02,1.2182227263e-01,7.1291625903e-01,-2.8708374097e-01,/oss06/data/project/tkcastrosim/HNHuang/project_big_sim/analysis/_used_by_article_nonlinear_evolution_pps/powerspectrum/sim_power_data/bluetilted_kp1_ms1.5_25_snap0056.npz
25,BTKP1,BT $k_p=1$ 25,0056,-2.2204460493e-16,HMcode2020,1.0396190842e+02,5.9467035633e-02,8.8891350908e-02,6.6898562150e-01,-3.3101437850e-01,/oss06/data/project/tkcastrosim/HNHuang/project_big_sim/analysis/_used_by_article_nonlinear_evolution_pps/powerspectrum/sim_power_data/bluetilted_kp1_ms1.5_25_snap0056.npz
25,BTKP1,BT $k_p=1$ 25,0056,-2.2204460493e-16,HMcode2020,1.1990776394e+02,4.1512593139e-02,6.4791986320e-02,6.4070567205e-01,-3.5929432795e-01,/oss06/data/project/tkcastrosim/HNHuang/project_big_sim/analysis/_used_by_article_nonlinear_evolution_pps/powerspectrum/sim_power_data/bluetilted_kp1_ms1.5_25_snap0056.npz
25,BTKP10,BT $k_p=10$ 25,0056,-2.2204460493e-16,HMcode2020,3.2072956064e-01,5.0328520699e+02,1.2177777783e+03,4.1328164790e-01,-5.8671835210e-01,/oss06/data/project/tkcastrosim/HNHuang/project_big_sim/analysis/_used_by_article_nonlinear_evolution_pps/powerspectrum/sim_power_data/bluetilted_kp10_ms1.5_25_snap0056.npz
25,BTKP10,BT $k_p=10$ 25,0056,-2.2204460493e-16,HMcode2020,5.6066196834e-01,2.3440246293e+02,6.5516378067e+02,3.5777689464e-01,-6.4222310536e-01,/oss06/data/project/tkcastrosim/HNHuang/project_big_sim/analysis/_used_by_article_nonlinear_evolution_pps/powerspectrum/sim_power_data/bluetilted_kp10_ms1.5_25_snap0056.npz
25,BTKP10,BT $k_p=10$ 25,0056,-2.2204460493e-16,HMcode2020,7.8770010985e-01,1.4300972712e+02,4.7311136295e+02,3.0227497862e-01,-6.9772502138e-01,/oss06/data/project/tkcastrosim/HNHuang/project_big_sim/analysis/_used_by_article_nonlinear_evolution_pps/powerspectrum/sim_power_data/bluetilted_kp10_ms1.5_25_snap0056.npz
25,BTKP10,BT $k_p=10$ 25,0056,-2.2204460493e-16,HMcode2020,1.0205350124e+00,1.0868220916e+02,3.7017892955e+02,2.9359372045e-01,-7.0640627955e-01,/oss06/data/project/tkcastrosim/HNHuang/project_big_sim/analysis/_used_by_article_nonlinear_evolution_pps/powerspectrum/sim_power_data/bluetilted_kp10_ms1.5_25_snap0056.npz
25,BTKP10,BT $k_p=10$ 25,0056,-2.2204460493e-16,HMcode2020,1.2811623763e+00,1.0310900033e+02,2.9352728780e+02,3.5127568922e-01,-6.4872431078e-01,/oss06/data/project/tkcastrosim/HNHuang/project_big_sim/analysis/_used_by_article_nonlinear_evolution_pps/powerspectrum/sim_power_data/bluetilted_kp10_ms1.5_25_snap0056.npz
25,BTKP10,BT $k_p=10$ 25,0056,-2.2204460493e-16,HMcode2020,1.5386083751e+00,7.8619525104e+01,2.3857462308e+02,3.2953850702e-01,-6.7046149298e-01,/oss06/data/project/tkcastrosim/HNHuang/project_big_sim/analysis/_used_by_article_nonlinear_evolution_pps/powerspectrum/sim_power_data/bluetilted_kp10_ms1.5_25_snap0056.npz
25,BTKP10,BT $k_p=10$ 25,0056,-2.2204460493e-16,HMcode2020,1.7773229369e+00,7.7668061287e+01,1.9932987797e+02,3.8964585780e-01,-6.1035414220e-01,/oss06/data/project/tkcastrosim/HNHuang/project_big_sim/analysis/_used_by_article_nonlinear_evolution_pps/powerspectrum/sim_power_data/bluetilted_kp10_ms1.5_25_snap0056.npz
25,BTKP10,BT $k_p=10$ 25,0056,-2.2204460493e-16,HMcode2020,2.0169221746e+00,6.7820832540e+01,1.6820860904e+02,4.0319477657e-01,-5.9680522343e-01,/oss06/data/project/tkcastrosim/HNHuang/project_big_sim/analysis/_used_by_article_nonlinear_evolution_pps/powerspectrum/sim_power_data/bluetilted_kp10_ms1.5_25_snap0056.npz
25,BTKP10,BT $k_p=10$ 25,0056,-2.2204460493e-16,HMcode2020,2.2763702483e+00,6.1961258974e+01,1.4147804388e+02,4.3795671240e-01,-5.6204328760e-01,/oss06/data/project/tkcastrosim/HNHuang/project_big_sim/analysis/_used_by_article_nonlinear_evolution_pps/powerspectrum/sim_power_data/bluetilted_kp10_ms1.5_25_snap0056.npz
25,BTKP10,BT $k_p=10$ 25,0056,-2.2204460493e-16,HMcode2020,2.5367369098e+00,5.5428675277e+01,1.2021720835e+02,4.6107105663e-01,-5.3892894337e-01,/oss06/data/project/tkcastrosim/HNHuang/project_big_sim/analysis/_used_by_article_nonlinear_evolution_pps/powerspectrum/sim_power_data/bluetilted_kp10_ms1.5_25_snap0056.npz
25,BTKP10,BT $k_p=10$ 25,0056,-2.2204460493e-16,HMcode2020,2.8990729604e+00,4.6570155374e+01,9.7444414165e+01,4.7791508393e-01,-5.2208491607e-01,/oss06/data/project/tkcastrosim/HNHuang/project_big_sim/analysis/_used_by_article_nonlinear_evolution_pps/powerspectrum/sim_power_data/bluetilted_kp10_ms1.5_25_snap0056.npz
25,BTKP10,BT $k_p=10$ 25,0056,-2.2204460493e-16,HMcode2020,3.4029375450e+00,4.1012209151e+01,7.4885133235e+01,5.4766824040e-01,-4.5233175960e-01,/oss06/data/project/tkcastrosim/HNHuang/project_big_sim/analysis/_used_by_article_nonlinear_evolution_pps/powerspectrum/sim_power_data/bluetilted_kp10_ms1.5_25_snap0056.npz
25,BTKP10,BT $k_p=10$ 25,0056,-2.2204460493e-16,HMcode2020,3.8962643222e+00,3.3143884941e+01,5.9457211576e+01,5.5744095733e-01,-4.4255904267e-01,/oss06/data/project/tkcastrosim/HNHuang/project_big_sim/analysis/_used_by_article_nonlinear_evolution_pps/powerspectrum/sim_power_data/bluetilted_kp10_ms1.5_25_snap0056.npz
25,BTKP10,BT $k_p=10$ 25,0056,-2.2204460493e-16,HMcode2020,4.5293257682e+00,2.5662333961e+01,4.5634620003e+01,5.6234354442e-01,-4.3765645558e-01,/oss06/data/project/tkcastrosim/HNHuang/project_big_sim/analysis/_used_by_article_nonlinear_evolution_pps/powerspectrum/sim_power_data/bluetilted_kp10_ms1.5_25_snap0056.npz
25,BTKP10,BT $k_p=10$ 25,0056,-2.2204460493e-16,HMcode2020,5.2810827998e+00,2.1831272496e+01,3.4570846313e+01,6.3149372444e-01,-3.6850627556e-01,/oss06/data/project/tkcastrosim/HNHuang/project_big_sim/analysis/_used_by_article_nonlinear_evolution_pps/powerspectrum/sim_power_data/bluetilted_kp10_ms1.5_25_snap0056.npz
25,BTKP10,BT $k_p=10$ 25,0056,-2.2204460493e-16,HMcode2020,6.0322119887e+00,1.6596021441e+01,2.7024479955e+01,6.1411066814e-01,-3.8588933186e-01,/oss06/data/project/tkcastrosim/HNHuang/project_big_sim/analysis/_used_by_article_nonlinear_evolution_pps/powerspectrum/sim_power_data/bluetilted_kp10_ms1.5_25_snap0056.npz
25,BTKP10,BT $k_p=10$ 25,0056,-2.2204460493e-16,HMcode2020,6.9129667849e+00,1.3969447065e+01,2.0881393623e+01,6.6899016976e-01,-3.3100983024e-01,/oss06/data/project/tkcastrosim/HNHuang/project_big_sim/analysis/_used_by_article_nonlinear_evolution_pps/powerspectrum/sim_power_data/bluetilted_kp10_ms1.5_25_snap0056.npz
25,BTKP10,BT $k_p=10$ 25,0056,-2.2204460493e-16,HMcode2020,7.9160323189e+00,1.1272719985e+01,1.6071916415e+01,7.0139239740e-01,-2.9860760260e-01,/oss06/data/project/tkcastrosim/HNHuang/project_big_sim/analysis/_used_by_article_nonlinear_evolution_pps/powerspectrum/sim_power_data/bluetilted_kp10_ms1.5_25_snap0056.npz
25,BTKP10,BT $k_p=10$ 25,0056,-2.2204460493e-16,HMcode2020,9.1677843868e+00,8.9469865714e+00,1.2032015428e+01,7.4359832941e-01,-2.5640167059e-01,/oss06/data/project/tkcastrosim/HNHuang/project_big_sim/analysis/_used_by_article_nonlinear_evolution_pps/powerspectrum/sim_power_data/bluetilted_kp10_ms1.5_25_snap0056.npz
25,BTKP10,BT $k_p=10$ 25,0056,-2.2204460493e-16,HMcode2020,1.0676813721e+01,6.9304343694e+00,8.8685702327e+00,7.8146016636e-01,-2.1853983364e-01,/oss06/data/project/tkcastrosim/HNHuang/project_big_sim/analysis/_used_by_article_nonlinear_evolution_pps/powerspectrum/sim_power_data/bluetilted_kp10_ms1.5_25_snap0056.npz
25,BTKP10,BT $k_p=10$ 25,0056,-2.2204460493e-16,HMcode2020,1.2307894307e+01,5.3717115062e+00,6.6478584193e+00,8.0803638817e-01,-1.9196361183e-01,/oss06/data/project/tkcastrosim/HNHuang/project_big_sim/analysis/_used_by_article_nonlinear_evolution_pps/powerspectrum/sim_power_data/bluetilted_kp10_ms1.5_25_snap0056.npz
25,BTKP10,BT $k_p=10$ 25,0056,-2.2204460493e-16,HMcode2020,1.4191236202e+01,4.1075081212e+00,4.9539780914e+00,8.2913328347e-01,-1.7086671653e-01,/oss06/data/project/tkcastrosim/HNHuang/project_big_sim/analysis/_used_by_article_nonlinear_evolution_pps/powerspectrum/sim_power_data/bluetilted_kp10_ms1.5_25_snap0056.npz
25,BTKP10,BT $k_p=10$ 25,0056,-2.2204460493e-16,HMcode2020,1.6325873207e+01,3.1765775006e+00,3.6889372047e+00,8.6110912829e-01,-1.3889087171e-01,/oss06/data/project/tkcastrosim/HNHuang/project_big_sim/analysis/_used_by_article_nonlinear_evolution_pps/powerspectrum/sim_power_data/bluetilted_kp10_ms1.5_25_snap0056.npz
25,BTKP10,BT $k_p=10$ 25,0056,-2.2204460493e-16,HMcode2020,1.8834933875e+01,2.4040105351e+00,2.7166190614e+00,8.8492736036e-01,-1.1507263964e-01,/oss06/data/project/tkcastrosim/HNHuang/project_big_sim/analysis/_used_by_article_nonlinear_evolution_pps/powerspectrum/sim_power_data/bluetilted_kp10_ms1.5_25_snap0056.npz
25,BTKP10,BT $k_p=10$ 25,0056,-2.2204460493e-16,HMcode2020,2.1724701131e+01,1.8098557408e+00,1.9915850606e+00,9.0875141445e-01,-9.1248585547e-02,/oss06/data/project/tkcastrosim/HNHuang/project_big_sim/analysis/_used_by_article_nonlinear_evolution_pps/powerspectrum/sim_power_data/bluetilted_kp10_ms1.5_25_snap0056.npz
25,BTKP10,BT $k_p=10$ 25,0056,-2.2204460493e-16,HMcode2020,2.4988160556e+01,1.3642166852e+00,1.4618250546e+00,9.3322841941e-01,-6.6771580592e-02,/oss06/data/project/tkcastrosim/HNHuang/project_big_sim/analysis/_used_by_article_nonlinear_evolution_pps/powerspectrum/sim_power_data/bluetilted_kp10_ms1.5_25_snap0056.npz
25,BTKP10,BT $k_p=10$ 25,0056,-2.2204460493e-16,HMcode2020,2.8755021694e+01,1.0177474050e+00,1.0672324465e+00,9.5363236786e-01,-4.6367632141e-02,/oss06/data/project/tkcastrosim/HNHuang/project_big_sim/analysis/_used_by_article_nonlinear_evolution_pps/powerspectrum/sim_power_data/bluetilted_kp10_ms1.5_25_snap0056.npz
25,BTKP10,BT $k_p=10$ 25,0056,-2.2204460493e-16,HMcode2020,3.3148095750e+01,7.3809357743e-01,7.7265199286e-01,9.5527298739e-01,-4.4727012609e-02,/oss06/data/project/tkcastrosim/HNHuang/project_big_sim/analysis/_used_by_article_nonlinear_evolution_pps/powerspectrum/sim_power_data/bluetilted_kp10_ms1.5_25_snap0056.npz
25,BTKP10,BT $k_p=10$ 25,0056,-2.2204460493e-16,HMcode2020,3.8295411886e+01,5.2327211458e-01,5.5427905310e-01,9.4405897473e-01,-5.5941025268e-02,/oss06/data/project/tkcastrosim/HNHuang/project_big_sim/analysis/_used_by_article_nonlinear_evolution_pps/powerspectrum/sim_power_data/bluetilted_kp10_ms1.5_25_snap0056.npz
25,BTKP10,BT $k_p=10$ 25,0056,-2.2204460493e-16,HMcode2020,4.4197519067e+01,3.7431239948e-01,3.9695837021e-01,9.4295127039e-01,-5.7048729609e-02,/oss06/data/project/tkcastrosim/HNHuang/project_big_sim/analysis/_used_by_article_nonlinear_evolution_pps/powerspectrum/sim_power_data/bluetilted_kp10_ms1.5_25_snap0056.npz
25,BTKP10,BT $k_p=10$ 25,0056,-2.2204460493e-16,HMcode2020,5.0976964633e+01,2.6415261458e-01,2.8366328299e-01,9.3121891491e-01,-6.8781085093e-02,/oss06/data/project/tkcastrosim/HNHuang/project_big_sim/analysis/_used_by_article_nonlinear_evolution_pps/powerspectrum/sim_power_data/bluetilted_kp10_ms1.5_25_snap0056.npz
25,BTKP10,BT $k_p=10$ 25,0056,-2.2204460493e-16,HMcode2020,5.8762683884e+01,1.8212500319e-01,2.0225659773e-01,9.0046507865e-01,-9.9534921354e-02,/oss06/data/project/tkcastrosim/HNHuang/project_big_sim/analysis/_used_by_article_nonlinear_evolution_pps/powerspectrum/sim_power_data/bluetilted_kp10_ms1.5_25_snap0056.npz
25,BTKP10,BT $k_p=10$ 25,0056,-2.2204460493e-16,HMcode2020,6.7800053809e+01,1.2304922893e-01,1.4347691282e-01,8.5762389578e-01,-1.4237610422e-01,/oss06/data/project/tkcastrosim/HNHuang/project_big_sim/analysis/_used_by_article_nonlinear_evolution_pps/powerspectrum/sim_power_data/bluetilted_kp10_ms1.5_25_snap0056.npz
25,BTKP10,BT $k_p=10$ 25,0056,-2.2204460493e-16,HMcode2020,7.8224012374e+01,8.1586734602e-02,1.0144617499e-01,8.0423667633e-01,-1.9576332367e-01,/oss06/data/project/tkcastrosim/HNHuang/project_big_sim/analysis/_used_by_article_nonlinear_evolution_pps/powerspectrum/sim_power_data/bluetilted_kp10_ms1.5_25_snap0056.npz
25,BTKP10,BT $k_p=10$ 25,0056,-2.2204460493e-16,HMcode2020,9.0151151638e+01,5.3560662787e-02,7.1773695626e-02,7.4624362477e-01,-2.5375637523e-01,/oss06/data/project/tkcastrosim/HNHuang/project_big_sim/analysis/_used_by_article_nonlinear_evolution_pps/powerspectrum/sim_power_data/bluetilted_kp10_ms1.5_25_snap0056.npz
25,BTKP10,BT $k_p=10$ 25,0056,-2.2204460493e-16,HMcode2020,1.0396190842e+02,3.4547255211e-02,5.0540162689e-02,6.8356042744e-01,-3.1643957256e-01,/oss06/data/project/tkcastrosim/HNHuang/project_big_sim/analysis/_used_by_article_nonlinear_evolution_pps/powerspectrum/sim_power_data/bluetilted_kp10_ms1.5_25_snap0056.npz
25,BTKP10,BT $k_p=10$ 25,0056,-2.2204460493e-16,HMcode2020,1.1990776394e+02,2.2963024014e-02,3.5539818433e-02,6.4612102782e-01,-3.5387897218e-01,/oss06/data/project/tkcastrosim/HNHuang/project_big_sim/analysis/_used_by_article_nonlinear_evolution_pps/powerspectrum/sim_power_data/bluetilted_kp10_ms1.5_25_snap0056.npz
256,PL,PL 256,0056,-2.2204460493e-16,HMcode2020,3.1321246157e-02,1.9100938504e+04,1.8264611233e+04,1.0457894920e+00,4.5789492043e-02,/oss06/data/project/tkcastrosim/HNHuang/project_big_sim/analysis/_used_by_article_nonlinear_evolution_pps/powerspectrum/sim_power_data/new_PL_256_1024_snap0056.npz
256,PL,PL 256,0056,-2.2204460493e-16,HMcode2020,5.4752145346e-02,9.4868780460e+03,1.1083351312e+04,8.5595753300e-01,-1.4404246700e-01,/oss06/data/project/tkcastrosim/HNHuang/project_big_sim/analysis/_used_by_article_nonlinear_evolution_pps/powerspectrum/sim_power_data/new_PL_256_1024_snap0056.npz
256,PL,PL 256,0056,-2.2204460493e-16,HMcode2020,7.6923838852e-02,7.4036114817e+03,8.3438777470e+03,8.8731063735e-01,-1.1268936265e-01,/oss06/data/project/tkcastrosim/HNHuang/project_big_sim/analysis/_used_by_article_nonlinear_evolution_pps/powerspectrum/sim_power_data/new_PL_256_1024_snap0056.npz
256,PL,PL 256,0056,-2.2204460493e-16,HMcode2020,9.9661622308e-02,6.0822918055e+03,5.6817415228e+03,1.0704978009e+00,7.0497800904e-02,/oss06/data/project/tkcastrosim/HNHuang/project_big_sim/analysis/_used_by_article_nonlinear_evolution_pps/powerspectrum/sim_power_data/new_PL_256_1024_snap0056.npz
256,PL,PL 256,0056,-2.2204460493e-16,HMcode2020,1.2511351331e-01,4.8263268072e+03,4.2715398883e+03,1.1298798404e+00,1.2987984038e-01,/oss06/data/project/tkcastrosim/HNHuang/project_big_sim/analysis/_used_by_article_nonlinear_evolution_pps/powerspectrum/sim_power_data/new_PL_256_1024_snap0056.npz
256,PL,PL 256,0056,-2.2204460493e-16,HMcode2020,1.5025472413e-01,3.4743022640e+03,3.3492485833e+03,1.0373378319e+00,3.7337831922e-02,/oss06/data/project/tkcastrosim/HNHuang/project_big_sim/analysis/_used_by_article_nonlinear_evolution_pps/powerspectrum/sim_power_data/new_PL_256_1024_snap0056.npz
256,PL,PL 256,0056,-2.2204460493e-16,HMcode2020,1.7356669306e-01,2.7779110393e+03,2.7076103634e+03,1.0259641036e+00,2.5964103570e-02,/oss06/data/project/tkcastrosim/HNHuang/project_big_sim/analysis/_used_by_article_nonlinear_evolution_pps/powerspectrum/sim_power_data/new_PL_256_1024_snap0056.npz
256,PL,PL 256,0056,-2.2204460493e-16,HMcode2020,1.9696505611e-01,2.5391885307e+03,2.3077056271e+03,1.1003086793e+00,1.0030867926e-01,/oss06/data/project/tkcastrosim/HNHuang/project_big_sim/analysis/_used_by_article_nonlinear_evolution_pps/powerspectrum/sim_power_data/new_PL_256_1024_snap0056.npz
256,PL,PL 256,0056,-2.2204460493e-16,HMcode2020,2.2230178206e-01,2.1481548890e+03,1.9483578877e+03,1.1025463558e+00,1.0254635585e-01,/oss06/data/project/tkcastrosim/HNHuang/project_big_sim/analysis/_used_by_article_nonlinear_evolution_pps/powerspectrum/sim_power_data/new_PL_256_1024_snap0056.npz
256,PL,PL 256,0056,-2.2204460493e-16,HMcode2020,2.4772821385e-01,1.7207877914e+03,1.6907793195e+03,1.0177483079e+00,1.7748307865e-02,/oss06/data/project/tkcastrosim/HNHuang/project_big_sim/analysis/_used_by_article_nonlinear_evolution_pps/powerspectrum/sim_power_data/new_PL_256_1024_snap0056.npz
256,PL,PL 256,0056,-2.2204460493e-16,HMcode2020,2.8311259379e-01,1.5765837131e+03,1.4225846985e+03,1.1082529671e+00,1.0825296709e-01,/oss06/data/project/tkcastrosim/HNHuang/project_big_sim/analysis/_used_by_article_nonlinear_evolution_pps/powerspectrum/sim_power_data/new_PL_256_1024_snap0056.npz
256,PL,PL 256,0056,-2.2204460493e-16,HMcode2020,3.3231811963e-01,1.2525148071e+03,1.1661248944e+03,1.0740828990e+00,7.4082898996e-02,/oss06/data/project/tkcastrosim/HNHuang/project_big_sim/analysis/_used_by_article_nonlinear_evolution_pps/powerspectrum/sim_power_data/new_PL_256_1024_snap0056.npz
256,PL,PL 256,0056,-2.2204460493e-16,HMcode2020,3.8049456271e-01,1.0640994444e+03,9.9333970105e+02,1.0712341843e+00,7.1234184309e-02,/oss06/data/project/tkcastrosim/HNHuang/project_big_sim/analysis/_used_by_article_nonlinear_evolution_pps/powerspectrum/sim_power_data/new_PL_256_1024_snap0056.npz
256,PL,PL 256,0056,-2.2204460493e-16,HMcode2020,4.4231696955e-01,9.1447848402e+02,8.3888245551e+02,1.0901151622e+00,9.0115162150e-02,/oss06/data/project/tkcastrosim/HNHuang/project_big_sim/analysis/_used_by_article_nonlinear_evolution_pps/powerspectrum/sim_power_data/new_PL_256_1024_snap0056.npz
256,PL,PL 256,0056,-2.2204460493e-16,HMcode2020,5.1573074217e-01,7.8288952902e+02,7.1303906409e+02,1.0979616243e+00,9.7961624342e-02,/oss06/data/project/tkcastrosim/HNHuang/project_big_sim/analysis/_used_by_article_nonlinear_evolution_pps/powerspectrum/sim_power_data/new_PL_256_1024_snap0056.npz
256,PL,PL 256,0056,-2.2204460493e-16,HMcode2020,5.8908320202e-01,6.6683802891e+02,6.2381227353e+02,1.0689722809e+00,6.8972280926e-02,/oss06/data/project/tkcastrosim/HNHuang/project_big_sim/analysis/_used_by_article_nonlinear_evolution_pps/powerspectrum/sim_power_data/new_PL_256_1024_snap0056.npz
256,PL,PL 256,0056,-2.2204460493e-16,HMcode2020,6.7509441259e-01,6.0482569551e+02,5.4697039613e+02,1.1057740964e+00,1.0577409635e-01,/oss06/data/project/tkcastrosim/HNHuang/project_big_sim/analysis/_used_by_article_nonlinear_evolution_pps/powerspectrum/sim_power_data/new_PL_256_1024_snap0056.npz
256,PL,PL 256,0056,-2.2204460493e-16,HMcode2020,7.7305003115e-01,5.1529726360e+02,4.8147507767e+02,1.0702470128e+00,7.0247012762e-02,/oss06/data/project/tkcastrosim/HNHuang/project_big_sim/analysis/_used_by_article_nonlinear_evolution_pps/powerspectrum/sim_power_data/new_PL_256_1024_snap0056.npz
256,PL,PL 256,0056,-2.2204460493e-16,HMcode2020,8.9529144402e-01,4.6361128401e+02,4.1958352685e+02,1.1049320441e+00,1.0493204414e-01,/oss06/data/project/tkcastrosim/HNHuang/project_big_sim/analysis/_used_by_article_nonlinear_evolution_pps/powerspectrum/sim_power_data/new_PL_256_1024_snap0056.npz
256,PL,PL 256,0056,-2.2204460493e-16,HMcode2020,1.0426575900e+00,3.9307821518e+02,3.6248483157e+02,1.0843990726e+00,8.4399072599e-02,/oss06/data/project/tkcastrosim/HNHuang/project_big_sim/analysis/_used_by_article_nonlinear_evolution_pps/powerspectrum/sim_power_data/new_PL_256_1024_snap0056.npz
256,PL,PL 256,0056,-2.2204460493e-16,HMcode2020,1.2019428034e+00,3.4199028457e+02,3.1404375410e+02,1.0889892892e+00,8.8989289250e-02,/oss06/data/project/tkcastrosim/HNHuang/project_big_sim/analysis/_used_by_article_nonlinear_evolution_pps/powerspectrum/sim_power_data/new_PL_256_1024_snap0056.npz
256,PL,PL 256,0056,-2.2204460493e-16,HMcode2020,1.3858629103e+00,2.8957871841e+02,2.6928216089e+02,1.0753728262e+00,7.5372826219e-02,/oss06/data/project/tkcastrosim/HNHuang/project_big_sim/analysis/_used_by_article_nonlinear_evolution_pps/powerspectrum/sim_power_data/new_PL_256_1024_snap0056.npz
256,PL,PL 256,0056,-2.2204460493e-16,HMcode2020,1.5943235553e+00,2.4722309977e+02,2.2852200267e+02,1.0818349957e+00,8.1834995673e-02,/oss06/data/project/tkcastrosim/HNHuang/project_big_sim/analysis/_used_by_article_nonlinear_evolution_pps/powerspectrum/sim_power_data/new_PL_256_1024_snap0056.npz
256,PL,PL 256,0056,-2.2204460493e-16,HMcode2020,1.8393490113e+00,2.0141425029e+02,1.9058937787e+02,1.0567968296e+00,5.6796829568e-02,/oss06/data/project/tkcastrosim/HNHuang/project_big_sim/analysis/_used_by_article_nonlinear_evolution_pps/powerspectrum/sim_power_data/new_PL_256_1024_snap0056.npz
256,PL,PL 256,0056,-2.2204460493e-16,HMcode2020,2.1215528448e+00,1.6552158527e+02,1.5664976083e+02,1.0566347781e+00,5.6634778079e-02,/oss06/data/project/tkcastrosim/HNHuang/project_big_sim/analysis/_used_by_article_nonlinear_evolution_pps/powerspectrum/sim_power_data/new_PL_256_1024_snap0056.npz
256,PL,PL 256,0056,-2.2204460493e-16,HMcode2020,2.4402500543e+00,1.3388106900e+02,1.2752366622e+02,1.0498527290e+00,4.9852729030e-02,/oss06/data/project/tkcastrosim/HNHuang/project_big_sim/analysis/_used_by_article_nonlinear_evolution_pps/powerspectrum/sim_power_data/new_PL_256_1024_snap0056.npz
256,PL,PL 256,0056,-2.2204460493e-16,HMcode2020,2.8081075873e+00,1.0620771041e+02,1.0255454435e+02,1.0356216888e+00,3.5621688763e-02,/oss06/data/project/tkcastrosim/HNHuang/project_big_sim/analysis/_used_by_article_nonlinear_evolution_pps/powerspectrum/sim_power_data/new_PL_256_1024_snap0056.npz
256,PL,PL 256,0056,-2.2204460493e-16,HMcode2020,3.2371187256e+00,8.3055607309e+01,8.1389531729e+01,1.0204703915e+00,2.0470391512e-02,/oss06/data/project/tkcastrosim/HNHuang/project_big_sim/analysis/_used_by_article_nonlinear_evolution_pps/powerspectrum/sim_power_data/new_PL_256_1024_snap0056.npz
256,PL,PL 256,0056,-2.2204460493e-16,HMcode2020,3.7397863170e+00,6.4189455819e+01,6.3801825360e+01,1.0060755387e+00,6.0755387061e-03,/oss06/data/project/tkcastrosim/HNHuang/project_big_sim/analysis/_used_by_article_nonlinear_evolution_pps/powerspectrum/sim_power_data/new_PL_256_1024_snap0056.npz
256,PL,PL 256,0056,-2.2204460493e-16,HMcode2020,4.3161639714e+00,4.8666920105e+01,4.9712484013e+01,9.7896777984e-01,-2.1032220158e-02,/oss06/data/project/tkcastrosim/HNHuang/project_big_sim/analysis/_used_by_article_nonlinear_evolution_pps/powerspectrum/sim_power_data/new_PL_256_1024_snap0056.npz
256,PL,PL 256,0056,-2.2204460493e-16,HMcode2020,4.9782192025e+00,3.6403222757e+01,3.8498520153e+01,9.4557459902e-01,-5.4425400982e-02,/oss06/data/project/tkcastrosim/HNHuang/project_big_sim/analysis/_used_by_article_nonlinear_evolution_pps/powerspectrum/sim_power_data/new_PL_256_1024_snap0056.npz
256,PL,PL 256,0056,-2.2204460493e-16,HMcode2020,5.7385433480e+00,2.6988103540e+01,2.9658371439e+01,9.0996579485e-01,-9.0034205149e-02,/oss06/data/project/tkcastrosim/HNHuang/project_big_sim/analysis/_used_by_article_nonlinear_evolution_pps/powerspectrum/sim_power_data/new_PL_256_1024_snap0056.npz
256,PL,PL 256,0056,-2.2204460493e-16,HMcode2020,6.6210990048e+00,1.9647177214e+01,2.2671068405e+01,8.6661893754e-01,-1.3338106246e-01,/oss06/data/project/tkcastrosim/HNHuang/project_big_sim/analysis/_used_by_article_nonlinear_evolution_pps/powerspectrum/sim_power_data/new_PL_256_1024_snap0056.npz
256,PL,PL 256,0056,-2.2204460493e-16,HMcode2020,7.6390637084e+00,1.3965792238e+01,1.7224420853e+01,8.1081345825e-01,-1.8918654175e-01,/oss06/data/project/tkcastrosim/HNHuang/project_big_sim/analysis/_used_by_article_nonlinear_evolution_pps/powerspectrum/sim_power_data/new_PL_256_1024_snap0056.npz
256,PL,PL 256,0056,-2.2204460493e-16,HMcode2020,8.8038234022e+00,9.7845139591e+00,1.3039139491e+01,7.5039568108e-01,-2.4960431892e-01,/oss06/data/project/tkcastrosim/HNHuang/project_big_sim/analysis/_used_by_article_nonlinear_evolution_pps/powerspectrum/sim_power_data/new_PL_256_1024_snap0056.npz
256,PL,PL 256,0056,-2.2204460493e-16,HMcode2020,1.0152530119e+01,6.7693517681e+00,9.8033066836e+00,6.9051718839e-01,-3.0948281161e-01,/oss06/data/project/tkcastrosim/HNHuang/project_big_sim/analysis/_used_by_article_nonlinear_evolution_pps/powerspectrum/sim_power_data/new_PL_256_1024_snap0056.npz
256,PL,PL 256,0056,-2.2204460493e-16,HMcode2020,1.1709742572e+01,4.7665490780e+00,7.3265764410e+00,6.5058340910e-01,-3.4941659090e-01,/oss06/data/project/tkcastrosim/HNHuang/project_big_sim/analysis/_used_by_article_nonlinear_evolution_pps/powerspectrum/sim_power_data/new_PL_256_1024_snap0056.npz
256,BTKP1,BT $k_p=1$ 256,0056,-2.2204460493e-16,HMcode2020,3.1321246157e-02,1.9096296445e+04,1.8242633717e+04,1.0467949278e+00,4.6794927809e-02,/oss06/data/project/tkcastrosim/HNHuang/project_big_sim/analysis/_used_by_article_nonlinear_evolution_pps/powerspectrum/sim_power_data/bluetilted_kp1_ms1.5_256_snap0056.npz
256,BTKP1,BT $k_p=1$ 256,0056,-2.2204460493e-16,HMcode2020,5.4752145346e-02,9.4839366070e+03,1.1027147409e+04,8.6005348934e-01,-1.3994651066e-01,/oss06/data/project/tkcastrosim/HNHuang/project_big_sim/analysis/_used_by_article_nonlinear_evolution_pps/powerspectrum/sim_power_data/bluetilted_kp1_ms1.5_256_snap0056.npz
256,BTKP1,BT $k_p=1$ 256,0056,-2.2204460493e-16,HMcode2020,7.6923838852e-02,7.4004560231e+03,8.2677751597e+03,8.9509642923e-01,-1.0490357077e-01,/oss06/data/project/tkcastrosim/HNHuang/project_big_sim/analysis/_used_by_article_nonlinear_evolution_pps/powerspectrum/sim_power_data/bluetilted_kp1_ms1.5_256_snap0056.npz
256,BTKP1,BT $k_p=1$ 256,0056,-2.2204460493e-16,HMcode2020,9.9661622308e-02,6.0795085235e+03,5.6101247837e+03,1.0836672548e+00,8.3667254814e-02,/oss06/data/project/tkcastrosim/HNHuang/project_big_sim/analysis/_used_by_article_nonlinear_evolution_pps/powerspectrum/sim_power_data/bluetilted_kp1_ms1.5_256_snap0056.npz
256,BTKP1,BT $k_p=1$ 256,0056,-2.2204460493e-16,HMcode2020,1.2511351331e-01,4.8232182603e+03,4.2061923217e+03,1.1466946567e+00,1.4669465671e-01,/oss06/data/project/tkcastrosim/HNHuang/project_big_sim/analysis/_used_by_article_nonlinear_evolution_pps/powerspectrum/sim_power_data/bluetilted_kp1_ms1.5_256_snap0056.npz
256,BTKP1,BT $k_p=1$ 256,0056,-2.2204460493e-16,HMcode2020,1.5025472413e-01,3.4715233217e+03,3.2911962911e+03,1.0547907249e+00,5.4790724894e-02,/oss06/data/project/tkcastrosim/HNHuang/project_big_sim/analysis/_used_by_article_nonlinear_evolution_pps/powerspectrum/sim_power_data/bluetilted_kp1_ms1.5_256_snap0056.npz
256,BTKP1,BT $k_p=1$ 256,0056,-2.2204460493e-16,HMcode2020,1.7356669306e-01,2.7754482727e+03,2.6567581067e+03,1.0446748109e+00,4.4674810888e-02,/oss06/data/project/tkcastrosim/HNHuang/project_big_sim/analysis/_used_by_article_nonlinear_evolution_pps/powerspectrum/sim_power_data/bluetilted_kp1_ms1.5_256_snap0056.npz
256,BTKP1,BT $k_p=1$ 256,0056,-2.2204460493e-16,HMcode2020,1.9696505611e-01,2.5367034556e+03,2.2612678210e+03,1.1218058437e+00,1.2180584366e-01,/oss06/data/project/tkcastrosim/HNHuang/project_big_sim/analysis/_used_by_article_nonlinear_evolution_pps/powerspectrum/sim_power_data/bluetilted_kp1_ms1.5_256_snap0056.npz
256,BTKP1,BT $k_p=1$ 256,0056,-2.2204460493e-16,HMcode2020,2.2230178206e-01,2.1455404975e+03,1.9071124236e+03,1.1250204607e+00,1.2502046071e-01,/oss06/data/project/tkcastrosim/HNHuang/project_big_sim/analysis/_used_by_article_nonlinear_evolution_pps/powerspectrum/sim_power_data/bluetilted_kp1_ms1.5_256_snap0056.npz
256,BTKP1,BT $k_p=1$ 256,0056,-2.2204460493e-16,HMcode2020,2.4772821385e-01,1.7182175386e+03,1.6534498711e+03,1.0391712314e+00,3.9171231374e-02,/oss06/data/project/tkcastrosim/HNHuang/project_big_sim/analysis/_used_by_article_nonlinear_evolution_pps/powerspectrum/sim_power_data/bluetilted_kp1_ms1.5_256_snap0056.npz
256,BTKP1,BT $k_p=1$ 256,0056,-2.2204460493e-16,HMcode2020,2.8311259379e-01,1.5740570479e+03,1.3898834148e+03,1.1325101308e+00,1.3251013082e-01,/oss06/data/project/tkcastrosim/HNHuang/project_big_sim/analysis/_used_by_article_nonlinear_evolution_pps/powerspectrum/sim_power_data/bluetilted_kp1_ms1.5_256_snap0056.npz
256,BTKP1,BT $k_p=1$ 256,0056,-2.2204460493e-16,HMcode2020,3.3231811963e-01,1.2499897957e+03,1.1384162437e+03,1.0980076950e+00,9.8007694997e-02,/oss06/data/project/tkcastrosim/HNHuang/project_big_sim/analysis/_used_by_article_nonlinear_evolution_pps/powerspectrum/sim_power_data/bluetilted_kp1_ms1.5_256_snap0056.npz
256,BTKP1,BT $k_p=1$ 256,0056,-2.2204460493e-16,HMcode2020,3.8049456271e-01,1.0617739533e+03,9.6942214324e+02,1.0952648036e+00,9.5264803581e-02,/oss06/data/project/tkcastrosim/HNHuang/project_big_sim/analysis/_used_by_article_nonlinear_evolution_pps/powerspectrum/sim_power_data/bluetilted_kp1_ms1.5_256_snap0056.npz
256,BTKP1,BT $k_p=1$ 256,0056,-2.2204460493e-16,HMcode2020,4.4231696955e-01,9.1195778320e+02,8.1874180284e+02,1.1138527189e+00,1.1385271893e-01,/oss06/data/project/tkcastrosim/HNHuang/project_big_sim/analysis/_used_by_article_nonlinear_evolution_pps/powerspectrum/sim_power_data/bluetilted_kp1_ms1.5_256_snap0056.npz
256,BTKP1,BT $k_p=1$ 256,0056,-2.2204460493e-16,HMcode2020,5.1573074217e-01,7.8035431758e+02,6.9633274480e+02,1.1206629638e+00,1.2066296380e-01,/oss06/data/project/tkcastrosim/HNHuang/project_big_sim/analysis/_used_by_article_nonlinear_evolution_pps/powerspectrum/sim_power_data/bluetilted_kp1_ms1.5_256_snap0056.npz
256,BTKP1,BT $k_p=1$ 256,0056,-2.2204460493e-16,HMcode2020,5.8908320202e-01,6.6425523380e+02,6.0984753325e+02,1.0892152507e+00,8.9215250673e-02,/oss06/data/project/tkcastrosim/HNHuang/project_big_sim/analysis/_used_by_article_nonlinear_evolution_pps/powerspectrum/sim_power_data/bluetilted_kp1_ms1.5_256_snap0056.npz
256,BTKP1,BT $k_p=1$ 256,0056,-2.2204460493e-16,HMcode2020,6.7509441259e-01,6.0236008693e+02,5.3581502757e+02,1.1241940893e+00,1.2419408926e-01,/oss06/data/project/tkcastrosim/HNHuang/project_big_sim/analysis/_used_by_article_nonlinear_evolution_pps/powerspectrum/sim_power_data/bluetilted_kp1_ms1.5_256_snap0056.npz
256,BTKP1,BT $k_p=1$ 256,0056,-2.2204460493e-16,HMcode2020,7.7305003115e-01,5.1310887266e+02,4.7332566365e+02,1.0840503951e+00,8.4050395054e-02,/oss06/data/project/tkcastrosim/HNHuang/project_big_sim/analysis/_used_by_article_nonlinear_evolution_pps/powerspectrum/sim_power_data/bluetilted_kp1_ms1.5_256_snap0056.npz
256,BTKP1,BT $k_p=1$ 256,0056,-2.2204460493e-16,HMcode2020,8.9529144402e-01,4.6175078445e+02,4.1513858130e+02,1.1122810677e+00,1.1228106768e-01,/oss06/data/project/tkcastrosim/HNHuang/project_big_sim/analysis/_used_by_article_nonlinear_evolution_pps/powerspectrum/sim_power_data/bluetilted_kp1_ms1.5_256_snap0056.npz
256,BTKP1,BT $k_p=1$ 256,0056,-2.2204460493e-16,HMcode2020,1.0426575900e+00,3.9172632724e+02,3.6211145530e+02,1.0817838583e+00,8.1783858271e-02,/oss06/data/project/tkcastrosim/HNHuang/project_big_sim/analysis/_used_by_article_nonlinear_evolution_pps/powerspectrum/sim_power_data/bluetilted_kp1_ms1.5_256_snap0056.npz
256,BTKP1,BT $k_p=1$ 256,0056,-2.2204460493e-16,HMcode2020,1.2019428034e+00,3.4071172451e+02,3.1712032377e+02,1.0743925853e+00,7.4392585321e-02,/oss06/data/project/tkcastrosim/HNHuang/project_big_sim/analysis/_used_by_article_nonlinear_evolution_pps/powerspectrum/sim_power_data/bluetilted_kp1_ms1.5_256_snap0056.npz
256,BTKP1,BT $k_p=1$ 256,0056,-2.2204460493e-16,HMcode2020,1.3858629103e+00,2.8885873731e+02,2.7497567519e+02,1.0504883282e+00,5.0488328173e-02,/oss06/data/project/tkcastrosim/HNHuang/project_big_sim/analysis/_used_by_article_nonlinear_evolution_pps/powerspectrum/sim_power_data/bluetilted_kp1_ms1.5_256_snap0056.npz
256,BTKP1,BT $k_p=1$ 256,0056,-2.2204460493e-16,HMcode2020,1.5943235553e+00,2.4663174609e+02,2.3578853320e+02,1.0459870238e+00,4.5987023820e-02,/oss06/data/project/tkcastrosim/HNHuang/project_big_sim/analysis/_used_by_article_nonlinear_evolution_pps/powerspectrum/sim_power_data/bluetilted_kp1_ms1.5_256_snap0056.npz
256,BTKP1,BT $k_p=1$ 256,0056,-2.2204460493e-16,HMcode2020,1.8393490113e+00,2.0090965086e+02,1.9856753029e+02,1.0117950834e+00,1.1795083371e-02,/oss06/data/project/tkcastrosim/HNHuang/project_big_sim/analysis/_used_by_article_nonlinear_evolution_pps/powerspectrum/sim_power_data/bluetilted_kp1_ms1.5_256_snap0056.npz
256,BTKP1,BT $k_p=1$ 256,0056,-2.2204460493e-16,HMcode2020,2.1215528448e+00,1.6535849463e+02,1.6467292460e+02,1.0041632225e+00,4.1632225252e-03,/oss06/data/project/tkcastrosim/HNHuang/project_big_sim/analysis/_used_by_article_nonlinear_evolution_pps/powerspectrum/sim_power_data/bluetilted_kp1_ms1.5_256_snap0056.npz
256,BTKP1,BT $k_p=1$ 256,0056,-2.2204460493e-16,HMcode2020,2.4402500543e+00,1.3387738115e+02,1.3500164361e+02,9.9167223128e-01,-8.3277687250e-03,/oss06/data/project/tkcastrosim/HNHuang/project_big_sim/analysis/_used_by_article_nonlinear_evolution_pps/powerspectrum/sim_power_data/bluetilted_kp1_ms1.5_256_snap0056.npz
256,BTKP1,BT $k_p=1$ 256,0056,-2.2204460493e-16,HMcode2020,2.8081075873e+00,1.0638893327e+02,1.0948914376e+02,9.7168476809e-01,-2.8315231914e-02,/oss06/data/project/tkcastrosim/HNHuang/project_big_sim/analysis/_used_by_article_nonlinear_evolution_pps/powerspectrum/sim_power_data/bluetilted_kp1_ms1.5_256_snap0056.npz
256,BTKP1,BT $k_p=1$ 256,0056,-2.2204460493e-16,HMcode2020,3.2371187256e+00,8.3411443838e+01,8.7644986113e+01,9.5169669752e-01,-4.8303302480e-02,/oss06/data/project/tkcastrosim/HNHuang/project_big_sim/analysis/_used_by_article_nonlinear_evolution_pps/powerspectrum/sim_power_data/bluetilted_kp1_ms1.5_256_snap0056.npz
256,BTKP1,BT $k_p=1$ 256,0056,-2.2204460493e-16,HMcode2020,3.7397863170e+00,6.4691575438e+01,6.9328896906e+01,9.3311127574e-01,-6.6888724257e-02,/oss06/data/project/tkcastrosim/HNHuang/project_big_sim/analysis/_used_by_article_nonlinear_evolution_pps/powerspectrum/sim_power_data/bluetilted_kp1_ms1.5_256_snap0056.npz
256,BTKP1,BT $k_p=1$ 256,0056,-2.2204460493e-16,HMcode2020,4.3161639714e+00,4.9231948983e+01,5.4530150129e+01,9.0283905082e-01,-9.7160949182e-02,/oss06/data/project/tkcastrosim/HNHuang/project_big_sim/analysis/_used_by_article_nonlinear_evolution_pps/powerspectrum/sim_power_data/bluetilted_kp1_ms1.5_256_snap0056.npz
256,BTKP1,BT $k_p=1$ 256,0056,-2.2204460493e-16,HMcode2020,4.9782192025e+00,3.7035459995e+01,4.2654401893e+01,8.6826818220e-01,-1.3173181780e-01,/oss06/data/project/tkcastrosim/HNHuang/project_big_sim/analysis/_used_by_article_nonlinear_evolution_pps/powerspectrum/sim_power_data/bluetilted_kp1_ms1.5_256_snap0056.npz
256,BTKP1,BT $k_p=1$ 256,0056,-2.2204460493e-16,HMcode2020,5.7385433480e+00,2.7664749604e+01,3.3213997758e+01,8.3292441354e-01,-1.6707558646e-01,/oss06/data/project/tkcastrosim/HNHuang/project_big_sim/analysis/_used_by_article_nonlinear_evolution_pps/powerspectrum/sim_power_data/bluetilted_kp1_ms1.5_256_snap0056.npz
256,BTKP1,BT $k_p=1$ 256,0056,-2.2204460493e-16,HMcode2020,6.6210990048e+00,2.0252179540e+01,2.5686752411e+01,7.8842896198e-01,-2.1157103802e-01,/oss06/data/project/tkcastrosim/HNHuang/project_big_sim/analysis/_used_by_article_nonlinear_evolution_pps/powerspectrum/sim_power_data/bluetilted_kp1_ms1.5_256_snap0056.npz
256,BTKP1,BT $k_p=1$ 256,0056,-2.2204460493e-16,HMcode2020,7.6390637084e+00,1.4525363337e+01,1.9764629082e+01,7.3491707214e-01,-2.6508292786e-01,/oss06/data/project/tkcastrosim/HNHuang/project_big_sim/analysis/_used_by_article_nonlinear_evolution_pps/powerspectrum/sim_power_data/bluetilted_kp1_ms1.5_256_snap0056.npz
256,BTKP1,BT $k_p=1$ 256,0056,-2.2204460493e-16,HMcode2020,8.8038234022e+00,1.0289502554e+01,1.5168043826e+01,6.7836714293e-01,-3.2163285707e-01,/oss06/data/project/tkcastrosim/HNHuang/project_big_sim/analysis/_used_by_article_nonlinear_evolution_pps/powerspectrum/sim_power_data/bluetilted_kp1_ms1.5_256_snap0056.npz
256,BTKP1,BT $k_p=1$ 256,0056,-2.2204460493e-16,HMcode2020,1.0152530119e+01,7.1885213609e+00,1.1574987595e+01,6.2103922807e-01,-3.7896077193e-01,/oss06/data/project/tkcastrosim/HNHuang/project_big_sim/analysis/_used_by_article_nonlinear_evolution_pps/powerspectrum/sim_power_data/bluetilted_kp1_ms1.5_256_snap0056.npz
256,BTKP1,BT $k_p=1$ 256,0056,-2.2204460493e-16,HMcode2020,1.1709742572e+01,5.1289450099e+00,8.7912957384e+00,5.8341172479e-01,-4.1658827521e-01,/oss06/data/project/tkcastrosim/HNHuang/project_big_sim/analysis/_used_by_article_nonlinear_evolution_pps/powerspectrum/sim_power_data/bluetilted_kp1_ms1.5_256_snap0056.npz
256,BTKP10,BT $k_p=10$ 256,0056,-2.2204460493e-16,HMcode2020,3.1321246157e-02,1.9101204430e+04,1.8264636463e+04,1.0458026071e+00,4.5802607059e-02,/oss06/data/project/tkcastrosim/HNHuang/project_big_sim/analysis/_used_by_article_nonlinear_evolution_pps/powerspectrum/sim_power_data/bluetilted_kp10_ms1.5_256_snap0056.npz
256,BTKP10,BT $k_p=10$ 256,0056,-2.2204460493e-16,HMcode2020,5.4752145346e-02,9.4868629543e+03,1.1083426040e+04,8.5595040020e-01,-1.4404959980e-01,/oss06/data/project/tkcastrosim/HNHuang/project_big_sim/analysis/_used_by_article_nonlinear_evolution_pps/powerspectrum/sim_power_data/bluetilted_kp10_ms1.5_256_snap0056.npz
256,BTKP10,BT $k_p=10$ 256,0056,-2.2204460493e-16,HMcode2020,7.6923838852e-02,7.4035064815e+03,8.3439485652e+03,8.8729052242e-01,-1.1270947758e-01,/oss06/data/project/tkcastrosim/HNHuang/project_big_sim/analysis/_used_by_article_nonlinear_evolution_pps/powerspectrum/sim_power_data/bluetilted_kp10_ms1.5_256_snap0056.npz
256,BTKP10,BT $k_p=10$ 256,0056,-2.2204460493e-16,HMcode2020,9.9661622308e-02,6.0821086035e+03,5.6818399555e+03,1.0704470121e+00,7.0447012087e-02,/oss06/data/project/tkcastrosim/HNHuang/project_big_sim/analysis/_used_by_article_nonlinear_evolution_pps/powerspectrum/sim_power_data/bluetilted_kp10_ms1.5_256_snap0056.npz
256,BTKP10,BT $k_p=10$ 256,0056,-2.2204460493e-16,HMcode2020,1.2511351331e-01,4.8261740251e+03,4.2716170933e+03,1.1298236522e+00,1.2982365217e-01,/oss06/data/project/tkcastrosim/HNHuang/project_big_sim/analysis/_used_by_article_nonlinear_evolution_pps/powerspectrum/sim_power_data/bluetilted_kp10_ms1.5_256_snap0056.npz
256,BTKP10,BT $k_p=10$ 256,0056,-2.2204460493e-16,HMcode2020,1.5025472413e-01,3.4741832345e+03,3.3493129599e+03,1.0372823549e+00,3.7282354949e-02,/oss06/data/project/tkcastrosim/HNHuang/project_big_sim/analysis/_used_by_article_nonlinear_evolution_pps/powerspectrum/sim_power_data/bluetilted_kp10_ms1.5_256_snap0056.npz
256,BTKP10,BT $k_p=10$ 256,0056,-2.2204460493e-16,HMcode2020,1.7356669306e-01,2.7778338870e+03,2.7076792246e+03,1.0259095176e+00,2.5909517556e-02,/oss06/data/project/tkcastrosim/HNHuang/project_big_sim/analysis/_used_by_article_nonlinear_evolution_pps/powerspectrum/sim_power_data/bluetilted_kp10_ms1.5_256_snap0056.npz
256,BTKP10,BT $k_p=10$ 256,0056,-2.2204460493e-16,HMcode2020,1.9696505611e-01,2.5391052039e+03,2.3077574789e+03,1.1002478498e+00,1.0024784975e-01,/oss06/data/project/tkcastrosim/HNHuang/project_big_sim/analysis/_used_by_article_nonlinear_evolution_pps/powerspectrum/sim_power_data/bluetilted_kp10_ms1.5_256_snap0056.npz
256,BTKP10,BT $k_p=10$ 256,0056,-2.2204460493e-16,HMcode2020,2.2230178206e-01,2.1480937127e+03,1.9484094482e+03,1.1024857812e+00,1.0248578124e-01,/oss06/data/project/tkcastrosim/HNHuang/project_big_sim/analysis/_used_by_article_nonlinear_evolution_pps/powerspectrum/sim_power_data/bluetilted_kp10_ms1.5_256_snap0056.npz
256,BTKP10,BT $k_p=10$ 256,0056,-2.2204460493e-16,HMcode2020,2.4772821385e-01,1.7207469138e+03,1.6908245703e+03,1.0176968942e+00,1.7696894169e-02,/oss06/data/project/tkcastrosim/HNHuang/project_big_sim/analysis/_used_by_article_nonlinear_evolution_pps/powerspectrum/sim_power_data/bluetilted_kp10_ms1.5_256_snap0056.npz
256,BTKP10,BT $k_p=10$ 256,0056,-2.2204460493e-16,HMcode2020,2.8311259379e-01,1.5765122181e+03,1.4226246460e+03,1.1081715915e+00,1.0817159150e-01,/oss06/data/project/tkcastrosim/HNHuang/project_big_sim/analysis/_used_by_article_nonlinear_evolution_pps/powerspectrum/sim_power_data/bluetilted_kp10_ms1.5_256_snap0056.npz
256,BTKP10,BT $k_p=10$ 256,0056,-2.2204460493e-16,HMcode2020,3.3231811963e-01,1.2524737988e+03,1.1661587711e+03,1.0740165318e+00,7.4016531761e-02,/oss06/data/project/tkcastrosim/HNHuang/project_big_sim/analysis/_used_by_article_nonlinear_evolution_pps/powerspectrum/sim_power_data/bluetilted_kp10_ms1.5_256_snap0056.npz
256,BTKP10,BT $k_p=10$ 256,0056,-2.2204460493e-16,HMcode2020,3.8049456271e-01,1.0640802148e+03,9.9336919002e+02,1.0711830259e+00,7.1183025945e-02,/oss06/data/project/tkcastrosim/HNHuang/project_big_sim/analysis/_used_by_article_nonlinear_evolution_pps/powerspectrum/sim_power_data/bluetilted_kp10_ms1.5_256_snap0056.npz
256,BTKP10,BT $k_p=10$ 256,0056,-2.2204460493e-16,HMcode2020,4.4231696955e-01,9.1448093022e+02,8.3890755054e+02,1.0900854684e+00,9.0085468448e-02,/oss06/data/project/tkcastrosim/HNHuang/project_big_sim/analysis/_used_by_article_nonlinear_evolution_pps/powerspectrum/sim_power_data/bluetilted_kp10_ms1.5_256_snap0056.npz
256,BTKP10,BT $k_p=10$ 256,0056,-2.2204460493e-16,HMcode2020,5.1573074217e-01,7.8287048056e+02,7.1306021118e+02,1.0979023486e+00,9.7902348619e-02,/oss06/data/project/tkcastrosim/HNHuang/project_big_sim/analysis/_used_by_article_nonlinear_evolution_pps/powerspectrum/sim_power_data/bluetilted_kp10_ms1.5_256_snap0056.npz
256,BTKP10,BT $k_p=10$ 256,0056,-2.2204460493e-16,HMcode2020,5.8908320202e-01,6.6679038623e+02,6.2383040959e+02,1.0688648325e+00,6.8864832463e-02,/oss06/data/project/tkcastrosim/HNHuang/project_big_sim/analysis/_used_by_article_nonlinear_evolution_pps/powerspectrum/sim_power_data/bluetilted_kp10_ms1.5_256_snap0056.npz
256,BTKP10,BT $k_p=10$ 256,0056,-2.2204460493e-16,HMcode2020,6.7509441259e-01,6.0481205986e+02,5.4698580055e+02,1.1057180264e+00,1.0571802641e-01,/oss06/data/project/tkcastrosim/HNHuang/project_big_sim/analysis/_used_by_article_nonlinear_evolution_pps/powerspectrum/sim_power_data/bluetilted_kp10_ms1.5_256_snap0056.npz
256,BTKP10,BT $k_p=10$ 256,0056,-2.2204460493e-16,HMcode2020,7.7305003115e-01,5.1528984868e+02,4.8148809625e+02,1.0702026752e+00,7.0202675197e-02,/oss06/data/project/tkcastrosim/HNHuang/project_big_sim/analysis/_used_by_article_nonlinear_evolution_pps/powerspectrum/sim_power_data/bluetilted_kp10_ms1.5_256_snap0056.npz
256,BTKP10,BT $k_p=10$ 256,0056,-2.2204460493e-16,HMcode2020,8.9529144402e-01,4.6361578610e+02,4.1959429506e+02,1.1049144175e+00,1.0491441748e-01,/oss06/data/project/tkcastrosim/HNHuang/project_big_sim/analysis/_used_by_article_nonlinear_evolution_pps/powerspectrum/sim_power_data/bluetilted_kp10_ms1.5_256_snap0056.npz
256,BTKP10,BT $k_p=10$ 256,0056,-2.2204460493e-16,HMcode2020,1.0426575900e+00,3.9307783551e+02,3.6249360055e+02,1.0843717928e+00,8.4371792801e-02,/oss06/data/project/tkcastrosim/HNHuang/project_big_sim/analysis/_used_by_article_nonlinear_evolution_pps/powerspectrum/sim_power_data/bluetilted_kp10_ms1.5_256_snap0056.npz
256,BTKP10,BT $k_p=10$ 256,0056,-2.2204460493e-16,HMcode2020,1.2019428034e+00,3.4199861066e+02,3.1405093946e+02,1.0889908855e+00,8.8990885530e-02,/oss06/data/project/tkcastrosim/HNHuang/project_big_sim/analysis/_used_by_article_nonlinear_evolution_pps/powerspectrum/sim_power_data/bluetilted_kp10_ms1.5_256_snap0056.npz
256,BTKP10,BT $k_p=10$ 256,0056,-2.2204460493e-16,HMcode2020,1.3858629103e+00,2.8959811411e+02,2.6928800824e+02,1.0754215013e+00,7.5421501319e-02,/oss06/data/project/tkcastrosim/HNHuang/project_big_sim/analysis/_used_by_article_nonlinear_evolution_pps/powerspectrum/sim_power_data/bluetilted_kp10_ms1.5_256_snap0056.npz
256,BTKP10,BT $k_p=10$ 256,0056,-2.2204460493e-16,HMcode2020,1.5943235553e+00,2.4724583774e+02,2.2852675337e+02,1.0819120042e+00,8.1912004159e-02,/oss06/data/project/tkcastrosim/HNHuang/project_big_sim/analysis/_used_by_article_nonlinear_evolution_pps/powerspectrum/sim_power_data/bluetilted_kp10_ms1.5_256_snap0056.npz
256,BTKP10,BT $k_p=10$ 256,0056,-2.2204460493e-16,HMcode2020,1.8393490113e+00,2.0142828798e+02,1.9059321253e+02,1.0568492199e+00,5.6849219929e-02,/oss06/data/project/tkcastrosim/HNHuang/project_big_sim/analysis/_used_by_article_nonlinear_evolution_pps/powerspectrum/sim_power_data/bluetilted_kp10_ms1.5_256_snap0056.npz
256,BTKP10,BT $k_p=10$ 256,0056,-2.2204460493e-16,HMcode2020,2.1215528448e+00,1.6553817004e+02,1.5665286115e+02,1.0567197358e+00,5.6719735766e-02,/oss06/data/project/tkcastrosim/HNHuang/project_big_sim/analysis/_used_by_article_nonlinear_evolution_pps/powerspectrum/sim_power_data/bluetilted_kp10_ms1.5_256_snap0056.npz
256,BTKP10,BT $k_p=10$ 256,0056,-2.2204460493e-16,HMcode2020,2.4402500543e+00,1.3391476480e+02,1.2752619773e+02,1.0500961150e+00,5.0096115034e-02,/oss06/data/project/tkcastrosim/HNHuang/project_big_sim/analysis/_used_by_article_nonlinear_evolution_pps/powerspectrum/sim_power_data/bluetilted_kp10_ms1.5_256_snap0056.npz
256,BTKP10,BT $k_p=10$ 256,0056,-2.2204460493e-16,HMcode2020,2.8081075873e+00,1.0621173994e+02,1.0255662945e+02,1.0356399242e+00,3.5639924155e-02,/oss06/data/project/tkcastrosim/HNHuang/project_big_sim/analysis/_used_by_article_nonlinear_evolution_pps/powerspectrum/sim_power_data/bluetilted_kp10_ms1.5_256_snap0056.npz
256,BTKP10,BT $k_p=10$ 256,0056,-2.2204460493e-16,HMcode2020,3.2371187256e+00,8.3071982624e+01,8.1391270046e+01,1.0206497893e+00,2.0649789309e-02,/oss06/data/project/tkcastrosim/HNHuang/project_big_sim/analysis/_used_by_article_nonlinear_evolution_pps/powerspectrum/sim_power_data/bluetilted_kp10_ms1.5_256_snap0056.npz
256,BTKP10,BT $k_p=10$ 256,0056,-2.2204460493e-16,HMcode2020,3.7397863170e+00,6.4185777409e+01,6.3803296137e+01,1.0059946946e+00,5.9946945510e-03,/oss06/data/project/tkcastrosim/HNHuang/project_big_sim/analysis/_used_by_article_nonlinear_evolution_pps/powerspectrum/sim_power_data/bluetilted_kp10_ms1.5_256_snap0056.npz
256,BTKP10,BT $k_p=10$ 256,0056,-2.2204460493e-16,HMcode2020,4.3161639714e+00,4.8663677632e+01,4.9713754494e+01,9.7887753858e-01,-2.1122461421e-02,/oss06/data/project/tkcastrosim/HNHuang/project_big_sim/analysis/_used_by_article_nonlinear_evolution_pps/powerspectrum/sim_power_data/bluetilted_kp10_ms1.5_256_snap0056.npz
256,BTKP10,BT $k_p=10$ 256,0056,-2.2204460493e-16,HMcode2020,4.9782192025e+00,3.6396517609e+01,3.8499642753e+01,9.4537286598e-01,-5.4627134019e-02,/oss06/data/project/tkcastrosim/HNHuang/project_big_sim/analysis/_used_by_article_nonlinear_evolution_pps/powerspectrum/sim_power_data/bluetilted_kp10_ms1.5_256_snap0056.npz
256,BTKP10,BT $k_p=10$ 256,0056,-2.2204460493e-16,HMcode2020,5.7385433480e+00,2.6985108530e+01,2.9659383693e+01,9.0983375813e-01,-9.0166241870e-02,/oss06/data/project/tkcastrosim/HNHuang/project_big_sim/analysis/_used_by_article_nonlinear_evolution_pps/powerspectrum/sim_power_data/bluetilted_kp10_ms1.5_256_snap0056.npz
256,BTKP10,BT $k_p=10$ 256,0056,-2.2204460493e-16,HMcode2020,6.6210990048e+00,1.9653471904e+01,2.2671997610e+01,8.6686106104e-01,-1.3313893896e-01,/oss06/data/project/tkcastrosim/HNHuang/project_big_sim/analysis/_used_by_article_nonlinear_evolution_pps/powerspectrum/sim_power_data/bluetilted_kp10_ms1.5_256_snap0056.npz
256,BTKP10,BT $k_p=10$ 256,0056,-2.2204460493e-16,HMcode2020,7.6390637084e+00,1.3971890977e+01,1.7225289265e+01,8.1112663842e-01,-1.8887336158e-01,/oss06/data/project/tkcastrosim/HNHuang/project_big_sim/analysis/_used_by_article_nonlinear_evolution_pps/powerspectrum/sim_power_data/bluetilted_kp10_ms1.5_256_snap0056.npz
256,BTKP10,BT $k_p=10$ 256,0056,-2.2204460493e-16,HMcode2020,8.8038234022e+00,9.7835869265e+00,1.3039962216e+01,7.5027724500e-01,-2.4972275500e-01,/oss06/data/project/tkcastrosim/HNHuang/project_big_sim/analysis/_used_by_article_nonlinear_evolution_pps/powerspectrum/sim_power_data/bluetilted_kp10_ms1.5_256_snap0056.npz
256,BTKP10,BT $k_p=10$ 256,0056,-2.2204460493e-16,HMcode2020,1.0152530119e+01,6.7677444687e+00,9.8095401260e+00,6.8991455071e-01,-3.1008544929e-01,/oss06/data/project/tkcastrosim/HNHuang/project_big_sim/analysis/_used_by_article_nonlinear_evolution_pps/powerspectrum/sim_power_data/bluetilted_kp10_ms1.5_256_snap0056.npz
256,BTKP10,BT $k_p=10$ 256,0056,-2.2204460493e-16,HMcode2020,1.1709742572e+01,4.7644316996e+00,7.3589961813e+00,6.4742956542e-01,-3.5257043458e-01,/oss06/data/project/tkcastrosim/HNHuang/project_big_sim/analysis/_used_by_article_nonlinear_evolution_pps/powerspectrum/sim_power_data/bluetilted_kp10_ms1.5_256_snap0056.npz
25,PL,PL 25,0048,1.0717968601e+00,HMcode2020,3.2072956064e-01,2.2544099822e+02,3.4178371718e+02,6.5960134111e-01,-3.4039865889e-01,/oss06/data/project/tkcastrosim/HNHuang/project_big_sim/analysis/_used_by_article_nonlinear_evolution_pps/powerspectrum/sim_power_data/cdm_25_snap0048.npz
25,PL,PL 25,0048,1.0717968601e+00,HMcode2020,5.6066196834e-01,8.5168224230e+01,1.4703852980e+02,5.7922385614e-01,-4.2077614386e-01,/oss06/data/project/tkcastrosim/HNHuang/project_big_sim/analysis/_used_by_article_nonlinear_evolution_pps/powerspectrum/sim_power_data/cdm_25_snap0048.npz
25,PL,PL 25,0048,1.0717968601e+00,HMcode2020,7.8770010985e-01,4.7430572974e+01,9.3287986433e+01,5.0843173690e-01,-4.9156826310e-01,/oss06/data/project/tkcastrosim/HNHuang/project_big_sim/analysis/_used_by_article_nonlinear_evolution_pps/powerspectrum/sim_power_data/cdm_25_snap0048.npz
25,PL,PL 25,0048,1.0717968601e+00,HMcode2020,1.0205350124e+00,3.5702871563e+01,6.8081881955e+01,5.2441076154e-01,-4.7558923846e-01,/oss06/data/project/tkcastrosim/HNHuang/project_big_sim/analysis/_used_by_article_nonlinear_evolution_pps/powerspectrum/sim_power_data/cdm_25_snap0048.npz
25,PL,PL 25,0048,1.0717968601e+00,HMcode2020,1.2811623763e+00,2.9911916822e+01,5.2445279328e+01,5.7034526664e-01,-4.2965473336e-01,/oss06/data/project/tkcastrosim/HNHuang/project_big_sim/analysis/_used_by_article_nonlinear_evolution_pps/powerspectrum/sim_power_data/cdm_25_snap0048.npz
25,PL,PL 25,0048,1.0717968601e+00,HMcode2020,1.5386083751e+00,2.1203508682e+01,4.2650893845e+01,4.9714101558e-01,-5.0285898442e-01,/oss06/data/project/tkcastrosim/HNHuang/project_big_sim/analysis/_used_by_article_nonlinear_evolution_pps/powerspectrum/sim_power_data/cdm_25_snap0048.npz
25,PL,PL 25,0048,1.0717968601e+00,HMcode2020,1.7773229369e+00,1.9554619368e+01,3.6145074612e+01,5.4100370736e-01,-4.5899629264e-01,/oss06/data/project/tkcastrosim/HNHuang/project_big_sim/analysis/_used_by_article_nonlinear_evolution_pps/powerspectrum/sim_power_data/cdm_25_snap0048.npz
25,PL,PL 25,0048,1.0717968601e+00,HMcode2020,2.0169221746e+00,1.5201557465e+01,3.1115455297e+01,4.8855327103e-01,-5.1144672897e-01,/oss06/data/project/tkcastrosim/HNHuang/project_big_sim/analysis/_used_by_article_nonlinear_evolution_pps/powerspectrum/sim_power_data/cdm_25_snap0048.npz
25,PL,PL 25,0048,1.0717968601e+00,HMcode2020,2.2763702483e+00,1.4660060150e+01,2.6790763020e+01,5.4720577159e-01,-4.5279422841e-01,/oss06/data/project/tkcastrosim/HNHuang/project_big_sim/analysis/_used_by_article_nonlinear_evolution_pps/powerspectrum/sim_power_data/cdm_25_snap0048.npz
25,PL,PL 25,0048,1.0717968601e+00,HMcode2020,2.5367369098e+00,1.3388286785e+01,2.3283961753e+01,5.7500037694e-01,-4.2499962306e-01,/oss06/data/project/tkcastrosim/HNHuang/project_big_sim/analysis/_used_by_article_nonlinear_evolution_pps/powerspectrum/sim_power_data/cdm_25_snap0048.npz
25,PL,PL 25,0048,1.0717968601e+00,HMcode2020,2.8990729604e+00,1.1637296439e+01,1.9396093582e+01,5.9998145452e-01,-4.0001854548e-01,/oss06/data/project/tkcastrosim/HNHuang/project_big_sim/analysis/_used_by_article_nonlinear_evolution_pps/powerspectrum/sim_power_data/cdm_25_snap0048.npz
25,PL,PL 25,0048,1.0717968601e+00,HMcode2020,3.4029375450e+00,9.6743589510e+00,1.5348856528e+01,6.3029835044e-01,-3.6970164956e-01,/oss06/data/project/tkcastrosim/HNHuang/project_big_sim/analysis/_used_by_article_nonlinear_evolution_pps/powerspectrum/sim_power_data/cdm_25_snap0048.npz
25,PL,PL 25,0048,1.0717968601e+00,HMcode2020,3.8962643222e+00,8.4281275588e+00,1.2437539182e+01,6.7763626192e-01,-3.2236373808e-01,/oss06/data/project/tkcastrosim/HNHuang/project_big_sim/analysis/_used_by_article_nonlinear_evolution_pps/powerspectrum/sim_power_data/cdm_25_snap0048.npz
25,PL,PL 25,0048,1.0717968601e+00,HMcode2020,4.5293257682e+00,6.6910770437e+00,9.7133535592e+00,6.8885344315e-01,-3.1114655685e-01,/oss06/data/project/tkcastrosim/HNHuang/project_big_sim/analysis/_used_by_article_nonlinear_evolution_pps/powerspectrum/sim_power_data/cdm_25_snap0048.npz
25,PL,PL 25,0048,1.0717968601e+00,HMcode2020,5.2810827998e+00,5.6852163273e+00,7.4497050389e+00,7.6314650011e-01,-2.3685349989e-01,/oss06/data/project/tkcastrosim/HNHuang/project_big_sim/analysis/_used_by_article_nonlinear_evolution_pps/powerspectrum/sim_power_data/cdm_25_snap0048.npz
25,PL,PL 25,0048,1.0717968601e+00,HMcode2020,6.0322119887e+00,4.5493553619e+00,5.8636351666e+00,7.7585921236e-01,-2.2414078764e-01,/oss06/data/project/tkcastrosim/HNHuang/project_big_sim/analysis/_used_by_article_nonlinear_evolution_pps/powerspectrum/sim_power_data/cdm_25_snap0048.npz
25,PL,PL 25,0048,1.0717968601e+00,HMcode2020,6.9129667849e+00,3.7091351719e+00,4.5488849237e+00,8.1539437337e-01,-1.8460562663e-01,/oss06/data/project/tkcastrosim/HNHuang/project_big_sim/analysis/_used_by_article_nonlinear_evolution_pps/powerspectrum/sim_power_data/cdm_25_snap0048.npz
25,PL,PL 25,0048,1.0717968601e+00,HMcode2020,7.9160323189e+00,3.0134193270e+00,3.5069894841e+00,8.5926101024e-01,-1.4073898976e-01,/oss06/data/project/tkcastrosim/HNHuang/project_big_sim/analysis/_used_by_article_nonlinear_evolution_pps/powerspectrum/sim_power_data/cdm_25_snap0048.npz
25,PL,PL 25,0048,1.0717968601e+00,HMcode2020,9.1677843868e+00,2.2563332531e+00,2.6246533592e+00,8.5966904744e-01,-1.4033095256e-01,/oss06/data/project/tkcastrosim/HNHuang/project_big_sim/analysis/_used_by_article_nonlinear_evolution_pps/powerspectrum/sim_power_data/cdm_25_snap0048.npz
25,PL,PL 25,0048,1.0717968601e+00,HMcode2020,1.0676813721e+01,1.6998940100e+00,1.9266764203e+00,8.8229346249e-01,-1.1770653751e-01,/oss06/data/project/tkcastrosim/HNHuang/project_big_sim/analysis/_used_by_article_nonlinear_evolution_pps/powerspectrum/sim_power_data/cdm_25_snap0048.npz
25,PL,PL 25,0048,1.0717968601e+00,HMcode2020,1.2307894307e+01,1.2887350638e+00,1.4338301004e+00,8.9880597669e-01,-1.0119402331e-01,/oss06/data/project/tkcastrosim/HNHuang/project_big_sim/analysis/_used_by_article_nonlinear_evolution_pps/powerspectrum/sim_power_data/cdm_25_snap0048.npz
25,PL,PL 25,0048,1.0717968601e+00,HMcode2020,1.4191236202e+01,9.7287226375e-01,1.0599410921e+00,9.1785503078e-01,-8.2144969224e-02,/oss06/data/project/tkcastrosim/HNHuang/project_big_sim/analysis/_used_by_article_nonlinear_evolution_pps/powerspectrum/sim_power_data/cdm_25_snap0048.npz
25,PL,PL 25,0048,1.0717968601e+00,HMcode2020,1.6325873207e+01,7.3185589551e-01,7.8268909747e-01,9.3505313652e-01,-6.4946863478e-02,/oss06/data/project/tkcastrosim/HNHuang/project_big_sim/analysis/_used_by_article_nonlinear_evolution_pps/powerspectrum/sim_power_data/cdm_25_snap0048.npz
25,PL,PL 25,0048,1.0717968601e+00,HMcode2020,1.8834933875e+01,5.5031652261e-01,5.7134277820e-01,9.6319852740e-01,-3.6801472602e-02,/oss06/data/project/tkcastrosim/HNHuang/project_big_sim/analysis/_used_by_article_nonlinear_evolution_pps/powerspectrum/sim_power_data/cdm_25_snap0048.npz
25,PL,PL 25,0048,1.0717968601e+00,HMcode2020,2.1724701131e+01,4.0951711709e-01,4.1513438371e-01,9.8646879939e-01,-1.3531200612e-02,/oss06/data/project/tkcastrosim/HNHuang/project_big_sim/analysis/_used_by_article_nonlinear_evolution_pps/powerspectrum/sim_power_data/cdm_25_snap0048.npz
25,PL,PL 25,0048,1.0717968601e+00,HMcode2020,2.4988160556e+01,3.0435142462e-01,3.0203866562e-01,1.0076571620e+00,7.6571620446e-03,/oss06/data/project/tkcastrosim/HNHuang/project_big_sim/analysis/_used_by_article_nonlinear_evolution_pps/powerspectrum/sim_power_data/cdm_25_snap0048.npz
25,PL,PL 25,0048,1.0717968601e+00,HMcode2020,2.8755021694e+01,2.2294787036e-01,2.1859504234e-01,1.0199127481e+00,1.9912748126e-02,/oss06/data/project/tkcastrosim/HNHuang/project_big_sim/analysis/_used_by_article_nonlinear_evolution_pps/powerspectrum/sim_power_data/cdm_25_snap0048.npz
25,PL,PL 25,0048,1.0717968601e+00,HMcode2020,3.3148095750e+01,1.5995526185e-01,1.5689601476e-01,1.0194985647e+00,1.9498564692e-02,/oss06/data/project/tkcastrosim/HNHuang/project_big_sim/analysis/_used_by_article_nonlinear_evolution_pps/powerspectrum/sim_power_data/cdm_25_snap0048.npz
25,PL,PL 25,0048,1.0717968601e+00,HMcode2020,3.8295411886e+01,1.1508527277e-01,1.1158386962e-01,1.0313791156e+00,3.1379115601e-02,/oss06/data/project/tkcastrosim/HNHuang/project_big_sim/analysis/_used_by_article_nonlinear_evolution_pps/powerspectrum/sim_power_data/cdm_25_snap0048.npz
25,PL,PL 25,0048,1.0717968601e+00,HMcode2020,4.4197519067e+01,8.1079353433e-02,7.9246364696e-02,1.0231302564e+00,2.3130256434e-02,/oss06/data/project/tkcastrosim/HNHuang/project_big_sim/analysis/_used_by_article_nonlinear_evolution_pps/powerspectrum/sim_power_data/cdm_25_snap0048.npz
25,PL,PL 25,0048,1.0717968601e+00,HMcode2020,5.0976964633e+01,5.6821387202e-02,5.6161813371e-02,1.0117441691e+00,1.1744169068e-02,/oss06/data/project/tkcastrosim/HNHuang/project_big_sim/analysis/_used_by_article_nonlinear_evolution_pps/powerspectrum/sim_power_data/cdm_25_snap0048.npz
25,PL,PL 25,0048,1.0717968601e+00,HMcode2020,5.8762683884e+01,3.8959708991e-02,3.9719948747e-02,9.8086000158e-01,-1.9139998418e-02,/oss06/data/project/tkcastrosim/HNHuang/project_big_sim/analysis/_used_by_article_nonlinear_evolution_pps/powerspectrum/sim_power_data/cdm_25_snap0048.npz
25,PL,PL 25,0048,1.0717968601e+00,HMcode2020,6.7800053809e+01,2.6218566366e-02,2.7940625254e-02,9.3836720290e-01,-6.1632797103e-02,/oss06/data/project/tkcastrosim/HNHuang/project_big_sim/analysis/_used_by_article_nonlinear_evolution_pps/powerspectrum/sim_power_data/cdm_25_snap0048.npz
25,PL,PL 25,0048,1.0717968601e+00,HMcode2020,7.8224012374e+01,1.7289593904e-02,1.9592899511e-02,8.8244182004e-01,-1.1755817996e-01,/oss06/data/project/tkcastrosim/HNHuang/project_big_sim/analysis/_used_by_article_nonlinear_evolution_pps/powerspectrum/sim_power_data/cdm_25_snap0048.npz
25,PL,PL 25,0048,1.0717968601e+00,HMcode2020,9.0151151638e+01,1.1204522226e-02,1.3738216182e-02,8.1557329404e-01,-1.8442670596e-01,/oss06/data/project/tkcastrosim/HNHuang/project_big_sim/analysis/_used_by_article_nonlinear_evolution_pps/powerspectrum/sim_power_data/cdm_25_snap0048.npz
25,PL,PL 25,0048,1.0717968601e+00,HMcode2020,1.0396190842e+02,7.1621155870e-03,9.5896571995e-03,7.4685835354e-01,-2.5314164646e-01,/oss06/data/project/tkcastrosim/HNHuang/project_big_sim/analysis/_used_by_article_nonlinear_evolution_pps/powerspectrum/sim_power_data/cdm_25_snap0048.npz
25,PL,PL 25,0048,1.0717968601e+00,HMcode2020,1.1990776394e+02,4.7000288933e-03,6.6749971960e-03,7.0412447455e-01,-2.9587552545e-01,/oss06/data/project/tkcastrosim/HNHuang/project_big_sim/analysis/_used_by_article_nonlinear_evolution_pps/powerspectrum/sim_power_data/cdm_25_snap0048.npz
25,BTKP1,BT $k_p=1$ 25,0048,1.0717968601e+00,HMcode2020,3.2072956064e-01,2.2477687152e+02,3.0859141342e+02,7.2839639001e-01,-2.7160360999e-01,/oss06/data/project/tkcastrosim/HNHuang/project_big_sim/analysis/_used_by_article_nonlinear_evolution_pps/powerspectrum/sim_power_data/bluetilted_kp1_ms1.5_25_snap0048.npz
25,BTKP1,BT $k_p=1$ 25,0048,1.0717968601e+00,HMcode2020,5.6066196834e-01,8.4389078903e+01,1.2889391556e+02,6.5471731958e-01,-3.4528268042e-01,/oss06/data/project/tkcastrosim/HNHuang/project_big_sim/analysis/_used_by_article_nonlinear_evolution_pps/powerspectrum/sim_power_data/bluetilted_kp1_ms1.5_25_snap0048.npz
25,BTKP1,BT $k_p=1$ 25,0048,1.0717968601e+00,HMcode2020,7.8770010985e-01,4.6732678144e+01,8.1793062274e+01,5.7135259207e-01,-4.2864740793e-01,/oss06/data/project/tkcastrosim/HNHuang/project_big_sim/analysis/_used_by_article_nonlinear_evolution_pps/powerspectrum/sim_power_data/bluetilted_kp1_ms1.5_25_snap0048.npz
25,BTKP1,BT $k_p=1$ 25,0048,1.0717968601e+00,HMcode2020,1.0205350124e+00,3.5145686093e+01,6.1148183017e+01,5.7476255807e-01,-4.2523744193e-01,/oss06/data/project/tkcastrosim/HNHuang/project_big_sim/analysis/_used_by_article_nonlinear_evolution_pps/powerspectrum/sim_power_data/bluetilted_kp1_ms1.5_25_snap0048.npz
25,BTKP1,BT $k_p=1$ 25,0048,1.0717968601e+00,HMcode2020,1.2811623763e+00,2.9917317185e+01,4.8852762929e+01,6.1239764943e-01,-3.8760235057e-01,/oss06/data/project/tkcastrosim/HNHuang/project_big_sim/analysis/_used_by_article_nonlinear_evolution_pps/powerspectrum/sim_power_data/bluetilted_kp1_ms1.5_25_snap0048.npz
25,BTKP1,BT $k_p=1$ 25,0048,1.0717968601e+00,HMcode2020,1.5386083751e+00,2.1453561724e+01,4.0969966278e+01,5.2364118579e-01,-4.7635881421e-01,/oss06/data/project/tkcastrosim/HNHuang/project_big_sim/analysis/_used_by_article_nonlinear_evolution_pps/powerspectrum/sim_power_data/bluetilted_kp1_ms1.5_25_snap0048.npz
25,BTKP1,BT $k_p=1$ 25,0048,1.0717968601e+00,HMcode2020,1.7773229369e+00,1.9966213322e+01,3.5491399318e+01,5.6256483841e-01,-4.3743516159e-01,/oss06/data/project/tkcastrosim/HNHuang/project_big_sim/analysis/_used_by_article_nonlinear_evolution_pps/powerspectrum/sim_power_data/bluetilted_kp1_ms1.5_25_snap0048.npz
25,BTKP1,BT $k_p=1$ 25,0048,1.0717968601e+00,HMcode2020,2.0169221746e+00,1.5555712704e+01,3.1086007955e+01,5.0040882465e-01,-4.9959117535e-01,/oss06/data/project/tkcastrosim/HNHuang/project_big_sim/analysis/_used_by_article_nonlinear_evolution_pps/powerspectrum/sim_power_data/bluetilted_kp1_ms1.5_25_snap0048.npz
25,BTKP1,BT $k_p=1$ 25,0048,1.0717968601e+00,HMcode2020,2.2763702483e+00,1.5090456914e+01,2.7163004956e+01,5.5555182273e-01,-4.4444817727e-01,/oss06/data/project/tkcastrosim/HNHuang/project_big_sim/analysis/_used_by_article_nonlinear_evolution_pps/powerspectrum/sim_power_data/bluetilted_kp1_ms1.5_25_snap0048.npz
25,BTKP1,BT $k_p=1$ 25,0048,1.0717968601e+00,HMcode2020,2.5367369098e+00,1.3832004952e+01,2.3861891916e+01,5.7966924841e-01,-4.2033075159e-01,/oss06/data/project/tkcastrosim/HNHuang/project_big_sim/analysis/_used_by_article_nonlinear_evolution_pps/powerspectrum/sim_power_data/bluetilted_kp1_ms1.5_25_snap0048.npz
25,BTKP1,BT $k_p=1$ 25,0048,1.0717968601e+00,HMcode2020,2.8990729604e+00,1.2222517379e+01,2.0179848088e+01,6.0567935527e-01,-3.9432064473e-01,/oss06/data/project/tkcastrosim/HNHuang/project_big_sim/analysis/_used_by_article_nonlinear_evolution_pps/powerspectrum/sim_power_data/bluetilted_kp1_ms1.5_25_snap0048.npz
25,BTKP1,BT $k_p=1$ 25,0048,1.0717968601e+00,HMcode2020,3.4029375450e+00,1.0104508164e+01,1.6257352130e+01,6.2153468062e-01,-3.7846531938e-01,/oss06/data/project/tkcastrosim/HNHuang/project_big_sim/analysis/_used_by_article_nonlinear_evolution_pps/powerspectrum/sim_power_data/bluetilted_kp1_ms1.5_25_snap0048.npz
25,BTKP1,BT $k_p=1$ 25,0048,1.0717968601e+00,HMcode2020,3.8962643222e+00,8.8348952770e+00,1.3380145661e+01,6.6029888620e-01,-3.3970111380e-01,/oss06/data/project/tkcastrosim/HNHuang/project_big_sim/analysis/_used_by_article_nonlinear_evolution_pps/powerspectrum/sim_power_data/bluetilted_kp1_ms1.5_25_snap0048.npz
25,BTKP1,BT $k_p=1$ 25,0048,1.0717968601e+00,HMcode2020,4.5293257682e+00,7.1406398100e+00,1.0643913925e+01,6.7086598600e-01,-3.2913401400e-01,/oss06/data/project/tkcastrosim/HNHuang/project_big_sim/analysis/_used_by_article_nonlinear_evolution_pps/powerspectrum/sim_power_data/bluetilted_kp1_ms1.5_25_snap0048.npz
25,BTKP1,BT $k_p=1$ 25,0048,1.0717968601e+00,HMcode2020,5.2810827998e+00,6.1202897826e+00,8.3334897616e+00,7.3442098781e-01,-2.6557901219e-01,/oss06/data/project/tkcastrosim/HNHuang/project_big_sim/analysis/_used_by_article_nonlinear_evolution_pps/powerspectrum/sim_power_data/bluetilted_kp1_ms1.5_25_snap0048.npz
25,BTKP1,BT $k_p=1$ 25,0048,1.0717968601e+00,HMcode2020,6.0322119887e+00,4.9929158777e+00,6.6893250087e+00,7.4640055181e-01,-2.5359944819e-01,/oss06/data/project/tkcastrosim/HNHuang/project_big_sim/analysis/_used_by_article_nonlinear_evolution_pps/powerspectrum/sim_power_data/bluetilted_kp1_ms1.5_25_snap0048.npz
25,BTKP1,BT $k_p=1$ 25,0048,1.0717968601e+00,HMcode2020,6.9129667849e+00,4.1528080832e+00,5.3046942681e+00,7.8285531142e-01,-2.1714468858e-01,/oss06/data/project/tkcastrosim/HNHuang/project_big_sim/analysis/_used_by_article_nonlinear_evolution_pps/powerspectrum/sim_power_data/bluetilted_kp1_ms1.5_25_snap0048.npz
25,BTKP1,BT $k_p=1$ 25,0048,1.0717968601e+00,HMcode2020,7.9160323189e+00,3.4210616309e+00,4.1873254120e+00,8.1700400478e-01,-1.8299599522e-01,/oss06/data/project/tkcastrosim/HNHuang/project_big_sim/analysis/_used_by_article_nonlinear_evolution_pps/powerspectrum/sim_power_data/bluetilted_kp1_ms1.5_25_snap0048.npz
25,BTKP1,BT $k_p=1$ 25,0048,1.0717968601e+00,HMcode2020,9.1677843868e+00,2.6316241667e+00,3.2207583775e+00,8.1708214596e-01,-1.8291785404e-01,/oss06/data/project/tkcastrosim/HNHuang/project_big_sim/analysis/_used_by_article_nonlinear_evolution_pps/powerspectrum/sim_power_data/bluetilted_kp1_ms1.5_25_snap0048.npz
25,BTKP1,BT $k_p=1$ 25,0048,1.0717968601e+00,HMcode2020,1.0676813721e+01,2.0569110610e+00,2.4370178422e+00,8.4402790385e-01,-1.5597209615e-01,/oss06/data/project/tkcastrosim/HNHuang/project_big_sim/analysis/_used_by_article_nonlinear_evolution_pps/powerspectrum/sim_power_data/bluetilted_kp1_ms1.5_25_snap0048.npz
25,BTKP1,BT $k_p=1$ 25,0048,1.0717968601e+00,HMcode2020,1.2307894307e+01,1.6323456014e+00,1.8688779575e+00,8.7343616790e-01,-1.2656383210e-01,/oss06/data/project/tkcastrosim/HNHuang/project_big_sim/analysis/_used_by_article_nonlinear_evolution_pps/powerspectrum/sim_power_data/bluetilted_kp1_ms1.5_25_snap0048.npz
25,BTKP1,BT $k_p=1$ 25,0048,1.0717968601e+00,HMcode2020,1.4191236202e+01,1.2622106548e+00,1.4260517390e+00,8.8510859757e-01,-1.1489140243e-01,/oss06/data/project/tkcastrosim/HNHuang/project_big_sim/analysis/_used_by_article_nonlinear_evolution_pps/powerspectrum/sim_power_data/bluetilted_kp1_ms1.5_25_snap0048.npz
25,BTKP1,BT $k_p=1$ 25,0048,1.0717968601e+00,HMcode2020,1.6325873207e+01,9.9532740819e-01,1.0881010181e+00,9.1473805427e-01,-8.5261945727e-02,/oss06/data/project/tkcastrosim/HNHuang/project_big_sim/analysis/_used_by_article_nonlinear_evolution_pps/powerspectrum/sim_power_data/bluetilted_kp1_ms1.5_25_snap0048.npz
25,BTKP1,BT $k_p=1$ 25,0048,1.0717968601e+00,HMcode2020,1.8834933875e+01,7.6218128973e-01,8.2243644844e-01,9.2673578753e-01,-7.3264212471e-02,/oss06/data/project/tkcastrosim/HNHuang/project_big_sim/analysis/_used_by_article_nonlinear_evolution_pps/powerspectrum/sim_power_data/bluetilted_kp1_ms1.5_25_snap0048.npz
25,BTKP1,BT $k_p=1$ 25,0048,1.0717968601e+00,HMcode2020,2.1724701131e+01,5.7618866252e-01,6.1965648988e-01,9.2985173549e-01,-7.0148264513e-02,/oss06/data/project/tkcastrosim/HNHuang/project_big_sim/analysis/_used_by_article_nonlinear_evolution_pps/powerspectrum/sim_power_data/bluetilted_kp1_ms1.5_25_snap0048.npz
25,BTKP1,BT $k_p=1$ 25,0048,1.0717968601e+00,HMcode2020,2.4988160556e+01,4.3415816566e-01,4.6787009044e-01,9.2794597161e-01,-7.2054028387e-02,/oss06/data/project/tkcastrosim/HNHuang/project_big_sim/analysis/_used_by_article_nonlinear_evolution_pps/powerspectrum/sim_power_data/bluetilted_kp1_ms1.5_25_snap0048.npz
25,BTKP1,BT $k_p=1$ 25,0048,1.0717968601e+00,HMcode2020,2.8755021694e+01,3.3090341868e-01,3.5187060052e-01,9.4041223730e-01,-5.9587762696e-02,/oss06/data/project/tkcastrosim/HNHuang/project_big_sim/analysis/_used_by_article_nonlinear_evolution_pps/powerspectrum/sim_power_data/bluetilted_kp1_ms1.5_25_snap0048.npz
25,BTKP1,BT $k_p=1$ 25,0048,1.0717968601e+00,HMcode2020,3.3148095750e+01,2.4642282012e-01,2.6289967497e-01,9.3732645409e-01,-6.2673545915e-02,/oss06/data/project/tkcastrosim/HNHuang/project_big_sim/analysis/_used_by_article_nonlinear_evolution_pps/powerspectrum/sim_power_data/bluetilted_kp1_ms1.5_25_snap0048.npz
25,BTKP1,BT $k_p=1$ 25,0048,1.0717968601e+00,HMcode2020,3.8295411886e+01,1.8178187958e-01,1.9497925315e-01,9.3231395975e-01,-6.7686040251e-02,/oss06/data/project/tkcastrosim/HNHuang/project_big_sim/analysis/_used_by_article_nonlinear_evolution_pps/powerspectrum/sim_power_data/bluetilted_kp1_ms1.5_25_snap0048.npz
25,BTKP1,BT $k_p=1$ 25,0048,1.0717968601e+00,HMcode2020,4.4197519067e+01,1.3283801635e-01,1.4451051247e-01,9.1922735645e-01,-8.0772643545e-02,/oss06/data/project/tkcastrosim/HNHuang/project_big_sim/analysis/_used_by_article_nonlinear_evolution_pps/powerspectrum/sim_power_data/bluetilted_kp1_ms1.5_25_snap0048.npz
25,BTKP1,BT $k_p=1$ 25,0048,1.0717968601e+00,HMcode2020,5.0976964633e+01,9.6689396013e-02,1.0696171878e-01,9.0396262433e-01,-9.6037375672e-02,/oss06/data/project/tkcastrosim/HNHuang/project_big_sim/analysis/_used_by_article_nonlinear_evolution_pps/powerspectrum/sim_power_data/bluetilted_kp1_ms1.5_25_snap0048.npz
25,BTKP1,BT $k_p=1$ 25,0048,1.0717968601e+00,HMcode2020,5.8762683884e+01,6.8688074023e-02,7.9061871320e-02,8.6878887226e-01,-1.3121112774e-01,/oss06/data/project/tkcastrosim/HNHuang/project_big_sim/analysis/_used_by_article_nonlinear_evolution_pps/powerspectrum/sim_power_data/bluetilted_kp1_ms1.5_25_snap0048.npz
25,BTKP1,BT $k_p=1$ 25,0048,1.0717968601e+00,HMcode2020,6.7800053809e+01,4.8283783537e-02,5.8185237260e-02,8.2982876432e-01,-1.7017123568e-01,/oss06/data/project/tkcastrosim/HNHuang/project_big_sim/analysis/_used_by_article_nonlinear_evolution_pps/powerspectrum/sim_power_data/bluetilted_kp1_ms1.5_25_snap0048.npz
25,BTKP1,BT $k_p=1$ 25,0048,1.0717968601e+00,HMcode2020,7.8224012374e+01,3.3503879112e-02,4.2719300001e-02,7.8427968416e-01,-2.1572031584e-01,/oss06/data/project/tkcastrosim/HNHuang/project_big_sim/analysis/_used_by_article_nonlinear_evolution_pps/powerspectrum/sim_power_data/bluetilted_kp1_ms1.5_25_snap0048.npz
25,BTKP1,BT $k_p=1$ 25,0048,1.0717968601e+00,HMcode2020,9.0151151638e+01,2.2717094504e-02,3.1369356156e-02,7.2418108905e-01,-2.7581891095e-01,/oss06/data/project/tkcastrosim/HNHuang/project_big_sim/analysis/_used_by_article_nonlinear_evolution_pps/powerspectrum/sim_power_data/bluetilted_kp1_ms1.5_25_snap0048.npz
25,BTKP1,BT $k_p=1$ 25,0048,1.0717968601e+00,HMcode2020,1.0396190842e+02,1.5339729951e-02,2.2952070256e-02,6.6833753032e-01,-3.3166246968e-01,/oss06/data/project/tkcastrosim/HNHuang/project_big_sim/analysis/_used_by_article_nonlinear_evolution_pps/powerspectrum/sim_power_data/bluetilted_kp1_ms1.5_25_snap0048.npz
25,BTKP1,BT $k_p=1$ 25,0048,1.0717968601e+00,HMcode2020,1.1990776394e+02,1.0600255827e-02,1.6753088810e-02,6.3273441375e-01,-3.6726558625e-01,/oss06/data/project/tkcastrosim/HNHuang/project_big_sim/analysis/_used_by_article_nonlinear_evolution_pps/powerspectrum/sim_power_data/bluetilted_kp1_ms1.5_25_snap0048.npz
25,BTKP10,BT $k_p=10$ 25,0048,1.0717968601e+00,HMcode2020,3.2072956064e-01,2.2545288273e+02,3.4171574692e+02,6.5976732054e-01,-3.4023267946e-01,/oss06/data/project/tkcastrosim/HNHuang/project_big_sim/analysis/_used_by_article_nonlinear_evolution_pps/powerspectrum/sim_power_data/bluetilted_kp10_ms1.5_25_snap0048.npz
25,BTKP10,BT $k_p=10$ 25,0048,1.0717968601e+00,HMcode2020,5.6066196834e-01,8.5172835080e+01,1.4700176319e+02,5.7940009177e-01,-4.2059990823e-01,/oss06/data/project/tkcastrosim/HNHuang/project_big_sim/analysis/_used_by_article_nonlinear_evolution_pps/powerspectrum/sim_power_data/bluetilted_kp10_ms1.5_25_snap0048.npz
25,BTKP10,BT $k_p=10$ 25,0048,1.0717968601e+00,HMcode2020,7.8770010985e-01,4.7432149476e+01,9.3263512168e+01,5.0858206359e-01,-4.9141793641e-01,/oss06/data/project/tkcastrosim/HNHuang/project_big_sim/analysis/_used_by_article_nonlinear_evolution_pps/powerspectrum/sim_power_data/bluetilted_kp10_ms1.5_25_snap0048.npz
25,BTKP10,BT $k_p=10$ 25,0048,1.0717968601e+00,HMcode2020,1.0205350124e+00,3.5702727296e+01,6.8064295969e+01,5.2454413563e-01,-4.7545586437e-01,/oss06/data/project/tkcastrosim/HNHuang/project_big_sim/analysis/_used_by_article_nonlinear_evolution_pps/powerspectrum/sim_power_data/bluetilted_kp10_ms1.5_25_snap0048.npz
25,BTKP10,BT $k_p=10$ 25,0048,1.0717968601e+00,HMcode2020,1.2811623763e+00,2.9909829429e+01,5.2432387671e+01,5.7044568743e-01,-4.2955431257e-01,/oss06/data/project/tkcastrosim/HNHuang/project_big_sim/analysis/_used_by_article_nonlinear_evolution_pps/powerspectrum/sim_power_data/bluetilted_kp10_ms1.5_25_snap0048.npz
25,BTKP10,BT $k_p=10$ 25,0048,1.0717968601e+00,HMcode2020,1.5386083751e+00,2.1201668733e+01,4.2641034583e+01,4.9721281251e-01,-5.0278718749e-01,/oss06/data/project/tkcastrosim/HNHuang/project_big_sim/analysis/_used_by_article_nonlinear_evolution_pps/powerspectrum/sim_power_data/bluetilted_kp10_ms1.5_25_snap0048.npz
25,BTKP10,BT $k_p=10$ 25,0048,1.0717968601e+00,HMcode2020,1.7773229369e+00,1.9552721244e+01,3.6137208513e+01,5.4106894387e-01,-4.5893105613e-01,/oss06/data/project/tkcastrosim/HNHuang/project_big_sim/analysis/_used_by_article_nonlinear_evolution_pps/powerspectrum/sim_power_data/bluetilted_kp10_ms1.5_25_snap0048.npz
25,BTKP10,BT $k_p=10$ 25,0048,1.0717968601e+00,HMcode2020,2.0169221746e+00,1.5198470985e+01,3.1109081757e+01,4.8855414970e-01,-5.1144585030e-01,/oss06/data/project/tkcastrosim/HNHuang/project_big_sim/analysis/_used_by_article_nonlinear_evolution_pps/powerspectrum/sim_power_data/bluetilted_kp10_ms1.5_25_snap0048.npz
25,BTKP10,BT $k_p=10$ 25,0048,1.0717968601e+00,HMcode2020,2.2763702483e+00,1.4654901502e+01,2.6785618512e+01,5.4711827899e-01,-4.5288172101e-01,/oss06/data/project/tkcastrosim/HNHuang/project_big_sim/analysis/_used_by_article_nonlinear_evolution_pps/powerspectrum/sim_power_data/bluetilted_kp10_ms1.5_25_snap0048.npz
25,BTKP10,BT $k_p=10$ 25,0048,1.0717968601e+00,HMcode2020,2.5367369098e+00,1.3382826933e+01,2.3279766027e+01,5.7486947751e-01,-4.2513052249e-01,/oss06/data/project/tkcastrosim/HNHuang/project_big_sim/analysis/_used_by_article_nonlinear_evolution_pps/powerspectrum/sim_power_data/bluetilted_kp10_ms1.5_25_snap0048.npz
25,BTKP10,BT $k_p=10$ 25,0048,1.0717968601e+00,HMcode2020,2.8990729604e+00,1.1630270327e+01,1.9392892224e+01,5.9971819533e-01,-4.0028180467e-01,/oss06/data/project/tkcastrosim/HNHuang/project_big_sim/analysis/_used_by_article_nonlinear_evolution_pps/powerspectrum/sim_power_data/bluetilted_kp10_ms1.5_25_snap0048.npz
25,BTKP10,BT $k_p=10$ 25,0048,1.0717968601e+00,HMcode2020,3.4029375450e+00,9.6690017002e+00,1.5346619948e+01,6.3004112522e-01,-3.6995887478e-01,/oss06/data/project/tkcastrosim/HNHuang/project_big_sim/analysis/_used_by_article_nonlinear_evolution_pps/powerspectrum/sim_power_data/bluetilted_kp10_ms1.5_25_snap0048.npz
25,BTKP10,BT $k_p=10$ 25,0048,1.0717968601e+00,HMcode2020,3.8962643222e+00,8.4209239685e+00,1.2435950150e+01,6.7714359314e-01,-3.2285640686e-01,/oss06/data/project/tkcastrosim/HNHuang/project_big_sim/analysis/_used_by_article_nonlinear_evolution_pps/powerspectrum/sim_power_data/bluetilted_kp10_ms1.5_25_snap0048.npz
25,BTKP10,BT $k_p=10$ 25,0048,1.0717968601e+00,HMcode2020,4.5293257682e+00,6.6843491591e+00,9.7123354082e+00,6.8823294071e-01,-3.1176705929e-01,/oss06/data/project/tkcastrosim/HNHuang/project_big_sim/analysis/_used_by_article_nonlinear_evolution_pps/powerspectrum/sim_power_data/bluetilted_kp10_ms1.5_25_snap0048.npz
25,BTKP10,BT $k_p=10$ 25,0048,1.0717968601e+00,HMcode2020,5.2810827998e+00,5.6790977380e+00,7.4491361612e+00,7.6238339790e-01,-2.3761660210e-01,/oss06/data/project/tkcastrosim/HNHuang/project_big_sim/analysis/_used_by_article_nonlinear_evolution_pps/powerspectrum/sim_power_data/bluetilted_kp10_ms1.5_25_snap0048.npz
25,BTKP10,BT $k_p=10$ 25,0048,1.0717968601e+00,HMcode2020,6.0322119887e+00,4.5402257606e+00,5.8633675736e+00,7.7433756345e-01,-2.2566243655e-01,/oss06/data/project/tkcastrosim/HNHuang/project_big_sim/analysis/_used_by_article_nonlinear_evolution_pps/powerspectrum/sim_power_data/bluetilted_kp10_ms1.5_25_snap0048.npz
25,BTKP10,BT $k_p=10$ 25,0048,1.0717968601e+00,HMcode2020,6.9129667849e+00,3.7002133012e+00,4.5488592218e+00,8.1343763804e-01,-1.8656236196e-01,/oss06/data/project/tkcastrosim/HNHuang/project_big_sim/analysis/_used_by_article_nonlinear_evolution_pps/powerspectrum/sim_power_data/bluetilted_kp10_ms1.5_25_snap0048.npz
25,BTKP10,BT $k_p=10$ 25,0048,1.0717968601e+00,HMcode2020,7.9160323189e+00,3.0025701434e+00,3.5071501538e+00,8.5612819860e-01,-1.4387180140e-01,/oss06/data/project/tkcastrosim/HNHuang/project_big_sim/analysis/_used_by_article_nonlinear_evolution_pps/powerspectrum/sim_power_data/bluetilted_kp10_ms1.5_25_snap0048.npz
25,BTKP10,BT $k_p=10$ 25,0048,1.0717968601e+00,HMcode2020,9.1677843868e+00,2.2500485332e+00,2.6249675519e+00,8.5717194165e-01,-1.4282805835e-01,/oss06/data/project/tkcastrosim/HNHuang/project_big_sim/analysis/_used_by_article_nonlinear_evolution_pps/powerspectrum/sim_power_data/bluetilted_kp10_ms1.5_25_snap0048.npz
25,BTKP10,BT $k_p=10$ 25,0048,1.0717968601e+00,HMcode2020,1.0676813721e+01,1.6959498464e+00,1.9341446582e+00,8.7684746806e-01,-1.2315253194e-01,/oss06/data/project/tkcastrosim/HNHuang/project_big_sim/analysis/_used_by_article_nonlinear_evolution_pps/powerspectrum/sim_power_data/bluetilted_kp10_ms1.5_25_snap0048.npz
25,BTKP10,BT $k_p=10$ 25,0048,1.0717968601e+00,HMcode2020,1.2307894307e+01,1.2847085378e+00,1.4505759943e+00,8.8565407318e-01,-1.1434592682e-01,/oss06/data/project/tkcastrosim/HNHuang/project_big_sim/analysis/_used_by_article_nonlinear_evolution_pps/powerspectrum/sim_power_data/bluetilted_kp10_ms1.5_25_snap0048.npz
25,BTKP10,BT $k_p=10$ 25,0048,1.0717968601e+00,HMcode2020,1.4191236202e+01,9.6962990450e-01,1.0803451935e+00,8.9751859903e-01,-1.0248140097e-01,/oss06/data/project/tkcastrosim/HNHuang/project_big_sim/analysis/_used_by_article_nonlinear_evolution_pps/powerspectrum/sim_power_data/bluetilted_kp10_ms1.5_25_snap0048.npz
25,BTKP10,BT $k_p=10$ 25,0048,1.0717968601e+00,HMcode2020,1.6325873207e+01,7.2976093567e-01,8.0346567780e-01,9.0826647090e-01,-9.1733529096e-02,/oss06/data/project/tkcastrosim/HNHuang/project_big_sim/analysis/_used_by_article_nonlinear_evolution_pps/powerspectrum/sim_power_data/bluetilted_kp10_ms1.5_25_snap0048.npz
25,BTKP10,BT $k_p=10$ 25,0048,1.0717968601e+00,HMcode2020,1.8834933875e+01,5.4937688589e-01,5.9072657940e-01,9.3000197561e-01,-6.9998024389e-02,/oss06/data/project/tkcastrosim/HNHuang/project_big_sim/analysis/_used_by_article_nonlinear_evolution_pps/powerspectrum/sim_power_data/bluetilted_kp10_ms1.5_25_snap0048.npz
25,BTKP10,BT $k_p=10$ 25,0048,1.0717968601e+00,HMcode2020,2.1724701131e+01,4.0810472410e-01,4.3228976438e-01,9.4405363654e-01,-5.5946363459e-02,/oss06/data/project/tkcastrosim/HNHuang/project_big_sim/analysis/_used_by_article_nonlinear_evolution_pps/powerspectrum/sim_power_data/bluetilted_kp10_ms1.5_25_snap0048.npz
25,BTKP10,BT $k_p=10$ 25,0048,1.0717968601e+00,HMcode2020,2.4988160556e+01,3.0353133707e-01,3.1674913603e-01,9.5827044984e-01,-4.1729550160e-02,/oss06/data/project/tkcastrosim/HNHuang/project_big_sim/analysis/_used_by_article_nonlinear_evolution_pps/powerspectrum/sim_power_data/bluetilted_kp10_ms1.5_25_snap0048.npz
25,BTKP10,BT $k_p=10$ 25,0048,1.0717968601e+00,HMcode2020,2.8755021694e+01,2.2237635893e-01,2.3090664187e-01,9.6305743797e-01,-3.6942562026e-02,/oss06/data/project/tkcastrosim/HNHuang/project_big_sim/analysis/_used_by_article_nonlinear_evolution_pps/powerspectrum/sim_power_data/bluetilted_kp10_ms1.5_25_snap0048.npz
25,BTKP10,BT $k_p=10$ 25,0048,1.0717968601e+00,HMcode2020,3.3148095750e+01,1.5931909708e-01,1.6699502816e-01,9.5403497236e-01,-4.5965027642e-02,/oss06/data/project/tkcastrosim/HNHuang/project_big_sim/analysis/_used_by_article_nonlinear_evolution_pps/powerspectrum/sim_power_data/bluetilted_kp10_ms1.5_25_snap0048.npz
25,BTKP10,BT $k_p=10$ 25,0048,1.0717968601e+00,HMcode2020,3.8295411886e+01,1.1462067158e-01,1.1973034110e-01,9.5732351989e-01,-4.2676480107e-02,/oss06/data/project/tkcastrosim/HNHuang/project_big_sim/analysis/_used_by_article_nonlinear_evolution_pps/powerspectrum/sim_power_data/bluetilted_kp10_ms1.5_25_snap0048.npz
25,BTKP10,BT $k_p=10$ 25,0048,1.0717968601e+00,HMcode2020,4.4197519067e+01,8.0983199393e-02,8.5759358047e-02,9.4430743464e-01,-5.5692565364e-02,/oss06/data/project/tkcastrosim/HNHuang/project_big_sim/analysis/_used_by_article_nonlinear_evolution_pps/powerspectrum/sim_power_data/bluetilted_kp10_ms1.5_25_snap0048.npz
25,BTKP10,BT $k_p=10$ 25,0048,1.0717968601e+00,HMcode2020,5.0976964633e+01,5.7069327162e-02,6.1333780076e-02,9.3047138283e-01,-6.9528617171e-02,/oss06/data/project/tkcastrosim/HNHuang/project_big_sim/analysis/_used_by_article_nonlinear_evolution_pps/powerspectrum/sim_power_data/bluetilted_kp10_ms1.5_25_snap0048.npz
25,BTKP10,BT $k_p=10$ 25,0048,1.0717968601e+00,HMcode2020,5.8762683884e+01,3.9300539938e-02,4.3806657239e-02,8.9713624401e-01,-1.0286375599e-01,/oss06/data/project/tkcastrosim/HNHuang/project_big_sim/analysis/_used_by_article_nonlinear_evolution_pps/powerspectrum/sim_power_data/bluetilted_kp10_ms1.5_25_snap0048.npz
25,BTKP10,BT $k_p=10$ 25,0048,1.0717968601e+00,HMcode2020,6.7800053809e+01,2.6513261513e-02,3.1149845390e-02,8.5115226675e-01,-1.4884773325e-01,/oss06/data/project/tkcastrosim/HNHuang/project_big_sim/analysis/_used_by_article_nonlinear_evolution_pps/powerspectrum/sim_power_data/bluetilted_kp10_ms1.5_25_snap0048.npz
25,BTKP10,BT $k_p=10$ 25,0048,1.0717968601e+00,HMcode2020,7.8224012374e+01,1.7650621701e-02,2.2104509688e-02,7.9850772308e-01,-2.0149227692e-01,/oss06/data/project/tkcastrosim/HNHuang/project_big_sim/analysis/_used_by_article_nonlinear_evolution_pps/powerspectrum/sim_power_data/bluetilted_kp10_ms1.5_25_snap0048.npz
25,BTKP10,BT $k_p=10$ 25,0048,1.0717968601e+00,HMcode2020,9.0151151638e+01,1.1444434345e-02,1.5701832401e-02,7.2885979500e-01,-2.7114020500e-01,/oss06/data/project/tkcastrosim/HNHuang/project_big_sim/analysis/_used_by_article_nonlinear_evolution_pps/powerspectrum/sim_power_data/bluetilted_kp10_ms1.5_25_snap0048.npz
25,BTKP10,BT $k_p=10$ 25,0048,1.0717968601e+00,HMcode2020,1.0396190842e+02,7.4066239978e-03,1.1118942213e-02,6.6612667427e-01,-3.3387332573e-01,/oss06/data/project/tkcastrosim/HNHuang/project_big_sim/analysis/_used_by_article_nonlinear_evolution_pps/powerspectrum/sim_power_data/bluetilted_kp10_ms1.5_25_snap0048.npz
25,BTKP10,BT $k_p=10$ 25,0048,1.0717968601e+00,HMcode2020,1.1990776394e+02,4.9050591503e-03,7.8632752578e-03,6.2379339264e-01,-3.7620660736e-01,/oss06/data/project/tkcastrosim/HNHuang/project_big_sim/analysis/_used_by_article_nonlinear_evolution_pps/powerspectrum/sim_power_data/bluetilted_kp10_ms1.5_25_snap0048.npz
256,PL,PL 256,0048,1.0717968601e+00,HMcode2020,3.1321246157e-02,6.8740394563e+03,6.4978071748e+03,1.0579014230e+00,5.7901422951e-02,/oss06/data/project/tkcastrosim/HNHuang/project_big_sim/analysis/_used_by_article_nonlinear_evolution_pps/powerspectrum/sim_power_data/new_PL_256_1024_snap0048.npz
256,PL,PL 256,0048,1.0717968601e+00,HMcode2020,5.4752145346e-02,3.3614317172e+03,3.9913446090e+03,8.4218027920e-01,-1.5781972080e-01,/oss06/data/project/tkcastrosim/HNHuang/project_big_sim/analysis/_used_by_article_nonlinear_evolution_pps/powerspectrum/sim_power_data/new_PL_256_1024_snap0048.npz
256,PL,PL 256,0048,1.0717968601e+00,HMcode2020,7.6923838852e-02,2.5956646932e+03,3.0328387342e+03,8.5585318598e-01,-1.4414681402e-01,/oss06/data/project/tkcastrosim/HNHuang/project_big_sim/analysis/_used_by_article_nonlinear_evolution_pps/powerspectrum/sim_power_data/new_PL_256_1024_snap0048.npz
256,PL,PL 256,0048,1.0717968601e+00,HMcode2020,9.9661622308e-02,2.1652672658e+03,2.0108323867e+03,1.0768014680e+00,7.6801467952e-02,/oss06/data/project/tkcastrosim/HNHuang/project_big_sim/analysis/_used_by_article_nonlinear_evolution_pps/powerspectrum/sim_power_data/new_PL_256_1024_snap0048.npz
256,PL,PL 256,0048,1.0717968601e+00,HMcode2020,1.2511351331e-01,1.6901499175e+03,1.4940039626e+03,1.1312887782e+00,1.3128877817e-01,/oss06/data/project/tkcastrosim/HNHuang/project_big_sim/analysis/_used_by_article_nonlinear_evolution_pps/powerspectrum/sim_power_data/new_PL_256_1024_snap0048.npz
256,PL,PL 256,0048,1.0717968601e+00,HMcode2020,1.5025472413e-01,1.1641161791e+03,1.1487962411e+03,1.0133356442e+00,1.3335644191e-02,/oss06/data/project/tkcastrosim/HNHuang/project_big_sim/analysis/_used_by_article_nonlinear_evolution_pps/powerspectrum/sim_power_data/new_PL_256_1024_snap0048.npz
256,PL,PL 256,0048,1.0717968601e+00,HMcode2020,1.7356669306e-01,9.0263607708e+02,8.9121265404e+02,1.0128178421e+00,1.2817842058e-02,/oss06/data/project/tkcastrosim/HNHuang/project_big_sim/analysis/_used_by_article_nonlinear_evolution_pps/powerspectrum/sim_power_data/new_PL_256_1024_snap0048.npz
256,PL,PL 256,0048,1.0717968601e+00,HMcode2020,1.9696505611e-01,7.9419048400e+02,7.5265432780e+02,1.0551862318e+00,5.5186231800e-02,/oss06/data/project/tkcastrosim/HNHuang/project_big_sim/analysis/_used_by_article_nonlinear_evolution_pps/powerspectrum/sim_power_data/new_PL_256_1024_snap0048.npz
256,PL,PL 256,0048,1.0717968601e+00,HMcode2020,2.2230178206e-01,6.7200727268e+02,6.0974488291e+02,1.1021121973e+00,1.0211219728e-01,/oss06/data/project/tkcastrosim/HNHuang/project_big_sim/analysis/_used_by_article_nonlinear_evolution_pps/powerspectrum/sim_power_data/new_PL_256_1024_snap0048.npz
256,PL,PL 256,0048,1.0717968601e+00,HMcode2020,2.4772821385e-01,5.1437605748e+02,5.1559650700e+02,9.9763293679e-01,-2.3670632065e-03,/oss06/data/project/tkcastrosim/HNHuang/project_big_sim/analysis/_used_by_article_nonlinear_evolution_pps/powerspectrum/sim_power_data/new_PL_256_1024_snap0048.npz
256,PL,PL 256,0048,1.0717968601e+00,HMcode2020,2.8311259379e-01,4.5267628782e+02,4.1590007768e+02,1.0884255909e+00,8.8425590943e-02,/oss06/data/project/tkcastrosim/HNHuang/project_big_sim/analysis/_used_by_article_nonlinear_evolution_pps/powerspectrum/sim_power_data/new_PL_256_1024_snap0048.npz
256,PL,PL 256,0048,1.0717968601e+00,HMcode2020,3.3231811963e-01,3.3622041281e+02,3.2305204808e+02,1.0407623626e+00,4.0762362596e-02,/oss06/data/project/tkcastrosim/HNHuang/project_big_sim/analysis/_used_by_article_nonlinear_evolution_pps/powerspectrum/sim_power_data/new_PL_256_1024_snap0048.npz
256,PL,PL 256,0048,1.0717968601e+00,HMcode2020,3.8049456271e-01,2.7726439587e+02,2.6141810955e+02,1.0606166358e+00,6.0616635760e-02,/oss06/data/project/tkcastrosim/HNHuang/project_big_sim/analysis/_used_by_article_nonlinear_evolution_pps/powerspectrum/sim_power_data/new_PL_256_1024_snap0048.npz
256,PL,PL 256,0048,1.0717968601e+00,HMcode2020,4.4231696955e-01,2.2022786122e+02,2.0776914461e+02,1.0599642292e+00,5.9964229175e-02,/oss06/data/project/tkcastrosim/HNHuang/project_big_sim/analysis/_used_by_article_nonlinear_evolution_pps/powerspectrum/sim_power_data/new_PL_256_1024_snap0048.npz
256,PL,PL 256,0048,1.0717968601e+00,HMcode2020,5.1573074217e-01,1.7614789379e+02,1.6568715965e+02,1.0631354546e+00,6.3135454572e-02,/oss06/data/project/tkcastrosim/HNHuang/project_big_sim/analysis/_used_by_article_nonlinear_evolution_pps/powerspectrum/sim_power_data/new_PL_256_1024_snap0048.npz
256,PL,PL 256,0048,1.0717968601e+00,HMcode2020,5.8908320202e-01,1.4236031616e+02,1.3718949341e+02,1.0376910988e+00,3.7691098750e-02,/oss06/data/project/tkcastrosim/HNHuang/project_big_sim/analysis/_used_by_article_nonlinear_evolution_pps/powerspectrum/sim_power_data/new_PL_256_1024_snap0048.npz
256,PL,PL 256,0048,1.0717968601e+00,HMcode2020,6.7509441259e-01,1.2177833387e+02,1.1397418716e+02,1.0684729315e+00,6.8472931544e-02,/oss06/data/project/tkcastrosim/HNHuang/project_big_sim/analysis/_used_by_article_nonlinear_evolution_pps/powerspectrum/sim_power_data/new_PL_256_1024_snap0048.npz
256,PL,PL 256,0048,1.0717968601e+00,HMcode2020,7.7305003115e-01,1.0210493746e+02,9.5527966201e+01,1.0688486473e+00,6.8848647328e-02,/oss06/data/project/tkcastrosim/HNHuang/project_big_sim/analysis/_used_by_article_nonlinear_evolution_pps/powerspectrum/sim_power_data/new_PL_256_1024_snap0048.npz
256,PL,PL 256,0048,1.0717968601e+00,HMcode2020,8.9529144402e-01,8.6520886755e+01,7.9591102530e+01,1.0870673229e+00,8.7067322910e-02,/oss06/data/project/tkcastrosim/HNHuang/project_big_sim/analysis/_used_by_article_nonlinear_evolution_pps/powerspectrum/sim_power_data/new_PL_256_1024_snap0048.npz
256,PL,PL 256,0048,1.0717968601e+00,HMcode2020,1.0426575900e+00,7.3328564160e+01,6.6397157768e+01,1.1043931190e+00,1.0439311900e-01,/oss06/data/project/tkcastrosim/HNHuang/project_big_sim/analysis/_used_by_article_nonlinear_evolution_pps/powerspectrum/sim_power_data/new_PL_256_1024_snap0048.npz
256,PL,PL 256,0048,1.0717968601e+00,HMcode2020,1.2019428034e+00,6.2424430380e+01,5.6378889431e+01,1.1072305789e+00,1.0723057887e-01,/oss06/data/project/tkcastrosim/HNHuang/project_big_sim/analysis/_used_by_article_nonlinear_evolution_pps/powerspectrum/sim_power_data/new_PL_256_1024_snap0048.npz
256,PL,PL 256,0048,1.0717968601e+00,HMcode2020,1.3858629103e+00,5.2421451115e+01,4.7997605052e+01,1.0921680584e+00,9.2168058353e-02,/oss06/data/project/tkcastrosim/HNHuang/project_big_sim/analysis/_used_by_article_nonlinear_evolution_pps/powerspectrum/sim_power_data/new_PL_256_1024_snap0048.npz
256,PL,PL 256,0048,1.0717968601e+00,HMcode2020,1.5943235553e+00,4.5393379116e+01,4.0959621562e+01,1.1082470341e+00,1.0824703415e-01,/oss06/data/project/tkcastrosim/HNHuang/project_big_sim/analysis/_used_by_article_nonlinear_evolution_pps/powerspectrum/sim_power_data/new_PL_256_1024_snap0048.npz
256,PL,PL 256,0048,1.0717968601e+00,HMcode2020,1.8393490113e+00,3.8085276392e+01,3.4725451664e+01,1.0967539533e+00,9.6753953286e-02,/oss06/data/project/tkcastrosim/HNHuang/project_big_sim/analysis/_used_by_article_nonlinear_evolution_pps/powerspectrum/sim_power_data/new_PL_256_1024_snap0048.npz
256,PL,PL 256,0048,1.0717968601e+00,HMcode2020,2.1215528448e+00,3.1988654924e+01,2.9252485266e+01,1.0935363144e+00,9.3536314355e-02,/oss06/data/project/tkcastrosim/HNHuang/project_big_sim/analysis/_used_by_article_nonlinear_evolution_pps/powerspectrum/sim_power_data/new_PL_256_1024_snap0048.npz
256,PL,PL 256,0048,1.0717968601e+00,HMcode2020,2.4402500543e+00,2.6580563592e+01,2.4500096283e+01,1.0849166993e+00,8.4916699270e-02,/oss06/data/project/tkcastrosim/HNHuang/project_big_sim/analysis/_used_by_article_nonlinear_evolution_pps/powerspectrum/sim_power_data/new_PL_256_1024_snap0048.npz
256,PL,PL 256,0048,1.0717968601e+00,HMcode2020,2.8081075873e+00,2.1755989148e+01,2.0284983860e+01,1.0725169563e+00,7.2516956280e-02,/oss06/data/project/tkcastrosim/HNHuang/project_big_sim/analysis/_used_by_article_nonlinear_evolution_pps/powerspectrum/sim_power_data/new_PL_256_1024_snap0048.npz
256,PL,PL 256,0048,1.0717968601e+00,HMcode2020,3.2371187256e+00,1.7566993374e+01,1.6539988313e+01,1.0620922483e+00,6.2092248252e-02,/oss06/data/project/tkcastrosim/HNHuang/project_big_sim/analysis/_used_by_article_nonlinear_evolution_pps/powerspectrum/sim_power_data/new_PL_256_1024_snap0048.npz
256,PL,PL 256,0048,1.0717968601e+00,HMcode2020,3.7397863170e+00,1.3815997896e+01,1.3270343601e+01,1.0411183245e+00,4.1118324535e-02,/oss06/data/project/tkcastrosim/HNHuang/project_big_sim/analysis/_used_by_article_nonlinear_evolution_pps/powerspectrum/sim_power_data/new_PL_256_1024_snap0048.npz
256,PL,PL 256,0048,1.0717968601e+00,HMcode2020,4.3161639714e+00,1.0626257631e+01,1.0529423332e+01,1.0091965434e+00,9.1965434024e-03,/oss06/data/project/tkcastrosim/HNHuang/project_big_sim/analysis/_used_by_article_nonlinear_evolution_pps/powerspectrum/sim_power_data/new_PL_256_1024_snap0048.npz
256,PL,PL 256,0048,1.0717968601e+00,HMcode2020,4.9782192025e+00,8.0589171598e+00,8.2618897292e+00,9.7543267024e-01,-2.4567329756e-02,/oss06/data/project/tkcastrosim/HNHuang/project_big_sim/analysis/_used_by_article_nonlinear_evolution_pps/powerspectrum/sim_power_data/new_PL_256_1024_snap0048.npz
256,PL,PL 256,0048,1.0717968601e+00,HMcode2020,5.7385433480e+00,5.9750216557e+00,6.4211855836e+00,9.3051689254e-01,-6.9483107458e-02,/oss06/data/project/tkcastrosim/HNHuang/project_big_sim/analysis/_used_by_article_nonlinear_evolution_pps/powerspectrum/sim_power_data/new_PL_256_1024_snap0048.npz
256,PL,PL 256,0048,1.0717968601e+00,HMcode2020,6.6210990048e+00,4.3349359849e+00,4.9342233739e+00,8.7854473873e-01,-1.2145526127e-01,/oss06/data/project/tkcastrosim/HNHuang/project_big_sim/analysis/_used_by_article_nonlinear_evolution_pps/powerspectrum/sim_power_data/new_PL_256_1024_snap0048.npz
256,PL,PL 256,0048,1.0717968601e+00,HMcode2020,7.6390637084e+00,3.0615151385e+00,3.7577198897e+00,8.1472680995e-01,-1.8527319005e-01,/oss06/data/project/tkcastrosim/HNHuang/project_big_sim/analysis/_used_by_article_nonlinear_evolution_pps/powerspectrum/sim_power_data/new_PL_256_1024_snap0048.npz
256,PL,PL 256,0048,1.0717968601e+00,HMcode2020,8.8038234022e+00,2.1329351495e+00,2.8453091392e+00,7.4963212965e-01,-2.5036787035e-01,/oss06/data/project/tkcastrosim/HNHuang/project_big_sim/analysis/_used_by_article_nonlinear_evolution_pps/powerspectrum/sim_power_data/new_PL_256_1024_snap0048.npz
256,PL,PL 256,0048,1.0717968601e+00,HMcode2020,1.0152530119e+01,1.4645656645e+00,2.1357959561e+00,6.8572358721e-01,-3.1427641279e-01,/oss06/data/project/tkcastrosim/HNHuang/project_big_sim/analysis/_used_by_article_nonlinear_evolution_pps/powerspectrum/sim_power_data/new_PL_256_1024_snap0048.npz
256,PL,PL 256,0048,1.0717968601e+00,HMcode2020,1.1709742572e+01,1.0285122629e+00,1.5913978993e+00,6.4629484766e-01,-3.5370515234e-01,/oss06/data/project/tkcastrosim/HNHuang/project_big_sim/analysis/_used_by_article_nonlinear_evolution_pps/powerspectrum/sim_power_data/new_PL_256_1024_snap0048.npz
256,BTKP1,BT $k_p=1$ 256,0048,1.0717968601e+00,HMcode2020,3.1321246157e-02,6.8719763732e+03,6.4904598868e+03,1.0587811177e+00,5.8781117675e-02,/oss06/data/project/tkcastrosim/HNHuang/project_big_sim/analysis/_used_by_article_nonlinear_evolution_pps/powerspectrum/sim_power_data/bluetilted_kp1_ms1.5_256_snap0048.npz
256,BTKP1,BT $k_p=1$ 256,0048,1.0717968601e+00,HMcode2020,5.4752145346e-02,3.3601288069e+03,3.9691930888e+03,8.4655211569e-01,-1.5344788431e-01,/oss06/data/project/tkcastrosim/HNHuang/project_big_sim/analysis/_used_by_article_nonlinear_evolution_pps/powerspectrum/sim_power_data/bluetilted_kp1_ms1.5_256_snap0048.npz
256,BTKP1,BT $k_p=1$ 256,0048,1.0717968601e+00,HMcode2020,7.6923838852e-02,2.5944361540e+03,2.9925506630e+03,8.6696482240e-01,-1.3303517760e-01,/oss06/data/project/tkcastrosim/HNHuang/project_big_sim/analysis/_used_by_article_nonlinear_evolution_pps/powerspectrum/sim_power_data/bluetilted_kp1_ms1.5_256_snap0048.npz
256,BTKP1,BT $k_p=1$ 256,0048,1.0717968601e+00,HMcode2020,9.9661622308e-02,2.1639989168e+03,1.9595060927e+03,1.1043593714e+00,1.0435937143e-01,/oss06/data/project/tkcastrosim/HNHuang/project_big_sim/analysis/_used_by_article_nonlinear_evolution_pps/powerspectrum/sim_power_data/bluetilted_kp1_ms1.5_256_snap0048.npz
256,BTKP1,BT $k_p=1$ 256,0048,1.0717968601e+00,HMcode2020,1.2511351331e-01,1.6888556580e+03,1.4359925088e+03,1.1760894626e+00,1.7608946261e-01,/oss06/data/project/tkcastrosim/HNHuang/project_big_sim/analysis/_used_by_article_nonlinear_evolution_pps/powerspectrum/sim_power_data/bluetilted_kp1_ms1.5_256_snap0048.npz
256,BTKP1,BT $k_p=1$ 256,0048,1.0717968601e+00,HMcode2020,1.5025472413e-01,1.1630462537e+03,1.0908860653e+03,1.0661482355e+00,6.6148235528e-02,/oss06/data/project/tkcastrosim/HNHuang/project_big_sim/analysis/_used_by_article_nonlinear_evolution_pps/powerspectrum/sim_power_data/bluetilted_kp1_ms1.5_256_snap0048.npz
256,BTKP1,BT $k_p=1$ 256,0048,1.0717968601e+00,HMcode2020,1.7356669306e-01,9.0165362245e+02,8.3745414952e+02,1.0766602840e+00,7.6660283983e-02,/oss06/data/project/tkcastrosim/HNHuang/project_big_sim/analysis/_used_by_article_nonlinear_evolution_pps/powerspectrum/sim_power_data/bluetilted_kp1_ms1.5_256_snap0048.npz
256,BTKP1,BT $k_p=1$ 256,0048,1.0717968601e+00,HMcode2020,1.9696505611e-01,7.9318683985e+02,7.0184582666e+02,1.1301439856e+00,1.3014398564e-01,/oss06/data/project/tkcastrosim/HNHuang/project_big_sim/analysis/_used_by_article_nonlinear_evolution_pps/powerspectrum/sim_power_data/bluetilted_kp1_ms1.5_256_snap0048.npz
256,BTKP1,BT $k_p=1$ 256,0048,1.0717968601e+00,HMcode2020,2.2230178206e-01,6.7096108301e+02,5.6377318608e+02,1.1901259222e+00,1.9012592221e-01,/oss06/data/project/tkcastrosim/HNHuang/project_big_sim/analysis/_used_by_article_nonlinear_evolution_pps/powerspectrum/sim_power_data/bluetilted_kp1_ms1.5_256_snap0048.npz
256,BTKP1,BT $k_p=1$ 256,0048,1.0717968601e+00,HMcode2020,2.4772821385e-01,5.1342792373e+02,4.7340658575e+02,1.0845390393e+00,8.4539039337e-02,/oss06/data/project/tkcastrosim/HNHuang/project_big_sim/analysis/_used_by_article_nonlinear_evolution_pps/powerspectrum/sim_power_data/bluetilted_kp1_ms1.5_256_snap0048.npz
256,BTKP1,BT $k_p=1$ 256,0048,1.0717968601e+00,HMcode2020,2.8311259379e-01,4.5165153390e+02,3.7852872933e+02,1.1931763666e+00,1.9317636658e-01,/oss06/data/project/tkcastrosim/HNHuang/project_big_sim/analysis/_used_by_article_nonlinear_evolution_pps/powerspectrum/sim_power_data/bluetilted_kp1_ms1.5_256_snap0048.npz
256,BTKP1,BT $k_p=1$ 256,0048,1.0717968601e+00,HMcode2020,3.3231811963e-01,3.3525367655e+02,2.9101974797e+02,1.1519963126e+00,1.5199631259e-01,/oss06/data/project/tkcastrosim/HNHuang/project_big_sim/analysis/_used_by_article_nonlinear_evolution_pps/powerspectrum/sim_power_data/bluetilted_kp1_ms1.5_256_snap0048.npz
256,BTKP1,BT $k_p=1$ 256,0048,1.0717968601e+00,HMcode2020,3.8049456271e-01,2.7632349903e+02,2.3353780022e+02,1.1832067390e+00,1.8320673898e-01,/oss06/data/project/tkcastrosim/HNHuang/project_big_sim/analysis/_used_by_article_nonlinear_evolution_pps/powerspectrum/sim_power_data/bluetilted_kp1_ms1.5_256_snap0048.npz
256,BTKP1,BT $k_p=1$ 256,0048,1.0717968601e+00,HMcode2020,4.4231696955e-01,2.1926090250e+02,1.8403785148e+02,1.1913902534e+00,1.9139025335e-01,/oss06/data/project/tkcastrosim/HNHuang/project_big_sim/analysis/_used_by_article_nonlinear_evolution_pps/powerspectrum/sim_power_data/bluetilted_kp1_ms1.5_256_snap0048.npz
256,BTKP1,BT $k_p=1$ 256,0048,1.0717968601e+00,HMcode2020,5.1573074217e-01,1.7519875373e+02,1.4569495670e+02,1.2025039006e+00,2.0250390063e-01,/oss06/data/project/tkcastrosim/HNHuang/project_big_sim/analysis/_used_by_article_nonlinear_evolution_pps/powerspectrum/sim_power_data/bluetilted_kp1_ms1.5_256_snap0048.npz
256,BTKP1,BT $k_p=1$ 256,0048,1.0717968601e+00,HMcode2020,5.8908320202e-01,1.4143825747e+02,1.2008564247e+02,1.1778115565e+00,1.7781155648e-01,/oss06/data/project/tkcastrosim/HNHuang/project_big_sim/analysis/_used_by_article_nonlinear_evolution_pps/powerspectrum/sim_power_data/bluetilted_kp1_ms1.5_256_snap0048.npz
256,BTKP1,BT $k_p=1$ 256,0048,1.0717968601e+00,HMcode2020,6.7509441259e-01,1.2083451438e+02,9.9587472069e+01,1.2133505537e+00,2.1335055370e-01,/oss06/data/project/tkcastrosim/HNHuang/project_big_sim/analysis/_used_by_article_nonlinear_evolution_pps/powerspectrum/sim_power_data/bluetilted_kp1_ms1.5_256_snap0048.npz
256,BTKP1,BT $k_p=1$ 256,0048,1.0717968601e+00,HMcode2020,7.7305003115e-01,1.0120725609e+02,8.3681968567e+01,1.2094272855e+00,2.0942728550e-01,/oss06/data/project/tkcastrosim/HNHuang/project_big_sim/analysis/_used_by_article_nonlinear_evolution_pps/powerspectrum/sim_power_data/bluetilted_kp1_ms1.5_256_snap0048.npz
256,BTKP1,BT $k_p=1$ 256,0048,1.0717968601e+00,HMcode2020,8.9529144402e-01,8.5733674993e+01,7.0407818285e+01,1.2176726546e+00,2.1767265457e-01,/oss06/data/project/tkcastrosim/HNHuang/project_big_sim/analysis/_used_by_article_nonlinear_evolution_pps/powerspectrum/sim_power_data/bluetilted_kp1_ms1.5_256_snap0048.npz
256,BTKP1,BT $k_p=1$ 256,0048,1.0717968601e+00,HMcode2020,1.0426575900e+00,7.2774746089e+01,5.9821218058e+01,1.2165373500e+00,2.1653734998e-01,/oss06/data/project/tkcastrosim/HNHuang/project_big_sim/analysis/_used_by_article_nonlinear_evolution_pps/powerspectrum/sim_power_data/bluetilted_kp1_ms1.5_256_snap0048.npz
256,BTKP1,BT $k_p=1$ 256,0048,1.0717968601e+00,HMcode2020,1.2019428034e+00,6.2118112141e+01,5.1949015591e+01,1.1957514774e+00,1.9575147736e-01,/oss06/data/project/tkcastrosim/HNHuang/project_big_sim/analysis/_used_by_article_nonlinear_evolution_pps/powerspectrum/sim_power_data/bluetilted_kp1_ms1.5_256_snap0048.npz
256,BTKP1,BT $k_p=1$ 256,0048,1.0717968601e+00,HMcode2020,1.3858629103e+00,5.2320974979e+01,4.5314676589e+01,1.1546143306e+00,1.5461433064e-01,/oss06/data/project/tkcastrosim/HNHuang/project_big_sim/analysis/_used_by_article_nonlinear_evolution_pps/powerspectrum/sim_power_data/bluetilted_kp1_ms1.5_256_snap0048.npz
256,BTKP1,BT $k_p=1$ 256,0048,1.0717968601e+00,HMcode2020,1.5943235553e+00,4.5470697375e+01,3.9567318974e+01,1.1491983423e+00,1.4919834231e-01,/oss06/data/project/tkcastrosim/HNHuang/project_big_sim/analysis/_used_by_article_nonlinear_evolution_pps/powerspectrum/sim_power_data/bluetilted_kp1_ms1.5_256_snap0048.npz
256,BTKP1,BT $k_p=1$ 256,0048,1.0717968601e+00,HMcode2020,1.8393490113e+00,3.8289104848e+01,3.4264419381e+01,1.1174596138e+00,1.1745961380e-01,/oss06/data/project/tkcastrosim/HNHuang/project_big_sim/analysis/_used_by_article_nonlinear_evolution_pps/powerspectrum/sim_power_data/bluetilted_kp1_ms1.5_256_snap0048.npz
256,BTKP1,BT $k_p=1$ 256,0048,1.0717968601e+00,HMcode2020,2.1215528448e+00,3.2276447560e+01,2.9413419326e+01,1.0973374840e+00,9.7337484031e-02,/oss06/data/project/tkcastrosim/HNHuang/project_big_sim/analysis/_used_by_article_nonlinear_evolution_pps/powerspectrum/sim_power_data/bluetilted_kp1_ms1.5_256_snap0048.npz
256,BTKP1,BT $k_p=1$ 256,0048,1.0717968601e+00,HMcode2020,2.4402500543e+00,2.6970453021e+01,2.4993417737e+01,1.0791022382e+00,7.9102238228e-02,/oss06/data/project/tkcastrosim/HNHuang/project_big_sim/analysis/_used_by_article_nonlinear_evolution_pps/powerspectrum/sim_power_data/bluetilted_kp1_ms1.5_256_snap0048.npz
256,BTKP1,BT $k_p=1$ 256,0048,1.0717968601e+00,HMcode2020,2.8081075873e+00,2.2206978050e+01,2.1029681643e+01,1.0559826072e+00,5.5982607197e-02,/oss06/data/project/tkcastrosim/HNHuang/project_big_sim/analysis/_used_by_article_nonlinear_evolution_pps/powerspectrum/sim_power_data/bluetilted_kp1_ms1.5_256_snap0048.npz
256,BTKP1,BT $k_p=1$ 256,0048,1.0717968601e+00,HMcode2020,3.2371187256e+00,1.8057467597e+01,1.7421117833e+01,1.0365274932e+00,3.6527493243e-02,/oss06/data/project/tkcastrosim/HNHuang/project_big_sim/analysis/_used_by_article_nonlinear_evolution_pps/powerspectrum/sim_power_data/bluetilted_kp1_ms1.5_256_snap0048.npz
256,BTKP1,BT $k_p=1$ 256,0048,1.0717968601e+00,HMcode2020,3.7397863170e+00,1.4320161020e+01,1.4208012384e+01,1.0078933374e+00,7.8933373939e-03,/oss06/data/project/tkcastrosim/HNHuang/project_big_sim/analysis/_used_by_article_nonlinear_evolution_pps/powerspectrum/sim_power_data/bluetilted_kp1_ms1.5_256_snap0048.npz
256,BTKP1,BT $k_p=1$ 256,0048,1.0717968601e+00,HMcode2020,4.3161639714e+00,1.1122015340e+01,1.1468260202e+01,9.6980842297e-01,-3.0191577026e-02,/oss06/data/project/tkcastrosim/HNHuang/project_big_sim/analysis/_used_by_article_nonlinear_evolution_pps/powerspectrum/sim_power_data/bluetilted_kp1_ms1.5_256_snap0048.npz
256,BTKP1,BT $k_p=1$ 256,0048,1.0717968601e+00,HMcode2020,4.9782192025e+00,8.5319431683e+00,9.1668312110e+00,9.3074072948e-01,-6.9259270522e-02,/oss06/data/project/tkcastrosim/HNHuang/project_big_sim/analysis/_used_by_article_nonlinear_evolution_pps/powerspectrum/sim_power_data/bluetilted_kp1_ms1.5_256_snap0048.npz
256,BTKP1,BT $k_p=1$ 256,0048,1.0717968601e+00,HMcode2020,5.7385433480e+00,6.4243093162e+00,7.2701333295e+00,8.8365770270e-01,-1.1634229730e-01,/oss06/data/project/tkcastrosim/HNHuang/project_big_sim/analysis/_used_by_article_nonlinear_evolution_pps/powerspectrum/sim_power_data/bluetilted_kp1_ms1.5_256_snap0048.npz
256,BTKP1,BT $k_p=1$ 256,0048,1.0717968601e+00,HMcode2020,6.6210990048e+00,4.7435643700e+00,5.7129583911e+00,8.3031663198e-01,-1.6968336802e-01,/oss06/data/project/tkcastrosim/HNHuang/project_big_sim/analysis/_used_by_article_nonlinear_evolution_pps/powerspectrum/sim_power_data/bluetilted_kp1_ms1.5_256_snap0048.npz
256,BTKP1,BT $k_p=1$ 256,0048,1.0717968601e+00,HMcode2020,7.6390637084e+00,3.4154165605e+00,4.4582677755e+00,7.6608600750e-01,-2.3391399250e-01,/oss06/data/project/tkcastrosim/HNHuang/project_big_sim/analysis/_used_by_article_nonlinear_evolution_pps/powerspectrum/sim_power_data/bluetilted_kp1_ms1.5_256_snap0048.npz
256,BTKP1,BT $k_p=1$ 256,0048,1.0717968601e+00,HMcode2020,8.8038234022e+00,2.4323367597e+00,3.4646785690e+00,7.0203821544e-01,-2.9796178456e-01,/oss06/data/project/tkcastrosim/HNHuang/project_big_sim/analysis/_used_by_article_nonlinear_evolution_pps/powerspectrum/sim_power_data/bluetilted_kp1_ms1.5_256_snap0048.npz
256,BTKP1,BT $k_p=1$ 256,0048,1.0717968601e+00,HMcode2020,1.0152530119e+01,1.7113566087e+00,2.6740438447e+00,6.3998823806e-01,-3.6001176194e-01,/oss06/data/project/tkcastrosim/HNHuang/project_big_sim/analysis/_used_by_article_nonlinear_evolution_pps/powerspectrum/sim_power_data/bluetilted_kp1_ms1.5_256_snap0048.npz
256,BTKP1,BT $k_p=1$ 256,0048,1.0717968601e+00,HMcode2020,1.1709742572e+01,1.2321728175e+00,2.0521664264e+00,6.0042538542e-01,-3.9957461458e-01,/oss06/data/project/tkcastrosim/HNHuang/project_big_sim/analysis/_used_by_article_nonlinear_evolution_pps/powerspectrum/sim_power_data/bluetilted_kp1_ms1.5_256_snap0048.npz
256,BTKP10,BT $k_p=10$ 256,0048,1.0717968601e+00,HMcode2020,3.1321246157e-02,6.8742125107e+03,6.4977864925e+03,1.0579314231e+00,5.7931423054e-02,/oss06/data/project/tkcastrosim/HNHuang/project_big_sim/analysis/_used_by_article_nonlinear_evolution_pps/powerspectrum/sim_power_data/bluetilted_kp10_ms1.5_256_snap0048.npz
256,BTKP10,BT $k_p=10$ 256,0048,1.0717968601e+00,HMcode2020,5.4752145346e-02,3.3614595421e+03,3.9912899614e+03,8.4219878150e-01,-1.5780121850e-01,/oss06/data/project/tkcastrosim/HNHuang/project_big_sim/analysis/_used_by_article_nonlinear_evolution_pps/powerspectrum/sim_power_data/bluetilted_kp10_ms1.5_256_snap0048.npz
256,BTKP10,BT $k_p=10$ 256,0048,1.0717968601e+00,HMcode2020,7.6923838852e-02,2.5956607755e+03,3.0327411716e+03,8.5587942675e-01,-1.4412057325e-01,/oss06/data/project/tkcastrosim/HNHuang/project_big_sim/analysis/_used_by_article_nonlinear_evolution_pps/powerspectrum/sim_power_data/bluetilted_kp10_ms1.5_256_snap0048.npz
256,BTKP10,BT $k_p=10$ 256,0048,1.0717968601e+00,HMcode2020,9.9661622308e-02,2.1652352393e+03,2.0107190115e+03,1.0768462560e+00,7.6846255956e-02,/oss06/data/project/tkcastrosim/HNHuang/project_big_sim/analysis/_used_by_article_nonlinear_evolution_pps/powerspectrum/sim_power_data/bluetilted_kp10_ms1.5_256_snap0048.npz
256,BTKP10,BT $k_p=10$ 256,0048,1.0717968601e+00,HMcode2020,1.2511351331e-01,1.6901326247e+03,1.4938774092e+03,1.1313730393e+00,1.3137303927e-01,/oss06/data/project/tkcastrosim/HNHuang/project_big_sim/analysis/_used_by_article_nonlinear_evolution_pps/powerspectrum/sim_power_data/bluetilted_kp10_ms1.5_256_snap0048.npz
256,BTKP10,BT $k_p=10$ 256,0048,1.0717968601e+00,HMcode2020,1.5025472413e-01,1.1640949257e+03,1.1486714452e+03,1.0134272342e+00,1.3427234244e-02,/oss06/data/project/tkcastrosim/HNHuang/project_big_sim/analysis/_used_by_article_nonlinear_evolution_pps/powerspectrum/sim_power_data/bluetilted_kp10_ms1.5_256_snap0048.npz
256,BTKP10,BT $k_p=10$ 256,0048,1.0717968601e+00,HMcode2020,1.7356669306e-01,9.0262827432e+02,8.9110096467e+02,1.0129360309e+00,1.2936030942e-02,/oss06/data/project/tkcastrosim/HNHuang/project_big_sim/analysis/_used_by_article_nonlinear_evolution_pps/powerspectrum/sim_power_data/bluetilted_kp10_ms1.5_256_snap0048.npz
256,BTKP10,BT $k_p=10$ 256,0048,1.0717968601e+00,HMcode2020,1.9696505611e-01,7.9418790462e+02,7.5254678308e+02,1.0553335985e+00,5.5333598491e-02,/oss06/data/project/tkcastrosim/HNHuang/project_big_sim/analysis/_used_by_article_nonlinear_evolution_pps/powerspectrum/sim_power_data/bluetilted_kp10_ms1.5_256_snap0048.npz
256,BTKP10,BT $k_p=10$ 256,0048,1.0717968601e+00,HMcode2020,2.2230178206e-01,6.7200269560e+02,6.0964994882e+02,1.1022763094e+00,1.0227630938e-01,/oss06/data/project/tkcastrosim/HNHuang/project_big_sim/analysis/_used_by_article_nonlinear_evolution_pps/powerspectrum/sim_power_data/bluetilted_kp10_ms1.5_256_snap0048.npz
256,BTKP10,BT $k_p=10$ 256,0048,1.0717968601e+00,HMcode2020,2.4772821385e-01,5.1437050663e+02,5.1550931017e+02,9.9779091568e-01,-2.2090843181e-03,/oss06/data/project/tkcastrosim/HNHuang/project_big_sim/analysis/_used_by_article_nonlinear_evolution_pps/powerspectrum/sim_power_data/bluetilted_kp10_ms1.5_256_snap0048.npz
256,BTKP10,BT $k_p=10$ 256,0048,1.0717968601e+00,HMcode2020,2.8311259379e-01,4.5267901077e+02,4.1582342532e+02,1.0886327783e+00,8.8632778261e-02,/oss06/data/project/tkcastrosim/HNHuang/project_big_sim/analysis/_used_by_article_nonlinear_evolution_pps/powerspectrum/sim_power_data/bluetilted_kp10_ms1.5_256_snap0048.npz
256,BTKP10,BT $k_p=10$ 256,0048,1.0717968601e+00,HMcode2020,3.3231811963e-01,3.3622493810e+02,3.2298657077e+02,1.0409873615e+00,4.0987361484e-02,/oss06/data/project/tkcastrosim/HNHuang/project_big_sim/analysis/_used_by_article_nonlinear_evolution_pps/powerspectrum/sim_power_data/bluetilted_kp10_ms1.5_256_snap0048.npz
256,BTKP10,BT $k_p=10$ 256,0048,1.0717968601e+00,HMcode2020,3.8049456271e-01,2.7726980036e+02,2.6136137982e+02,1.0608675258e+00,6.0867525850e-02,/oss06/data/project/tkcastrosim/HNHuang/project_big_sim/analysis/_used_by_article_nonlinear_evolution_pps/powerspectrum/sim_power_data/bluetilted_kp10_ms1.5_256_snap0048.npz
256,BTKP10,BT $k_p=10$ 256,0048,1.0717968601e+00,HMcode2020,4.4231696955e-01,2.2022990302e+02,2.0772103923e+02,1.0602195321e+00,6.0219532129e-02,/oss06/data/project/tkcastrosim/HNHuang/project_big_sim/analysis/_used_by_article_nonlinear_evolution_pps/powerspectrum/sim_power_data/bluetilted_kp10_ms1.5_256_snap0048.npz
256,BTKP10,BT $k_p=10$ 256,0048,1.0717968601e+00,HMcode2020,5.1573074217e-01,1.7615146621e+02,1.6564668723e+02,1.0634167767e+00,6.3416776739e-02,/oss06/data/project/tkcastrosim/HNHuang/project_big_sim/analysis/_used_by_article_nonlinear_evolution_pps/powerspectrum/sim_power_data/bluetilted_kp10_ms1.5_256_snap0048.npz
256,BTKP10,BT $k_p=10$ 256,0048,1.0717968601e+00,HMcode2020,5.8908320202e-01,1.4236633802e+02,1.3715478276e+02,1.0379976196e+00,3.7997619561e-02,/oss06/data/project/tkcastrosim/HNHuang/project_big_sim/analysis/_used_by_article_nonlinear_evolution_pps/powerspectrum/sim_power_data/bluetilted_kp10_ms1.5_256_snap0048.npz
256,BTKP10,BT $k_p=10$ 256,0048,1.0717968601e+00,HMcode2020,6.7509441259e-01,1.2178311224e+02,1.1394465174e+02,1.0687918246e+00,6.8791824612e-02,/oss06/data/project/tkcastrosim/HNHuang/project_big_sim/analysis/_used_by_article_nonlinear_evolution_pps/powerspectrum/sim_power_data/bluetilted_kp10_ms1.5_256_snap0048.npz
256,BTKP10,BT $k_p=10$ 256,0048,1.0717968601e+00,HMcode2020,7.7305003115e-01,1.0210585118e+02,9.5502915970e+01,1.0691385718e+00,6.9138571778e-02,/oss06/data/project/tkcastrosim/HNHuang/project_big_sim/analysis/_used_by_article_nonlinear_evolution_pps/powerspectrum/sim_power_data/bluetilted_kp10_ms1.5_256_snap0048.npz
256,BTKP10,BT $k_p=10$ 256,0048,1.0717968601e+00,HMcode2020,8.9529144402e-01,8.6522630557e+01,7.9570263100e+01,1.0873739408e+00,8.7373940803e-02,/oss06/data/project/tkcastrosim/HNHuang/project_big_sim/analysis/_used_by_article_nonlinear_evolution_pps/powerspectrum/sim_power_data/bluetilted_kp10_ms1.5_256_snap0048.npz
256,BTKP10,BT $k_p=10$ 256,0048,1.0717968601e+00,HMcode2020,1.0426575900e+00,7.3330008169e+01,6.6380064172e+01,1.1046992660e+00,1.0469926602e-01,/oss06/data/project/tkcastrosim/HNHuang/project_big_sim/analysis/_used_by_article_nonlinear_evolution_pps/powerspectrum/sim_power_data/bluetilted_kp10_ms1.5_256_snap0048.npz
256,BTKP10,BT $k_p=10$ 256,0048,1.0717968601e+00,HMcode2020,1.2019428034e+00,6.2424499987e+01,5.6364791655e+01,1.1075087507e+00,1.0750875066e-01,/oss06/data/project/tkcastrosim/HNHuang/project_big_sim/analysis/_used_by_article_nonlinear_evolution_pps/powerspectrum/sim_power_data/bluetilted_kp10_ms1.5_256_snap0048.npz
256,BTKP10,BT $k_p=10$ 256,0048,1.0717968601e+00,HMcode2020,1.3858629103e+00,5.2421585457e+01,4.7986087503e+01,1.0924329985e+00,9.2432998487e-02,/oss06/data/project/tkcastrosim/HNHuang/project_big_sim/analysis/_used_by_article_nonlinear_evolution_pps/powerspectrum/sim_power_data/bluetilted_kp10_ms1.5_256_snap0048.npz
256,BTKP10,BT $k_p=10$ 256,0048,1.0717968601e+00,HMcode2020,1.5943235553e+00,4.5393939232e+01,4.0950284999e+01,1.1085133897e+00,1.0851338966e-01,/oss06/data/project/tkcastrosim/HNHuang/project_big_sim/analysis/_used_by_article_nonlinear_evolution_pps/powerspectrum/sim_power_data/bluetilted_kp10_ms1.5_256_snap0048.npz
256,BTKP10,BT $k_p=10$ 256,0048,1.0717968601e+00,HMcode2020,1.8393490113e+00,3.8085106574e+01,3.4718012268e+01,1.0969840750e+00,9.6984075021e-02,/oss06/data/project/tkcastrosim/HNHuang/project_big_sim/analysis/_used_by_article_nonlinear_evolution_pps/powerspectrum/sim_power_data/bluetilted_kp10_ms1.5_256_snap0048.npz
256,BTKP10,BT $k_p=10$ 256,0048,1.0717968601e+00,HMcode2020,2.1215528448e+00,3.1989323787e+01,2.9246648347e+01,1.0937774273e+00,9.3777427320e-02,/oss06/data/project/tkcastrosim/HNHuang/project_big_sim/analysis/_used_by_article_nonlinear_evolution_pps/powerspectrum/sim_power_data/bluetilted_kp10_ms1.5_256_snap0048.npz
256,BTKP10,BT $k_p=10$ 256,0048,1.0717968601e+00,HMcode2020,2.4402500543e+00,2.6580811907e+01,2.4495576626e+01,1.0851270134e+00,8.5127013432e-02,/oss06/data/project/tkcastrosim/HNHuang/project_big_sim/analysis/_used_by_article_nonlinear_evolution_pps/powerspectrum/sim_power_data/bluetilted_kp10_ms1.5_256_snap0048.npz
256,BTKP10,BT $k_p=10$ 256,0048,1.0717968601e+00,HMcode2020,2.8081075873e+00,2.1756933467e+01,2.0281560896e+01,1.0727445278e+00,7.2744527844e-02,/oss06/data/project/tkcastrosim/HNHuang/project_big_sim/analysis/_used_by_article_nonlinear_evolution_pps/powerspectrum/sim_power_data/bluetilted_kp10_ms1.5_256_snap0048.npz
256,BTKP10,BT $k_p=10$ 256,0048,1.0717968601e+00,HMcode2020,3.2371187256e+00,1.7566925008e+01,1.6537475482e+01,1.0622494967e+00,6.2249496735e-02,/oss06/data/project/tkcastrosim/HNHuang/project_big_sim/analysis/_used_by_article_nonlinear_evolution_pps/powerspectrum/sim_power_data/bluetilted_kp10_ms1.5_256_snap0048.npz
256,BTKP10,BT $k_p=10$ 256,0048,1.0717968601e+00,HMcode2020,3.7397863170e+00,1.3815937235e+01,1.3268573456e+01,1.0412526472e+00,4.1252647161e-02,/oss06/data/project/tkcastrosim/HNHuang/project_big_sim/analysis/_used_by_article_nonlinear_evolution_pps/powerspectrum/sim_power_data/bluetilted_kp10_ms1.5_256_snap0048.npz
256,BTKP10,BT $k_p=10$ 256,0048,1.0717968601e+00,HMcode2020,4.3161639714e+00,1.0625882989e+01,1.0528237538e+01,1.0092746247e+00,9.2746246586e-03,/oss06/data/project/tkcastrosim/HNHuang/project_big_sim/analysis/_used_by_article_nonlinear_evolution_pps/powerspectrum/sim_power_data/bluetilted_kp10_ms1.5_256_snap0048.npz
256,BTKP10,BT $k_p=10$ 256,0048,1.0717968601e+00,HMcode2020,4.9782192025e+00,8.0588495693e+00,8.2611624192e+00,9.7551036530e-01,-2.4489634705e-02,/oss06/data/project/tkcastrosim/HNHuang/project_big_sim/analysis/_used_by_article_nonlinear_evolution_pps/powerspectrum/sim_power_data/bluetilted_kp10_ms1.5_256_snap0048.npz
256,BTKP10,BT $k_p=10$ 256,0048,1.0717968601e+00,HMcode2020,5.7385433480e+00,5.9752650907e+00,6.4208133957e+00,9.3060874416e-01,-6.9391255837e-02,/oss06/data/project/tkcastrosim/HNHuang/project_big_sim/analysis/_used_by_article_nonlinear_evolution_pps/powerspectrum/sim_power_data/bluetilted_kp10_ms1.5_256_snap0048.npz
256,BTKP10,BT $k_p=10$ 256,0048,1.0717968601e+00,HMcode2020,6.6210990048e+00,4.3348422298e+00,4.9341271032e+00,8.7854287884e-01,-1.2145712116e-01,/oss06/data/project/tkcastrosim/HNHuang/project_big_sim/analysis/_used_by_article_nonlinear_evolution_pps/powerspectrum/sim_power_data/bluetilted_kp10_ms1.5_256_snap0048.npz
256,BTKP10,BT $k_p=10$ 256,0048,1.0717968601e+00,HMcode2020,7.6390637084e+00,3.0620486633e+00,3.7578363514e+00,8.1484353680e-01,-1.8515646320e-01,/oss06/data/project/tkcastrosim/HNHuang/project_big_sim/analysis/_used_by_article_nonlinear_evolution_pps/powerspectrum/sim_power_data/bluetilted_kp10_ms1.5_256_snap0048.npz
256,BTKP10,BT $k_p=10$ 256,0048,1.0717968601e+00,HMcode2020,8.8038234022e+00,2.1333499188e+00,2.8455856732e+00,7.4970503924e-01,-2.5029496076e-01,/oss06/data/project/tkcastrosim/HNHuang/project_big_sim/analysis/_used_by_article_nonlinear_evolution_pps/powerspectrum/sim_power_data/bluetilted_kp10_ms1.5_256_snap0048.npz
256,BTKP10,BT $k_p=10$ 256,0048,1.0717968601e+00,HMcode2020,1.0152530119e+01,1.4646542533e+00,2.1385600924e+00,6.8487869874e-01,-3.1512130126e-01,/oss06/data/project/tkcastrosim/HNHuang/project_big_sim/analysis/_used_by_article_nonlinear_evolution_pps/powerspectrum/sim_power_data/bluetilted_kp10_ms1.5_256_snap0048.npz
256,BTKP10,BT $k_p=10$ 256,0048,1.0717968601e+00,HMcode2020,1.1709742572e+01,1.0290418904e+00,1.6056840618e+00,6.4087445026e-01,-3.5912554974e-01,/oss06/data/project/tkcastrosim/HNHuang/project_big_sim/analysis/_used_by_article_nonlinear_evolution_pps/powerspectrum/sim_power_data/bluetilted_kp10_ms1.5_256_snap0048.npz
25,PL,PL 25,0040,3.4410805658e+00,HMcode2020,3.2072956064e-01,6.5151317460e+01,6.7215719913e+01,9.6928691003e-01,-3.0713089972e-02,/oss06/data/project/tkcastrosim/HNHuang/project_big_sim/analysis/_used_by_article_nonlinear_evolution_pps/powerspectrum/sim_power_data/cdm_25_snap0040.npz
25,PL,PL 25,0040,3.4410805658e+00,HMcode2020,5.6066196834e-01,1.9050345158e+01,2.3011429475e+01,8.2786448268e-01,-1.7213551732e-01,/oss06/data/project/tkcastrosim/HNHuang/project_big_sim/analysis/_used_by_article_nonlinear_evolution_pps/powerspectrum/sim_power_data/cdm_25_snap0040.npz
25,PL,PL 25,0040,3.4410805658e+00,HMcode2020,7.8770010985e-01,9.7278534321e+00,1.2030076783e+01,8.0862770932e-01,-1.9137229068e-01,/oss06/data/project/tkcastrosim/HNHuang/project_big_sim/analysis/_used_by_article_nonlinear_evolution_pps/powerspectrum/sim_power_data/cdm_25_snap0040.npz
25,PL,PL 25,0040,3.4410805658e+00,HMcode2020,1.0205350124e+00,6.8004521659e+00,7.4450962331e+00,9.1341360178e-01,-8.6586398223e-02,/oss06/data/project/tkcastrosim/HNHuang/project_big_sim/analysis/_used_by_article_nonlinear_evolution_pps/powerspectrum/sim_power_data/cdm_25_snap0040.npz
25,PL,PL 25,0040,3.4410805658e+00,HMcode2020,1.2811623763e+00,4.9297794769e+00,4.9675363479e+00,9.9239927635e-01,-7.6007236482e-03,/oss06/data/project/tkcastrosim/HNHuang/project_big_sim/analysis/_used_by_article_nonlinear_evolution_pps/powerspectrum/sim_power_data/cdm_25_snap0040.npz
25,PL,PL 25,0040,3.4410805658e+00,HMcode2020,1.5386083751e+00,3.0764234345e+00,3.6390280681e+00,8.4539700627e-01,-1.5460299373e-01,/oss06/data/project/tkcastrosim/HNHuang/project_big_sim/analysis/_used_by_article_nonlinear_evolution_pps/powerspectrum/sim_power_data/cdm_25_snap0040.npz
25,PL,PL 25,0040,3.4410805658e+00,HMcode2020,1.7773229369e+00,2.6236831194e+00,2.8783128124e+00,9.1153508686e-01,-8.8464913143e-02,/oss06/data/project/tkcastrosim/HNHuang/project_big_sim/analysis/_used_by_article_nonlinear_evolution_pps/powerspectrum/sim_power_data/cdm_25_snap0040.npz
25,PL,PL 25,0040,3.4410805658e+00,HMcode2020,2.0169221746e+00,2.1602802270e+00,2.3617121170e+00,9.1470938029e-01,-8.5290619706e-02,/oss06/data/project/tkcastrosim/HNHuang/project_big_sim/analysis/_used_by_article_nonlinear_evolution_pps/powerspectrum/sim_power_data/cdm_25_snap0040.npz
25,PL,PL 25,0040,3.4410805658e+00,HMcode2020,2.2763702483e+00,1.7406273423e+00,1.9682545969e+00,8.8435070598e-01,-1.1564929402e-01,/oss06/data/project/tkcastrosim/HNHuang/project_big_sim/analysis/_used_by_article_nonlinear_evolution_pps/powerspectrum/sim_power_data/cdm_25_snap0040.npz
25,PL,PL 25,0040,3.4410805658e+00,HMcode2020,2.5367369098e+00,1.4710186465e+00,1.6814850005e+00,8.7483304701e-01,-1.2516695299e-01,/oss06/data/project/tkcastrosim/HNHuang/project_big_sim/analysis/_used_by_article_nonlinear_evolution_pps/powerspectrum/sim_power_data/cdm_25_snap0040.npz
25,PL,PL 25,0040,3.4410805658e+00,HMcode2020,2.8990729604e+00,1.1979988784e+00,1.3934280539e+00,8.5974936063e-01,-1.4025063937e-01,/oss06/data/project/tkcastrosim/HNHuang/project_big_sim/analysis/_used_by_article_nonlinear_evolution_pps/powerspectrum/sim_power_data/cdm_25_snap0040.npz
25,PL,PL 25,0040,3.4410805658e+00,HMcode2020,3.4029375450e+00,9.2807338360e-01,1.1204229918e+00,8.2832411540e-01,-1.7167588460e-01,/oss06/data/project/tkcastrosim/HNHuang/project_big_sim/analysis/_used_by_article_nonlinear_evolution_pps/powerspectrum/sim_power_data/cdm_25_snap0040.npz
25,PL,PL 25,0040,3.4410805658e+00,HMcode2020,3.8962643222e+00,7.6955115265e-01,9.3596049147e-01,8.2220474011e-01,-1.7779525989e-01,/oss06/data/project/tkcastrosim/HNHuang/project_big_sim/analysis/_used_by_article_nonlinear_evolution_pps/powerspectrum/sim_power_data/cdm_25_snap0040.npz
25,PL,PL 25,0040,3.4410805658e+00,HMcode2020,4.5293257682e+00,6.4176705521e-01,7.6780980153e-01,8.3584118611e-01,-1.6415881389e-01,/oss06/data/project/tkcastrosim/HNHuang/project_big_sim/analysis/_used_by_article_nonlinear_evolution_pps/powerspectrum/sim_power_data/cdm_25_snap0040.npz
25,PL,PL 25,0040,3.4410805658e+00,HMcode2020,5.2810827998e+00,5.1818471434e-01,6.2675780032e-01,8.2677026767e-01,-1.7322973233e-01,/oss06/data/project/tkcastrosim/HNHuang/project_big_sim/analysis/_used_by_article_nonlinear_evolution_pps/powerspectrum/sim_power_data/cdm_25_snap0040.npz
25,PL,PL 25,0040,3.4410805658e+00,HMcode2020,6.0322119887e+00,4.3588866791e-01,5.2405239081e-01,8.3176544091e-01,-1.6823455909e-01,/oss06/data/project/tkcastrosim/HNHuang/project_big_sim/analysis/_used_by_article_nonlinear_evolution_pps/powerspectrum/sim_power_data/cdm_25_snap0040.npz
25,PL,PL 25,0040,3.4410805658e+00,HMcode2020,6.9129667849e+00,3.7006953657e-01,4.3402640852e-01,8.5264290214e-01,-1.4735709786e-01,/oss06/data/project/tkcastrosim/HNHuang/project_big_sim/analysis/_used_by_article_nonlinear_evolution_pps/powerspectrum/sim_power_data/cdm_25_snap0040.npz
25,PL,PL 25,0040,3.4410805658e+00,HMcode2020,7.9160323189e+00,3.0021984088e-01,3.5751926450e-01,8.3973052837e-01,-1.6026947163e-01,/oss06/data/project/tkcastrosim/HNHuang/project_big_sim/analysis/_used_by_article_nonlinear_evolution_pps/powerspectrum/sim_power_data/cdm_25_snap0040.npz
25,PL,PL 25,0040,3.4410805658e+00,HMcode2020,9.1677843868e+00,2.5093590605e-01,2.8731126992e-01,8.7339388434e-01,-1.2660611566e-01,/oss06/data/project/tkcastrosim/HNHuang/project_big_sim/analysis/_used_by_article_nonlinear_evolution_pps/powerspectrum/sim_power_data/cdm_25_snap0040.npz
25,PL,PL 25,0040,3.4410805658e+00,HMcode2020,1.0676813721e+01,2.0735510882e-01,2.2659644854e-01,9.1508543122e-01,-8.4914568776e-02,/oss06/data/project/tkcastrosim/HNHuang/project_big_sim/analysis/_used_by_article_nonlinear_evolution_pps/powerspectrum/sim_power_data/cdm_25_snap0040.npz
25,PL,PL 25,0040,3.4410805658e+00,HMcode2020,1.2307894307e+01,1.6677468961e-01,1.7981316908e-01,9.2748873991e-01,-7.2511260087e-02,/oss06/data/project/tkcastrosim/HNHuang/project_big_sim/analysis/_used_by_article_nonlinear_evolution_pps/powerspectrum/sim_power_data/cdm_25_snap0040.npz
25,PL,PL 25,0040,3.4410805658e+00,HMcode2020,1.4191236202e+01,1.3554172085e-01,1.4131306155e-01,9.5915918434e-01,-4.0840815661e-02,/oss06/data/project/tkcastrosim/HNHuang/project_big_sim/analysis/_used_by_article_nonlinear_evolution_pps/powerspectrum/sim_power_data/cdm_25_snap0040.npz
25,PL,PL 25,0040,3.4410805658e+00,HMcode2020,1.6325873207e+01,1.0761681692e-01,1.1043915985e-01,9.7444436443e-01,-2.5555635575e-02,/oss06/data/project/tkcastrosim/HNHuang/project_big_sim/analysis/_used_by_article_nonlinear_evolution_pps/powerspectrum/sim_power_data/cdm_25_snap0040.npz
25,PL,PL 25,0040,3.4410805658e+00,HMcode2020,1.8834933875e+01,8.3793932879e-02,8.5109250607e-02,9.8454553742e-01,-1.5454462575e-02,/oss06/data/project/tkcastrosim/HNHuang/project_big_sim/analysis/_used_by_article_nonlinear_evolution_pps/powerspectrum/sim_power_data/cdm_25_snap0040.npz
25,PL,PL 25,0040,3.4410805658e+00,HMcode2020,2.1724701131e+01,6.4668510213e-02,6.5037856831e-02,9.9432105183e-01,-5.6789481731e-03,/oss06/data/project/tkcastrosim/HNHuang/project_big_sim/analysis/_used_by_article_nonlinear_evolution_pps/powerspectrum/sim_power_data/cdm_25_snap0040.npz
25,PL,PL 25,0040,3.4410805658e+00,HMcode2020,2.4988160556e+01,4.8324414922e-02,4.9530033340e-02,9.7565884096e-01,-2.4341159038e-02,/oss06/data/project/tkcastrosim/HNHuang/project_big_sim/analysis/_used_by_article_nonlinear_evolution_pps/powerspectrum/sim_power_data/cdm_25_snap0040.npz
25,PL,PL 25,0040,3.4410805658e+00,HMcode2020,2.8755021694e+01,3.6539539672e-02,3.7388299887e-02,9.7729877483e-01,-2.2701225174e-02,/oss06/data/project/tkcastrosim/HNHuang/project_big_sim/analysis/_used_by_article_nonlinear_evolution_pps/powerspectrum/sim_power_data/cdm_25_snap0040.npz
25,PL,PL 25,0040,3.4410805658e+00,HMcode2020,3.3148095750e+01,2.7071349074e-02,2.7895951807e-02,9.7044005741e-01,-2.9559942588e-02,/oss06/data/project/tkcastrosim/HNHuang/project_big_sim/analysis/_used_by_article_nonlinear_evolution_pps/powerspectrum/sim_power_data/cdm_25_snap0040.npz
25,PL,PL 25,0040,3.4410805658e+00,HMcode2020,3.8295411886e+01,1.9533206906e-02,2.0554506521e-02,9.5031261815e-01,-4.9687381848e-02,/oss06/data/project/tkcastrosim/HNHuang/project_big_sim/analysis/_used_by_article_nonlinear_evolution_pps/powerspectrum/sim_power_data/cdm_25_snap0040.npz
25,PL,PL 25,0040,3.4410805658e+00,HMcode2020,4.4197519067e+01,1.4071683299e-02,1.5062653417e-02,9.3421012290e-01,-6.5789877103e-02,/oss06/data/project/tkcastrosim/HNHuang/project_big_sim/analysis/_used_by_article_nonlinear_evolution_pps/powerspectrum/sim_power_data/cdm_25_snap0040.npz
25,PL,PL 25,0040,3.4410805658e+00,HMcode2020,5.0976964633e+01,9.9434459457e-03,1.0971575261e-02,9.0629154970e-01,-9.3708450298e-02,/oss06/data/project/tkcastrosim/HNHuang/project_big_sim/analysis/_used_by_article_nonlinear_evolution_pps/powerspectrum/sim_power_data/cdm_25_snap0040.npz
25,PL,PL 25,0040,3.4410805658e+00,HMcode2020,5.8762683884e+01,6.9331547695e-03,7.9464334078e-03,8.7248636132e-01,-1.2751363868e-01,/oss06/data/project/tkcastrosim/HNHuang/project_big_sim/analysis/_used_by_article_nonlinear_evolution_pps/powerspectrum/sim_power_data/cdm_25_snap0040.npz
25,PL,PL 25,0040,3.4410805658e+00,HMcode2020,6.7800053809e+01,4.7628483398e-03,5.7061522159e-03,8.3468652073e-01,-1.6531347927e-01,/oss06/data/project/tkcastrosim/HNHuang/project_big_sim/analysis/_used_by_article_nonlinear_evolution_pps/powerspectrum/sim_power_data/cdm_25_snap0040.npz
25,PL,PL 25,0040,3.4410805658e+00,HMcode2020,7.8224012374e+01,3.1834996263e-03,4.0719054769e-03,7.8182061061e-01,-2.1817938939e-01,/oss06/data/project/tkcastrosim/HNHuang/project_big_sim/analysis/_used_by_article_nonlinear_evolution_pps/powerspectrum/sim_power_data/cdm_25_snap0040.npz
25,PL,PL 25,0040,3.4410805658e+00,HMcode2020,9.0151151638e+01,2.0964632572e-03,2.8968088041e-03,7.2371474923e-01,-2.7628525077e-01,/oss06/data/project/tkcastrosim/HNHuang/project_big_sim/analysis/_used_by_article_nonlinear_evolution_pps/powerspectrum/sim_power_data/cdm_25_snap0040.npz
25,PL,PL 25,0040,3.4410805658e+00,HMcode2020,1.0396190842e+02,1.3652115276e-03,2.0470292613e-03,6.6692330855e-01,-3.3307669145e-01,/oss06/data/project/tkcastrosim/HNHuang/project_big_sim/analysis/_used_by_article_nonlinear_evolution_pps/powerspectrum/sim_power_data/cdm_25_snap0040.npz
25,PL,PL 25,0040,3.4410805658e+00,HMcode2020,1.1990776394e+02,9.0328645570e-04,1.4386346377e-03,6.2787759450e-01,-3.7212240550e-01,/oss06/data/project/tkcastrosim/HNHuang/project_big_sim/analysis/_used_by_article_nonlinear_evolution_pps/powerspectrum/sim_power_data/cdm_25_snap0040.npz
25,BTKP1,BT $k_p=1$ 25,0040,3.4410805658e+00,HMcode2020,3.2072956064e-01,6.5005519091e+01,6.3713543481e+01,1.0202778803e+00,2.0277880325e-02,/oss06/data/project/tkcastrosim/HNHuang/project_big_sim/analysis/_used_by_article_nonlinear_evolution_pps/powerspectrum/sim_power_data/bluetilted_kp1_ms1.5_25_snap0040.npz
25,BTKP1,BT $k_p=1$ 25,0040,3.4410805658e+00,HMcode2020,5.6066196834e-01,1.8918163113e+01,2.0948127447e+01,9.0309566622e-01,-9.6904333784e-02,/oss06/data/project/tkcastrosim/HNHuang/project_big_sim/analysis/_used_by_article_nonlinear_evolution_pps/powerspectrum/sim_power_data/bluetilted_kp1_ms1.5_25_snap0040.npz
25,BTKP1,BT $k_p=1$ 25,0040,3.4410805658e+00,HMcode2020,7.8770010985e-01,9.6067778186e+00,1.0776541143e+01,8.9145280397e-01,-1.0854719603e-01,/oss06/data/project/tkcastrosim/HNHuang/project_big_sim/analysis/_used_by_article_nonlinear_evolution_pps/powerspectrum/sim_power_data/bluetilted_kp1_ms1.5_25_snap0040.npz
25,BTKP1,BT $k_p=1$ 25,0040,3.4410805658e+00,HMcode2020,1.0205350124e+00,6.7538225954e+00,6.8207405681e+00,9.9018904589e-01,-9.8109541119e-03,/oss06/data/project/tkcastrosim/HNHuang/project_big_sim/analysis/_used_by_article_nonlinear_evolution_pps/powerspectrum/sim_power_data/bluetilted_kp1_ms1.5_25_snap0040.npz
25,BTKP1,BT $k_p=1$ 25,0040,3.4410805658e+00,HMcode2020,1.2811623763e+00,5.1500489723e+00,4.8092129007e+00,1.0708714874e+00,7.0871487419e-02,/oss06/data/project/tkcastrosim/HNHuang/project_big_sim/analysis/_used_by_article_nonlinear_evolution_pps/powerspectrum/sim_power_data/bluetilted_kp1_ms1.5_25_snap0040.npz
25,BTKP1,BT $k_p=1$ 25,0040,3.4410805658e+00,HMcode2020,1.5386083751e+00,3.3569587398e+00,3.7138966282e+00,9.0389126997e-01,-9.6108730031e-02,/oss06/data/project/tkcastrosim/HNHuang/project_big_sim/analysis/_used_by_article_nonlinear_evolution_pps/powerspectrum/sim_power_data/bluetilted_kp1_ms1.5_25_snap0040.npz
25,BTKP1,BT $k_p=1$ 25,0040,3.4410805658e+00,HMcode2020,1.7773229369e+00,2.9586321417e+00,3.0600855433e+00,9.6684622040e-01,-3.3153779597e-02,/oss06/data/project/tkcastrosim/HNHuang/project_big_sim/analysis/_used_by_article_nonlinear_evolution_pps/powerspectrum/sim_power_data/bluetilted_kp1_ms1.5_25_snap0040.npz
25,BTKP1,BT $k_p=1$ 25,0040,3.4410805658e+00,HMcode2020,2.0169221746e+00,2.5339066542e+00,2.5966831567e+00,9.7582435027e-01,-2.4175649735e-02,/oss06/data/project/tkcastrosim/HNHuang/project_big_sim/analysis/_used_by_article_nonlinear_evolution_pps/powerspectrum/sim_power_data/bluetilted_kp1_ms1.5_25_snap0040.npz
25,BTKP1,BT $k_p=1$ 25,0040,3.4410805658e+00,HMcode2020,2.2763702483e+00,2.0903899739e+00,2.2278882954e+00,9.3828311687e-01,-6.1716883125e-02,/oss06/data/project/tkcastrosim/HNHuang/project_big_sim/analysis/_used_by_article_nonlinear_evolution_pps/powerspectrum/sim_power_data/bluetilted_kp1_ms1.5_25_snap0040.npz
25,BTKP1,BT $k_p=1$ 25,0040,3.4410805658e+00,HMcode2020,2.5367369098e+00,1.8297628353e+00,1.9424648683e+00,9.4197988606e-01,-5.8020113936e-02,/oss06/data/project/tkcastrosim/HNHuang/project_big_sim/analysis/_used_by_article_nonlinear_evolution_pps/powerspectrum/sim_power_data/bluetilted_kp1_ms1.5_25_snap0040.npz
25,BTKP1,BT $k_p=1$ 25,0040,3.4410805658e+00,HMcode2020,2.8990729604e+00,1.5317858829e+00,1.6572881544e+00,9.2427251036e-01,-7.5727489638e-02,/oss06/data/project/tkcastrosim/HNHuang/project_big_sim/analysis/_used_by_article_nonlinear_evolution_pps/powerspectrum/sim_power_data/bluetilted_kp1_ms1.5_25_snap0040.npz
25,BTKP1,BT $k_p=1$ 25,0040,3.4410805658e+00,HMcode2020,3.4029375450e+00,1.2287340255e+00,1.3767765845e+00,8.9247161766e-01,-1.0752838234e-01,/oss06/data/project/tkcastrosim/HNHuang/project_big_sim/analysis/_used_by_article_nonlinear_evolution_pps/powerspectrum/sim_power_data/bluetilted_kp1_ms1.5_25_snap0040.npz
25,BTKP1,BT $k_p=1$ 25,0040,3.4410805658e+00,HMcode2020,3.8962643222e+00,1.0479849862e+00,1.1806047659e+00,8.8766792791e-01,-1.1233207209e-01,/oss06/data/project/tkcastrosim/HNHuang/project_big_sim/analysis/_used_by_article_nonlinear_evolution_pps/powerspectrum/sim_power_data/bluetilted_kp1_ms1.5_25_snap0040.npz
25,BTKP1,BT $k_p=1$ 25,0040,3.4410805658e+00,HMcode2020,4.5293257682e+00,9.0588303950e-01,9.9628476839e-01,9.0926115528e-01,-9.0738844715e-02,/oss06/data/project/tkcastrosim/HNHuang/project_big_sim/analysis/_used_by_article_nonlinear_evolution_pps/powerspectrum/sim_power_data/bluetilted_kp1_ms1.5_25_snap0040.npz
25,BTKP1,BT $k_p=1$ 25,0040,3.4410805658e+00,HMcode2020,5.2810827998e+00,7.5285707303e-01,8.3690805594e-01,8.9956963334e-01,-1.0043036666e-01,/oss06/data/project/tkcastrosim/HNHuang/project_big_sim/analysis/_used_by_article_nonlinear_evolution_pps/powerspectrum/sim_power_data/bluetilted_kp1_ms1.5_25_snap0040.npz
25,BTKP1,BT $k_p=1$ 25,0040,3.4410805658e+00,HMcode2020,6.0322119887e+00,6.4721324113e-01,7.1755453234e-01,9.0197080773e-01,-9.8029192267e-02,/oss06/data/project/tkcastrosim/HNHuang/project_big_sim/analysis/_used_by_article_nonlinear_evolution_pps/powerspectrum/sim_power_data/bluetilted_kp1_ms1.5_25_snap0040.npz
25,BTKP1,BT $k_p=1$ 25,0040,3.4410805658e+00,HMcode2020,6.9129667849e+00,5.6781852844e-01,6.1009633157e-01,9.3070306943e-01,-6.9296930566e-02,/oss06/data/project/tkcastrosim/HNHuang/project_big_sim/analysis/_used_by_article_nonlinear_evolution_pps/powerspectrum/sim_power_data/bluetilted_kp1_ms1.5_25_snap0040.npz
25,BTKP1,BT $k_p=1$ 25,0040,3.4410805658e+00,HMcode2020,7.9160323189e+00,4.7146313711e-01,5.1615612364e-01,9.1341188356e-01,-8.6588116438e-02,/oss06/data/project/tkcastrosim/HNHuang/project_big_sim/analysis/_used_by_article_nonlinear_evolution_pps/powerspectrum/sim_power_data/bluetilted_kp1_ms1.5_25_snap0040.npz
25,BTKP1,BT $k_p=1$ 25,0040,3.4410805658e+00,HMcode2020,9.1677843868e+00,4.0490041974e-01,4.2723766070e-01,9.4771706006e-01,-5.2282939939e-02,/oss06/data/project/tkcastrosim/HNHuang/project_big_sim/analysis/_used_by_article_nonlinear_evolution_pps/powerspectrum/sim_power_data/bluetilted_kp1_ms1.5_25_snap0040.npz
25,BTKP1,BT $k_p=1$ 25,0040,3.4410805658e+00,HMcode2020,1.0676813721e+01,3.4077777769e-01,3.4761851271e-01,9.8032114296e-01,-1.9678857042e-02,/oss06/data/project/tkcastrosim/HNHuang/project_big_sim/analysis/_used_by_article_nonlinear_evolution_pps/powerspectrum/sim_power_data/bluetilted_kp1_ms1.5_25_snap0040.npz
25,BTKP1,BT $k_p=1$ 25,0040,3.4410805658e+00,HMcode2020,1.2307894307e+01,2.8244265733e-01,2.8405024126e-01,9.9434049442e-01,-5.6595055757e-03,/oss06/data/project/tkcastrosim/HNHuang/project_big_sim/analysis/_used_by_article_nonlinear_evolution_pps/powerspectrum/sim_power_data/bluetilted_kp1_ms1.5_25_snap0040.npz
25,BTKP1,BT $k_p=1$ 25,0040,3.4410805658e+00,HMcode2020,1.4191236202e+01,2.3222712264e-01,2.2990359144e-01,1.0101065459e+00,1.0106545901e-02,/oss06/data/project/tkcastrosim/HNHuang/project_big_sim/analysis/_used_by_article_nonlinear_evolution_pps/powerspectrum/sim_power_data/bluetilted_kp1_ms1.5_25_snap0040.npz
25,BTKP1,BT $k_p=1$ 25,0040,3.4410805658e+00,HMcode2020,1.6325873207e+01,1.8794572335e-01,1.8498696120e-01,1.0159944362e+00,1.5994436179e-02,/oss06/data/project/tkcastrosim/HNHuang/project_big_sim/analysis/_used_by_article_nonlinear_evolution_pps/powerspectrum/sim_power_data/bluetilted_kp1_ms1.5_25_snap0040.npz
25,BTKP1,BT $k_p=1$ 25,0040,3.4410805658e+00,HMcode2020,1.8834933875e+01,1.5128608408e-01,1.4691545250e-01,1.0297492980e+00,2.9749298020e-02,/oss06/data/project/tkcastrosim/HNHuang/project_big_sim/analysis/_used_by_article_nonlinear_evolution_pps/powerspectrum/sim_power_data/bluetilted_kp1_ms1.5_25_snap0040.npz
25,BTKP1,BT $k_p=1$ 25,0040,3.4410805658e+00,HMcode2020,2.1724701131e+01,1.1957845945e-01,1.1577619886e-01,1.0328414702e+00,3.2841470209e-02,/oss06/data/project/tkcastrosim/HNHuang/project_big_sim/analysis/_used_by_article_nonlinear_evolution_pps/powerspectrum/sim_power_data/bluetilted_kp1_ms1.5_25_snap0040.npz
25,BTKP1,BT $k_p=1$ 25,0040,3.4410805658e+00,HMcode2020,2.4988160556e+01,9.2384633570e-02,9.0973221205e-02,1.0155145915e+00,1.5514591507e-02,/oss06/data/project/tkcastrosim/HNHuang/project_big_sim/analysis/_used_by_article_nonlinear_evolution_pps/powerspectrum/sim_power_data/bluetilted_kp1_ms1.5_25_snap0040.npz
25,BTKP1,BT $k_p=1$ 25,0040,3.4410805658e+00,HMcode2020,2.8755021694e+01,7.1485734878e-02,7.0962253214e-02,1.0073769031e+00,7.3769030764e-03,/oss06/data/project/tkcastrosim/HNHuang/project_big_sim/analysis/_used_by_article_nonlinear_evolution_pps/powerspectrum/sim_power_data/bluetilted_kp1_ms1.5_25_snap0040.npz
25,BTKP1,BT $k_p=1$ 25,0040,3.4410805658e+00,HMcode2020,3.3148095750e+01,5.4625031260e-02,5.4830812267e-02,9.9624698233e-01,-3.7530176661e-03,/oss06/data/project/tkcastrosim/HNHuang/project_big_sim/analysis/_used_by_article_nonlinear_evolution_pps/powerspectrum/sim_power_data/bluetilted_kp1_ms1.5_25_snap0040.npz
25,BTKP1,BT $k_p=1$ 25,0040,3.4410805658e+00,HMcode2020,3.8295411886e+01,4.0736410310e-02,4.1948279559e-02,9.7111039447e-01,-2.8889605528e-02,/oss06/data/project/tkcastrosim/HNHuang/project_big_sim/analysis/_used_by_article_nonlinear_evolution_pps/powerspectrum/sim_power_data/bluetilted_kp1_ms1.5_25_snap0040.npz
25,BTKP1,BT $k_p=1$ 25,0040,3.4410805658e+00,HMcode2020,4.4197519067e+01,3.0292985739e-02,3.1981496971e-02,9.4720349604e-01,-5.2796503959e-02,/oss06/data/project/tkcastrosim/HNHuang/project_big_sim/analysis/_used_by_article_nonlinear_evolution_pps/powerspectrum/sim_power_data/bluetilted_kp1_ms1.5_25_snap0040.npz
25,BTKP1,BT $k_p=1$ 25,0040,3.4410805658e+00,HMcode2020,5.0976964633e+01,2.2237407426e-02,2.4291720059e-02,9.1543156975e-01,-8.4568430247e-02,/oss06/data/project/tkcastrosim/HNHuang/project_big_sim/analysis/_used_by_article_nonlinear_evolution_pps/powerspectrum/sim_power_data/bluetilted_kp1_ms1.5_25_snap0040.npz
25,BTKP1,BT $k_p=1$ 25,0040,3.4410805658e+00,HMcode2020,5.8762683884e+01,1.6144967533e-02,1.8388771274e-02,8.7797968079e-01,-1.2202031921e-01,/oss06/data/project/tkcastrosim/HNHuang/project_big_sim/analysis/_used_by_article_nonlinear_evolution_pps/powerspectrum/sim_power_data/bluetilted_kp1_ms1.5_25_snap0040.npz
25,BTKP1,BT $k_p=1$ 25,0040,3.4410805658e+00,HMcode2020,6.7800053809e+01,1.1593078352e-02,1.3837156522e-02,8.3782230356e-01,-1.6217769644e-01,/oss06/data/project/tkcastrosim/HNHuang/project_big_sim/analysis/_used_by_article_nonlinear_evolution_pps/powerspectrum/sim_power_data/bluetilted_kp1_ms1.5_25_snap0040.npz
25,BTKP1,BT $k_p=1$ 25,0040,3.4410805658e+00,HMcode2020,7.8224012374e+01,8.1090900041e-03,1.0370892537e-02,7.8190859419e-01,-2.1809140581e-01,/oss06/data/project/tkcastrosim/HNHuang/project_big_sim/analysis/_used_by_article_nonlinear_evolution_pps/powerspectrum/sim_power_data/bluetilted_kp1_ms1.5_25_snap0040.npz
25,BTKP1,BT $k_p=1$ 25,0040,3.4410805658e+00,HMcode2020,9.0151151638e+01,5.6248162599e-03,7.7620176002e-03,7.2465904479e-01,-2.7534095521e-01,/oss06/data/project/tkcastrosim/HNHuang/project_big_sim/analysis/_used_by_article_nonlinear_evolution_pps/powerspectrum/sim_power_data/bluetilted_kp1_ms1.5_25_snap0040.npz
25,BTKP1,BT $k_p=1$ 25,0040,3.4410805658e+00,HMcode2020,1.0396190842e+02,3.8488824414e-03,5.7819049950e-03,6.6567721966e-01,-3.3432278034e-01,/oss06/data/project/tkcastrosim/HNHuang/project_big_sim/analysis/_used_by_article_nonlinear_evolution_pps/powerspectrum/sim_power_data/bluetilted_kp1_ms1.5_25_snap0040.npz
25,BTKP1,BT $k_p=1$ 25,0040,3.4410805658e+00,HMcode2020,1.1990776394e+02,2.6942619550e-03,4.2906379602e-03,6.2793970966e-01,-3.7206029034e-01,/oss06/data/project/tkcastrosim/HNHuang/project_big_sim/analysis/_used_by_article_nonlinear_evolution_pps/powerspectrum/sim_power_data/bluetilted_kp1_ms1.5_25_snap0040.npz
25,BTKP10,BT $k_p=10$ 25,0040,3.4410805658e+00,HMcode2020,3.2072956064e-01,6.5153321833e+01,6.4980594787e+01,1.0026581327e+00,2.6581327465e-03,/oss06/data/project/tkcastrosim/HNHuang/project_big_sim/analysis/_used_by_article_nonlinear_evolution_pps/powerspectrum/sim_power_data/bluetilted_kp10_ms1.5_25_snap0040.npz
25,BTKP10,BT $k_p=10$ 25,0040,3.4410805658e+00,HMcode2020,5.6066196834e-01,1.9050502447e+01,2.1665870074e+01,8.7928628681e-01,-1.2071371319e-01,/oss06/data/project/tkcastrosim/HNHuang/project_big_sim/analysis/_used_by_article_nonlinear_evolution_pps/powerspectrum/sim_power_data/bluetilted_kp10_ms1.5_25_snap0040.npz
25,BTKP10,BT $k_p=10$ 25,0040,3.4410805658e+00,HMcode2020,7.8770010985e-01,9.7274932920e+00,1.1122009332e+01,8.7461653752e-01,-1.2538346248e-01,/oss06/data/project/tkcastrosim/HNHuang/project_big_sim/analysis/_used_by_article_nonlinear_evolution_pps/powerspectrum/sim_power_data/bluetilted_kp10_ms1.5_25_snap0040.npz
25,BTKP10,BT $k_p=10$ 25,0040,3.4410805658e+00,HMcode2020,1.0205350124e+00,6.7998854504e+00,6.7832595221e+00,1.0024510235e+00,2.4510234765e-03,/oss06/data/project/tkcastrosim/HNHuang/project_big_sim/analysis/_used_by_article_nonlinear_evolution_pps/powerspectrum/sim_power_data/bluetilted_kp10_ms1.5_25_snap0040.npz
25,BTKP10,BT $k_p=10$ 25,0040,3.4410805658e+00,HMcode2020,1.2811623763e+00,4.9289945230e+00,4.4702175236e+00,1.1026296812e+00,1.0262968121e-01,/oss06/data/project/tkcastrosim/HNHuang/project_big_sim/analysis/_used_by_article_nonlinear_evolution_pps/powerspectrum/sim_power_data/bluetilted_kp10_ms1.5_25_snap0040.npz
25,BTKP10,BT $k_p=10$ 25,0040,3.4410805658e+00,HMcode2020,1.5386083751e+00,3.0756656241e+00,3.2457682536e+00,9.4759249082e-01,-5.2407509176e-02,/oss06/data/project/tkcastrosim/HNHuang/project_big_sim/analysis/_used_by_article_nonlinear_evolution_pps/powerspectrum/sim_power_data/bluetilted_kp10_ms1.5_25_snap0040.npz
25,BTKP10,BT $k_p=10$ 25,0040,3.4410805658e+00,HMcode2020,1.7773229369e+00,2.6228708276e+00,2.5523790557e+00,1.0276180655e+00,2.7618065454e-02,/oss06/data/project/tkcastrosim/HNHuang/project_big_sim/analysis/_used_by_article_nonlinear_evolution_pps/powerspectrum/sim_power_data/bluetilted_kp10_ms1.5_25_snap0040.npz
25,BTKP10,BT $k_p=10$ 25,0040,3.4410805658e+00,HMcode2020,2.0169221746e+00,2.1594358443e+00,2.0858700091e+00,1.0352686576e+00,3.5268657639e-02,/oss06/data/project/tkcastrosim/HNHuang/project_big_sim/analysis/_used_by_article_nonlinear_evolution_pps/powerspectrum/sim_power_data/bluetilted_kp10_ms1.5_25_snap0040.npz
25,BTKP10,BT $k_p=10$ 25,0040,3.4410805658e+00,HMcode2020,2.2763702483e+00,1.7397249598e+00,1.7336355046e+00,1.0035125349e+00,3.5125348981e-03,/oss06/data/project/tkcastrosim/HNHuang/project_big_sim/analysis/_used_by_article_nonlinear_evolution_pps/powerspectrum/sim_power_data/bluetilted_kp10_ms1.5_25_snap0040.npz
25,BTKP10,BT $k_p=10$ 25,0040,3.4410805658e+00,HMcode2020,2.5367369098e+00,1.4700826810e+00,1.4789086030e+00,9.9403213829e-01,-5.9678617095e-03,/oss06/data/project/tkcastrosim/HNHuang/project_big_sim/analysis/_used_by_article_nonlinear_evolution_pps/powerspectrum/sim_power_data/bluetilted_kp10_ms1.5_25_snap0040.npz
25,BTKP10,BT $k_p=10$ 25,0040,3.4410805658e+00,HMcode2020,2.8990729604e+00,1.1971101361e+00,1.2249891555e+00,9.7724141534e-01,-2.2758584660e-02,/oss06/data/project/tkcastrosim/HNHuang/project_big_sim/analysis/_used_by_article_nonlinear_evolution_pps/powerspectrum/sim_power_data/bluetilted_kp10_ms1.5_25_snap0040.npz
25,BTKP10,BT $k_p=10$ 25,0040,3.4410805658e+00,HMcode2020,3.4029375450e+00,9.2719416137e-01,9.8621707294e-01,9.4015221071e-01,-5.9847789286e-02,/oss06/data/project/tkcastrosim/HNHuang/project_big_sim/analysis/_used_by_article_nonlinear_evolution_pps/powerspectrum/sim_power_data/bluetilted_kp10_ms1.5_25_snap0040.npz
25,BTKP10,BT $k_p=10$ 25,0040,3.4410805658e+00,HMcode2020,3.8962643222e+00,7.6869235392e-01,8.2583714277e-01,9.3080380393e-01,-6.9196196067e-02,/oss06/data/project/tkcastrosim/HNHuang/project_big_sim/analysis/_used_by_article_nonlinear_evolution_pps/powerspectrum/sim_power_data/bluetilted_kp10_ms1.5_25_snap0040.npz
25,BTKP10,BT $k_p=10$ 25,0040,3.4410805658e+00,HMcode2020,4.5293257682e+00,6.4094552235e-01,6.8010411422e-01,9.4242265111e-01,-5.7577348893e-02,/oss06/data/project/tkcastrosim/HNHuang/project_big_sim/analysis/_used_by_article_nonlinear_evolution_pps/powerspectrum/sim_power_data/bluetilted_kp10_ms1.5_25_snap0040.npz
25,BTKP10,BT $k_p=10$ 25,0040,3.4410805658e+00,HMcode2020,5.2810827998e+00,5.1727998472e-01,5.5788024121e-01,9.2722406443e-01,-7.2775935574e-02,/oss06/data/project/tkcastrosim/HNHuang/project_big_sim/analysis/_used_by_article_nonlinear_evolution_pps/powerspectrum/sim_power_data/bluetilted_kp10_ms1.5_25_snap0040.npz
25,BTKP10,BT $k_p=10$ 25,0040,3.4410805658e+00,HMcode2020,6.0322119887e+00,4.3510424003e-01,4.6865510113e-01,9.2841033625e-01,-7.1589663751e-02,/oss06/data/project/tkcastrosim/HNHuang/project_big_sim/analysis/_used_by_article_nonlinear_evolution_pps/powerspectrum/sim_power_data/bluetilted_kp10_ms1.5_25_snap0040.npz
25,BTKP10,BT $k_p=10$ 25,0040,3.4410805658e+00,HMcode2020,6.9129667849e+00,3.6921895813e-01,3.9010503592e-01,9.4646037383e-01,-5.3539626174e-02,/oss06/data/project/tkcastrosim/HNHuang/project_big_sim/analysis/_used_by_article_nonlinear_evolution_pps/powerspectrum/sim_power_data/bluetilted_kp10_ms1.5_25_snap0040.npz
25,BTKP10,BT $k_p=10$ 25,0040,3.4410805658e+00,HMcode2020,7.9160323189e+00,2.9953172468e-01,3.2296999274e-01,9.2742896064e-01,-7.2571039362e-02,/oss06/data/project/tkcastrosim/HNHuang/project_big_sim/analysis/_used_by_article_nonlinear_evolution_pps/powerspectrum/sim_power_data/bluetilted_kp10_ms1.5_25_snap0040.npz
25,BTKP10,BT $k_p=10$ 25,0040,3.4410805658e+00,HMcode2020,9.1677843868e+00,2.5037921802e-01,2.6095373486e-01,9.5947742672e-01,-4.0522573280e-02,/oss06/data/project/tkcastrosim/HNHuang/project_big_sim/analysis/_used_by_article_nonlinear_evolution_pps/powerspectrum/sim_power_data/bluetilted_kp10_ms1.5_25_snap0040.npz
25,BTKP10,BT $k_p=10$ 25,0040,3.4410805658e+00,HMcode2020,1.0676813721e+01,2.0699641895e-01,2.0828043453e-01,9.9383515987e-01,-6.1648401252e-03,/oss06/data/project/tkcastrosim/HNHuang/project_big_sim/analysis/_used_by_article_nonlinear_evolution_pps/powerspectrum/sim_power_data/bluetilted_kp10_ms1.5_25_snap0040.npz
25,BTKP10,BT $k_p=10$ 25,0040,3.4410805658e+00,HMcode2020,1.2307894307e+01,1.6656581256e-01,1.6821216894e-01,9.9021262021e-01,-9.7873797942e-03,/oss06/data/project/tkcastrosim/HNHuang/project_big_sim/analysis/_used_by_article_nonlinear_evolution_pps/powerspectrum/sim_power_data/bluetilted_kp10_ms1.5_25_snap0040.npz
25,BTKP10,BT $k_p=10$ 25,0040,3.4410805658e+00,HMcode2020,1.4191236202e+01,1.3550344165e-01,1.3430346218e-01,1.0089348364e+00,8.9348364279e-03,/oss06/data/project/tkcastrosim/HNHuang/project_big_sim/analysis/_used_by_article_nonlinear_evolution_pps/powerspectrum/sim_power_data/bluetilted_kp10_ms1.5_25_snap0040.npz
25,BTKP10,BT $k_p=10$ 25,0040,3.4410805658e+00,HMcode2020,1.6325873207e+01,1.0775202598e-01,1.0645300284e-01,1.0122027853e+00,1.2202785320e-02,/oss06/data/project/tkcastrosim/HNHuang/project_big_sim/analysis/_used_by_article_nonlinear_evolution_pps/powerspectrum/sim_power_data/bluetilted_kp10_ms1.5_25_snap0040.npz
25,BTKP10,BT $k_p=10$ 25,0040,3.4410805658e+00,HMcode2020,1.8834933875e+01,8.4018606471e-02,8.3136964316e-02,1.0106046951e+00,1.0604695055e-02,/oss06/data/project/tkcastrosim/HNHuang/project_big_sim/analysis/_used_by_article_nonlinear_evolution_pps/powerspectrum/sim_power_data/bluetilted_kp10_ms1.5_25_snap0040.npz
25,BTKP10,BT $k_p=10$ 25,0040,3.4410805658e+00,HMcode2020,2.1724701131e+01,6.5051568551e-02,6.4329891384e-02,1.0112183800e+00,1.1218380006e-02,/oss06/data/project/tkcastrosim/HNHuang/project_big_sim/analysis/_used_by_article_nonlinear_evolution_pps/powerspectrum/sim_power_data/bluetilted_kp10_ms1.5_25_snap0040.npz
25,BTKP10,BT $k_p=10$ 25,0040,3.4410805658e+00,HMcode2020,2.4988160556e+01,4.8778946473e-02,4.9570385782e-02,9.8403402966e-01,-1.5965970342e-02,/oss06/data/project/tkcastrosim/HNHuang/project_big_sim/analysis/_used_by_article_nonlinear_evolution_pps/powerspectrum/sim_power_data/bluetilted_kp10_ms1.5_25_snap0040.npz
25,BTKP10,BT $k_p=10$ 25,0040,3.4410805658e+00,HMcode2020,2.8755021694e+01,3.6928059980e-02,3.7855620260e-02,9.7549742224e-01,-2.4502577764e-02,/oss06/data/project/tkcastrosim/HNHuang/project_big_sim/analysis/_used_by_article_nonlinear_evolution_pps/powerspectrum/sim_power_data/bluetilted_kp10_ms1.5_25_snap0040.npz
25,BTKP10,BT $k_p=10$ 25,0040,3.4410805658e+00,HMcode2020,3.3148095750e+01,2.7526859098e-02,2.8581374527e-02,9.6310480351e-01,-3.6895196486e-02,/oss06/data/project/tkcastrosim/HNHuang/project_big_sim/analysis/_used_by_article_nonlinear_evolution_pps/powerspectrum/sim_power_data/bluetilted_kp10_ms1.5_25_snap0040.npz
25,BTKP10,BT $k_p=10$ 25,0040,3.4410805658e+00,HMcode2020,3.8295411886e+01,1.9985809582e-02,2.1324114719e-02,9.3723982659e-01,-6.2760173407e-02,/oss06/data/project/tkcastrosim/HNHuang/project_big_sim/analysis/_used_by_article_nonlinear_evolution_pps/powerspectrum/sim_power_data/bluetilted_kp10_ms1.5_25_snap0040.npz
25,BTKP10,BT $k_p=10$ 25,0040,3.4410805658e+00,HMcode2020,4.4197519067e+01,1.4500749545e-02,1.5834349163e-02,9.1577805915e-01,-8.4221940848e-02,/oss06/data/project/tkcastrosim/HNHuang/project_big_sim/analysis/_used_by_article_nonlinear_evolution_pps/powerspectrum/sim_power_data/bluetilted_kp10_ms1.5_25_snap0040.npz
25,BTKP10,BT $k_p=10$ 25,0040,3.4410805658e+00,HMcode2020,5.0976964633e+01,1.0343496114e-02,1.1700641986e-02,8.8401099075e-01,-1.1598900925e-01,/oss06/data/project/tkcastrosim/HNHuang/project_big_sim/analysis/_used_by_article_nonlinear_evolution_pps/powerspectrum/sim_power_data/bluetilted_kp10_ms1.5_25_snap0040.npz
25,BTKP10,BT $k_p=10$ 25,0040,3.4410805658e+00,HMcode2020,5.8762683884e+01,7.2713283367e-03,8.6105033520e-03,8.4447192452e-01,-1.5552807548e-01,/oss06/data/project/tkcastrosim/HNHuang/project_big_sim/analysis/_used_by_article_nonlinear_evolution_pps/powerspectrum/sim_power_data/bluetilted_kp10_ms1.5_25_snap0040.npz
25,BTKP10,BT $k_p=10$ 25,0040,3.4410805658e+00,HMcode2020,6.7800053809e+01,5.0588428996e-03,6.2950232347e-03,8.0362577087e-01,-1.9637422913e-01,/oss06/data/project/tkcastrosim/HNHuang/project_big_sim/analysis/_used_by_article_nonlinear_evolution_pps/powerspectrum/sim_power_data/bluetilted_kp10_ms1.5_25_snap0040.npz
25,BTKP10,BT $k_p=10$ 25,0040,3.4410805658e+00,HMcode2020,7.8224012374e+01,3.4273682150e-03,4.5838676869e-03,7.4770225694e-01,-2.5229774306e-01,/oss06/data/project/tkcastrosim/HNHuang/project_big_sim/analysis/_used_by_article_nonlinear_evolution_pps/powerspectrum/sim_power_data/bluetilted_kp10_ms1.5_25_snap0040.npz
25,BTKP10,BT $k_p=10$ 25,0040,3.4410805658e+00,HMcode2020,9.0151151638e+01,2.2966677827e-03,3.3348218169e-03,6.8869280244e-01,-3.1130719756e-01,/oss06/data/project/tkcastrosim/HNHuang/project_big_sim/analysis/_used_by_article_nonlinear_evolution_pps/powerspectrum/sim_power_data/bluetilted_kp10_ms1.5_25_snap0040.npz
25,BTKP10,BT $k_p=10$ 25,0040,3.4410805658e+00,HMcode2020,1.0396190842e+02,1.5303772797e-03,2.4158460771e-03,6.3347466306e-01,-3.6652533694e-01,/oss06/data/project/tkcastrosim/HNHuang/project_big_sim/analysis/_used_by_article_nonlinear_evolution_pps/powerspectrum/sim_power_data/bluetilted_kp10_ms1.5_25_snap0040.npz
25,BTKP10,BT $k_p=10$ 25,0040,3.4410805658e+00,HMcode2020,1.1990776394e+02,1.0378757885e-03,1.7451893040e-03,5.9470670950e-01,-4.0529329050e-01,/oss06/data/project/tkcastrosim/HNHuang/project_big_sim/analysis/_used_by_article_nonlinear_evolution_pps/powerspectrum/sim_power_data/bluetilted_kp10_ms1.5_25_snap0040.npz
256,PL,PL 256,0040,3.4410805658e+00,HMcode2020,3.1321246157e-02,1.6515426725e+03,1.5296050331e+03,1.0797183827e+00,7.9718382704e-02,/oss06/data/project/tkcastrosim/HNHuang/project_big_sim/analysis/_used_by_article_nonlinear_evolution_pps/powerspectrum/sim_power_data/new_PL_256_1024_snap0040.npz
256,PL,PL 256,0040,3.4410805658e+00,HMcode2020,5.4752145346e-02,7.9736378498e+02,9.4046730138e+02,8.4783786083e-01,-1.5216213917e-01,/oss06/data/project/tkcastrosim/HNHuang/project_big_sim/analysis/_used_by_article_nonlinear_evolution_pps/powerspectrum/sim_power_data/new_PL_256_1024_snap0040.npz
256,PL,PL 256,0040,3.4410805658e+00,HMcode2020,7.6923838852e-02,6.0802221397e+02,7.1699337156e+02,8.4801650627e-01,-1.5198349373e-01,/oss06/data/project/tkcastrosim/HNHuang/project_big_sim/analysis/_used_by_article_nonlinear_evolution_pps/powerspectrum/sim_power_data/new_PL_256_1024_snap0040.npz
256,PL,PL 256,0040,3.4410805658e+00,HMcode2020,9.9661622308e-02,5.0932690848e+02,4.6897011742e+02,1.0860540780e+00,8.6054078007e-02,/oss06/data/project/tkcastrosim/HNHuang/project_big_sim/analysis/_used_by_article_nonlinear_evolution_pps/powerspectrum/sim_power_data/new_PL_256_1024_snap0040.npz
256,PL,PL 256,0040,3.4410805658e+00,HMcode2020,1.2511351331e-01,3.9598330035e+02,3.4485986836e+02,1.1482440744e+00,1.4824407441e-01,/oss06/data/project/tkcastrosim/HNHuang/project_big_sim/analysis/_used_by_article_nonlinear_evolution_pps/powerspectrum/sim_power_data/new_PL_256_1024_snap0040.npz
256,PL,PL 256,0040,3.4410805658e+00,HMcode2020,1.5025472413e-01,2.6494583830e+02,2.6140352462e+02,1.0135511321e+00,1.3551132068e-02,/oss06/data/project/tkcastrosim/HNHuang/project_big_sim/analysis/_used_by_article_nonlinear_evolution_pps/powerspectrum/sim_power_data/new_PL_256_1024_snap0040.npz
256,PL,PL 256,0040,3.4410805658e+00,HMcode2020,1.7356669306e-01,2.0344438977e+02,1.9686235863e+02,1.0334346860e+00,3.3434685963e-02,/oss06/data/project/tkcastrosim/HNHuang/project_big_sim/analysis/_used_by_article_nonlinear_evolution_pps/powerspectrum/sim_power_data/new_PL_256_1024_snap0040.npz
256,PL,PL 256,0040,3.4410805658e+00,HMcode2020,1.9696505611e-01,1.6953966525e+02,1.6572655433e+02,1.0230084486e+00,2.3008448650e-02,/oss06/data/project/tkcastrosim/HNHuang/project_big_sim/analysis/_used_by_article_nonlinear_evolution_pps/powerspectrum/sim_power_data/new_PL_256_1024_snap0040.npz
256,PL,PL 256,0040,3.4410805658e+00,HMcode2020,2.2230178206e-01,1.4565261424e+02,1.3003650910e+02,1.1200901597e+00,1.2009015967e-01,/oss06/data/project/tkcastrosim/HNHuang/project_big_sim/analysis/_used_by_article_nonlinear_evolution_pps/powerspectrum/sim_power_data/new_PL_256_1024_snap0040.npz
256,PL,PL 256,0040,3.4410805658e+00,HMcode2020,2.4772821385e-01,1.1522863748e+02,1.0810001027e+02,1.0659447413e+00,6.5944741298e-02,/oss06/data/project/tkcastrosim/HNHuang/project_big_sim/analysis/_used_by_article_nonlinear_evolution_pps/powerspectrum/sim_power_data/new_PL_256_1024_snap0040.npz
256,PL,PL 256,0040,3.4410805658e+00,HMcode2020,2.8311259379e-01,9.1056741586e+01,8.4371691815e+01,1.0792333261e+00,7.9233326097e-02,/oss06/data/project/tkcastrosim/HNHuang/project_big_sim/analysis/_used_by_article_nonlinear_evolution_pps/powerspectrum/sim_power_data/new_PL_256_1024_snap0040.npz
256,PL,PL 256,0040,3.4410805658e+00,HMcode2020,3.3231811963e-01,6.5816958352e+01,6.2801592131e+01,1.0480141684e+00,4.8014168405e-02,/oss06/data/project/tkcastrosim/HNHuang/project_big_sim/analysis/_used_by_article_nonlinear_evolution_pps/powerspectrum/sim_power_data/new_PL_256_1024_snap0040.npz
256,PL,PL 256,0040,3.4410805658e+00,HMcode2020,3.8049456271e-01,5.3094473535e+01,4.8537797233e+01,1.0938789266e+00,9.3878926573e-02,/oss06/data/project/tkcastrosim/HNHuang/project_big_sim/analysis/_used_by_article_nonlinear_evolution_pps/powerspectrum/sim_power_data/new_PL_256_1024_snap0040.npz
256,PL,PL 256,0040,3.4410805658e+00,HMcode2020,4.4231696955e-01,3.8408611455e+01,3.6332006250e+01,1.0571563593e+00,5.7156359347e-02,/oss06/data/project/tkcastrosim/HNHuang/project_big_sim/analysis/_used_by_article_nonlinear_evolution_pps/powerspectrum/sim_power_data/new_PL_256_1024_snap0040.npz
256,PL,PL 256,0040,3.4410805658e+00,HMcode2020,5.1573074217e-01,2.8872318824e+01,2.7027248707e+01,1.0682670344e+00,6.8267034421e-02,/oss06/data/project/tkcastrosim/HNHuang/project_big_sim/analysis/_used_by_article_nonlinear_evolution_pps/powerspectrum/sim_power_data/new_PL_256_1024_snap0040.npz
256,PL,PL 256,0040,3.4410805658e+00,HMcode2020,5.8908320202e-01,2.2579467383e+01,2.0924083718e+01,1.0791137948e+00,7.9113794796e-02,/oss06/data/project/tkcastrosim/HNHuang/project_big_sim/analysis/_used_by_article_nonlinear_evolution_pps/powerspectrum/sim_power_data/new_PL_256_1024_snap0040.npz
256,PL,PL 256,0040,3.4410805658e+00,HMcode2020,6.7509441259e-01,1.7644484870e+01,1.6117966845e+01,1.0947090932e+00,9.4709093214e-02,/oss06/data/project/tkcastrosim/HNHuang/project_big_sim/analysis/_used_by_article_nonlinear_evolution_pps/powerspectrum/sim_power_data/new_PL_256_1024_snap0040.npz
256,PL,PL 256,0040,3.4410805658e+00,HMcode2020,7.7305003115e-01,1.3633471306e+01,1.2462805082e+01,1.0939328037e+00,9.3932803733e-02,/oss06/data/project/tkcastrosim/HNHuang/project_big_sim/analysis/_used_by_article_nonlinear_evolution_pps/powerspectrum/sim_power_data/new_PL_256_1024_snap0040.npz
256,PL,PL 256,0040,3.4410805658e+00,HMcode2020,8.9529144402e-01,1.0648356574e+01,9.4691463526e+00,1.1245318403e+00,1.2453184029e-01,/oss06/data/project/tkcastrosim/HNHuang/project_big_sim/analysis/_used_by_article_nonlinear_evolution_pps/powerspectrum/sim_power_data/new_PL_256_1024_snap0040.npz
256,PL,PL 256,0040,3.4410805658e+00,HMcode2020,1.0426575900e+00,8.0185597884e+00,7.1611107720e+00,1.1197368737e+00,1.1973687374e-01,/oss06/data/project/tkcastrosim/HNHuang/project_big_sim/analysis/_used_by_article_nonlinear_evolution_pps/powerspectrum/sim_power_data/new_PL_256_1024_snap0040.npz
256,PL,PL 256,0040,3.4410805658e+00,HMcode2020,1.2019428034e+00,6.1244096284e+00,5.5543147142e+00,1.1026400093e+00,1.0264000935e-01,/oss06/data/project/tkcastrosim/HNHuang/project_big_sim/analysis/_used_by_article_nonlinear_evolution_pps/powerspectrum/sim_power_data/new_PL_256_1024_snap0040.npz
256,PL,PL 256,0040,3.4410805658e+00,HMcode2020,1.3858629103e+00,4.8798986493e+00,4.3388293131e+00,1.1247039921e+00,1.2470399206e-01,/oss06/data/project/tkcastrosim/HNHuang/project_big_sim/analysis/_used_by_article_nonlinear_evolution_pps/powerspectrum/sim_power_data/new_PL_256_1024_snap0040.npz
256,PL,PL 256,0040,3.4410805658e+00,HMcode2020,1.5943235553e+00,3.8306436976e+00,3.4316920665e+00,1.1162550787e+00,1.1625507865e-01,/oss06/data/project/tkcastrosim/HNHuang/project_big_sim/analysis/_used_by_article_nonlinear_evolution_pps/powerspectrum/sim_power_data/new_PL_256_1024_snap0040.npz
256,PL,PL 256,0040,3.4410805658e+00,HMcode2020,1.8393490113e+00,3.0342796271e+00,2.7257765558e+00,1.1131798828e+00,1.1317988285e-01,/oss06/data/project/tkcastrosim/HNHuang/project_big_sim/analysis/_used_by_article_nonlinear_evolution_pps/powerspectrum/sim_power_data/new_PL_256_1024_snap0040.npz
256,PL,PL 256,0040,3.4410805658e+00,HMcode2020,2.1215528448e+00,2.3951478036e+00,2.1867773910e+00,1.0952865223e+00,9.5286522262e-02,/oss06/data/project/tkcastrosim/HNHuang/project_big_sim/analysis/_used_by_article_nonlinear_evolution_pps/powerspectrum/sim_power_data/new_PL_256_1024_snap0040.npz
256,PL,PL 256,0040,3.4410805658e+00,HMcode2020,2.4402500543e+00,1.9332412512e+00,1.7782874788e+00,1.0871365144e+00,8.7136514377e-02,/oss06/data/project/tkcastrosim/HNHuang/project_big_sim/analysis/_used_by_article_nonlinear_evolution_pps/powerspectrum/sim_power_data/new_PL_256_1024_snap0040.npz
256,PL,PL 256,0040,3.4410805658e+00,HMcode2020,2.8081075873e+00,1.5536995605e+00,1.4563765265e+00,1.0668254618e+00,6.6825461796e-02,/oss06/data/project/tkcastrosim/HNHuang/project_big_sim/analysis/_used_by_article_nonlinear_evolution_pps/powerspectrum/sim_power_data/new_PL_256_1024_snap0040.npz
256,PL,PL 256,0040,3.4410805658e+00,HMcode2020,3.2371187256e+00,1.2530424137e+00,1.1983486338e+00,1.0456409582e+00,4.5640958235e-02,/oss06/data/project/tkcastrosim/HNHuang/project_big_sim/analysis/_used_by_article_nonlinear_evolution_pps/powerspectrum/sim_power_data/new_PL_256_1024_snap0040.npz
256,PL,PL 256,0040,3.4410805658e+00,HMcode2020,3.7397863170e+00,1.0070648479e+00,9.8807983393e-01,1.0192140487e+00,1.9214048661e-02,/oss06/data/project/tkcastrosim/HNHuang/project_big_sim/analysis/_used_by_article_nonlinear_evolution_pps/powerspectrum/sim_power_data/new_PL_256_1024_snap0040.npz
256,PL,PL 256,0040,3.4410805658e+00,HMcode2020,4.3161639714e+00,8.0976321542e-01,8.1803241224e-01,9.8989135799e-01,-1.0108642015e-02,/oss06/data/project/tkcastrosim/HNHuang/project_big_sim/analysis/_used_by_article_nonlinear_evolution_pps/powerspectrum/sim_power_data/new_PL_256_1024_snap0040.npz
256,PL,PL 256,0040,3.4410805658e+00,HMcode2020,4.9782192025e+00,6.4663148846e-01,6.7785850302e-01,9.5393284229e-01,-4.6067157705e-02,/oss06/data/project/tkcastrosim/HNHuang/project_big_sim/analysis/_used_by_article_nonlinear_evolution_pps/powerspectrum/sim_power_data/new_PL_256_1024_snap0040.npz
256,PL,PL 256,0040,3.4410805658e+00,HMcode2020,5.7385433480e+00,5.1442008949e-01,5.6072322973e-01,9.1742246836e-01,-8.2577531640e-02,/oss06/data/project/tkcastrosim/HNHuang/project_big_sim/analysis/_used_by_article_nonlinear_evolution_pps/powerspectrum/sim_power_data/new_PL_256_1024_snap0040.npz
256,PL,PL 256,0040,3.4410805658e+00,HMcode2020,6.6210990048e+00,4.0104425307e-01,4.6103567630e-01,8.6987683099e-01,-1.3012316901e-01,/oss06/data/project/tkcastrosim/HNHuang/project_big_sim/analysis/_used_by_article_nonlinear_evolution_pps/powerspectrum/sim_power_data/new_PL_256_1024_snap0040.npz
256,PL,PL 256,0040,3.4410805658e+00,HMcode2020,7.6390637084e+00,3.0669211374e-01,3.7646619835e-01,8.1466042658e-01,-1.8533957342e-01,/oss06/data/project/tkcastrosim/HNHuang/project_big_sim/analysis/_used_by_article_nonlinear_evolution_pps/powerspectrum/sim_power_data/new_PL_256_1024_snap0040.npz
256,PL,PL 256,0040,3.4410805658e+00,HMcode2020,8.8038234022e+00,2.2996023244e-01,3.0544861737e-01,7.5286061013e-01,-2.4713938987e-01,/oss06/data/project/tkcastrosim/HNHuang/project_big_sim/analysis/_used_by_article_nonlinear_evolution_pps/powerspectrum/sim_power_data/new_PL_256_1024_snap0040.npz
256,PL,PL 256,0040,3.4410805658e+00,HMcode2020,1.0152530119e+01,1.6969787858e-01,2.4537972375e-01,6.9157253904e-01,-3.0842746096e-01,/oss06/data/project/tkcastrosim/HNHuang/project_big_sim/analysis/_used_by_article_nonlinear_evolution_pps/powerspectrum/sim_power_data/new_PL_256_1024_snap0040.npz
256,PL,PL 256,0040,3.4410805658e+00,HMcode2020,1.1709742572e+01,1.2693682667e-01,1.9519854736e-01,6.5029595962e-01,-3.4970404038e-01,/oss06/data/project/tkcastrosim/HNHuang/project_big_sim/analysis/_used_by_article_nonlinear_evolution_pps/powerspectrum/sim_power_data/new_PL_256_1024_snap0040.npz
256,BTKP1,BT $k_p=1$ 256,0040,3.4410805658e+00,HMcode2020,3.1321246157e-02,1.6510301623e+03,1.5293695951e+03,1.0795494873e+00,7.9549487315e-02,/oss06/data/project/tkcastrosim/HNHuang/project_big_sim/analysis/_used_by_article_nonlinear_evolution_pps/powerspectrum/sim_power_data/bluetilted_kp1_ms1.5_256_snap0040.npz
256,BTKP1,BT $k_p=1$ 256,0040,3.4410805658e+00,HMcode2020,5.4752145346e-02,7.9706617946e+02,9.3981782657e+02,8.4810710855e-01,-1.5189289145e-01,/oss06/data/project/tkcastrosim/HNHuang/project_big_sim/analysis/_used_by_article_nonlinear_evolution_pps/powerspectrum/sim_power_data/bluetilted_kp1_ms1.5_256_snap0040.npz
256,BTKP1,BT $k_p=1$ 256,0040,3.4410805658e+00,HMcode2020,7.6923838852e-02,6.0774594494e+02,7.1577448280e+02,8.4907461714e-01,-1.5092538286e-01,/oss06/data/project/tkcastrosim/HNHuang/project_big_sim/analysis/_used_by_article_nonlinear_evolution_pps/powerspectrum/sim_power_data/bluetilted_kp1_ms1.5_256_snap0040.npz
256,BTKP1,BT $k_p=1$ 256,0040,3.4410805658e+00,HMcode2020,9.9661622308e-02,5.0904063736e+02,4.6725054981e+02,1.0894382844e+00,8.9438284382e-02,/oss06/data/project/tkcastrosim/HNHuang/project_big_sim/analysis/_used_by_article_nonlinear_evolution_pps/powerspectrum/sim_power_data/bluetilted_kp1_ms1.5_256_snap0040.npz
256,BTKP1,BT $k_p=1$ 256,0040,3.4410805658e+00,HMcode2020,1.2511351331e-01,3.9571829739e+02,3.4248704046e+02,1.1554256093e+00,1.5542560929e-01,/oss06/data/project/tkcastrosim/HNHuang/project_big_sim/analysis/_used_by_article_nonlinear_evolution_pps/powerspectrum/sim_power_data/bluetilted_kp1_ms1.5_256_snap0040.npz
256,BTKP1,BT $k_p=1$ 256,0040,3.4410805658e+00,HMcode2020,1.5025472413e-01,2.6473171075e+02,2.5846074546e+02,1.0242627378e+00,2.4262737780e-02,/oss06/data/project/tkcastrosim/HNHuang/project_big_sim/analysis/_used_by_article_nonlinear_evolution_pps/powerspectrum/sim_power_data/bluetilted_kp1_ms1.5_256_snap0040.npz
256,BTKP1,BT $k_p=1$ 256,0040,3.4410805658e+00,HMcode2020,1.7356669306e-01,2.0324897715e+02,1.9359499519e+02,1.0498668984e+00,4.9866898436e-02,/oss06/data/project/tkcastrosim/HNHuang/project_big_sim/analysis/_used_by_article_nonlinear_evolution_pps/powerspectrum/sim_power_data/bluetilted_kp1_ms1.5_256_snap0040.npz
256,BTKP1,BT $k_p=1$ 256,0040,3.4410805658e+00,HMcode2020,1.9696505611e-01,1.6935486773e+02,1.6208962133e+02,1.0448224034e+00,4.4822403445e-02,/oss06/data/project/tkcastrosim/HNHuang/project_big_sim/analysis/_used_by_article_nonlinear_evolution_pps/powerspectrum/sim_power_data/bluetilted_kp1_ms1.5_256_snap0040.npz
256,BTKP1,BT $k_p=1$ 256,0040,3.4410805658e+00,HMcode2020,2.2230178206e-01,1.4546105870e+02,1.2629533754e+02,1.1517531964e+00,1.5175319639e-01,/oss06/data/project/tkcastrosim/HNHuang/project_big_sim/analysis/_used_by_article_nonlinear_evolution_pps/powerspectrum/sim_power_data/bluetilted_kp1_ms1.5_256_snap0040.npz
256,BTKP1,BT $k_p=1$ 256,0040,3.4410805658e+00,HMcode2020,2.4772821385e-01,1.1504702897e+02,1.0429601212e+02,1.1030817634e+00,1.0308176344e-01,/oss06/data/project/tkcastrosim/HNHuang/project_big_sim/analysis/_used_by_article_nonlinear_evolution_pps/powerspectrum/sim_power_data/bluetilted_kp1_ms1.5_256_snap0040.npz
256,BTKP1,BT $k_p=1$ 256,0040,3.4410805658e+00,HMcode2020,2.8311259379e-01,9.0878835924e+01,8.0669019087e+01,1.1265642864e+00,1.2656428643e-01,/oss06/data/project/tkcastrosim/HNHuang/project_big_sim/analysis/_used_by_article_nonlinear_evolution_pps/powerspectrum/sim_power_data/bluetilted_kp1_ms1.5_256_snap0040.npz
256,BTKP1,BT $k_p=1$ 256,0040,3.4410805658e+00,HMcode2020,3.3231811963e-01,6.5653394821e+01,5.9378217068e+01,1.1056814782e+00,1.0568147820e-01,/oss06/data/project/tkcastrosim/HNHuang/project_big_sim/analysis/_used_by_article_nonlinear_evolution_pps/powerspectrum/sim_power_data/bluetilted_kp1_ms1.5_256_snap0040.npz
256,BTKP1,BT $k_p=1$ 256,0040,3.4410805658e+00,HMcode2020,3.8049456271e-01,5.2931374622e+01,4.5449446935e+01,1.1646208742e+00,1.6462087421e-01,/oss06/data/project/tkcastrosim/HNHuang/project_big_sim/analysis/_used_by_article_nonlinear_evolution_pps/powerspectrum/sim_power_data/bluetilted_kp1_ms1.5_256_snap0040.npz
256,BTKP1,BT $k_p=1$ 256,0040,3.4410805658e+00,HMcode2020,4.4231696955e-01,3.8249783275e+01,3.3650849022e+01,1.1366662176e+00,1.3666621756e-01,/oss06/data/project/tkcastrosim/HNHuang/project_big_sim/analysis/_used_by_article_nonlinear_evolution_pps/powerspectrum/sim_power_data/bluetilted_kp1_ms1.5_256_snap0040.npz
256,BTKP1,BT $k_p=1$ 256,0040,3.4410805658e+00,HMcode2020,5.1573074217e-01,2.8718190611e+01,2.4753188049e+01,1.1601814907e+00,1.6018149070e-01,/oss06/data/project/tkcastrosim/HNHuang/project_big_sim/analysis/_used_by_article_nonlinear_evolution_pps/powerspectrum/sim_power_data/bluetilted_kp1_ms1.5_256_snap0040.npz
256,BTKP1,BT $k_p=1$ 256,0040,3.4410805658e+00,HMcode2020,5.8908320202e-01,2.2425505300e+01,1.8981694074e+01,1.1814280228e+00,1.8142802281e-01,/oss06/data/project/tkcastrosim/HNHuang/project_big_sim/analysis/_used_by_article_nonlinear_evolution_pps/powerspectrum/sim_power_data/bluetilted_kp1_ms1.5_256_snap0040.npz
256,BTKP1,BT $k_p=1$ 256,0040,3.4410805658e+00,HMcode2020,6.7509441259e-01,1.7491078887e+01,1.4499676783e+01,1.2063081921e+00,2.0630819213e-01,/oss06/data/project/tkcastrosim/HNHuang/project_big_sim/analysis/_used_by_article_nonlinear_evolution_pps/powerspectrum/sim_power_data/bluetilted_kp1_ms1.5_256_snap0040.npz
256,BTKP1,BT $k_p=1$ 256,0040,3.4410805658e+00,HMcode2020,7.7305003115e-01,1.3484038239e+01,1.1163110082e+01,1.2079105321e+00,2.0791053213e-01,/oss06/data/project/tkcastrosim/HNHuang/project_big_sim/analysis/_used_by_article_nonlinear_evolution_pps/powerspectrum/sim_power_data/bluetilted_kp1_ms1.5_256_snap0040.npz
256,BTKP1,BT $k_p=1$ 256,0040,3.4410805658e+00,HMcode2020,8.9529144402e-01,1.0519203791e+01,8.5264504574e+00,1.2337142922e+00,2.3371429219e-01,/oss06/data/project/tkcastrosim/HNHuang/project_big_sim/analysis/_used_by_article_nonlinear_evolution_pps/powerspectrum/sim_power_data/bluetilted_kp1_ms1.5_256_snap0040.npz
256,BTKP1,BT $k_p=1$ 256,0040,3.4410805658e+00,HMcode2020,1.0426575900e+00,7.9873969576e+00,6.5900220214e+00,1.2120440465e+00,2.1204404653e-01,/oss06/data/project/tkcastrosim/HNHuang/project_big_sim/analysis/_used_by_article_nonlinear_evolution_pps/powerspectrum/sim_power_data/bluetilted_kp1_ms1.5_256_snap0040.npz
256,BTKP1,BT $k_p=1$ 256,0040,3.4410805658e+00,HMcode2020,1.2019428034e+00,6.2400557671e+00,5.2851147732e+00,1.1806850059e+00,1.8068500588e-01,/oss06/data/project/tkcastrosim/HNHuang/project_big_sim/analysis/_used_by_article_nonlinear_evolution_pps/powerspectrum/sim_power_data/bluetilted_kp1_ms1.5_256_snap0040.npz
256,BTKP1,BT $k_p=1$ 256,0040,3.4410805658e+00,HMcode2020,1.3858629103e+00,5.1088063146e+00,4.2954244041e+00,1.1893600804e+00,1.8936008039e-01,/oss06/data/project/tkcastrosim/HNHuang/project_big_sim/analysis/_used_by_article_nonlinear_evolution_pps/powerspectrum/sim_power_data/bluetilted_kp1_ms1.5_256_snap0040.npz
256,BTKP1,BT $k_p=1$ 256,0040,3.4410805658e+00,HMcode2020,1.5943235553e+00,4.1217263328e+00,3.5384164057e+00,1.1648505603e+00,1.6485056032e-01,/oss06/data/project/tkcastrosim/HNHuang/project_big_sim/analysis/_used_by_article_nonlinear_evolution_pps/powerspectrum/sim_power_data/bluetilted_kp1_ms1.5_256_snap0040.npz
256,BTKP1,BT $k_p=1$ 256,0040,3.4410805658e+00,HMcode2020,1.8393490113e+00,3.3549455191e+00,2.9252039161e+00,1.1469099644e+00,1.4690996436e-01,/oss06/data/project/tkcastrosim/HNHuang/project_big_sim/analysis/_used_by_article_nonlinear_evolution_pps/powerspectrum/sim_power_data/bluetilted_kp1_ms1.5_256_snap0040.npz
256,BTKP1,BT $k_p=1$ 256,0040,3.4410805658e+00,HMcode2020,2.1215528448e+00,2.7211762705e+00,2.4350842336e+00,1.1174875320e+00,1.1748753205e-01,/oss06/data/project/tkcastrosim/HNHuang/project_big_sim/analysis/_used_by_article_nonlinear_evolution_pps/powerspectrum/sim_power_data/bluetilted_kp1_ms1.5_256_snap0040.npz
256,BTKP1,BT $k_p=1$ 256,0040,3.4410805658e+00,HMcode2020,2.4402500543e+00,2.2530887129e+00,2.0357663148e+00,1.1067521338e+00,1.0675213383e-01,/oss06/data/project/tkcastrosim/HNHuang/project_big_sim/analysis/_used_by_article_nonlinear_evolution_pps/powerspectrum/sim_power_data/bluetilted_kp1_ms1.5_256_snap0040.npz
256,BTKP1,BT $k_p=1$ 256,0040,3.4410805658e+00,HMcode2020,2.8081075873e+00,1.8571545686e+00,1.7205191451e+00,1.0794152299e+00,7.9415229906e-02,/oss06/data/project/tkcastrosim/HNHuang/project_big_sim/analysis/_used_by_article_nonlinear_evolution_pps/powerspectrum/sim_power_data/bluetilted_kp1_ms1.5_256_snap0040.npz
256,BTKP1,BT $k_p=1$ 256,0040,3.4410805658e+00,HMcode2020,3.2371187256e+00,1.5329261624e+00,1.4579705690e+00,1.0514109098e+00,5.1410909783e-02,/oss06/data/project/tkcastrosim/HNHuang/project_big_sim/analysis/_used_by_article_nonlinear_evolution_pps/powerspectrum/sim_power_data/bluetilted_kp1_ms1.5_256_snap0040.npz
256,BTKP1,BT $k_p=1$ 256,0040,3.4410805658e+00,HMcode2020,3.7397863170e+00,1.2644936913e+00,1.2366271715e+00,1.0225342936e+00,2.2534293635e-02,/oss06/data/project/tkcastrosim/HNHuang/project_big_sim/analysis/_used_by_article_nonlinear_evolution_pps/powerspectrum/sim_power_data/bluetilted_kp1_ms1.5_256_snap0040.npz
256,BTKP1,BT $k_p=1$ 256,0040,3.4410805658e+00,HMcode2020,4.3161639714e+00,1.0431366468e+00,1.0519384332e+00,9.9163279318e-01,-8.3672068247e-03,/oss06/data/project/tkcastrosim/HNHuang/project_big_sim/analysis/_used_by_article_nonlinear_evolution_pps/powerspectrum/sim_power_data/bluetilted_kp1_ms1.5_256_snap0040.npz
256,BTKP1,BT $k_p=1$ 256,0040,3.4410805658e+00,HMcode2020,4.9782192025e+00,8.5351003222e-01,8.9520401679e-01,9.5342515920e-01,-4.6574840799e-02,/oss06/data/project/tkcastrosim/HNHuang/project_big_sim/analysis/_used_by_article_nonlinear_evolution_pps/powerspectrum/sim_power_data/bluetilted_kp1_ms1.5_256_snap0040.npz
256,BTKP1,BT $k_p=1$ 256,0040,3.4410805658e+00,HMcode2020,5.7385433480e+00,6.9618827090e-01,7.6052929023e-01,9.1539968262e-01,-8.4600317385e-02,/oss06/data/project/tkcastrosim/HNHuang/project_big_sim/analysis/_used_by_article_nonlinear_evolution_pps/powerspectrum/sim_power_data/bluetilted_kp1_ms1.5_256_snap0040.npz
256,BTKP1,BT $k_p=1$ 256,0040,3.4410805658e+00,HMcode2020,6.6210990048e+00,5.5850153882e-01,6.4265333897e-01,8.6905568672e-01,-1.3094431328e-01,/oss06/data/project/tkcastrosim/HNHuang/project_big_sim/analysis/_used_by_article_nonlinear_evolution_pps/powerspectrum/sim_power_data/bluetilted_kp1_ms1.5_256_snap0040.npz
256,BTKP1,BT $k_p=1$ 256,0040,3.4410805658e+00,HMcode2020,7.6390637084e+00,4.4008514202e-01,5.3967799252e-01,8.1545875155e-01,-1.8454124845e-01,/oss06/data/project/tkcastrosim/HNHuang/project_big_sim/analysis/_used_by_article_nonlinear_evolution_pps/powerspectrum/sim_power_data/bluetilted_kp1_ms1.5_256_snap0040.npz
256,BTKP1,BT $k_p=1$ 256,0040,3.4410805658e+00,HMcode2020,8.8038234022e+00,3.4188150538e-01,4.5049555110e-01,7.5890095818e-01,-2.4109904182e-01,/oss06/data/project/tkcastrosim/HNHuang/project_big_sim/analysis/_used_by_article_nonlinear_evolution_pps/powerspectrum/sim_power_data/bluetilted_kp1_ms1.5_256_snap0040.npz
256,BTKP1,BT $k_p=1$ 256,0040,3.4410805658e+00,HMcode2020,1.0152530119e+01,2.6241956154e-01,3.7256350528e-01,7.0436196199e-01,-2.9563803801e-01,/oss06/data/project/tkcastrosim/HNHuang/project_big_sim/analysis/_used_by_article_nonlinear_evolution_pps/powerspectrum/sim_power_data/bluetilted_kp1_ms1.5_256_snap0040.npz
256,BTKP1,BT $k_p=1$ 256,0040,3.4410805658e+00,HMcode2020,1.1709742572e+01,2.0456815357e-01,3.0520031315e-01,6.7027504479e-01,-3.2972495521e-01,/oss06/data/project/tkcastrosim/HNHuang/project_big_sim/analysis/_used_by_article_nonlinear_evolution_pps/powerspectrum/sim_power_data/bluetilted_kp1_ms1.5_256_snap0040.npz
256,BTKP10,BT $k_p=10$ 256,0040,3.4410805658e+00,HMcode2020,3.1321246157e-02,1.6515672997e+03,1.5294272296e+03,1.0798600076e+00,7.9860007570e-02,/oss06/data/project/tkcastrosim/HNHuang/project_big_sim/analysis/_used_by_article_nonlinear_evolution_pps/powerspectrum/sim_power_data/bluetilted_kp10_ms1.5_256_snap0040.npz
256,BTKP10,BT $k_p=10$ 256,0040,3.4410805658e+00,HMcode2020,5.4752145346e-02,7.9736181703e+02,9.3999691801e+02,8.4826003336e-01,-1.5173996664e-01,/oss06/data/project/tkcastrosim/HNHuang/project_big_sim/analysis/_used_by_article_nonlinear_evolution_pps/powerspectrum/sim_power_data/bluetilted_kp10_ms1.5_256_snap0040.npz
256,BTKP10,BT $k_p=10$ 256,0040,3.4410805658e+00,HMcode2020,7.6923838852e-02,6.0801836824e+02,7.1614440376e+02,8.4901643446e-01,-1.5098356554e-01,/oss06/data/project/tkcastrosim/HNHuang/project_big_sim/analysis/_used_by_article_nonlinear_evolution_pps/powerspectrum/sim_power_data/bluetilted_kp10_ms1.5_256_snap0040.npz
256,BTKP10,BT $k_p=10$ 256,0040,3.4410805658e+00,HMcode2020,9.9661622308e-02,5.0932092994e+02,4.6779355050e+02,1.0887728772e+00,8.8772877246e-02,/oss06/data/project/tkcastrosim/HNHuang/project_big_sim/analysis/_used_by_article_nonlinear_evolution_pps/powerspectrum/sim_power_data/bluetilted_kp10_ms1.5_256_snap0040.npz
256,BTKP10,BT $k_p=10$ 256,0040,3.4410805658e+00,HMcode2020,1.2511351331e-01,3.9597951617e+02,3.4327546265e+02,1.1535328308e+00,1.5353283077e-01,/oss06/data/project/tkcastrosim/HNHuang/project_big_sim/analysis/_used_by_article_nonlinear_evolution_pps/powerspectrum/sim_power_data/bluetilted_kp10_ms1.5_256_snap0040.npz
256,BTKP10,BT $k_p=10$ 256,0040,3.4410805658e+00,HMcode2020,1.5025472413e-01,2.6494273645e+02,2.5947089874e+02,1.0210884447e+00,2.1088444719e-02,/oss06/data/project/tkcastrosim/HNHuang/project_big_sim/analysis/_used_by_article_nonlinear_evolution_pps/powerspectrum/sim_power_data/bluetilted_kp10_ms1.5_256_snap0040.npz
256,BTKP10,BT $k_p=10$ 256,0040,3.4410805658e+00,HMcode2020,1.7356669306e-01,2.0344402001e+02,1.9473510358e+02,1.0447218620e+00,4.4721862003e-02,/oss06/data/project/tkcastrosim/HNHuang/project_big_sim/analysis/_used_by_article_nonlinear_evolution_pps/powerspectrum/sim_power_data/bluetilted_kp10_ms1.5_256_snap0040.npz
256,BTKP10,BT $k_p=10$ 256,0040,3.4410805658e+00,HMcode2020,1.9696505611e-01,1.6953896407e+02,1.6338219097e+02,1.0376832570e+00,3.7683257044e-02,/oss06/data/project/tkcastrosim/HNHuang/project_big_sim/analysis/_used_by_article_nonlinear_evolution_pps/powerspectrum/sim_power_data/bluetilted_kp10_ms1.5_256_snap0040.npz
256,BTKP10,BT $k_p=10$ 256,0040,3.4410805658e+00,HMcode2020,2.2230178206e-01,1.4565293049e+02,1.2763475853e+02,1.1411697892e+00,1.4116978921e-01,/oss06/data/project/tkcastrosim/HNHuang/project_big_sim/analysis/_used_by_article_nonlinear_evolution_pps/powerspectrum/sim_power_data/bluetilted_kp10_ms1.5_256_snap0040.npz
256,BTKP10,BT $k_p=10$ 256,0040,3.4410805658e+00,HMcode2020,2.4772821385e-01,1.1522757257e+02,1.0566718299e+02,1.0904764308e+00,9.0476430843e-02,/oss06/data/project/tkcastrosim/HNHuang/project_big_sim/analysis/_used_by_article_nonlinear_evolution_pps/powerspectrum/sim_power_data/bluetilted_kp10_ms1.5_256_snap0040.npz
256,BTKP10,BT $k_p=10$ 256,0040,3.4410805658e+00,HMcode2020,2.8311259379e-01,9.1057416975e+01,8.2007849255e+01,1.1103500190e+00,1.1035001896e-01,/oss06/data/project/tkcastrosim/HNHuang/project_big_sim/analysis/_used_by_article_nonlinear_evolution_pps/powerspectrum/sim_power_data/bluetilted_kp10_ms1.5_256_snap0040.npz
256,BTKP10,BT $k_p=10$ 256,0040,3.4410805658e+00,HMcode2020,3.3231811963e-01,6.5817856196e+01,6.0615891693e+01,1.0858184934e+00,8.5818493421e-02,/oss06/data/project/tkcastrosim/HNHuang/project_big_sim/analysis/_used_by_article_nonlinear_evolution_pps/powerspectrum/sim_power_data/bluetilted_kp10_ms1.5_256_snap0040.npz
256,BTKP10,BT $k_p=10$ 256,0040,3.4410805658e+00,HMcode2020,3.8049456271e-01,5.3096209853e+01,4.6561513298e+01,1.1403454504e+00,1.4034545040e-01,/oss06/data/project/tkcastrosim/HNHuang/project_big_sim/analysis/_used_by_article_nonlinear_evolution_pps/powerspectrum/sim_power_data/bluetilted_kp10_ms1.5_256_snap0040.npz
256,BTKP10,BT $k_p=10$ 256,0040,3.4410805658e+00,HMcode2020,4.4231696955e-01,3.8409718082e+01,3.4608238466e+01,1.1098431987e+00,1.0984319875e-01,/oss06/data/project/tkcastrosim/HNHuang/project_big_sim/analysis/_used_by_article_nonlinear_evolution_pps/powerspectrum/sim_power_data/bluetilted_kp10_ms1.5_256_snap0040.npz
256,BTKP10,BT $k_p=10$ 256,0040,3.4410805658e+00,HMcode2020,5.1573074217e-01,2.8872648611e+01,2.5553882631e+01,1.1298732575e+00,1.2987325755e-01,/oss06/data/project/tkcastrosim/HNHuang/project_big_sim/analysis/_used_by_article_nonlinear_evolution_pps/powerspectrum/sim_power_data/bluetilted_kp10_ms1.5_256_snap0040.npz
256,BTKP10,BT $k_p=10$ 256,0040,3.4410805658e+00,HMcode2020,5.8908320202e-01,2.2579652094e+01,1.9650633927e+01,1.1490546400e+00,1.4905464003e-01,/oss06/data/project/tkcastrosim/HNHuang/project_big_sim/analysis/_used_by_article_nonlinear_evolution_pps/powerspectrum/sim_power_data/bluetilted_kp10_ms1.5_256_snap0040.npz
256,BTKP10,BT $k_p=10$ 256,0040,3.4410805658e+00,HMcode2020,6.7509441259e-01,1.7644523838e+01,1.5028251532e+01,1.1740902660e+00,1.7409026600e-01,/oss06/data/project/tkcastrosim/HNHuang/project_big_sim/analysis/_used_by_article_nonlinear_evolution_pps/powerspectrum/sim_power_data/bluetilted_kp10_ms1.5_256_snap0040.npz
256,BTKP10,BT $k_p=10$ 256,0040,3.4410805658e+00,HMcode2020,7.7305003115e-01,1.3632893648e+01,1.1534175120e+01,1.1819565341e+00,1.8195653409e-01,/oss06/data/project/tkcastrosim/HNHuang/project_big_sim/analysis/_used_by_article_nonlinear_evolution_pps/powerspectrum/sim_power_data/bluetilted_kp10_ms1.5_256_snap0040.npz
256,BTKP10,BT $k_p=10$ 256,0040,3.4410805658e+00,HMcode2020,8.9529144402e-01,1.0648574041e+01,8.6914836048e+00,1.2251733450e+00,2.2517334499e-01,/oss06/data/project/tkcastrosim/HNHuang/project_big_sim/analysis/_used_by_article_nonlinear_evolution_pps/powerspectrum/sim_power_data/bluetilted_kp10_ms1.5_256_snap0040.npz
256,BTKP10,BT $k_p=10$ 256,0040,3.4410805658e+00,HMcode2020,1.0426575900e+00,8.0185076437e+00,6.5166713845e+00,1.2304606402e+00,2.3046064019e-01,/oss06/data/project/tkcastrosim/HNHuang/project_big_sim/analysis/_used_by_article_nonlinear_evolution_pps/powerspectrum/sim_power_data/bluetilted_kp10_ms1.5_256_snap0040.npz
256,BTKP10,BT $k_p=10$ 256,0040,3.4410805658e+00,HMcode2020,1.2019428034e+00,6.1240267078e+00,5.0151092081e+00,1.2211153244e+00,2.2111532444e-01,/oss06/data/project/tkcastrosim/HNHuang/project_big_sim/analysis/_used_by_article_nonlinear_evolution_pps/powerspectrum/sim_power_data/bluetilted_kp10_ms1.5_256_snap0040.npz
256,BTKP10,BT $k_p=10$ 256,0040,3.4410805658e+00,HMcode2020,1.3858629103e+00,4.8796502828e+00,3.8889433840e+00,1.2547496327e+00,2.5474963271e-01,/oss06/data/project/tkcastrosim/HNHuang/project_big_sim/analysis/_used_by_article_nonlinear_evolution_pps/powerspectrum/sim_power_data/bluetilted_kp10_ms1.5_256_snap0040.npz
256,BTKP10,BT $k_p=10$ 256,0040,3.4410805658e+00,HMcode2020,1.5943235553e+00,3.8302186633e+00,3.0561381843e+00,1.2532871331e+00,2.5328713308e-01,/oss06/data/project/tkcastrosim/HNHuang/project_big_sim/analysis/_used_by_article_nonlinear_evolution_pps/powerspectrum/sim_power_data/bluetilted_kp10_ms1.5_256_snap0040.npz
256,BTKP10,BT $k_p=10$ 256,0040,3.4410805658e+00,HMcode2020,1.8393490113e+00,3.0341514380e+00,2.4141984423e+00,1.2567945471e+00,2.5679454714e-01,/oss06/data/project/tkcastrosim/HNHuang/project_big_sim/analysis/_used_by_article_nonlinear_evolution_pps/powerspectrum/sim_power_data/bluetilted_kp10_ms1.5_256_snap0040.npz
256,BTKP10,BT $k_p=10$ 256,0040,3.4410805658e+00,HMcode2020,2.1215528448e+00,2.3947922536e+00,1.9289109369e+00,1.2415255716e+00,2.4152557165e-01,/oss06/data/project/tkcastrosim/HNHuang/project_big_sim/analysis/_used_by_article_nonlinear_evolution_pps/powerspectrum/sim_power_data/bluetilted_kp10_ms1.5_256_snap0040.npz
256,BTKP10,BT $k_p=10$ 256,0040,3.4410805658e+00,HMcode2020,2.4402500543e+00,1.9329358163e+00,1.5647139839e+00,1.2353285241e+00,2.3532852407e-01,/oss06/data/project/tkcastrosim/HNHuang/project_big_sim/analysis/_used_by_article_nonlinear_evolution_pps/powerspectrum/sim_power_data/bluetilted_kp10_ms1.5_256_snap0040.npz
256,BTKP10,BT $k_p=10$ 256,0040,3.4410805658e+00,HMcode2020,2.8081075873e+00,1.5534562492e+00,1.2802740139e+00,1.2133779428e+00,2.1337794282e-01,/oss06/data/project/tkcastrosim/HNHuang/project_big_sim/analysis/_used_by_article_nonlinear_evolution_pps/powerspectrum/sim_power_data/bluetilted_kp10_ms1.5_256_snap0040.npz
256,BTKP10,BT $k_p=10$ 256,0040,3.4410805658e+00,HMcode2020,3.2371187256e+00,1.2529410057e+00,1.0541837389e+00,1.1885413893e+00,1.8854138932e-01,/oss06/data/project/tkcastrosim/HNHuang/project_big_sim/analysis/_used_by_article_nonlinear_evolution_pps/powerspectrum/sim_power_data/bluetilted_kp10_ms1.5_256_snap0040.npz
256,BTKP10,BT $k_p=10$ 256,0040,3.4410805658e+00,HMcode2020,3.7397863170e+00,1.0069447775e+00,8.7109153165e-01,1.1559574866e+00,1.5595748659e-01,/oss06/data/project/tkcastrosim/HNHuang/project_big_sim/analysis/_used_by_article_nonlinear_evolution_pps/powerspectrum/sim_power_data/bluetilted_kp10_ms1.5_256_snap0040.npz
256,BTKP10,BT $k_p=10$ 256,0040,3.4410805658e+00,HMcode2020,4.3161639714e+00,8.0962134028e-01,7.2360326993e-01,1.1188746291e+00,1.1887462913e-01,/oss06/data/project/tkcastrosim/HNHuang/project_big_sim/analysis/_used_by_article_nonlinear_evolution_pps/powerspectrum/sim_power_data/bluetilted_kp10_ms1.5_256_snap0040.npz
256,BTKP10,BT $k_p=10$ 256,0040,3.4410805658e+00,HMcode2020,4.9782192025e+00,6.4637550313e-01,6.0218384290e-01,1.0733856625e+00,7.3385662457e-02,/oss06/data/project/tkcastrosim/HNHuang/project_big_sim/analysis/_used_by_article_nonlinear_evolution_pps/powerspectrum/sim_power_data/bluetilted_kp10_ms1.5_256_snap0040.npz
256,BTKP10,BT $k_p=10$ 256,0040,3.4410805658e+00,HMcode2020,5.7385433480e+00,5.1428187066e-01,5.0054957695e-01,1.0274344328e+00,2.7434432755e-02,/oss06/data/project/tkcastrosim/HNHuang/project_big_sim/analysis/_used_by_article_nonlinear_evolution_pps/powerspectrum/sim_power_data/bluetilted_kp10_ms1.5_256_snap0040.npz
256,BTKP10,BT $k_p=10$ 256,0040,3.4410805658e+00,HMcode2020,6.6210990048e+00,4.0095517915e-01,4.1371545003e-01,9.6915689061e-01,-3.0843109387e-02,/oss06/data/project/tkcastrosim/HNHuang/project_big_sim/analysis/_used_by_article_nonlinear_evolution_pps/powerspectrum/sim_power_data/bluetilted_kp10_ms1.5_256_snap0040.npz
256,BTKP10,BT $k_p=10$ 256,0040,3.4410805658e+00,HMcode2020,7.6390637084e+00,3.0663098812e-01,3.3963472781e-01,9.0282578019e-01,-9.7174219807e-02,/oss06/data/project/tkcastrosim/HNHuang/project_big_sim/analysis/_used_by_article_nonlinear_evolution_pps/powerspectrum/sim_power_data/bluetilted_kp10_ms1.5_256_snap0040.npz
256,BTKP10,BT $k_p=10$ 256,0040,3.4410805658e+00,HMcode2020,8.8038234022e+00,2.2992722271e-01,2.7701717099e-01,8.3001072422e-01,-1.6998927578e-01,/oss06/data/project/tkcastrosim/HNHuang/project_big_sim/analysis/_used_by_article_nonlinear_evolution_pps/powerspectrum/sim_power_data/bluetilted_kp10_ms1.5_256_snap0040.npz
256,BTKP10,BT $k_p=10$ 256,0040,3.4410805658e+00,HMcode2020,1.0152530119e+01,1.6973001217e-01,2.2413598600e-01,7.5726354878e-01,-2.4273645122e-01,/oss06/data/project/tkcastrosim/HNHuang/project_big_sim/analysis/_used_by_article_nonlinear_evolution_pps/powerspectrum/sim_power_data/bluetilted_kp10_ms1.5_256_snap0040.npz
256,BTKP10,BT $k_p=10$ 256,0040,3.4410805658e+00,HMcode2020,1.1709742572e+01,1.2699918468e-01,1.8152337599e-01,6.9962991812e-01,-3.0037008188e-01,/oss06/data/project/tkcastrosim/HNHuang/project_big_sim/analysis/_used_by_article_nonlinear_evolution_pps/powerspectrum/sim_power_data/bluetilted_kp10_ms1.5_256_snap0040.npz
25,PL,PL 25,0032,8.5198506052e+00,HMcode2020,3.2072956064e-01,1.5793107384e+01,1.4015863675e+01,1.1268022970e+00,1.2680229703e-01,/oss06/data/project/tkcastrosim/HNHuang/project_big_sim/analysis/_used_by_article_nonlinear_evolution_pps/powerspectrum/sim_power_data/cdm_25_snap0032.npz
25,PL,PL 25,0032,8.5198506052e+00,HMcode2020,5.6066196834e-01,3.9813496138e+00,4.3837263331e+00,9.0821125937e-01,-9.1788740628e-02,/oss06/data/project/tkcastrosim/HNHuang/project_big_sim/analysis/_used_by_article_nonlinear_evolution_pps/powerspectrum/sim_power_data/cdm_25_snap0032.npz
25,PL,PL 25,0032,8.5198506052e+00,HMcode2020,7.8770010985e-01,1.9190812188e+00,2.0870322601e+00,9.1952637986e-01,-8.0473620135e-02,/oss06/data/project/tkcastrosim/HNHuang/project_big_sim/analysis/_used_by_article_nonlinear_evolution_pps/powerspectrum/sim_power_data/cdm_25_snap0032.npz
25,PL,PL 25,0032,8.5198506052e+00,HMcode2020,1.0205350124e+00,1.3262177350e+00,1.1704837718e+00,1.1330509375e+00,1.3305093752e-01,/oss06/data/project/tkcastrosim/HNHuang/project_big_sim/analysis/_used_by_article_nonlinear_evolution_pps/powerspectrum/sim_power_data/cdm_25_snap0032.npz
25,PL,PL 25,0032,8.5198506052e+00,HMcode2020,1.2811623763e+00,8.7086151177e-01,6.9986520169e-01,1.2443274929e+00,2.4432749288e-01,/oss06/data/project/tkcastrosim/HNHuang/project_big_sim/analysis/_used_by_article_nonlinear_evolution_pps/powerspectrum/sim_power_data/cdm_25_snap0032.npz
25,PL,PL 25,0032,8.5198506052e+00,HMcode2020,1.5386083751e+00,5.1048096894e-01,4.6131537387e-01,1.1065769707e+00,1.0657697066e-01,/oss06/data/project/tkcastrosim/HNHuang/project_big_sim/analysis/_used_by_article_nonlinear_evolution_pps/powerspectrum/sim_power_data/cdm_25_snap0032.npz
25,PL,PL 25,0032,8.5198506052e+00,HMcode2020,1.7773229369e+00,3.8180046464e-01,3.3190692763e-01,1.1503238795e+00,1.5032387955e-01,/oss06/data/project/tkcastrosim/HNHuang/project_big_sim/analysis/_used_by_article_nonlinear_evolution_pps/powerspectrum/sim_power_data/cdm_25_snap0032.npz
25,PL,PL 25,0032,8.5198506052e+00,HMcode2020,2.0169221746e+00,3.0507138887e-01,2.4865640306e-01,1.2268792805e+00,2.2687928046e-01,/oss06/data/project/tkcastrosim/HNHuang/project_big_sim/analysis/_used_by_article_nonlinear_evolution_pps/powerspectrum/sim_power_data/cdm_25_snap0032.npz
25,PL,PL 25,0032,8.5198506052e+00,HMcode2020,2.2763702483e+00,2.3659322871e-01,1.8870120076e-01,1.2537982151e+00,2.5379821514e-01,/oss06/data/project/tkcastrosim/HNHuang/project_big_sim/analysis/_used_by_article_nonlinear_evolution_pps/powerspectrum/sim_power_data/cdm_25_snap0032.npz
25,PL,PL 25,0032,8.5198506052e+00,HMcode2020,2.5367369098e+00,1.7093602661e-01,1.4755520497e-01,1.1584547400e+00,1.5845473995e-01,/oss06/data/project/tkcastrosim/HNHuang/project_big_sim/analysis/_used_by_article_nonlinear_evolution_pps/powerspectrum/sim_power_data/cdm_25_snap0032.npz
25,PL,PL 25,0032,8.5198506052e+00,HMcode2020,2.8990729604e+00,1.4047346249e-01,1.0908796607e-01,1.2877081455e+00,2.8770814547e-01,/oss06/data/project/tkcastrosim/HNHuang/project_big_sim/analysis/_used_by_article_nonlinear_evolution_pps/powerspectrum/sim_power_data/cdm_25_snap0032.npz
25,PL,PL 25,0032,8.5198506052e+00,HMcode2020,3.4029375450e+00,9.3645982320e-02,7.6166014944e-02,1.2294982531e+00,2.2949825312e-01,/oss06/data/project/tkcastrosim/HNHuang/project_big_sim/analysis/_used_by_article_nonlinear_evolution_pps/powerspectrum/sim_power_data/cdm_25_snap0032.npz
25,PL,PL 25,0032,8.5198506052e+00,HMcode2020,3.8962643222e+00,7.0449426352e-02,5.6443733746e-02,1.2481354736e+00,2.4813547363e-01,/oss06/data/project/tkcastrosim/HNHuang/project_big_sim/analysis/_used_by_article_nonlinear_evolution_pps/powerspectrum/sim_power_data/cdm_25_snap0032.npz
25,PL,PL 25,0032,8.5198506052e+00,HMcode2020,4.5293257682e+00,5.1042983864e-02,4.0669713259e-02,1.2550613165e+00,2.5506131649e-01,/oss06/data/project/tkcastrosim/HNHuang/project_big_sim/analysis/_used_by_article_nonlinear_evolution_pps/powerspectrum/sim_power_data/cdm_25_snap0032.npz
25,PL,PL 25,0032,8.5198506052e+00,HMcode2020,5.2810827998e+00,3.7011555533e-02,2.9327372375e-02,1.2620140345e+00,2.6201403454e-01,/oss06/data/project/tkcastrosim/HNHuang/project_big_sim/analysis/_used_by_article_nonlinear_evolution_pps/powerspectrum/sim_power_data/cdm_25_snap0032.npz
25,PL,PL 25,0032,8.5198506052e+00,HMcode2020,6.0322119887e+00,2.8215319056e-02,2.2250438659e-02,1.2680792271e+00,2.6807922708e-01,/oss06/data/project/tkcastrosim/HNHuang/project_big_sim/analysis/_used_by_article_nonlinear_evolution_pps/powerspectrum/sim_power_data/cdm_25_snap0032.npz
25,PL,PL 25,0032,8.5198506052e+00,HMcode2020,6.9129667849e+00,2.1528624766e-02,1.6896541458e-02,1.2741438725e+00,2.7414387254e-01,/oss06/data/project/tkcastrosim/HNHuang/project_big_sim/analysis/_used_by_article_nonlinear_evolution_pps/powerspectrum/sim_power_data/cdm_25_snap0032.npz
25,PL,PL 25,0032,8.5198506052e+00,HMcode2020,7.9160323189e+00,1.6485602429e-02,1.2960085905e-02,1.2720287929e+00,2.7202879287e-01,/oss06/data/project/tkcastrosim/HNHuang/project_big_sim/analysis/_used_by_article_nonlinear_evolution_pps/powerspectrum/sim_power_data/cdm_25_snap0032.npz
25,PL,PL 25,0032,8.5198506052e+00,HMcode2020,9.1677843868e+00,1.2446625507e-02,9.8202016406e-03,1.2674511138e+00,2.6745111380e-01,/oss06/data/project/tkcastrosim/HNHuang/project_big_sim/analysis/_used_by_article_nonlinear_evolution_pps/powerspectrum/sim_power_data/cdm_25_snap0032.npz
25,PL,PL 25,0032,8.5198506052e+00,HMcode2020,1.0676813721e+01,9.3903844876e-03,7.4473000950e-03,1.2609112521e+00,2.6091125211e-01,/oss06/data/project/tkcastrosim/HNHuang/project_big_sim/analysis/_used_by_article_nonlinear_evolution_pps/powerspectrum/sim_power_data/cdm_25_snap0032.npz
25,PL,PL 25,0032,8.5198506052e+00,HMcode2020,1.2307894307e+01,7.3169239506e-03,5.8103191976e-03,1.2592981042e+00,2.5929810424e-01,/oss06/data/project/tkcastrosim/HNHuang/project_big_sim/analysis/_used_by_article_nonlinear_evolution_pps/powerspectrum/sim_power_data/cdm_25_snap0032.npz
25,PL,PL 25,0032,8.5198506052e+00,HMcode2020,1.4191236202e+01,5.6257968685e-03,4.5701987478e-03,1.2309742265e+00,2.3097422649e-01,/oss06/data/project/tkcastrosim/HNHuang/project_big_sim/analysis/_used_by_article_nonlinear_evolution_pps/powerspectrum/sim_power_data/cdm_25_snap0032.npz
25,PL,PL 25,0032,8.5198506052e+00,HMcode2020,1.6325873207e+01,4.3780829219e-03,3.6351497267e-03,1.2043748542e+00,2.0437485417e-01,/oss06/data/project/tkcastrosim/HNHuang/project_big_sim/analysis/_used_by_article_nonlinear_evolution_pps/powerspectrum/sim_power_data/cdm_25_snap0032.npz
25,PL,PL 25,0032,8.5198506052e+00,HMcode2020,1.8834933875e+01,3.4459813149e-03,2.8941561139e-03,1.1906687750e+00,1.9066877502e-01,/oss06/data/project/tkcastrosim/HNHuang/project_big_sim/analysis/_used_by_article_nonlinear_evolution_pps/powerspectrum/sim_power_data/cdm_25_snap0032.npz
25,PL,PL 25,0032,8.5198506052e+00,HMcode2020,2.1724701131e+01,2.7246700835e-03,2.3138419901e-03,1.1775523545e+00,1.7755235455e-01,/oss06/data/project/tkcastrosim/HNHuang/project_big_sim/analysis/_used_by_article_nonlinear_evolution_pps/powerspectrum/sim_power_data/cdm_25_snap0032.npz
25,PL,PL 25,0032,8.5198506052e+00,HMcode2020,2.4988160556e+01,2.1579561767e-03,1.8614656970e-03,1.1592779713e+00,1.5927797127e-01,/oss06/data/project/tkcastrosim/HNHuang/project_big_sim/analysis/_used_by_article_nonlinear_evolution_pps/powerspectrum/sim_power_data/cdm_25_snap0032.npz
25,PL,PL 25,0032,8.5198506052e+00,HMcode2020,2.8755021694e+01,1.7238217072e-03,1.4964877733e-03,1.1519116547e+00,1.5191165474e-01,/oss06/data/project/tkcastrosim/HNHuang/project_big_sim/analysis/_used_by_article_nonlinear_evolution_pps/powerspectrum/sim_power_data/cdm_25_snap0032.npz
25,PL,PL 25,0032,8.5198506052e+00,HMcode2020,3.3148095750e+01,1.3603169802e-03,1.1978482975e-03,1.1356337719e+00,1.3563377190e-01,/oss06/data/project/tkcastrosim/HNHuang/project_big_sim/analysis/_used_by_article_nonlinear_evolution_pps/powerspectrum/sim_power_data/cdm_25_snap0032.npz
25,PL,PL 25,0032,8.5198506052e+00,HMcode2020,3.8295411886e+01,1.0659493501e-03,9.5255252995e-04,1.1190452144e+00,1.1904521441e-01,/oss06/data/project/tkcastrosim/HNHuang/project_big_sim/analysis/_used_by_article_nonlinear_evolution_pps/powerspectrum/sim_power_data/cdm_25_snap0032.npz
25,PL,PL 25,0032,8.5198506052e+00,HMcode2020,4.4197519067e+01,8.3225698808e-04,7.5550265835e-04,1.1015937255e+00,1.0159372555e-01,/oss06/data/project/tkcastrosim/HNHuang/project_big_sim/analysis/_used_by_article_nonlinear_evolution_pps/powerspectrum/sim_power_data/cdm_25_snap0032.npz
25,PL,PL 25,0032,8.5198506052e+00,HMcode2020,5.0976964633e+01,6.4037782845e-04,5.9670117069e-04,1.0731968696e+00,7.3196869556e-02,/oss06/data/project/tkcastrosim/HNHuang/project_big_sim/analysis/_used_by_article_nonlinear_evolution_pps/powerspectrum/sim_power_data/cdm_25_snap0032.npz
25,PL,PL 25,0032,8.5198506052e+00,HMcode2020,5.8762683884e+01,4.8529349020e-04,4.6897909706e-04,1.0347870369e+00,3.4787036873e-02,/oss06/data/project/tkcastrosim/HNHuang/project_big_sim/analysis/_used_by_article_nonlinear_evolution_pps/powerspectrum/sim_power_data/cdm_25_snap0032.npz
25,PL,PL 25,0032,8.5198506052e+00,HMcode2020,6.7800053809e+01,3.5886456543e-04,3.6572013450e-04,9.8125460311e-01,-1.8745396889e-02,/oss06/data/project/tkcastrosim/HNHuang/project_big_sim/analysis/_used_by_article_nonlinear_evolution_pps/powerspectrum/sim_power_data/cdm_25_snap0032.npz
25,PL,PL 25,0032,8.5198506052e+00,HMcode2020,7.8224012374e+01,2.5837827015e-04,2.8324451545e-04,9.1220926111e-01,-8.7790738886e-02,/oss06/data/project/tkcastrosim/HNHuang/project_big_sim/analysis/_used_by_article_nonlinear_evolution_pps/powerspectrum/sim_power_data/cdm_25_snap0032.npz
25,PL,PL 25,0032,8.5198506052e+00,HMcode2020,9.0151151638e+01,1.8179785446e-04,2.1827077716e-04,8.3290056888e-01,-1.6709943112e-01,/oss06/data/project/tkcastrosim/HNHuang/project_big_sim/analysis/_used_by_article_nonlinear_evolution_pps/powerspectrum/sim_power_data/cdm_25_snap0032.npz
25,PL,PL 25,0032,8.5198506052e+00,HMcode2020,1.0396190842e+02,1.2512478694e-04,1.6680695052e-04,7.5011734553e-01,-2.4988265447e-01,/oss06/data/project/tkcastrosim/HNHuang/project_big_sim/analysis/_used_by_article_nonlinear_evolution_pps/powerspectrum/sim_power_data/cdm_25_snap0032.npz
25,PL,PL 25,0032,8.5198506052e+00,HMcode2020,1.1990776394e+02,8.6654445329e-05,1.2644240608e-04,6.8532739936e-01,-3.1467260064e-01,/oss06/data/project/tkcastrosim/HNHuang/project_big_sim/analysis/_used_by_article_nonlinear_evolution_pps/powerspectrum/sim_power_data/cdm_25_snap0032.npz
25,BTKP1,BT $k_p=1$ 25,0032,8.5198506052e+00,HMcode2020,3.2072956064e-01,1.5778071629e+01,1.3997977557e+01,1.1271679472e+00,1.2716794722e-01,/oss06/data/project/tkcastrosim/HNHuang/project_big_sim/analysis/_used_by_article_nonlinear_evolution_pps/powerspectrum/sim_power_data/bluetilted_kp1_ms1.5_25_snap0032.npz
25,BTKP1,BT $k_p=1$ 25,0032,8.5198506052e+00,HMcode2020,5.6066196834e-01,3.9718803957e+00,4.3762082059e+00,9.0760772997e-01,-9.2392270033e-02,/oss06/data/project/tkcastrosim/HNHuang/project_big_sim/analysis/_used_by_article_nonlinear_evolution_pps/powerspectrum/sim_power_data/bluetilted_kp1_ms1.5_25_snap0032.npz
25,BTKP1,BT $k_p=1$ 25,0032,8.5198506052e+00,HMcode2020,7.8770010985e-01,1.9112177989e+00,2.0972460964e+00,9.1129877517e-01,-8.8701224826e-02,/oss06/data/project/tkcastrosim/HNHuang/project_big_sim/analysis/_used_by_article_nonlinear_evolution_pps/powerspectrum/sim_power_data/bluetilted_kp1_ms1.5_25_snap0032.npz
25,BTKP1,BT $k_p=1$ 25,0032,8.5198506052e+00,HMcode2020,1.0205350124e+00,1.3397772530e+00,1.2182567077e+00,1.0997495393e+00,9.9749539293e-02,/oss06/data/project/tkcastrosim/HNHuang/project_big_sim/analysis/_used_by_article_nonlinear_evolution_pps/powerspectrum/sim_power_data/bluetilted_kp1_ms1.5_25_snap0032.npz
25,BTKP1,BT $k_p=1$ 25,0032,8.5198506052e+00,HMcode2020,1.2811623763e+00,9.6388349189e-01,8.1333868345e-01,1.1850948584e+00,1.8509485839e-01,/oss06/data/project/tkcastrosim/HNHuang/project_big_sim/analysis/_used_by_article_nonlinear_evolution_pps/powerspectrum/sim_power_data/bluetilted_kp1_ms1.5_25_snap0032.npz
25,BTKP1,BT $k_p=1$ 25,0032,8.5198506052e+00,HMcode2020,1.5386083751e+00,6.1187789062e-01,5.8990822051e-01,1.0372425224e+00,3.7242522387e-02,/oss06/data/project/tkcastrosim/HNHuang/project_big_sim/analysis/_used_by_article_nonlinear_evolution_pps/powerspectrum/sim_power_data/bluetilted_kp1_ms1.5_25_snap0032.npz
25,BTKP1,BT $k_p=1$ 25,0032,8.5198506052e+00,HMcode2020,1.7773229369e+00,4.8732537382e-01,4.5868977700e-01,1.0624291150e+00,6.2429114958e-02,/oss06/data/project/tkcastrosim/HNHuang/project_big_sim/analysis/_used_by_article_nonlinear_evolution_pps/powerspectrum/sim_power_data/bluetilted_kp1_ms1.5_25_snap0032.npz
25,BTKP1,BT $k_p=1$ 25,0032,8.5198506052e+00,HMcode2020,2.0169221746e+00,4.1331999149e-01,3.6798990938e-01,1.1231829487e+00,1.2318294866e-01,/oss06/data/project/tkcastrosim/HNHuang/project_big_sim/analysis/_used_by_article_nonlinear_evolution_pps/powerspectrum/sim_power_data/bluetilted_kp1_ms1.5_25_snap0032.npz
25,BTKP1,BT $k_p=1$ 25,0032,8.5198506052e+00,HMcode2020,2.2763702483e+00,3.4057957998e-01,2.9780343032e-01,1.1436388749e+00,1.4363887487e-01,/oss06/data/project/tkcastrosim/HNHuang/project_big_sim/analysis/_used_by_article_nonlinear_evolution_pps/powerspectrum/sim_power_data/bluetilted_kp1_ms1.5_25_snap0032.npz
25,BTKP1,BT $k_p=1$ 25,0032,8.5198506052e+00,HMcode2020,2.5367369098e+00,2.5873625506e-01,2.4516372457e-01,1.0553610878e+00,5.5361087813e-02,/oss06/data/project/tkcastrosim/HNHuang/project_big_sim/analysis/_used_by_article_nonlinear_evolution_pps/powerspectrum/sim_power_data/bluetilted_kp1_ms1.5_25_snap0032.npz
25,BTKP1,BT $k_p=1$ 25,0032,8.5198506052e+00,HMcode2020,2.8990729604e+00,2.2497768068e-01,1.9479175587e-01,1.1549651046e+00,1.5496510457e-01,/oss06/data/project/tkcastrosim/HNHuang/project_big_sim/analysis/_used_by_article_nonlinear_evolution_pps/powerspectrum/sim_power_data/bluetilted_kp1_ms1.5_25_snap0032.npz
25,BTKP1,BT $k_p=1$ 25,0032,8.5198506052e+00,HMcode2020,3.4029375450e+00,1.6202139595e-01,1.4826531192e-01,1.0927801915e+00,9.2780191473e-02,/oss06/data/project/tkcastrosim/HNHuang/project_big_sim/analysis/_used_by_article_nonlinear_evolution_pps/powerspectrum/sim_power_data/bluetilted_kp1_ms1.5_25_snap0032.npz
25,BTKP1,BT $k_p=1$ 25,0032,8.5198506052e+00,HMcode2020,3.8962643222e+00,1.2931151071e-01,1.1815645118e-01,1.0944092297e+00,9.4409229662e-02,/oss06/data/project/tkcastrosim/HNHuang/project_big_sim/analysis/_used_by_article_nonlinear_evolution_pps/powerspectrum/sim_power_data/bluetilted_kp1_ms1.5_25_snap0032.npz
25,BTKP1,BT $k_p=1$ 25,0032,8.5198506052e+00,HMcode2020,4.5293257682e+00,1.0102145973e-01,9.2263889610e-02,1.0949187180e+00,9.4918718038e-02,/oss06/data/project/tkcastrosim/HNHuang/project_big_sim/analysis/_used_by_article_nonlinear_evolution_pps/powerspectrum/sim_power_data/bluetilted_kp1_ms1.5_25_snap0032.npz
25,BTKP1,BT $k_p=1$ 25,0032,8.5198506052e+00,HMcode2020,5.2810827998e+00,7.9133945274e-02,7.2169520365e-02,1.0965009172e+00,9.6500917202e-02,/oss06/data/project/tkcastrosim/HNHuang/project_big_sim/analysis/_used_by_article_nonlinear_evolution_pps/powerspectrum/sim_power_data/bluetilted_kp1_ms1.5_25_snap0032.npz
25,BTKP1,BT $k_p=1$ 25,0032,8.5198506052e+00,HMcode2020,6.0322119887e+00,6.3878487453e-02,5.8704114369e-02,1.0881432782e+00,8.8143278191e-02,/oss06/data/project/tkcastrosim/HNHuang/project_big_sim/analysis/_used_by_article_nonlinear_evolution_pps/powerspectrum/sim_power_data/bluetilted_kp1_ms1.5_25_snap0032.npz
25,BTKP1,BT $k_p=1$ 25,0032,8.5198506052e+00,HMcode2020,6.9129667849e+00,5.2494027357e-02,4.7827830232e-02,1.0975623837e+00,9.7562383704e-02,/oss06/data/project/tkcastrosim/HNHuang/project_big_sim/analysis/_used_by_article_nonlinear_evolution_pps/powerspectrum/sim_power_data/bluetilted_kp1_ms1.5_25_snap0032.npz
25,BTKP1,BT $k_p=1$ 25,0032,8.5198506052e+00,HMcode2020,7.9160323189e+00,4.2908382318e-02,3.9290540334e-02,1.0920792118e+00,9.2079211759e-02,/oss06/data/project/tkcastrosim/HNHuang/project_big_sim/analysis/_used_by_article_nonlinear_evolution_pps/powerspectrum/sim_power_data/bluetilted_kp1_ms1.5_25_snap0032.npz
25,BTKP1,BT $k_p=1$ 25,0032,8.5198506052e+00,HMcode2020,9.1677843868e+00,3.5095236319e-02,3.2008604164e-02,1.0964313264e+00,9.6431326369e-02,/oss06/data/project/tkcastrosim/HNHuang/project_big_sim/analysis/_used_by_article_nonlinear_evolution_pps/powerspectrum/sim_power_data/bluetilted_kp1_ms1.5_25_snap0032.npz
25,BTKP1,BT $k_p=1$ 25,0032,8.5198506052e+00,HMcode2020,1.0676813721e+01,2.8505845482e-02,2.6100734542e-02,1.0921472511e+00,9.2147251118e-02,/oss06/data/project/tkcastrosim/HNHuang/project_big_sim/analysis/_used_by_article_nonlinear_evolution_pps/powerspectrum/sim_power_data/bluetilted_kp1_ms1.5_25_snap0032.npz
25,BTKP1,BT $k_p=1$ 25,0032,8.5198506052e+00,HMcode2020,1.2307894307e+01,2.3937002605e-02,2.1726616692e-02,1.1017363147e+00,1.0173631470e-01,/oss06/data/project/tkcastrosim/HNHuang/project_big_sim/analysis/_used_by_article_nonlinear_evolution_pps/powerspectrum/sim_power_data/bluetilted_kp1_ms1.5_25_snap0032.npz
25,BTKP1,BT $k_p=1$ 25,0032,8.5198506052e+00,HMcode2020,1.4191236202e+01,1.9774551731e-02,1.8176509078e-02,1.0879180180e+00,8.7918018021e-02,/oss06/data/project/tkcastrosim/HNHuang/project_big_sim/analysis/_used_by_article_nonlinear_evolution_pps/powerspectrum/sim_power_data/bluetilted_kp1_ms1.5_25_snap0032.npz
25,BTKP1,BT $k_p=1$ 25,0032,8.5198506052e+00,HMcode2020,1.6325873207e+01,1.6648175149e-02,1.5305024997e-02,1.0877587690e+00,8.7758768961e-02,/oss06/data/project/tkcastrosim/HNHuang/project_big_sim/analysis/_used_by_article_nonlinear_evolution_pps/powerspectrum/sim_power_data/bluetilted_kp1_ms1.5_25_snap0032.npz
25,BTKP1,BT $k_p=1$ 25,0032,8.5198506052e+00,HMcode2020,1.8834933875e+01,1.3975885614e-02,1.2861684346e-02,1.0866294987e+00,8.6629498694e-02,/oss06/data/project/tkcastrosim/HNHuang/project_big_sim/analysis/_used_by_article_nonlinear_evolution_pps/powerspectrum/sim_power_data/bluetilted_kp1_ms1.5_25_snap0032.npz
25,BTKP1,BT $k_p=1$ 25,0032,8.5198506052e+00,HMcode2020,2.1724701131e+01,1.1817833596e-02,1.0804676406e-02,1.0937702484e+00,9.3770248416e-02,/oss06/data/project/tkcastrosim/HNHuang/project_big_sim/analysis/_used_by_article_nonlinear_evolution_pps/powerspectrum/sim_power_data/bluetilted_kp1_ms1.5_25_snap0032.npz
25,BTKP1,BT $k_p=1$ 25,0032,8.5198506052e+00,HMcode2020,2.4988160556e+01,1.0012194575e-02,9.0816825979e-03,1.1024603059e+00,1.0246030587e-01,/oss06/data/project/tkcastrosim/HNHuang/project_big_sim/analysis/_used_by_article_nonlinear_evolution_pps/powerspectrum/sim_power_data/bluetilted_kp1_ms1.5_25_snap0032.npz
25,BTKP1,BT $k_p=1$ 25,0032,8.5198506052e+00,HMcode2020,2.8755021694e+01,8.4002035248e-03,7.5944932290e-03,1.1060913838e+00,1.0609138378e-01,/oss06/data/project/tkcastrosim/HNHuang/project_big_sim/analysis/_used_by_article_nonlinear_evolution_pps/powerspectrum/sim_power_data/bluetilted_kp1_ms1.5_25_snap0032.npz
25,BTKP1,BT $k_p=1$ 25,0032,8.5198506052e+00,HMcode2020,3.3148095750e+01,6.9321763058e-03,6.2962193834e-03,1.1010061568e+00,1.0100615681e-01,/oss06/data/project/tkcastrosim/HNHuang/project_big_sim/analysis/_used_by_article_nonlinear_evolution_pps/powerspectrum/sim_power_data/bluetilted_kp1_ms1.5_25_snap0032.npz
25,BTKP1,BT $k_p=1$ 25,0032,8.5198506052e+00,HMcode2020,3.8295411886e+01,5.6531295576e-03,5.1642682061e-03,1.0946622700e+00,9.4662270039e-02,/oss06/data/project/tkcastrosim/HNHuang/project_big_sim/analysis/_used_by_article_nonlinear_evolution_pps/powerspectrum/sim_power_data/bluetilted_kp1_ms1.5_25_snap0032.npz
25,BTKP1,BT $k_p=1$ 25,0032,8.5198506052e+00,HMcode2020,4.4197519067e+01,4.5325633916e-03,4.2058529692e-03,1.0776799438e+00,7.7679943831e-02,/oss06/data/project/tkcastrosim/HNHuang/project_big_sim/analysis/_used_by_article_nonlinear_evolution_pps/powerspectrum/sim_power_data/bluetilted_kp1_ms1.5_25_snap0032.npz
25,BTKP1,BT $k_p=1$ 25,0032,8.5198506052e+00,HMcode2020,5.0976964633e+01,3.5905284456e-03,3.3974169172e-03,1.0568406919e+00,5.6840691946e-02,/oss06/data/project/tkcastrosim/HNHuang/project_big_sim/analysis/_used_by_article_nonlinear_evolution_pps/powerspectrum/sim_power_data/bluetilted_kp1_ms1.5_25_snap0032.npz
25,BTKP1,BT $k_p=1$ 25,0032,8.5198506052e+00,HMcode2020,5.8762683884e+01,2.7645660719e-03,2.7220624063e-03,1.0156145081e+00,1.5614508130e-02,/oss06/data/project/tkcastrosim/HNHuang/project_big_sim/analysis/_used_by_article_nonlinear_evolution_pps/powerspectrum/sim_power_data/bluetilted_kp1_ms1.5_25_snap0032.npz
25,BTKP1,BT $k_p=1$ 25,0032,8.5198506052e+00,HMcode2020,6.7800053809e+01,2.0691425704e-03,2.1588364563e-03,9.5845267221e-01,-4.1547327785e-02,/oss06/data/project/tkcastrosim/HNHuang/project_big_sim/analysis/_used_by_article_nonlinear_evolution_pps/powerspectrum/sim_power_data/bluetilted_kp1_ms1.5_25_snap0032.npz
25,BTKP1,BT $k_p=1$ 25,0032,8.5198506052e+00,HMcode2020,7.8224012374e+01,1.5167951582e-03,1.6973214719e-03,8.9364047016e-01,-1.0635952984e-01,/oss06/data/project/tkcastrosim/HNHuang/project_big_sim/analysis/_used_by_article_nonlinear_evolution_pps/powerspectrum/sim_power_data/bluetilted_kp1_ms1.5_25_snap0032.npz
25,BTKP1,BT $k_p=1$ 25,0032,8.5198506052e+00,HMcode2020,9.0151151638e+01,1.0885174465e-03,1.3263684389e-03,8.2067502101e-01,-1.7932497899e-01,/oss06/data/project/tkcastrosim/HNHuang/project_big_sim/analysis/_used_by_article_nonlinear_evolution_pps/powerspectrum/sim_power_data/bluetilted_kp1_ms1.5_25_snap0032.npz
25,BTKP1,BT $k_p=1$ 25,0032,8.5198506052e+00,HMcode2020,1.0396190842e+02,7.7163128084e-04,1.0277727902e-03,7.5078002473e-01,-2.4921997527e-01,/oss06/data/project/tkcastrosim/HNHuang/project_big_sim/analysis/_used_by_article_nonlinear_evolution_pps/powerspectrum/sim_power_data/bluetilted_kp1_ms1.5_25_snap0032.npz
25,BTKP1,BT $k_p=1$ 25,0032,8.5198506052e+00,HMcode2020,1.1990776394e+02,5.5606731415e-04,7.9043937919e-04,7.0349141097e-01,-2.9650858903e-01,/oss06/data/project/tkcastrosim/HNHuang/project_big_sim/analysis/_used_by_article_nonlinear_evolution_pps/powerspectrum/sim_power_data/bluetilted_kp1_ms1.5_25_snap0032.npz
25,BTKP10,BT $k_p=10$ 25,0032,8.5198506052e+00,HMcode2020,3.2072956064e-01,1.5792538108e+01,1.3984046933e+01,1.1293253079e+00,1.2932530792e-01,/oss06/data/project/tkcastrosim/HNHuang/project_big_sim/analysis/_used_by_article_nonlinear_evolution_pps/powerspectrum/sim_power_data/bluetilted_kp10_ms1.5_25_snap0032.npz
25,BTKP10,BT $k_p=10$ 25,0032,8.5198506052e+00,HMcode2020,5.6066196834e-01,3.9811007279e+00,4.3445463627e+00,9.1634439952e-01,-8.3655600484e-02,/oss06/data/project/tkcastrosim/HNHuang/project_big_sim/analysis/_used_by_article_nonlinear_evolution_pps/powerspectrum/sim_power_data/bluetilted_kp10_ms1.5_25_snap0032.npz
25,BTKP10,BT $k_p=10$ 25,0032,8.5198506052e+00,HMcode2020,7.8770010985e-01,1.9188695043e+00,2.0544711534e+00,9.3399681037e-01,-6.6003189635e-02,/oss06/data/project/tkcastrosim/HNHuang/project_big_sim/analysis/_used_by_article_nonlinear_evolution_pps/powerspectrum/sim_power_data/bluetilted_kp10_ms1.5_25_snap0032.npz
25,BTKP10,BT $k_p=10$ 25,0032,8.5198506052e+00,HMcode2020,1.0205350124e+00,1.3260165880e+00,1.1450857620e+00,1.1580063538e+00,1.5800635382e-01,/oss06/data/project/tkcastrosim/HNHuang/project_big_sim/analysis/_used_by_article_nonlinear_evolution_pps/powerspectrum/sim_power_data/bluetilted_kp10_ms1.5_25_snap0032.npz
25,BTKP10,BT $k_p=10$ 25,0032,8.5198506052e+00,HMcode2020,1.2811623763e+00,8.7065902281e-01,6.8020922471e-01,1.2799870851e+00,2.7998708512e-01,/oss06/data/project/tkcastrosim/HNHuang/project_big_sim/analysis/_used_by_article_nonlinear_evolution_pps/powerspectrum/sim_power_data/bluetilted_kp10_ms1.5_25_snap0032.npz
25,BTKP10,BT $k_p=10$ 25,0032,8.5198506052e+00,HMcode2020,1.5386083751e+00,5.1031513332e-01,4.4555915728e-01,1.1453364272e+00,1.4533642723e-01,/oss06/data/project/tkcastrosim/HNHuang/project_big_sim/analysis/_used_by_article_nonlinear_evolution_pps/powerspectrum/sim_power_data/bluetilted_kp10_ms1.5_25_snap0032.npz
25,BTKP10,BT $k_p=10$ 25,0032,8.5198506052e+00,HMcode2020,1.7773229369e+00,3.8164071452e-01,3.1874899817e-01,1.1973079655e+00,1.9730796553e-01,/oss06/data/project/tkcastrosim/HNHuang/project_big_sim/analysis/_used_by_article_nonlinear_evolution_pps/powerspectrum/sim_power_data/bluetilted_kp10_ms1.5_25_snap0032.npz
25,BTKP10,BT $k_p=10$ 25,0032,8.5198506052e+00,HMcode2020,2.0169221746e+00,3.0491447943e-01,2.3746675496e-01,1.2840301771e+00,2.8403017710e-01,/oss06/data/project/tkcastrosim/HNHuang/project_big_sim/analysis/_used_by_article_nonlinear_evolution_pps/powerspectrum/sim_power_data/bluetilted_kp10_ms1.5_25_snap0032.npz
25,BTKP10,BT $k_p=10$ 25,0032,8.5198506052e+00,HMcode2020,2.2763702483e+00,2.3643357829e-01,1.7914471571e-01,1.3197909710e+00,3.1979097097e-01,/oss06/data/project/tkcastrosim/HNHuang/project_big_sim/analysis/_used_by_article_nonlinear_evolution_pps/powerspectrum/sim_power_data/bluetilted_kp10_ms1.5_25_snap0032.npz
25,BTKP10,BT $k_p=10$ 25,0032,8.5198506052e+00,HMcode2020,2.5367369098e+00,1.7079250750e-01,1.3927453256e-01,1.2263010643e+00,2.2630106426e-01,/oss06/data/project/tkcastrosim/HNHuang/project_big_sim/analysis/_used_by_article_nonlinear_evolution_pps/powerspectrum/sim_power_data/bluetilted_kp10_ms1.5_25_snap0032.npz
25,BTKP10,BT $k_p=10$ 25,0032,8.5198506052e+00,HMcode2020,2.8990729604e+00,1.4032044209e-01,1.0216850445e-01,1.3734217099e+00,3.7342170993e-01,/oss06/data/project/tkcastrosim/HNHuang/project_big_sim/analysis/_used_by_article_nonlinear_evolution_pps/powerspectrum/sim_power_data/bluetilted_kp10_ms1.5_25_snap0032.npz
25,BTKP10,BT $k_p=10$ 25,0032,8.5198506052e+00,HMcode2020,3.4029375450e+00,9.3509755965e-02,7.0611745253e-02,1.3242804810e+00,3.2428048097e-01,/oss06/data/project/tkcastrosim/HNHuang/project_big_sim/analysis/_used_by_article_nonlinear_evolution_pps/powerspectrum/sim_power_data/bluetilted_kp10_ms1.5_25_snap0032.npz
25,BTKP10,BT $k_p=10$ 25,0032,8.5198506052e+00,HMcode2020,3.8962643222e+00,7.0316694533e-02,5.1847109162e-02,1.3562317296e+00,3.5623172961e-01,/oss06/data/project/tkcastrosim/HNHuang/project_big_sim/analysis/_used_by_article_nonlinear_evolution_pps/powerspectrum/sim_power_data/bluetilted_kp10_ms1.5_25_snap0032.npz
25,BTKP10,BT $k_p=10$ 25,0032,8.5198506052e+00,HMcode2020,4.5293257682e+00,5.0911648376e-02,3.6958900065e-02,1.3775206590e+00,3.7752065905e-01,/oss06/data/project/tkcastrosim/HNHuang/project_big_sim/analysis/_used_by_article_nonlinear_evolution_pps/powerspectrum/sim_power_data/bluetilted_kp10_ms1.5_25_snap0032.npz
25,BTKP10,BT $k_p=10$ 25,0032,8.5198506052e+00,HMcode2020,5.2810827998e+00,3.6883646225e-02,2.6357180900e-02,1.3993775118e+00,3.9937751177e-01,/oss06/data/project/tkcastrosim/HNHuang/project_big_sim/analysis/_used_by_article_nonlinear_evolution_pps/powerspectrum/sim_power_data/bluetilted_kp10_ms1.5_25_snap0032.npz
25,BTKP10,BT $k_p=10$ 25,0032,8.5198506052e+00,HMcode2020,6.0322119887e+00,2.8092043959e-02,1.9810391523e-02,1.4180458739e+00,4.1804587388e-01,/oss06/data/project/tkcastrosim/HNHuang/project_big_sim/analysis/_used_by_article_nonlinear_evolution_pps/powerspectrum/sim_power_data/bluetilted_kp10_ms1.5_25_snap0032.npz
25,BTKP10,BT $k_p=10$ 25,0032,8.5198506052e+00,HMcode2020,6.9129667849e+00,2.1406145212e-02,1.4909653106e-02,1.4357238938e+00,4.3572389379e-01,/oss06/data/project/tkcastrosim/HNHuang/project_big_sim/analysis/_used_by_article_nonlinear_evolution_pps/powerspectrum/sim_power_data/bluetilted_kp10_ms1.5_25_snap0032.npz
25,BTKP10,BT $k_p=10$ 25,0032,8.5198506052e+00,HMcode2020,7.9160323189e+00,1.6369956717e-02,1.1347593347e-02,1.4425928227e+00,4.4259282266e-01,/oss06/data/project/tkcastrosim/HNHuang/project_big_sim/analysis/_used_by_article_nonlinear_evolution_pps/powerspectrum/sim_power_data/bluetilted_kp10_ms1.5_25_snap0032.npz
25,BTKP10,BT $k_p=10$ 25,0032,8.5198506052e+00,HMcode2020,9.1677843868e+00,1.2363484108e-02,8.5417430145e-03,1.4474193484e+00,4.4741934840e-01,/oss06/data/project/tkcastrosim/HNHuang/project_big_sim/analysis/_used_by_article_nonlinear_evolution_pps/powerspectrum/sim_power_data/bluetilted_kp10_ms1.5_25_snap0032.npz
25,BTKP10,BT $k_p=10$ 25,0032,8.5198506052e+00,HMcode2020,1.0676813721e+01,9.3845593347e-03,6.5995619312e-03,1.4219973132e+00,4.2199731323e-01,/oss06/data/project/tkcastrosim/HNHuang/project_big_sim/analysis/_used_by_article_nonlinear_evolution_pps/powerspectrum/sim_power_data/bluetilted_kp10_ms1.5_25_snap0032.npz
25,BTKP10,BT $k_p=10$ 25,0032,8.5198506052e+00,HMcode2020,1.2307894307e+01,7.3998118171e-03,5.3790316268e-03,1.3756773208e+00,3.7567732084e-01,/oss06/data/project/tkcastrosim/HNHuang/project_big_sim/analysis/_used_by_article_nonlinear_evolution_pps/powerspectrum/sim_power_data/bluetilted_kp10_ms1.5_25_snap0032.npz
25,BTKP10,BT $k_p=10$ 25,0032,8.5198506052e+00,HMcode2020,1.4191236202e+01,5.7813034520e-03,4.4040531581e-03,1.3127233583e+00,3.1272335834e-01,/oss06/data/project/tkcastrosim/HNHuang/project_big_sim/analysis/_used_by_article_nonlinear_evolution_pps/powerspectrum/sim_power_data/bluetilted_kp10_ms1.5_25_snap0032.npz
25,BTKP10,BT $k_p=10$ 25,0032,8.5198506052e+00,HMcode2020,1.6325873207e+01,4.5717293909e-03,3.6312706782e-03,1.2589888764e+00,2.5898887636e-01,/oss06/data/project/tkcastrosim/HNHuang/project_big_sim/analysis/_used_by_article_nonlinear_evolution_pps/powerspectrum/sim_power_data/bluetilted_kp10_ms1.5_25_snap0032.npz
25,BTKP10,BT $k_p=10$ 25,0032,8.5198506052e+00,HMcode2020,1.8834933875e+01,3.6666303775e-03,2.9900382674e-03,1.2262820906e+00,2.2628209062e-01,/oss06/data/project/tkcastrosim/HNHuang/project_big_sim/analysis/_used_by_article_nonlinear_evolution_pps/powerspectrum/sim_power_data/bluetilted_kp10_ms1.5_25_snap0032.npz
25,BTKP10,BT $k_p=10$ 25,0032,8.5198506052e+00,HMcode2020,2.1724701131e+01,2.9519252687e-03,2.4659053317e-03,1.1970959431e+00,1.9709594315e-01,/oss06/data/project/tkcastrosim/HNHuang/project_big_sim/analysis/_used_by_article_nonlinear_evolution_pps/powerspectrum/sim_power_data/bluetilted_kp10_ms1.5_25_snap0032.npz
25,BTKP10,BT $k_p=10$ 25,0032,8.5198506052e+00,HMcode2020,2.4988160556e+01,2.3790753260e-03,2.0411203978e-03,1.1655732452e+00,1.6557324524e-01,/oss06/data/project/tkcastrosim/HNHuang/project_big_sim/analysis/_used_by_article_nonlinear_evolution_pps/powerspectrum/sim_power_data/bluetilted_kp10_ms1.5_25_snap0032.npz
25,BTKP10,BT $k_p=10$ 25,0032,8.5198506052e+00,HMcode2020,2.8755021694e+01,1.9371875113e-03,1.6863645800e-03,1.1487358868e+00,1.4873588680e-01,/oss06/data/project/tkcastrosim/HNHuang/project_big_sim/analysis/_used_by_article_nonlinear_evolution_pps/powerspectrum/sim_power_data/bluetilted_kp10_ms1.5_25_snap0032.npz
25,BTKP10,BT $k_p=10$ 25,0032,8.5198506052e+00,HMcode2020,3.3148095750e+01,1.5556141611e-03,1.3866961765e-03,1.1218132620e+00,1.2181326202e-01,/oss06/data/project/tkcastrosim/HNHuang/project_big_sim/analysis/_used_by_article_nonlinear_evolution_pps/powerspectrum/sim_power_data/bluetilted_kp10_ms1.5_25_snap0032.npz
25,BTKP10,BT $k_p=10$ 25,0032,8.5198506052e+00,HMcode2020,3.8295411886e+01,1.2455545732e-03,1.1331606484e-03,1.0991862230e+00,9.9186222988e-02,/oss06/data/project/tkcastrosim/HNHuang/project_big_sim/analysis/_used_by_article_nonlinear_evolution_pps/powerspectrum/sim_power_data/bluetilted_kp10_ms1.5_25_snap0032.npz
25,BTKP10,BT $k_p=10$ 25,0032,8.5198506052e+00,HMcode2020,4.4197519067e+01,9.9302044438e-04,9.2371498088e-04,1.0750290565e+00,7.5029056505e-02,/oss06/data/project/tkcastrosim/HNHuang/project_big_sim/analysis/_used_by_article_nonlinear_evolution_pps/powerspectrum/sim_power_data/bluetilted_kp10_ms1.5_25_snap0032.npz
25,BTKP10,BT $k_p=10$ 25,0032,8.5198506052e+00,HMcode2020,5.0976964633e+01,7.8202656581e-04,7.5030306763e-04,1.0422809123e+00,4.2280912272e-02,/oss06/data/project/tkcastrosim/HNHuang/project_big_sim/analysis/_used_by_article_nonlinear_evolution_pps/powerspectrum/sim_power_data/bluetilted_kp10_ms1.5_25_snap0032.npz
25,BTKP10,BT $k_p=10$ 25,0032,8.5198506052e+00,HMcode2020,5.8762683884e+01,6.0857273358e-04,6.0700715820e-04,1.0025791712e+00,2.5791711952e-03,/oss06/data/project/tkcastrosim/HNHuang/project_big_sim/analysis/_used_by_article_nonlinear_evolution_pps/powerspectrum/sim_power_data/bluetilted_kp10_ms1.5_25_snap0032.npz
25,BTKP10,BT $k_p=10$ 25,0032,8.5198506052e+00,HMcode2020,6.7800053809e+01,4.6340142103e-04,4.8786126905e-04,9.4986310746e-01,-5.0136892538e-02,/oss06/data/project/tkcastrosim/HNHuang/project_big_sim/analysis/_used_by_article_nonlinear_evolution_pps/powerspectrum/sim_power_data/bluetilted_kp10_ms1.5_25_snap0032.npz
25,BTKP10,BT $k_p=10$ 25,0032,8.5198506052e+00,HMcode2020,7.8224012374e+01,3.4546662102e-04,3.8983312021e-04,8.8619104715e-01,-1.1380895285e-01,/oss06/data/project/tkcastrosim/HNHuang/project_big_sim/analysis/_used_by_article_nonlinear_evolution_pps/powerspectrum/sim_power_data/bluetilted_kp10_ms1.5_25_snap0032.npz
25,BTKP10,BT $k_p=10$ 25,0032,8.5198506052e+00,HMcode2020,9.0151151638e+01,2.5276552504e-04,3.1014458598e-04,8.1499254370e-01,-1.8500745630e-01,/oss06/data/project/tkcastrosim/HNHuang/project_big_sim/analysis/_used_by_article_nonlinear_evolution_pps/powerspectrum/sim_power_data/bluetilted_kp10_ms1.5_25_snap0032.npz
25,BTKP10,BT $k_p=10$ 25,0032,8.5198506052e+00,HMcode2020,1.0396190842e+02,1.8314140314e-04,2.4490403418e-04,7.4780884583e-01,-2.5219115417e-01,/oss06/data/project/tkcastrosim/HNHuang/project_big_sim/analysis/_used_by_article_nonlinear_evolution_pps/powerspectrum/sim_power_data/bluetilted_kp10_ms1.5_25_snap0032.npz
25,BTKP10,BT $k_p=10$ 25,0032,8.5198506052e+00,HMcode2020,1.1990776394e+02,1.3504061371e-04,1.9192057399e-04,7.0362760438e-01,-2.9637239562e-01,/oss06/data/project/tkcastrosim/HNHuang/project_big_sim/analysis/_used_by_article_nonlinear_evolution_pps/powerspectrum/sim_power_data/bluetilted_kp10_ms1.5_25_snap0032.npz
256,PL,PL 256,0032,8.5198506052e+00,HMcode2020,3.1321246157e-02,3.6670995186e+02,3.3575920249e+02,1.0921813881e+00,9.2181388147e-02,/oss06/data/project/tkcastrosim/HNHuang/project_big_sim/analysis/_used_by_article_nonlinear_evolution_pps/powerspectrum/sim_power_data/new_PL_256_1024_snap0032.npz
256,PL,PL 256,0032,8.5198506052e+00,HMcode2020,5.4752145346e-02,1.7584595100e+02,2.0638484876e+02,8.5202936193e-01,-1.4797063807e-01,/oss06/data/project/tkcastrosim/HNHuang/project_big_sim/analysis/_used_by_article_nonlinear_evolution_pps/powerspectrum/sim_power_data/new_PL_256_1024_snap0032.npz
256,PL,PL 256,0032,8.5198506052e+00,HMcode2020,7.6923838852e-02,1.3307895337e+02,1.5743743315e+02,8.4528152365e-01,-1.5471847635e-01,/oss06/data/project/tkcastrosim/HNHuang/project_big_sim/analysis/_used_by_article_nonlinear_evolution_pps/powerspectrum/sim_power_data/new_PL_256_1024_snap0032.npz
256,PL,PL 256,0032,8.5198506052e+00,HMcode2020,9.9661622308e-02,1.1132936264e+02,1.0276287925e+02,1.0833616521e+00,8.3361652077e-02,/oss06/data/project/tkcastrosim/HNHuang/project_big_sim/analysis/_used_by_article_nonlinear_evolution_pps/powerspectrum/sim_power_data/new_PL_256_1024_snap0032.npz
256,PL,PL 256,0032,8.5198506052e+00,HMcode2020,1.2511351331e-01,8.6738513851e+01,7.5516140006e+01,1.1486089443e+00,1.4860894431e-01,/oss06/data/project/tkcastrosim/HNHuang/project_big_sim/analysis/_used_by_article_nonlinear_evolution_pps/powerspectrum/sim_power_data/new_PL_256_1024_snap0032.npz
256,PL,PL 256,0032,8.5198506052e+00,HMcode2020,1.5025472413e-01,5.7385369493e+01,5.7127399352e+01,1.0045156990e+00,4.5156990102e-03,/oss06/data/project/tkcastrosim/HNHuang/project_big_sim/analysis/_used_by_article_nonlinear_evolution_pps/powerspectrum/sim_power_data/new_PL_256_1024_snap0032.npz
256,PL,PL 256,0032,8.5198506052e+00,HMcode2020,1.7356669306e-01,4.4084229287e+01,4.2724187959e+01,1.0318330527e+00,3.1833052747e-02,/oss06/data/project/tkcastrosim/HNHuang/project_big_sim/analysis/_used_by_article_nonlinear_evolution_pps/powerspectrum/sim_power_data/new_PL_256_1024_snap0032.npz
256,PL,PL 256,0032,8.5198506052e+00,HMcode2020,1.9696505611e-01,3.5760714221e+01,3.5937953339e+01,9.9506819110e-01,-4.9318089019e-03,/oss06/data/project/tkcastrosim/HNHuang/project_big_sim/analysis/_used_by_article_nonlinear_evolution_pps/powerspectrum/sim_power_data/new_PL_256_1024_snap0032.npz
256,PL,PL 256,0032,8.5198506052e+00,HMcode2020,2.2230178206e-01,3.0916075999e+01,2.7916940520e+01,1.1074306648e+00,1.0743066479e-01,/oss06/data/project/tkcastrosim/HNHuang/project_big_sim/analysis/_used_by_article_nonlinear_evolution_pps/powerspectrum/sim_power_data/new_PL_256_1024_snap0032.npz
256,PL,PL 256,0032,8.5198506052e+00,HMcode2020,2.4772821385e-01,2.5024499964e+01,2.3068109216e+01,1.0848093240e+00,8.4809323958e-02,/oss06/data/project/tkcastrosim/HNHuang/project_big_sim/analysis/_used_by_article_nonlinear_evolution_pps/powerspectrum/sim_power_data/new_PL_256_1024_snap0032.npz
256,PL,PL 256,0032,8.5198506052e+00,HMcode2020,2.8311259379e-01,1.8896213452e+01,1.7789177606e+01,1.0622308614e+00,6.2230861396e-02,/oss06/data/project/tkcastrosim/HNHuang/project_big_sim/analysis/_used_by_article_nonlinear_evolution_pps/powerspectrum/sim_power_data/new_PL_256_1024_snap0032.npz
256,PL,PL 256,0032,8.5198506052e+00,HMcode2020,3.3231811963e-01,1.3640652590e+01,1.3038647729e+01,1.0461708049e+00,4.6170804910e-02,/oss06/data/project/tkcastrosim/HNHuang/project_big_sim/analysis/_used_by_article_nonlinear_evolution_pps/powerspectrum/sim_power_data/new_PL_256_1024_snap0032.npz
256,PL,PL 256,0032,8.5198506052e+00,HMcode2020,3.8049456271e-01,1.0867430294e+01,9.9075102204e+00,1.0968881235e+00,9.6888123497e-02,/oss06/data/project/tkcastrosim/HNHuang/project_big_sim/analysis/_used_by_article_nonlinear_evolution_pps/powerspectrum/sim_power_data/new_PL_256_1024_snap0032.npz
256,PL,PL 256,0032,8.5198506052e+00,HMcode2020,4.3036673042e-01,8.1801739567e+00,7.6649714528e+00,1.0672151889e+00,6.7215188885e-02,/oss06/data/project/tkcastrosim/HNHuang/project_big_sim/analysis/_used_by_article_nonlinear_evolution_pps/powerspectrum/sim_power_data/new_PL_256_1024_snap0032.npz
256,PL,PL 256,0032,8.5198506052e+00,HMcode2020,4.9117921717e-01,6.2046387481e+00,5.8114381094e+00,1.0676597825e+00,6.7659782534e-02,/oss06/data/project/tkcastrosim/HNHuang/project_big_sim/analysis/_used_by_article_nonlinear_evolution_pps/powerspectrum/sim_power_data/new_PL_256_1024_snap0032.npz
256,PL,PL 256,0032,8.5198506052e+00,HMcode2020,5.6470506087e-01,4.5107701543e+00,4.3164514349e+00,1.0450181642e+00,4.5018164200e-02,/oss06/data/project/tkcastrosim/HNHuang/project_big_sim/analysis/_used_by_article_nonlinear_evolution_pps/powerspectrum/sim_power_data/new_PL_256_1024_snap0032.npz
256,PL,PL 256,0032,8.5198506052e+00,HMcode2020,6.3840498528e-01,3.5312428741e+00,3.3106347251e+00,1.0666362095e+00,6.6636209452e-02,/oss06/data/project/tkcastrosim/HNHuang/project_big_sim/analysis/_used_by_article_nonlinear_evolution_pps/powerspectrum/sim_power_data/new_PL_256_1024_snap0032.npz
256,PL,PL 256,0032,8.5198506052e+00,HMcode2020,7.2415017203e-01,2.7709519110e+00,2.5128663720e+00,1.1027056361e+00,1.0270563606e-01,/oss06/data/project/tkcastrosim/HNHuang/project_big_sim/analysis/_used_by_article_nonlinear_evolution_pps/powerspectrum/sim_power_data/new_PL_256_1024_snap0032.npz
256,PL,PL 256,0032,8.5198506052e+00,HMcode2020,8.3412071758e-01,1.9923916070e+00,1.8379982410e+00,1.0840008236e+00,8.4000823557e-02,/oss06/data/project/tkcastrosim/HNHuang/project_big_sim/analysis/_used_by_article_nonlinear_evolution_pps/powerspectrum/sim_power_data/new_PL_256_1024_snap0032.npz
256,PL,PL 256,0032,8.5198506052e+00,HMcode2020,9.5694294804e-01,1.5246441184e+00,1.3525015519e+00,1.1272771674e+00,1.2727716744e-01,/oss06/data/project/tkcastrosim/HNHuang/project_big_sim/analysis/_used_by_article_nonlinear_evolution_pps/powerspectrum/sim_power_data/new_PL_256_1024_snap0032.npz
256,PL,PL 256,0032,8.5198506052e+00,HMcode2020,1.0918029716e+00,1.1110237116e+00,1.0052948666e+00,1.1051719734e+00,1.0517197343e-01,/oss06/data/project/tkcastrosim/HNHuang/project_big_sim/analysis/_used_by_article_nonlinear_evolution_pps/powerspectrum/sim_power_data/new_PL_256_1024_snap0032.npz
256,PL,PL 256,0032,8.5198506052e+00,HMcode2020,1.2511017808e+00,8.3768443644e-01,7.3863866931e-01,1.1340923123e+00,1.3409231230e-01,/oss06/data/project/tkcastrosim/HNHuang/project_big_sim/analysis/_used_by_article_nonlinear_evolution_pps/powerspectrum/sim_power_data/new_PL_256_1024_snap0032.npz
256,PL,PL 256,0032,8.5198506052e+00,HMcode2020,1.4349608450e+00,6.1220758518e-01,5.4079142929e-01,1.1320585942e+00,1.3205859416e-01,/oss06/data/project/tkcastrosim/HNHuang/project_big_sim/analysis/_used_by_article_nonlinear_evolution_pps/powerspectrum/sim_power_data/new_PL_256_1024_snap0032.npz
256,PL,PL 256,0032,8.5198506052e+00,HMcode2020,1.6434286924e+00,4.5170634125e-01,3.9690595757e-01,1.1380689371e+00,1.3806893708e-01,/oss06/data/project/tkcastrosim/HNHuang/project_big_sim/analysis/_used_by_article_nonlinear_evolution_pps/powerspectrum/sim_power_data/new_PL_256_1024_snap0032.npz
256,PL,PL 256,0032,8.5198506052e+00,HMcode2020,1.8764552776e+00,3.3098990485e-01,2.9321292622e-01,1.1288380397e+00,1.2883803971e-01,/oss06/data/project/tkcastrosim/HNHuang/project_big_sim/analysis/_used_by_article_nonlinear_evolution_pps/powerspectrum/sim_power_data/new_PL_256_1024_snap0032.npz
256,PL,PL 256,0032,8.5198506052e+00,HMcode2020,2.1461303578e+00,2.4222929742e-01,2.1580899508e-01,1.1224244723e+00,1.2242447232e-01,/oss06/data/project/tkcastrosim/HNHuang/project_big_sim/analysis/_used_by_article_nonlinear_evolution_pps/powerspectrum/sim_power_data/new_PL_256_1024_snap0032.npz
256,PL,PL 256,0032,8.5198506052e+00,HMcode2020,2.4527993667e+00,1.7728794747e-01,1.5927712992e-01,1.1130784913e+00,1.1307849132e-01,/oss06/data/project/tkcastrosim/HNHuang/project_big_sim/analysis/_used_by_article_nonlinear_evolution_pps/powerspectrum/sim_power_data/new_PL_256_1024_snap0032.npz
256,PL,PL 256,0032,8.5198506052e+00,HMcode2020,2.8081075873e+00,1.2788753958e-01,1.1721966752e-01,1.0910075271e+00,9.1007527059e-02,/oss06/data/project/tkcastrosim/HNHuang/project_big_sim/analysis/_used_by_article_nonlinear_evolution_pps/powerspectrum/sim_power_data/new_PL_256_1024_snap0032.npz
256,PL,PL 256,0032,8.5198506052e+00,HMcode2020,3.2131227369e+00,9.2565958014e-02,8.6581515091e-02,1.0691191753e+00,6.9119175343e-02,/oss06/data/project/tkcastrosim/HNHuang/project_big_sim/analysis/_used_by_article_nonlinear_evolution_pps/powerspectrum/sim_power_data/new_PL_256_1024_snap0032.npz
256,PL,PL 256,0032,8.5198506052e+00,HMcode2020,3.6666640297e+00,6.6647715189e-02,6.4530882520e-02,1.0328034049e+00,3.2803404919e-02,/oss06/data/project/tkcastrosim/HNHuang/project_big_sim/analysis/_used_by_article_nonlinear_evolution_pps/powerspectrum/sim_power_data/new_PL_256_1024_snap0032.npz
256,PL,PL 256,0032,8.5198506052e+00,HMcode2020,4.1939124993e+00,4.7958619237e-02,4.8050293385e-02,9.9809212097e-01,-1.9078790324e-03,/oss06/data/project/tkcastrosim/HNHuang/project_big_sim/analysis/_used_by_article_nonlinear_evolution_pps/powerspectrum/sim_power_data/new_PL_256_1024_snap0032.npz
256,PL,PL 256,0032,8.5198506052e+00,HMcode2020,4.7948480173e+00,3.3624086714e-02,3.5988716022e-02,9.3429525780e-01,-6.5704742198e-02,/oss06/data/project/tkcastrosim/HNHuang/project_big_sim/analysis/_used_by_article_nonlinear_evolution_pps/powerspectrum/sim_power_data/new_PL_256_1024_snap0032.npz
256,PL,PL 256,0032,8.5198506052e+00,HMcode2020,5.4814856197e+00,2.3201360119e-02,2.7126376639e-02,8.5530627357e-01,-1.4469372643e-01,/oss06/data/project/tkcastrosim/HNHuang/project_big_sim/analysis/_used_by_article_nonlinear_evolution_pps/powerspectrum/sim_power_data/new_PL_256_1024_snap0032.npz
256,PL,PL 256,0032,8.5198506052e+00,HMcode2020,6.2663560082e+00,1.5375473575e-02,2.0585300703e-02,7.4691517978e-01,-2.5308482022e-01,/oss06/data/project/tkcastrosim/HNHuang/project_big_sim/analysis/_used_by_article_nonlinear_evolution_pps/powerspectrum/sim_power_data/new_PL_256_1024_snap0032.npz
256,PL,PL 256,0032,8.5198506052e+00,HMcode2020,7.1734979762e+00,7.8763092651e-03,1.5703141115e-02,5.0157539867e-01,-4.9842460133e-01,/oss06/data/project/tkcastrosim/HNHuang/project_big_sim/analysis/_used_by_article_nonlinear_evolution_pps/powerspectrum/sim_power_data/new_PL_256_1024_snap0032.npz
256,PL,PL 256,0032,8.5198506052e+00,HMcode2020,8.2160090643e+00,2.2161597667e-03,1.2067661426e-02,1.8364450978e-01,-8.1635549022e-01,/oss06/data/project/tkcastrosim/HNHuang/project_big_sim/analysis/_used_by_article_nonlinear_evolution_pps/powerspectrum/sim_power_data/new_PL_256_1024_snap0032.npz
256,BTKP1,BT $k_p=1$ 256,0032,8.5198506052e+00,HMcode2020,3.1321246157e-02,3.6659432978e+02,3.3575820264e+02,1.0918402794e+00,9.1840279395e-02,/oss06/data/project/tkcastrosim/HNHuang/project_big_sim/analysis/_used_by_article_nonlinear_evolution_pps/powerspectrum/sim_power_data/bluetilted_kp1_ms1.5_256_snap0032.npz
256,BTKP1,BT $k_p=1$ 256,0032,8.5198506052e+00,HMcode2020,5.4752145346e-02,1.7578410377e+02,2.0638237309e+02,8.5173990945e-01,-1.4826009055e-01,/oss06/data/project/tkcastrosim/HNHuang/project_big_sim/analysis/_used_by_article_nonlinear_evolution_pps/powerspectrum/sim_power_data/bluetilted_kp1_ms1.5_256_snap0032.npz
256,BTKP1,BT $k_p=1$ 256,0032,8.5198506052e+00,HMcode2020,7.6923838852e-02,1.3302435180e+02,1.5743240770e+02,8.4496168065e-01,-1.5503831935e-01,/oss06/data/project/tkcastrosim/HNHuang/project_big_sim/analysis/_used_by_article_nonlinear_evolution_pps/powerspectrum/sim_power_data/bluetilted_kp1_ms1.5_256_snap0032.npz
256,BTKP1,BT $k_p=1$ 256,0032,8.5198506052e+00,HMcode2020,9.9661622308e-02,1.1128200210e+02,1.0275664706e+02,1.0829664580e+00,8.2966458009e-02,/oss06/data/project/tkcastrosim/HNHuang/project_big_sim/analysis/_used_by_article_nonlinear_evolution_pps/powerspectrum/sim_power_data/bluetilted_kp1_ms1.5_256_snap0032.npz
256,BTKP1,BT $k_p=1$ 256,0032,8.5198506052e+00,HMcode2020,1.2511351331e-01,8.6698074646e+01,7.5507257761e+01,1.1482084930e+00,1.4820849302e-01,/oss06/data/project/tkcastrosim/HNHuang/project_big_sim/analysis/_used_by_article_nonlinear_evolution_pps/powerspectrum/sim_power_data/bluetilted_kp1_ms1.5_256_snap0032.npz
256,BTKP1,BT $k_p=1$ 256,0032,8.5198506052e+00,HMcode2020,1.5025472413e-01,5.7357601844e+01,5.7116197397e+01,1.0042265497e+00,4.2265496983e-03,/oss06/data/project/tkcastrosim/HNHuang/project_big_sim/analysis/_used_by_article_nonlinear_evolution_pps/powerspectrum/sim_power_data/bluetilted_kp1_ms1.5_256_snap0032.npz
256,BTKP1,BT $k_p=1$ 256,0032,8.5198506052e+00,HMcode2020,1.7356669306e-01,4.4063535733e+01,4.2711988108e+01,1.0316432853e+00,3.1643285297e-02,/oss06/data/project/tkcastrosim/HNHuang/project_big_sim/analysis/_used_by_article_nonlinear_evolution_pps/powerspectrum/sim_power_data/bluetilted_kp1_ms1.5_256_snap0032.npz
256,BTKP1,BT $k_p=1$ 256,0032,8.5198506052e+00,HMcode2020,1.9696505611e-01,3.5738445703e+01,3.5923328059e+01,9.9485341793e-01,-5.1465820700e-03,/oss06/data/project/tkcastrosim/HNHuang/project_big_sim/analysis/_used_by_article_nonlinear_evolution_pps/powerspectrum/sim_power_data/bluetilted_kp1_ms1.5_256_snap0032.npz
256,BTKP1,BT $k_p=1$ 256,0032,8.5198506052e+00,HMcode2020,2.2230178206e-01,3.0897663489e+01,2.7901562610e+01,1.1073811141e+00,1.0738111414e-01,/oss06/data/project/tkcastrosim/HNHuang/project_big_sim/analysis/_used_by_article_nonlinear_evolution_pps/powerspectrum/sim_power_data/bluetilted_kp1_ms1.5_256_snap0032.npz
256,BTKP1,BT $k_p=1$ 256,0032,8.5198506052e+00,HMcode2020,2.4772821385e-01,2.5007400375e+01,2.3051436632e+01,1.0848521406e+00,8.4852140625e-02,/oss06/data/project/tkcastrosim/HNHuang/project_big_sim/analysis/_used_by_article_nonlinear_evolution_pps/powerspectrum/sim_power_data/bluetilted_kp1_ms1.5_256_snap0032.npz
256,BTKP1,BT $k_p=1$ 256,0032,8.5198506052e+00,HMcode2020,2.8311259379e-01,1.8882270050e+01,1.7771661189e+01,1.0624932497e+00,6.2493249750e-02,/oss06/data/project/tkcastrosim/HNHuang/project_big_sim/analysis/_used_by_article_nonlinear_evolution_pps/powerspectrum/sim_power_data/bluetilted_kp1_ms1.5_256_snap0032.npz
256,BTKP1,BT $k_p=1$ 256,0032,8.5198506052e+00,HMcode2020,3.3231811963e-01,1.3628198910e+01,1.3020877925e+01,1.0466420919e+00,4.6642091933e-02,/oss06/data/project/tkcastrosim/HNHuang/project_big_sim/analysis/_used_by_article_nonlinear_evolution_pps/powerspectrum/sim_power_data/bluetilted_kp1_ms1.5_256_snap0032.npz
256,BTKP1,BT $k_p=1$ 256,0032,8.5198506052e+00,HMcode2020,3.8049456271e-01,1.0855739258e+01,9.8907560194e+00,1.0975641535e+00,9.7564153527e-02,/oss06/data/project/tkcastrosim/HNHuang/project_big_sim/analysis/_used_by_article_nonlinear_evolution_pps/powerspectrum/sim_power_data/bluetilted_kp1_ms1.5_256_snap0032.npz
256,BTKP1,BT $k_p=1$ 256,0032,8.5198506052e+00,HMcode2020,4.4231696955e-01,7.5350035906e+00,7.2323685337e+00,1.0418445293e+00,4.1844529280e-02,/oss06/data/project/tkcastrosim/HNHuang/project_big_sim/analysis/_used_by_article_nonlinear_evolution_pps/powerspectrum/sim_power_data/bluetilted_kp1_ms1.5_256_snap0032.npz
256,BTKP1,BT $k_p=1$ 256,0032,8.5198506052e+00,HMcode2020,5.1573074217e-01,5.5866391870e+00,5.2304478664e+00,1.0680995834e+00,6.8099583386e-02,/oss06/data/project/tkcastrosim/HNHuang/project_big_sim/analysis/_used_by_article_nonlinear_evolution_pps/powerspectrum/sim_power_data/bluetilted_kp1_ms1.5_256_snap0032.npz
256,BTKP1,BT $k_p=1$ 256,0032,8.5198506052e+00,HMcode2020,5.8908320202e-01,4.1641696276e+00,3.9352567498e+00,1.0581697440e+00,5.8169744012e-02,/oss06/data/project/tkcastrosim/HNHuang/project_big_sim/analysis/_used_by_article_nonlinear_evolution_pps/powerspectrum/sim_power_data/bluetilted_kp1_ms1.5_256_snap0032.npz
256,BTKP1,BT $k_p=1$ 256,0032,8.5198506052e+00,HMcode2020,6.7509441259e-01,3.1988597469e+00,2.9309427962e+00,1.0914098191e+00,9.1409819090e-02,/oss06/data/project/tkcastrosim/HNHuang/project_big_sim/analysis/_used_by_article_nonlinear_evolution_pps/powerspectrum/sim_power_data/bluetilted_kp1_ms1.5_256_snap0032.npz
256,BTKP1,BT $k_p=1$ 256,0032,8.5198506052e+00,HMcode2020,7.7305003115e-01,2.3558484178e+00,2.1841944537e+00,1.0785891402e+00,7.8589140195e-02,/oss06/data/project/tkcastrosim/HNHuang/project_big_sim/analysis/_used_by_article_nonlinear_evolution_pps/powerspectrum/sim_power_data/bluetilted_kp1_ms1.5_256_snap0032.npz
256,BTKP1,BT $k_p=1$ 256,0032,8.5198506052e+00,HMcode2020,8.9529144402e-01,1.7551320474e+00,1.5929697293e+00,1.1017987443e+00,1.0179874426e-01,/oss06/data/project/tkcastrosim/HNHuang/project_big_sim/analysis/_used_by_article_nonlinear_evolution_pps/powerspectrum/sim_power_data/bluetilted_kp1_ms1.5_256_snap0032.npz
256,BTKP1,BT $k_p=1$ 256,0032,8.5198506052e+00,HMcode2020,1.0426575900e+00,1.2591449315e+00,1.1725600729e+00,1.0738425780e+00,7.3842577969e-02,/oss06/data/project/tkcastrosim/HNHuang/project_big_sim/analysis/_used_by_article_nonlinear_evolution_pps/powerspectrum/sim_power_data/bluetilted_kp1_ms1.5_256_snap0032.npz
256,BTKP1,BT $k_p=1$ 256,0032,8.5198506052e+00,HMcode2020,1.2019428034e+00,9.8209212215e-01,9.1045466916e-01,1.0786831628e+00,7.8683162836e-02,/oss06/data/project/tkcastrosim/HNHuang/project_big_sim/analysis/_used_by_article_nonlinear_evolution_pps/powerspectrum/sim_power_data/bluetilted_kp1_ms1.5_256_snap0032.npz
256,BTKP1,BT $k_p=1$ 256,0032,8.5198506052e+00,HMcode2020,1.3858629103e+00,7.5915093526e-01,7.0836830959e-01,1.0716895787e+00,7.1689578691e-02,/oss06/data/project/tkcastrosim/HNHuang/project_big_sim/analysis/_used_by_article_nonlinear_evolution_pps/powerspectrum/sim_power_data/bluetilted_kp1_ms1.5_256_snap0032.npz
256,BTKP1,BT $k_p=1$ 256,0032,8.5198506052e+00,HMcode2020,1.5943235553e+00,5.8416230686e-01,5.5438664442e-01,1.0537091987e+00,5.3709198699e-02,/oss06/data/project/tkcastrosim/HNHuang/project_big_sim/analysis/_used_by_article_nonlinear_evolution_pps/powerspectrum/sim_power_data/bluetilted_kp1_ms1.5_256_snap0032.npz
256,BTKP1,BT $k_p=1$ 256,0032,8.5198506052e+00,HMcode2020,1.8393490113e+00,4.5433057225e-01,4.3207358033e-01,1.0515120409e+00,5.1512040856e-02,/oss06/data/project/tkcastrosim/HNHuang/project_big_sim/analysis/_used_by_article_nonlinear_evolution_pps/powerspectrum/sim_power_data/bluetilted_kp1_ms1.5_256_snap0032.npz
256,BTKP1,BT $k_p=1$ 256,0032,8.5198506052e+00,HMcode2020,2.1215528448e+00,3.4881179691e-01,3.3696590679e-01,1.0351545657e+00,3.5154565733e-02,/oss06/data/project/tkcastrosim/HNHuang/project_big_sim/analysis/_used_by_article_nonlinear_evolution_pps/powerspectrum/sim_power_data/bluetilted_kp1_ms1.5_256_snap0032.npz
256,BTKP1,BT $k_p=1$ 256,0032,8.5198506052e+00,HMcode2020,2.4402500543e+00,2.6779750578e-01,2.6213466785e-01,1.0216027814e+00,2.1602781385e-02,/oss06/data/project/tkcastrosim/HNHuang/project_big_sim/analysis/_used_by_article_nonlinear_evolution_pps/powerspectrum/sim_power_data/bluetilted_kp1_ms1.5_256_snap0032.npz
256,BTKP1,BT $k_p=1$ 256,0032,8.5198506052e+00,HMcode2020,2.8081075873e+00,2.0495315660e-01,2.0574385344e-01,9.9615688715e-01,-3.8431128481e-03,/oss06/data/project/tkcastrosim/HNHuang/project_big_sim/analysis/_used_by_article_nonlinear_evolution_pps/powerspectrum/sim_power_data/bluetilted_kp1_ms1.5_256_snap0032.npz
256,BTKP1,BT $k_p=1$ 256,0032,8.5198506052e+00,HMcode2020,3.2371187256e+00,1.5568665352e-01,1.6136028117e-01,9.6483875954e-01,-3.5161240464e-02,/oss06/data/project/tkcastrosim/HNHuang/project_big_sim/analysis/_used_by_article_nonlinear_evolution_pps/powerspectrum/sim_power_data/bluetilted_kp1_ms1.5_256_snap0032.npz
256,BTKP1,BT $k_p=1$ 256,0032,8.5198506052e+00,HMcode2020,3.7397863170e+00,1.1753785085e-01,1.2651503139e-01,9.2904257745e-01,-7.0957422551e-02,/oss06/data/project/tkcastrosim/HNHuang/project_big_sim/analysis/_used_by_article_nonlinear_evolution_pps/powerspectrum/sim_power_data/bluetilted_kp1_ms1.5_256_snap0032.npz
256,BTKP1,BT $k_p=1$ 256,0032,8.5198506052e+00,HMcode2020,4.3161639714e+00,8.7593000007e-02,9.9800942272e-02,8.7767708413e-01,-1.2232291587e-01,/oss06/data/project/tkcastrosim/HNHuang/project_big_sim/analysis/_used_by_article_nonlinear_evolution_pps/powerspectrum/sim_power_data/bluetilted_kp1_ms1.5_256_snap0032.npz
256,BTKP1,BT $k_p=1$ 256,0032,8.5198506052e+00,HMcode2020,4.9782192025e+00,6.5925833342e-02,7.9253741167e-02,8.3183244566e-01,-1.6816755434e-01,/oss06/data/project/tkcastrosim/HNHuang/project_big_sim/analysis/_used_by_article_nonlinear_evolution_pps/powerspectrum/sim_power_data/bluetilted_kp1_ms1.5_256_snap0032.npz
256,BTKP1,BT $k_p=1$ 256,0032,8.5198506052e+00,HMcode2020,5.7385433480e+00,4.8895497934e-02,6.3389502145e-02,7.7135008605e-01,-2.2864991395e-01,/oss06/data/project/tkcastrosim/HNHuang/project_big_sim/analysis/_used_by_article_nonlinear_evolution_pps/powerspectrum/sim_power_data/bluetilted_kp1_ms1.5_256_snap0032.npz
256,BTKP1,BT $k_p=1$ 256,0032,8.5198506052e+00,HMcode2020,6.6210990048e+00,3.5629934029e-02,5.0990384146e-02,6.9875790555e-01,-3.0124209445e-01,/oss06/data/project/tkcastrosim/HNHuang/project_big_sim/analysis/_used_by_article_nonlinear_evolution_pps/powerspectrum/sim_power_data/bluetilted_kp1_ms1.5_256_snap0032.npz
256,BTKP1,BT $k_p=1$ 256,0032,8.5198506052e+00,HMcode2020,7.6390637084e+00,2.5145275679e-02,4.1347092674e-02,6.0815099812e-01,-3.9184900188e-01,/oss06/data/project/tkcastrosim/HNHuang/project_big_sim/analysis/_used_by_article_nonlinear_evolution_pps/powerspectrum/sim_power_data/bluetilted_kp1_ms1.5_256_snap0032.npz
256,BTKP1,BT $k_p=1$ 256,0032,8.5198506052e+00,HMcode2020,8.8038234022e+00,1.6764870142e-02,3.3844589645e-02,4.9534860129e-01,-5.0465139871e-01,/oss06/data/project/tkcastrosim/HNHuang/project_big_sim/analysis/_used_by_article_nonlinear_evolution_pps/powerspectrum/sim_power_data/bluetilted_kp1_ms1.5_256_snap0032.npz
256,BTKP1,BT $k_p=1$ 256,0032,8.5198506052e+00,HMcode2020,1.0152530119e+01,1.0251094580e-02,2.7895671741e-02,3.6747975366e-01,-6.3252024634e-01,/oss06/data/project/tkcastrosim/HNHuang/project_big_sim/analysis/_used_by_article_nonlinear_evolution_pps/powerspectrum/sim_power_data/bluetilted_kp1_ms1.5_256_snap0032.npz
256,BTKP1,BT $k_p=1$ 256,0032,8.5198506052e+00,HMcode2020,1.1709742572e+01,5.6314148527e-03,2.3153404250e-02,2.4322189479e-01,-7.5677810521e-01,/oss06/data/project/tkcastrosim/HNHuang/project_big_sim/analysis/_used_by_article_nonlinear_evolution_pps/powerspectrum/sim_power_data/bluetilted_kp1_ms1.5_256_snap0032.npz
256,BTKP10,BT $k_p=10$ 256,0032,8.5198506052e+00,HMcode2020,3.1321246157e-02,3.6671911431e+02,3.3575819793e+02,1.0922119447e+00,9.2211944697e-02,/oss06/data/project/tkcastrosim/HNHuang/project_big_sim/analysis/_used_by_article_nonlinear_evolution_pps/powerspectrum/sim_power_data/bluetilted_kp10_ms1.5_256_snap0032.npz
256,BTKP10,BT $k_p=10$ 256,0032,8.5198506052e+00,HMcode2020,5.4752145346e-02,1.7584762681e+02,2.0638212526e+02,8.5204872556e-01,-1.4795127444e-01,/oss06/data/project/tkcastrosim/HNHuang/project_big_sim/analysis/_used_by_article_nonlinear_evolution_pps/powerspectrum/sim_power_data/bluetilted_kp10_ms1.5_256_snap0032.npz
256,BTKP10,BT $k_p=10$ 256,0032,8.5198506052e+00,HMcode2020,7.6923838852e-02,1.3307991044e+02,1.5743236713e+02,8.4531480323e-01,-1.5468519677e-01,/oss06/data/project/tkcastrosim/HNHuang/project_big_sim/analysis/_used_by_article_nonlinear_evolution_pps/powerspectrum/sim_power_data/bluetilted_kp10_ms1.5_256_snap0032.npz
256,BTKP10,BT $k_p=10$ 256,0032,8.5198506052e+00,HMcode2020,9.9661622308e-02,1.1132972227e+02,1.0275561405e+02,1.0834417496e+00,8.3441749565e-02,/oss06/data/project/tkcastrosim/HNHuang/project_big_sim/analysis/_used_by_article_nonlinear_evolution_pps/powerspectrum/sim_power_data/bluetilted_kp10_ms1.5_256_snap0032.npz
256,BTKP10,BT $k_p=10$ 256,0032,8.5198506052e+00,HMcode2020,1.2511351331e-01,8.6739353828e+01,7.5505844796e+01,1.1487766816e+00,1.4877668162e-01,/oss06/data/project/tkcastrosim/HNHuang/project_big_sim/analysis/_used_by_article_nonlinear_evolution_pps/powerspectrum/sim_power_data/bluetilted_kp10_ms1.5_256_snap0032.npz
256,BTKP10,BT $k_p=10$ 256,0032,8.5198506052e+00,HMcode2020,1.5025472413e-01,5.7386035779e+01,5.7114018729e+01,1.0047627020e+00,4.7627019873e-03,/oss06/data/project/tkcastrosim/HNHuang/project_big_sim/analysis/_used_by_article_nonlinear_evolution_pps/powerspectrum/sim_power_data/bluetilted_kp10_ms1.5_256_snap0032.npz
256,BTKP10,BT $k_p=10$ 256,0032,8.5198506052e+00,HMcode2020,1.7356669306e-01,4.4085134435e+01,4.2708360600e+01,1.0322366351e+00,3.2236635071e-02,/oss06/data/project/tkcastrosim/HNHuang/project_big_sim/analysis/_used_by_article_nonlinear_evolution_pps/powerspectrum/sim_power_data/bluetilted_kp10_ms1.5_256_snap0032.npz
256,BTKP10,BT $k_p=10$ 256,0032,8.5198506052e+00,HMcode2020,1.9696505611e-01,3.5761558972e+01,3.5918939012e+01,9.9561846636e-01,-4.3815336434e-03,/oss06/data/project/tkcastrosim/HNHuang/project_big_sim/analysis/_used_by_article_nonlinear_evolution_pps/powerspectrum/sim_power_data/bluetilted_kp10_ms1.5_256_snap0032.npz
256,BTKP10,BT $k_p=10$ 256,0032,8.5198506052e+00,HMcode2020,2.2230178206e-01,3.0916827527e+01,2.7895331406e+01,1.1083154767e+00,1.0831547674e-01,/oss06/data/project/tkcastrosim/HNHuang/project_big_sim/analysis/_used_by_article_nonlinear_evolution_pps/powerspectrum/sim_power_data/bluetilted_kp10_ms1.5_256_snap0032.npz
256,BTKP10,BT $k_p=10$ 256,0032,8.5198506052e+00,HMcode2020,2.4772821385e-01,2.5025009192e+01,2.3043541061e+01,1.0859880053e+00,8.5988005303e-02,/oss06/data/project/tkcastrosim/HNHuang/project_big_sim/analysis/_used_by_article_nonlinear_evolution_pps/powerspectrum/sim_power_data/bluetilted_kp10_ms1.5_256_snap0032.npz
256,BTKP10,BT $k_p=10$ 256,0032,8.5198506052e+00,HMcode2020,2.8311259379e-01,1.8896798687e+01,1.7760896104e+01,1.0639552519e+00,6.3955251864e-02,/oss06/data/project/tkcastrosim/HNHuang/project_big_sim/analysis/_used_by_article_nonlinear_evolution_pps/powerspectrum/sim_power_data/bluetilted_kp10_ms1.5_256_snap0032.npz
256,BTKP10,BT $k_p=10$ 256,0032,8.5198506052e+00,HMcode2020,3.3231811963e-01,1.3641057846e+01,1.3005869634e+01,1.0488385806e+00,4.8838580578e-02,/oss06/data/project/tkcastrosim/HNHuang/project_big_sim/analysis/_used_by_article_nonlinear_evolution_pps/powerspectrum/sim_power_data/bluetilted_kp10_ms1.5_256_snap0032.npz
256,BTKP10,BT $k_p=10$ 256,0032,8.5198506052e+00,HMcode2020,3.8049456271e-01,1.0867910404e+01,9.8714820107e+00,1.1009401012e+00,1.0094010122e-01,/oss06/data/project/tkcastrosim/HNHuang/project_big_sim/analysis/_used_by_article_nonlinear_evolution_pps/powerspectrum/sim_power_data/bluetilted_kp10_ms1.5_256_snap0032.npz
256,BTKP10,BT $k_p=10$ 256,0032,8.5198506052e+00,HMcode2020,4.3036673042e-01,8.1804103664e+00,7.6266922240e+00,1.0726026600e+00,7.2602660002e-02,/oss06/data/project/tkcastrosim/HNHuang/project_big_sim/analysis/_used_by_article_nonlinear_evolution_pps/powerspectrum/sim_power_data/bluetilted_kp10_ms1.5_256_snap0032.npz
256,BTKP10,BT $k_p=10$ 256,0032,8.5198506052e+00,HMcode2020,4.9117921717e-01,6.2048147107e+00,5.7719304401e+00,1.0749981787e+00,7.4998178715e-02,/oss06/data/project/tkcastrosim/HNHuang/project_big_sim/analysis/_used_by_article_nonlinear_evolution_pps/powerspectrum/sim_power_data/bluetilted_kp10_ms1.5_256_snap0032.npz
256,BTKP10,BT $k_p=10$ 256,0032,8.5198506052e+00,HMcode2020,5.6470506087e-01,4.5108662110e+00,4.2773256245e+00,1.0545996744e+00,5.4599674434e-02,/oss06/data/project/tkcastrosim/HNHuang/project_big_sim/analysis/_used_by_article_nonlinear_evolution_pps/powerspectrum/sim_power_data/bluetilted_kp10_ms1.5_256_snap0032.npz
256,BTKP10,BT $k_p=10$ 256,0032,8.5198506052e+00,HMcode2020,6.3840498528e-01,3.5312044369e+00,3.2731849308e+00,1.0788282702e+00,7.8828270184e-02,/oss06/data/project/tkcastrosim/HNHuang/project_big_sim/analysis/_used_by_article_nonlinear_evolution_pps/powerspectrum/sim_power_data/bluetilted_kp10_ms1.5_256_snap0032.npz
256,BTKP10,BT $k_p=10$ 256,0032,8.5198506052e+00,HMcode2020,7.2415017203e-01,2.7709769982e+00,2.4781421038e+00,1.1181671116e+00,1.1816711155e-01,/oss06/data/project/tkcastrosim/HNHuang/project_big_sim/analysis/_used_by_article_nonlinear_evolution_pps/powerspectrum/sim_power_data/bluetilted_kp10_ms1.5_256_snap0032.npz
256,BTKP10,BT $k_p=10$ 256,0032,8.5198506052e+00,HMcode2020,8.3412071758e-01,1.9923764361e+00,1.8070004708e+00,1.1025876685e+00,1.0258766851e-01,/oss06/data/project/tkcastrosim/HNHuang/project_big_sim/analysis/_used_by_article_nonlinear_evolution_pps/powerspectrum/sim_power_data/bluetilted_kp10_ms1.5_256_snap0032.npz
256,BTKP10,BT $k_p=10$ 256,0032,8.5198506052e+00,HMcode2020,9.5694294804e-01,1.5246193822e+00,1.3253425580e+00,1.1503587303e+00,1.5035873028e-01,/oss06/data/project/tkcastrosim/HNHuang/project_big_sim/analysis/_used_by_article_nonlinear_evolution_pps/powerspectrum/sim_power_data/bluetilted_kp10_ms1.5_256_snap0032.npz
256,BTKP10,BT $k_p=10$ 256,0032,8.5198506052e+00,HMcode2020,1.0918029716e+00,1.1109977625e+00,9.8169187119e-01,1.1317173902e+00,1.3171739025e-01,/oss06/data/project/tkcastrosim/HNHuang/project_big_sim/analysis/_used_by_article_nonlinear_evolution_pps/powerspectrum/sim_power_data/bluetilted_kp10_ms1.5_256_snap0032.npz
256,BTKP10,BT $k_p=10$ 256,0032,8.5198506052e+00,HMcode2020,1.2511017808e+00,8.3765279475e-01,7.1843355272e-01,1.1659433104e+00,1.6594331039e-01,/oss06/data/project/tkcastrosim/HNHuang/project_big_sim/analysis/_used_by_article_nonlinear_evolution_pps/powerspectrum/sim_power_data/bluetilted_kp10_ms1.5_256_snap0032.npz
256,BTKP10,BT $k_p=10$ 256,0032,8.5198506052e+00,HMcode2020,1.4349608450e+00,6.1216713468e-01,5.2362871422e-01,1.1690862591e+00,1.6908625913e-01,/oss06/data/project/tkcastrosim/HNHuang/project_big_sim/analysis/_used_by_article_nonlinear_evolution_pps/powerspectrum/sim_power_data/bluetilted_kp10_ms1.5_256_snap0032.npz
256,BTKP10,BT $k_p=10$ 256,0032,8.5198506052e+00,HMcode2020,1.6434286924e+00,4.5167207576e-01,3.8238856443e-01,1.1811861488e+00,1.8118614881e-01,/oss06/data/project/tkcastrosim/HNHuang/project_big_sim/analysis/_used_by_article_nonlinear_evolution_pps/powerspectrum/sim_power_data/bluetilted_kp10_ms1.5_256_snap0032.npz
256,BTKP10,BT $k_p=10$ 256,0032,8.5198506052e+00,HMcode2020,1.8764552776e+00,3.3094315416e-01,2.8093318446e-01,1.1780137501e+00,1.7801375011e-01,/oss06/data/project/tkcastrosim/HNHuang/project_big_sim/analysis/_used_by_article_nonlinear_evolution_pps/powerspectrum/sim_power_data/bluetilted_kp10_ms1.5_256_snap0032.npz
256,BTKP10,BT $k_p=10$ 256,0032,8.5198506052e+00,HMcode2020,2.1461303578e+00,2.4218629116e-01,2.0548714547e-01,1.1785958222e+00,1.7859582218e-01,/oss06/data/project/tkcastrosim/HNHuang/project_big_sim/analysis/_used_by_article_nonlinear_evolution_pps/powerspectrum/sim_power_data/bluetilted_kp10_ms1.5_256_snap0032.npz
256,BTKP10,BT $k_p=10$ 256,0032,8.5198506052e+00,HMcode2020,2.4527993667e+00,1.7724890932e-01,1.5061563760e-01,1.1768293927e+00,1.7682939269e-01,/oss06/data/project/tkcastrosim/HNHuang/project_big_sim/analysis/_used_by_article_nonlinear_evolution_pps/powerspectrum/sim_power_data/bluetilted_kp10_ms1.5_256_snap0032.npz
256,BTKP10,BT $k_p=10$ 256,0032,8.5198506052e+00,HMcode2020,2.8081075873e+00,1.2783743523e-01,1.0999645019e-01,1.1621960073e+00,1.6219600734e-01,/oss06/data/project/tkcastrosim/HNHuang/project_big_sim/analysis/_used_by_article_nonlinear_evolution_pps/powerspectrum/sim_power_data/bluetilted_kp10_ms1.5_256_snap0032.npz
256,BTKP10,BT $k_p=10$ 256,0032,8.5198506052e+00,HMcode2020,3.2131227369e+00,9.2549718453e-02,8.0569283637e-02,1.1486972985e+00,1.4869729846e-01,/oss06/data/project/tkcastrosim/HNHuang/project_big_sim/analysis/_used_by_article_nonlinear_evolution_pps/powerspectrum/sim_power_data/bluetilted_kp10_ms1.5_256_snap0032.npz
256,BTKP10,BT $k_p=10$ 256,0032,8.5198506052e+00,HMcode2020,3.6666640297e+00,6.6612328776e-02,5.9525455615e-02,1.1190561767e+00,1.1905617667e-01,/oss06/data/project/tkcastrosim/HNHuang/project_big_sim/analysis/_used_by_article_nonlinear_evolution_pps/powerspectrum/sim_power_data/bluetilted_kp10_ms1.5_256_snap0032.npz
256,BTKP10,BT $k_p=10$ 256,0032,8.5198506052e+00,HMcode2020,4.1939124993e+00,4.7923284155e-02,4.3907967173e-02,1.0914484828e+00,9.1448482817e-02,/oss06/data/project/tkcastrosim/HNHuang/project_big_sim/analysis/_used_by_article_nonlinear_evolution_pps/powerspectrum/sim_power_data/bluetilted_kp10_ms1.5_256_snap0032.npz
256,BTKP10,BT $k_p=10$ 256,0032,8.5198506052e+00,HMcode2020,4.7948480173e+00,3.3582977632e-02,3.2570418297e-02,1.0310883123e+00,3.1088312284e-02,/oss06/data/project/tkcastrosim/HNHuang/project_big_sim/analysis/_used_by_article_nonlinear_evolution_pps/powerspectrum/sim_power_data/bluetilted_kp10_ms1.5_256_snap0032.npz
256,BTKP10,BT $k_p=10$ 256,0032,8.5198506052e+00,HMcode2020,5.4814856197e+00,2.3161367489e-02,2.4314250103e-02,9.5258407685e-01,-4.7415923149e-02,/oss06/data/project/tkcastrosim/HNHuang/project_big_sim/analysis/_used_by_article_nonlinear_evolution_pps/powerspectrum/sim_power_data/bluetilted_kp10_ms1.5_256_snap0032.npz
256,BTKP10,BT $k_p=10$ 256,0032,8.5198506052e+00,HMcode2020,6.2663560082e+00,1.5348323943e-02,1.8280419297e-02,8.3960458968e-01,-1.6039541032e-01,/oss06/data/project/tkcastrosim/HNHuang/project_big_sim/analysis/_used_by_article_nonlinear_evolution_pps/powerspectrum/sim_power_data/bluetilted_kp10_ms1.5_256_snap0032.npz
256,BTKP10,BT $k_p=10$ 256,0032,8.5198506052e+00,HMcode2020,7.1734979762e+00,7.8571714944e-03,1.3825472409e-02,5.6831124913e-01,-4.3168875087e-01,/oss06/data/project/tkcastrosim/HNHuang/project_big_sim/analysis/_used_by_article_nonlinear_evolution_pps/powerspectrum/sim_power_data/bluetilted_kp10_ms1.5_256_snap0032.npz
256,BTKP10,BT $k_p=10$ 256,0032,8.5198506052e+00,HMcode2020,8.2160090643e+00,2.2108124590e-03,1.0546282047e-02,2.0962955943e-01,-7.9037044057e-01,/oss06/data/project/tkcastrosim/HNHuang/project_big_sim/analysis/_used_by_article_nonlinear_evolution_pps/powerspectrum/sim_power_data/bluetilted_kp10_ms1.5_256_snap0032.npz
