model,M0_msun,z,M_over_M0,M_msun,alpha,beta,f_M0,a_article
Correa2015a_article_formula_project_bt,293639000.9489291,0.0,1.0,293639000.9489291,0.05328740816683394,-0.18225293604999165,0.18225293604999165,0.2923816171181862
Correa2015a_article_formula_project_bt,293639000.9489291,0.02,0.9974135226739264,292879510.33092374,0.05328740816683394,-0.18225293604999165,0.18225293604999165,0.2923816171181862
Correa2015a_article_formula_project_bt,293639000.9489291,0.04,0.9948133500680996,292115998.244654,0.05328740816683394,-0.18225293604999165,0.18225293604999165,0.2923816171181862
Correa2015a_article_formula_project_bt,293639000.9489291,0.06,0.9922003989069733,291348733.87617254,0.05328740816683394,-0.18225293604999165,0.18225293604999165,0.2923816171181862
Correa2015a_article_formula_project_bt,293639000.9489291,0.08,0.9895755348489561,290577971.4165496,0.05328740816683394,-0.18225293604999165,0.18225293604999165,0.2923816171181862
Correa2015a_article_formula_project_bt,293639000.9489291,0.1,0.9869395761278204,289803951.1311327,0.05328740816683394,-0.18225293604999165,0.18225293604999165,0.2923816171181862
Correa2015a_article_formula_project_bt,293639000.9489291,0.12,0.9842932968728304,289026900.33446556,0.05328740816683394,-0.18225293604999165,0.18225293604999165,0.2923816171181862
Correa2015a_article_formula_project_bt,293639000.9489291,0.14,0.9816374301411867,288247034.2807322,0.05328740816683394,-0.18225293604999165,0.18225293604999165,0.2923816171181862
Correa2015a_article_formula_project_bt,293639000.9489291,0.16,0.978972670692346,287464556.9784054,0.05328740816683394,-0.18225293604999165,0.18225293604999165,0.2923816171181862
Correa2015a_article_formula_project_bt,293639000.9489291,0.18,0.9762996775302835,286679661.93675405,0.05328740816683394,-0.18225293604999165,0.18225293604999165,0.2923816171181862
Correa2015a_article_formula_project_bt,293639000.9489291,0.2,0.9736190762367246,285892532.85097104,0.05328740816683394,-0.18225293604999165,0.18225293604999165,0.2923816171181862
Correa2015a_article_formula_project_bt,293639000.9489291,0.22,0.9709314611157568,285103344.2319148,0.05328740816683394,-0.18225293604999165,0.18225293604999165,0.2923816171181862
Correa2015a_article_formula_project_bt,293639000.9489291,0.24,0.9682373971679202,284312261.9857795,0.05328740816683394,-0.18225293604999165,0.18225293604999165,0.2923816171181862
Correa2015a_article_formula_project_bt,293639000.9489291,0.26,0.9655374219098913,283519443.9484251,0.05328740816683394,-0.18225293604999165,0.18225293604999165,0.2923816171181862
Correa2015a_article_formula_project_bt,293639000.9489291,0.28,0.9628320470541032,282725040.37857914,0.05328740816683394,-0.18225293604999165,0.18225293604999165,0.2923816171181862
Correa2015a_article_formula_project_bt,293639000.9489291,0.3,0.960121760061123,281929194.41367555,0.05328740816683394,-0.18225293604999165,0.18225293604999165,0.2923816171181862
Correa2015a_article_formula_project_bt,293639000.9489291,0.32,0.9574070255762461,281132042.4916947,0.05328740816683394,-0.18225293604999165,0.18225293604999165,0.2923816171181862
Correa2015a_article_formula_project_bt,293639000.9489291,0.34,0.9546882867605762,280333714.7420203,0.05328740816683394,-0.18225293604999165,0.18225293604999165,0.2923816171181862
Correa2015a_article_formula_project_bt,293639000.9489291,0.36,0.9519659665258158,279534335.3480222,0.05328740816683394,-0.18225293604999165,0.18225293604999165,0.2923816171181862
Correa2015a_article_formula_project_bt,293639000.9489291,0.38,0.9492404686810527,278734022.8837975,0.05328740816683394,-0.18225293604999165,0.18225293604999165,0.2923816171181862
Correa2015a_article_formula_project_bt,293639000.9489291,0.4,0.9465121789990117,277932890.6272637,0.05328740816683394,-0.18225293604999165,0.18225293604999165,0.2923816171181862
Correa2015a_article_formula_project_bt,293639000.9489291,0.42,0.9437814662085026,277131046.85158014,0.05328740816683394,-0.18225293604999165,0.18225293604999165,0.2923816171181862
Correa2015a_article_formula_project_bt,293639000.9489291,0.44,0.9410486829191536,276328595.09668577,0.05328740816683394,-0.18225293604999165,0.18225293604999165,0.2923816171181862
Correa2015a_article_formula_project_bt,293639000.9489291,0.46,0.93831416648393,275525634.4225683,0.05328740816683394,-0.18225293604999165,0.18225293604999165,0.2923816171181862
Correa2015a_article_formula_project_bt,293639000.9489291,0.48,0.9355782398044289,274722259.6457301,0.05328740816683394,-0.18225293604999165,0.18225293604999165,0.2923816171181862
Correa2015a_article_formula_project_bt,293639000.9489291,0.5,0.9328412120834739,273918561.56017935,0.05328740816683394,-0.18225293604999165,0.18225293604999165,0.2923816171181862
Correa2015a_article_formula_project_bt,293639000.9489291,0.52,0.9301033795291217,273114627.1441539,0.05328740816683394,-0.18225293604999165,0.18225293604999165,0.2923816171181862
Correa2015a_article_formula_project_bt,293639000.9489291,0.54,0.9273650260138218,272310539.75367624,0.05328740816683394,-0.18225293604999165,0.18225293604999165,0.2923816171181862
Correa2015a_article_formula_project_bt,293639000.9489291,0.56,0.9246264236921369,271506379.3039403,0.05328740816683394,-0.18225293604999165,0.18225293604999165,0.2923816171181862
Correa2015a_article_formula_project_bt,293639000.9489291,0.58,0.9218878335801314,270702222.43944234,0.05328740816683394,-0.18225293604999165,0.18225293604999165,0.2923816171181862
Correa2015a_article_formula_project_bt,293639000.9489291,0.6,0.9191495060992666,269898142.69369024,0.05328740816683394,-0.18225293604999165,0.18225293604999165,0.2923816171181862
Correa2015a_article_formula_project_bt,293639000.9489291,0.62,0.9164116815873978,269094210.6392516,0.05328740816683394,-0.18225293604999165,0.18225293604999165,0.2923816171181862
Correa2015a_article_formula_project_bt,293639000.9489291,0.64,0.9136745907792508,268290494.0288408,0.05328740816683394,-0.18225293604999165,0.18225293604999165,0.2923816171181862
Correa2015a_article_formula_project_bt,293639000.9489291,0.66,0.9109384552585486,267487057.92808092,0.05328740816683394,-0.18225293604999165,0.18225293604999165,0.2923816171181862
Correa2015a_article_formula_project_bt,293639000.9489291,0.68,0.9082034878837941,266683964.84053013,0.05328740816683394,-0.18225293604999165,0.18225293604999165,0.2923816171181862
Correa2015a_article_formula_project_bt,293639000.9489291,0.7000000000000001,0.905469893189535,265881274.82550856,0.05328740816683394,-0.18225293604999165,0.18225293604999165,0.2923816171181862
Correa2015a_article_formula_project_bt,293639000.9489291,0.72,0.9027378677648021,265079045.60922295,0.05328740816683394,-0.18225293604999165,0.18225293604999165,0.2923816171181862
Correa2015a_article_formula_project_bt,293639000.9489291,0.74,0.9000076006102702,264277332.68964252,0.05328740816683394,-0.18225293604999165,0.18225293604999165,0.2923816171181862
Correa2015a_article_formula_project_bt,293639000.9489291,0.76,0.8972792734755723,263476189.43554798,0.05328740816683394,-0.18225293604999165,0.18225293604999165,0.2923816171181862
Correa2015a_article_formula_project_bt,293639000.9489291,0.78,0.8945530611780861,262675667.18013942,0.05328740816683394,-0.18225293604999165,0.18225293604999165,0.2923816171181862
Correa2015a_article_formula_project_bt,293639000.9489291,0.8,0.891829131904406,261875815.30956048,0.05328740816683394,-0.18225293604999165,0.18225293604999165,0.2923816171181862
Correa2015a_article_formula_project_bt,293639000.9489291,0.8200000000000001,0.8891076474956309,261076681.34666964,0.05328740816683394,-0.18225293604999165,0.18225293604999165,0.2923816171181862
Correa2015a_article_formula_project_bt,293639000.9489291,0.84,0.8863887637174999,260278311.030363,0.05328740816683394,-0.18225293604999165,0.18225293604999165,0.2923816171181862
Correa2015a_article_formula_project_bt,293639000.9489291,0.86,0.8836726305163436,259480748.39073128,0.05328740816683394,-0.18225293604999165,0.18225293604999165,0.2923816171181862
Correa2015a_article_formula_project_bt,293639000.9489291,0.88,0.88095939226174,258684035.82031307,0.05328740816683394,-0.18225293604999165,0.18225293604999165,0.2923816171181862
Correa2015a_article_formula_project_bt,293639000.9489291,0.9,0.8782491879767006,257888214.14168656,0.05328740816683394,-0.18225293604999165,0.18225293604999165,0.2923816171181862
Correa2015a_article_formula_project_bt,293639000.9489291,0.92,0.8755421515561543,257093322.67162502,0.05328740816683394,-0.18225293604999165,0.18225293604999165,0.2923816171181862
Correa2015a_article_formula_project_bt,293639000.9489291,0.9400000000000001,0.8728384119744413,256299399.2820247,0.05328740816683394,-0.18225293604999165,0.18225293604999165,0.2923816171181862
Correa2015a_article_formula_project_bt,293639000.9489291,0.96,0.8701380934824772,255506480.45780045,0.05328740816683394,-0.18225293604999165,0.18225293604999165,0.2923816171181862
Correa2015a_article_formula_project_bt,293639000.9489291,0.98,0.867441315795203,254714601.3519279,0.05328740816683394,-0.18225293604999165,0.18225293604999165,0.2923816171181862
Correa2015a_article_formula_project_bt,293639000.9489291,1.0,0.8647481942698968,253923795.83780292,0.05328740816683394,-0.18225293604999165,0.18225293604999165,0.2923816171181862
Correa2015a_article_formula_project_bt,293639000.9489291,1.02,0.8620588400758764,253134096.55907297,0.05328740816683394,-0.18225293604999165,0.18225293604999165,0.2923816171181862
Correa2015a_article_formula_project_bt,293639000.9489291,1.04,0.8593733603560916,252345534.97708675,0.05328740816683394,-0.18225293604999165,0.18225293604999165,0.2923816171181862
Correa2015a_article_formula_project_bt,293639000.9489291,1.06,0.8566918583810734,251558141.41609982,0.05328740816683394,-0.18225293604999165,0.18225293604999165,0.2923816171181862
Correa2015a_article_formula_project_bt,293639000.9489291,1.08,0.854014433695667,250771945.1063611,0.05328740816683394,-0.18225293604999165,0.18225293604999165,0.2923816171181862
Correa2015a_article_formula_project_bt,293639000.9489291,1.1,0.8513411822589609,249986974.22520143,0.05328740816683394,-0.18225293604999165,0.18225293604999165,0.2923816171181862
Correa2015a_article_formula_project_bt,293639000.9489291,1.12,0.8486721965777834,249203255.93623346,0.05328740816683394,-0.18225293604999165,0.18225293604999165,0.2923816171181862
Correa2015a_article_formula_project_bt,293639000.9489291,1.1400000000000001,0.8460075658341243,248420816.4267676,0.05328740816683394,-0.18225293604999165,0.18225293604999165,0.2923816171181862
Correa2015a_article_formula_project_bt,293639000.9489291,1.16,0.843347376006812,247639680.9435411,0.05328740816683394,-0.18225293604999165,0.18225293604999165,0.2923816171181862
Correa2015a_article_formula_project_bt,293639000.9489291,1.18,0.8406917099877569,246859873.82685176,0.05328740816683394,-0.18225293604999165,0.18225293604999165,0.2923816171181862
Correa2015a_article_formula_project_bt,293639000.9489291,1.2,0.8380406476930496,246081418.54318053,0.05328740816683394,-0.18225293604999165,0.18225293604999165,0.2923816171181862
Correa2015a_article_formula_project_bt,293639000.9489291,1.22,0.8353942661691899,245304337.71638465,0.05328740816683394,-0.18225293604999165,0.18225293604999165,0.2923816171181862
Correa2015a_article_formula_project_bt,293639000.9489291,1.24,0.8327526396946987,244528653.1575348,0.05328740816683394,-0.18225293604999165,0.18225293604999165,0.2923816171181862
Correa2015a_article_formula_project_bt,293639000.9489291,1.26,0.8301158398773569,243754385.89346826,0.05328740816683394,-0.18225293604999165,0.18225293604999165,0.2923816171181862
Correa2015a_article_formula_project_bt,293639000.9489291,1.28,0.827483935747294,242981556.1941232,0.05328740816683394,-0.18225293604999165,0.18225293604999165,0.2923816171181862
Correa2015a_article_formula_project_bt,293639000.9489291,1.3,0.8248569938461388,242210183.59871712,0.05328740816683394,-0.18225293604999165,0.18225293604999165,0.2923816171181862
Correa2015a_article_formula_project_bt,293639000.9489291,1.32,0.822235078312434,241440286.94082758,0.05328740816683394,-0.18225293604999165,0.18225293604999165,0.2923816171181862
Correa2015a_article_formula_project_bt,293639000.9489291,1.34,0.8196182509635003,240671884.37243083,0.05328740816683394,-0.18225293604999165,0.18225293604999165,0.2923816171181862
Correa2015a_article_formula_project_bt,293639000.9489291,1.36,0.8170065713739262,239904993.3869496,0.05328740816683394,-0.18225293604999165,0.18225293604999165,0.2923816171181862
Correa2015a_article_formula_project_bt,293639000.9489291,1.3800000000000001,0.8144000969508527,239139630.84135935,0.05328740816683394,-0.18225293604999165,0.18225293604999165,0.2923816171181862
Correa2015a_article_formula_project_bt,293639000.9489291,1.4000000000000001,0.8117988830062074,238375812.9773993,0.05328740816683394,-0.18225293604999165,0.18225293604999165,0.2923816171181862
Correa2015a_article_formula_project_bt,293639000.9489291,1.42,0.8092029828260375,237613555.44193107,0.05328740816683394,-0.18225293604999165,0.18225293604999165,0.2923816171181862
Correa2015a_article_formula_project_bt,293639000.9489291,1.44,0.8066124477370799,236852873.3064864,0.05328740816683394,-0.18225293604999165,0.18225293604999165,0.2923816171181862
Correa2015a_article_formula_project_bt,293639000.9489291,1.46,0.8040273271707011,236093781.0860424,0.05328740816683394,-0.18225293604999165,0.18225293604999165,0.2923816171181862
Correa2015a_article_formula_project_bt,293639000.9489291,1.48,0.801447668724333,235336292.75706142,0.05328740816683394,-0.18225293604999165,0.18225293604999165,0.2923816171181862
Correa2015a_article_formula_project_bt,293639000.9489291,1.5,0.7988735182205179,234580421.77482897,0.05328740816683394,-0.18225293604999165,0.18225293604999165,0.2923816171181862
Correa2015a_article_formula_project_bt,293639000.9489291,1.52,0.7963049197636788,233826181.09012377,0.05328740816683394,-0.18225293604999165,0.18225293604999165,0.2923816171181862
Correa2015a_article_formula_project_bt,293639000.9489291,1.54,0.7937419157947159,233073583.16524935,0.05328740816683394,-0.18225293604999165,0.18225293604999165,0.2923816171181862
Correa2015a_article_formula_project_bt,293639000.9489291,1.56,0.7911845471435331,232322639.98945794,0.05328740816683394,-0.18225293604999165,0.18225293604999165,0.2923816171181862
Correa2015a_article_formula_project_bt,293639000.9489291,1.58,0.7886328530795851,231573363.09379292,0.05328740816683394,-0.18225293604999165,0.18225293604999165,0.2923816171181862
Correa2015a_article_formula_project_bt,293639000.9489291,1.6,0.7860868713605343,230825763.56537664,0.05328740816683394,-0.18225293604999165,0.18225293604999165,0.2923816171181862
Correa2015a_article_formula_project_bt,293639000.9489291,1.62,0.7835466382791064,230079852.0611687,0.05328740816683394,-0.18225293604999165,0.18225293604999165,0.2923816171181862
Correa2015a_article_formula_project_bt,293639000.9489291,1.6400000000000001,0.7810121887082188,229335638.8212178,0.05328740816683394,-0.18225293604999165,0.18225293604999165,0.2923816171181862
Correa2015a_article_formula_project_bt,293639000.9489291,1.6600000000000001,0.778483556144462,228593133.68142936,0.05328740816683394,-0.18225293604999165,0.18225293604999165,0.2923816171181862
Correa2015a_article_formula_project_bt,293639000.9489291,1.68,0.7759607727500057,227852346.08587068,0.05328740816683394,-0.18225293604999165,0.18225293604999165,0.2923816171181862
Correa2015a_article_formula_project_bt,293639000.9489291,1.7,0.7734438693929946,227113285.0986329,0.05328740816683394,-0.18225293604999165,0.18225293604999165,0.2923816171181862
Correa2015a_article_formula_project_bt,293639000.9489291,1.72,0.7709328756865029,226375959.41526964,0.05328740816683394,-0.18225293604999165,0.18225293604999165,0.2923816171181862
Correa2015a_article_formula_project_bt,293639000.9489291,1.74,0.7684278200261081,225640377.37382984,0.05328740816683394,-0.18225293604999165,0.18225293604999165,0.2923816171181862
Correa2015a_article_formula_project_bt,293639000.9489291,1.76,0.7659287296261398,224906546.96550208,0.05328740816683394,-0.18225293604999165,0.18225293604999165,0.2923816171181862
Correa2015a_article_formula_project_bt,293639000.9489291,1.78,0.7634356305546639,224174475.84488723,0.05328740816683394,-0.18225293604999165,0.18225293604999165,0.2923816171181862
Correa2015a_article_formula_project_bt,293639000.9489291,1.8,0.7609485477672512,223444171.33991408,0.05328740816683394,-0.18225293604999165,0.18225293604999165,0.2923816171181862
Correa2015a_article_formula_project_bt,293639000.9489291,1.82,0.7584675051395834,222715640.46141398,0.05328740816683394,-0.18225293604999165,0.18225293604999165,0.2923816171181862
Correa2015a_article_formula_project_bt,293639000.9489291,1.84,0.7559925254989425,221988889.91236725,0.05328740816683394,-0.18225293604999165,0.18225293604999165,0.2923816171181862
Correa2015a_article_formula_project_bt,293639000.9489291,1.86,0.7535236306546305,221263926.09683552,0.05328740816683394,-0.18225293604999165,0.18225293604999165,0.2923816171181862
Correa2015a_article_formula_project_bt,293639000.9489291,1.8800000000000001,0.7510608414273628,220540755.12859288,0.05328740816683394,-0.18225293604999165,0.18225293604999165,0.2923816171181862
Correa2015a_article_formula_project_bt,293639000.9489291,1.9000000000000001,0.7486041776776758,219819382.83946732,0.05328740816683394,-0.18225293604999165,0.18225293604999165,0.2923816171181862
Correa2015a_article_formula_project_bt,293639000.9489291,1.92,0.7461536583333891,219099814.78740492,0.05328740816683394,-0.18225293604999165,0.18225293604999165,0.2923816171181862
Correa2015a_article_formula_project_bt,293639000.9489291,1.94,0.7437093014161591,218382056.2642669,0.05328740816683394,-0.18225293604999165,0.18225293604999165,0.2923816171181862
Correa2015a_article_formula_project_bt,293639000.9489291,1.96,0.741271124067161,217666112.3033708,0.05328740816683394,-0.18225293604999165,0.18225293604999165,0.2923816171181862
Correa2015a_article_formula_project_bt,293639000.9489291,1.98,0.738839142571932,216951987.68678546,0.05328740816683394,-0.18225293604999165,0.18225293604999165,0.2923816171181862
Correa2015a_article_formula_project_bt,293639000.9489291,2.0,0.7364133723844093,216239686.95238963,0.05328740816683394,-0.18225293604999165,0.18225293604999165,0.2923816171181862
Correa2015a_article_formula_project_bt,293639000.9489291,2.02,0.7339938281501946,215529214.4007031,0.05328740816683394,-0.18225293604999165,0.18225293604999165,0.2923816171181862
Correa2015a_article_formula_project_bt,293639000.9489291,2.04,0.731580523729072,214820574.101499,0.05328740816683394,-0.18225293604999165,0.18225293604999165,0.2923816171181862
Correa2015a_article_formula_project_bt,293639000.9489291,2.06,0.7291734722168122,214113769.90020642,0.05328740816683394,-0.18225293604999165,0.18225293604999165,0.2923816171181862
Correa2015a_article_formula_project_bt,293639000.9489291,2.08,0.726772685966286,213408805.42410997,0.05328740816683394,-0.18225293604999165,0.18225293604999165,0.2923816171181862
Correa2015a_article_formula_project_bt,293639000.9489291,2.1,0.7243781766079155,212705684.0883552,0.05328740816683394,-0.18225293604999165,0.18225293604999165,0.2923816171181862
Correa2015a_article_formula_project_bt,293639000.9489291,2.12,0.7219899550694872,212004409.1017664,0.05328740816683394,-0.18225293604999165,0.18225293604999165,0.2923816171181862
Correa2015a_article_formula_project_bt,293639000.9489291,2.14,0.7196080315953505,211304983.4724841,0.05328740816683394,-0.18225293604999165,0.18225293604999165,0.2923816171181862
Correa2015a_article_formula_project_bt,293639000.9489291,2.16,0.7172324157650231,210607410.0134283,0.05328740816683394,-0.18225293604999165,0.18225293604999165,0.2923816171181862
Correa2015a_article_formula_project_bt,293639000.9489291,2.18,0.7148631165112292,209911691.34759524,0.05328740816683394,-0.18225293604999165,0.18225293604999165,0.2923816171181862
Correa2015a_article_formula_project_bt,293639000.9489291,2.2,0.7125001421373861,209217829.913192,0.05328740816683394,-0.18225293604999165,0.18225293604999165,0.2923816171181862
Correa2015a_article_formula_project_bt,293639000.9489291,2.22,0.7101435003345614,208525827.9686161,0.05328740816683394,-0.18225293604999165,0.18225293604999165,0.2923816171181862
Correa2015a_article_formula_project_bt,293639000.9489291,2.24,0.7077931981979209,207835687.59728482,0.05328740816683394,-0.18225293604999165,0.18225293604999165,0.2923816171181862
Correa2015a_article_formula_project_bt,293639000.9489291,2.2600000000000002,0.7054492422426845,207147410.71232092,0.05328740816683394,-0.18225293604999165,0.18225293604999165,0.2923816171181862
Correa2015a_article_formula_project_bt,293639000.9489291,2.2800000000000002,0.7031116384196064,206460999.0610979,0.05328740816683394,-0.18225293604999165,0.18225293604999165,0.2923816171181862
Correa2015a_article_formula_project_bt,293639000.9489291,2.3000000000000003,0.700780392129999,205776454.22965166,0.05328740816683394,-0.18225293604999165,0.18225293604999165,0.2923816171181862
Correa2015a_article_formula_project_bt,293639000.9489291,2.32,0.6984555082403129,205093777.64696196,0.05328740816683394,-0.18225293604999165,0.18225293604999165,0.2923816171181862
Correa2015a_article_formula_project_bt,293639000.9489291,2.34,0.6961369910962931,204412970.58910903,0.05328740816683394,-0.18225293604999165,0.18225293604999165,0.2923816171181862
Correa2015a_article_formula_project_bt,293639000.9489291,2.36,0.693824844536722,203734034.18330908,0.05328740816683394,-0.18225293604999165,0.18225293604999165,0.2923816171181862
Correa2015a_article_formula_project_bt,293639000.9489291,2.38,0.6915190719067655,203056969.4118333,0.05328740816683394,-0.18225293604999165,0.18225293604999165,0.2923816171181862
Correa2015a_article_formula_project_bt,293639000.9489291,2.4,0.6892196760709356,202381777.11581403,0.05328740816683394,-0.18225293604999165,0.18225293604999165,0.2923816171181862
Correa2015a_article_formula_project_bt,293639000.9489291,2.42,0.6869266594256821,201708457.99894255,0.05328740816683394,-0.18225293604999165,0.18225293604999165,0.2923816171181862
Correa2015a_article_formula_project_bt,293639000.9489291,2.44,0.6846400239116264,201037012.63106087,0.05328740816683394,-0.18225293604999165,0.18225293604999165,0.2923816171181862
Correa2015a_article_formula_project_bt,293639000.9489291,2.46,0.6823597710254488,200367441.45165277,0.05328740816683394,-0.18225293604999165,0.18225293604999165,0.2923816171181862
Correa2015a_article_formula_project_bt,293639000.9489291,2.48,0.6800859018314419,199699744.77323607,0.05328740816683394,-0.18225293604999165,0.18225293604999165,0.2923816171181862
Correa2015a_article_formula_project_bt,293639000.9489291,2.5,0.6778184169727411,199033922.78466034,0.05328740816683394,-0.18225293604999165,0.18225293604999165,0.2923816171181862
Correa2015a_article_formula_project_bt,293639000.9489291,2.52,0.6755573166822411,198369975.55431256,0.05328740816683394,-0.18225293604999165,0.18225293604999165,0.2923816171181862
Correa2015a_article_formula_project_bt,293639000.9489291,2.54,0.6733026007932104,197707903.0332339,0.05328740816683394,-0.18225293604999165,0.18225293604999165,0.2923816171181862
Correa2015a_article_formula_project_bt,293639000.9489291,2.56,0.671054268749615,197047705.05815113,0.05328740816683394,-0.18225293604999165,0.18225293604999165,0.2923816171181862
Correa2015a_article_formula_project_bt,293639000.9489291,2.58,0.6688123196161576,196389381.35442436,0.05328740816683394,-0.18225293604999165,0.18225293604999165,0.2923816171181862
Correa2015a_article_formula_project_bt,293639000.9489291,2.6,0.6665767520880422,195732931.53891468,0.05328740816683394,-0.18225293604999165,0.18225293604999165,0.2923816171181862
Correa2015a_article_formula_project_bt,293639000.9489291,2.62,0.6643475645004764,195078355.1227741,0.05328740816683394,-0.18225293604999165,0.18225293604999165,0.2923816171181862
Correa2015a_article_formula_project_bt,293639000.9489291,2.64,0.6621247548379142,194425651.5141597,0.05328740816683394,-0.18225293604999165,0.18225293604999165,0.2923816171181862
Correa2015a_article_formula_project_bt,293639000.9489291,2.66,0.6599083207430532,193774820.02087557,0.05328740816683394,-0.18225293604999165,0.18225293604999165,0.2923816171181862
Correa2015a_article_formula_project_bt,293639000.9489291,2.68,0.6576982595255888,193125859.85294336,0.05328740816683394,-0.18225293604999165,0.18225293604999165,0.2923816171181862
Correa2015a_article_formula_project_bt,293639000.9489291,2.7,0.6554945681707373,192478770.12510496,0.05328740816683394,-0.18225293604999165,0.18225293604999165,0.2923816171181862
Correa2015a_article_formula_project_bt,293639000.9489291,2.72,0.6532972433475325,191833549.85925883,0.05328740816683394,-0.18225293604999165,0.18225293604999165,0.2923816171181862
Correa2015a_article_formula_project_bt,293639000.9489291,2.74,0.6511062814169035,191190197.9868318,0.05328740816683394,-0.18225293604999165,0.18225293604999165,0.2923816171181862
Correa2015a_article_formula_project_bt,293639000.9489291,2.7600000000000002,0.6489216784395417,190548713.35108924,0.05328740816683394,-0.18225293604999165,0.18225293604999165,0.2923816171181862
Correa2015a_article_formula_project_bt,293639000.9489291,2.7800000000000002,0.6467434301835608,189909094.70938426,0.05328740816683394,-0.18225293604999165,0.18225293604999165,0.2923816171181862
Correa2015a_article_formula_project_bt,293639000.9489291,2.8000000000000003,0.6445715321319591,189271340.735349,0.05328740816683394,-0.18225293604999165,0.18225293604999165,0.2923816171181862
Correa2015a_article_formula_project_bt,293639000.9489291,2.82,0.6424059794898881,188635450.02102897,0.05328740816683394,-0.18225293604999165,0.18225293604999165,0.2923816171181862
Correa2015a_article_formula_project_bt,293639000.9489291,2.84,0.6402467671917347,188001421.07896253,0.05328740816683394,-0.18225293604999165,0.18225293604999165,0.2923816171181862
Correa2015a_article_formula_project_bt,293639000.9489291,2.86,0.6380938899080207,187369252.34420714,0.05328740816683394,-0.18225293604999165,0.18225293604999165,0.2923816171181862
Correa2015a_article_formula_project_bt,293639000.9489291,2.88,0.6359473420521272,186738942.17631352,0.05328740816683394,-0.18225293604999165,0.18225293604999165,0.2923816171181862
Correa2015a_article_formula_project_bt,293639000.9489291,2.9,0.6338071177868477,186110488.8612502,0.05328740816683394,-0.18225293604999165,0.18225293604999165,0.2923816171181862
Correa2015a_article_formula_project_bt,293639000.9489291,2.92,0.6316732110307762,185483890.61327916,0.05328740816683394,-0.18225293604999165,0.18225293604999165,0.2923816171181862
Correa2015a_article_formula_project_bt,293639000.9489291,2.94,0.6295456154645322,184859145.57678393,0.05328740816683394,-0.18225293604999165,0.18225293604999165,0.2923816171181862
Correa2015a_article_formula_project_bt,293639000.9489291,2.96,0.6274243245368338,184236251.82805252,0.05328740816683394,-0.18225293604999165,0.18225293604999165,0.2923816171181862
Correa2015a_article_formula_project_bt,293639000.9489291,2.98,0.6253093314704135,183615207.37701494,0.05328740816683394,-0.18225293604999165,0.18225293604999165,0.2923816171181862
Correa2015a_article_formula_project_bt,293639000.9489291,3.0,0.6232006292677924,182996010.1689385,0.05328740816683394,-0.18225293604999165,0.18225293604999165,0.2923816171181862
Correa2015a_article_formula_project_bt,293639000.9489291,3.02,0.6210982107169081,182378658.0860803,0.05328740816683394,-0.18225293604999165,0.18225293604999165,0.2923816171181862
Correa2015a_article_formula_project_bt,293639000.9489291,3.04,0.6190020683966043,181763148.94929954,0.05328740816683394,-0.18225293604999165,0.18225293604999165,0.2923816171181862
Correa2015a_article_formula_project_bt,293639000.9489291,3.06,0.6169121946819868,181149480.51962984,0.05328740816683394,-0.18225293604999165,0.18225293604999165,0.2923816171181862
Correa2015a_article_formula_project_bt,293639000.9489291,3.08,0.6148285817496467,180537650.49981323,0.05328740816683394,-0.18225293604999165,0.18225293604999165,0.2923816171181862
Correa2015a_article_formula_project_bt,293639000.9489291,3.1,0.6127512215827582,179927656.53579697,0.05328740816683394,-0.18225293604999165,0.18225293604999165,0.2923816171181862
Correa2015a_article_formula_project_bt,293639000.9489291,3.12,0.6106801059760517,179319496.21819395,0.05328740816683394,-0.18225293604999165,0.18225293604999165,0.2923816171181862
Correa2015a_article_formula_project_bt,293639000.9489291,3.14,0.6086152265406658,178713167.08370724,0.05328740816683394,-0.18225293604999165,0.18225293604999165,0.2923816171181862
Correa2015a_article_formula_project_bt,293639000.9489291,3.16,0.6065565747088855,178108666.6165216,0.05328740816683394,-0.18225293604999165,0.18225293604999165,0.2923816171181862
Correa2015a_article_formula_project_bt,293639000.9489291,3.18,0.6045041417387622,177505992.24965996,0.05328740816683394,-0.18225293604999165,0.18225293604999165,0.2923816171181862
Correa2015a_article_formula_project_bt,293639000.9489291,3.2,0.602457918718628,176905141.36630905,0.05328740816683394,-0.18225293604999165,0.18225293604999165,0.2923816171181862
Correa2015a_article_formula_project_bt,293639000.9489291,3.22,0.6004178965714995,176306111.30111253,0.05328740816683394,-0.18225293604999165,0.18225293604999165,0.2923816171181862
Correa2015a_article_formula_project_bt,293639000.9489291,3.24,0.5983840660593777,175708899.34143364,0.05328740816683394,-0.18225293604999165,0.18225293604999165,0.2923816171181862
Correa2015a_article_formula_project_bt,293639000.9489291,3.2600000000000002,0.5963564177874475,175113502.72858825,0.05328740816683394,-0.18225293604999165,0.18225293604999165,0.2923816171181862
Correa2015a_article_formula_project_bt,293639000.9489291,3.2800000000000002,0.5943349422081767,174519918.6590485,0.05328740816683394,-0.18225293604999165,0.18225293604999165,0.2923816171181862
Correa2015a_article_formula_project_bt,293639000.9489291,3.3000000000000003,0.5923196296253201,173928144.2856187,0.05328740816683394,-0.18225293604999165,0.18225293604999165,0.2923816171181862
Correa2015a_article_formula_project_bt,293639000.9489291,3.3200000000000003,0.5903104701978295,173338176.7185832,0.05328740816683394,-0.18225293604999165,0.18225293604999165,0.2923816171181862
Correa2015a_article_formula_project_bt,293639000.9489291,3.34,0.588307453943672,172750013.02682796,0.05328740816683394,-0.18225293604999165,0.18225293604999165,0.2923816171181862
Correa2015a_article_formula_project_bt,293639000.9489291,3.36,0.5863105707435612,172163650.2389357,0.05328740816683394,-0.18225293604999165,0.18225293604999165,0.2923816171181862
Correa2015a_article_formula_project_bt,293639000.9489291,3.38,0.5843198103446005,171579085.3442562,0.05328740816683394,-0.18225293604999165,0.18225293604999165,0.2923816171181862
Correa2015a_article_formula_project_bt,293639000.9489291,3.4,0.5823351623638431,170996315.29395127,0.05328740816683394,-0.18225293604999165,0.18225293604999165,0.2923816171181862
Correa2015a_article_formula_project_bt,293639000.9489291,3.42,0.5803566162917708,170415337.00201654,0.05328740816683394,-0.18225293604999165,0.18225293604999165,0.2923816171181862
Correa2015a_article_formula_project_bt,293639000.9489291,3.44,0.5783841614956916,169836147.34627894,0.05328740816683394,-0.18225293604999165,0.18225293604999165,0.2923816171181862
Correa2015a_article_formula_project_bt,293639000.9489291,3.46,0.5764177872230615,169258743.16937214,0.05328740816683394,-0.18225293604999165,0.18225293604999165,0.2923816171181862
Correa2015a_article_formula_project_bt,293639000.9489291,3.48,0.574457482604729,168683121.2796894,0.05328740816683394,-0.18225293604999165,0.18225293604999165,0.2923816171181862
Correa2015a_article_formula_project_bt,293639000.9489291,3.5,0.5725032366581072,168109278.4523149,0.05328740816683394,-0.18225293604999165,0.18225293604999165,0.2923816171181862
Correa2015a_article_formula_project_bt,293639000.9489291,3.52,0.5705550382902741,167537211.42993405,0.05328740816683394,-0.18225293604999165,0.18225293604999165,0.2923816171181862
Correa2015a_article_formula_project_bt,293639000.9489291,3.54,0.5686128763010021,166966916.92372325,0.05328740816683394,-0.18225293604999165,0.18225293604999165,0.2923816171181862
Correa2015a_article_formula_project_bt,293639000.9489291,3.56,0.5666767393857208,166398391.61421973,0.05328740816683394,-0.18225293604999165,0.18225293604999165,0.2923816171181862
Correa2015a_article_formula_project_bt,293639000.9489291,3.58,0.5647466161384118,165831632.15217158,0.05328740816683394,-0.18225293604999165,0.18225293604999165,0.2923816171181862
Correa2015a_article_formula_project_bt,293639000.9489291,3.6,0.56282249505444,165266635.15936935,0.05328740816683394,-0.18225293604999165,0.18225293604999165,0.2923816171181862
Correa2015a_article_formula_project_bt,293639000.9489291,3.62,0.560904364533322,164703397.2294586,0.05328740816683394,-0.18225293604999165,0.18225293604999165,0.2923816171181862
Correa2015a_article_formula_project_bt,293639000.9489291,3.64,0.5589922128814321,164141914.9287348,0.05328740816683394,-0.18225293604999165,0.18225293604999165,0.2923816171181862
Correa2015a_article_formula_project_bt,293639000.9489291,3.66,0.5570860283146484,163582184.79692015,0.05328740816683394,-0.18225293604999165,0.18225293604999165,0.2923816171181862
Correa2015a_article_formula_project_bt,293639000.9489291,3.68,0.5551857989609417,163024203.3479239,0.05328740816683394,-0.18225293604999165,0.18225293604999165,0.2923816171181862
Correa2015a_article_formula_project_bt,293639000.9489291,3.7,0.5532915128629059,162467967.07058522,0.05328740816683394,-0.18225293604999165,0.18225293604999165,0.2923816171181862
Correa2015a_article_formula_project_bt,293639000.9489291,3.72,0.5514031579802342,161913472.42940047,0.05328740816683394,-0.18225293604999165,0.18225293604999165,0.2923816171181862
Correa2015a_article_formula_project_bt,293639000.9489291,3.74,0.5495207221921389,161360715.86523366,0.05328740816683394,-0.18225293604999165,0.18225293604999165,0.2923816171181862
Correa2015a_article_formula_project_bt,293639000.9489291,3.7600000000000002,0.5476441932997214,160809693.79601237,0.05328740816683394,-0.18225293604999165,0.18225293604999165,0.2923816171181862
Correa2015a_article_formula_project_bt,293639000.9489291,3.7800000000000002,0.5457735590282883,160260402.61740795,0.05328740816683394,-0.18225293604999165,0.18225293604999165,0.2923816171181862
Correa2015a_article_formula_project_bt,293639000.9489291,3.8000000000000003,0.5439088070296169,159712838.70350054,0.05328740816683394,-0.18225293604999165,0.18225293604999165,0.2923816171181862
Correa2015a_article_formula_project_bt,293639000.9489291,3.8200000000000003,0.5420499248841743,159166998.40743098,0.05328740816683394,-0.18225293604999165,0.18225293604999165,0.2923816171181862
Correa2015a_article_formula_project_bt,293639000.9489291,3.84,0.5401969001032847,158622878.06203696,0.05328740816683394,-0.18225293604999165,0.18225293604999165,0.2923816171181862
Correa2015a_article_formula_project_bt,293639000.9489291,3.86,0.5383497201312534,158080473.9804768,0.05328740816683394,-0.18225293604999165,0.18225293604999165,0.2923816171181862
Correa2015a_article_formula_project_bt,293639000.9489291,3.88,0.5365083723474428,157539782.45683914,0.05328740816683394,-0.18225293604999165,0.18225293604999165,0.2923816171181862
Correa2015a_article_formula_project_bt,293639000.9489291,3.9,0.5346728440683051,157000799.76673964,0.05328740816683394,-0.18225293604999165,0.18225293604999165,0.2923816171181862
Correa2015a_article_formula_project_bt,293639000.9489291,3.92,0.5328431225493705,156463522.16790494,0.05328740816683394,-0.18225293604999165,0.18225293604999165,0.2923816171181862
Correa2015a_article_formula_project_bt,293639000.9489291,3.94,0.5310191949871934,155927945.90074405,0.05328740816683394,-0.18225293604999165,0.18225293604999165,0.2923816171181862
Correa2015a_article_formula_project_bt,293639000.9489291,3.96,0.529201048521258,155394067.18890795,0.05328740816683394,-0.18225293604999165,0.18225293604999165,0.2923816171181862
Correa2015a_article_formula_project_bt,293639000.9489291,3.98,0.5273886702358411,154861882.2398366,0.05328740816683394,-0.18225293604999165,0.18225293604999165,0.2923816171181862
Correa2015a_article_formula_project_bt,293639000.9489291,4.0,0.5255820471618375,154331387.2452949,0.05328740816683394,-0.18225293604999165,0.18225293604999165,0.2923816171181862
Correa2015a_article_formula_project_bt,293639000.9489291,4.0200000000000005,0.5237811662785457,153802578.38189703,0.05328740816683394,-0.18225293604999165,0.18225293604999165,0.2923816171181862
Correa2015a_article_formula_project_bt,293639000.9489291,4.04,0.5219860145154158,153275451.81161988,0.05328740816683394,-0.18225293604999165,0.18225293604999165,0.2923816171181862
Correa2015a_article_formula_project_bt,293639000.9489291,4.0600000000000005,0.5201965787537612,152750003.68230537,0.05328740816683394,-0.18225293604999165,0.18225293604999165,0.2923816171181862
Correa2015a_article_formula_project_bt,293639000.9489291,4.08,0.5184128458284332,152226230.1281523,0.05328740816683394,-0.18225293604999165,0.18225293604999165,0.2923816171181862
Correa2015a_article_formula_project_bt,293639000.9489291,4.1,0.5166348025294616,151704127.27019835,0.05328740816683394,-0.18225293604999165,0.18225293604999165,0.2923816171181862
Correa2015a_article_formula_project_bt,293639000.9489291,4.12,0.5148624356036593,151183691.21679085,0.05328740816683394,-0.18225293604999165,0.18225293604999165,0.2923816171181862
Correa2015a_article_formula_project_bt,293639000.9489291,4.14,0.5130957317561954,150664918.06404892,0.05328740816683394,-0.18225293604999165,0.18225293604999165,0.2923816171181862
Correa2015a_article_formula_project_bt,293639000.9489291,4.16,0.5113346776521333,150147803.8963151,0.05328740816683394,-0.18225293604999165,0.18225293604999165,0.2923816171181862
Correa2015a_article_formula_project_bt,293639000.9489291,4.18,0.5095792599179382,149632344.78659803,0.05328740816683394,-0.18225293604999165,0.18225293604999165,0.2923816171181862
Correa2015a_article_formula_project_bt,293639000.9489291,4.2,0.507829465142952,149118536.79700544,0.05328740816683394,-0.18225293604999165,0.18225293604999165,0.2923816171181862
Correa2015a_article_formula_project_bt,293639000.9489291,4.22,0.5060852798808394,148606375.97916883,0.05328740816683394,-0.18225293604999165,0.18225293604999165,0.2923816171181862
Correa2015a_article_formula_project_bt,293639000.9489291,4.24,0.5043466906510006,148095858.3746584,0.05328740816683394,-0.18225293604999165,0.18225293604999165,0.2923816171181862
Correa2015a_article_formula_project_bt,293639000.9489291,4.26,0.5026136839399591,147586980.0153904,0.05328740816683394,-0.18225293604999165,0.18225293604999165,0.2923816171181862
Correa2015a_article_formula_project_bt,293639000.9489291,4.28,0.5008862462027168,147079736.9240251,0.05328740816683394,-0.18225293604999165,0.18225293604999165,0.2923816171181862
Correa2015a_article_formula_project_bt,293639000.9489291,4.3,0.49916436386408375,146574125.11435726,0.05328740816683394,-0.18225293604999165,0.18225293604999165,0.2923816171181862
Correa2015a_article_formula_project_bt,293639000.9489291,4.32,0.4974480233199782,146070140.591698,0.05328740816683394,-0.18225293604999165,0.18225293604999165,0.2923816171181862
Correa2015a_article_formula_project_bt,293639000.9489291,4.34,0.49573721093870315,145567779.3532493,0.05328740816683394,-0.18225293604999165,0.18225293604999165,0.2923816171181862
Correa2015a_article_formula_project_bt,293639000.9489291,4.36,0.4940319130621922,145067037.3884703,0.05328740816683394,-0.18225293604999165,0.18225293604999165,0.2923816171181862
Correa2015a_article_formula_project_bt,293639000.9489291,4.38,0.492332116007234,144567910.67943645,0.05328740816683394,-0.18225293604999165,0.18225293604999165,0.2923816171181862
Correa2015a_article_formula_project_bt,293639000.9489291,4.4,0.4906378060666684,144070395.20119092,0.05328740816683394,-0.18225293604999165,0.18225293604999165,0.2923816171181862
Correa2015a_article_formula_project_bt,293639000.9489291,4.42,0.4889489695105602,143574486.92208928,0.05328740816683394,-0.18225293604999165,0.18225293604999165,0.2923816171181862
Correa2015a_article_formula_project_bt,293639000.9489291,4.44,0.48726559258734736,143080181.80413657,0.05328740816683394,-0.18225293604999165,0.18225293604999165,0.2923816171181862
Correa2015a_article_formula_project_bt,293639000.9489291,4.46,0.485587661524967,142587475.80331805,0.05328740816683394,-0.18225293604999165,0.18225293604999165,0.2923816171181862
Correa2015a_article_formula_project_bt,293639000.9489291,4.48,0.4839151625319568,142096364.86992243,0.05328740816683394,-0.18225293604999165,0.18225293604999165,0.2923816171181862
Correa2015a_article_formula_project_bt,293639000.9489291,4.5,0.4822480817985359,141606844.9488595,0.05328740816683394,-0.18225293604999165,0.18225293604999165,0.2923816171181862
Correa2015a_article_formula_project_bt,293639000.9489291,4.5200000000000005,0.48058640549766135,141118911.9799702,0.05328740816683394,-0.18225293604999165,0.18225293604999165,0.2923816171181862
Correa2015a_article_formula_project_bt,293639000.9489291,4.54,0.47893011978606564,140632561.89833125,0.05328740816683394,-0.18225293604999165,0.18225293604999165,0.2923816171181862
Correa2015a_article_formula_project_bt,293639000.9489291,4.5600000000000005,0.47727921080527075,140147790.63455302,0.05328740816683394,-0.18225293604999165,0.18225293604999165,0.2923816171181862
Correa2015a_article_formula_project_bt,293639000.9489291,4.58,0.4756336646825831,139664594.11507162,0.05328740816683394,-0.18225293604999165,0.18225293604999165,0.2923816171181862
Correa2015a_article_formula_project_bt,293639000.9489291,4.6000000000000005,0.47399346753206767,139182968.262435,0.05328740816683394,-0.18225293604999165,0.18225293604999165,0.2923816171181862
Correa2015a_article_formula_project_bt,293639000.9489291,4.62,0.472358605455502,138702908.99558297,0.05328740816683394,-0.18225293604999165,0.18225293604999165,0.2923816171181862
Correa2015a_article_formula_project_bt,293639000.9489291,4.64,0.47072906454331176,138224412.23012203,0.05328740816683394,-0.18225293604999165,0.18225293604999165,0.2923816171181862
Correa2015a_article_formula_project_bt,293639000.9489291,4.66,0.469104830875486,137747473.87859404,0.05328740816683394,-0.18225293604999165,0.18225293604999165,0.2923816171181862
Correa2015a_article_formula_project_bt,293639000.9489291,4.68,0.4674858905224755,137272089.85074013,0.05328740816683394,-0.18225293604999165,0.18225293604999165,0.2923816171181862
Correa2015a_article_formula_project_bt,293639000.9489291,4.7,0.46587222954607105,136798256.05375847,0.05328740816683394,-0.18225293604999165,0.18225293604999165,0.2923816171181862
Correa2015a_article_formula_project_bt,293639000.9489291,4.72,0.4642638340002656,136325968.39255744,0.05328740816683394,-0.18225293604999165,0.18225293604999165,0.2923816171181862
Correa2015a_article_formula_project_bt,293639000.9489291,4.74,0.4626606899320974,135855222.77000332,0.05328740816683394,-0.18225293604999165,0.18225293604999165,0.2923816171181862
Correa2015a_article_formula_project_bt,293639000.9489291,4.76,0.46106278338247775,135386015.08716327,0.05328740816683394,-0.18225293604999165,0.18225293604999165,0.2923816171181862
Correa2015a_article_formula_project_bt,293639000.9489291,4.78,0.4594701003869999,134918341.24354282,0.05328740816683394,-0.18225293604999165,0.18225293604999165,0.2923816171181862
Correa2015a_article_formula_project_bt,293639000.9489291,4.8,0.45788262697673404,134452197.13731936,0.05328740816683394,-0.18225293604999165,0.18225293604999165,0.2923816171181862
Correa2015a_article_formula_project_bt,293639000.9489291,4.82,0.45630034917900403,133987578.66557023,0.05328740816683394,-0.18225293604999165,0.18225293604999165,0.2923816171181862
Correa2015a_article_formula_project_bt,293639000.9489291,4.84,0.4547232530181491,133524481.7244964,0.05328740816683394,-0.18225293604999165,0.18225293604999165,0.2923816171181862
Correa2015a_article_formula_project_bt,293639000.9489291,4.86,0.45315132451627094,133062902.20964175,0.05328740816683394,-0.18225293604999165,0.18225293604999165,0.2923816171181862
Correa2015a_article_formula_project_bt,293639000.9489291,4.88,0.4515845496939649,132602836.01610786,0.05328740816683394,-0.18225293604999165,0.18225293604999165,0.2923816171181862
Correa2015a_article_formula_project_bt,293639000.9489291,4.9,0.45002291457103566,132144279.03876416,0.05328740816683394,-0.18225293604999165,0.18225293604999165,0.2923816171181862
Correa2015a_article_formula_project_bt,293639000.9489291,4.92,0.4484664051672006,131687227.17245443,0.05328740816683394,-0.18225293604999165,0.18225293604999165,0.2923816171181862
Correa2015a_article_formula_project_bt,293639000.9489291,4.94,0.44691500750277613,131231676.31219833,0.05328740816683394,-0.18225293604999165,0.18225293604999165,0.2923816171181862
Correa2015a_article_formula_project_bt,293639000.9489291,4.96,0.4453687075993528,130777622.35338968,0.05328740816683394,-0.18225293604999165,0.18225293604999165,0.2923816171181862
Correa2015a_article_formula_project_bt,293639000.9489291,4.98,0.44382749148045464,130325061.19199003,0.05328740816683394,-0.18225293604999165,0.18225293604999165,0.2923816171181862
Correa2015a_article_formula_project_bt,293639000.9489291,5.0,0.4422913451721862,129873988.7247187,0.05328740816683394,-0.18225293604999165,0.18225293604999165,0.2923816171181862
Correa2015a_article_formula_project_bt,293639000.9489291,5.0200000000000005,0.4407602547038662,129424400.84923878,0.05328740816683394,-0.18225293604999165,0.18225293604999165,0.2923816171181862
Correa2015a_article_formula_project_bt,293639000.9489291,5.04,0.4392342061086487,128976293.46433961,0.05328740816683394,-0.18225293604999165,0.18225293604999165,0.2923816171181862
Correa2015a_article_formula_project_bt,293639000.9489291,5.0600000000000005,0.4377131854241307,128529662.47011508,0.05328740816683394,-0.18225293604999165,0.18225293604999165,0.2923816171181862
Correa2015a_article_formula_project_bt,293639000.9489291,5.08,0.43619717869294855,128084503.7681389,0.05328740816683394,-0.18225293604999165,0.18225293604999165,0.2923816171181862
Correa2015a_article_formula_project_bt,293639000.9489291,5.1000000000000005,0.4346861719633614,127640813.26163583,0.05328740816683394,-0.18225293604999165,0.18225293604999165,0.2923816171181862
Correa2015a_article_formula_project_bt,293639000.9489291,5.12,0.433180151289823,127198586.85564958,0.05328740816683394,-0.18225293604999165,0.18225293604999165,0.2923816171181862
Correa2015a_article_formula_project_bt,293639000.9489291,5.14,0.43167910273354226,126757820.45720747,0.05328740816683394,-0.18225293604999165,0.18225293604999165,0.2923816171181862
Correa2015a_article_formula_project_bt,293639000.9489291,5.16,0.4301830123630315,126318509.97548138,0.05328740816683394,-0.18225293604999165,0.18225293604999165,0.2923816171181862
Correa2015a_article_formula_project_bt,293639000.9489291,5.18,0.428691866254645,125880651.32194588,0.05328740816683394,-0.18225293604999165,0.18225293604999165,0.2923816171181862
Correa2015a_article_formula_project_bt,293639000.9489291,5.2,0.42720565049310416,125444240.41053247,0.05328740816683394,-0.18225293604999165,0.18225293604999165,0.2923816171181862
Correa2015a_article_formula_project_bt,293639000.9489291,5.22,0.42572435117201507,125009273.15778154,0.05328740816683394,-0.18225293604999165,0.18225293604999165,0.2923816171181862
Correa2015a_article_formula_project_bt,293639000.9489291,5.24,0.42424795439437224,124575745.4829903,0.05328740816683394,-0.18225293604999165,0.18225293604999165,0.2923816171181862
Correa2015a_article_formula_project_bt,293639000.9489291,5.26,0.422776446273055,124143653.30835846,0.05328740816683394,-0.18225293604999165,0.18225293604999165,0.2923816171181862
Correa2015a_article_formula_project_bt,293639000.9489291,5.28,0.42130981293131065,123712992.55913025,0.05328740816683394,-0.18225293604999165,0.18225293604999165,0.2923816171181862
Correa2015a_article_formula_project_bt,293639000.9489291,5.3,0.4198480405032312,123283759.16373432,0.05328740816683394,-0.18225293604999165,0.18225293604999165,0.2923816171181862
Correa2015a_article_formula_project_bt,293639000.9489291,5.32,0.4183911151342165,122855949.05391969,0.05328740816683394,-0.18225293604999165,0.18225293604999165,0.2923816171181862
Correa2015a_article_formula_project_bt,293639000.9489291,5.34,0.4169390229814314,122429558.16489008,0.05328740816683394,-0.18225293604999165,0.18225293604999165,0.2923816171181862
Correa2015a_article_formula_project_bt,293639000.9489291,5.36,0.4154917502142504,122004582.43543448,0.05328740816683394,-0.18225293604999165,0.18225293604999165,0.2923816171181862
Correa2015a_article_formula_project_bt,293639000.9489291,5.38,0.4140492830146955,121581017.80805558,0.05328740816683394,-0.18225293604999165,0.18225293604999165,0.2923816171181862
Correa2015a_article_formula_project_bt,293639000.9489291,5.4,0.41261160757786364,121158860.22909544,0.05328740816683394,-0.18225293604999165,0.18225293604999165,0.2923816171181862
Correa2015a_article_formula_project_bt,293639000.9489291,5.42,0.4111787101123456,120738105.64885847,0.05328740816683394,-0.18225293604999165,0.18225293604999165,0.2923816171181862
Correa2015a_article_formula_project_bt,293639000.9489291,5.44,0.40975057684063587,120318750.0217317,0.05328740816683394,-0.18225293604999165,0.18225293604999165,0.2923816171181862
Correa2015a_article_formula_project_bt,293639000.9489291,5.46,0.4083271939995353,119900789.3063031,0.05328740816683394,-0.18225293604999165,0.18225293604999165,0.2923816171181862
Correa2015a_article_formula_project_bt,293639000.9489291,5.48,0.4069085478405433,119484219.46547665,0.05328740816683394,-0.18225293604999165,0.18225293604999165,0.2923816171181862
Correa2015a_article_formula_project_bt,293639000.9489291,5.5,0.4054946246302433,119069036.46658565,0.05328740816683394,-0.18225293604999165,0.18225293604999165,0.2923816171181862
Correa2015a_article_formula_project_bt,293639000.9489291,5.5200000000000005,0.4040854106506798,118655236.28150336,0.05328740816683394,-0.18225293604999165,0.18225293604999165,0.2923816171181862
Correa2015a_article_formula_project_bt,293639000.9489291,5.54,0.40268089219972775,118242814.88675146,0.05328740816683394,-0.18225293604999165,0.18225293604999165,0.2923816171181862
Correa2015a_article_formula_project_bt,293639000.9489291,5.5600000000000005,0.40128105559145283,117831768.26360588,0.05328740816683394,-0.18225293604999165,0.18225293604999165,0.2923816171181862
Correa2015a_article_formula_project_bt,293639000.9489291,5.58,0.3998858871564661,117422092.3982009,0.05328740816683394,-0.18225293604999165,0.18225293604999165,0.2923816171181862
Correa2015a_article_formula_project_bt,293639000.9489291,5.6000000000000005,0.3984953732422695,117013783.28163062,0.05328740816683394,-0.18225293604999165,0.18225293604999165,0.2923816171181862
Correa2015a_article_formula_project_bt,293639000.9489291,5.62,0.397109500213595,116606836.91004856,0.05328740816683394,-0.18225293604999165,0.18225293604999165,0.2923816171181862
Correa2015a_article_formula_project_bt,293639000.9489291,5.64,0.39572825445273596,116201249.28476498,0.05328740816683394,-0.18225293604999165,0.18225293604999165,0.2923816171181862
Correa2015a_article_formula_project_bt,293639000.9489291,5.66,0.3943516223598719,115797016.41234215,0.05328740816683394,-0.18225293604999165,0.18225293604999165,0.2923816171181862
Correa2015a_article_formula_project_bt,293639000.9489291,5.68,0.39297959035338587,115394134.30468763,0.05328740816683394,-0.18225293604999165,0.18225293604999165,0.2923816171181862
Correa2015a_article_formula_project_bt,293639000.9489291,5.7,0.3916121448701748,114992598.97914541,0.05328740816683394,-0.18225293604999165,0.18225293604999165,0.2923816171181862
Correa2015a_article_formula_project_bt,293639000.9489291,5.72,0.39024927236595447,114592406.45858538,0.05328740816683394,-0.18225293604999165,0.18225293604999165,0.2923816171181862
Correa2015a_article_formula_project_bt,293639000.9489291,5.74,0.38889095931555595,114193552.77149047,0.05328740816683394,-0.18225293604999165,0.18225293604999165,0.2923816171181862
Correa2015a_article_formula_project_bt,293639000.9489291,5.76,0.38753719221321714,113796033.95204218,0.05328740816683394,-0.18225293604999165,0.18225293604999165,0.2923816171181862
Correa2015a_article_formula_project_bt,293639000.9489291,5.78,0.3861879575728672,113399846.04020414,0.05328740816683394,-0.18225293604999165,0.18225293604999165,0.2923816171181862
Correa2015a_article_formula_project_bt,293639000.9489291,5.8,0.38484324192840547,113004985.08180399,0.05328740816683394,-0.18225293604999165,0.18225293604999165,0.2923816171181862
Correa2015a_article_formula_project_bt,293639000.9489291,5.82,0.38350303183397266,112611447.12861307,0.05328740816683394,-0.18225293604999165,0.18225293604999165,0.2923816171181862
Correa2015a_article_formula_project_bt,293639000.9489291,5.84,0.3821673138642185,112219228.23842493,0.05328740816683394,-0.18225293604999165,0.18225293604999165,0.2923816171181862
Correa2015a_article_formula_project_bt,293639000.9489291,5.86,0.38083607461456126,111828324.47513157,0.05328740816683394,-0.18225293604999165,0.18225293604999165,0.2923816171181862
Correa2015a_article_formula_project_bt,293639000.9489291,5.88,0.37950930070144273,111438731.90879835,0.05328740816683394,-0.18225293604999165,0.18225293604999165,0.2923816171181862
Correa2015a_article_formula_project_bt,293639000.9489291,5.9,0.37818697876257723,111050446.61573704,0.05328740816683394,-0.18225293604999165,0.18225293604999165,0.2923816171181862
Correa2015a_article_formula_project_bt,293639000.9489291,5.92,0.37686909545719455,110663464.67857718,0.05328740816683394,-0.18225293604999165,0.18225293604999165,0.2923816171181862
Correa2015a_article_formula_project_bt,293639000.9489291,5.94,0.3755556374662785,110277782.18633622,0.05328740816683394,-0.18225293604999165,0.18225293604999165,0.2923816171181862
Correa2015a_article_formula_project_bt,293639000.9489291,5.96,0.3742465914927992,109893395.23448753,0.05328740816683394,-0.18225293604999165,0.18225293604999165,0.2923816171181862
Correa2015a_article_formula_project_bt,293639000.9489291,5.98,0.3729419442619398,109510299.92502719,0.05328740816683394,-0.18225293604999165,0.18225293604999165,0.2923816171181862
Correa2015a_article_formula_project_bt,293639000.9489291,6.0,0.37164168252131924,109128492.36653925,0.05328740816683394,-0.18225293604999165,0.18225293604999165,0.2923816171181862
Correa2015a_article_formula_project_bt,293639000.9489291,6.0200000000000005,0.37034579304120896,108747968.67425945,0.05328740816683394,-0.18225293604999165,0.18225293604999165,0.2923816171181862
Correa2015a_article_formula_project_bt,293639000.9489291,6.04,0.36905426261474483,108368724.97013737,0.05328740816683394,-0.18225293604999165,0.18225293604999165,0.2923816171181862
Correa2015a_article_formula_project_bt,293639000.9489291,6.0600000000000005,0.36776707805813397,107990757.38289727,0.05328740816683394,-0.18225293604999165,0.18225293604999165,0.2923816171181862
Correa2015a_article_formula_project_bt,293639000.9489291,6.08,0.36648422621085747,107614062.0480975,0.05328740816683394,-0.18225293604999165,0.18225293604999165,0.2923816171181862
Correa2015a_article_formula_project_bt,293639000.9489291,6.1000000000000005,0.3652056939358673,107238635.10818845,0.05328740816683394,-0.18225293604999165,0.18225293604999165,0.2923816171181862
Correa2015a_article_formula_project_bt,293639000.9489291,6.12,0.3639314681197798,106864472.71256916,0.05328740816683394,-0.18225293604999165,0.18225293604999165,0.2923816171181862
Correa2015a_article_formula_project_bt,293639000.9489291,6.140000000000001,0.362661535673063,106491571.01764262,0.05328740816683394,-0.18225293604999165,0.18225293604999165,0.2923816171181862
Correa2015a_article_formula_project_bt,293639000.9489291,6.16,0.3613958835302212,106119926.18686968,0.05328740816683394,-0.18225293604999165,0.18225293604999165,0.2923816171181862
Correa2015a_article_formula_project_bt,293639000.9489291,6.18,0.3601344986499737,105749534.39082173,0.05328740816683394,-0.18225293604999165,0.18225293604999165,0.2923816171181862
Correa2015a_article_formula_project_bt,293639000.9489291,6.2,0.3588773680154304,105380391.80723214,0.05328740816683394,-0.18225293604999165,0.18225293604999165,0.2923816171181862
Correa2015a_article_formula_project_bt,293639000.9489291,6.22,0.357624478634262,105012494.62104632,0.05328740816683394,-0.18225293604999165,0.18225293604999165,0.2923816171181862
Correa2015a_article_formula_project_bt,293639000.9489291,6.24,0.3563758175388666,104645839.02447063,0.05328740816683394,-0.18225293604999165,0.18225293604999165,0.2923816171181862
Correa2015a_article_formula_project_bt,293639000.9489291,6.26,0.35513137178653253,104280421.21702011,0.05328740816683394,-0.18225293604999165,0.18225293604999165,0.2923816171181862
Correa2015a_article_formula_project_bt,293639000.9489291,6.28,0.35389112845959625,103916237.40556496,0.05328740816683394,-0.18225293604999165,0.18225293604999165,0.2923816171181862
Correa2015a_article_formula_project_bt,293639000.9489291,6.3,0.35265507466559726,103553283.80437596,0.05328740816683394,-0.18225293604999165,0.18225293604999165,0.2923816171181862
Correa2015a_article_formula_project_bt,293639000.9489291,6.32,0.35142319753742796,103191556.6351685,0.05328740816683394,-0.18225293604999165,0.18225293604999165,0.2923816171181862
Correa2015a_article_formula_project_bt,293639000.9489291,6.34,0.3501954842334813,102831052.12714589,0.05328740816683394,-0.18225293604999165,0.18225293604999165,0.2923816171181862
Correa2015a_article_formula_project_bt,293639000.9489291,6.36,0.34897192193779264,102471766.5170411,0.05328740816683394,-0.18225293604999165,0.18225293604999165,0.2923816171181862
Correa2015a_article_formula_project_bt,293639000.9489291,6.38,0.34775249786018,102113696.04915784,0.05328740816683394,-0.18225293604999165,0.18225293604999165,0.2923816171181862
Correa2015a_article_formula_project_bt,293639000.9489291,6.4,0.3465371992363786,101756836.9754102,0.05328740816683394,-0.18225293604999165,0.18225293604999165,0.2923816171181862
Correa2015a_article_formula_project_bt,293639000.9489291,6.42,0.3453260133281741,101401185.5553616,0.05328740816683394,-0.18225293604999165,0.18225293604999165,0.2923816171181862
Correa2015a_article_formula_project_bt,293639000.9489291,6.44,0.34411892742353,101046738.05626239,0.05328740816683394,-0.18225293604999165,0.18225293604999165,0.2923816171181862
Correa2015a_article_formula_project_bt,293639000.9489291,6.46,0.3429159288367137,100693490.75308666,0.05328740816683394,-0.18225293604999165,0.18225293604999165,0.2923816171181862
Correa2015a_article_formula_project_bt,293639000.9489291,6.48,0.34171700490841694,100341439.92856784,0.05328740816683394,-0.18225293604999165,0.18225293604999165,0.2923816171181862
Correa2015a_article_formula_project_bt,293639000.9489291,6.5,0.34052214300587585,99990581.87323374,0.05328740816683394,-0.18225293604999165,0.18225293604999165,0.2923816171181862
Correa2015a_article_formula_project_bt,293639000.9489291,6.5200000000000005,0.33933133052298425,99640912.88543993,0.05328740816683394,-0.18225293604999165,0.18225293604999165,0.2923816171181862
Correa2015a_article_formula_project_bt,293639000.9489291,6.54,0.338144554880407,99292429.27140303,0.05328740816683394,-0.18225293604999165,0.18225293604999165,0.2923816171181862
Correa2015a_article_formula_project_bt,293639000.9489291,6.5600000000000005,0.3369618035256877,98945127.34523226,0.05328740816683394,-0.18225293604999165,0.18225293604999165,0.2923816171181862
Correa2015a_article_formula_project_bt,293639000.9489291,6.58,0.3357830639333551,98599003.42896077,0.05328740816683394,-0.18225293604999165,0.18225293604999165,0.2923816171181862
Correa2015a_article_formula_project_bt,293639000.9489291,6.6000000000000005,0.3346083236050249,98254053.85257548,0.05328740816683394,-0.18225293604999165,0.18225293604999165,0.2923816171181862
Correa2015a_article_formula_project_bt,293639000.9489291,6.62,0.3334375700694998,97910274.95404646,0.05328740816683394,-0.18225293604999165,0.18225293604999165,0.2923816171181862
Correa2015a_article_formula_project_bt,293639000.9489291,6.640000000000001,0.3322707908828662,97567663.07935536,0.05328740816683394,-0.18225293604999165,0.18225293604999165,0.2923816171181862
Correa2015a_article_formula_project_bt,293639000.9489291,6.66,0.3311079736285876,97226214.58252282,0.05328740816683394,-0.18225293604999165,0.18225293604999165,0.2923816171181862
Correa2015a_article_formula_project_bt,293639000.9489291,6.68,0.3299491059175956,96885925.82563515,0.05328740816683394,-0.18225293604999165,0.18225293604999165,0.2923816171181862
Correa2015a_article_formula_project_bt,293639000.9489291,6.7,0.32879417538837796,96546793.17887026,0.05328740816683394,-0.18225293604999165,0.18225293604999165,0.2923816171181862
Correa2015a_article_formula_project_bt,293639000.9489291,6.72,0.3276431697070643,96208813.02052279,0.05328740816683394,-0.18225293604999165,0.18225293604999165,0.2923816171181862
Correa2015a_article_formula_project_bt,293639000.9489291,6.74,0.32649607656750823,95871981.73702817,0.05328740816683394,-0.18225293604999165,0.18225293604999165,0.2923816171181862
Correa2015a_article_formula_project_bt,293639000.9489291,6.76,0.3253528836913675,95536295.72298627,0.05328740816683394,-0.18225293604999165,0.18225293604999165,0.2923816171181862
Correa2015a_article_formula_project_bt,293639000.9489291,6.78,0.32421357882818136,95201751.38118404,0.05328740816683394,-0.18225293604999165,0.18225293604999165,0.2923816171181862
Correa2015a_article_formula_project_bt,293639000.9489291,6.8,0.3230781497554459,94868345.12261763,0.05328740816683394,-0.18225293604999165,0.18225293604999165,0.2923816171181862
Correa2015a_article_formula_project_bt,293639000.9489291,6.82,0.3219465842786854,94536073.36651337,0.05328740816683394,-0.18225293604999165,0.18225293604999165,0.2923816171181862
Correa2015a_article_formula_project_bt,293639000.9489291,6.84,0.3208188702315229,94204932.5403485,0.05328740816683394,-0.18225293604999165,0.18225293604999165,0.2923816171181862
Correa2015a_article_formula_project_bt,293639000.9489291,6.86,0.3196949954757472,93874919.0798708,0.05328740816683394,-0.18225293604999165,0.18225293604999165,0.2923816171181862
Correa2015a_article_formula_project_bt,293639000.9489291,6.88,0.31857494790137836,93546029.42911787,0.05328740816683394,-0.18225293604999165,0.18225293604999165,0.2923816171181862
Correa2015a_article_formula_project_bt,293639000.9489291,6.9,0.31745871542672943,93218260.04043521,0.05328740816683394,-0.18225293604999165,0.18225293604999165,0.2923816171181862
Correa2015a_article_formula_project_bt,293639000.9489291,6.92,0.3163462859984677,92891607.37449424,0.05328740816683394,-0.18225293604999165,0.18225293604999165,0.2923816171181862
Correa2015a_article_formula_project_bt,293639000.9489291,6.94,0.3152376475916723,92566067.90030922,0.05328740816683394,-0.18225293604999165,0.18225293604999165,0.2923816171181862
Correa2015a_article_formula_project_bt,293639000.9489291,6.96,0.3141327882098902,92241638.09525369,0.05328740816683394,-0.18225293604999165,0.18225293604999165,0.2923816171181862
Correa2015a_article_formula_project_bt,293639000.9489291,6.98,0.31303169588518975,91918314.44507611,0.05328740816683394,-0.18225293604999165,0.18225293604999165,0.2923816171181862
Correa2015a_article_formula_project_bt,293639000.9489291,7.0,0.31193435867821223,91596093.44391514,0.05328740816683394,-0.18225293604999165,0.18225293604999165,0.2923816171181862
Correa2015a_article_formula_project_bt,293639000.9489291,7.0200000000000005,0.31084076467822114,91274971.59431401,0.05328740816683394,-0.18225293604999165,0.18225293604999165,0.2923816171181862
Correa2015a_article_formula_project_bt,293639000.9489291,7.04,0.30975090200314964,90954945.40723449,0.05328740816683394,-0.18225293604999165,0.18225293604999165,0.2923816171181862
Correa2015a_article_formula_project_bt,293639000.9489291,7.0600000000000005,0.30866475879964556,90636011.40207009,0.05328740816683394,-0.18225293604999165,0.18225293604999165,0.2923816171181862
Correa2015a_article_formula_project_bt,293639000.9489291,7.08,0.30758232324311474,90318166.10665877,0.05328740816683394,-0.18225293604999165,0.18225293604999165,0.2923816171181862
Correa2015a_article_formula_project_bt,293639000.9489291,7.1000000000000005,0.30650358353776247,90001406.05729519,0.05328740816683394,-0.18225293604999165,0.18225293604999165,0.2923816171181862
Correa2015a_article_formula_project_bt,293639000.9489291,7.12,0.3054285279166324,89685727.79874203,0.05328740816683394,-0.18225293604999165,0.18225293604999165,0.2923816171181862
Correa2015a_article_formula_project_bt,293639000.9489291,7.140000000000001,0.30435714464164426,89371127.88424112,0.05328740816683394,-0.18225293604999165,0.18225293604999165,0.2923816171181862
Correa2015a_article_formula_project_bt,293639000.9489291,7.16,0.3032894220036293,89057602.87552385,0.05328740816683394,-0.18225293604999165,0.18225293604999165,0.2923816171181862
Correa2015a_article_formula_project_bt,293639000.9489291,7.18,0.30222534832236375,88745149.34282099,0.05328740816683394,-0.18225293604999165,0.18225293604999165,0.2923816171181862
Correa2015a_article_formula_project_bt,293639000.9489291,7.2,0.3011649119466008,88433763.86487205,0.05328740816683394,-0.18225293604999165,0.18225293604999165,0.2923816171181862
Correa2015a_article_formula_project_bt,293639000.9489291,7.22,0.3001081012541012,88123443.02893433,0.05328740816683394,-0.18225293604999165,0.18225293604999165,0.2923816171181862
Correa2015a_article_formula_project_bt,293639000.9489291,7.24,0.2990549046516604,87814183.4307908,0.05328740816683394,-0.18225293604999165,0.18225293604999165,0.2923816171181862
Correa2015a_article_formula_project_bt,293639000.9489291,7.26,0.2980053105751364,87505981.67475837,0.05328740816683394,-0.18225293604999165,0.18225293604999165,0.2923816171181862
Correa2015a_article_formula_project_bt,293639000.9489291,7.28,0.29695930748947386,87198834.37369493,0.05328740816683394,-0.18225293604999165,0.18225293604999165,0.2923816171181862
Correa2015a_article_formula_project_bt,293639000.9489291,7.3,0.2959168838887277,86892738.14900625,0.05328740816683394,-0.18225293604999165,0.18225293604999165,0.2923816171181862
Correa2015a_article_formula_project_bt,293639000.9489291,7.32,0.2948780282960844,86587689.63065226,0.05328740816683394,-0.18225293604999165,0.18225293604999165,0.2923816171181862
Correa2015a_article_formula_project_bt,293639000.9489291,7.34,0.29384272926388244,86283685.45715308,0.05328740816683394,-0.18225293604999165,0.18225293604999165,0.2923816171181862
Correa2015a_article_formula_project_bt,293639000.9489291,7.36,0.2928109753736303,85980722.27559428,0.05328740816683394,-0.18225293604999165,0.18225293604999165,0.2923816171181862
Correa2015a_article_formula_project_bt,293639000.9489291,7.38,0.2917827552360238,85678796.74163194,0.05328740816683394,-0.18225293604999165,0.18225293604999165,0.2923816171181862
Correa2015a_article_formula_project_bt,293639000.9489291,7.4,0.2907580574909607,85377905.51949698,0.05328740816683394,-0.18225293604999165,0.18225293604999165,0.2923816171181862
Correa2015a_article_formula_project_bt,293639000.9489291,7.42,0.2897368708075553,85078045.28199947,0.05328740816683394,-0.18225293604999165,0.18225293604999165,0.2923816171181862
Correa2015a_article_formula_project_bt,293639000.9489291,7.44,0.28871918388415063,84779212.71053213,0.05328740816683394,-0.18225293604999165,0.18225293604999165,0.2923816171181862
Correa2015a_article_formula_project_bt,293639000.9489291,7.46,0.287704985448329,84481404.49507351,0.05328740816683394,-0.18225293604999165,0.18225293604999165,0.2923816171181862
Correa2015a_article_formula_project_bt,293639000.9489291,7.48,0.2866942642569218,84184617.33419079,0.05328740816683394,-0.18225293604999165,0.18225293604999165,0.2923816171181862
Correa2015a_article_formula_project_bt,293639000.9489291,7.5,0.28568700909601774,83888847.93504226,0.05328740816683394,-0.18225293604999165,0.18225293604999165,0.2923816171181862
Correa2015a_article_formula_project_bt,293639000.9489291,7.5200000000000005,0.28468320878096925,83594093.0133792,0.05328740816683394,-0.18225293604999165,0.18225293604999165,0.2923816171181862
Correa2015a_article_formula_project_bt,293639000.9489291,7.54,0.2836828521563981,83300349.29354748,0.05328740816683394,-0.18225293604999165,0.18225293604999165,0.2923816171181862
Correa2015a_article_formula_project_bt,293639000.9489291,7.5600000000000005,0.2826859280961992,83007613.50848873,0.05328740816683394,-0.18225293604999165,0.18225293604999165,0.2923816171181862
Correa2015a_article_formula_project_bt,293639000.9489291,7.58,0.2816924255035439,82715882.39974126,0.05328740816683394,-0.18225293604999165,0.18225293604999165,0.2923816171181862
Correa2015a_article_formula_project_bt,293639000.9489291,7.6000000000000005,0.28070233331088057,82425152.71744026,0.05328740816683394,-0.18225293604999165,0.18225293604999165,0.2923816171181862
Correa2015a_article_formula_project_bt,293639000.9489291,7.62,0.27971564047993563,82135421.22031812,0.05328740816683394,-0.18225293604999165,0.18225293604999165,0.2923816171181862
Correa2015a_article_formula_project_bt,293639000.9489291,7.640000000000001,0.27873233600171204,81846684.67570394,0.05328740816683394,-0.18225293604999165,0.18225293604999165,0.2923816171181862
Correa2015a_article_formula_project_bt,293639000.9489291,7.66,0.27775240889648733,81558939.85952298,0.05328740816683394,-0.18225293604999165,0.18225293604999165,0.2923816171181862
Correa2015a_article_formula_project_bt,293639000.9489291,7.68,0.27677584821380985,81272183.55629556,0.05328740816683394,-0.18225293604999165,0.18225293604999165,0.2923816171181862
Correa2015a_article_formula_project_bt,293639000.9489291,7.7,0.2758026430324945,80986412.55913581,0.05328740816683394,-0.18225293604999165,0.18225293604999165,0.2923816171181862
Correa2015a_article_formula_project_bt,293639000.9489291,7.72,0.2748327824606169,80701623.6697499,0.05328740816683394,-0.18225293604999165,0.18225293604999165,0.2923816171181862
Correa2015a_article_formula_project_bt,293639000.9489291,7.74,0.2738662556355058,80417813.69843395,0.05328740816683394,-0.18225293604999165,0.18225293604999165,0.2923816171181862
Correa2015a_article_formula_project_bt,293639000.9489291,7.76,0.27290305172373647,80134979.46407188,0.05328740816683394,-0.18225293604999165,0.18225293604999165,0.2923816171181862
Correa2015a_article_formula_project_bt,293639000.9489291,7.78,0.2719431599211201,79853117.79413256,0.05328740816683394,-0.18225293604999165,0.18225293604999165,0.2923816171181862
Correa2015a_article_formula_project_bt,293639000.9489291,7.8,0.2709865694526946,79572225.52466683,0.05328740816683394,-0.18225293604999165,0.18225293604999165,0.2923816171181862
Correa2015a_article_formula_project_bt,293639000.9489291,7.82,0.27003326957271295,79292299.50030428,0.05328740816683394,-0.18225293604999165,0.18225293604999165,0.2923816171181862
Correa2015a_article_formula_project_bt,293639000.9489291,7.84,0.26908324956463103,79013336.57424961,0.05328740816683394,-0.18225293604999165,0.18225293604999165,0.2923816171181862
Correa2015a_article_formula_project_bt,293639000.9489291,7.86,0.268136498741094,78735333.60827863,0.05328740816683394,-0.18225293604999165,0.18225293604999165,0.2923816171181862
Correa2015a_article_formula_project_bt,293639000.9489291,7.88,0.26719300644392296,78458287.4727343,0.05328740816683394,-0.18225293604999165,0.18225293604999165,0.2923816171181862
Correa2015a_article_formula_project_bt,293639000.9489291,7.9,0.2662527620440983,78182195.04652198,0.05328740816683394,-0.18225293604999165,0.18225293604999165,0.2923816171181862
Correa2015a_article_formula_project_bt,293639000.9489291,7.92,0.2653157549417446,77907053.21710478,0.05328740816683394,-0.18225293604999165,0.18225293604999165,0.2923816171181862
Correa2015a_article_formula_project_bt,293639000.9489291,7.94,0.2643819745661127,77632858.8804985,0.05328740816683394,-0.18225293604999165,0.18225293604999165,0.2923816171181862
Correa2015a_article_formula_project_bt,293639000.9489291,7.96,0.263451410375562,77359608.94126636,0.05328740816683394,-0.18225293604999165,0.18225293604999165,0.2923816171181862
Correa2015a_article_formula_project_bt,293639000.9489291,7.98,0.2625240518575412,77087300.31251325,0.05328740816683394,-0.18225293604999165,0.18225293604999165,0.2923816171181862
Correa2015a_article_formula_project_bt,293639000.9489291,8.0,0.2615998885285685,76815929.91588007,0.05328740816683394,-0.18225293604999165,0.18225293604999165,0.2923816171181862
Correa2015a_article_formula_project_bt,978689920.0916836,0.0,1.0,978689920.0916836,0.06236206055345314,-0.21328995019630528,0.21328995019630528,0.2923816171181862
Correa2015a_article_formula_project_bt,978689920.0916836,0.02,0.9969737220772673,975728132.3933091,0.06236206055345314,-0.21328995019630528,0.21328995019630528,0.2923816171181862
Correa2015a_article_formula_project_bt,978689920.0916836,0.04,0.9939327669273758,972751980.2406594,0.06236206055345314,-0.21328995019630528,0.21328995019630528,0.2923816171181862
Correa2015a_article_formula_project_bt,978689920.0916836,0.06,0.9908782302477076,969762535.9817178,0.06236206055345314,-0.21328995019630528,0.21328995019630528,0.2923816171181862
Correa2015a_article_formula_project_bt,978689920.0916836,0.08,0.9878111463659803,966760811.9025956,0.06236206055345314,-0.21328995019630528,0.21328995019630528,0.2923816171181862
Correa2015a_article_formula_project_bt,978689920.0916836,0.1,0.9847324925963729,963747764.4908286,0.06236206055345314,-0.21328995019630528,0.21328995019630528,0.2923816171181862
Correa2015a_article_formula_project_bt,978689920.0916836,0.12,0.9816431932128091,960724298.3239893,0.06236206055345314,-0.21328995019630528,0.21328995019630528,0.2923816171181862
Correa2015a_article_formula_project_bt,978689920.0916836,0.14,0.9785441230793192,957691269.6226854,0.06236206055345314,-0.21328995019630528,0.21328995019630528,0.2923816171181862
Correa2015a_article_formula_project_bt,978689920.0916836,0.16,0.9754361109726101,954649489.5023264,0.06236206055345314,-0.21328995019630528,0.21328995019630528,0.2923816171181862
Correa2015a_article_formula_project_bt,978689920.0916836,0.18,0.9723199426278383,951599726.9539895,0.06236206055345314,-0.21328995019630528,0.21328995019630528,0.2923816171181862
Correa2015a_article_formula_project_bt,978689920.0916836,0.2,0.9691963635349747,948542711.5811948,0.06236206055345314,-0.21328995019630528,0.21328995019630528,0.2923816171181862
Correa2015a_article_formula_project_bt,978689920.0916836,0.22,0.9660660815100313,945479136.1163384,0.06236206055345314,-0.21328995019630528,0.21328995019630528,0.2923816171181862
Correa2015a_article_formula_project_bt,978689920.0916836,0.24,0.9629297690627014,942409658.7378787,0.06236206055345314,-0.21328995019630528,0.21328995019630528,0.2923816171181862
Correa2015a_article_formula_project_bt,978689920.0916836,0.26,0.9597880655795824,939334905.2070332,0.06236206055345314,-0.21328995019630528,0.21328995019630528,0.2923816171181862
Correa2015a_article_formula_project_bt,978689920.0916836,0.28,0.9566415793400654,936255470.8407106,0.06236206055345314,-0.21328995019630528,0.21328995019630528,0.2923816171181862
Correa2015a_article_formula_project_bt,978689920.0916836,0.3,0.9534908893801607,933171922.3356178,0.06236206055345314,-0.21328995019630528,0.21328995019630528,0.2923816171181862
Correa2015a_article_formula_project_bt,978689920.0916836,0.32,0.9503365472179056,930084799.4568986,0.06236206055345314,-0.21328995019630528,0.21328995019630528,0.2923816171181862
Correa2015a_article_formula_project_bt,978689920.0916836,0.34,0.9471790784526013,926994616.6032909,0.06236206055345314,-0.21328995019630528,0.21328995019630528,0.2923816171181862
Correa2015a_article_formula_project_bt,978689920.0916836,0.36,0.9440189842488665,923901864.2595556,0.06236206055345314,-0.21328995019630528,0.21328995019630528,0.2923816171181862
Correa2015a_article_formula_project_bt,978689920.0916836,0.38,0.9408567427153866,920807010.3458434,0.06236206055345314,-0.21328995019630528,0.21328995019630528,0.2923816171181862
Correa2015a_article_formula_project_bt,978689920.0916836,0.4,0.9376928101872741,917710501.4727296,0.06236206055345314,-0.21328995019630528,0.21328995019630528,0.2923816171181862
Correa2015a_article_formula_project_bt,978689920.0916836,0.42,0.9345276224200629,914612764.1097624,0.06236206055345314,-0.21328995019630528,0.21328995019630528,0.2923816171181862
Correa2015a_article_formula_project_bt,978689920.0916836,0.44,0.931361595702603,911514205.6746435,0.06236206055345314,-0.21328995019630528,0.21328995019630528,0.2923816171181862
Correa2015a_article_formula_project_bt,978689920.0916836,0.46,0.9281951278954238,908415215.5494624,0.06236206055345314,-0.21328995019630528,0.21328995019630528,0.2923816171181862
Correa2015a_article_formula_project_bt,978689920.0916836,0.48,0.9250285994005231,905316166.02982,0.06236206055345314,-0.21328995019630528,0.21328995019630528,0.2923816171181862
Correa2015a_article_formula_project_bt,978689920.0916836,0.5,0.9218623740679823,902217413.2121234,0.06236206055345314,-0.21328995019630528,0.21328995019630528,0.2923816171181862
Correa2015a_article_formula_project_bt,978689920.0916836,0.52,0.9186968000443224,899119297.8238634,0.06236206055345314,-0.21328995019630528,0.21328995019630528,0.2923816171181862
Correa2015a_article_formula_project_bt,978689920.0916836,0.54,0.915532210567069,896022146.0012473,0.06236206055345314,-0.21328995019630528,0.21328995019630528,0.2923816171181862
Correa2015a_article_formula_project_bt,978689920.0916836,0.56,0.9123689247096003,892926270.018174,0.06236206055345314,-0.21328995019630528,0.21328995019630528,0.2923816171181862
Correa2015a_article_formula_project_bt,978689920.0916836,0.58,0.9092072480799924,889831968.9701873,0.06236206055345314,-0.21328995019630528,0.21328995019630528,0.2923816171181862
Correa2015a_article_formula_project_bt,978689920.0916836,0.6,0.9060474734772558,886739529.4167273,0.06236206055345314,-0.21328995019630528,0.21328995019630528,0.2923816171181862
Correa2015a_article_formula_project_bt,978689920.0916836,0.62,0.9028898815080684,883649225.9847212,0.06236206055345314,-0.21328995019630528,0.21328995019630528,0.2923816171181862
Correa2015a_article_formula_project_bt,978689920.0916836,0.64,0.8997347411668465,880561321.9362926,0.06236206055345314,-0.21328995019630528,0.21328995019630528,0.2923816171181862
Correa2015a_article_formula_project_bt,978689920.0916836,0.66,0.8965823103817567,877476069.7031386,0.06236206055345314,-0.21328995019630528,0.21328995019630528,0.2923816171181862
Correa2015a_article_formula_project_bt,978689920.0916836,0.68,0.8934328365290644,874393711.3899162,0.06236206055345314,-0.21328995019630528,0.21328995019630528,0.2923816171181862
Correa2015a_article_formula_project_bt,978689920.0916836,0.7000000000000001,0.8902865569180065,871314479.248784,0.06236206055345314,-0.21328995019630528,0.21328995019630528,0.2923816171181862
Correa2015a_article_formula_project_bt,978689920.0916836,0.72,0.8871436992482183,868238596.1270794,0.06236206055345314,-0.21328995019630528,0.21328995019630528,0.2923816171181862
Correa2015a_article_formula_project_bt,978689920.0916836,0.74,0.8840044820415636,865166275.889948,0.06236206055345314,-0.21328995019630528,0.21328995019630528,0.2923816171181862
Correa2015a_article_formula_project_bt,978689920.0916836,0.76,0.880869115050087,862097723.8196018,0.06236206055345314,-0.21328995019630528,0.21328995019630528,0.2923816171181862
Correa2015a_article_formula_project_bt,978689920.0916836,0.78,0.8777377996416655,859033136.9927518,0.06236206055345314,-0.21328995019630528,0.21328995019630528,0.2923816171181862
Correa2015a_article_formula_project_bt,978689920.0916836,0.8,0.8746107291648199,855972704.6376467,0.06236206055345314,-0.21328995019630528,0.21328995019630528,0.2923816171181862
Correa2015a_article_formula_project_bt,978689920.0916836,0.8200000000000001,0.8714880892940319,852916608.47203,0.06236206055345314,-0.21328995019630528,0.21328995019630528,0.2923816171181862
Correa2015a_article_formula_project_bt,978689920.0916836,0.84,0.8683700583568151,849865023.023242,0.06236206055345314,-0.21328995019630528,0.21328995019630528,0.2923816171181862
Correa2015a_article_formula_project_bt,978689920.0916836,0.86,0.8652568076436926,846818115.9315908,0.06236206055345314,-0.21328995019630528,0.21328995019630528,0.2923816171181862
Correa2015a_article_formula_project_bt,978689920.0916836,0.88,0.8621485017021524,843776048.2380443,0.06236206055345314,-0.21328995019630528,0.21328995019630528,0.2923816171181862
Correa2015a_article_formula_project_bt,978689920.0916836,0.9,0.8590452986155692,840738974.657208,0.06236206055345314,-0.21328995019630528,0.21328995019630528,0.2923816171181862
Correa2015a_article_formula_project_bt,978689920.0916836,0.92,0.8559473502680172,837707043.8364941,0.06236206055345314,-0.21328995019630528,0.21328995019630528,0.2923816171181862
Correa2015a_article_formula_project_bt,978689920.0916836,0.9400000000000001,0.8528548025958244,834680398.6023159,0.06236206055345314,-0.21328995019630528,0.21328995019630528,0.2923816171181862
Correa2015a_article_formula_project_bt,978689920.0916836,0.96,0.849767795826667,831659176.1940868,0.06236206055345314,-0.21328995019630528,0.21328995019630528,0.2923816171181862
Correa2015a_article_formula_project_bt,978689920.0916836,0.98,0.846686464706938,828643508.4867432,0.06236206055345314,-0.21328995019630528,0.21328995019630528,0.2923816171181862
Correa2015a_article_formula_project_bt,978689920.0916836,1.0,0.8436109387180862,825633522.202474,0.06236206055345314,-0.21328995019630528,0.21328995019630528,0.2923816171181862
Correa2015a_article_formula_project_bt,978689920.0916836,1.02,0.8405413422825586,822629339.1122738,0.06236206055345314,-0.21328995019630528,0.21328995019630528,0.2923816171181862
Correa2015a_article_formula_project_bt,978689920.0916836,1.04,0.8374777949599498,819631076.2279127,0.06236206055345314,-0.21328995019630528,0.21328995019630528,0.2923816171181862
Correa2015a_article_formula_project_bt,978689920.0916836,1.06,0.8344204116339131,816638845.9848642,0.06236206055345314,-0.21328995019630528,0.21328995019630528,0.2923816171181862
Correa2015a_article_formula_project_bt,978689920.0916836,1.08,0.8313693026903587,813652756.4167058,0.06236206055345314,-0.21328995019630528,0.21328995019630528,0.2923816171181862
Correa2015a_article_formula_project_bt,978689920.0916836,1.1,0.8283245741874189,810672911.3214629,0.06236206055345314,-0.21328995019630528,0.21328995019630528,0.2923816171181862
Correa2015a_article_formula_project_bt,978689920.0916836,1.12,0.8252863280176431,807699410.4203461,0.06236206055345314,-0.21328995019630528,0.21328995019630528,0.2923816171181862
Correa2015a_article_formula_project_bt,978689920.0916836,1.1400000000000001,0.8222546620628425,804732349.5092976,0.06236206055345314,-0.21328995019630528,0.21328995019630528,0.2923816171181862
Correa2015a_article_formula_project_bt,978689920.0916836,1.16,0.8192296703419865,801771820.6037351,0.06236206055345314,-0.21328995019630528,0.21328995019630528,0.2923816171181862
Correa2015a_article_formula_project_bt,978689920.0916836,1.18,0.8162114431525241,798817912.0768616,0.06236206055345314,-0.21328995019630528,0.21328995019630528,0.2923816171181862
Correa2015a_article_formula_project_bt,978689920.0916836,1.2,0.8132000672054785,795870708.7918816,0.06236206055345314,-0.21328995019630528,0.21328995019630528,0.2923816171181862
Correa2015a_article_formula_project_bt,978689920.0916836,1.22,0.8101956257546463,792930292.2284464,0.06236206055345314,-0.21328995019630528,0.21328995019630528,0.2923816171181862
Correa2015a_article_formula_project_bt,978689920.0916836,1.24,0.8071981987202058,789996740.6036292,0.06236206055345314,-0.21328995019630528,0.21328995019630528,0.2923816171181862
Correa2015a_article_formula_project_bt,978689920.0916836,1.26,0.8042078628070294,787070128.9877152,0.06236206055345314,-0.21328995019630528,0.21328995019630528,0.2923816171181862
Correa2015a_article_formula_project_bt,978689920.0916836,1.28,0.8012246916179648,784150529.4150698,0.06236206055345314,-0.21328995019630528,0.21328995019630528,0.2923816171181862
Correa2015a_article_formula_project_bt,978689920.0916836,1.3,0.7982487557623497,781238010.9903399,0.06236206055345314,-0.21328995019630528,0.21328995019630528,0.2923816171181862
Correa2015a_article_formula_project_bt,978689920.0916836,1.32,0.7952801229599907,778332639.9902177,0.06236206055345314,-0.21328995019630528,0.21328995019630528,0.2923816171181862
Correa2015a_article_formula_project_bt,978689920.0916836,1.34,0.7923188581408429,775434479.9609956,0.06236206055345314,-0.21328995019630528,0.21328995019630528,0.2923816171181862
Correa2015a_article_formula_project_bt,978689920.0916836,1.36,0.7893650235405942,772543591.8121141,0.06236206055345314,-0.21328995019630528,0.21328995019630528,0.2923816171181862
Correa2015a_article_formula_project_bt,978689920.0916836,1.3800000000000001,0.7864186787923627,769660033.9059049,0.06236206055345314,-0.21328995019630528,0.21328995019630528,0.2923816171181862
Correa2015a_article_formula_project_bt,978689920.0916836,1.4000000000000001,0.7834798810146927,766783862.1437113,0.06236206055345314,-0.21328995019630528,0.21328995019630528,0.2923816171181862
Correa2015a_article_formula_project_bt,978689920.0916836,1.42,0.7805486848960287,763915130.048563,0.06236206055345314,-0.21328995019630528,0.21328995019630528,0.2923816171181862
Correa2015a_article_formula_project_bt,978689920.0916836,1.44,0.777625142775836,761053888.8445671,0.06236206055345314,-0.21328995019630528,0.21328995019630528,0.2923816171181862
Correa2015a_article_formula_project_bt,978689920.0916836,1.46,0.7747093047225291,758200187.5331757,0.06236206055345314,-0.21328995019630528,0.21328995019630528,0.2923816171181862
Correa2015a_article_formula_project_bt,978689920.0916836,1.48,0.7718012186083542,755354072.9664742,0.06236206055345314,-0.21328995019630528,0.21328995019630528,0.2923816171181862
Correa2015a_article_formula_project_bt,978689920.0916836,1.5,0.7689009301813727,752515589.9176289,0.06236206055345314,-0.21328995019630528,0.21328995019630528,0.2923816171181862
Correa2015a_article_formula_project_bt,978689920.0916836,1.52,0.7660084831346765,749684781.1486284,0.06236206055345314,-0.21328995019630528,0.21328995019630528,0.2923816171181862
Correa2015a_article_formula_project_bt,978689920.0916836,1.54,0.7631239191729637,746861687.4754403,0.06236206055345314,-0.21328995019630528,0.21328995019630528,0.2923816171181862
Correa2015a_article_formula_project_bt,978689920.0916836,1.56,0.7602472780765955,744046347.8307033,0.06236206055345314,-0.21328995019630528,0.21328995019630528,0.2923816171181862
Correa2015a_article_formula_project_bt,978689920.0916836,1.58,0.7573785977632473,741238799.3240639,0.06236206055345314,-0.21328995019630528,0.21328995019630528,0.2923816171181862
Correa2015a_article_formula_project_bt,978689920.0916836,1.6,0.7545179143472626,738439077.3002661,0.06236206055345314,-0.21328995019630528,0.21328995019630528,0.2923816171181862
Correa2015a_article_formula_project_bt,978689920.0916836,1.62,0.7516652621968104,735647215.3950908,0.06236206055345314,-0.21328995019630528,0.21328995019630528,0.2923816171181862
Correa2015a_article_formula_project_bt,978689920.0916836,1.6400000000000001,0.748820673988947,732863245.5892433,0.06236206055345314,-0.21328995019630528,0.21328995019630528,0.2923816171181862
Correa2015a_article_formula_project_bt,978689920.0916836,1.6600000000000001,0.7459841807626684,730087198.260276,0.06236206055345314,-0.21328995019630528,0.21328995019630528,0.2923816171181862
Correa2015a_article_formula_project_bt,978689920.0916836,1.68,0.743155811970046,727319102.2326345,0.06236206055345314,-0.21328995019630528,0.21328995019630528,0.2923816171181862
Correa2015a_article_formula_project_bt,978689920.0916836,1.7,0.7403355955255249,724558984.825905,0.06236206055345314,-0.21328995019630528,0.21328995019630528,0.2923816171181862
Correa2015a_article_formula_project_bt,978689920.0916836,1.72,0.7375235578534654,721806871.9013422,0.06236206055345314,-0.21328995019630528,0.21328995019630528,0.2923816171181862
Correa2015a_article_formula_project_bt,978689920.0916836,1.74,0.7347197239340004,719062787.9067507,0.06236206055345314,-0.21328995019630528,0.21328995019630528,0.2923816171181862
Correa2015a_article_formula_project_bt,978689920.0916836,1.76,0.7319241173472834,716326755.9197888,0.06236206055345314,-0.21328995019630528,0.21328995019630528,0.2923816171181862
Correa2015a_article_formula_project_bt,978689920.0916836,1.78,0.7291367603161897,713598797.6897608,0.06236206055345314,-0.21328995019630528,0.21328995019630528,0.2923816171181862
Correa2015a_article_formula_project_bt,978689920.0916836,1.8,0.7263576737475388,710878933.6779599,0.06236206055345314,-0.21328995019630528,0.21328995019630528,0.2923816171181862
Correa2015a_article_formula_project_bt,978689920.0916836,1.82,0.7235868772718979,708167183.0966246,0.06236206055345314,-0.21328995019630528,0.21328995019630528,0.2923816171181862
Correa2015a_article_formula_project_bt,978689920.0916836,1.84,0.720824389282025,705463563.9465617,0.06236206055345314,-0.21328995019630528,0.21328995019630528,0.2923816171181862
Correa2015a_article_formula_project_bt,978689920.0916836,1.86,0.7180702269700047,702768093.053491,0.06236206055345314,-0.21328995019630528,0.21328995019630528,0.2923816171181862
Correa2015a_article_formula_project_bt,978689920.0916836,1.8800000000000001,0.7153244063631338,700080786.1031665,0.06236206055345314,-0.21328995019630528,0.21328995019630528,0.2923816171181862
Correa2015a_article_formula_project_bt,978689920.0916836,1.9000000000000001,0.7125869423586032,697401657.6753185,0.06236206055345314,-0.21328995019630528,0.21328995019630528,0.2923816171181862
Correa2015a_article_formula_project_bt,978689920.0916836,1.92,0.709857848757025,694730721.2764672,0.06236206055345314,-0.21328995019630528,0.21328995019630528,0.2923816171181862
Correa2015a_article_formula_project_bt,978689920.0916836,1.94,0.7071371382948511,692067989.3716497,0.06236206055345314,-0.21328995019630528,0.21328995019630528,0.2923816171181862
Correa2015a_article_formula_project_bt,978689920.0916836,1.96,0.7044248226757283,689413473.4151069,0.06236206055345314,-0.21328995019630528,0.21328995019630528,0.2923816171181862
Correa2015a_article_formula_project_bt,978689920.0916836,1.98,0.7017209126008251,686767183.8799648,0.06236206055345314,-0.21328995019630528,0.21328995019630528,0.2923816171181862
Correa2015a_article_formula_project_bt,978689920.0916836,2.0,0.6990254177981804,684129130.2869569,0.06236206055345314,-0.21328995019630528,0.21328995019630528,0.2923816171181862
Correa2015a_article_formula_project_bt,978689920.0916836,2.02,0.6963383470511009,681499321.232217,0.06236206055345314,-0.21328995019630528,0.21328995019630528,0.2923816171181862
Correa2015a_article_formula_project_bt,978689920.0916836,2.04,0.6936597082256519,678877764.4141839,0.06236206055345314,-0.21328995019630528,0.21328995019630528,0.2923816171181862
Correa2015a_article_formula_project_bt,978689920.0916836,2.06,0.6909895082972702,676264466.6596472,0.06236206055345314,-0.21328995019630528,0.21328995019630528,0.2923816171181862
Correa2015a_article_formula_project_bt,978689920.0916836,2.08,0.6883277533765377,673659433.9489719,0.06236206055345314,-0.21328995019630528,0.21328995019630528,0.2923816171181862
Correa2015a_article_formula_project_bt,978689920.0916836,2.1,0.68567444873414,671062671.4405247,0.06236206055345314,-0.21328995019630528,0.21328995019630528,0.2923816171181862
Correa2015a_article_formula_project_bt,978689920.0916836,2.12,0.6830295988250478,668474183.4943408,0.06236206055345314,-0.21328995019630528,0.21328995019630528,0.2923816171181862
Correa2015a_article_formula_project_bt,978689920.0916836,2.14,0.6803932073119453,665893973.695052,0.06236206055345314,-0.21328995019630528,0.21328995019630528,0.2923816171181862
Correa2015a_article_formula_project_bt,978689920.0916836,2.16,0.6777652770879343,663322044.8741083,0.06236206055345314,-0.21328995019630528,0.21328995019630528,0.2923816171181862
Correa2015a_article_formula_project_bt,978689920.0916836,2.18,0.6751458102985406,660758399.1313137,0.06236206055345314,-0.21328995019630528,0.21328995019630528,0.2923816171181862
Correa2015a_article_formula_project_bt,978689920.0916836,2.2,0.6725348083630484,658203037.8557075,0.06236206055345314,-0.21328995019630528,0.21328995019630528,0.2923816171181862
Correa2015a_article_formula_project_bt,978689920.0916836,2.22,0.6699322719951855,655655961.7458081,0.06236206055345314,-0.21328995019630528,0.21328995019630528,0.2923816171181862
Correa2015a_article_formula_project_bt,978689920.0916836,2.24,0.6673382012231858,653117170.8292476,0.06236206055345314,-0.21328995019630528,0.21328995019630528,0.2923816171181862
Correa2015a_article_formula_project_bt,978689920.0916836,2.2600000000000002,0.6647525954092461,650586664.4818144,0.06236206055345314,-0.21328995019630528,0.21328995019630528,0.2923816171181862
Correa2015a_article_formula_project_bt,978689920.0916836,2.2800000000000002,0.6621754532684043,648064441.445929,0.06236206055345314,-0.21328995019630528,0.21328995019630528,0.2923816171181862
Correa2015a_article_formula_project_bt,978689920.0916836,2.3000000000000003,0.6596067728868543,645550499.8485688,0.06236206055345314,-0.21328995019630528,0.21328995019630528,0.2923816171181862
Correa2015a_article_formula_project_bt,978689920.0916836,2.32,0.6570465517397223,643044837.218665,0.06236206055345314,-0.21328995019630528,0.21328995019630528,0.2923816171181862
Correa2015a_article_formula_project_bt,978689920.0916836,2.34,0.6544947867083171,640547450.5039864,0.06236206055345314,-0.21328995019630528,0.21328995019630528,0.2923816171181862
Correa2015a_article_formula_project_bt,978689920.0916836,2.36,0.6519514740968794,638058336.0875303,0.06236206055345314,-0.21328995019630528,0.21328995019630528,0.2923816171181862
Correa2015a_article_formula_project_bt,978689920.0916836,2.38,0.6494166096488417,635577489.803437,0.06236206055345314,-0.21328995019630528,0.21328995019630528,0.2923816171181862
Correa2015a_article_formula_project_bt,978689920.0916836,2.4,0.646890188562619,633104906.9524438,0.06236206055345314,-0.21328995019630528,0.21328995019630528,0.2923816171181862
Correa2015a_article_formula_project_bt,978689920.0916836,2.42,0.6443722055069429,630640582.3168918,0.06236206055345314,-0.21328995019630528,0.21328995019630528,0.2923816171181862
Correa2015a_article_formula_project_bt,978689920.0916836,2.44,0.6418626546357591,628184510.175307,0.06236206055345314,-0.21328995019630528,0.21328995019630528,0.2923816171181862
Correa2015a_article_formula_project_bt,978689920.0916836,2.46,0.6393615296026989,625736684.3165619,0.06236206055345314,-0.21328995019630528,0.21328995019630528,0.2923816171181862
Correa2015a_article_formula_project_bt,978689920.0916836,2.48,0.6368688235751394,623297098.0536377,0.06236206055345314,-0.21328995019630528,0.21328995019630528,0.2923816171181862
Correa2015a_article_formula_project_bt,978689920.0916836,2.5,0.6343845292478698,620865744.2369981,0.06236206055345314,-0.21328995019630528,0.21328995019630528,0.2923816171181862
Correa2015a_article_formula_project_bt,978689920.0916836,2.52,0.6319086388563704,618442615.2675858,0.06236206055345314,-0.21328995019630528,0.21328995019630528,0.2923816171181862
Correa2015a_article_formula_project_bt,978689920.0916836,2.54,0.6294411441897232,616027703.1094581,0.06236206055345314,-0.21328995019630528,0.21328995019630528,0.2923816171181862
Correa2015a_article_formula_project_bt,978689920.0916836,2.56,0.6269820366031619,613620999.3020695,0.06236206055345314,-0.21328995019630528,0.21328995019630528,0.2923816171181862
Correa2015a_article_formula_project_bt,978689920.0916836,2.58,0.6245313070302757,611222494.9722153,0.06236206055345314,-0.21328995019630528,0.21328995019630528,0.2923816171181862
Correa2015a_article_formula_project_bt,978689920.0916836,2.6,0.6220889459948752,608832180.8456441,0.06236206055345314,-0.21328995019630528,0.21328995019630528,0.2923816171181862
Correa2015a_article_formula_project_bt,978689920.0916836,2.62,0.6196549436225345,606450047.258355,0.06236206055345314,-0.21328995019630528,0.21328995019630528,0.2923816171181862
Correa2015a_article_formula_project_bt,978689920.0916836,2.64,0.6172292896518169,604076084.1675833,0.06236206055345314,-0.21328995019630528,0.21328995019630528,0.2923816171181862
Correa2015a_article_formula_project_bt,978689920.0916836,2.66,0.6148119734451964,601710281.1624897,0.06236206055345314,-0.21328995019630528,0.21328995019630528,0.2923816171181862
Correa2015a_article_formula_project_bt,978689920.0916836,2.68,0.6124029839996832,599352627.4745586,0.06236206055345314,-0.21328995019630528,0.21328995019630528,0.2923816171181862
Correa2015a_article_formula_project_bt,978689920.0916836,2.7,0.6100023099571623,597003111.9877176,0.06236206055345314,-0.21328995019630528,0.21328995019630528,0.2923816171181862
Correa2015a_article_formula_project_bt,978689920.0916836,2.72,0.6076099396144568,594661723.2481854,0.06236206055345314,-0.21328995019630528,0.21328995019630528,0.2923816171181862
Correa2015a_article_formula_project_bt,978689920.0916836,2.74,0.6052258609331195,592328449.4740552,0.06236206055345314,-0.21328995019630528,0.21328995019630528,0.2923816171181862
Correa2015a_article_formula_project_bt,978689920.0916836,2.7600000000000002,0.6028500615489668,590003278.5646249,0.06236206055345314,-0.21328995019630528,0.21328995019630528,0.2923816171181862
Correa2015a_article_formula_project_bt,978689920.0916836,2.7800000000000002,0.6004825287813589,587686198.1094803,0.06236206055345314,-0.21328995019630528,0.21328995019630528,0.2923816171181862
Correa2015a_article_formula_project_bt,978689920.0916836,2.8000000000000003,0.5981232496422342,585377195.3973364,0.06236206055345314,-0.21328995019630528,0.21328995019630528,0.2923816171181862
Correa2015a_article_formula_project_bt,978689920.0916836,2.82,0.5957722108449088,583076257.4246495,0.06236206055345314,-0.21328995019630528,0.21328995019630528,0.2923816171181862
Correa2015a_article_formula_project_bt,978689920.0916836,2.84,0.5934293988126436,580783370.904002,0.06236206055345314,-0.21328995019630528,0.21328995019630528,0.2923816171181862
Correa2015a_article_formula_project_bt,978689920.0916836,2.86,0.5910947996869887,578498522.2722688,0.06236206055345314,-0.21328995019630528,0.21328995019630528,0.2923816171181862
Correa2015a_article_formula_project_bt,978689920.0916836,2.88,0.5887683993359127,576221697.6985729,0.06236206055345314,-0.21328995019630528,0.21328995019630528,0.2923816171181862
Correa2015a_article_formula_project_bt,978689920.0916836,2.9,0.5864501833617198,573952883.0920348,0.06236206055345314,-0.21328995019630528,0.21328995019630528,0.2923816171181862
Correa2015a_article_formula_project_bt,978689920.0916836,2.92,0.5841401371087637,571692064.109321,0.06236206055345314,-0.21328995019630528,0.21328995019630528,0.2923816171181862
Correa2015a_article_formula_project_bt,978689920.0916836,2.94,0.5818382456709632,569439226.1620004,0.06236206055345314,-0.21328995019630528,0.21328995019630528,0.2923816171181862
Correa2015a_article_formula_project_bt,978689920.0916836,2.96,0.5795444938991279,567194354.4237127,0.06236206055345314,-0.21328995019630528,0.21328995019630528,0.2923816171181862
Correa2015a_article_formula_project_bt,978689920.0916836,2.98,0.5772588664080935,564957433.837153,0.06236206055345314,-0.21328995019630528,0.21328995019630528,0.2923816171181862
Correa2015a_article_formula_project_bt,978689920.0916836,3.0,0.5749813475836797,562728449.12088,0.06236206055345314,-0.21328995019630528,0.21328995019630528,0.2923816171181862
Correa2015a_article_formula_project_bt,978689920.0916836,3.02,0.5727119215894692,560507384.7759521,0.06236206055345314,-0.21328995019630528,0.21328995019630528,0.2923816171181862
Correa2015a_article_formula_project_bt,978689920.0916836,3.04,0.5704505723734178,558294225.0923954,0.06236206055345314,-0.21328995019630528,0.21328995019630528,0.2923816171181862
Correa2015a_article_formula_project_bt,978689920.0916836,3.06,0.5681972836742984,556088954.1555108,0.06236206055345314,-0.21328995019630528,0.21328995019630528,0.2923816171181862
Correa2015a_article_formula_project_bt,978689920.0916836,3.08,0.5659520390279821,553891555.8520212,0.06236206055345314,-0.21328995019630528,0.21328995019630528,0.2923816171181862
Correa2015a_article_formula_project_bt,978689920.0916836,3.1,0.5637148217735651,551702013.8760681,0.06236206055345314,-0.21328995019630528,0.21328995019630528,0.2923816171181862
Correa2015a_article_formula_project_bt,978689920.0916836,3.12,0.5614856150593407,549520311.7350559,0.06236206055345314,-0.21328995019630528,0.21328995019630528,0.2923816171181862
Correa2015a_article_formula_project_bt,978689920.0916836,3.14,0.5592644018486256,547346432.7553546,0.06236206055345314,-0.21328995019630528,0.21328995019630528,0.2923816171181862
Correa2015a_article_formula_project_bt,978689920.0916836,3.16,0.5570511649254409,545180360.087859,0.06236206055345314,-0.21328995019630528,0.21328995019630528,0.2923816171181862
Correa2015a_article_formula_project_bt,978689920.0916836,3.18,0.554845886900054,543022076.7134131,0.06236206055345314,-0.21328995019630528,0.21328995019630528,0.2923816171181862
Correa2015a_article_formula_project_bt,978689920.0916836,3.2,0.5526485502143835,540871565.4480999,0.06236206055345314,-0.21328995019630528,0.21328995019630528,0.2923816171181862
Correa2015a_article_formula_project_bt,978689920.0916836,3.22,0.5504591371472733,538728808.948402,0.06236206055345314,-0.21328995019630528,0.21328995019630528,0.2923816171181862
Correa2015a_article_formula_project_bt,978689920.0916836,3.24,0.5482776298196366,536593789.7162378,0.06236206055345314,-0.21328995019630528,0.21328995019630528,0.2923816171181862
Correa2015a_article_formula_project_bt,978689920.0916836,3.2600000000000002,0.5461040101994754,534466490.1038726,0.06236206055345314,-0.21328995019630528,0.21328995019630528,0.2923816171181862
Correa2015a_article_formula_project_bt,978689920.0916836,3.2800000000000002,0.5439382601067794,532346892.3187133,0.06236206055345314,-0.21328995019630528,0.21328995019630528,0.2923816171181862
Correa2015a_article_formula_project_bt,978689920.0916836,3.3000000000000003,0.5417803612183038,530234978.4279852,0.06236206055345314,-0.21328995019630528,0.21328995019630528,0.2923816171181862
Correa2015a_article_formula_project_bt,978689920.0916836,3.3200000000000003,0.5396302950722344,528130730.3632967,0.06236206055345314,-0.21328995019630528,0.21328995019630528,0.2923816171181862
Correa2015a_article_formula_project_bt,978689920.0916836,3.34,0.5374880430727395,526034129.9250948,0.06236206055345314,-0.21328995019630528,0.21328995019630528,0.2923816171181862
Correa2015a_article_formula_project_bt,978689920.0916836,3.36,0.535353586494412,523945158.78701234,0.06236206055345314,-0.21328995019630528,0.21328995019630528,0.2923816171181862
Correa2015a_article_formula_project_bt,978689920.0916836,3.38,0.5332269064866066,521863798.5001127,0.06236206055345314,-0.21328995019630528,0.21328995019630528,0.2923816171181862
Correa2015a_article_formula_project_bt,978689920.0916836,3.4,0.5311079840776727,519790030.49703264,0.06236206055345314,-0.21328995019630528,0.21328995019630528,0.2923816171181862
Correa2015a_article_formula_project_bt,978689920.0916836,3.42,0.528996800179086,517723836.096026,0.06236206055345314,-0.21328995019630528,0.21328995019630528,0.2923816171181862
Correa2015a_article_formula_project_bt,978689920.0916836,3.44,0.5268933355894837,515665196.50491244,0.06236206055345314,-0.21328995019630528,0.21328995019630528,0.2923816171181862
Correa2015a_article_formula_project_bt,978689920.0916836,3.46,0.5247975709986027,513614092.82493216,0.06236206055345314,-0.21328995019630528,0.21328995019630528,0.2923816171181862
Correa2015a_article_formula_project_bt,978689920.0916836,3.48,0.522709486991125,511570506.05450904,0.06236206055345314,-0.21328995019630528,0.21328995019630528,0.2923816171181862
Correa2015a_article_formula_project_bt,978689920.0916836,3.5,0.520629064050433,509534417.09292626,0.06236206055345314,-0.21328995019630528,0.21328995019630528,0.2923816171181862
Correa2015a_article_formula_project_bt,978689920.0916836,3.52,0.5185562825622759,507505806.74391437,0.06236206055345314,-0.21328995019630528,0.21328995019630528,0.2923816171181862
Correa2015a_article_formula_project_bt,978689920.0916836,3.54,0.5164911228183509,505484655.7191557,0.06236206055345314,-0.21328995019630528,0.21328995019630528,0.2923816171181862
Correa2015a_article_formula_project_bt,978689920.0916836,3.56,0.5144335650197986,503470944.64170665,0.06236206055345314,-0.21328995019630528,0.21328995019630528,0.2923816171181862
Correa2015a_article_formula_project_bt,978689920.0916836,3.58,0.5123835892806202,501464654.04934025,0.06236206055345314,-0.21328995019630528,0.21328995019630528,0.2923816171181862
Correa2015a_article_formula_project_bt,978689920.0916836,3.6,0.510341175631011,499465764.39781004,0.06236206055345314,-0.21328995019630528,0.21328995019630528,0.2923816171181862
Correa2015a_article_formula_project_bt,978689920.0916836,3.62,0.5083063040206196,497474256.06403923,0.06236206055345314,-0.21328995019630528,0.21328995019630528,0.2923816171181862
Correa2015a_article_formula_project_bt,978689920.0916836,3.64,0.5062789543217292,495490109.3492343,0.06236206055345314,-0.21328995019630528,0.21328995019630528,0.2923816171181862
Correa2015a_article_formula_project_bt,978689920.0916836,3.66,0.5042591063323665,493513304.4819276,0.06236206055345314,-0.21328995019630528,0.21328995019630528,0.2923816171181862
Correa2015a_article_formula_project_bt,978689920.0916836,3.68,0.502246739779338,491543821.6209489,0.06236206055345314,-0.21328995019630528,0.21328995019630528,0.2923816171181862
Correa2015a_article_formula_project_bt,978689920.0916836,3.7,0.5002418343211967,489581640.8583293,0.06236206055345314,-0.21328995019630528,0.21328995019630528,0.2923816171181862
Correa2015a_article_formula_project_bt,978689920.0916836,3.72,0.4982443695511394,487626742.2221359,0.06236206055345314,-0.21328995019630528,0.21328995019630528,0.2923816171181862
Correa2015a_article_formula_project_bt,978689920.0916836,3.74,0.49625432499983885,485679105.6792447,0.06236206055345314,-0.21328995019630528,0.21328995019630528,0.2923816171181862
Correa2015a_article_formula_project_bt,978689920.0916836,3.7600000000000002,0.49427168013820905,483738711.138046,0.06236206055345314,-0.21328995019630528,0.21328995019630528,0.2923816171181862
Correa2015a_article_formula_project_bt,978689920.0916836,3.7800000000000002,0.4922964143801085,481805538.45109075,0.06236206055345314,-0.21328995019630528,0.21328995019630528,0.2923816171181862
Correa2015a_article_formula_project_bt,978689920.0916836,3.8000000000000003,0.4903285070849813,479879567.4176749,0.06236206055345314,-0.21328995019630528,0.21328995019630528,0.2923816171181862
Correa2015a_article_formula_project_bt,978689920.0916836,3.8200000000000003,0.4883679375604366,477960777.7863641,0.06236206055345314,-0.21328995019630528,0.21328995019630528,0.2923816171181862
Correa2015a_article_formula_project_bt,978689920.0916836,3.84,0.4864146850647708,476049149.257462,0.06236206055345314,-0.21328995019630528,0.21328995019630528,0.2923816171181862
Correa2015a_article_formula_project_bt,978689920.0916836,3.86,0.484468728809431,474144661.48542154,0.06236206055345314,-0.21328995019630528,0.21328995019630528,0.2923816171181862
Correa2015a_article_formula_project_bt,978689920.0916836,3.88,0.48253004796142296,472247294.0812013,0.06236206055345314,-0.21328995019630528,0.21328995019630528,0.2923816171181862
Correa2015a_article_formula_project_bt,978689920.0916836,3.9,0.48059862164566425,470357026.6145684,0.06236206055345314,-0.21328995019630528,0.21328995019630528,0.2923816171181862
Correa2015a_article_formula_project_bt,978689920.0916836,3.92,0.478674428947283,468473838.6163487,0.06236206055345314,-0.21328995019630528,0.21328995019630528,0.2923816171181862
Correa2015a_article_formula_project_bt,978689920.0916836,3.94,0.4767574489138662,466597709.5806266,0.06236206055345314,-0.21328995019630528,0.21328995019630528,0.2923816171181862
Correa2015a_article_formula_project_bt,978689920.0916836,3.96,0.47484766055765454,464728618.96689385,0.06236206055345314,-0.21328995019630528,0.21328995019630528,0.2923816171181862
Correa2015a_article_formula_project_bt,978689920.0916836,3.98,0.4729450428576902,462866546.2021507,0.06236206055345314,-0.21328995019630528,0.21328995019630528,0.2923816171181862
Correa2015a_article_formula_project_bt,978689920.0916836,4.0,0.47104957476191367,461011470.68295884,0.06236206055345314,-0.21328995019630528,0.21328995019630528,0.2923816171181862
Correa2015a_article_formula_project_bt,978689920.0916836,4.0200000000000005,0.46916123518921493,459163371.77744836,0.06236206055345314,-0.21328995019630528,0.21328995019630528,0.2923816171181862
Correa2015a_article_formula_project_bt,978689920.0916836,4.04,0.46728000303143713,457322228.8272789,0.06236206055345314,-0.21328995019630528,0.21328995019630528,0.2923816171181862
Correa2015a_article_formula_project_bt,978689920.0916836,4.0600000000000005,0.4654058571553351,455488021.14955646,0.06236206055345314,-0.21328995019630528,0.21328995019630528,0.2923816171181862
Correa2015a_article_formula_project_bt,978689920.0916836,4.08,0.46353877640449015,453660728.03870726,0.06236206055345314,-0.21328995019630528,0.21328995019630528,0.2923816171181862
Correa2015a_article_formula_project_bt,978689920.0916836,4.1,0.46167873960118144,451840328.7683095,0.06236206055345314,-0.21328995019630528,0.21328995019630528,0.2923816171181862
Correa2015a_article_formula_project_bt,978689920.0916836,4.12,0.45982572554821477,450026802.59288275,0.06236206055345314,-0.21328995019630528,0.21328995019630528,0.2923816171181862
Correa2015a_article_formula_project_bt,978689920.0916836,4.14,0.4579797130307112,448220128.749639,0.06236206055345314,-0.21328995019630528,0.21328995019630528,0.2923816171181862
Correa2015a_article_formula_project_bt,978689920.0916836,4.16,0.45614068081785347,446420286.4601912,0.06236206055345314,-0.21328995019630528,0.21328995019630528,0.2923816171181862
Correa2015a_article_formula_project_bt,978689920.0916836,4.18,0.4543086076645951,444627254.9322266,0.06236206055345314,-0.21328995019630528,0.21328995019630528,0.2923816171181862
Correa2015a_article_formula_project_bt,978689920.0916836,4.2,0.45248347231332997,442841013.36114043,0.06236206055345314,-0.21328995019630528,0.21328995019630528,0.2923816171181862
Correa2015a_article_formula_project_bt,978689920.0916836,4.22,0.4506652534955246,441061540.93163335,0.06236206055345314,-0.21328995019630528,0.21328995019630528,0.2923816171181862
Correa2015a_article_formula_project_bt,978689920.0916836,4.24,0.44885392993331275,439288816.81927204,0.06236206055345314,-0.21328995019630528,0.21328995019630528,0.2923816171181862
Correa2015a_article_formula_project_bt,978689920.0916836,4.26,0.44704948034105596,437522820.1920167,0.06236206055345314,-0.21328995019630528,0.21328995019630528,0.2923816171181862
Correa2015a_article_formula_project_bt,978689920.0916836,4.28,0.4452518834268672,435763530.2117123,0.06236206055345314,-0.21328995019630528,0.21328995019630528,0.2923816171181862
Correa2015a_article_formula_project_bt,978689920.0916836,4.3,0.4434611178941015,434010926.03554684,0.06236206055345314,-0.21328995019630528,0.21328995019630528,0.2923816171181862
Correa2015a_article_formula_project_bt,978689920.0916836,4.32,0.44167716244281136,432264986.81747663,0.06236206055345314,-0.21328995019630528,0.21328995019630528,0.2923816171181862
Correa2015a_article_formula_project_bt,978689920.0916836,4.34,0.43989999577117195,430525691.70962024,0.06236206055345314,-0.21328995019630528,0.21328995019630528,0.2923816171181862
Correa2015a_article_formula_project_bt,978689920.0916836,4.36,0.43812959657687145,428793019.8636199,0.06236206055345314,-0.21328995019630528,0.21328995019630528,0.2923816171181862
Correa2015a_article_formula_project_bt,978689920.0916836,4.38,0.4363659435584716,427066950.4319727,0.06236206055345314,-0.21328995019630528,0.21328995019630528,0.2923816171181862
Correa2015a_article_formula_project_bt,978689920.0916836,4.4,0.4346090154167377,425347462.5693323,0.06236206055345314,-0.21328995019630528,0.21328995019630528,0.2923816171181862
Correa2015a_article_formula_project_bt,978689920.0916836,4.42,0.4328587908559374,423634535.4337802,0.06236206055345314,-0.21328995019630528,0.21328995019630528,0.2923816171181862
Correa2015a_article_formula_project_bt,978689920.0916836,4.44,0.4311152485851118,421928148.1880694,0.06236206055345314,-0.21328995019630528,0.21328995019630528,0.2923816171181862
Correa2015a_article_formula_project_bt,978689920.0916836,4.46,0.42937836731931606,420228280.000839,0.06236206055345314,-0.21328995019630528,0.21328995019630528,0.2923816171181862
Correa2015a_article_formula_project_bt,978689920.0916836,4.48,0.42764812578083333,418534910.04780203,0.06236206055345314,-0.21328995019630528,0.21328995019630528,0.2923816171181862
Correa2015a_article_formula_project_bt,978689920.0916836,4.5,0.4259245027003606,416848017.512906,0.06236206055345314,-0.21328995019630528,0.21328995019630528,0.2923816171181862
Correa2015a_article_formula_project_bt,978689920.0916836,4.5200000000000005,0.4242074768181678,415167581.58946735,0.06236206055345314,-0.21328995019630528,0.21328995019630528,0.2923816171181862
Correa2015a_article_formula_project_bt,978689920.0916836,4.54,0.42249702688523044,413493581.4812801,0.06236206055345314,-0.21328995019630528,0.21328995019630528,0.2923816171181862
Correa2015a_article_formula_project_bt,978689920.0916836,4.5600000000000005,0.4207931316643373,411825996.4036996,0.06236206055345314,-0.21328995019630528,0.21328995019630528,0.2923816171181862
Correa2015a_article_formula_project_bt,978689920.0916836,4.58,0.4190957699311715,410164805.5847008,0.06236206055345314,-0.21328995019630528,0.21328995019630528,0.2923816171181862
Correa2015a_article_formula_project_bt,978689920.0916836,4.6000000000000005,0.4174049204753685,408509988.26591396,0.06236206055345314,-0.21328995019630528,0.21328995019630528,0.2923816171181862
Correa2015a_article_formula_project_bt,978689920.0916836,4.62,0.41572056210154895,406861523.70363474,0.06236206055345314,-0.21328995019630528,0.21328995019630528,0.2923816171181862
Correa2015a_article_formula_project_bt,978689920.0916836,4.64,0.4140426736303286,405219391.16981333,0.06236206055345314,-0.21328995019630528,0.21328995019630528,0.2923816171181862
Correa2015a_article_formula_project_bt,978689920.0916836,4.66,0.4123712338993044,403583569.9530192,0.06236206055345314,-0.21328995019630528,0.21328995019630528,0.2923816171181862
Correa2015a_article_formula_project_bt,978689920.0916836,4.68,0.41070622176401933,401954039.3593854,0.06236206055345314,-0.21328995019630528,0.21328995019630528,0.2923816171181862
Correa2015a_article_formula_project_bt,978689920.0916836,4.7,0.40904761609890306,400330778.7135291,0.06236206055345314,-0.21328995019630528,0.21328995019630528,0.2923816171181862
Correa2015a_article_formula_project_bt,978689920.0916836,4.72,0.40739539579819334,398713767.3594537,0.06236206055345314,-0.21328995019630528,0.21328995019630528,0.2923816171181862
Correa2015a_article_formula_project_bt,978689920.0916836,4.74,0.40574953977683453,397102984.6614276,0.06236206055345314,-0.21328995019630528,0.21328995019630528,0.2923816171181862
Correa2015a_article_formula_project_bt,978689920.0916836,4.76,0.4041100269713557,395498410.0048442,0.06236206055345314,-0.21328995019630528,0.21328995019630528,0.2923816171181862
Correa2015a_article_formula_project_bt,978689920.0916836,4.78,0.40247683634072895,393900022.7970616,0.06236206055345314,-0.21328995019630528,0.21328995019630528,0.2923816171181862
Correa2015a_article_formula_project_bt,978689920.0916836,4.8,0.40084994686720754,392307802.468223,0.06236206055345314,-0.21328995019630528,0.21328995019630528,0.2923816171181862
Correa2015a_article_formula_project_bt,978689920.0916836,4.82,0.39922933755714435,390721728.4720574,0.06236206055345314,-0.21328995019630528,0.21328995019630528,0.2923816171181862
Correa2015a_article_formula_project_bt,978689920.0916836,4.84,0.3976149874417921,389141780.2866633,0.06236206055345314,-0.21328995019630528,0.21328995019630528,0.2923816171181862
Correa2015a_article_formula_project_bt,978689920.0916836,4.86,0.3960068755780831,387567937.41527146,0.06236206055345314,-0.21328995019630528,0.21328995019630528,0.2923816171181862
Correa2015a_article_formula_project_bt,978689920.0916836,4.88,0.39440498104939353,386000179.38699293,0.06236206055345314,-0.21328995019630528,0.21328995019630528,0.2923816171181862
Correa2015a_article_formula_project_bt,978689920.0916836,4.9,0.3928092829662865,384438485.7575464,0.06236206055345314,-0.21328995019630528,0.21328995019630528,0.2923816171181862
Correa2015a_article_formula_project_bt,978689920.0916836,4.92,0.3912197604672412,382882836.10997194,0.06236206055345314,-0.21328995019630528,0.21328995019630528,0.2923816171181862
Correa2015a_article_formula_project_bt,978689920.0916836,4.94,0.3896363927193612,381333210.0553235,0.06236206055345314,-0.21328995019630528,0.21328995019630528,0.2923816171181862
Correa2015a_article_formula_project_bt,978689920.0916836,4.96,0.3880591589190691,379789587.2333497,0.06236206055345314,-0.21328995019630528,0.21328995019630528,0.2923816171181862
Correa2015a_article_formula_project_bt,978689920.0916836,4.98,0.3864880382927827,378251947.31315506,0.06236206055345314,-0.21328995019630528,0.21328995019630528,0.2923816171181862
Correa2015a_article_formula_project_bt,978689920.0916836,5.0,0.384923010097576,376720269.993847,0.06236206055345314,-0.21328995019630528,0.21328995019630528,0.2923816171181862
Correa2015a_article_formula_project_bt,978689920.0916836,5.0200000000000005,0.3833640536218239,375194535.00516677,0.06236206055345314,-0.21328995019630528,0.21328995019630528,0.2923816171181862
Correa2015a_article_formula_project_bt,978689920.0916836,5.04,0.38181114818583173,373674722.1081056,0.06236206055345314,-0.21328995019630528,0.21328995019630528,0.2923816171181862
Correa2015a_article_formula_project_bt,978689920.0916836,5.0600000000000005,0.3802642731424497,372160811.09550625,0.06236206055345314,-0.21328995019630528,0.21328995019630528,0.2923816171181862
Correa2015a_article_formula_project_bt,978689920.0916836,5.08,0.37872340787767234,370652781.79264927,0.06236206055345314,-0.21328995019630528,0.21328995019630528,0.2923816171181862
Correa2015a_article_formula_project_bt,978689920.0916836,5.1000000000000005,0.37718853181122286,369150614.05782515,0.06236206055345314,-0.21328995019630528,0.21328995019630528,0.2923816171181862
Correa2015a_article_formula_project_bt,978689920.0916836,5.12,0.37565962439712464,367654287.7828938,0.06236206055345314,-0.21328995019630528,0.21328995019630528,0.2923816171181862
Correa2015a_article_formula_project_bt,978689920.0916836,5.14,0.37413666512425725,366163782.89382833,0.06236206055345314,-0.21328995019630528,0.21328995019630528,0.2923816171181862
Correa2015a_article_formula_project_bt,978689920.0916836,5.16,0.3726196335168997,364679079.351247,0.06236206055345314,-0.21328995019630528,0.21328995019630528,0.2923816171181862
Correa2015a_article_formula_project_bt,978689920.0916836,5.18,0.3711085091352599,363200157.15093136,0.06236206055345314,-0.21328995019630528,0.21328995019630528,0.2923816171181862
Correa2015a_article_formula_project_bt,978689920.0916836,5.2,0.3696032715759915,361726996.32433194,0.06236206055345314,-0.21328995019630528,0.21328995019630528,0.2923816171181862
Correa2015a_article_formula_project_bt,978689920.0916836,5.22,0.36810390047269675,360259576.9390606,0.06236206055345314,-0.21328995019630528,0.21328995019630528,0.2923816171181862
Correa2015a_article_formula_project_bt,978689920.0916836,5.24,0.3666103754964182,358797879.0993716,0.06236206055345314,-0.21328995019630528,0.21328995019630528,0.2923816171181862
Correa2015a_article_formula_project_bt,978689920.0916836,5.26,0.36512267635611656,357341882.9466294,0.06236206055345314,-0.21328995019630528,0.21328995019630528,0.2923816171181862
Correa2015a_article_formula_project_bt,978689920.0916836,5.28,0.3636407827991378,355891568.6597655,0.06236206055345314,-0.21328995019630528,0.21328995019630528,0.2923816171181862
Correa2015a_article_formula_project_bt,978689920.0916836,5.3,0.36216467461166746,354446916.4557234,0.06236206055345314,-0.21328995019630528,0.21328995019630528,0.2923816171181862
Correa2015a_article_formula_project_bt,978689920.0916836,5.32,0.36069433161917336,353007906.589892,0.06236206055345314,-0.21328995019630528,0.21328995019630528,0.2923816171181862
Correa2015a_article_formula_project_bt,978689920.0916836,5.34,0.3592297336868379,351574519.35652816,0.06236206055345314,-0.21328995019630528,0.21328995019630528,0.2923816171181862
Correa2015a_article_formula_project_bt,978689920.0916836,5.36,0.3577708607199774,350146735.08916754,0.06236206055345314,-0.21328995019630528,0.21328995019630528,0.2923816171181862
Correa2015a_article_formula_project_bt,978689920.0916836,5.38,0.35631769266445235,348724534.16102594,0.06236206055345314,-0.21328995019630528,0.21328995019630528,0.2923816171181862
Correa2015a_article_formula_project_bt,978689920.0916836,5.4,0.35487020950706544,347307896.9853889,0.06236206055345314,-0.21328995019630528,0.21328995019630528,0.2923816171181862
Correa2015a_article_formula_project_bt,978689920.0916836,5.42,0.3534283912759504,345896804.01599216,0.06236206055345314,-0.21328995019630528,0.21328995019630528,0.2923816171181862
Correa2015a_article_formula_project_bt,978689920.0916836,5.44,0.3519922180409487,344491235.74739057,0.06236206055345314,-0.21328995019630528,0.21328995019630528,0.2923816171181862
Correa2015a_article_formula_project_bt,978689920.0916836,5.46,0.3505616699139786,343091172.71531886,0.06236206055345314,-0.21328995019630528,0.21328995019630528,0.2923816171181862
Correa2015a_article_formula_project_bt,978689920.0916836,5.48,0.3491367270493918,341696595.4970412,0.06236206055345314,-0.21328995019630528,0.21328995019630528,0.2923816171181862
Correa2015a_article_formula_project_bt,978689920.0916836,5.5,0.3477173696443218,340307484.71169174,0.06236206055345314,-0.21328995019630528,0.21328995019630528,0.2923816171181862
Correa2015a_article_formula_project_bt,978689920.0916836,5.5200000000000005,0.34630357793902267,338923821.0206062,0.06236206055345314,-0.21328995019630528,0.21328995019630528,0.2923816171181862
Correa2015a_article_formula_project_bt,978689920.0916836,5.54,0.3448953322171979,337545585.1276441,0.06236206055345314,-0.21328995019630528,0.21328995019630528,0.2923816171181862
Correa2015a_article_formula_project_bt,978689920.0916836,5.5600000000000005,0.34349261280632026,336172757.7795012,0.06236206055345314,-0.21328995019630528,0.21328995019630528,0.2923816171181862
Correa2015a_article_formula_project_bt,978689920.0916836,5.58,0.34209540007794326,334805319.7660148,0.06236206055345314,-0.21328995019630528,0.21328995019630528,0.2923816171181862
Correa2015a_article_formula_project_bt,978689920.0916836,5.6000000000000005,0.34070367444800265,333443251.9204587,0.06236206055345314,-0.21328995019630528,0.21328995019630528,0.2923816171181862
Correa2015a_article_formula_project_bt,978689920.0916836,5.62,0.3393174163771106,332086535.1198309,0.06236206055345314,-0.21328995019630528,0.21328995019630528,0.2923816171181862
Correa2015a_article_formula_project_bt,978689920.0916836,5.64,0.3379366063708404,330735150.2851325,0.06236206055345314,-0.21328995019630528,0.21328995019630528,0.2923816171181862
Correa2015a_article_formula_project_bt,978689920.0916836,5.66,0.3365612249800034,329389078.3816387,0.06236206055345314,-0.21328995019630528,0.21328995019630528,0.2923816171181862
Correa2015a_article_formula_project_bt,978689920.0916836,5.68,0.3351912528009172,328048300.419161,0.06236206055345314,-0.21328995019630528,0.21328995019630528,0.2923816171181862
Correa2015a_article_formula_project_bt,978689920.0916836,5.7,0.333826670475667,326712797.45230335,0.06236206055345314,-0.21328995019630528,0.21328995019630528,0.2923816171181862
Correa2015a_article_formula_project_bt,978689920.0916836,5.72,0.3324674586923576,325382550.5807086,0.06236206055345314,-0.21328995019630528,0.21328995019630528,0.2923816171181862
Correa2015a_article_formula_project_bt,978689920.0916836,5.74,0.33111359818535924,324057540.9492991,0.06236206055345314,-0.21328995019630528,0.21328995019630528,0.2923816171181862
Correa2015a_article_formula_project_bt,978689920.0916836,5.76,0.3297650697355445,322737749.7485085,0.06236206055345314,-0.21328995019630528,0.21328995019630528,0.2923816171181862
Correa2015a_article_formula_project_bt,978689920.0916836,5.78,0.3284218541705186,321423158.21450746,0.06236206055345314,-0.21328995019630528,0.21328995019630528,0.2923816171181862
Correa2015a_article_formula_project_bt,978689920.0916836,5.8,0.32708393236484345,320113747.6294223,0.06236206055345314,-0.21328995019630528,0.21328995019630528,0.2923816171181862
Correa2015a_article_formula_project_bt,978689920.0916836,5.82,0.32575128524025143,318809499.3215449,0.06236206055345314,-0.21328995019630528,0.21328995019630528,0.2923816171181862
Correa2015a_article_formula_project_bt,978689920.0916836,5.84,0.3244238937658564,317510394.66553885,0.06236206055345314,-0.21328995019630528,0.21328995019630528,0.2923816171181862
Correa2015a_article_formula_project_bt,978689920.0916836,5.86,0.3231017389583538,316216415.08263534,0.06236206055345314,-0.21328995019630528,0.21328995019630528,0.2923816171181862
Correa2015a_article_formula_project_bt,978689920.0916836,5.88,0.3217848018822178,314927542.040826,0.06236206055345314,-0.21328995019630528,0.21328995019630528,0.2923816171181862
Correa2015a_article_formula_project_bt,978689920.0916836,5.9,0.32047306364988876,313643757.0550467,0.06236206055345314,-0.21328995019630528,0.21328995019630528,0.2923816171181862
Correa2015a_article_formula_project_bt,978689920.0916836,5.92,0.3191665054219561,312365041.6873562,0.06236206055345314,-0.21328995019630528,0.21328995019630528,0.2923816171181862
Correa2015a_article_formula_project_bt,978689920.0916836,5.94,0.3178651084073341,311091377.5471082,0.06236206055345314,-0.21328995019630528,0.21328995019630528,0.2923816171181862
Correa2015a_article_formula_project_bt,978689920.0916836,5.96,0.31656885386343203,309822746.29111814,0.06236206055345314,-0.21328995019630528,0.21328995019630528,0.2923816171181862
Correa2015a_article_formula_project_bt,978689920.0916836,5.98,0.3152777230963175,308559129.6238229,0.06236206055345314,-0.21328995019630528,0.21328995019630528,0.2923816171181862
Correa2015a_article_formula_project_bt,978689920.0916836,6.0,0.31399169746087435,307300509.2974352,0.06236206055345314,-0.21328995019630528,0.21328995019630528,0.2923816171181862
Correa2015a_article_formula_project_bt,978689920.0916836,6.0200000000000005,0.3127107583609546,306046867.11209244,0.06236206055345314,-0.21328995019630528,0.21328995019630528,0.2923816171181862
Correa2015a_article_formula_project_bt,978689920.0916836,6.04,0.31143488724952456,304798184.9159997,0.06236206055345314,-0.21328995019630528,0.21328995019630528,0.2923816171181862
Correa2015a_article_formula_project_bt,978689920.0916836,6.0600000000000005,0.3101640656288055,303554444.6055674,0.06236206055345314,-0.21328995019630528,0.21328995019630528,0.2923816171181862
Correa2015a_article_formula_project_bt,978689920.0916836,6.08,0.3088982750504087,302315628.12554336,0.06236206055345314,-0.21328995019630528,0.21328995019630528,0.2923816171181862
Correa2015a_article_formula_project_bt,978689920.0916836,6.1000000000000005,0.3076374971154645,301081717.4691395,0.06236206055345314,-0.21328995019630528,0.21328995019630528,0.2923816171181862
Correa2015a_article_formula_project_bt,978689920.0916836,6.12,0.3063817134747475,299852694.67815375,0.06236206055345314,-0.21328995019630528,0.21328995019630528,0.2923816171181862
Correa2015a_article_formula_project_bt,978689920.0916836,6.140000000000001,0.305130905828795,298628541.8430864,0.06236206055345314,-0.21328995019630528,0.21328995019630528,0.2923816171181862
Correa2015a_article_formula_project_bt,978689920.0916836,6.16,0.30388505592802134,297409241.103252,0.06236206055345314,-0.21328995019630528,0.21328995019630528,0.2923816171181862
Correa2015a_article_formula_project_bt,978689920.0916836,6.18,0.30264414557282654,296194774.64688545,0.06236206055345314,-0.21328995019630528,0.21328995019630528,0.2923816171181862
Correa2015a_article_formula_project_bt,978689920.0916836,6.2,0.3014081566137007,294985124.7112444,0.06236206055345314,-0.21328995019630528,0.21328995019630528,0.2923816171181862
Correa2015a_article_formula_project_bt,978689920.0916836,6.22,0.30017707095132296,293780273.5827059,0.06236206055345314,-0.21328995019630528,0.21328995019630528,0.2923816171181862
Correa2015a_article_formula_project_bt,978689920.0916836,6.24,0.2989508705366563,292580203.5968594,0.06236206055345314,-0.21328995019630528,0.21328995019630528,0.2923816171181862
Correa2015a_article_formula_project_bt,978689920.0916836,6.26,0.2977295373710372,291384897.1385943,0.06236206055345314,-0.21328995019630528,0.21328995019630528,0.2923816171181862
Correa2015a_article_formula_project_bt,978689920.0916836,6.28,0.2965130535062611,290194336.6421838,0.06236206055345314,-0.21328995019630528,0.21328995019630528,0.2923816171181862
Correa2015a_article_formula_project_bt,978689920.0916836,6.3,0.29530140104466335,289008504.5913638,0.06236206055345314,-0.21328995019630528,0.21328995019630528,0.2923816171181862
Correa2015a_article_formula_project_bt,978689920.0916836,6.32,0.29409456213919494,287827383.5194074,0.06236206055345314,-0.21328995019630528,0.21328995019630528,0.2923816171181862
Correa2015a_article_formula_project_bt,978689920.0916836,6.34,0.29289251899349616,286650956.0091967,0.06236206055345314,-0.21328995019630528,0.21328995019630528,0.2923816171181862
Correa2015a_article_formula_project_bt,978689920.0916836,6.36,0.2916952538619632,285479204.69328815,0.06236206055345314,-0.21328995019630528,0.21328995019630528,0.2923816171181862
Correa2015a_article_formula_project_bt,978689920.0916836,6.38,0.2905027490498131,284312112.253976,0.06236206055345314,-0.21328995019630528,0.21328995019630528,0.2923816171181862
Correa2015a_article_formula_project_bt,978689920.0916836,6.4,0.28931498691314234,283149661.42334974,0.06236206055345314,-0.21328995019630528,0.21328995019630528,0.2923816171181862
Correa2015a_article_formula_project_bt,978689920.0916836,6.42,0.28813194985898405,281991834.9833501,0.06236206055345314,-0.21328995019630528,0.21328995019630528,0.2923816171181862
Correa2015a_article_formula_project_bt,978689920.0916836,6.44,0.2869536203453589,280838615.7658186,0.06236206055345314,-0.21328995019630528,0.21328995019630528,0.2923816171181862
Correa2015a_article_formula_project_bt,978689920.0916836,6.46,0.2857799808813238,279689986.65254563,0.06236206055345314,-0.21328995019630528,0.21328995019630528,0.2923816171181862
Correa2015a_article_formula_project_bt,978689920.0916836,6.48,0.2846110140270161,278545930.57531345,0.06236206055345314,-0.21328995019630528,0.21328995019630528,0.2923816171181862
Correa2015a_article_formula_project_bt,978689920.0916836,6.5,0.2834467023936943,277406430.5159359,0.06236206055345314,-0.21328995019630528,0.21328995019630528,0.2923816171181862
Correa2015a_article_formula_project_bt,978689920.0916836,6.5200000000000005,0.28228702864377514,276271469.5062951,0.06236206055345314,-0.21328995019630528,0.21328995019630528,0.2923816171181862
Correa2015a_article_formula_project_bt,978689920.0916836,6.54,0.28113197549086716,275141030.6283739,0.06236206055345314,-0.21328995019630528,0.21328995019630528,0.2923816171181862
Correa2015a_article_formula_project_bt,978689920.0916836,6.5600000000000005,0.2799815256998009,274015097.0142858,0.06236206055345314,-0.21328995019630528,0.21328995019630528,0.2923816171181862
Correa2015a_article_formula_project_bt,978689920.0916836,6.58,0.27883566208665556,272893651.8463006,0.06236206055345314,-0.21328995019630528,0.21328995019630528,0.2923816171181862
Correa2015a_article_formula_project_bt,978689920.0916836,6.6000000000000005,0.2776943675187822,271776678.35686755,0.06236206055345314,-0.21328995019630528,0.21328995019630528,0.2923816171181862
Correa2015a_article_formula_project_bt,978689920.0916836,6.62,0.27655762491482416,270664159.8286351,0.06236206055345314,-0.21328995019630528,0.21328995019630528,0.2923816171181862
Correa2015a_article_formula_project_bt,978689920.0916836,6.640000000000001,0.2754254172447336,269556079.5944669,0.06236206055345314,-0.21328995019630528,0.21328995019630528,0.2923816171181862
Correa2015a_article_formula_project_bt,978689920.0916836,6.66,0.2742977275297856,268452421.0374563,0.06236206055345314,-0.21328995019630528,0.21328995019630528,0.2923816171181862
Correa2015a_article_formula_project_bt,978689920.0916836,6.68,0.2731745388425884,267353167.59093538,0.06236206055345314,-0.21328995019630528,0.21328995019630528,0.2923816171181862
Correa2015a_article_formula_project_bt,978689920.0916836,6.7,0.2720558343070916,266258302.73848382,0.06236206055345314,-0.21328995019630528,0.21328995019630528,0.2923816171181862
Correa2015a_article_formula_project_bt,978689920.0916836,6.72,0.2709415970985902,265167810.0139324,0.06236206055345314,-0.21328995019630528,0.21328995019630528,0.2923816171181862
Correa2015a_article_formula_project_bt,978689920.0916836,6.74,0.2698318104437269,264081673.0013654,0.06236206055345314,-0.21328995019630528,0.21328995019630528,0.2923816171181862
Correa2015a_article_formula_project_bt,978689920.0916836,6.76,0.26872645762049086,262999875.3351194,0.06236206055345314,-0.21328995019630528,0.21328995019630528,0.2923816171181862
Correa2015a_article_formula_project_bt,978689920.0916836,6.78,0.2676255219582134,261922400.69977897,0.06236206055345314,-0.21328995019630528,0.21328995019630528,0.2923816171181862
Correa2015a_article_formula_project_bt,978689920.0916836,6.8,0.2665289868375622,260849232.83017117,0.06236206055345314,-0.21328995019630528,0.21328995019630528,0.2923816171181862
Correa2015a_article_formula_project_bt,978689920.0916836,6.82,0.2654368356905312,259780355.51135537,0.06236206055345314,-0.21328995019630528,0.21328995019630528,0.2923816171181862
Correa2015a_article_formula_project_bt,978689920.0916836,6.84,0.26434905200042935,258715752.57861254,0.06236206055345314,-0.21328995019630528,0.21328995019630528,0.2923816171181862
Correa2015a_article_formula_project_bt,978689920.0916836,6.86,0.26326561930186543,257655407.91743028,0.06236206055345314,-0.21328995019630528,0.21328995019630528,0.2923816171181862
Correa2015a_article_formula_project_bt,978689920.0916836,6.88,0.26218652118073144,256599305.46348655,0.06236206055345314,-0.21328995019630528,0.21328995019630528,0.2923816171181862
Correa2015a_article_formula_project_bt,978689920.0916836,6.9,0.2611117412741831,255547429.2026306,0.06236206055345314,-0.21328995019630528,0.21328995019630528,0.2923816171181862
Correa2015a_article_formula_project_bt,978689920.0916836,6.92,0.2600412632706175,254499763.1708611,0.06236206055345314,-0.21328995019630528,0.21328995019630528,0.2923816171181862
Correa2015a_article_formula_project_bt,978689920.0916836,6.94,0.258975070909649,253456291.4543025,0.06236206055345314,-0.21328995019630528,0.21328995019630528,0.2923816171181862
Correa2015a_article_formula_project_bt,978689920.0916836,6.96,0.25791314798208276,252416998.18917915,0.06236206055345314,-0.21328995019630528,0.21328995019630528,0.2923816171181862
Correa2015a_article_formula_project_bt,978689920.0916836,6.98,0.2568554783298851,251381867.5617864,0.06236206055345314,-0.21328995019630528,0.21328995019630528,0.2923816171181862
Correa2015a_article_formula_project_bt,978689920.0916836,7.0,0.2558020458461531,250350883.8084608,0.06236206055345314,-0.21328995019630528,0.21328995019630528,0.2923816171181862
Correa2015a_article_formula_project_bt,978689920.0916836,7.0200000000000005,0.2547528344750806,249324031.21554655,0.06236206055345314,-0.21328995019630528,0.21328995019630528,0.2923816171181862
Correa2015a_article_formula_project_bt,978689920.0916836,7.04,0.2537078282119227,248301294.11936125,0.06236206055345314,-0.21328995019630528,0.21328995019630528,0.2923816171181862
Correa2015a_article_formula_project_bt,978689920.0916836,7.0600000000000005,0.2526670111029582,247282656.9061587,0.06236206055345314,-0.21328995019630528,0.21328995019630528,0.2923816171181862
Correa2015a_article_formula_project_bt,978689920.0916836,7.08,0.2516303672454499,246268104.01209038,0.06236206055345314,-0.21328995019630528,0.21328995019630528,0.2923816171181862
Correa2015a_article_formula_project_bt,978689920.0916836,7.1000000000000005,0.2505978807876023,245257619.92316377,0.06236206055345314,-0.21328995019630528,0.21328995019630528,0.2923816171181862
Correa2015a_article_formula_project_bt,978689920.0916836,7.12,0.24956953592851877,244251189.1752006,0.06236206055345314,-0.21328995019630528,0.21328995019630528,0.2923816171181862
Correa2015a_article_formula_project_bt,978689920.0916836,7.140000000000001,0.2485453169181546,243248796.3537909,0.06236206055345314,-0.21328995019630528,0.21328995019630528,0.2923816171181862
Correa2015a_article_formula_project_bt,978689920.0916836,7.16,0.2475252080572704,242250426.09424734,0.06236206055345314,-0.21328995019630528,0.21328995019630528,0.2923816171181862
Correa2015a_article_formula_project_bt,978689920.0916836,7.18,0.24650919369738186,241256063.08155602,0.06236206055345314,-0.21328995019630528,0.21328995019630528,0.2923816171181862
Correa2015a_article_formula_project_bt,978689920.0916836,7.2,0.24549725824070895,240265692.05032685,0.06236206055345314,-0.21328995019630528,0.21328995019630528,0.2923816171181862
Correa2015a_article_formula_project_bt,978689920.0916836,7.22,0.24448938614012225,239279297.784741,0.06236206055345314,-0.21328995019630528,0.21328995019630528,0.2923816171181862
Correa2015a_article_formula_project_bt,978689920.0916836,7.24,0.24348556189908852,238296865.11849764,0.06236206055345314,-0.21328995019630528,0.21328995019630528,0.2923816171181862
Correa2015a_article_formula_project_bt,978689920.0916836,7.26,0.24248577007161387,237318378.93475816,0.06236206055345314,-0.21328995019630528,0.21328995019630528,0.2923816171181862
Correa2015a_article_formula_project_bt,978689920.0916836,7.28,0.24148999526218515,236343824.16608903,0.06236206055345314,-0.21328995019630528,0.21328995019630528,0.2923816171181862
Correa2015a_article_formula_project_bt,978689920.0916836,7.3,0.24049822212571065,235373185.79440373,0.06236206055345314,-0.21328995019630528,0.21328995019630528,0.2923816171181862
Correa2015a_article_formula_project_bt,978689920.0916836,7.32,0.23951043536745772,234406448.85090154,0.06236206055345314,-0.21328995019630528,0.21328995019630528,0.2923816171181862
Correa2015a_article_formula_project_bt,978689920.0916836,7.34,0.23852661974299036,233443598.41600665,0.06236206055345314,-0.21328995019630528,0.21328995019630528,0.2923816171181862
Correa2015a_article_formula_project_bt,978689920.0916836,7.36,0.23754676005810382,232484619.61930397,0.06236206055345314,-0.21328995019630528,0.21328995019630528,0.2923816171181862
Correa2015a_article_formula_project_bt,978689920.0916836,7.38,0.236570841168759,231529497.63947514,0.06236206055345314,-0.21328995019630528,0.21328995019630528,0.2923816171181862
Correa2015a_article_formula_project_bt,978689920.0916836,7.4,0.23559884798101427,230578217.70423156,0.06236206055345314,-0.21328995019630528,0.21328995019630528,0.2923816171181862
Correa2015a_article_formula_project_bt,978689920.0916836,7.42,0.23463076545095626,229630765.09024695,0.06236206055345314,-0.21328995019630528,0.21328995019630528,0.2923816171181862
Correa2015a_article_formula_project_bt,978689920.0916836,7.44,0.2336665785846297,228687125.12308836,0.06236206055345314,-0.21328995019630528,0.21328995019630528,0.2923816171181862
Correa2015a_article_formula_project_bt,978689920.0916836,7.46,0.23270627243796485,227747283.1771454,0.06236206055345314,-0.21328995019630528,0.21328995019630528,0.2923816171181862
Correa2015a_article_formula_project_bt,978689920.0916836,7.48,0.23174983211670463,226811224.67555875,0.06236206055345314,-0.21328995019630528,0.21328995019630528,0.2923816171181862
Correa2015a_article_formula_project_bt,978689920.0916836,7.5,0.23079724277632963,225878935.09014696,0.06236206055345314,-0.21328995019630528,0.21328995019630528,0.2923816171181862
Correa2015a_article_formula_project_bt,978689920.0916836,7.5200000000000005,0.22984848962198212,224950399.94133186,0.06236206055345314,-0.21328995019630528,0.21328995019630528,0.2923816171181862
Correa2015a_article_formula_project_bt,978689920.0916836,7.54,0.22890355790838876,224025604.79806307,0.06236206055345314,-0.21328995019630528,0.21328995019630528,0.2923816171181862
Correa2015a_article_formula_project_bt,978689920.0916836,7.5600000000000005,0.22796243293978222,223104535.27774125,0.06236206055345314,-0.21328995019630528,0.21328995019630528,0.2923816171181862
Correa2015a_article_formula_project_bt,978689920.0916836,7.58,0.2270251000698214,222187177.04614,0.06236206055345314,-0.21328995019630528,0.21328995019630528,0.2923816171181862
Correa2015a_article_formula_project_bt,978689920.0916836,7.6000000000000005,0.22609154470151005,221273515.8173262,0.06236206055345314,-0.21328995019630528,0.21328995019630528,0.2923816171181862
Correa2015a_article_formula_project_bt,978689920.0916836,7.62,0.22516175228711538,220363537.35358042,0.06236206055345314,-0.21328995019630528,0.21328995019630528,0.2923816171181862
Correa2015a_article_formula_project_bt,978689920.0916836,7.640000000000001,0.22423570832808393,219457227.46531454,0.06236206055345314,-0.21328995019630528,0.21328995019630528,0.2923816171181862
Correa2015a_article_formula_project_bt,978689920.0916836,7.66,0.22331339837495803,218554572.01099,0.06236206055345314,-0.21328995019630528,0.21328995019630528,0.2923816171181862
Correa2015a_article_formula_project_bt,978689920.0916836,7.68,0.22239480802728956,217655556.89703333,0.06236206055345314,-0.21328995019630528,0.21328995019630528,0.2923816171181862
Correa2015a_article_formula_project_bt,978689920.0916836,7.7,0.2214799229335539,216760168.0777521,0.06236206055345314,-0.21328995019630528,0.21328995019630528,0.2923816171181862
Correa2015a_article_formula_project_bt,978689920.0916836,7.72,0.2205687287910623,215868391.555249,0.06236206055345314,-0.21328995019630528,0.21328995019630528,0.2923816171181862
Correa2015a_article_formula_project_bt,978689920.0916836,7.74,0.2196612113458727,214980213.37933457,0.06236206055345314,-0.21328995019630528,0.21328995019630528,0.2923816171181862
Correa2015a_article_formula_project_bt,978689920.0916836,7.76,0.21875735639270097,214095619.64744046,0.06236206055345314,-0.21328995019630528,0.21328995019630528,0.2923816171181862
Correa2015a_article_formula_project_bt,978689920.0916836,7.78,0.2178571497748295,213214596.50452983,0.06236206055345314,-0.21328995019630528,0.21328995019630528,0.2923816171181862
Correa2015a_article_formula_project_bt,978689920.0916836,7.8,0.21696057738401633,212337130.1430085,0.06236206055345314,-0.21328995019630528,0.21328995019630528,0.2923816171181862
Correa2015a_article_formula_project_bt,978689920.0916836,7.82,0.21606762516040198,211463206.80263367,0.06236206055345314,-0.21328995019630528,0.21328995019630528,0.2923816171181862
Correa2015a_article_formula_project_bt,978689920.0916836,7.84,0.21517827909241685,210592812.77042344,0.06236206055345314,-0.21328995019630528,0.21328995019630528,0.2923816171181862
Correa2015a_article_formula_project_bt,978689920.0916836,7.86,0.21429252521668612,209725934.38056365,0.06236206055345314,-0.21328995019630528,0.21328995019630528,0.2923816171181862
Correa2015a_article_formula_project_bt,978689920.0916836,7.88,0.21341034961793529,208862558.01431534,0.06236206055345314,-0.21328995019630528,0.21328995019630528,0.2923816171181862
Correa2015a_article_formula_project_bt,978689920.0916836,7.9,0.21253173842889375,208002670.09992063,0.06236206055345314,-0.21328995019630528,0.21328995019630528,0.2923816171181862
Correa2015a_article_formula_project_bt,978689920.0916836,7.92,0.21165667783019815,207146257.11250785,0.06236206055345314,-0.21328995019630528,0.21328995019630528,0.2923816171181862
Correa2015a_article_formula_project_bt,978689920.0916836,7.94,0.21078515405029474,206293305.5739962,0.06236206055345314,-0.21328995019630528,0.21328995019630528,0.2923816171181862
Correa2015a_article_formula_project_bt,978689920.0916836,7.96,0.20991715336534092,205443802.0529992,0.06236206055345314,-0.21328995019630528,0.21328995019630528,0.2923816171181862
Correa2015a_article_formula_project_bt,978689920.0916836,7.98,0.20905266209910625,204597733.16472805,0.06236206055345314,-0.21328995019630528,0.21328995019630528,0.2923816171181862
Correa2015a_article_formula_project_bt,978689920.0916836,8.0,0.2081916666228723,203755085.57089335,0.06236206055345314,-0.21328995019630528,0.21328995019630528,0.2923816171181862
Correa2015a_article_formula_project_bt,2930219783.2678013,0.0,1.0,2930219783.2678013,0.0722200859264304,-0.247006246966743,0.247006246966743,0.2923816171181862
Correa2015a_article_formula_project_bt,2930219783.2678013,0.02,0.99649617527577,2919952806.7437596,0.0722200859264304,-0.247006246966743,0.247006246966743,0.2923816171181862
Correa2015a_article_formula_project_bt,2930219783.2678013,0.04,0.9929770503791975,2909640997.3520327,0.0722200859264304,-0.247006246966743,0.247006246966743,0.2923816171181862
Correa2015a_article_formula_project_bt,2930219783.2678013,0.06,0.9894439213531505,2899288152.783072,0.0722200859264304,-0.247006246966743,0.247006246966743,0.2923816171181862
Correa2015a_article_formula_project_bt,2930219783.2678013,0.08,0.9858980110943151,2888897856.39294,0.0722200859264304,-0.247006246966743,0.247006246966743,0.2923816171181862
Correa2015a_article_formula_project_bt,2930219783.2678013,0.1,0.9823404745208585,2878473492.345699,0.0722200859264304,-0.247006246966743,0.247006246966743,0.2923816171181862
Correa2015a_article_formula_project_bt,2930219783.2678013,0.12,0.9787724032878865,2868018259.4307356,0.0722200859264304,-0.247006246966743,0.247006246966743,0.2923816171181862
Correa2015a_article_formula_project_bt,2930219783.2678013,0.14,0.9751948300977008,2857535183.692765,0.0722200859264304,-0.247006246966743,0.247006246966743,0.2923816171181862
Correa2015a_article_formula_project_bt,2930219783.2678013,0.16,0.9716087326462386,2847027129.9957643,0.0722200859264304,-0.247006246966743,0.247006246966743,0.2923816171181862
Correa2015a_article_formula_project_bt,2930219783.2678013,0.18,0.9680150372422024,2836496812.627819,0.0722200859264304,-0.247006246966743,0.247006246966743,0.2923816171181862
Correa2015a_article_formula_project_bt,2930219783.2678013,0.2,0.9644146221311646,2825946805.0414796,0.0722200859264304,-0.247006246966743,0.247006246966743,0.2923816171181862
Correa2015a_article_formula_project_bt,2930219783.2678013,0.22,0.960808320553267,2815379548.813494,0.0722200859264304,-0.247006246966743,0.247006246966743,0.2923816171181862
Correa2015a_article_formula_project_bt,2930219783.2678013,0.24,0.9571969235599219,2804797361.8983607,0.0722200859264304,-0.247006246966743,0.247006246966743,0.2923816171181862
Correa2015a_article_formula_project_bt,2930219783.2678013,0.26,0.9535811826121324,2794202446.2419763,0.0722200859264304,-0.247006246966743,0.247006246966743,0.2923816171181862
Correa2015a_article_formula_project_bt,2930219783.2678013,0.28,0.9499618119805984,2783596894.814477,0.0722200859264304,-0.247006246966743,0.247006246966743,0.2923816171181862
Correa2015a_article_formula_project_bt,2930219783.2678013,0.3,0.9463394909656228,2772982698.1150484,0.0722200859264304,-0.247006246966743,0.247006246966743,0.2923816171181862
Correa2015a_article_formula_project_bt,2930219783.2678013,0.32,0.9427148659529415,2762361750.1959624,0.0722200859264304,-0.247006246966743,0.247006246966743,0.2923816171181862
Correa2015a_article_formula_project_bt,2930219783.2678013,0.34,0.9390885523199372,2751735854.2481995,0.0722200859264304,-0.247006246966743,0.247006246966743,0.2923816171181862
Correa2015a_article_formula_project_bt,2930219783.2678013,0.36,0.9354611362052188,2741106727.7867074,0.0722200859264304,-0.247006246966743,0.247006246966743,0.2923816171181862
Correa2015a_article_formula_project_bt,2930219783.2678013,0.38,0.9318331761532498,2730476007.4695225,0.0722200859264304,-0.247006246966743,0.247006246966743,0.2923816171181862
Correa2015a_article_formula_project_bt,2930219783.2678013,0.4,0.9282052046445558,2719845253.5816154,0.0722200859264304,-0.247006246966743,0.247006246966743,0.2923816171181862
Correa2015a_article_formula_project_bt,2930219783.2678013,0.42,0.9245777295210071,2709215954.2112813,0.0722200859264304,-0.247006246966743,0.247006246966743,0.2923816171181862
Correa2015a_article_formula_project_bt,2930219783.2678013,0.44,0.9209512353147701,2698589529.1442595,0.0722200859264304,-0.247006246966743,0.247006246966743,0.2923816171181862
Correa2015a_article_formula_project_bt,2930219783.2678013,0.46,0.9173261844886966,2687967333.4983478,0.0722200859264304,-0.247006246966743,0.247006246966743,0.2923816171181862
Correa2015a_article_formula_project_bt,2930219783.2678013,0.48,0.9137030185952077,2677350661.1191854,0.0722200859264304,-0.247006246966743,0.247006246966743,0.2923816171181862
Correa2015a_article_formula_project_bt,2930219783.2678013,0.5,0.910082159360062,2666740747.7559333,0.0722200859264304,-0.247006246966743,0.247006246966743,0.2923816171181862
Correa2015a_article_formula_project_bt,2930219783.2678013,0.52,0.9064640096968325,2656138774.0339146,0.0722200859264304,-0.247006246966743,0.247006246966743,0.2923816171181862
Correa2015a_article_formula_project_bt,2930219783.2678013,0.54,0.9028489546573834,2645545868.239719,0.0722200859264304,-0.247006246966743,0.247006246966743,0.2923816171181862
Correa2015a_article_formula_project_bt,2930219783.2678013,0.56,0.8992373623231729,2634963108.932917,0.0722200859264304,-0.247006246966743,0.247006246966743,0.2923816171181862
Correa2015a_article_formula_project_bt,2930219783.2678013,0.58,0.8956295846417918,2624391527.397302,0.0722200859264304,-0.247006246966743,0.247006246966743,0.2923816171181862
Correa2015a_article_formula_project_bt,2930219783.2678013,0.6,0.8920259582127525,2613832109.9434247,0.0722200859264304,-0.247006246966743,0.247006246966743,0.2923816171181862
Correa2015a_article_formula_project_bt,2930219783.2678013,0.62,0.8884268050262221,2603285800.0732417,0.0722200859264304,-0.247006246966743,0.247006246966743,0.2923816171181862
Correa2015a_article_formula_project_bt,2930219783.2678013,0.64,0.8848324331580592,2592753500.5167294,0.0722200859264304,-0.247006246966743,0.247006246966743,0.2923816171181862
Correa2015a_article_formula_project_bt,2930219783.2678013,0.66,0.8812431374242558,2582236075.14954,0.0722200859264304,-0.247006246966743,0.247006246966743,0.2923816171181862
Correa2015a_article_formula_project_bt,2930219783.2678013,0.68,0.8776591999976154,2571734350.8000045,0.0722200859264304,-0.247006246966743,0.247006246966743,0.2923816171181862
Correa2015a_article_formula_project_bt,2930219783.2678013,0.7000000000000001,0.8740808909892789,2561249118.953131,0.0722200859264304,-0.247006246966743,0.247006246966743,0.2923816171181862
Correa2015a_article_formula_project_bt,2930219783.2678013,0.72,0.8705084689974929,2550781137.358619,0.0722200859264304,-0.247006246966743,0.247006246966743,0.2923816171181862
Correa2015a_article_formula_project_bt,2930219783.2678013,0.74,0.8669421816258339,2540331131.549366,0.0722200859264304,-0.247006246966743,0.247006246966743,0.2923816171181862
Correa2015a_article_formula_project_bt,2930219783.2678013,0.76,0.8633822659729186,2529899796.2764287,0.0722200859264304,-0.247006246966743,0.247006246966743,0.2923816171181862
Correa2015a_article_formula_project_bt,2930219783.2678013,0.78,0.859828949095483,2519487796.8659477,0.0722200859264304,-0.247006246966743,0.247006246966743,0.2923816171181862
Correa2015a_article_formula_project_bt,2930219783.2678013,0.8,0.856282448446561,2509095770.503104,0.0722200859264304,-0.247006246966743,0.247006246966743,0.2923816171181862
Correa2015a_article_formula_project_bt,2930219783.2678013,0.8200000000000001,0.8527429722903679,2498724327.4478226,0.0722200859264304,-0.247006246966743,0.247006246966743,0.2923816171181862
Correa2015a_article_formula_project_bt,2930219783.2678013,0.84,0.8492107200953707,2488374052.1865506,0.0722200859264304,-0.247006246966743,0.247006246966743,0.2923816171181862
Correa2015a_article_formula_project_bt,2930219783.2678013,0.86,0.8456858829069197,2478045504.524153,0.0722200859264304,-0.247006246966743,0.247006246966743,0.2923816171181862
Correa2015a_article_formula_project_bt,2930219783.2678013,0.88,0.8421686437007134,2467739220.6196427,0.0722200859264304,-0.247006246966743,0.247006246966743,0.2923816171181862
Correa2015a_article_formula_project_bt,2930219783.2678013,0.9,0.8386591777182765,2457455713.9692006,0.0722200859264304,-0.247006246966743,0.247006246966743,0.2923816171181862
Correa2015a_article_formula_project_bt,2930219783.2678013,0.92,0.8351576527855501,2447195476.3397202,0.0722200859264304,-0.247006246966743,0.247006246966743,0.2923816171181862
Correa2015a_article_formula_project_bt,2930219783.2678013,0.9400000000000001,0.8316642296156099,2436958978.6558356,0.0722200859264304,-0.247006246966743,0.247006246966743,0.2923816171181862
Correa2015a_article_formula_project_bt,2930219783.2678013,0.96,0.8281790620964589,2426746671.8432164,0.0722200859264304,-0.247006246966743,0.247006246966743,0.2923816171181862
Correa2015a_article_formula_project_bt,2930219783.2678013,0.98,0.824702297564778,2416558987.6307216,0.0722200859264304,-0.247006246966743,0.247006246966743,0.2923816171181862
Correa2015a_article_formula_project_bt,2930219783.2678013,1.0,0.8212340770664557,2406396339.3138027,0.0722200859264304,-0.247006246966743,0.247006246966743,0.2923816171181862
Correa2015a_article_formula_project_bt,2930219783.2678013,1.02,0.8177745356046575,2396259122.481406,0.0722200859264304,-0.247006246966743,0.247006246966743,0.2923816171181862
Correa2015a_article_formula_project_bt,2930219783.2678013,1.04,0.8143238023761524,2386147715.7084613,0.0722200859264304,-0.247006246966743,0.247006246966743,0.2923816171181862
Correa2015a_article_formula_project_bt,2930219783.2678013,1.06,0.8108820009965615,2376062481.2159057,0.0722200859264304,-0.247006246966743,0.247006246966743,0.2923816171181862
Correa2015a_article_formula_project_bt,2930219783.2678013,1.08,0.8074492497151493,2366003765.5000734,0.0722200859264304,-0.247006246966743,0.247006246966743,0.2923816171181862
Correa2015a_article_formula_project_bt,2930219783.2678013,1.1,0.8040256616197397,2355971899.933144,0.0722200859264304,-0.247006246966743,0.247006246966743,0.2923816171181862
Correa2015a_article_formula_project_bt,2930219783.2678013,1.12,0.8006113448323002,2345967201.3362455,0.0722200859264304,-0.247006246966743,0.247006246966743,0.2923816171181862
Correa2015a_article_formula_project_bt,2930219783.2678013,1.1400000000000001,0.7972064026957043,2335989972.52671,0.0722200859264304,-0.247006246966743,0.247006246966743,0.2923816171181862
Correa2015a_article_formula_project_bt,2930219783.2678013,1.16,0.7938109339521445,2326040502.8408637,0.0722200859264304,-0.247006246966743,0.247006246966743,0.2923816171181862
Correa2015a_article_formula_project_bt,2930219783.2678013,1.18,0.7904250329136479,2316119068.6336737,0.0722200859264304,-0.247006246966743,0.247006246966743,0.2923816171181862
Correa2015a_article_formula_project_bt,2930219783.2678013,1.2,0.787048789625108,2306225933.7564692,0.0722200859264304,-0.247006246966743,0.247006246966743,0.2923816171181862
Correa2015a_article_formula_project_bt,2930219783.2678013,1.22,0.7836822900202299,2296361350.013892,0.0722200859264304,-0.247006246966743,0.247006246966743,0.2923816171181862
Correa2015a_article_formula_project_bt,2930219783.2678013,1.24,0.7803256160707521,2286525557.601153,0.0722200859264304,-0.247006246966743,0.247006246966743,0.2923816171181862
Correa2015a_article_formula_project_bt,2930219783.2678013,1.26,0.7769788459292981,2276718785.5226145,0.0722200859264304,-0.247006246966743,0.247006246966743,0.2923816171181862
Correa2015a_article_formula_project_bt,2930219783.2678013,1.28,0.7736420540661773,2266941251.9926505,0.0722200859264304,-0.247006246966743,0.247006246966743,0.2923816171181862
Correa2015a_article_formula_project_bt,2930219783.2678013,1.3,0.7703153114004435,2257193164.8196764,0.0722200859264304,-0.247006246966743,0.247006246966743,0.2923816171181862
Correa2015a_article_formula_project_bt,2930219783.2678013,1.32,0.7669986854255031,2247474721.774206,0.0722200859264304,-0.247006246966743,0.247006246966743,0.2923816171181862
Correa2015a_article_formula_project_bt,2930219783.2678013,1.34,0.7636922403295346,2237786110.9417105,0.0722200859264304,-0.247006246966743,0.247006246966743,0.2923816171181862
Correa2015a_article_formula_project_bt,2930219783.2678013,1.36,0.7603960371109866,2228127511.06105,0.0722200859264304,-0.247006246966743,0.247006246966743,0.2923816171181862
Correa2015a_article_formula_project_bt,2930219783.2678013,1.3800000000000001,0.7571101336893857,2218499091.849168,0.0722200859264304,-0.247006246966743,0.247006246966743,0.2923816171181862
Correa2015a_article_formula_project_bt,2930219783.2678013,1.4000000000000001,0.7538345850116855,2208901014.312714,0.0722200859264304,-0.247006246966743,0.247006246966743,0.2923816171181862
Correa2015a_article_formula_project_bt,2930219783.2678013,1.42,0.7505694431543725,2199333431.04724,0.0722200859264304,-0.247006246966743,0.247006246966743,0.2923816171181862
Correa2015a_article_formula_project_bt,2930219783.2678013,1.44,0.747314757421526,2189796486.5245333,0.0722200859264304,-0.247006246966743,0.247006246966743,0.2923816171181862
Correa2015a_article_formula_project_bt,2930219783.2678013,1.46,0.7440705744390286,2180290317.3686786,0.0722200859264304,-0.247006246966743,0.247006246966743,0.2923816171181862
Correa2015a_article_formula_project_bt,2930219783.2678013,1.48,0.7408369382451039,2170815052.62135,0.0722200859264304,-0.247006246966743,0.247006246966743,0.2923816171181862
Correa2015a_article_formula_project_bt,2930219783.2678013,1.5,0.7376138903773535,2161370813.9968486,0.0722200859264304,-0.247006246966743,0.247006246966743,0.2923816171181862
Correa2015a_article_formula_project_bt,2930219783.2678013,1.52,0.7344014699564546,2151957716.127357,0.0722200859264304,-0.247006246966743,0.247006246966743,0.2923816171181862
Correa2015a_article_formula_project_bt,2930219783.2678013,1.54,0.7311997137666706,2142575866.7988517,0.0722200859264304,-0.247006246966743,0.247006246966743,0.2923816171181862
Correa2015a_article_formula_project_bt,2930219783.2678013,1.56,0.7280086563333195,2133225367.1781025,0.0722200859264304,-0.247006246966743,0.247006246966743,0.2923816171181862
Correa2015a_article_formula_project_bt,2930219783.2678013,1.58,0.7248283299973355,2123906312.0311546,0.0722200859264304,-0.247006246966743,0.247006246966743,0.2923816171181862
Correa2015a_article_formula_project_bt,2930219783.2678013,1.6,0.7216587649870574,2114618789.9336843,0.0722200859264304,-0.247006246966743,0.247006246966743,0.2923816171181862
Correa2015a_article_formula_project_bt,2930219783.2678013,1.62,0.7184999894873615,2105362883.473574,0.0722200859264304,-0.247006246966743,0.247006246966743,0.2923816171181862
Correa2015a_article_formula_project_bt,2930219783.2678013,1.6400000000000001,0.7153520297062591,2096138669.4460564,0.0722200859264304,-0.247006246966743,0.247006246966743,0.2923816171181862
Correa2015a_article_formula_project_bt,2930219783.2678013,1.6600000000000001,0.7122149099390681,2086946219.0417528,0.0722200859264304,-0.247006246966743,0.247006246966743,0.2923816171181862
Correa2015a_article_formula_project_bt,2930219783.2678013,1.68,0.7090886526302647,2077785598.0279114,0.0722200859264304,-0.247006246966743,0.247006246966743,0.2923816171181862
Correa2015a_article_formula_project_bt,2930219783.2678013,1.7,0.7059732784331109,2068656866.9231293,0.0722200859264304,-0.247006246966743,0.247006246966743,0.2923816171181862
Correa2015a_article_formula_project_bt,2930219783.2678013,1.72,0.70286880626716,2059560081.1658556,0.0722200859264304,-0.247006246966743,0.247006246966743,0.2923816171181862
Correa2015a_article_formula_project_bt,2930219783.2678013,1.74,0.6997752533737215,2050495291.276917,0.0722200859264304,-0.247006246966743,0.247006246966743,0.2923816171181862
Correa2015a_article_formula_project_bt,2930219783.2678013,1.76,0.6966926353693766,2041462543.016328,0.0722200859264304,-0.247006246966743,0.247006246966743,0.2923816171181862
Correa2015a_article_formula_project_bt,2930219783.2678013,1.78,0.6936209662976246,2032461877.5346284,0.0722200859264304,-0.247006246966743,0.247006246966743,0.2923816171181862
Correa2015a_article_formula_project_bt,2930219783.2678013,1.8,0.690560258678734,2023493331.518957,0.0722200859264304,-0.247006246966743,0.247006246966743,0.2923816171181862
Correa2015a_article_formula_project_bt,2930219783.2678013,1.82,0.6875105235578797,2014556937.3341029,0.0722200859264304,-0.247006246966743,0.247006246966743,0.2923816171181862
Correa2015a_article_formula_project_bt,2930219783.2678013,1.84,0.6844717705516249,2005652723.1587105,0.0722200859264304,-0.247006246966743,0.247006246966743,0.2923816171181862
Correa2015a_article_formula_project_bt,2930219783.2678013,1.86,0.6814440078928277,1996780713.1168633,0.0722200859264304,-0.247006246966743,0.247006246966743,0.2923816171181862
Correa2015a_article_formula_project_bt,2930219783.2678013,1.8800000000000001,0.6784272424740235,1987940927.4052052,0.0722200859264304,-0.247006246966743,0.247006246966743,0.2923816171181862
Correa2015a_article_formula_project_bt,2930219783.2678013,1.9000000000000001,0.6754214798893549,1979133382.415803,0.0722200859264304,-0.247006246966743,0.247006246966743,0.2923816171181862
Correa2015a_article_formula_project_bt,2930219783.2678013,1.92,0.6724267244750957,1970358090.8548923,0.0722200859264304,-0.247006246966743,0.247006246966743,0.2923816171181862
Correa2015a_article_formula_project_bt,2930219783.2678013,1.94,0.6694429793488359,1961615061.857697,0.0722200859264304,-0.247006246966743,0.247006246966743,0.2923816171181862
Correa2015a_article_formula_project_bt,2930219783.2678013,1.96,0.6664702464473696,1952904301.0994496,0.0722200859264304,-0.247006246966743,0.247006246966743,0.2923816171181862
Correa2015a_article_formula_project_bt,2930219783.2678013,1.98,0.6635085265633436,1944225810.9027789,0.0722200859264304,-0.247006246966743,0.247006246966743,0.2923816171181862
Correa2015a_article_formula_project_bt,2930219783.2678013,2.0,0.6605578193807103,1935579590.3415966,0.0722200859264304,-0.247006246966743,0.247006246966743,0.2923816171181862
Correa2015a_article_formula_project_bt,2930219783.2678013,2.02,0.6576181235090323,1926965635.3416147,0.0722200859264304,-0.247006246966743,0.247006246966743,0.2923816171181862
Correa2015a_article_formula_project_bt,2930219783.2678013,2.04,0.6546894365166828,1918383938.7776332,0.0722200859264304,-0.247006246966743,0.247006246966743,0.2923816171181862
Correa2015a_article_formula_project_bt,2930219783.2678013,2.06,0.6517717549629817,1909834490.5677028,0.0722200859264304,-0.247006246966743,0.247006246966743,0.2923816171181862
Correa2015a_article_formula_project_bt,2930219783.2678013,2.08,0.6488650744293092,1901317277.764296,0.0722200859264304,-0.247006246966743,0.247006246966743,0.2923816171181862
Correa2015a_article_formula_project_bt,2930219783.2678013,2.1,0.6459693895492349,1892832284.642593,0.0722200859264304,-0.247006246966743,0.247006246966743,0.2923816171181862
Correa2015a_article_formula_project_bt,2930219783.2678013,2.12,0.643084694037697,1884379492.7859807,0.0722200859264304,-0.247006246966743,0.247006246966743,0.2923816171181862
Correa2015a_article_formula_project_bt,2930219783.2678013,2.14,0.6402109807192687,1875958881.1688821,0.0722200859264304,-0.247006246966743,0.247006246966743,0.2923816171181862
Correa2015a_article_formula_project_bt,2930219783.2678013,2.16,0.637348241555545,1867570426.2370033,0.0722200859264304,-0.247006246966743,0.247006246966743,0.2923816171181862
Correa2015a_article_formula_project_bt,2930219783.2678013,2.18,0.6344964676716791,1859214101.985093,0.0722200859264304,-0.247006246966743,0.247006246966743,0.2923816171181862
Correa2015a_article_formula_project_bt,2930219783.2678013,2.2,0.6316556493821041,1850889880.0323112,0.0722200859264304,-0.247006246966743,0.247006246966743,0.2923816171181862
Correa2015a_article_formula_project_bt,2930219783.2678013,2.22,0.6288257762154644,1842597729.695285,0.0722200859264304,-0.247006246966743,0.247006246966743,0.2923816171181862
Correa2015a_article_formula_project_bt,2930219783.2678013,2.24,0.6260068369387878,1834337618.0589366,0.0722200859264304,-0.247006246966743,0.247006246966743,0.2923816171181862
Correa2015a_article_formula_project_bt,2930219783.2678013,2.2600000000000002,0.6231988195809237,1826109510.0451639,0.0722200859264304,-0.247006246966743,0.247006246966743,0.2923816171181862
Correa2015a_article_formula_project_bt,2930219783.2678013,2.2800000000000002,0.6204017114552755,1817913368.4794502,0.0722200859264304,-0.247006246966743,0.247006246966743,0.2923816171181862
Correa2015a_article_formula_project_bt,2930219783.2678013,2.3000000000000003,0.6176154991818482,1809749154.1554701,0.0722200859264304,-0.247006246966743,0.247006246966743,0.2923816171181862
Correa2015a_article_formula_project_bt,2930219783.2678013,2.32,0.6148401687086399,1801616825.8977692,0.0722200859264304,-0.247006246966743,0.247006246966743,0.2923816171181862
Correa2015a_article_formula_project_bt,2930219783.2678013,2.34,0.6120757053323937,1793516340.6225734,0.0722200859264304,-0.247006246966743,0.247006246966743,0.2923816171181862
Correa2015a_article_formula_project_bt,2930219783.2678013,2.36,0.6093220937187392,1785447653.396807,0.0722200859264304,-0.247006246966743,0.247006246966743,0.2923816171181862
Correa2015a_article_formula_project_bt,2930219783.2678013,2.38,0.6065793179217391,1777410717.4953692,0.0722200859264304,-0.247006246966743,0.247006246966743,0.2923816171181862
Correa2015a_article_formula_project_bt,2930219783.2678013,2.4,0.6038473614028617,1769405484.456727,0.0722200859264304,-0.247006246966743,0.247006246966743,0.2923816171181862
Correa2015a_article_formula_project_bt,2930219783.2678013,2.42,0.6011262070494018,1761431904.1368935,0.0722200859264304,-0.247006246966743,0.247006246966743,0.2923816171181862
Correa2015a_article_formula_project_bt,2930219783.2678013,2.44,0.5984158371923655,1753489924.761833,0.0722200859264304,-0.247006246966743,0.247006246966743,0.2923816171181862
Correa2015a_article_formula_project_bt,2930219783.2678013,2.46,0.5957162336238375,1745579492.978352,0.0722200859264304,-0.247006246966743,0.247006246966743,0.2923816171181862
Correa2015a_article_formula_project_bt,2930219783.2678013,2.48,0.5930273776138499,1737700553.903528,0.0722200859264304,-0.247006246966743,0.247006246966743,0.2923816171181862
Correa2015a_article_formula_project_bt,2930219783.2678013,2.5,0.5903492499267657,1729853051.1727166,0.0722200859264304,-0.247006246966743,0.247006246966743,0.2923816171181862
Correa2015a_article_formula_project_bt,2930219783.2678013,2.52,0.5876818308371952,1722036926.9861906,0.0722200859264304,-0.247006246966743,0.247006246966743,0.2923816171181862
Correa2015a_article_formula_project_bt,2930219783.2678013,2.54,0.5850251001454613,1714252122.1544573,0.0722200859264304,-0.247006246966743,0.247006246966743,0.2923816171181862
Correa2015a_article_formula_project_bt,2930219783.2678013,2.56,0.5823790371926258,1706498576.1422868,0.0722200859264304,-0.247006246966743,0.247006246966743,0.2923816171181862
Correa2015a_article_formula_project_bt,2930219783.2678013,2.58,0.5797436208750922,1698776227.1115031,0.0722200859264304,-0.247006246966743,0.247006246966743,0.2923816171181862
Correa2015a_article_formula_project_bt,2930219783.2678013,2.6,0.5771188296587997,1691085011.9625752,0.0722200859264304,-0.247006246966743,0.247006246966743,0.2923816171181862
Correa2015a_article_formula_project_bt,2930219783.2678013,2.62,0.5745046415930185,1683424866.3750405,0.0722200859264304,-0.247006246966743,0.247006246966743,0.2923816171181862
Correa2015a_article_formula_project_bt,2930219783.2678013,2.64,0.5719010343237634,1675795724.8468094,0.0722200859264304,-0.247006246966743,0.247006246966743,0.2923816171181862
Correa2015a_article_formula_project_bt,2930219783.2678013,2.66,0.5693079851068324,1668197520.7323713,0.0722200859264304,-0.247006246966743,0.247006246966743,0.2923816171181862
Correa2015a_article_formula_project_bt,2930219783.2678013,2.68,0.5667254708204881,1660630186.2799532,0.0722200859264304,-0.247006246966743,0.247006246966743,0.2923816171181862
Correa2015a_article_formula_project_bt,2930219783.2678013,2.7,0.5641534679777869,1653093652.667649,0.0722200859264304,-0.247006246966743,0.247006246966743,0.2923816171181862
Correa2015a_article_formula_project_bt,2930219783.2678013,2.72,0.5615919527385719,1645587850.0385594,0.0722200859264304,-0.247006246966743,0.247006246966743,0.2923816171181862
Correa2015a_article_formula_project_bt,2930219783.2678013,2.74,0.5590409009211376,1638112707.5349722,0.0722200859264304,-0.247006246966743,0.247006246966743,0.2923816171181862
Correa2015a_article_formula_project_bt,2930219783.2678013,2.7600000000000002,0.5565002880135768,1630668153.3316119,0.0722200859264304,-0.247006246966743,0.247006246966743,0.2923816171181862
Correa2015a_article_formula_project_bt,2930219783.2678013,2.7800000000000002,0.5539700891848189,1623254114.6679847,0.0722200859264304,-0.247006246966743,0.247006246966743,0.2923816171181862
Correa2015a_article_formula_project_bt,2930219783.2678013,2.8000000000000003,0.5514502792953713,1615870517.8798513,0.0722200859264304,-0.247006246966743,0.247006246966743,0.2923816171181862
Correa2015a_article_formula_project_bt,2930219783.2678013,2.82,0.5489408329077685,1608517288.4298477,0.0722200859264304,-0.247006246966743,0.247006246966743,0.2923816171181862
Correa2015a_article_formula_project_bt,2930219783.2678013,2.84,0.5464417242967436,1601194350.9372878,0.0722200859264304,-0.247006246966743,0.247006246966743,0.2923816171181862
Correa2015a_article_formula_project_bt,2930219783.2678013,2.86,0.5439529274591256,1593901629.207165,0.0722200859264304,-0.247006246966743,0.247006246966743,0.2923816171181862
Correa2015a_article_formula_project_bt,2930219783.2678013,2.88,0.5414744161234717,1586639046.2583785,0.0722200859264304,-0.247006246966743,0.247006246966743,0.2923816171181862
Correa2015a_article_formula_project_bt,2930219783.2678013,2.9,0.5390061637594454,1579406524.3512113,0.0722200859264304,-0.247006246966743,0.247006246966743,0.2923816171181862
Correa2015a_article_formula_project_bt,2930219783.2678013,2.92,0.5365481435869439,1572203985.014076,0.0722200859264304,-0.247006246966743,0.247006246966743,0.2923816171181862
Correa2015a_article_formula_project_bt,2930219783.2678013,2.94,0.5341003285849851,1565031349.0695565,0.0722200859264304,-0.247006246966743,0.247006246966743,0.2923816171181862
Correa2015a_article_formula_project_bt,2930219783.2678013,2.96,0.5316626915003599,1557888536.6597607,0.0722200859264304,-0.247006246966743,0.247006246966743,0.2923816171181862
Correa2015a_article_formula_project_bt,2930219783.2678013,2.98,0.5292352048560564,1550775467.271004,0.0722200859264304,-0.247006246966743,0.247006246966743,0.2923816171181862
Correa2015a_article_formula_project_bt,2930219783.2678013,3.0,0.5268178409594639,1543692059.7578514,0.0722200859264304,-0.247006246966743,0.247006246966743,0.2923816171181862
Correa2015a_article_formula_project_bt,2930219783.2678013,3.02,0.524410571910362,1536638232.3665247,0.0722200859264304,-0.247006246966743,0.247006246966743,0.2923816171181862
Correa2015a_article_formula_project_bt,2930219783.2678013,3.04,0.522013369608701,1529613902.7577026,0.0722200859264304,-0.247006246966743,0.247006246966743,0.2923816171181862
Correa2015a_article_formula_project_bt,2930219783.2678013,3.06,0.5196262057621802,1522618988.0287256,0.0722200859264304,-0.247006246966743,0.247006246966743,0.2923816171181862
Correa2015a_article_formula_project_bt,2930219783.2678013,3.08,0.5172490518936294,1515653404.7352264,0.0722200859264304,-0.247006246966743,0.247006246966743,0.2923816171181862
Correa2015a_article_formula_project_bt,2930219783.2678013,3.1,0.5148818793481991,1508717068.912198,0.0722200859264304,-0.247006246966743,0.247006246966743,0.2923816171181862
Correa2015a_article_formula_project_bt,2930219783.2678013,3.12,0.5125246593003655,1501809896.0945208,0.0722200859264304,-0.247006246966743,0.247006246966743,0.2923816171181862
Correa2015a_article_formula_project_bt,2930219783.2678013,3.14,0.5101773627607541,1494931801.3369553,0.0722200859264304,-0.247006246966743,0.247006246966743,0.2923816171181862
Correa2015a_article_formula_project_bt,2930219783.2678013,3.16,0.5078399605827888,1488082699.233628,0.0722200859264304,-0.247006246966743,0.247006246966743,0.2923816171181862
Correa2015a_article_formula_project_bt,2930219783.2678013,3.18,0.5055124234691696,1481262503.937011,0.0722200859264304,-0.247006246966743,0.247006246966743,0.2923816171181862
Correa2015a_article_formula_project_bt,2930219783.2678013,3.2,0.5031947219781849,1474471129.1764185,0.0722200859264304,-0.247006246966743,0.247006246966743,0.2923816171181862
Correa2015a_article_formula_project_bt,2930219783.2678013,3.22,0.5008868265298629,1467708488.2760317,0.0722200859264304,-0.247006246966743,0.247006246966743,0.2923816171181862
Correa2015a_article_formula_project_bt,2930219783.2678013,3.24,0.4985887074119653,1460974494.1724622,0.0722200859264304,-0.247006246966743,0.247006246966743,0.2923816171181862
Correa2015a_article_formula_project_bt,2930219783.2678013,3.2600000000000002,0.49630033478582875,1454269059.4318683,0.0722200859264304,-0.247006246966743,0.247006246966743,0.2923816171181862
Correa2015a_article_formula_project_bt,2930219783.2678013,3.2800000000000002,0.4940216786920585,1447592096.266639,0.0722200859264304,-0.247006246966743,0.247006246966743,0.2923816171181862
Correa2015a_article_formula_project_bt,2930219783.2678013,3.3000000000000003,0.4917527090560769,1440943516.5516517,0.0722200859264304,-0.247006246966743,0.247006246966743,0.2923816171181862
Correa2015a_article_formula_project_bt,2930219783.2678013,3.3200000000000003,0.48949339569353206,1434323231.8401215,0.0722200859264304,-0.247006246966743,0.247006246966743,0.2923816171181862
Correa2015a_article_formula_project_bt,2930219783.2678013,3.34,0.4872437083155697,1427731153.3790483,0.0722200859264304,-0.247006246966743,0.247006246966743,0.2923816171181862
Correa2015a_article_formula_project_bt,2930219783.2678013,3.36,0.48500361653397084,1421167192.1242719,0.0722200859264304,-0.247006246966743,0.247006246966743,0.2923816171181862
Correa2015a_article_formula_project_bt,2930219783.2678013,3.38,0.48277308986616274,1414631258.7551541,0.0722200859264304,-0.247006246966743,0.247006246966743,0.2923816171181862
Correa2015a_article_formula_project_bt,2930219783.2678013,3.4,0.48055209774010066,1408123263.688885,0.0722200859264304,-0.247006246966743,0.247006246966743,0.2923816171181862
Correa2015a_article_formula_project_bt,2930219783.2678013,3.42,0.4783406094990292,1401643117.0944333,0.0722200859264304,-0.247006246966743,0.247006246966743,0.2923816171181862
Correa2015a_article_formula_project_bt,2930219783.2678013,3.44,0.4761385944061233,1395190728.9061463,0.0722200859264304,-0.247006246966743,0.247006246966743,0.2923816171181862
Correa2015a_article_formula_project_bt,2930219783.2678013,3.46,0.4739460216490128,1388766008.8370068,0.0722200859264304,-0.247006246966743,0.247006246966743,0.2923816171181862
Correa2015a_article_formula_project_bt,2930219783.2678013,3.48,0.4717628603441944,1382368866.3915634,0.0722200859264304,-0.247006246966743,0.247006246966743,0.2923816171181862
Correa2015a_article_formula_project_bt,2930219783.2678013,3.5,0.4695890795413326,1375999210.87853,0.0722200859264304,-0.247006246966743,0.247006246966743,0.2923816171181862
Correa2015a_article_formula_project_bt,2930219783.2678013,3.52,0.4674246482274537,1369656951.4230776,0.0722200859264304,-0.247006246966743,0.247006246966743,0.2923816171181862
Correa2015a_article_formula_project_bt,2930219783.2678013,3.54,0.46526953533103493,1363341996.9788158,0.0722200859264304,-0.247006246966743,0.247006246966743,0.2923816171181862
Correa2015a_article_formula_project_bt,2930219783.2678013,3.56,0.46312370972599143,1357054256.3394747,0.0722200859264304,-0.247006246966743,0.247006246966743,0.2923816171181862
Correa2015a_article_formula_project_bt,2930219783.2678013,3.58,0.4609871402355646,1350793638.1502995,0.0722200859264304,-0.247006246966743,0.247006246966743,0.2923816171181862
Correa2015a_article_formula_project_bt,2930219783.2678013,3.6,0.4588597956361126,1344560050.9191575,0.0722200859264304,-0.247006246966743,0.247006246966743,0.2923816171181862
Correa2015a_article_formula_project_bt,2930219783.2678013,3.62,0.4567416446608075,1338353403.0273705,0.0722200859264304,-0.247006246966743,0.247006246966743,0.2923816171181862
Correa2015a_article_formula_project_bt,2930219783.2678013,3.64,0.45463265600323993,1332173602.7402785,0.0722200859264304,-0.247006246966743,0.247006246966743,0.2923816171181862
Correa2015a_article_formula_project_bt,2930219783.2678013,3.66,0.4525327983209341,1326020558.2175393,0.0722200859264304,-0.247006246966743,0.247006246966743,0.2923816171181862
Correa2015a_article_formula_project_bt,2930219783.2678013,3.68,0.4504420402387761,1319894177.5231726,0.0722200859264304,-0.247006246966743,0.247006246966743,0.2923816171181862
Correa2015a_article_formula_project_bt,2930219783.2678013,3.7,0.44836035035235594,1313794368.635356,0.0722200859264304,-0.247006246966743,0.247006246966743,0.2923816171181862
Correa2015a_article_formula_project_bt,2930219783.2678013,3.72,0.44628769723122774,1307721039.4559743,0.0722200859264304,-0.247006246966743,0.247006246966743,0.2923816171181862
Correa2015a_article_formula_project_bt,2930219783.2678013,3.74,0.44422404942208815,1301674097.8199363,0.0722200859264304,-0.247006246966743,0.247006246966743,0.2923816171181862
Correa2015a_article_formula_project_bt,2930219783.2678013,3.7600000000000002,0.4421693754518766,1295653451.504257,0.0722200859264304,-0.247006246966743,0.247006246966743,0.2923816171181862
Correa2015a_article_formula_project_bt,2930219783.2678013,3.7800000000000002,0.4401236438307974,1289659008.2369142,0.0722200859264304,-0.247006246966743,0.247006246966743,0.2923816171181862
Correa2015a_article_formula_project_bt,2930219783.2678013,3.8000000000000003,0.4380868230552679,1283690675.7054868,0.0722200859264304,-0.247006246966743,0.247006246966743,0.2923816171181862
Correa2015a_article_formula_project_bt,2930219783.2678013,3.8200000000000003,0.4360588816107934,1277748361.565579,0.0722200859264304,-0.247006246966743,0.247006246966743,0.2923816171181862
Correa2015a_article_formula_project_bt,2930219783.2678013,3.84,0.43403978797476933,1271831973.449031,0.0722200859264304,-0.247006246966743,0.247006246966743,0.2923816171181862
Correa2015a_article_formula_project_bt,2930219783.2678013,3.86,0.4320295106192154,1265941418.9719317,0.0722200859264304,-0.247006246966743,0.247006246966743,0.2923816171181862
Correa2015a_article_formula_project_bt,2930219783.2678013,3.88,0.43002801801344065,1260076605.7424262,0.0722200859264304,-0.247006246966743,0.247006246966743,0.2923816171181862
Correa2015a_article_formula_project_bt,2930219783.2678013,3.9,0.428035278626643,1254237441.3683348,0.0722200859264304,-0.247006246966743,0.247006246966743,0.2923816171181862
Correa2015a_article_formula_project_bt,2930219783.2678013,3.92,0.4260512609304429,1248423833.4645758,0.0722200859264304,-0.247006246966743,0.247006246966743,0.2923816171181862
Correa2015a_article_formula_project_bt,2930219783.2678013,3.94,0.4240759334013554,1242635689.6604102,0.0722200859264304,-0.247006246966743,0.247006246966743,0.2923816171181862
Correa2015a_article_formula_project_bt,2930219783.2678013,3.96,0.42210926452319925,1236872917.6065,0.0722200859264304,-0.247006246966743,0.247006246966743,0.2923816171181862
Correa2015a_article_formula_project_bt,2930219783.2678013,3.98,0.42015122278944644,1231135424.9817934,0.0722200859264304,-0.247006246966743,0.247006246966743,0.2923816171181862
Correa2015a_article_formula_project_bt,2930219783.2678013,4.0,0.41820177670551284,1225423119.5002372,0.0722200859264304,-0.247006246966743,0.247006246966743,0.2923816171181862
Correa2015a_article_formula_project_bt,2930219783.2678013,4.0200000000000005,0.416260894790992,1219735908.9173217,0.0722200859264304,-0.247006246966743,0.247006246966743,0.2923816171181862
Correa2015a_article_formula_project_bt,2930219783.2678013,4.04,0.41432854558183224,1214073701.0364597,0.0722200859264304,-0.247006246966743,0.247006246966743,0.2923816171181862
Correa2015a_article_formula_project_bt,2930219783.2678013,4.0600000000000005,0.41240469763245957,1208436403.7152088,0.0722200859264304,-0.247006246966743,0.247006246966743,0.2923816171181862
Correa2015a_article_formula_project_bt,2930219783.2678013,4.08,0.41048931951784756,1202823924.8713346,0.0722200859264304,-0.247006246966743,0.247006246966743,0.2923816171181862
Correa2015a_article_formula_project_bt,2930219783.2678013,4.1,0.40858237983553436,1197236172.4887218,0.0722200859264304,-0.247006246966743,0.247006246966743,0.2923816171181862
Correa2015a_article_formula_project_bt,2930219783.2678013,4.12,0.4066838472075893,1191673054.623138,0.0722200859264304,-0.247006246966743,0.247006246966743,0.2923816171181862
Correa2015a_article_formula_project_bt,2930219783.2678013,4.14,0.40479369028253065,1186134479.4078505,0.0722200859264304,-0.247006246966743,0.247006246966743,0.2923816171181862
Correa2015a_article_formula_project_bt,2930219783.2678013,4.16,0.402911877737193,1180620355.0591006,0.0722200859264304,-0.247006246966743,0.247006246966743,0.2923816171181862
Correa2015a_article_formula_project_bt,2930219783.2678013,4.18,0.4010383782785493,1175130589.8814414,0.0722200859264304,-0.247006246966743,0.247006246966743,0.2923816171181862
Correa2015a_article_formula_project_bt,2930219783.2678013,4.2,0.39917316064548497,1169665092.272936,0.0722200859264304,-0.247006246966743,0.247006246966743,0.2923816171181862
Correa2015a_article_formula_project_bt,2930219783.2678013,4.22,0.3973161936105282,1164223770.7302299,0.0722200859264304,-0.247006246966743,0.247006246966743,0.2923816171181862
Correa2015a_article_formula_project_bt,2930219783.2678013,4.24,0.3954674459815355,1158806533.8534858,0.0722200859264304,-0.247006246966743,0.247006246966743,0.2923816171181862
Correa2015a_article_formula_project_bt,2930219783.2678013,4.26,0.39362688660333356,1153413290.3511994,0.0722200859264304,-0.247006246966743,0.247006246966743,0.2923816171181862
Correa2015a_article_formula_project_bt,2930219783.2678013,4.28,0.3917944843593201,1148043949.044887,0.0722200859264304,-0.247006246966743,0.247006246966743,0.2923816171181862
Correa2015a_article_formula_project_bt,2930219783.2678013,4.3,0.38997020817302325,1142698418.8736556,0.0722200859264304,-0.247006246966743,0.247006246966743,0.2923816171181862
Correa2015a_article_formula_project_bt,2930219783.2678013,4.32,0.38815402700961943,1137376608.8986514,0.0722200859264304,-0.247006246966743,0.247006246966743,0.2923816171181862
Correa2015a_article_formula_project_bt,2930219783.2678013,4.34,0.3863459098774145,1132078428.307399,0.0722200859264304,-0.247006246966743,0.247006246966743,0.2923816171181862
Correa2015a_article_formula_project_bt,2930219783.2678013,4.36,0.3845458258292842,1126803786.4180229,0.0722200859264304,-0.247006246966743,0.247006246966743,0.2923816171181862
Correa2015a_article_formula_project_bt,2930219783.2678013,4.38,0.3827537439640777,1121552592.6833591,0.0722200859264304,-0.247006246966743,0.247006246966743,0.2923816171181862
Correa2015a_article_formula_project_bt,2930219783.2678013,4.4,0.3809696334279852,1116324756.6949644,0.0722200859264304,-0.247006246966743,0.247006246966743,0.2923816171181862
Correa2015a_article_formula_project_bt,2930219783.2678013,4.42,0.37919346341586935,1111120188.1870155,0.0722200859264304,-0.247006246966743,0.247006246966743,0.2923816171181862
Correa2015a_article_formula_project_bt,2930219783.2678013,4.44,0.3774252031725606,1105938797.0401065,0.0722200859264304,-0.247006246966743,0.247006246966743,0.2923816171181862
Correa2015a_article_formula_project_bt,2930219783.2678013,4.46,0.37566482199412043,1100780493.2849488,0.0722200859264304,-0.247006246966743,0.247006246966743,0.2923816171181862
Correa2015a_article_formula_project_bt,2930219783.2678013,4.48,0.3739122892290687,1095645187.1059692,0.0722200859264304,-0.247006246966743,0.247006246966743,0.2923816171181862
Correa2015a_article_formula_project_bt,2930219783.2678013,4.5,0.37216757427958064,1090532788.8448162,0.0722200859264304,-0.247006246966743,0.247006246966743,0.2923816171181862
Correa2015a_article_formula_project_bt,2930219783.2678013,4.5200000000000005,0.3704306466026495,1085443209.0037673,0.0722200859264304,-0.247006246966743,0.247006246966743,0.2923816171181862
Correa2015a_article_formula_project_bt,2930219783.2678013,4.54,0.36870147571121986,1080376358.2490492,0.0722200859264304,-0.247006246966743,0.247006246966743,0.2923816171181862
Correa2015a_article_formula_project_bt,2930219783.2678013,4.5600000000000005,0.36698003117528993,1075332147.414069,0.0722200859264304,-0.247006246966743,0.247006246966743,0.2923816171181862
Correa2015a_article_formula_project_bt,2930219783.2678013,4.58,0.3652662826229828,1070310487.502552,0.0722200859264304,-0.247006246966743,0.247006246966743,0.2923816171181862
Correa2015a_article_formula_project_bt,2930219783.2678013,4.6000000000000005,0.3635601997415898,1065311289.6915998,0.0722200859264304,-0.247006246966743,0.247006246966743,0.2923816171181862
Correa2015a_article_formula_project_bt,2930219783.2678013,4.62,0.3618617522785856,1060334465.3346639,0.0722200859264304,-0.247006246966743,0.247006246966743,0.2923816171181862
Correa2015a_article_formula_project_bt,2930219783.2678013,4.64,0.36017091004261287,1055379925.9644319,0.0722200859264304,-0.247006246966743,0.247006246966743,0.2923816171181862
Correa2015a_article_formula_project_bt,2930219783.2678013,4.66,0.358487642904443,1050447583.2956419,0.0722200859264304,-0.247006246966743,0.247006246966743,0.2923816171181862
Correa2015a_article_formula_project_bt,2930219783.2678013,4.68,0.3568119207979081,1045537349.2278141,0.0722200859264304,-0.247006246966743,0.247006246966743,0.2923816171181862
Correa2015a_article_formula_project_bt,2930219783.2678013,4.7,0.3551437137208061,1040649135.8479025,0.0722200859264304,-0.247006246966743,0.247006246966743,0.2923816171181862
Correa2015a_article_formula_project_bt,2930219783.2678013,4.72,0.35348299173578324,1035782855.4328808,0.0722200859264304,-0.247006246966743,0.247006246966743,0.2923816171181862
Correa2015a_article_formula_project_bt,2930219783.2678013,4.74,0.3518297249711883,1030938420.4522456,0.0722200859264304,-0.247006246966743,0.247006246966743,0.2923816171181862
Correa2015a_article_formula_project_bt,2930219783.2678013,4.76,0.35018388362190467,1026115743.5704545,0.0722200859264304,-0.247006246966743,0.247006246966743,0.2923816171181862
Correa2015a_article_formula_project_bt,2930219783.2678013,4.78,0.34854543795015713,1021314737.6492903,0.0722200859264304,-0.247006246966743,0.247006246966743,0.2923816171181862
Correa2015a_article_formula_project_bt,2930219783.2678013,4.8,0.34691435828629646,1016535315.75016,0.0722200859264304,-0.247006246966743,0.247006246966743,0.2923816171181862
Correa2015a_article_formula_project_bt,2930219783.2678013,4.82,0.3452906150295598,1011777391.1363226,0.0722200859264304,-0.247006246966743,0.247006246966743,0.2923816171181862
Correa2015a_article_formula_project_bt,2930219783.2678013,4.84,0.3436741786488099,1007040877.2750553,0.0722200859264304,-0.247006246966743,0.247006246966743,0.2923816171181862
Correa2015a_article_formula_project_bt,2930219783.2678013,4.86,0.34206501968325154,1002325687.8397535,0.0722200859264304,-0.247006246966743,0.247006246966743,0.2923816171181862
Correa2015a_article_formula_project_bt,2930219783.2678013,4.88,0.3404631087431273,997631736.7119683,0.0722200859264304,-0.247006246966743,0.247006246966743,0.2923816171181862
Correa2015a_article_formula_project_bt,2930219783.2678013,4.9,0.33886841651039146,992958937.9833822,0.0722200859264304,-0.247006246966743,0.247006246966743,0.2923816171181862
Correa2015a_article_formula_project_bt,2930219783.2678013,4.92,0.33728091373936464,988307205.9577271,0.0722200859264304,-0.247006246966743,0.247006246966743,0.2923816171181862
Correa2015a_article_formula_project_bt,2930219783.2678013,4.94,0.335700571257367,983676455.152639,0.0722200859264304,-0.247006246966743,0.247006246966743,0.2923816171181862
Correa2015a_article_formula_project_bt,2930219783.2678013,4.96,0.334127359965333,979066600.3014606,0.0722200859264304,-0.247006246966743,0.247006246966743,0.2923816171181862
Correa2015a_article_formula_project_bt,2930219783.2678013,4.98,0.3325612508384062,974477556.3549836,0.0722200859264304,-0.247006246966743,0.247006246966743,0.2923816171181862
Correa2015a_article_formula_project_bt,2930219783.2678013,5.0,0.3310022149265157,969909238.483137,0.0722200859264304,-0.247006246966743,0.247006246966743,0.2923816171181862
Correa2015a_article_formula_project_bt,2930219783.2678013,5.0200000000000005,0.3294502233549339,965361562.0766232,0.0722200859264304,-0.247006246966743,0.247006246966743,0.2923816171181862
Correa2015a_article_formula_project_bt,2930219783.2678013,5.04,0.3279052473248167,960834442.7484992,0.0722200859264304,-0.247006246966743,0.247006246966743,0.2923816171181862
Correa2015a_article_formula_project_bt,2930219783.2678013,5.0600000000000005,0.3263672581137253,956327796.3357067,0.0722200859264304,-0.247006246966743,0.247006246966743,0.2923816171181862
Correa2015a_article_formula_project_bt,2930219783.2678013,5.08,0.3248362270761323,951841538.9005547,0.0722200859264304,-0.247006246966743,0.247006246966743,0.2923816171181862
Correa2015a_article_formula_project_bt,2930219783.2678013,5.1000000000000005,0.3233121256439086,947375586.732146,0.0722200859264304,-0.247006246966743,0.247006246966743,0.2923816171181862
Correa2015a_article_formula_project_bt,2930219783.2678013,5.12,0.32179492532679627,942929856.3477633,0.0722200859264304,-0.247006246966743,0.247006246966743,0.2923816171181862
Correa2015a_article_formula_project_bt,2930219783.2678013,5.14,0.320284597712864,938504264.4942032,0.0722200859264304,-0.247006246966743,0.247006246966743,0.2923816171181862
Correa2015a_article_formula_project_bt,2930219783.2678013,5.16,0.31878111446894647,934098728.1490644,0.0722200859264304,-0.247006246966743,0.247006246966743,0.2923816171181862
Correa2015a_article_formula_project_bt,2930219783.2678013,5.18,0.3172844473410693,929713164.5219922,0.0722200859264304,-0.247006246966743,0.247006246966743,0.2923816171181862
Correa2015a_article_formula_project_bt,2930219783.2678013,5.2,0.3157945681548579,925347491.0558766,0.0722200859264304,-0.247006246966743,0.247006246966743,0.2923816171181862
Correa2015a_article_formula_project_bt,2930219783.2678013,5.22,0.3143114488159324,921001625.4280101,0.0722200859264304,-0.247006246966743,0.247006246966743,0.2923816171181862
Correa2015a_article_formula_project_bt,2930219783.2678013,5.24,0.3128350613102874,916675485.5511996,0.0722200859264304,-0.247006246966743,0.247006246966743,0.2923816171181862
Correa2015a_article_formula_project_bt,2930219783.2678013,5.26,0.3113653777046577,912368989.5748392,0.0722200859264304,-0.247006246966743,0.247006246966743,0.2923816171181862
Correa2015a_article_formula_project_bt,2930219783.2678013,5.28,0.30990237014687017,908082055.8859398,0.0722200859264304,-0.247006246966743,0.247006246966743,0.2923816171181862
Correa2015a_article_formula_project_bt,2930219783.2678013,5.3,0.30844601086618295,903814603.1101245,0.0722200859264304,-0.247006246966743,0.247006246966743,0.2923816171181862
Correa2015a_article_formula_project_bt,2930219783.2678013,5.32,0.3069962721736093,899566550.1125764,0.0722200859264304,-0.247006246966743,0.247006246966743,0.2923816171181862
Correa2015a_article_formula_project_bt,2930219783.2678013,5.34,0.3055531264622307,895337815.9989567,0.0722200859264304,-0.247006246966743,0.247006246966743,0.2923816171181862
Correa2015a_article_formula_project_bt,2930219783.2678013,5.36,0.30411654620749545,891128320.1162796,0.0722200859264304,-0.247006246966743,0.247006246966743,0.2923816171181862
Correa2015a_article_formula_project_bt,2930219783.2678013,5.38,0.3026865039675063,886937982.0537548,0.0722200859264304,-0.247006246966743,0.247006246966743,0.2923816171181862
Correa2015a_article_formula_project_bt,2930219783.2678013,5.4,0.3012629723832947,882766721.6435914,0.0722200859264304,-0.247006246966743,0.247006246966743,0.2923816171181862
Correa2015a_article_formula_project_bt,2930219783.2678013,5.42,0.29984592417908357,878614458.9617678,0.0722200859264304,-0.247006246966743,0.247006246966743,0.2923816171181862
Correa2015a_article_formula_project_bt,2930219783.2678013,5.44,0.2984353321625384,874481114.3287677,0.0722200859264304,-0.247006246966743,0.247006246966743,0.2923816171181862
Correa2015a_article_formula_project_bt,2930219783.2678013,5.46,0.29703116922500744,870366608.310283,0.0722200859264304,-0.247006246966743,0.247006246966743,0.2923816171181862
Correa2015a_article_formula_project_bt,2930219783.2678013,5.48,0.29563340834174917,866270861.7178817,0.0722200859264304,-0.247006246966743,0.247006246966743,0.2923816171181862
Correa2015a_article_formula_project_bt,2930219783.2678013,5.5,0.294242022572151,862193795.6096478,0.0722200859264304,-0.247006246966743,0.247006246966743,0.2923816171181862
Correa2015a_article_formula_project_bt,2930219783.2678013,5.5200000000000005,0.29285698505993496,858135331.2907844,0.0722200859264304,-0.247006246966743,0.247006246966743,0.2923816171181862
Correa2015a_article_formula_project_bt,2930219783.2678013,5.54,0.2914782690333547,854095390.3141905,0.0722200859264304,-0.247006246966743,0.247006246966743,0.2923816171181862
Correa2015a_article_formula_project_bt,2930219783.2678013,5.5600000000000005,0.2901058478053816,850073894.4810071,0.0722200859264304,-0.247006246966743,0.247006246966743,0.2923816171181862
Correa2015a_article_formula_project_bt,2930219783.2678013,5.58,0.28873969477388034,846070765.8411307,0.0722200859264304,-0.247006246966743,0.247006246966743,0.2923816171181862
Correa2015a_article_formula_project_bt,2930219783.2678013,5.6000000000000005,0.28737978342177517,842085926.6937017,0.0722200859264304,-0.247006246966743,0.247006246966743,0.2923816171181862
Correa2015a_article_formula_project_bt,2930219783.2678013,5.62,0.28602608731720675,838119299.5875628,0.0722200859264304,-0.247006246966743,0.247006246966743,0.2923816171181862
Correa2015a_article_formula_project_bt,2930219783.2678013,5.64,0.28467858011367886,834170807.3216895,0.0722200859264304,-0.247006246966743,0.247006246966743,0.2923816171181862
Correa2015a_article_formula_project_bt,2930219783.2678013,5.66,0.2833372355501965,830240372.9455948,0.0722200859264304,-0.247006246966743,0.247006246966743,0.2923816171181862
Correa2015a_article_formula_project_bt,2930219783.2678013,5.68,0.282002027451395,826327919.7597072,0.0722200859264304,-0.247006246966743,0.247006246966743,0.2923816171181862
Correa2015a_article_formula_project_bt,2930219783.2678013,5.7,0.28067292972765945,822433371.315721,0.0722200859264304,-0.247006246966743,0.247006246966743,0.2923816171181862
Correa2015a_article_formula_project_bt,2930219783.2678013,5.72,0.2793499163752369,818556651.416925,0.0722200859264304,-0.247006246966743,0.247006246966743,0.2923816171181862
Correa2015a_article_formula_project_bt,2930219783.2678013,5.74,0.278032961476338,814697684.1185001,0.0722200859264304,-0.247006246966743,0.247006246966743,0.2923816171181862
Correa2015a_article_formula_project_bt,2930219783.2678013,5.76,0.27672203919923355,810856393.7278022,0.0722200859264304,-0.247006246966743,0.247006246966743,0.2923816171181862
Correa2015a_article_formula_project_bt,2930219783.2678013,5.78,0.27541712379833916,807032704.8046106,0.0722200859264304,-0.247006246966743,0.247006246966743,0.2923816171181862
Correa2015a_article_formula_project_bt,2930219783.2678013,5.8,0.27411818961429496,803226542.1613615,0.0722200859264304,-0.247006246966743,0.247006246966743,0.2923816171181862
Correa2015a_article_formula_project_bt,2930219783.2678013,5.82,0.27282521107403623,799437830.8633546,0.0722200859264304,-0.247006246966743,0.247006246966743,0.2923816171181862
Correa2015a_article_formula_project_bt,2930219783.2678013,5.84,0.27153816269085684,795666496.2289395,0.0722200859264304,-0.247006246966743,0.247006246966743,0.2923816171181862
Correa2015a_article_formula_project_bt,2930219783.2678013,5.86,0.2702570190644643,791912463.8296766,0.0722200859264304,-0.247006246966743,0.247006246966743,0.2923816171181862
Correa2015a_article_formula_project_bt,2930219783.2678013,5.88,0.26898175488102943,788175659.4904829,0.0722200859264304,-0.247006246966743,0.247006246966743,0.2923816171181862
Correa2015a_article_formula_project_bt,2930219783.2678013,5.9,0.2677123449132269,784456009.2897505,0.0722200859264304,-0.247006246966743,0.247006246966743,0.2923816171181862
Correa2015a_article_formula_project_bt,2930219783.2678013,5.92,0.2664487640202704,780753439.5594503,0.0722200859264304,-0.247006246966743,0.247006246966743,0.2923816171181862
Correa2015a_article_formula_project_bt,2930219783.2678013,5.94,0.2651909871479397,777067876.8852102,0.0722200859264304,-0.247006246966743,0.247006246966743,0.2923816171181862
Correa2015a_article_formula_project_bt,2930219783.2678013,5.96,0.26393898932860227,773399248.1063795,0.0722200859264304,-0.247006246966743,0.247006246966743,0.2923816171181862
Correa2015a_article_formula_project_bt,2930219783.2678013,5.98,0.26269274568122714,769747480.316069,0.0722200859264304,-0.247006246966743,0.247006246966743,0.2923816171181862
Correa2015a_article_formula_project_bt,2930219783.2678013,6.0,0.2614522314113935,766112500.8611765,0.0722200859264304,-0.247006246966743,0.247006246966743,0.2923816171181862
Correa2015a_article_formula_project_bt,2930219783.2678013,6.0200000000000005,0.2602174218112923,762494237.342391,0.0722200859264304,-0.247006246966743,0.247006246966743,0.2923816171181862
Correa2015a_article_formula_project_bt,2930219783.2678013,6.04,0.2589882922597222,758892617.6141812,0.0722200859264304,-0.247006246966743,0.247006246966743,0.2923816171181862
Correa2015a_article_formula_project_bt,2930219783.2678013,6.0600000000000005,0.2577648182220791,755307569.7847648,0.0722200859264304,-0.247006246966743,0.247006246966743,0.2923816171181862
Correa2015a_article_formula_project_bt,2930219783.2678013,6.08,0.25654697525034015,751739022.2160617,0.0722200859264304,-0.247006246966743,0.247006246966743,0.2923816171181862
Correa2015a_article_formula_project_bt,2930219783.2678013,6.1000000000000005,0.2553347389830423,748186903.5236309,0.0722200859264304,-0.247006246966743,0.247006246966743,0.2923816171181862
Correa2015a_article_formula_project_bt,2930219783.2678013,6.12,0.2541280851452544,744651142.5765887,0.0722200859264304,-0.247006246966743,0.247006246966743,0.2923816171181862
Correa2015a_article_formula_project_bt,2930219783.2678013,6.140000000000001,0.2529269895485447,741131668.4975141,0.0722200859264304,-0.247006246966743,0.247006246966743,0.2923816171181862
Correa2015a_article_formula_project_bt,2930219783.2678013,6.16,0.2517314280909427,737628410.6623361,0.0722200859264304,-0.247006246966743,0.247006246966743,0.2923816171181862
Correa2015a_article_formula_project_bt,2930219783.2678013,6.18,0.2505413767568953,734141298.7002063,0.0722200859264304,-0.247006246966743,0.247006246966743,0.2923816171181862
Correa2015a_article_formula_project_bt,2930219783.2678013,6.2,0.24935681161721865,730670262.4933563,0.0722200859264304,-0.247006246966743,0.247006246966743,0.2923816171181862
Correa2015a_article_formula_project_bt,2930219783.2678013,6.22,0.24817770882904483,727215232.1769432,0.0722200859264304,-0.247006246966743,0.247006246966743,0.2923816171181862
Correa2015a_article_formula_project_bt,2930219783.2678013,6.24,0.24700404463576262,723776138.1388747,0.0722200859264304,-0.247006246966743,0.247006246966743,0.2923816171181862
Correa2015a_article_formula_project_bt,2930219783.2678013,6.26,0.2458357953669549,720352911.0196261,0.0722200859264304,-0.247006246966743,0.247006246966743,0.2923816171181862
Correa2015a_article_formula_project_bt,2930219783.2678013,6.28,0.2446729374383307,716945481.7120417,0.0722200859264304,-0.247006246966743,0.247006246966743,0.2923816171181862
Correa2015a_article_formula_project_bt,2930219783.2678013,6.3,0.24351544735165262,713553781.3611212,0.0722200859264304,-0.247006246966743,0.247006246966743,0.2923816171181862
Correa2015a_article_formula_project_bt,2930219783.2678013,6.32,0.24236330169465956,710177741.3637941,0.0722200859264304,-0.247006246966743,0.247006246966743,0.2923816171181862
Correa2015a_article_formula_project_bt,2930219783.2678013,6.34,0.24121647714098593,706817293.3686824,0.0722200859264304,-0.247006246966743,0.247006246966743,0.2923816171181862
Correa2015a_article_formula_project_bt,2930219783.2678013,6.36,0.24007495045007585,703472369.2758493,0.0722200859264304,-0.247006246966743,0.247006246966743,0.2923816171181862
Correa2015a_article_formula_project_bt,2930219783.2678013,6.38,0.23893869846709329,700142901.2365366,0.0722200859264304,-0.247006246966743,0.247006246966743,0.2923816171181862
Correa2015a_article_formula_project_bt,2930219783.2678013,6.4,0.23780769812282812,696828821.6528882,0.0722200859264304,-0.247006246966743,0.247006246966743,0.2923816171181862
Correa2015a_article_formula_project_bt,2930219783.2678013,6.42,0.23668192643359884,693530063.1776657,0.0722200859264304,-0.247006246966743,0.247006246966743,0.2923816171181862
Correa2015a_article_formula_project_bt,2930219783.2678013,6.44,0.2355613605011498,690246558.7139477,0.0722200859264304,-0.247006246966743,0.247006246966743,0.2923816171181862
Correa2015a_article_formula_project_bt,2930219783.2678013,6.46,0.2344459775125469,686978241.4148229,0.0722200859264304,-0.247006246966743,0.247006246966743,0.2923816171181862
Correa2015a_article_formula_project_bt,2930219783.2678013,6.48,0.23333575474006707,683725044.6830682,0.0722200859264304,-0.247006246966743,0.247006246966743,0.2923816171181862
Correa2015a_article_formula_project_bt,2930219783.2678013,6.5,0.23223066954108643,680486902.1708187,0.0722200859264304,-0.247006246966743,0.247006246966743,0.2923816171181862
Correa2015a_article_formula_project_bt,2930219783.2678013,6.5200000000000005,0.23113069935796296,677263747.7792256,0.0722200859264304,-0.247006246966743,0.247006246966743,0.2923816171181862
Correa2015a_article_formula_project_bt,2930219783.2678013,6.54,0.2300358217179172,674055515.658106,0.0722200859264304,-0.247006246966743,0.247006246966743,0.2923816171181862
Correa2015a_article_formula_project_bt,2930219783.2678013,6.5600000000000005,0.22894601423290853,670862140.2055802,0.0722200859264304,-0.247006246966743,0.247006246966743,0.2923816171181862
Correa2015a_article_formula_project_bt,2930219783.2678013,6.58,0.22786125459950865,667683556.0677016,0.0722200859264304,-0.247006246966743,0.247006246966743,0.2923816171181862
Correa2015a_article_formula_project_bt,2930219783.2678013,6.6000000000000005,0.22678152059877166,664519698.1380751,0.0722200859264304,-0.247006246966743,0.247006246966743,0.2923816171181862
Correa2015a_article_formula_project_bt,2930219783.2678013,6.62,0.22570679009610123,661370501.5574689,0.0722200859264304,-0.247006246966743,0.247006246966743,0.2923816171181862
Correa2015a_article_formula_project_bt,2930219783.2678013,6.640000000000001,0.2246370410411141,658235901.7134135,0.0722200859264304,-0.247006246966743,0.247006246966743,0.2923816171181862
Correa2015a_article_formula_project_bt,2930219783.2678013,6.66,0.22357225146750132,655115834.239796,0.0722200859264304,-0.247006246966743,0.247006246966743,0.2923816171181862
Correa2015a_article_formula_project_bt,2930219783.2678013,6.68,0.22251239949288612,652010235.0164431,0.0722200859264304,-0.247006246966743,0.247006246966743,0.2923816171181862
Correa2015a_article_formula_project_bt,2930219783.2678013,6.7,0.22145746331867852,648919040.1686952,0.0722200859264304,-0.247006246966743,0.247006246966743,0.2923816171181862
Correa2015a_article_formula_project_bt,2930219783.2678013,6.72,0.22040742122992846,645842186.066976,0.0722200859264304,-0.247006246966743,0.247006246966743,0.2923816171181862
Correa2015a_article_formula_project_bt,2930219783.2678013,6.74,0.21936225159517453,642779609.3263493,0.0722200859264304,-0.247006246966743,0.247006246966743,0.2923816171181862
Correa2015a_article_formula_project_bt,2930219783.2678013,6.76,0.2183219328662914,639731246.8060719,0.0722200859264304,-0.247006246966743,0.247006246966743,0.2923816171181862
Correa2015a_article_formula_project_bt,2930219783.2678013,6.78,0.21728644357833365,636697035.6091362,0.0722200859264304,-0.247006246966743,0.247006246966743,0.2923816171181862
Correa2015a_article_formula_project_bt,2930219783.2678013,6.8,0.21625576234937785,633676913.0818071,0.0722200859264304,-0.247006246966743,0.247006246966743,0.2923816171181862
Correa2015a_article_formula_project_bt,2930219783.2678013,6.82,0.21522986788036177,630670816.8131512,0.0722200859264304,-0.247006246966743,0.247006246966743,0.2923816171181862
Correa2015a_article_formula_project_bt,2930219783.2678013,6.84,0.21420873895492112,627678684.634558,0.0722200859264304,-0.247006246966743,0.247006246966743,0.2923816171181862
Correa2015a_article_formula_project_bt,2930219783.2678013,6.86,0.2131923544392242,624700454.6192559,0.0722200859264304,-0.247006246966743,0.247006246966743,0.2923816171181862
Correa2015a_article_formula_project_bt,2930219783.2678013,6.88,0.212180693281804,621736065.0818195,0.0722200859264304,-0.247006246966743,0.247006246966743,0.2923816171181862
Correa2015a_article_formula_project_bt,2930219783.2678013,6.9,0.21117373451338825,618785454.5776727,0.0722200859264304,-0.247006246966743,0.247006246966743,0.2923816171181862
Correa2015a_article_formula_project_bt,2930219783.2678013,6.92,0.21017145724672728,615848561.9025832,0.0722200859264304,-0.247006246966743,0.247006246966743,0.2923816171181862
Correa2015a_article_formula_project_bt,2930219783.2678013,6.94,0.2091738406764197,612925326.0921521,0.0722200859264304,-0.247006246966743,0.247006246966743,0.2923816171181862
Correa2015a_article_formula_project_bt,2930219783.2678013,6.96,0.20818086407873584,610015686.421297,0.0722200859264304,-0.247006246966743,0.247006246966743,0.2923816171181862
Correa2015a_article_formula_project_bt,2930219783.2678013,6.98,0.2071925068114396,607119582.403729,0.0722200859264304,-0.247006246966743,0.247006246966743,0.2923816171181862
Correa2015a_article_formula_project_bt,2930219783.2678013,7.0,0.2062087483136082,604236953.7914256,0.0722200859264304,-0.247006246966743,0.247006246966743,0.2923816171181862
Correa2015a_article_formula_project_bt,2930219783.2678013,7.0200000000000005,0.2052295681054495,601367740.5740948,0.0722200859264304,-0.247006246966743,0.247006246966743,0.2923816171181862
Correa2015a_article_formula_project_bt,2930219783.2678013,7.04,0.20425494578811848,598511882.978637,0.0722200859264304,-0.247006246966743,0.247006246966743,0.2923816171181862
Correa2015a_article_formula_project_bt,2930219783.2678013,7.0600000000000005,0.20328486104353066,595669321.4685996,0.0722200859264304,-0.247006246966743,0.247006246966743,0.2923816171181862
Correa2015a_article_formula_project_bt,2930219783.2678013,7.08,0.2023192936341752,592839996.7436275,0.0722200859264304,-0.247006246966743,0.247006246966743,0.2923816171181862
Correa2015a_article_formula_project_bt,2930219783.2678013,7.1000000000000005,0.20135822340292472,590023849.7389076,0.0722200859264304,-0.247006246966743,0.247006246966743,0.2923816171181862
Correa2015a_article_formula_project_bt,2930219783.2678013,7.12,0.20040163027284508,587220821.6246102,0.0722200859264304,-0.247006246966743,0.247006246966743,0.2923816171181862
Correa2015a_article_formula_project_bt,2930219783.2678013,7.140000000000001,0.19944949424700206,584430853.805323,0.0722200859264304,-0.247006246966743,0.247006246966743,0.2923816171181862
Correa2015a_article_formula_project_bt,2930219783.2678013,7.16,0.19850179540826757,581653887.9194832,0.0722200859264304,-0.247006246966743,0.247006246966743,0.2923816171181862
Correa2015a_article_formula_project_bt,2930219783.2678013,7.18,0.19755851391912368,578889865.8388035,0.0722200859264304,-0.247006246966743,0.247006246966743,0.2923816171181862
Correa2015a_article_formula_project_bt,2930219783.2678013,7.2,0.1966196300214655,576138729.667694,0.0722200859264304,-0.247006246966743,0.247006246966743,0.2923816171181862
Correa2015a_article_formula_project_bt,2930219783.2678013,7.22,0.1956851240364024,573400421.7426798,0.0722200859264304,-0.247006246966743,0.247006246966743,0.2923816171181862
Correa2015a_article_formula_project_bt,2930219783.2678013,7.24,0.1947549763640581,570674884.6318161,0.0722200859264304,-0.247006246966743,0.247006246966743,0.2923816171181862
Correa2015a_article_formula_project_bt,2930219783.2678013,7.26,0.19382916748336937,567962061.134097,0.0722200859264304,-0.247006246966743,0.247006246966743,0.2923816171181862
Correa2015a_article_formula_project_bt,2930219783.2678013,7.28,0.19290767795188268,565261894.2788604,0.0722200859264304,-0.247006246966743,0.247006246966743,0.2923816171181862
Correa2015a_article_formula_project_bt,2930219783.2678013,7.3,0.19199048840555102,562574327.325193,0.0722200859264304,-0.247006246966743,0.247006246966743,0.2923816171181862
Correa2015a_article_formula_project_bt,2930219783.2678013,7.32,0.1910775795585281,559899303.7613263,0.0722200859264304,-0.247006246966743,0.247006246966743,0.2923816171181862
Correa2015a_article_formula_project_bt,2930219783.2678013,7.34,0.19016893220296213,557236767.3040329,0.0722200859264304,-0.247006246966743,0.247006246966743,0.2923816171181862
Correa2015a_article_formula_project_bt,2930219783.2678013,7.36,0.189264527208788,554586661.8980176,0.0722200859264304,-0.247006246966743,0.247006246966743,0.2923816171181862
Correa2015a_article_formula_project_bt,2930219783.2678013,7.38,0.18836434552351894,551948931.7153069,0.0722200859264304,-0.247006246966743,0.247006246966743,0.2923816171181862
Correa2015a_article_formula_project_bt,2930219783.2678013,7.4,0.18746836817203621,549323521.1546323,0.0722200859264304,-0.247006246966743,0.247006246966743,0.2923816171181862
Correa2015a_article_formula_project_bt,2930219783.2678013,7.42,0.18657657625637872,546710374.8408145,0.0722200859264304,-0.247006246966743,0.247006246966743,0.2923816171181862
Correa2015a_article_formula_project_bt,2930219783.2678013,7.44,0.18568895095553073,544109437.6241406,0.0722200859264304,-0.247006246966743,0.247006246966743,0.2923816171181862
Correa2015a_article_formula_project_bt,2930219783.2678013,7.46,0.1848054735252093,541520654.5797422,0.0722200859264304,-0.247006246966743,0.247006246966743,0.2923816171181862
Correa2015a_article_formula_project_bt,2930219783.2678013,7.48,0.18392612529765007,538943971.0069666,0.0722200859264304,-0.247006246966743,0.247006246966743,0.2923816171181862
Correa2015a_article_formula_project_bt,2930219783.2678013,7.5,0.1830508876813931,536379332.42875034,0.0722200859264304,-0.247006246966743,0.247006246966743,0.2923816171181862
Correa2015a_article_formula_project_bt,2930219783.2678013,7.5200000000000005,0.18217974216106667,533826684.5909847,0.0722200859264304,-0.247006246966743,0.247006246966743,0.2923816171181862
Correa2015a_article_formula_project_bt,2930219783.2678013,7.54,0.1813126702971711,531285973.461883,0.0722200859264304,-0.247006246966743,0.247006246966743,0.2923816171181862
Correa2015a_article_formula_project_bt,2930219783.2678013,7.5600000000000005,0.18044965372586136,528757145.23134327,0.0722200859264304,-0.247006246966743,0.247006246966743,0.2923816171181862
Correa2015a_article_formula_project_bt,2930219783.2678013,7.58,0.1795906741587291,526240146.31030947,0.0722200859264304,-0.247006246966743,0.247006246966743,0.2923816171181862
Correa2015a_article_formula_project_bt,2930219783.2678013,7.6000000000000005,0.1787357133825835,523734923.3301297,0.0722200859264304,-0.247006246966743,0.247006246966743,0.2923816171181862
Correa2015a_article_formula_project_bt,2930219783.2678013,7.62,0.1778847532592321,521241423.14191335,0.0722200859264304,-0.247006246966743,0.247006246966743,0.2923816171181862
Correa2015a_article_formula_project_bt,2930219783.2678013,7.640000000000001,0.17703777572525986,518759592.81588453,0.0722200859264304,-0.247006246966743,0.247006246966743,0.2923816171181862
Correa2015a_article_formula_project_bt,2930219783.2678013,7.66,0.17619476279180907,516289379.6407364,0.0722200859264304,-0.247006246966743,0.247006246966743,0.2923816171181862
Correa2015a_article_formula_project_bt,2930219783.2678013,7.68,0.17535569654435684,513830731.12297964,0.0722200859264304,-0.247006246966743,0.247006246966743,0.2923816171181862
Correa2015a_article_formula_project_bt,2930219783.2678013,7.7,0.1745205591424934,511383594.9862925,0.0722200859264304,-0.247006246966743,0.247006246966743,0.2923816171181862
Correa2015a_article_formula_project_bt,2930219783.2678013,7.72,0.17368933281969917,508947919.1708679,0.0722200859264304,-0.247006246966743,0.247006246966743,0.2923816171181862
Correa2015a_article_formula_project_bt,2930219783.2678013,7.74,0.1728619998831211,506523651.8327578,0.0722200859264304,-0.247006246966743,0.247006246966743,0.2923816171181862
Correa2015a_article_formula_project_bt,2930219783.2678013,7.76,0.172038542713349,504110741.3432179,0.0722200859264304,-0.247006246966743,0.247006246966743,0.2923816171181862
Correa2015a_article_formula_project_bt,2930219783.2678013,7.78,0.17121894376419097,501709136.2880495,0.0722200859264304,-0.247006246966743,0.247006246966743,0.2923816171181862
Correa2015a_article_formula_project_bt,2930219783.2678013,7.8,0.1704031855624483,499318785.46694016,0.0722200859264304,-0.247006246966743,0.247006246966743,0.2923816171181862
Correa2015a_article_formula_project_bt,2930219783.2678013,7.82,0.16959125070769013,496939637.89280313,0.0722200859264304,-0.247006246966743,0.247006246966743,0.2923816171181862
Correa2015a_article_formula_project_bt,2930219783.2678013,7.84,0.16878312187202782,494571642.79111624,0.0722200859264304,-0.247006246966743,0.247006246966743,0.2923816171181862
Correa2015a_article_formula_project_bt,2930219783.2678013,7.86,0.167978781799888,492214749.5992571,0.0722200859264304,-0.247006246966743,0.247006246966743,0.2923816171181862
Correa2015a_article_formula_project_bt,2930219783.2678013,7.88,0.16717821330778654,489868907.9658405,0.0722200859264304,-0.247006246966743,0.247006246966743,0.2923816171181862
Correa2015a_article_formula_project_bt,2930219783.2678013,7.9,0.16638139928410106,487534067.7500521,0.0722200859264304,-0.247006246966743,0.247006246966743,0.2923816171181862
Correa2015a_article_formula_project_bt,2930219783.2678013,7.92,0.16558832268884358,485210179.02098197,0.0722200859264304,-0.247006246966743,0.247006246966743,0.2923816171181862
Correa2015a_article_formula_project_bt,2930219783.2678013,7.94,0.16479896655343268,482897192.0569571,0.0722200859264304,-0.247006246966743,0.247006246966743,0.2923816171181862
Correa2015a_article_formula_project_bt,2930219783.2678013,7.96,0.1640133139804657,480595057.344874,0.0722200859264304,-0.247006246966743,0.247006246966743,0.2923816171181862
Correa2015a_article_formula_project_bt,2930219783.2678013,7.98,0.16323134814348994,478303725.5795281,0.0722200859264304,-0.247006246966743,0.247006246966743,0.2923816171181862
Correa2015a_article_formula_project_bt,2930219783.2678013,8.0,0.16245305228677423,476023147.6629444,0.0722200859264304,-0.247006246966743,0.247006246966743,0.2923816171181862
Correa2015a_article_formula_project_bt,9695012225.972996,0.0,1.0,9695012225.972996,0.08513942884980916,-0.29119282425814813,0.29119282425814813,0.2923816171181862
Correa2015a_article_formula_project_bt,9695012225.972996,0.02,0.9958706770894554,9654978389.870275,0.08513942884980916,-0.29119282425814813,0.29119282425814813,0.2923816171181862
Correa2015a_article_formula_project_bt,9695012225.972996,0.04,0.9917259362064622,9614795076.336166,0.08513942884980916,-0.29119282425814813,0.29119282425814813,0.2923816171181862
Correa2015a_article_formula_project_bt,9695012225.972996,0.06,0.9875673441761078,9574477475.759047,0.08513942884980916,-0.29119282425814813,0.29119282425814813,0.2923816171181862
Correa2015a_article_formula_project_bt,9695012225.972996,0.08,0.9833963782916477,9534039910.515089,0.08513942884980916,-0.29119282425814813,0.29119282425814813,0.2923816171181862
Correa2015a_article_formula_project_bt,9695012225.972996,0.1,0.979214432604071,9493495895.945679,0.08513942884980916,-0.29119282425814813,0.29119282425814813,0.2923816171181862
Correa2015a_article_formula_project_bt,9695012225.972996,0.12,0.9750228236644679,9452858196.029728,0.08513942884980916,-0.29119282425814813,0.29119282425814813,0.2923816171181862
Correa2015a_article_formula_project_bt,9695012225.972996,0.14,0.9708227957758346,9412138874.300001,0.08513942884980916,-0.29119282425814813,0.29119282425814813,0.2923816171181862
Correa2015a_article_formula_project_bt,9695012225.972996,0.16,0.9666155258042,9371349340.487034,0.08513942884980916,-0.29119282425814813,0.29119282425814813,0.2923816171181862
Correa2015a_article_formula_project_bt,9695012225.972996,0.18,0.9624021275931,9330500393.317528,0.08513942884980916,-0.29119282425814813,0.29119282425814813,0.2923816171181862
Correa2015a_article_formula_project_bt,9695012225.972996,0.2,0.9581836560203556,9289602259.84485,0.08513942884980916,-0.29119282425814813,0.29119282425814813,0.2923816171181862
Correa2015a_article_formula_project_bt,9695012225.972996,0.22,0.9539611107316883,9248664631.646498,0.08513942884980916,-0.29119282425814813,0.29119282425814813,0.2923816171181862
Correa2015a_article_formula_project_bt,9695012225.972996,0.24,0.9497354395818607,9207696698.185976,0.08513942884980916,-0.29119282425814813,0.29119282425814813,0.2923816171181862
Correa2015a_article_formula_project_bt,9695012225.972996,0.26,0.9455075418106637,9166707177.604057,0.08513942884980916,-0.29119282425814813,0.29119282425814813,0.2923816171181862
Correa2015a_article_formula_project_bt,9695012225.972996,0.28,0.9412782709781167,9125704345.175564,0.08513942884980916,-0.29119282425814813,0.29119282425814813,0.2923816171181862
Correa2015a_article_formula_project_bt,9695012225.972996,0.3,0.93704843768067,9084696059.64299,0.08513942884980916,-0.29119282425814813,0.29119282425814813,0.2923816171181862
Correa2015a_article_formula_project_bt,9695012225.972996,0.32,0.9328188120679035,9043689787.61593,0.08513942884980916,-0.29119282425814813,0.29119282425814813,0.2923816171181862
Correa2015a_article_formula_project_bt,9695012225.972996,0.34,0.9285901261772241,9002692626.205996,0.08513942884980916,-0.29119282425814813,0.29119282425814813,0.2923816171181862
Correa2015a_article_formula_project_bt,9695012225.972996,0.36,0.9243630761022741,8961711324.049555,0.08513942884980916,-0.29119282425814813,0.29119282425814813,0.2923816171181862
Correa2015a_article_formula_project_bt,9695012225.972996,0.38,0.9201383240092044,8920752300.855537,0.08513942884980916,-0.29119282425814813,0.29119282425814813,0.2923816171181862
Correa2015a_article_formula_project_bt,9695012225.972996,0.4,0.9159165000135613,8879821665.601871,0.08513942884980916,-0.29119282425814813,0.29119282425814813,0.2923816171181862
Correa2015a_article_formula_project_bt,9695012225.972996,0.42,0.9116982039293056,8838925233.492239,0.08513942884980916,-0.29119282425814813,0.29119282425814813,0.2923816171181862
Correa2015a_article_formula_project_bt,9695012225.972996,0.44,0.9074840069003782,8798068541.77413,0.08513942884980916,-0.29119282425814813,0.29119282425814813,0.2923816171181862
Correa2015a_article_formula_project_bt,9695012225.972996,0.46,0.9032744529242409,8757256864.509584,0.08513942884980916,-0.29119282425814813,0.29119282425814813,0.2923816171181862
Correa2015a_article_formula_project_bt,9695012225.972996,0.48,0.8990700602759476,8716495226.38159,0.08513942884980916,-0.29119282425814813,0.29119282425814813,0.2923816171181862
Correa2015a_article_formula_project_bt,9695012225.972996,0.5,0.8948713228405119,8675788415.611391,0.08513942884980916,-0.29119282425814813,0.29119282425814813,0.2923816171181862
Correa2015a_article_formula_project_bt,9695012225.972996,0.52,0.8906787113606384,8635140996.055262,0.08513942884980916,-0.29119282425814813,0.29119282425814813,0.2923816171181862
Correa2015a_article_formula_project_bt,9695012225.972996,0.54,0.8864926746062481,8594557318.543076,0.08513942884980916,-0.29119282425814813,0.29119282425814813,0.2923816171181862
Correa2015a_article_formula_project_bt,9695012225.972996,0.56,0.8823136404716662,8554041531.515546,0.08513942884980916,-0.29119282425814813,0.29119282425814813,0.2923816171181862
Correa2015a_article_formula_project_bt,9695012225.972996,0.58,0.8781420170058242,8513597591.012052,0.08513942884980916,-0.29119282425814813,0.29119282425814813,0.2923816171181862
Correa2015a_article_formula_project_bt,9695012225.972996,0.6,0.8739781933803761,8473229270.056538,0.08513942884980916,-0.29119282425814813,0.29119282425814813,0.2923816171181862
Correa2015a_article_formula_project_bt,9695012225.972996,0.62,0.8698225408002036,8432940167.484869,0.08513942884980916,-0.29119282425814813,0.29119282425814813,0.2923816171181862
Correa2015a_article_formula_project_bt,9695012225.972996,0.64,0.8656754133604175,8392733716.253475,0.08513942884980916,-0.29119282425814813,0.29119282425814813,0.2923816171181862
Correa2015a_article_formula_project_bt,9695012225.972996,0.66,0.861537148853619,8352613191.265753,0.08513942884980916,-0.29119282425814813,0.29119282425814813,0.2923816171181862
Correa2015a_article_formula_project_bt,9695012225.972996,0.68,0.8574080695308777,8312581716.7497635,0.08513942884980916,-0.29119282425814813,0.29119282425814813,0.2923816171181862
Correa2015a_article_formula_project_bt,9695012225.972996,0.7000000000000001,0.8532884828196045,8272642273.218014,0.08513942884980916,-0.29119282425814813,0.29119282425814813,0.2923816171181862
Correa2015a_article_formula_project_bt,9695012225.972996,0.72,0.8491786820012421,8232797704.037677,0.08513942884980916,-0.29119282425814813,0.29119282425814813,0.2923816171181862
Correa2015a_article_formula_project_bt,9695012225.972996,0.74,0.8450789468514678,8193050721.637363,0.08513942884980916,-0.29119282425814813,0.29119282425814813,0.2923816171181862
Correa2015a_article_formula_project_bt,9695012225.972996,0.76,0.8409895442453926,8153403913.374539,0.08513942884980916,-0.29119282425814813,0.29119282425814813,0.2923816171181862
Correa2015a_article_formula_project_bt,9695012225.972996,0.78,0.8369107287300459,8113859747.085764,0.08513942884980916,-0.29119282425814813,0.29119282425814813,0.2923816171181862
Correa2015a_article_formula_project_bt,9695012225.972996,0.8,0.8328427430662674,8074420576.340348,0.08513942884980916,-0.29119282425814813,0.29119282425814813,0.2923816171181862
Correa2015a_article_formula_project_bt,9695012225.972996,0.8200000000000001,0.8287858187419596,8035088645.416337,0.08513942884980916,-0.29119282425814813,0.29119282425814813,0.2923816171181862
Correa2015a_article_formula_project_bt,9695012225.972996,0.84,0.8247401764585178,7995866094.016457,0.08513942884980916,-0.29119282425814813,0.29119282425814813,0.2923816171181862
Correa2015a_article_formula_project_bt,9695012225.972996,0.86,0.8207060265921121,7956754961.740246,0.08513942884980916,-0.29119282425814813,0.29119282425814813,0.2923816171181862
Correa2015a_article_formula_project_bt,9695012225.972996,0.88,0.8166835696313813,7917757192.327511,0.08513942884980916,-0.29119282425814813,0.29119282425814813,0.2923816171181862
Correa2015a_article_formula_project_bt,9695012225.972996,0.9,0.8126729965929801,7878874637.687053,0.08513942884980916,-0.29119282425814813,0.29119282425814813,0.2923816171181862
Correa2015a_article_formula_project_bt,9695012225.972996,0.92,0.8086744894163211,7840109061.723703,0.08513942884980916,-0.29119282425814813,0.29119282425814813,0.2923816171181862
Correa2015a_article_formula_project_bt,9695012225.972996,0.9400000000000001,0.8046882213387632,7801462143.975773,0.08513942884980916,-0.29119282425814813,0.29119282425814813,0.2923816171181862
Correa2015a_article_formula_project_bt,9695012225.972996,0.96,0.8007143572523961,7762935483.07409,0.08513942884980916,-0.29119282425814813,0.29119282425814813,0.2923816171181862
Correa2015a_article_formula_project_bt,9695012225.972996,0.98,0.7967530540435116,7724530600.033168,0.08513942884980916,-0.29119282425814813,0.29119282425814813,0.2923816171181862
Correa2015a_article_formula_project_bt,9695012225.972996,1.0,0.7928044609157586,7686248941.38421,0.08513942884980916,-0.29119282425814813,0.29119282425814813,0.2923816171181862
Correa2015a_article_formula_project_bt,9695012225.972996,1.02,0.788868719697924,7648091882.159038,0.08513942884980916,-0.29119282425814813,0.29119282425814813,0.2923816171181862
Correa2015a_article_formula_project_bt,9695012225.972996,1.04,0.7849459651372136,7610060728.7334585,0.08513942884980916,-0.29119282425814813,0.29119282425814813,0.2923816171181862
Correa2015a_article_formula_project_bt,9695012225.972996,1.06,0.7810363251788478,7572156721.53795,0.08513942884980916,-0.29119282425814813,0.29119282425814813,0.2923816171181862
Correa2015a_article_formula_project_bt,9695012225.972996,1.08,0.7771399212327386,7534381037.643091,0.08513942884980916,-0.29119282425814813,0.29119282425814813,0.2923816171181862
Correa2015a_article_formula_project_bt,9695012225.972996,1.1,0.7732568684279583,7496734793.226647,0.08513942884980916,-0.29119282425814813,0.29119282425814813,0.2923816171181862
Correa2015a_article_formula_project_bt,9695012225.972996,1.12,0.7693872758556678,7459219045.928757,0.08513942884980916,-0.29119282425814813,0.29119282425814813,0.2923816171181862
Correa2015a_article_formula_project_bt,9695012225.972996,1.1400000000000001,0.7655312468011332,7421834797.1013365,0.08513942884980916,-0.29119282425814813,0.29119282425814813,0.2923816171181862
Correa2015a_article_formula_project_bt,9695012225.972996,1.16,0.7616888789654092,7384582993.957307,0.08513942884980916,-0.29119282425814813,0.29119282425814813,0.2923816171181862
Correa2015a_article_formula_project_bt,9695012225.972996,1.18,0.7578602646772463,7347464531.625033,0.08513942884980916,-0.29119282425814813,0.29119282425814813,0.2923816171181862
Correa2015a_article_formula_project_bt,9695012225.972996,1.2,0.7540454910957294,7310480255.112908,0.08513942884980916,-0.29119282425814813,0.29119282425814813,0.2923816171181862
Correa2015a_article_formula_project_bt,9695012225.972996,1.22,0.7502446404041352,7273630961.188805,0.08513942884980916,-0.29119282425814813,0.29119282425814813,0.2923816171181862
Correa2015a_article_formula_project_bt,9695012225.972996,1.24,0.7464577899954618,7236917400.178784,0.08513942884980916,-0.29119282425814813,0.29119282425814813,0.2923816171181862
Correa2015a_article_formula_project_bt,9695012225.972996,1.26,0.7426850126500545,7200340277.689187,0.08513942884980916,-0.29119282425814813,0.29119282425814813,0.2923816171181862
Correa2015a_article_formula_project_bt,9695012225.972996,1.28,0.7389263767057325,7163900256.256003,0.08513942884980916,-0.29119282425814813,0.29119282425814813,0.2923816171181862
Correa2015a_article_formula_project_bt,9695012225.972996,1.3,0.7351819462207881,7127597956.925162,0.08513942884980916,-0.29119282425814813,0.29119282425814813,0.2923816171181862
Correa2015a_article_formula_project_bt,9695012225.972996,1.32,0.7314517811302222,7091433960.767228,0.08513942884980916,-0.29119282425814813,0.29119282425814813,0.2923816171181862
Correa2015a_article_formula_project_bt,9695012225.972996,1.34,0.7277359373955394,7055408810.329674,0.08513942884980916,-0.29119282425814813,0.29119282425814813,0.2923816171181862
Correa2015a_article_formula_project_bt,9695012225.972996,1.36,0.7240344671484279,7019523011.029852,0.08513942884980916,-0.29119282425814813,0.29119282425814813,0.2923816171181862
Correa2015a_article_formula_project_bt,9695012225.972996,1.3800000000000001,0.7203474188286143,6983777032.491506,0.08513942884980916,-0.29119282425814813,0.29119282425814813,0.2923816171181862
Correa2015a_article_formula_project_bt,9695012225.972996,1.4000000000000001,0.7166748373161783,6948171309.827557,0.08513942884980916,-0.29119282425814813,0.29119282425814813,0.2923816171181862
Correa2015a_article_formula_project_bt,9695012225.972996,1.42,0.713016764058587,6912706244.871704,0.08513942884980916,-0.29119282425814813,0.29119282425814813,0.2923816171181862
Correa2015a_article_formula_project_bt,9695012225.972996,1.44,0.7093732371927047,6877382207.361314,0.08513942884980916,-0.29119282425814813,0.29119282425814813,0.2923816171181862
Correa2015a_article_formula_project_bt,9695012225.972996,1.46,0.7057442916620066,6842199536.073806,0.08513942884980916,-0.29119282425814813,0.29119282425814813,0.2923816171181862
Correa2015a_article_formula_project_bt,9695012225.972996,1.48,0.7021299593292275,6807158539.918783,0.08513942884980916,-0.29119282425814813,0.29119282425814813,0.2923816171181862
Correa2015a_article_formula_project_bt,9695012225.972996,1.5,0.6985302690846487,6772259498.987875,0.08513942884980916,-0.29119282425814813,0.29119282425814813,0.2923816171181862
Correa2015a_article_formula_project_bt,9695012225.972996,1.52,0.694945246950229,6737502665.564293,0.08513942884980916,-0.29119282425814813,0.29119282425814813,0.2923816171181862
Correa2015a_article_formula_project_bt,9695012225.972996,1.54,0.6913749161797647,6702888265.093873,0.08513942884980916,-0.29119282425814813,0.29119282425814813,0.2923816171181862
Correa2015a_article_formula_project_bt,9695012225.972996,1.56,0.6878192973552579,6668416497.119381,0.08513942884980916,-0.29119282425814813,0.29119282425814813,0.2923816171181862
Correa2015a_article_formula_project_bt,9695012225.972996,1.58,0.6842784084796658,6634087536.179704,0.08513942884980916,-0.29119282425814813,0.29119282425814813,0.2923816171181862
Correa2015a_article_formula_project_bt,9695012225.972996,1.6,0.680752265066186,6599901532.675483,0.08513942884980916,-0.29119282425814813,0.29119282425814813,0.2923816171181862
Correa2015a_article_formula_project_bt,9695012225.972996,1.62,0.6772408802242343,6565858613.702665,0.08513942884980916,-0.29119282425814813,0.29119282425814813,0.2923816171181862
Correa2015a_article_formula_project_bt,9695012225.972996,1.6400000000000001,0.6737442647422601,6531958883.855399,0.08513942884980916,-0.29119282425814813,0.29119282425814813,0.2923816171181862
Correa2015a_article_formula_project_bt,9695012225.972996,1.6600000000000001,0.6702624271675311,6498202425.999549,0.08513942884980916,-0.29119282425814813,0.29119282425814813,0.2923816171181862
Correa2015a_article_formula_project_bt,9695012225.972996,1.68,0.6667953738830241,6464589302.018153,0.08513942884980916,-0.29119282425814813,0.29119282425814813,0.2923816171181862
Correa2015a_article_formula_project_bt,9695012225.972996,1.7,0.6633431091815398,6431119553.529968,0.08513942884980916,-0.29119282425814813,0.29119282425814813,0.2923816171181862
Correa2015a_article_formula_project_bt,9695012225.972996,1.72,0.6599056353371646,6397793202.582289,0.08513942884980916,-0.29119282425814813,0.29119282425814813,0.2923816171181862
Correa2015a_article_formula_project_bt,9695012225.972996,1.74,0.6564829526741846,6364610252.319071,0.08513942884980916,-0.29119282425814813,0.29119282425814813,0.2923816171181862
Correa2015a_article_formula_project_bt,9695012225.972996,1.76,0.6530750596335642,6331570687.625448,0.08513942884980916,-0.29119282425814813,0.29119282425814813,0.2923816171181862
Correa2015a_article_formula_project_bt,9695012225.972996,1.78,0.6496819528370857,6298674475.7495575,0.08513942884980916,-0.29119282425814813,0.29119282425814813,0.2923816171181862
Correa2015a_article_formula_project_bt,9695012225.972996,1.8,0.6463036271492493,6265921566.902664,0.08513942884980916,-0.29119282425814813,0.29119282425814813,0.2923816171181862
Correa2015a_article_formula_project_bt,9695012225.972996,1.82,0.6429400757370216,6233311894.8384285,0.08513942884980916,-0.29119282425814813,0.29119282425814813,0.2923816171181862
Correa2015a_article_formula_project_bt,9695012225.972996,1.84,0.639591290127524,6200845377.412187,0.08513942884980916,-0.29119282425814813,0.29119282425814813,0.2923816171181862
Correa2015a_article_formula_project_bt,9695012225.972996,1.86,0.6362572602637393,6168521917.121035,0.08513942884980916,-0.29119282425814813,0.29119282425814813,0.2923816171181862
Correa2015a_article_formula_project_bt,9695012225.972996,1.8800000000000001,0.6329379745583189,6136341401.625486,0.08513942884980916,-0.29119282425814813,0.29119282425814813,0.2923816171181862
Correa2015a_article_formula_project_bt,9695012225.972996,1.9000000000000001,0.6296334199455659,6104303704.25345,0.08513942884980916,-0.29119282425814813,0.29119282425814813,0.2923816171181862
Correa2015a_article_formula_project_bt,9695012225.972996,1.92,0.6263435819316637,6072408684.487199,0.08513942884980916,-0.29119282425814813,0.29119282425814813,0.2923816171181862
Correa2015a_article_formula_project_bt,9695012225.972996,1.94,0.6230684446432211,6040656188.434007,0.08513942884980916,-0.29119282425814813,0.29119282425814813,0.2923816171181862
Correa2015a_article_formula_project_bt,9695012225.972996,1.96,0.619807990874198,6009046049.281109,0.08513942884980916,-0.29119282425814813,0.29119282425814813,0.2923816171181862
Correa2015a_article_formula_project_bt,9695012225.972996,1.98,0.6165622021312751,5977578087.735545,0.08513942884980916,-0.29119282425814813,0.29119282425814813,0.2923816171181862
Correa2015a_article_formula_project_bt,9695012225.972996,2.0,0.613331058677727,5946252112.449524,0.08513942884980916,-0.29119282425814813,0.29119282425814813,0.2923816171181862
Correa2015a_article_formula_project_bt,9695012225.972996,2.02,0.6101145395758546,5915067920.431795,0.08513942884980916,-0.29119282425814813,0.29119282425814813,0.2923816171181862
Correa2015a_article_formula_project_bt,9695012225.972996,2.04,0.6069126227280336,5884025297.4456215,0.08513942884980916,-0.29119282425814813,0.29119282425814813,0.2923816171181862
Correa2015a_article_formula_project_bt,9695012225.972996,2.06,0.6037252849164295,5853124018.393814,0.08513942884980916,-0.29119282425814813,0.29119282425814813,0.2923816171181862
Correa2015a_article_formula_project_bt,9695012225.972996,2.08,0.6005525018414286,5822363847.69132,0.08513942884980916,-0.29119282425814813,0.29119282425814813,0.2923816171181862
Correa2015a_article_formula_project_bt,9695012225.972996,2.1,0.5973942481588345,5791744539.625846,0.08513942884980916,-0.29119282425814813,0.29119282425814813,0.2923816171181862
Correa2015a_article_formula_project_bt,9695012225.972996,2.12,0.5942504975158738,5761265838.706932,0.08513942884980916,-0.29119282425814813,0.29119282425814813,0.2923816171181862
Correa2015a_article_formula_project_bt,9695012225.972996,2.14,0.5911212225860555,5730927480.003913,0.08513942884980916,-0.29119282425814813,0.29119282425814813,0.2923816171181862
Correa2015a_article_formula_project_bt,9695012225.972996,2.16,0.5880063951029258,5700729189.473174,0.08513942884980916,-0.29119282425814813,0.29119282425814813,0.2923816171181862
Correa2015a_article_formula_project_bt,9695012225.972996,2.18,0.5849059858927586,5670670684.275083,0.08513942884980916,-0.29119282425814813,0.29119282425814813,0.2923816171181862
Correa2015a_article_formula_project_bt,9695012225.972996,2.2,0.5818199649062187,5640751673.08097,0.08513942884980916,-0.29119282425814813,0.29119282425814813,0.2923816171181862
Correa2015a_article_formula_project_bt,9695012225.972996,2.22,0.5787483012490356,5610971856.370503,0.08513942884980916,-0.29119282425814813,0.29119282425814813,0.2923816171181862
Correa2015a_article_formula_project_bt,9695012225.972996,2.24,0.5756909632117245,5581330926.719839,0.08513942884980916,-0.29119282425814813,0.29119282425814813,0.2923816171181862
Correa2015a_article_formula_project_bt,9695012225.972996,2.2600000000000002,0.5726479182983831,5551828569.08081,0.08513942884980916,-0.29119282425814813,0.29119282425814813,0.2923816171181862
Correa2015a_article_formula_project_bt,9695012225.972996,2.2800000000000002,0.5696191332546033,5522464461.05152,0.08513942884980916,-0.29119282425814813,0.29119282425814813,0.2923816171181862
Correa2015a_article_formula_project_bt,9695012225.972996,2.3000000000000003,0.5666045740945237,5493238273.138629,0.08513942884980916,-0.29119282425814813,0.29119282425814813,0.2923816171181862
Correa2015a_article_formula_project_bt,9695012225.972996,2.32,0.5636042061270543,5464149669.011596,0.08513942884980916,-0.29119282425814813,0.29119282425814813,0.2923816171181862
Correa2015a_article_formula_project_bt,9695012225.972996,2.34,0.5606179939813034,5435198305.749192,0.08513942884980916,-0.29119282425814813,0.29119282425814813,0.2923816171181862
Correa2015a_article_formula_project_bt,9695012225.972996,2.36,0.5576459016312312,5406383834.078521,0.08513942884980916,-0.29119282425814813,0.29119282425814813,0.2923816171181862
Correa2015a_article_formula_project_bt,9695012225.972996,2.38,0.5546878924195591,5377705898.606819,0.08513942884980916,-0.29119282425814813,0.29119282425814813,0.2923816171181862
Correa2015a_article_formula_project_bt,9695012225.972996,2.4,0.5517439290809592,5349164138.046276,0.08513942884980916,-0.29119282425814813,0.29119282425814813,0.2923816171181862
Correa2015a_article_formula_project_bt,9695012225.972996,2.42,0.5488139737645455,5320758185.432092,0.08513942884980916,-0.29119282425814813,0.29119282425814813,0.2923816171181862
Correa2015a_article_formula_project_bt,9695012225.972996,2.44,0.5458979880556968,5292487668.334041,0.08513942884980916,-0.29119282425814813,0.29119282425814813,0.2923816171181862
Correa2015a_article_formula_project_bt,9695012225.972996,2.46,0.5429959329972254,5264352209.061713,0.08513942884980916,-0.29119282425814813,0.29119282425814813,0.2923816171181862
Correa2015a_article_formula_project_bt,9695012225.972996,2.48,0.5401077691099196,5236351424.863671,0.08513942884980916,-0.29119282425814813,0.29119282425814813,0.2923816171181862
Correa2015a_article_formula_project_bt,9695012225.972996,2.5,0.5372334564124787,5208484928.120711,0.08513942884980916,-0.29119282425814813,0.29119282425814813,0.2923816171181862
Correa2015a_article_formula_project_bt,9695012225.972996,2.52,0.5343729544408579,5180752326.533427,0.08513942884980916,-0.29119282425814813,0.29119282425814813,0.2923816171181862
Correa2015a_article_formula_project_bt,9695012225.972996,2.54,0.5315262222670474,5153153223.304264,0.08513942884980916,-0.29119282425814813,0.29119282425814813,0.2923816171181862
Correa2015a_article_formula_project_bt,9695012225.972996,2.56,0.5286932185172993,5125687217.31423,0.08513942884980916,-0.29119282425814813,0.29119282425814813,0.2923816171181862
Correa2015a_article_formula_project_bt,9695012225.972996,2.58,0.5258739013898229,5098353903.294451,0.08513942884980916,-0.29119282425814813,0.29119282425814813,0.2923816171181862
Correa2015a_article_formula_project_bt,9695012225.972996,2.6,0.5230682286719646,5071152871.992735,0.08513942884980916,-0.29119282425814813,0.29119282425814813,0.2923816171181862
Correa2015a_article_formula_project_bt,9695012225.972996,2.62,0.5202761577568886,5044083710.33529,0.08513942884980916,-0.29119282425814813,0.29119282425814813,0.2923816171181862
Correa2015a_article_formula_project_bt,9695012225.972996,2.64,0.5174976456597752,5017146001.583761,0.08513942884980916,-0.29119282425814813,0.29119282425814813,0.2923816171181862
Correa2015a_article_formula_project_bt,9695012225.972996,2.66,0.514732649033551,4990339325.487744,0.08513942884980916,-0.29119282425814813,0.29119282425814813,0.2923816171181862
Correa2015a_article_formula_project_bt,9695012225.972996,2.68,0.5119811241841664,4963663258.432892,0.08513942884980916,-0.29119282425814813,0.29119282425814813,0.2923816171181862
Correa2015a_article_formula_project_bt,9695012225.972996,2.7,0.5092430270854336,4937117373.584776,0.08513942884980916,-0.29119282425814813,0.29119282425814813,0.2923816171181862
Correa2015a_article_formula_project_bt,9695012225.972996,2.72,0.5065183133934401,4910701241.028624,0.08513942884980916,-0.29119282425814813,0.29119282425814813,0.2923816171181862
Correa2015a_article_formula_project_bt,9695012225.972996,2.74,0.5038069384605507,4884414427.905064,0.08513942884980916,-0.29119282425814813,0.29119282425814813,0.2923816171181862
Correa2015a_article_formula_project_bt,9695012225.972996,2.7600000000000002,0.5011088573490092,4858256498.542003,0.08513942884980916,-0.29119282425814813,0.29119282425814813,0.2923816171181862
Correa2015a_article_formula_project_bt,9695012225.972996,2.7800000000000002,0.4984240248441536,4832227014.582737,0.08513942884980916,-0.29119282425814813,0.29119282425814813,0.2923816171181862
Correa2015a_article_formula_project_bt,9695012225.972996,2.8000000000000003,0.4957523954672563,4806325535.11045,0.08513942884980916,-0.29119282425814813,0.29119282425814813,0.2923816171181862
Correa2015a_article_formula_project_bt,9695012225.972996,2.82,0.49309392348800046,4780551616.769157,0.08513942884980916,-0.29119282425814813,0.29119282425814813,0.2923816171181862
Correa2015a_article_formula_project_bt,9695012225.972996,2.84,0.49044856293660355,4754904813.881258,0.08513942884980916,-0.29119282425814813,0.29119282425814813,0.2923816171181862
Correa2015a_article_formula_project_bt,9695012225.972996,2.86,0.4878162676155988,4729384678.561746,0.08513942884980916,-0.29119282425814813,0.29119282425814813,0.2923816171181862
Correa2015a_article_formula_project_bt,9695012225.972996,2.88,0.4851969911112859,4703990760.829227,0.08513942884980916,-0.29119282425814813,0.29119282425814813,0.2923816171181862
Correa2015a_article_formula_project_bt,9695012225.972996,2.9,0.48259068680485684,4678722608.713792,0.08513942884980916,-0.29119282425814813,0.29119282425814813,0.2923816171181862
Correa2015a_article_formula_project_bt,9695012225.972996,2.92,0.4799973078832134,4653579768.361877,0.08513942884980916,-0.29119282425814813,0.29119282425814813,0.2923816171181862
Correa2015a_article_formula_project_bt,9695012225.972996,2.94,0.47741680734947817,4628561784.1381855,0.08513942884980916,-0.29119282425814813,0.29119282425814813,0.2923816171181862
Correa2015a_article_formula_project_bt,9695012225.972996,2.96,0.47484913803321355,4603668198.724744,0.08513942884980916,-0.29119282425814813,0.29119282425814813,0.2923816171181862
Correa2015a_article_formula_project_bt,9695012225.972996,2.98,0.47229425260035396,4578898553.21721,0.08513942884980916,-0.29119282425814813,0.29119282425814813,0.2923816171181862
Correa2015a_article_formula_project_bt,9695012225.972996,3.0,0.4697521035628615,4554252387.218475,0.08513942884980916,-0.29119282425814813,0.29119282425814813,0.2923816171181862
Correa2015a_article_formula_project_bt,9695012225.972996,3.02,0.46722264328811236,4529729238.929669,0.08513942884980916,-0.29119282425814813,0.29119282425814813,0.2923816171181862
Correa2015a_article_formula_project_bt,9695012225.972996,3.04,0.46470582400802174,4505328645.2386265,0.08513942884980916,-0.29119282425814813,0.29119282425814813,0.2923816171181862
Correa2015a_article_formula_project_bt,9695012225.972996,3.06,0.46220159782791503,4481050141.80589,0.08513942884980916,-0.29119282425814813,0.29119282425814813,0.2923816171181862
Correa2015a_article_formula_project_bt,9695012225.972996,3.08,0.45970991673515266,4456893263.148333,0.08513942884980916,-0.29119282425814813,0.29119282425814813,0.2923816171181862
Correa2015a_article_formula_project_bt,9695012225.972996,3.1,0.4572307326075151,4432857542.7204485,0.08513942884980916,-0.29119282425814813,0.29119282425814813,0.2923816171181862
Correa2015a_article_formula_project_bt,9695012225.972996,3.12,0.4547639972213559,4408942512.993395,0.08513942884980916,-0.29119282425814813,0.29119282425814813,0.2923816171181862
Correa2015a_article_formula_project_bt,9695012225.972996,3.14,0.45230966225952807,4385147705.531841,0.08513942884980916,-0.29119282425814813,0.29119282425814813,0.2923816171181862
Correa2015a_article_formula_project_bt,9695012225.972996,3.16,0.44986767931909066,4361472651.068683,0.08513942884980916,-0.29119282425814813,0.29119282425814813,0.2923816171181862
Correa2015a_article_formula_project_bt,9695012225.972996,3.18,0.447437999918803,4337916879.5777,0.08513942884980916,-0.29119282425814813,0.29119282425814813,0.2923816171181862
Correa2015a_article_formula_project_bt,9695012225.972996,3.2,0.4450205755064102,4314479920.344186,0.08513942884980916,-0.29119282425814813,0.29119282425814813,0.2923816171181862
Correa2015a_article_formula_project_bt,9695012225.972996,3.22,0.4426153574657275,4291161302.033636,0.08513942884980916,-0.29119282425814813,0.29119282425814813,0.2923816171181862
Correa2015a_article_formula_project_bt,9695012225.972996,3.24,0.4402222971235286,4267960552.758527,0.08513942884980916,-0.29119282425814813,0.29119282425814813,0.2923816171181862
Correa2015a_article_formula_project_bt,9695012225.972996,3.2600000000000002,0.43784134575624395,4244877200.1432548,0.08513942884980916,-0.29119282425814813,0.29119282425814813,0.2923816171181862
Correa2015a_article_formula_project_bt,9695012225.972996,3.2800000000000002,0.4354724545964716,4221910771.3872623,0.08513942884980916,-0.29119282425814813,0.29119282425814813,0.2923816171181862
Correa2015a_article_formula_project_bt,9695012225.972996,3.3000000000000003,0.4331155748393105,4199060793.3264375,0.08513942884980916,-0.29119282425814813,0.29119282425814813,0.2923816171181862
Correa2015a_article_formula_project_bt,9695012225.972996,3.3200000000000003,0.4307706576485168,4176326792.4927983,0.08513942884980916,-0.29119282425814813,0.29119282425814813,0.2923816171181862
Correa2015a_article_formula_project_bt,9695012225.972996,3.34,0.4284376541624899,4153708295.1725297,0.08513942884980916,-0.29119282425814813,0.29119282425814813,0.2923816171181862
Correa2015a_article_formula_project_bt,9695012225.972996,3.36,0.4261165155000929,4131204827.462412,0.08513942884980916,-0.29119282425814813,0.29119282425814813,0.2923816171181862
Correa2015a_article_formula_project_bt,9695012225.972996,3.38,0.42380719276631124,4108815915.3246818,0.08513942884980916,-0.29119282425814813,0.29119282425814813,0.2923816171181862
Correa2015a_article_formula_project_bt,9695012225.972996,3.4,0.42150963705775474,4086541084.6403723,0.08513942884980916,-0.29119282425814813,0.29119282425814813,0.2923816171181862
Correa2015a_article_formula_project_bt,9695012225.972996,3.42,0.4192237994680068,4064379861.2611775,0.08513942884980916,-0.29119282425814813,0.29119282425814813,0.2923816171181862
Correa2015a_article_formula_project_bt,9695012225.972996,3.44,0.4169496310928247,4042331771.0598655,0.08513942884980916,-0.29119282425814813,0.29119282425814813,0.2923816171181862
Correa2015a_article_formula_project_bt,9695012225.972996,3.46,0.41468708303519497,4020396339.9792943,0.08513942884980916,-0.29119282425814813,0.29119282425814813,0.2923816171181862
Correa2015a_article_formula_project_bt,9695012225.972996,3.48,0.4124361064102486,3998573094.0800595,0.08513942884980916,-0.29119282425814813,0.29119282425814813,0.2923816171181862
Correa2015a_article_formula_project_bt,9695012225.972996,3.5,0.4101966523500388,3976861559.586821,0.08513942884980916,-0.29119282425814813,0.29119282425814813,0.2923816171181862
Correa2015a_article_formula_project_bt,9695012225.972996,3.52,0.40796867200818493,3955261262.93332,0.08513942884980916,-0.29119282425814813,0.29119282425814813,0.2923816171181862
Correa2015a_article_formula_project_bt,9695012225.972996,3.54,0.4057521165643871,3933771730.806153,0.08513942884980916,-0.29119282425814813,0.29119282425814813,0.2923816171181862
Correa2015a_article_formula_project_bt,9695012225.972996,3.56,0.4035469372288136,3912392490.1873045,0.08513942884980916,-0.29119282425814813,0.29119282425814813,0.2923816171181862
Correa2015a_article_formula_project_bt,9695012225.972996,3.58,0.40135308524636554,3891123068.395496,0.08513942884980916,-0.29119282425814813,0.29119282425814813,0.2923816171181862
Correa2015a_article_formula_project_bt,9695012225.972996,3.6,0.3991705119008224,3869962993.126373,0.08513942884980916,-0.29119282425814813,0.29119282425814813,0.2923816171181862
Correa2015a_article_formula_project_bt,9695012225.972996,3.62,0.3969991685188683,3848911792.491542,0.08513942884980916,-0.29119282425814813,0.29119282425814813,0.2923816171181862
Correa2015a_article_formula_project_bt,9695012225.972996,3.64,0.3948390064740069,3827968995.0565276,0.08513942884980916,-0.29119282425814813,0.29119282425814813,0.2923816171181862
Correa2015a_article_formula_project_bt,9695012225.972996,3.66,0.3926899771903641,3807134129.8776364,0.08513942884980916,-0.29119282425814813,0.29119282425814813,0.2923816171181862
Correa2015a_article_formula_project_bt,9695012225.972996,3.68,0.39055203214638373,3786406726.537789,0.08513942884980916,-0.29119282425814813,0.29119282425814813,0.2923816171181862
Correa2015a_article_formula_project_bt,9695012225.972996,3.7,0.3884251228784169,3765786315.181315,0.08513942884980916,-0.29119282425814813,0.29119282425814813,0.2923816171181862
Correa2015a_article_formula_project_bt,9695012225.972996,3.72,0.38630920098420984,3745272426.547774,0.08513942884980916,-0.29119282425814813,0.29119282425814813,0.2923816171181862
Correa2015a_article_formula_project_bt,9695012225.972996,3.74,0.3842042181262909,3724864592.004786,0.08513942884980916,-0.29119282425814813,0.29119282425814813,0.2923816171181862
Correa2015a_article_formula_project_bt,9695012225.972996,3.7600000000000002,0.3821101260352618,3704562343.5799456,0.08513942884980916,-0.29119282425814813,0.29119282425814813,0.2923816171181862
Correa2015a_article_formula_project_bt,9695012225.972996,3.7800000000000002,0.38002687651299205,3684365213.991788,0.08513942884980916,-0.29119282425814813,0.29119282425814813,0.2923816171181862
Correa2015a_article_formula_project_bt,9695012225.972996,3.8000000000000003,0.3779544214357231,3664272736.679886,0.08513942884980916,-0.29119282425814813,0.29119282425814813,0.2923816171181862
Correa2015a_article_formula_project_bt,9695012225.972996,3.8200000000000003,0.3758927127570803,3644284445.834049,0.08513942884980916,-0.29119282425814813,0.29119282425814813,0.2923816171181862
Correa2015a_article_formula_project_bt,9695012225.972996,3.84,0.373841702510999,3624399876.422695,0.08513942884980916,-0.29119282425814813,0.29119282425814813,0.2923816171181862
Correa2015a_article_formula_project_bt,9695012225.972996,3.86,0.3718013428145633,3604618564.220368,0.08513942884980916,-0.29119282425814813,0.29119282425814813,0.2923816171181862
Correa2015a_article_formula_project_bt,9695012225.972996,3.88,0.36977158587076364,3584940045.834477,0.08513942884980916,-0.29119282425814813,0.29119282425814813,0.2923816171181862
Correa2015a_article_formula_project_bt,9695012225.972996,3.9,0.3677523839711703,3565363858.7312117,0.08513942884980916,-0.29119282425814813,0.29119282425814813,0.2923816171181862
Correa2015a_article_formula_project_bt,9695012225.972996,3.92,0.3657436894985305,3545889541.260724,0.08513942884980916,-0.29119282425814813,0.29119282425814813,0.2923816171181862
Correa2015a_article_formula_project_bt,9695012225.972996,3.94,0.36374545492928534,3526516632.6815305,0.08513942884980916,-0.29119282425814813,0.29119282425814813,0.2923816171181862
Correa2015a_article_formula_project_bt,9695012225.972996,3.96,0.36175763283601436,3507244673.1842093,0.08513942884980916,-0.29119282425814813,0.29119282425814813,0.2923816171181862
Correa2015a_article_formula_project_bt,9695012225.972996,3.98,0.3597801758898044,3488073203.914368,0.08513942884980916,-0.29119282425814813,0.29119282425814813,0.2923816171181862
Correa2015a_article_formula_project_bt,9695012225.972996,4.0,0.35781303686254745,3469001766.9949236,0.08513942884980916,-0.29119282425814813,0.29119282425814813,0.2923816171181862
Correa2015a_article_formula_project_bt,9695012225.972996,4.0200000000000005,0.355856168629169,3450029905.547702,0.08513942884980916,-0.29119282425814813,0.29119282425814813,0.2923816171181862
Correa2015a_article_formula_project_bt,9695012225.972996,4.04,0.3539095241697885,3431157163.714385,0.08513942884980916,-0.29119282425814813,0.29119282425814813,0.2923816171181862
Correa2015a_article_formula_project_bt,9695012225.972996,4.0600000000000005,0.35197305657181155,3412383086.676798,0.08513942884980916,-0.29119282425814813,0.29119282425814813,0.2923816171181862
Correa2015a_article_formula_project_bt,9695012225.972996,4.08,0.3500467190319603,3393707220.676589,0.08513942884980916,-0.29119282425814813,0.29119282425814813,0.2923816171181862
Correa2015a_article_formula_project_bt,9695012225.972996,4.1,0.34813046485823756,3375129113.0342755,0.08513942884980916,-0.29119282425814813,0.29119282425814813,0.2923816171181862
Correa2015a_article_formula_project_bt,9695012225.972996,4.12,0.34622424747183156,3356648312.167707,0.08513942884980916,-0.29119282425814813,0.29119282425814813,0.2923816171181862
Correa2015a_article_formula_project_bt,9695012225.972996,4.14,0.3443280204089592,3338264367.6099386,0.08513942884980916,-0.29119282425814813,0.29119282425814813,0.2923816171181862
Correa2015a_article_formula_project_bt,9695012225.972996,4.16,0.34244173732265126,3319976830.026537,0.08513942884980916,-0.29119282425814813,0.29119282425814813,0.2923816171181862
Correa2015a_article_formula_project_bt,9695012225.972996,4.18,0.3405653519844804,3301785251.232334,0.08513942884980916,-0.29119282425814813,0.29119282425814813,0.2923816171181862
Correa2015a_article_formula_project_bt,9695012225.972996,4.2,0.3386988182862323,3283689184.207628,0.08513942884980916,-0.29119282425814813,0.29119282425814813,0.2923816171181862
Correa2015a_article_formula_project_bt,9695012225.972996,4.22,0.3368420902415244,3265688183.1138783,0.08513942884980916,-0.29119282425814813,0.29119282425814813,0.2923816171181862
Correa2015a_article_formula_project_bt,9695012225.972996,4.24,0.33499512198736897,3247781803.3088574,0.08513942884980916,-0.29119282425814813,0.29119282425814813,0.2923816171181862
Correa2015a_article_formula_project_bt,9695012225.972996,4.26,0.3331578677856869,3229969601.3613296,0.08513942884980916,-0.29119282425814813,0.29119282425814813,0.2923816171181862
Correa2015a_article_formula_project_bt,9695012225.972996,4.28,0.3313302820247682,3212251135.0652084,0.08513942884980916,-0.29119282425814813,0.29119282425814813,0.2923816171181862
Correa2015a_article_formula_project_bt,9695012225.972996,4.3,0.32951231922068575,3194625963.4532647,0.08513942884980916,-0.29119282425814813,0.29119282425814813,0.2923816171181862
Correa2015a_article_formula_project_bt,9695012225.972996,4.32,0.32770393401865844,3177093646.8103414,0.08513942884980916,-0.29119282425814813,0.29119282425814813,0.2923816171181862
Correa2015a_article_formula_project_bt,9695012225.972996,4.34,0.3259050811943697,3159653746.686136,0.08513942884980916,-0.29119282425814813,0.29119282425814813,0.2923816171181862
Correa2015a_article_formula_project_bt,9695012225.972996,4.36,0.32411571565523795,3142305825.907519,0.08513942884980916,-0.29119282425814813,0.29119282425814813,0.2923816171181862
Correa2015a_article_formula_project_bt,9695012225.972996,4.38,0.3223357924416437,3125049448.5904293,0.08513942884980916,-0.29119282425814813,0.29119282425814813,0.2923816171181862
Correa2015a_article_formula_project_bt,9695012225.972996,4.4,0.3205652667281125,3107884180.151345,0.08513942884980916,-0.29119282425814813,0.29119282425814813,0.2923816171181862
Correa2015a_article_formula_project_bt,9695012225.972996,4.42,0.3188040938244553,3090809587.318336,0.08513942884980916,-0.29119282425814813,0.29119282425814813,0.2923816171181862
Correa2015a_article_formula_project_bt,9695012225.972996,4.44,0.3170522291768668,3073825238.141716,0.08513942884980916,-0.29119282425814813,0.29119282425814813,0.2923816171181862
Correa2015a_article_formula_project_bt,9695012225.972996,4.46,0.3153096283689839,3056930702.0043006,0.08513942884980916,-0.29119282425814813,0.29119282425814813,0.2923816171181862
Correa2015a_article_formula_project_bt,9695012225.972996,4.48,0.3135762471229042,3040125549.6312857,0.08513942884980916,-0.29119282425814813,0.29119282425814813,0.2923816171181862
Correa2015a_article_formula_project_bt,9695012225.972996,4.5,0.3118520413001656,3023409353.099741,0.08513942884980916,-0.29119282425814813,0.29119282425814813,0.2923816171181862
Correa2015a_article_formula_project_bt,9695012225.972996,4.5200000000000005,0.3101369669026878,3006781685.8477407,0.08513942884980916,-0.29119282425814813,0.29119282425814813,0.2923816171181862
Correa2015a_article_formula_project_bt,9695012225.972996,4.54,0.30843098007367825,2990242122.683144,0.08513942884980916,-0.29119282425814813,0.29119282425814813,0.2923816171181862
Correa2015a_article_formula_project_bt,9695012225.972996,4.5600000000000005,0.306734037098501,2973790239.7920218,0.08513942884980916,-0.29119282425814813,0.29119282425814813,0.2923816171181862
Correa2015a_article_formula_project_bt,9695012225.972996,4.58,0.30504609440551034,2957425614.7467356,0.08513942884980916,-0.29119282425814813,0.29119282425814813,0.2923816171181862
Correa2015a_article_formula_project_bt,9695012225.972996,4.6000000000000005,0.3033671085668509,2941147826.5136967,0.08513942884980916,-0.29119282425814813,0.29119282425814813,0.2923816171181862
Correa2015a_article_formula_project_bt,9695012225.972996,4.62,0.3016970362992241,2924956455.4607964,0.08513942884980916,-0.29119282425814813,0.29119282425814813,0.2923816171181862
Correa2015a_article_formula_project_bt,9695012225.972996,4.64,0.30003583446462095,2908851083.36451,0.08513942884980916,-0.29119282425814813,0.29119282425814813,0.2923816171181862
Correa2015a_article_formula_project_bt,9695012225.972996,4.66,0.29838346007102473,2892831293.41671,0.08513942884980916,-0.29119282425814813,0.29119282425814813,0.2923816171181862
Correa2015a_article_formula_project_bt,9695012225.972996,4.68,0.2967398702730812,2876896670.231163,0.08513942884980916,-0.29119282425814813,0.29119282425814813,0.2923816171181862
Correa2015a_article_formula_project_bt,9695012225.972996,4.7,0.2951050223727383,2861046799.849732,0.08513942884980916,-0.29119282425814813,0.29119282425814813,0.2923816171181862
Correa2015a_article_formula_project_bt,9695012225.972996,4.72,0.2934788738198577,2845281269.7483068,0.08513942884980916,-0.29119282425814813,0.29119282425814813,0.2923816171181862
Correa2015a_article_formula_project_bt,9695012225.972996,4.74,0.29186138221279556,2829599668.8424306,0.08513942884980916,-0.29119282425814813,0.29119282425814813,0.2923816171181862
Correa2015a_article_formula_project_bt,9695012225.972996,4.76,0.2902525052989562,2814001587.492672,0.08513942884980916,-0.29119282425814813,0.29119282425814813,0.2923816171181862
Correa2015a_article_formula_project_bt,9695012225.972996,4.78,0.2886522009753179,2798486617.5097213,0.08513942884980916,-0.29119282425814813,0.29119282425814813,0.2923816171181862
Correa2015a_article_formula_project_bt,9695012225.972996,4.8,0.2870604272889316,2783054352.159224,0.08513942884980916,-0.29119282425814813,0.29119282425814813,0.2923816171181862
Correa2015a_article_formula_project_bt,9695012225.972996,4.82,0.28547714243739336,2767704386.166363,0.08513942884980916,-0.29119282425814813,0.29119282425814813,0.2923816171181862
Correa2015a_article_formula_project_bt,9695012225.972996,4.84,0.28390230476929135,2752436315.720191,0.08513942884980916,-0.29119282425814813,0.29119282425814813,0.2923816171181862
Correa2015a_article_formula_project_bt,9695012225.972996,4.86,0.2823358727846277,2737249738.4777217,0.08513942884980916,-0.29119282425814813,0.29119282425814813,0.2923816171181862
Correa2015a_article_formula_project_bt,9695012225.972996,4.88,0.2807778051352158,2722144253.5677805,0.08513942884980916,-0.29119282425814813,0.29119282425814813,0.2923816171181862
Correa2015a_article_formula_project_bt,9695012225.972996,4.9,0.2792280606250535,2707119461.5946226,0.08513942884980916,-0.29119282425814813,0.29119282425814813,0.2923816171181862
Correa2015a_article_formula_project_bt,9695012225.972996,4.92,0.2776865982106741,2692174964.6413364,0.08513942884980916,-0.29119282425814813,0.29119282425814813,0.2923816171181862
Correa2015a_article_formula_project_bt,9695012225.972996,4.94,0.2761533770014725,2677310366.273006,0.08513942884980916,-0.29119282425814813,0.29119282425814813,0.2923816171181862
Correa2015a_article_formula_project_bt,9695012225.972996,4.96,0.2746283562600119,2662525271.539683,0.08513942884980916,-0.29119282425814813,0.29119282425814813,0.2923816171181862
Correa2015a_article_formula_project_bt,9695012225.972996,4.98,0.2731114954023062,2647819286.9791265,0.08513942884980916,-0.29119282425814813,0.29119282425814813,0.2923816171181862
Correa2015a_article_formula_project_bt,9695012225.972996,5.0,0.2716027539980833,2633192020.619354,0.08513942884980916,-0.29119282425814813,0.29119282425814813,0.2923816171181862
Correa2015a_article_formula_project_bt,9695012225.972996,5.0200000000000005,0.2701020917710258,2618643081.980975,0.08513942884980916,-0.29119282425814813,0.29119282425814813,0.2923816171181862
Correa2015a_article_formula_project_bt,9695012225.972996,5.04,0.26860946859899393,2604172082.0793557,0.08513942884980916,-0.29119282425814813,0.29119282425814813,0.2923816171181862
Correa2015a_article_formula_project_bt,9695012225.972996,5.0600000000000005,0.2671248445142265,2589778633.426562,0.08513942884980916,-0.29119282425814813,0.29119282425814813,0.2923816171181862
Correa2015a_article_formula_project_bt,9695012225.972996,5.08,0.26564817970352406,2575462350.0331373,0.08513942884980916,-0.29119282425814813,0.29119282425814813,0.2923816171181862
Correa2015a_article_formula_project_bt,9695012225.972996,5.1000000000000005,0.26417943450841275,2561222847.4096937,0.08513942884980916,-0.29119282425814813,0.29119282425814813,0.2923816171181862
Correa2015a_article_formula_project_bt,9695012225.972996,5.12,0.26271856942529054,2547059742.568327,0.08513942884980916,-0.29119282425814813,0.29119282425814813,0.2923816171181862
Correa2015a_article_formula_project_bt,9695012225.972996,5.14,0.2612655451055542,2532972654.0238476,0.08513942884980916,-0.29119282425814813,0.29119282425814813,0.2923816171181862
Correa2015a_article_formula_project_bt,9695012225.972996,5.16,0.2598203223557106,2518961201.7948594,0.08513942884980916,-0.29119282425814813,0.29119282425814813,0.2923816171181862
Correa2015a_article_formula_project_bt,9695012225.972996,5.18,0.2583828621374702,2505025007.404669,0.08513942884980916,-0.29119282425814813,0.29119282425814813,0.2923816171181862
Correa2015a_article_formula_project_bt,9695012225.972996,5.2,0.25695312556782296,2491163693.882018,0.08513942884980916,-0.29119282425814813,0.29119282425814813,0.2923816171181862
Correa2015a_article_formula_project_bt,9695012225.972996,5.22,0.25553107391910046,2477376885.761688,0.08513942884980916,-0.29119282425814813,0.29119282425814813,0.2923816171181862
Correa2015a_article_formula_project_bt,9695012225.972996,5.24,0.25411666861901977,2463664209.084925,0.08513942884980916,-0.29119282425814813,0.29119282425814813,0.2923816171181862
Correa2015a_article_formula_project_bt,9695012225.972996,5.26,0.2527098712507138,2450025291.399732,0.08513942884980916,-0.29119282425814813,0.29119282425814813,0.2923816171181862
Correa2015a_article_formula_project_bt,9695012225.972996,5.28,0.25131064355274485,2436459761.761003,0.08513942884980916,-0.29119282425814813,0.29119282425814813,0.2923816171181862
Correa2015a_article_formula_project_bt,9695012225.972996,5.3,0.24991894741910564,2422967250.7305317,0.08513942884980916,-0.29119282425814813,0.29119282425814813,0.2923816171181862
Correa2015a_article_formula_project_bt,9695012225.972996,5.32,0.24853474489920366,2409547390.376859,0.08513942884980916,-0.29119282425814813,0.29119282425814813,0.2923816171181862
Correa2015a_article_formula_project_bt,9695012225.972996,5.34,0.2471579981978338,2396199814.27501,0.08513942884980916,-0.29119282425814813,0.29119282425814813,0.2923816171181862
Correa2015a_article_formula_project_bt,9695012225.972996,5.36,0.24578866967513566,2382924157.5060782,0.08513942884980916,-0.29119282425814813,0.29119282425814813,0.2923816171181862
Correa2015a_article_formula_project_bt,9695012225.972996,5.38,0.24442672184653863,2369720056.656693,0.08513942884980916,-0.29119282425814813,0.29119282425814813,0.2923816171181862
Correa2015a_article_formula_project_bt,9695012225.972996,5.4,0.2430721173826933,2356587149.8183546,0.08513942884980916,-0.29119282425814813,0.29119282425814813,0.2923816171181862
Correa2015a_article_formula_project_bt,9695012225.972996,5.42,0.24172481910939106,2343525076.586657,0.08513942884980916,-0.29119282425814813,0.29119282425814813,0.2923816171181862
Correa2015a_article_formula_project_bt,9695012225.972996,5.44,0.2403847900074705,2330533478.0603776,0.08513942884980916,-0.29119282425814813,0.29119282425814813,0.2923816171181862
Correa2015a_article_formula_project_bt,9695012225.972996,5.46,0.2390519932127125,2317611996.8404613,0.08513942884980916,-0.29119282425814813,0.29119282425814813,0.2923816171181862
Correa2015a_article_formula_project_bt,9695012225.972996,5.48,0.23772639201572326,2304760277.0288863,0.08513942884980916,-0.29119282425814813,0.29119282425814813,0.2923816171181862
Correa2015a_article_formula_project_bt,9695012225.972996,5.5,0.23640794986180602,2291977964.2274203,0.08513942884980916,-0.29119282425814813,0.29119282425814813,0.2923816171181862
Correa2015a_article_formula_project_bt,9695012225.972996,5.5200000000000005,0.23509663035082132,2279264705.536267,0.08513942884980916,-0.29119282425814813,0.29119282425814813,0.2923816171181862
Correa2015a_article_formula_project_bt,9695012225.972996,5.54,0.23379239723703732,2266620149.552612,0.08513942884980916,-0.29119282425814813,0.29119282425814813,0.2923816171181862
Correa2015a_article_formula_project_bt,9695012225.972996,5.5600000000000005,0.2324952144289684,2254043946.369062,0.08513942884980916,-0.29119282425814813,0.29119282425814813,0.2923816171181862
Correa2015a_article_formula_project_bt,9695012225.972996,5.58,0.23120504598920433,2241535747.571985,0.08513942884980916,-0.29119282425814813,0.29119282425814813,0.2923816171181862
Correa2015a_article_formula_project_bt,9695012225.972996,5.6000000000000005,0.22992185613422864,2229095206.239751,0.08513942884980916,-0.29119282425814813,0.29119282425814813,0.2923816171181862
Correa2015a_article_formula_project_bt,9695012225.972996,5.62,0.22864560923422822,2216721976.9408865,0.08513942884980916,-0.29119282425814813,0.29119282425814813,0.2923816171181862
Correa2015a_article_formula_project_bt,9695012225.972996,5.64,0.22737626981289236,2204415715.732126,0.08513942884980916,-0.29119282425814813,0.29119282425814813,0.2923816171181862
Correa2015a_article_formula_project_bt,9695012225.972996,5.66,0.22611380254720267,2192176080.156374,0.08513942884980916,-0.29119282425814813,0.29119282425814813,0.2923816171181862
Correa2015a_article_formula_project_bt,9695012225.972996,5.68,0.22485817226721502,2180002729.2405915,0.08513942884980916,-0.29119282425814813,0.29119282425814813,0.2923816171181862
Correa2015a_article_formula_project_bt,9695012225.972996,5.7,0.2236093439558309,2167895323.4935813,0.08513942884980916,-0.29119282425814813,0.29119282425814813,0.2923816171181862
Correa2015a_article_formula_project_bt,9695012225.972996,5.72,0.2223672827485619,2155853524.903702,0.08513942884980916,-0.29119282425814813,0.29119282425814813,0.2923816171181862
Correa2015a_article_formula_project_bt,9695012225.972996,5.74,0.22113195393328433,2143876996.9364889,0.08513942884980916,-0.29119282425814813,0.29119282425814813,0.2923816171181862
Correa2015a_article_formula_project_bt,9695012225.972996,5.76,0.21990332294998716,2131965404.5322134,0.08513942884980916,-0.29119282425814813,0.29119282425814813,0.2923816171181862
Correa2015a_article_formula_project_bt,9695012225.972996,5.78,0.21868135539051045,2120118414.1033444,0.08513942884980916,-0.29119282425814813,0.29119282425814813,0.2923816171181862
Correa2015a_article_formula_project_bt,9695012225.972996,5.8,0.21746601699827764,2108335693.531953,0.08513942884980916,-0.29119282425814813,0.29119282425814813,0.2923816171181862
Correa2015a_article_formula_project_bt,9695012225.972996,5.82,0.21625727366801914,2096616912.1670337,0.08513942884980916,-0.29119282425814813,0.29119282425814813,0.2923816171181862
Correa2015a_article_formula_project_bt,9695012225.972996,5.84,0.21505509144548912,2084961740.8217576,0.08513942884980916,-0.29119282425814813,0.29119282425814813,0.2923816171181862
Correa2015a_article_formula_project_bt,9695012225.972996,5.86,0.21385943652717512,2073369851.7706587,0.08513942884980916,-0.29119282425814813,0.29119282425814813,0.2923816171181862
Correa2015a_article_formula_project_bt,9695012225.972996,5.88,0.2126702752600008,2061840918.7467499,0.08513942884980916,-0.29119282425814813,0.29119282425814813,0.2923816171181862
Correa2015a_article_formula_project_bt,9695012225.972996,5.9,0.21148757414102154,2050374616.9385743,0.08513942884980916,-0.29119282425814813,0.29119282425814813,0.2923816171181862
Correa2015a_article_formula_project_bt,9695012225.972996,5.92,0.21031129981711447,2038970622.987197,0.08513942884980916,-0.29119282425814813,0.29119282425814813,0.2923816171181862
Correa2015a_article_formula_project_bt,9695012225.972996,5.94,0.20914141908466063,2027628614.9831269,0.08513942884980916,-0.29119282425814813,0.29119282425814813,0.2923816171181862
Correa2015a_article_formula_project_bt,9695012225.972996,5.96,0.2079778988892226,2016348272.4631886,0.08513942884980916,-0.29119282425814813,0.29119282425814813,0.2923816171181862
Correa2015a_article_formula_project_bt,9695012225.972996,5.98,0.2068207063252146,2005129276.407326,0.08513942884980916,-0.29119282425814813,0.29119282425814813,0.2923816171181862
Correa2015a_article_formula_project_bt,9695012225.972996,6.0,0.2056698086355679,1993971309.2353573,0.08513942884980916,-0.29119282425814813,0.29119282425814813,0.2923816171181862
Correa2015a_article_formula_project_bt,9695012225.972996,6.0200000000000005,0.20452517321138994,1982874054.8036702,0.08513942884980916,-0.29119282425814813,0.29119282425814813,0.2923816171181862
Correa2015a_article_formula_project_bt,9695012225.972996,6.04,0.20338676759161792,1971837198.401864,0.08513942884980916,-0.29119282425814813,0.29119282425814813,0.2923816171181862
Correa2015a_article_formula_project_bt,9695012225.972996,6.0600000000000005,0.2022545594626672,1960860426.7493408,0.08513942884980916,-0.29119282425814813,0.29119282425814813,0.2923816171181862
Correa2015a_article_formula_project_bt,9695012225.972996,6.08,0.2011285166580748,1949943427.9918485,0.08513942884980916,-0.29119282425814813,0.29119282425814813,0.2923816171181862
Correa2015a_article_formula_project_bt,9695012225.972996,6.1000000000000005,0.20000860715813684,1939085891.6979668,0.08513942884980916,-0.29119282425814813,0.29119282425814813,0.2923816171181862
Correa2015a_article_formula_project_bt,9695012225.972996,6.12,0.19889479908954233,1928287508.8555555,0.08513942884980916,-0.29119282425814813,0.29119282425814813,0.2923816171181862
Correa2015a_article_formula_project_bt,9695012225.972996,6.140000000000001,0.19778706072500118,1917547971.8681498,0.08513942884980916,-0.29119282425814813,0.29119282425814813,0.2923816171181862
Correa2015a_article_formula_project_bt,9695012225.972996,6.16,0.19668536048286825,1906866974.5513136,0.08513942884980916,-0.29119282425814813,0.29119282425814813,0.2923816171181862
Correa2015a_article_formula_project_bt,9695012225.972996,6.18,0.1955896669267624,1896244212.1289477,0.08513942884980916,-0.29119282425814813,0.29119282425814813,0.2923816171181862
Correa2015a_article_formula_project_bt,9695012225.972996,6.2,0.19449994876518178,1885679381.2295587,0.08513942884980916,-0.29119282425814813,0.29119282425814813,0.2923816171181862
Correa2015a_article_formula_project_bt,9695012225.972996,6.22,0.19341617485111415,1875172179.8824823,0.08513942884980916,-0.29119282425814813,0.29119282425814813,0.2923816171181862
Correa2015a_article_formula_project_bt,9695012225.972996,6.24,0.19233831418164388,1864722307.5140727,0.08513942884980916,-0.29119282425814813,0.29119282425814813,0.2923816171181862
Correa2015a_article_formula_project_bt,9695012225.972996,6.26,0.19126633589755462,1854329464.9438498,0.08513942884980916,-0.29119282425814813,0.29119282425814813,0.2923816171181862
Correa2015a_article_formula_project_bt,9695012225.972996,6.28,0.19020020928292786,1843993354.380608,0.08513942884980916,-0.29119282425814813,0.29119282425814813,0.2923816171181862
Correa2015a_article_formula_project_bt,9695012225.972996,6.3,0.18913990376473855,1833713679.4184961,0.08513942884980916,-0.29119282425814813,0.29119282425814813,0.2923816171181862
Correa2015a_article_formula_project_bt,9695012225.972996,6.32,0.1880853889124463,1823490145.0330527,0.08513942884980916,-0.29119282425814813,0.29119282425814813,0.2923816171181862
Correa2015a_article_formula_project_bt,9695012225.972996,6.34,0.18703663443758373,1813322457.5772161,0.08513942884980916,-0.29119282425814813,0.29119282425814813,0.2923816171181862
Correa2015a_article_formula_project_bt,9695012225.972996,6.36,0.18599361019334093,1803210324.7772958,0.08513942884980916,-0.29119282425814813,0.29119282425814813,0.2923816171181862
Correa2015a_article_formula_project_bt,9695012225.972996,6.38,0.1849562861741474,1793153455.728919,0.08513942884980916,-0.29119282425814813,0.29119282425814813,0.2923816171181862
Correa2015a_article_formula_project_bt,9695012225.972996,6.4,0.18392463251524976,1783151560.892937,0.08513942884980916,-0.29119282425814813,0.29119282425814813,0.2923816171181862
Correa2015a_article_formula_project_bt,9695012225.972996,6.42,0.182898619492288,1773204352.091315,0.08513942884980916,-0.29119282425814813,0.29119282425814813,0.2923816171181862
Correa2015a_article_formula_project_bt,9695012225.972996,6.44,0.18187821752086697,1763311542.5029812,0.08513942884980916,-0.29119282425814813,0.29119282425814813,0.2923816171181862
Correa2015a_article_formula_project_bt,9695012225.972996,6.46,0.1808633971561266,1753472846.6596568,0.08513942884980916,-0.29119282425814813,0.29119282425814813,0.2923816171181862
Correa2015a_article_formula_project_bt,9695012225.972996,6.48,0.17985412909230838,1743687980.4416552,0.08513942884980916,-0.29119282425814813,0.29119282425814813,0.2923816171181862
Correa2015a_article_formula_project_bt,9695012225.972996,6.5,0.17885038416232013,1733956661.0736606,0.08513942884980916,-0.29119282425814813,0.29119282425814813,0.2923816171181862
Correa2015a_article_formula_project_bt,9695012225.972996,6.5200000000000005,0.1778521333372971,1724278607.1204748,0.08513942884980916,-0.29119282425814813,0.29119282425814813,0.2923816171181862
Correa2015a_article_formula_project_bt,9695012225.972996,6.54,0.17685934772616174,1714653538.4827473,0.08513942884980916,-0.29119282425814813,0.29119282425814813,0.2923816171181862
Correa2015a_article_formula_project_bt,9695012225.972996,6.5600000000000005,0.1758719985751806,1705081176.3926811,0.08513942884980916,-0.29119282425814813,0.29119282425814813,0.2923816171181862
Correa2015a_article_formula_project_bt,9695012225.972996,6.58,0.17489005726751902,1695561243.4097142,0.08513942884980916,-0.29119282425814813,0.29119282425814813,0.2923816171181862
Correa2015a_article_formula_project_bt,9695012225.972996,6.6000000000000005,0.17391349532279354,1686093463.4161808,0.08513942884980916,-0.29119282425814813,0.29119282425814813,0.2923816171181862
Correa2015a_article_formula_project_bt,9695012225.972996,6.62,0.17294228439662276,1676677561.6129565,0.08513942884980916,-0.29119282425814813,0.29119282425814813,0.2923816171181862
Correa2015a_article_formula_project_bt,9695012225.972996,6.640000000000001,0.1719763962801755,1667313264.5150783,0.08513942884980916,-0.29119282425814813,0.29119282425814813,0.2923816171181862
Correa2015a_article_formula_project_bt,9695012225.972996,6.66,0.17101580289971785,1658000299.9473526,0.08513942884980916,-0.29119282425814813,0.29119282425814813,0.2923816171181862
Correa2015a_article_formula_project_bt,9695012225.972996,6.68,0.17006047631615742,1648738397.0399373,0.08513942884980916,-0.29119282425814813,0.29119282425814813,0.2923816171181862
Correa2015a_article_formula_project_bt,9695012225.972996,6.7,0.16911038872458686,1639527286.2239156,0.08513942884980916,-0.29119282425814813,0.29119282425814813,0.2923816171181862
Correa2015a_article_formula_project_bt,9695012225.972996,6.72,0.16816551245382527,1630366699.22685,0.08513942884980916,-0.29119282425814813,0.29119282425814813,0.2923816171181862
Correa2015a_article_formula_project_bt,9695012225.972996,6.74,0.16722581996595745,1621256369.0683167,0.08513942884980916,-0.29119282425814813,0.29119282425814813,0.2923816171181862
Correa2015a_article_formula_project_bt,9695012225.972996,6.76,0.16629128385587316,1612196030.0554361,0.08513942884980916,-0.29119282425814813,0.29119282425814813,0.2923816171181862
Correa2015a_article_formula_project_bt,9695012225.972996,6.78,0.16536187685080297,1603185417.7783756,0.08513942884980916,-0.29119282425814813,0.29119282425814813,0.2923816171181862
Correa2015a_article_formula_project_bt,9695012225.972996,6.8,0.16443757180985458,1594224269.1058526,0.08513942884980916,-0.29119282425814813,0.29119282425814813,0.2923816171181862
Correa2015a_article_formula_project_bt,9695012225.972996,6.82,0.16351834172354648,1585312322.1806133,0.08513942884980916,-0.29119282425814813,0.29119282425814813,0.2923816171181862
Correa2015a_article_formula_project_bt,9695012225.972996,6.84,0.1626041597133414,1576449316.4149106,0.08513942884980916,-0.29119282425814813,0.29119282425814813,0.2923816171181862
Correa2015a_article_formula_project_bt,9695012225.972996,6.86,0.16169499903117746,1567634992.4859571,0.08513942884980916,-0.29119282425814813,0.29119282425814813,0.2923816171181862
Correa2015a_article_formula_project_bt,9695012225.972996,6.88,0.16079083305899983,1558869092.3313863,0.08513942884980916,-0.29119282425814813,0.29119282425814813,0.2923816171181862
Correa2015a_article_formula_project_bt,9695012225.972996,6.9,0.15989163530828937,1550151359.144681,0.08513942884980916,-0.29119282425814813,0.29119282425814813,0.2923816171181862
Correa2015a_article_formula_project_bt,9695012225.972996,6.92,0.1589973794195924,1541481537.3706155,0.08513942884980916,-0.29119282425814813,0.29119282425814813,0.2923816171181862
Correa2015a_article_formula_project_bt,9695012225.972996,6.94,0.1581080391620475,1532859372.7006676,0.08513942884980916,-0.29119282425814813,0.29119282425814813,0.2923816171181862
Correa2015a_article_formula_project_bt,9695012225.972996,6.96,0.1572235884329134,1524284612.0684419,0.08513942884980916,-0.29119282425814813,0.29119282425814813,0.2923816171181862
Correa2015a_article_formula_project_bt,9695012225.972996,6.98,0.1563440012570945,1515757003.6450686,0.08513942884980916,-0.29119282425814813,0.29119282425814813,0.2923816171181862
Correa2015a_article_formula_project_bt,9695012225.972996,7.0,0.15546925178666676,1507276296.8346083,0.08513942884980916,-0.29119282425814813,0.29119282425814813,0.2923816171181862
Correa2015a_article_formula_project_bt,9695012225.972996,7.0200000000000005,0.154599314300402,1498842242.2694392,0.08513942884980916,-0.29119282425814813,0.29119282425814813,0.2923816171181862
Correa2015a_article_formula_project_bt,9695012225.972996,7.04,0.15373416320329264,1490454591.80565,0.08513942884980916,-0.29119282425814813,0.29119282425814813,0.2923816171181862
Correa2015a_article_formula_project_bt,9695012225.972996,7.0600000000000005,0.15287377302607483,1482113098.5184162,0.08513942884980916,-0.29119282425814813,0.29119282425814813,0.2923816171181862
Correa2015a_article_formula_project_bt,9695012225.972996,7.08,0.1520181184247517,1473817516.6973786,0.08513942884980916,-0.29119282425814813,0.29119282425814813,0.2923816171181862
Correa2015a_article_formula_project_bt,9695012225.972996,7.1000000000000005,0.15116717418011597,1465567601.8420136,0.08513942884980916,-0.29119282425814813,0.29119282425814813,0.2923816171181862
Correa2015a_article_formula_project_bt,9695012225.972996,7.12,0.1503209151972723,1457363110.6570048,0.08513942884980916,-0.29119282425814813,0.29119282425814813,0.2923816171181862
Correa2015a_article_formula_project_bt,9695012225.972996,7.140000000000001,0.14947931650515878,1449203801.0476015,0.08513942884980916,-0.29119282425814813,0.29119282425814813,0.2923816171181862
Correa2015a_article_formula_project_bt,9695012225.972996,7.16,0.14864235325606878,1441089432.1149838,0.08513942884980916,-0.29119282425814813,0.29119282425814813,0.2923816171181862
Correa2015a_article_formula_project_bt,9695012225.972996,7.18,0.14781000072517225,1433019764.1516223,0.08513942884980916,-0.29119282425814813,0.29119282425814813,0.2923816171181862
Correa2015a_article_formula_project_bt,9695012225.972996,7.2,0.14698223431003637,1424994558.6366303,0.08513942884980916,-0.29119282425814813,0.29119282425814813,0.2923816171181862
Correa2015a_article_formula_project_bt,9695012225.972996,7.22,0.1461590295301469,1417013578.2311223,0.08513942884980916,-0.29119282425814813,0.29119282425814813,0.2923816171181862
Correa2015a_article_formula_project_bt,9695012225.972996,7.24,0.1453403620264285,1409076586.7735655,0.08513942884980916,-0.29119282425814813,0.29119282425814813,0.2923816171181862
Correa2015a_article_formula_project_bt,9695012225.972996,7.26,0.14452620756076578,1401183349.275135,0.08513942884980916,-0.29119282425814813,0.29119282425814813,0.2923816171181862
Correa2015a_article_formula_project_bt,9695012225.972996,7.28,0.14371654201552359,1393333631.915063,0.08513942884980916,-0.29119282425814813,0.29119282425814813,0.2923816171181862
Correa2015a_article_formula_project_bt,9695012225.972996,7.3,0.1429113413930678,1385527202.0359929,0.08513942884980916,-0.29119282425814813,0.29119282425814813,0.2923816171181862
Correa2015a_article_formula_project_bt,9695012225.972996,7.32,0.14211058181528577,1377763828.139331,0.08513942884980916,-0.29119282425814813,0.29119282425814813,0.2923816171181862
Correa2015a_article_formula_project_bt,9695012225.972996,7.34,0.1413142395231073,1370043279.8806014,0.08513942884980916,-0.29119282425814813,0.29119282425814813,0.2923816171181862
Correa2015a_article_formula_project_bt,9695012225.972996,7.36,0.14052229087602527,1362365328.0647986,0.08513942884980916,-0.29119282425814813,0.29119282425814813,0.2923816171181862
Correa2015a_article_formula_project_bt,9695012225.972996,7.38,0.13973471235161675,1354729744.6417441,0.08513942884980916,-0.29119282425814813,0.29119282425814813,0.2923816171181862
Correa2015a_article_formula_project_bt,9695012225.972996,7.4,0.1389514805450639,1347136302.7014434,0.08513942884980916,-0.29119282425814813,0.29119282425814813,0.2923816171181862
Correa2015a_article_formula_project_bt,9695012225.972996,7.42,0.1381725721686758,1339584776.4694479,0.08513942884980916,-0.29119282425814813,0.29119282425814813,0.2923816171181862
Correa2015a_article_formula_project_bt,9695012225.972996,7.44,0.1373979640514096,1332074941.3022144,0.08513942884980916,-0.29119282425814813,0.29119282425814813,0.2923816171181862
Correa2015a_article_formula_project_bt,9695012225.972996,7.46,0.136627633138393,1324606573.6824732,0.08513942884980916,-0.29119282425814813,0.29119282425814813,0.2923816171181862
Correa2015a_article_formula_project_bt,9695012225.972996,7.48,0.13586155649044582,1317179451.214593,0.08513942884980916,-0.29119282425814813,0.29119282425814813,0.2923816171181862
Correa2015a_article_formula_project_bt,9695012225.972996,7.5,0.13509971128360354,1309793352.6199582,0.08513942884980916,-0.29119282425814813,0.29119282425814813,0.2923816171181862
Correa2015a_article_formula_project_bt,9695012225.972996,7.5200000000000005,0.13434207480863938,1302448057.7323377,0.08513942884980916,-0.29119282425814813,0.29119282425814813,0.2923816171181862
Correa2015a_article_formula_project_bt,9695012225.972996,7.54,0.13358862447058847,1295143347.4932706,0.08513942884980916,-0.29119282425814813,0.29119282425814813,0.2923816171181862
Correa2015a_article_formula_project_bt,9695012225.972996,7.5600000000000005,0.13283933778827137,1287879003.9474475,0.08513942884980916,-0.29119282425814813,0.29119282425814813,0.2923816171181862
Correa2015a_article_formula_project_bt,9695012225.972996,7.58,0.13209419239381862,1280654810.2381005,0.08513942884980916,-0.29119282425814813,0.29119282425814813,0.2923816171181862
Correa2015a_article_formula_project_bt,9695012225.972996,7.6000000000000005,0.13135316603219535,1273470550.6023948,0.08513942884980916,-0.29119282425814813,0.29119282425814813,0.2923816171181862
Correa2015a_article_formula_project_bt,9695012225.972996,7.62,0.13061623656072727,1266326010.3668318,0.08513942884980916,-0.29119282425814813,0.29119282425814813,0.2923816171181862
Correa2015a_article_formula_project_bt,9695012225.972996,7.640000000000001,0.12988338194862595,1259220975.942649,0.08513942884980916,-0.29119282425814813,0.29119282425814813,0.2923816171181862
Correa2015a_article_formula_project_bt,9695012225.972996,7.66,0.12915458027651616,1252155234.821235,0.08513942884980916,-0.29119282425814813,0.29119282425814813,0.2923816171181862
Correa2015a_article_formula_project_bt,9695012225.972996,7.68,0.12842980973596252,1245128575.5695424,0.08513942884980916,-0.29119282425814813,0.29119282425814813,0.2923816171181862
Correa2015a_article_formula_project_bt,9695012225.972996,7.7,0.12770904862899757,1238140787.8255112,0.08513942884980916,-0.29119282425814813,0.29119282425814813,0.2923816171181862
Correa2015a_article_formula_project_bt,9695012225.972996,7.72,0.1269922753676505,1231191662.293501,0.08513942884980916,-0.29119282425814813,0.29119282425814813,0.2923816171181862
Correa2015a_article_formula_project_bt,9695012225.972996,7.74,0.1262794684734762,1224280990.7397232,0.08513942884980916,-0.29119282425814813,0.29119282425814813,0.2923816171181862
Correa2015a_article_formula_project_bt,9695012225.972996,7.76,0.12557060657708527,1217408565.9876869,0.08513942884980916,-0.29119282425814813,0.29119282425814813,0.2923816171181862
Correa2015a_article_formula_project_bt,9695012225.972996,7.78,0.12486566841767449,1210574181.9136443,0.08513942884980916,-0.29119282425814813,0.29119282425814813,0.2923816171181862
Correa2015a_article_formula_project_bt,9695012225.972996,7.8,0.12416463284255892,1203777633.442057,0.08513942884980916,-0.29119282425814813,0.29119282425814813,0.2923816171181862
Correa2015a_article_formula_project_bt,9695012225.972996,7.82,0.12346747880670343,1197018716.5410516,0.08513942884980916,-0.29119282425814813,0.29119282425814813,0.2923816171181862
Correa2015a_article_formula_project_bt,9695012225.972996,7.84,0.12277418537225647,1190297228.2179015,0.08513942884980916,-0.29119282425814813,0.29119282425814813,0.2923816171181862
Correa2015a_article_formula_project_bt,9695012225.972996,7.86,0.1220847317080834,1183612966.5145016,0.08513942884980916,-0.29119282425814813,0.29119282425814813,0.2923816171181862
Correa2015a_article_formula_project_bt,9695012225.972996,7.88,0.12139909708930177,1176965730.5028634,0.08513942884980916,-0.29119282425814813,0.29119282425814813,0.2923816171181862
Correa2015a_article_formula_project_bt,9695012225.972996,7.9,0.12071726089681646,1170355320.2806075,0.08513942884980916,-0.29119282425814813,0.29119282425814813,0.2923816171181862
Correa2015a_article_formula_project_bt,9695012225.972996,7.92,0.12003920261685677,1163781536.966476,0.08513942884980916,-0.29119282425814813,0.29119282425814813,0.2923816171181862
Correa2015a_article_formula_project_bt,9695012225.972996,7.94,0.11936490184051346,1157244182.6958447,0.08513942884980916,-0.29119282425814813,0.29119282425814813,0.2923816171181862
Correa2015a_article_formula_project_bt,9695012225.972996,7.96,0.11869433826327738,1150743060.6162486,0.08513942884980916,-0.29119282425814813,0.29119282425814813,0.2923816171181862
Correa2015a_article_formula_project_bt,9695012225.972996,7.98,0.11802749168457861,1144277974.8829157,0.08513942884980916,-0.29119282425814813,0.29119282425814813,0.2923816171181862
Correa2015a_article_formula_project_bt,9695012225.972996,8.0,0.11736434200732707,1137848730.654312,0.08513942884980916,-0.29119282425814813,0.29119282425814813,0.2923816171181862
Correa2015a_article_formula_project_bt,29446231013.800106,0.0,1.0,29446231013.800106,0.0996688208042719,-0.3408860713838376,0.3408860713838376,0.2923816171181862
Correa2015a_article_formula_project_bt,29446231013.800106,0.02,0.9951676964128822,29303937886.04502,0.0996688208042719,-0.3408860713838376,0.3408860713838376,0.2923816171181862
Correa2015a_article_formula_project_bt,29446231013.800106,0.04,0.9903207874377318,29161214684.65988,0.0996688208042719,-0.3408860713838376,0.3408860713838376,0.2923816171181862
Correa2015a_article_formula_project_bt,29446231013.800106,0.06,0.9854611538029414,29018116790.00741,0.0996688208042719,-0.3408860713838376,0.3408860713838376,0.2923816171181862
Correa2015a_article_formula_project_bt,29446231013.800106,0.08,0.9805905669402952,28874696364.07715,0.0996688208042719,-0.3408860713838376,0.3408860713838376,0.2923816171181862
Correa2015a_article_formula_project_bt,29446231013.800106,0.1,0.9757106966202558,28731002575.315884,0.0996688208042719,-0.3408860713838376,0.3408860713838376,0.2923816171181862
Correa2015a_article_formula_project_bt,29446231013.800106,0.12,0.970823117927379,28587081804.027306,0.0996688208042719,-0.3408860713838376,0.3408860713838376,0.2923816171181862
Correa2015a_article_formula_project_bt,29446231013.800106,0.14,0.9659293176438193,28442977830.342205,0.0996688208042719,-0.3408860713838376,0.3408860713838376,0.2923816171181862
Correa2015a_article_formula_project_bt,29446231013.800106,0.16,0.961030700100806,28298732006.522385,0.0996688208042719,-0.3408860713838376,0.3408860713838376,0.2923816171181862
Correa2015a_article_formula_project_bt,29446231013.800106,0.18,0.9561285925509745,28154383415.155552,0.0996688208042719,-0.3408860713838376,0.3408860713838376,0.2923816171181862
Correa2015a_article_formula_project_bt,29446231013.800106,0.2,0.9512242501083631,28009969014.61963,0.0996688208042719,-0.3408860713838376,0.3408860713838376,0.2923816171181862
Correa2015a_article_formula_project_bt,29446231013.800106,0.22,0.9463188602976003,27865523773.039165,0.0996688208042719,-0.3408860713838376,0.3408860713838376,0.2923816171181862
Correa2015a_article_formula_project_bt,29446231013.800106,0.24,0.9414135472491951,27721080791.82082,0.0996688208042719,-0.3408860713838376,0.3408860713838376,0.2923816171181862
Correa2015a_article_formula_project_bt,29446231013.800106,0.26,0.9365093755738112,27576671419.73613,0.0996688208042719,-0.3408860713838376,0.3408860713838376,0.2923816171181862
Correa2015a_article_formula_project_bt,29446231013.800106,0.28,0.9316073539448675,27432325358.41561,0.0996688208042719,-0.3408860713838376,0.3408860713838376,0.2923816171181862
Correa2015a_article_formula_project_bt,29446231013.800106,0.3,0.9267084384157092,27288070760.02692,0.0996688208042719,-0.3408860713838376,0.3408860713838376,0.2923816171181862
Correa2015a_article_formula_project_bt,29446231013.800106,0.32,0.9218135354948528,27143934317.829258,0.0996688208042719,-0.3408860713838376,0.3408860713838376,0.2923816171181862
Correa2015a_article_formula_project_bt,29446231013.800106,0.34,0.9169235050004007,26999941350.225094,0.0996688208042719,-0.3408860713838376,0.3408860713838376,0.2923816171181862
Correa2015a_article_formula_project_bt,29446231013.800106,0.36,0.9120391627125894,26856115878.867733,0.0996688208042719,-0.3408860713838376,0.3408860713838376,0.2923816171181862
Correa2015a_article_formula_project_bt,29446231013.800106,0.38,0.907161282841551,26712480701.327568,0.0996688208042719,-0.3408860713838376,0.3408860713838376,0.2923816171181862
Correa2015a_article_formula_project_bt,29446231013.800106,0.4,0.9022906003256808,26569057458.77038,0.0996688208042719,-0.3408860713838376,0.3408860713838376,0.2923816171181862
Correa2015a_article_formula_project_bt,29446231013.800106,0.42,0.8974278129745352,26425866699.05756,0.0996688208042719,-0.3408860713838376,0.3408860713838376,0.2923816171181862
Correa2015a_article_formula_project_bt,29446231013.800106,0.44,0.8925735834688364,26282927935.63875,0.0996688208042719,-0.3408860713838376,0.3408860713838376,0.2923816171181862
Correa2015a_article_formula_project_bt,29446231013.800106,0.46,0.8877285412289957,26140259702.57278,0.0996688208042719,-0.3408860713838376,0.3408860713838376,0.2923816171181862
Correa2015a_article_formula_project_bt,29446231013.800106,0.48,0.8828932841624983,25997879605.98159,0.0996688208042719,-0.3408860713838376,0.3408860713838376,0.2923816171181862
Correa2015a_article_formula_project_bt,29446231013.800106,0.5,0.8780683802995568,25855804372.214035,0.0996688208042719,-0.3408860713838376,0.3408860713838376,0.2923816171181862
Correa2015a_article_formula_project_bt,29446231013.800106,0.52,0.873254369325582,25714049892.971405,0.0996688208042719,-0.3408860713838376,0.3408860713838376,0.2923816171181862
Correa2015a_article_formula_project_bt,29446231013.800106,0.54,0.8684517640182704,25572631267.624207,0.0996688208042719,-0.3408860713838376,0.3408860713838376,0.2923816171181862
Correa2015a_article_formula_project_bt,29446231013.800106,0.56,0.8636610515964154,25431562842.92958,0.0996688208042719,-0.3408860713838376,0.3408860713838376,0.2923816171181862
Correa2015a_article_formula_project_bt,29446231013.800106,0.58,0.8588826949869351,25290858250.340508,0.0996688208042719,-0.3408860713838376,0.3408860713838376,0.2923816171181862
Correa2015a_article_formula_project_bt,29446231013.800106,0.6,0.8541171340160572,25150530441.081684,0.0996688208042719,-0.3408860713838376,0.3408860713838376,0.2923816171181862
Correa2015a_article_formula_project_bt,29446231013.800106,0.62,0.8493647865300957,25010591719.15221,0.0996688208042719,-0.3408860713838376,0.3408860713838376,0.2923816171181862
Correa2015a_article_formula_project_bt,29446231013.800106,0.64,0.8446260494508057,24871053772.401775,0.0996688208042719,-0.3408860713838376,0.3408860713838376,0.2923816171181862
Correa2015a_article_formula_project_bt,29446231013.800106,0.66,0.839901299769886,24731927701.815037,0.0996688208042719,-0.3408860713838376,0.3408860713838376,0.2923816171181862
Correa2015a_article_formula_project_bt,29446231013.800106,0.68,0.8351908954868329,24593224049.12786,0.0996688208042719,-0.3408860713838376,0.3408860713838376,0.2923816171181862
Correa2015a_article_formula_project_bt,29446231013.800106,0.7000000000000001,0.8304951764940095,24454952822.889294,0.0996688208042719,-0.3408860713838376,0.3408860713838376,0.2923816171181862
Correa2015a_article_formula_project_bt,29446231013.800106,0.72,0.8258144654124828,24317123523.073807,0.0996688208042719,-0.3408860713838376,0.3408860713838376,0.2923816171181862
Correa2015a_article_formula_project_bt,29446231013.800106,0.74,0.8211490683819144,24179745164.34059,0.0996688208042719,-0.3408860713838376,0.3408860713838376,0.2923816171181862
Correa2015a_article_formula_project_bt,29446231013.800106,0.76,0.816499275807517,24042826298.028633,0.0996688208042719,-0.3408860713838376,0.3408860713838376,0.2923816171181862
Correa2015a_article_formula_project_bt,29446231013.800106,0.78,0.8118653630668816,23906375032.970093,0.0996688208042719,-0.3408860713838376,0.3408860713838376,0.2923816171181862
Correa2015a_article_formula_project_bt,29446231013.800106,0.8,0.8072475911792424,23770399055.197636,0.0996688208042719,-0.3408860713838376,0.3408860713838376,0.2923816171181862
Correa2015a_article_formula_project_bt,29446231013.800106,0.8200000000000001,0.8026462074395784,23634905646.616344,0.0996688208042719,-0.3408860713838376,0.3408860713838376,0.2923816171181862
Correa2015a_article_formula_project_bt,29446231013.800106,0.84,0.7980614460197519,23499901702.70498,0.0996688208042719,-0.3408860713838376,0.3408860713838376,0.2923816171181862
Correa2015a_article_formula_project_bt,29446231013.800106,0.86,0.7934935285387386,23365393749.307083,0.0996688208042719,-0.3408860713838376,0.3408860713838376,0.2923816171181862
Correa2015a_article_formula_project_bt,29446231013.800106,0.88,0.788942664603846,23231387958.567863,0.0996688208042719,-0.3408860713838376,0.3408860713838376,0.2923816171181862
Correa2015a_article_formula_project_bt,29446231013.800106,0.9,0.7844090523246849,23097890164.068687,0.0996688208042719,-0.3408860713838376,0.3408860713838376,0.2923816171181862
Correa2015a_article_formula_project_bt,29446231013.800106,0.92,0.7798928788015318,22964905875.20751,0.0996688208042719,-0.3408860713838376,0.3408860713838376,0.2923816171181862
Correa2015a_article_formula_project_bt,29446231013.800106,0.9400000000000001,0.7753943205896066,22832440290.870136,0.0996688208042719,-0.3408860713838376,0.3408860713838376,0.2923816171181862
Correa2015a_article_formula_project_bt,29446231013.800106,0.96,0.7709135441406828,22700498312.43393,0.0996688208042719,-0.3408860713838376,0.3408860713838376,0.2923816171181862
Correa2015a_article_formula_project_bt,29446231013.800106,0.98,0.7664507062233511,22569084556.143036,0.0996688208042719,-0.3408860713838376,0.3408860713838376,0.2923816171181862
Correa2015a_article_formula_project_bt,29446231013.800106,1.0,0.7620059543231675,22438203364.8912,0.0996688208042719,-0.3408860713838376,0.3408860713838376,0.2923816171181862
Correa2015a_article_formula_project_bt,29446231013.800106,1.02,0.7575794270238323,22307858819.446083,0.0996688208042719,-0.3408860713838376,0.3408860713838376,0.2923816171181862
Correa2015a_article_formula_project_bt,29446231013.800106,1.04,0.7531712543704733,22178054749.14656,0.0996688208042719,-0.3408860713838376,0.3408860713838376,0.2923816171181862
Correa2015a_article_formula_project_bt,29446231013.800106,1.06,0.7487815582160325,22048794742.10251,0.0996688208042719,-0.3408860713838376,0.3408860713838376,0.2923816171181862
Correa2015a_article_formula_project_bt,29446231013.800106,1.08,0.7444104525516937,21920082154.924656,0.0996688208042719,-0.3408860713838376,0.3408860713838376,0.2923816171181862
Correa2015a_article_formula_project_bt,29446231013.800106,1.1,0.740058043822222,21791920122.01015,0.0996688208042719,-0.3408860713838376,0.3408860713838376,0.2923816171181862
Correa2015a_article_formula_project_bt,29446231013.800106,1.12,0.7357244312270403,21664311564.40812,0.0996688208042719,-0.3408860713838376,0.3408860713838376,0.2923816171181862
Correa2015a_article_formula_project_bt,29446231013.800106,1.1400000000000001,0.7314097070078038,21537259198.287643,0.0996688208042719,-0.3408860713838376,0.3408860713838376,0.2923816171181862
Correa2015a_article_formula_project_bt,29446231013.800106,1.16,0.7271139567231959,21410765543.02948,0.0996688208042719,-0.3408860713838376,0.3408860713838376,0.2923816171181862
Correa2015a_article_formula_project_bt,29446231013.800106,1.18,0.7228372595116144,21284832928.961174,0.0996688208042719,-0.3408860713838376,0.3408860713838376,0.2923816171181862
Correa2015a_article_formula_project_bt,29446231013.800106,1.2,0.71857968834239,21159463504.7545,0.0996688208042719,-0.3408860713838376,0.3408860713838376,0.2923816171181862
Correa2015a_article_formula_project_bt,29446231013.800106,1.22,0.7143413102561186,21034659244.502323,0.0996688208042719,-0.3408860713838376,0.3408860713838376,0.2923816171181862
Correa2015a_article_formula_project_bt,29446231013.800106,1.24,0.7101221865946763,20910421954.491703,0.0996688208042719,-0.3408860713838376,0.3408860713838376,0.2923816171181862
Correa2015a_article_formula_project_bt,29446231013.800106,1.26,0.7059223732214363,20786753279.68843,0.0996688208042719,-0.3408860713838376,0.3408860713838376,0.2923816171181862
Correa2015a_article_formula_project_bt,29446231013.800106,1.28,0.701741920732182,20663654709.94763,0.0996688208042719,-0.3408860713838376,0.3408860713838376,0.2923816171181862
Correa2015a_article_formula_project_bt,29446231013.800106,1.3,0.6975808746571822,20541127585.964123,0.0996688208042719,-0.3408860713838376,0.3408860713838376,0.2923816171181862
Correa2015a_article_formula_project_bt,29446231013.800106,1.32,0.6934392756548634,20419173104.97532,0.0996688208042719,-0.3408860713838376,0.3408860713838376,0.2923816171181862
Correa2015a_article_formula_project_bt,29446231013.800106,1.34,0.6893171596974943,20297792326.22896,0.0996688208042719,-0.3408860713838376,0.3408860713838376,0.2923816171181862
Correa2015a_article_formula_project_bt,29446231013.800106,1.36,0.6852145582492671,20176986176.22691,0.0996688208042719,-0.3408860713838376,0.3408860713838376,0.2923816171181862
Correa2015a_article_formula_project_bt,29446231013.800106,1.3800000000000001,0.6811314984371477,20056755453.756077,0.0996688208042719,-0.3408860713838376,0.3408860713838376,0.2923816171181862
Correa2015a_article_formula_project_bt,29446231013.800106,1.4000000000000001,0.6770680032148331,19937100834.716328,0.0996688208042719,-0.3408860713838376,0.3408860713838376,0.2923816171181862
Correa2015a_article_formula_project_bt,29446231013.800106,1.42,0.6730240915201499,19818022876.75528,0.0996688208042719,-0.3408860713838376,0.3408860713838376,0.2923816171181862
Correa2015a_article_formula_project_bt,29446231013.800106,1.44,0.6689997784261967,19699522023.718872,0.0996688208042719,-0.3408860713838376,0.3408860713838376,0.2923816171181862
Correa2015a_article_formula_project_bt,29446231013.800106,1.46,0.664995075286526,19581598609.926437,0.0996688208042719,-0.3408860713838376,0.3408860713838376,0.2923816171181862
Correa2015a_article_formula_project_bt,29446231013.800106,1.48,0.6610099898746375,19464252864.278248,0.0996688208042719,-0.3408860713838376,0.3408860713838376,0.2923816171181862
Correa2015a_article_formula_project_bt,29446231013.800106,1.5,0.6570445265180467,19347484914.203312,0.0996688208042719,-0.3408860713838376,0.3408860713838376,0.2923816171181862
Correa2015a_article_formula_project_bt,29446231013.800106,1.52,0.6530986862271734,19231294789.454697,0.0996688208042719,-0.3408860713838376,0.3408860713838376,0.2923816171181862
Correa2015a_article_formula_project_bt,29446231013.800106,1.54,0.6491724668192858,19115682425.759174,0.0996688208042719,-0.3408860713838376,0.3408860713838376,0.2923816171181862
Correa2015a_article_formula_project_bt,29446231013.800106,1.56,0.6452658630377182,19000647668.327747,0.0996688208042719,-0.3408860713838376,0.3408860713838376,0.2923816171181862
Correa2015a_article_formula_project_bt,29446231013.800106,1.58,0.6413788666665774,18886190275.233334,0.0996688208042719,-0.3408860713838376,0.3408860713838376,0.2923816171181862
Correa2015a_article_formula_project_bt,29446231013.800106,1.6,0.6375114666411307,18772309920.661255,0.0996688208042719,-0.3408860713838376,0.3408860713838376,0.2923816171181862
Correa2015a_article_formula_project_bt,29446231013.800106,1.62,0.6336636491540688,18659006198.038292,0.0996688208042719,-0.3408860713838376,0.3408860713838376,0.2923816171181862
Correa2015a_article_formula_project_bt,29446231013.800106,1.6400000000000001,0.62983539775782,18546278623.04545,0.0996688208042719,-0.3408860713838376,0.3408860713838376,0.2923816171181862
Correa2015a_article_formula_project_bt,29446231013.800106,1.6600000000000001,0.6260266934630881,18434126636.51952,0.0996688208042719,-0.3408860713838376,0.3408860713838376,0.2923816171181862
Correa2015a_article_formula_project_bt,29446231013.800106,1.68,0.6222375148337722,18322549607.248127,0.0996688208042719,-0.3408860713838376,0.3408860713838376,0.2923816171181862
Correa2015a_article_formula_project_bt,29446231013.800106,1.7,0.6184678380784246,18211546834.66281,0.0996688208042719,-0.3408860713838376,0.3408860713838376,0.2923816171181862
Correa2015a_article_formula_project_bt,29446231013.800106,1.72,0.6147176371383926,18101117551.434456,0.0996688208042719,-0.3408860713838376,0.3408860713838376,0.2923816171181862
Correa2015a_article_formula_project_bt,29446231013.800106,1.74,0.6109868837727797,17991260925.975105,0.0996688208042719,-0.3408860713838376,0.3408860713838376,0.2923816171181862
Correa2015a_article_formula_project_bt,29446231013.800106,1.76,0.6072755476403622,17881976064.850075,0.0996688208042719,-0.3408860713838376,0.3408860713838376,0.2923816171181862
Correa2015a_article_formula_project_bt,29446231013.800106,1.78,0.6035835963785846,17773262015.104084,0.0996688208042719,-0.3408860713838376,0.3408860713838376,0.2923816171181862
Correa2015a_article_formula_project_bt,29446231013.800106,1.8,0.5999109956797535,17665117766.50486,0.0996688208042719,-0.3408860713838376,0.3408860713838376,0.2923816171181862
Correa2015a_article_formula_project_bt,29446231013.800106,1.82,0.5962577093645423,17557542253.707596,0.0996688208042719,-0.3408860713838376,0.3408860713838376,0.2923816171181862
Correa2015a_article_formula_project_bt,29446231013.800106,1.84,0.5926236994529196,17450534358.343513,0.0996688208042719,-0.3408860713838376,0.3408860713838376,0.2923816171181862
Correa2015a_article_formula_project_bt,29446231013.800106,1.86,0.5890089262325998,17344092911.03548,0.0996688208042719,-0.3408860713838376,0.3408860713838376,0.2923816171181862
Correa2015a_article_formula_project_bt,29446231013.800106,1.8800000000000001,0.5854133483251163,17238216693.3436,0.0996688208042719,-0.3408860713838376,0.3408860713838376,0.2923816171181862
Correa2015a_article_formula_project_bt,29446231013.800106,1.9000000000000001,0.5818369227496132,17132904439.643677,0.0996688208042719,-0.3408860713838376,0.3408860713838376,0.2923816171181862
Correa2015a_article_formula_project_bt,29446231013.800106,1.92,0.5782796049844408,17028154838.940914,0.0996688208042719,-0.3408860713838376,0.3408860713838376,0.2923816171181862
Correa2015a_article_formula_project_bt,29446231013.800106,1.94,0.5747413490266435,16923966536.621662,0.0996688208042719,-0.3408860713838376,0.3408860713838376,0.2923816171181862
Correa2015a_article_formula_project_bt,29446231013.800106,1.96,0.571222107449424,16820338136.145487,0.0996688208042719,-0.3408860713838376,0.3408860713838376,0.2923816171181862
Correa2015a_article_formula_project_bt,29446231013.800106,1.98,0.5677218314576544,16717268200.679781,0.0996688208042719,-0.3408860713838376,0.3408860713838376,0.2923816171181862
Correa2015a_article_formula_project_bt,29446231013.800106,2.0,0.5642404709415163,16614755254.679255,0.0996688208042719,-0.3408860713838376,0.3408860713838376,0.2923816171181862
Correa2015a_article_formula_project_bt,29446231013.800106,2.02,0.5607779745283377,16512797785.412342,0.0996688208042719,-0.3408860713838376,0.3408860713838376,0.2923816171181862
Correa2015a_article_formula_project_bt,29446231013.800106,2.04,0.5573342896326944,16411394244.436497,0.0996688208042719,-0.3408860713838376,0.3408860713838376,0.2923816171181862
Correa2015a_article_formula_project_bt,29446231013.800106,2.06,0.5539093625048416,16310543049.024311,0.0996688208042719,-0.3408860713838376,0.3408860713838376,0.2923816171181862
Correa2015a_article_formula_project_bt,29446231013.800106,2.08,0.550503138277539,16210242583.542358,0.0996688208042719,-0.3408860713838376,0.3408860713838376,0.2923816171181862
Correa2015a_article_formula_project_bt,29446231013.800106,2.1,0.5471155610113274,16110491200.784393,0.0996688208042719,-0.3408860713838376,0.3408860713838376,0.2923816171181862
Correa2015a_article_formula_project_bt,29446231013.800106,2.12,0.5437465737383139,16011287223.260685,0.0996688208042719,-0.3408860713838376,0.3408860713838376,0.2923816171181862
Correa2015a_article_formula_project_bt,29446231013.800106,2.14,0.5403961185045221,15912628944.445055,0.0996688208042719,-0.3408860713838376,0.3408860713838376,0.2923816171181862
Correa2015a_article_formula_project_bt,29446231013.800106,2.16,0.5370641364108567,15814514629.98114,0.0996688208042719,-0.3408860713838376,0.3408860713838376,0.2923816171181862
Correa2015a_article_formula_project_bt,29446231013.800106,2.18,0.5337505676527348,15716942518.849371,0.0996688208042719,-0.3408860713838376,0.3408860713838376,0.2923816171181862
Correa2015a_article_formula_project_bt,29446231013.800106,2.2,0.5304553515584318,15619910824.496134,0.0996688208042719,-0.3408860713838376,0.3408860713838376,0.2923816171181862
Correa2015a_article_formula_project_bt,29446231013.800106,2.22,0.5271784266261859,15523417735.926338,0.0996688208042719,-0.3408860713838376,0.3408860713838376,0.2923816171181862
Correa2015a_article_formula_project_bt,29446231013.800106,2.24,0.5239197305601067,15427461418.760807,0.0996688208042719,-0.3408860713838376,0.3408860713838376,0.2923816171181862
Correa2015a_article_formula_project_bt,29446231013.800106,2.2600000000000002,0.5206792003049319,15332040016.259722,0.0996688208042719,-0.3408860713838376,0.3408860713838376,0.2923816171181862
Correa2015a_article_formula_project_bt,29446231013.800106,2.2800000000000002,0.5174567720796679,15237151650.31321,0.0996688208042719,-0.3408860713838376,0.3408860713838376,0.2923816171181862
Correa2015a_article_formula_project_bt,29446231013.800106,2.3000000000000003,0.5142523814101587,15142794422.400377,0.0996688208042719,-0.3408860713838376,0.3408860713838376,0.2923816171181862
Correa2015a_article_formula_project_bt,29446231013.800106,2.32,0.5110659631606158,15048966414.517748,0.0996688208042719,-0.3408860713838376,0.3408860713838376,0.2923816171181862
Correa2015a_article_formula_project_bt,29446231013.800106,2.34,0.507897451564148,14955665690.078253,0.0996688208042719,-0.3408860713838376,0.3408860713838376,0.2923816171181862
Correa2015a_article_formula_project_bt,29446231013.800106,2.36,0.5047467802523242,14862890294.781736,0.0996688208042719,-0.3408860713838376,0.3408860713838376,0.2923816171181862
Correa2015a_article_formula_project_bt,29446231013.800106,2.38,0.5016138822838028,14770638257.457989,0.0996688208042719,-0.3408860713838376,0.3408860713838376,0.2923816171181862
Correa2015a_article_formula_project_bt,29446231013.800106,2.4,0.49849869017205833,14678907590.883194,0.0996688208042719,-0.3408860713838376,0.3408860713838376,0.2923816171181862
Correa2015a_article_formula_project_bt,29446231013.800106,2.42,0.49540113591223683,14587696292.57071,0.0996688208042719,-0.3408860713838376,0.3408860713838376,0.2923816171181862
Correa2015a_article_formula_project_bt,29446231013.800106,2.44,0.4923211510071704,14497002345.537106,0.0996688208042719,-0.3408860713838376,0.3408860713838376,0.2923816171181862
Correa2015a_article_formula_project_bt,29446231013.800106,2.46,0.48925866649257593,14406823719.044172,0.0996688208042719,-0.3408860713838376,0.3408860713838376,0.2923816171181862
Correa2015a_article_formula_project_bt,29446231013.800106,2.48,0.4862136129614677,14317158369.317772,0.0996688208042719,-0.3408860713838376,0.3408860713838376,0.2923816171181862
Correa2015a_article_formula_project_bt,29446231013.800106,2.5,0.48318592058780974,14228004240.244318,0.0996688208042719,-0.3408860713838376,0.3408860713838376,0.2923816171181862
Correa2015a_article_formula_project_bt,29446231013.800106,2.52,0.4801755191494322,14139359264.045576,0.0996688208042719,-0.3408860713838376,0.3408860713838376,0.2923816171181862
Correa2015a_article_formula_project_bt,29446231013.800106,2.54,0.47718233805023536,14051221361.932487,0.0996688208042719,-0.3408860713838376,0.3408860713838376,0.2923816171181862
Correa2015a_article_formula_project_bt,29446231013.800106,2.56,0.474206306341707,13963588444.738768,0.0996688208042719,-0.3408860713838376,0.3408860713838376,0.2923816171181862
Correa2015a_article_formula_project_bt,29446231013.800106,2.58,0.471247352743772,13876458413.534857,0.0996688208042719,-0.3408860713838376,0.3408860713838376,0.2923816171181862
Correa2015a_article_formula_project_bt,29446231013.800106,2.6,0.4683054056649987,13789829160.222923,0.0996688208042719,-0.3408860713838376,0.3408860713838376,0.2923816171181862
Correa2015a_article_formula_project_bt,29446231013.800106,2.62,0.46538039322218144,13703698568.113487,0.0996688208042719,-0.3408860713838376,0.3408860713838376,0.2923816171181862
Correa2015a_article_formula_project_bt,29446231013.800106,2.64,0.46247224325931935,13618064512.484276,0.0996688208042719,-0.3408860713838376,0.3408860713838376,0.2923816171181862
Correa2015a_article_formula_project_bt,29446231013.800106,2.66,0.45958088336600983,13532924861.121847,0.0996688208042719,-0.3408860713838376,0.3408860713838376,0.2923816171181862
Correa2015a_article_formula_project_bt,29446231013.800106,2.68,0.45670624089527795,13448277474.846596,0.0996688208042719,-0.3408860713838376,0.3408860713838376,0.2923816171181862
Correa2015a_article_formula_project_bt,29446231013.800106,2.7,0.453848242980856,13364120208.021568,0.0996688208042719,-0.3408860713838376,0.3408860713838376,0.2923816171181862
Correa2015a_article_formula_project_bt,29446231013.800106,2.72,0.45100681655393365,13280450909.045696,0.0996688208042719,-0.3408860713838376,0.3408860713838376,0.2923816171181862
Correa2015a_article_formula_project_bt,29446231013.800106,2.74,0.448181888359393,13197267420.831854,0.0996688208042719,-0.3408860713838376,0.3408860713838376,0.2923816171181862
Correa2015a_article_formula_project_bt,29446231013.800106,2.7600000000000002,0.4453733849715464,13114567581.270283,0.0996688208042719,-0.3408860713838376,0.3408860713838376,0.2923816171181862
Correa2015a_article_formula_project_bt,29446231013.800106,2.7800000000000002,0.44258123280939043,13032349223.677757,0.0996688208042719,-0.3408860713838376,0.3408860713838376,0.2923816171181862
Correa2015a_article_formula_project_bt,29446231013.800106,2.8000000000000003,0.4398053581513941,12950610177.233044,0.0996688208042719,-0.3408860713838376,0.3408860713838376,0.2923816171181862
Correa2015a_article_formula_project_bt,29446231013.800106,2.82,0.4370456871498318,12869348267.398954,0.0996688208042719,-0.3408860713838376,0.3408860713838376,0.2923816171181862
Correa2015a_article_formula_project_bt,29446231013.800106,2.84,0.4343021458446774,12788561316.331476,0.0996688208042719,-0.3408860713838376,0.3408860713838376,0.2923816171181862
Correa2015a_article_formula_project_bt,29446231013.800106,2.86,0.4315746601770737,12708247143.276388,0.0996688208042719,-0.3408860713838376,0.3408860713838376,0.2923816171181862
Correa2015a_article_formula_project_bt,29446231013.800106,2.88,0.42886315600238684,12628403564.953676,0.0996688208042719,-0.3408860713838376,0.3408860713838376,0.2923816171181862
Correa2015a_article_formula_project_bt,29446231013.800106,2.9,0.4261675591028616,12549028395.930172,0.0996688208042719,-0.3408860713838376,0.3408860713838376,0.2923816171181862
Correa2015a_article_formula_project_bt,29446231013.800106,2.92,0.4234877951998879,12470119448.980766,0.0996688208042719,-0.3408860713838376,0.3408860713838376,0.2923816171181862
Correa2015a_article_formula_project_bt,29446231013.800106,2.94,0.42082378996589015,12391674535.438496,0.0996688208042719,-0.3408860713838376,0.3408860713838376,0.2923816171181862
Correa2015a_article_formula_project_bt,29446231013.800106,2.96,0.4181754690358522,12313691465.533916,0.0996688208042719,-0.3408860713838376,0.3408860713838376,0.2923816171181862
Correa2015a_article_formula_project_bt,29446231013.800106,2.98,0.4155427580184867,12236168048.723997,0.0996688208042719,-0.3408860713838376,0.3408860713838376,0.2923816171181862
Correa2015a_article_formula_project_bt,29446231013.800106,3.0,0.4129255825070608,12159102094.01089,0.0996688208042719,-0.3408860713838376,0.3408860713838376,0.2923816171181862
Correa2015a_article_formula_project_bt,29446231013.800106,3.02,0.4103238680898885,12082491410.250898,0.0996688208042719,-0.3408860713838376,0.3408860713838376,0.2923816171181862
Correa2015a_article_formula_project_bt,29446231013.800106,3.04,0.40773754036049853,12006333806.453884,0.0996688208042719,-0.3408860713838376,0.3408860713838376,0.2923816171181862
Correa2015a_article_formula_project_bt,29446231013.800106,3.06,0.4051665249274879,11930627092.073408,0.0996688208042719,-0.3408860713838376,0.3408860713838376,0.2923816171181862
Correa2015a_article_formula_project_bt,29446231013.800106,3.08,0.40261074742407027,11855369077.287899,0.0996688208042719,-0.3408860713838376,0.3408860713838376,0.2923816171181862
Correa2015a_article_formula_project_bt,29446231013.800106,3.1,0.40007013351732856,11780557573.27311,0.0996688208042719,-0.3408860713838376,0.3408860713838376,0.2923816171181862
Correa2015a_article_formula_project_bt,29446231013.800106,3.12,0.3975446089171792,11706190392.466076,0.0996688208042719,-0.3408860713838376,0.3408860713838376,0.2923816171181862
Correa2015a_article_formula_project_bt,29446231013.800106,3.14,0.3950340993850569,11632265348.820856,0.0996688208042719,-0.3408860713838376,0.3408860713838376,0.2923816171181862
Correa2015a_article_formula_project_bt,29446231013.800106,3.16,0.3925385307423297,11558780258.056314,0.0996688208042719,-0.3408860713838376,0.3408860713838376,0.2923816171181862
Correa2015a_article_formula_project_bt,29446231013.800106,3.18,0.39005782887844853,11485732937.896107,0.0996688208042719,-0.3408860713838376,0.3408860713838376,0.2923816171181862
Correa2015a_article_formula_project_bt,29446231013.800106,3.2,0.3875919197588428,11413121208.301159,0.0996688208042719,-0.3408860713838376,0.3408860713838376,0.2923816171181862
Correa2015a_article_formula_project_bt,29446231013.800106,3.22,0.385140729432566,11340942891.69482,0.0996688208042719,-0.3408860713838376,0.3408860713838376,0.2923816171181862
Correa2015a_article_formula_project_bt,29446231013.800106,3.24,0.38270418403970136,11269195813.180918,0.0996688208042719,-0.3408860713838376,0.3408860713838376,0.2923816171181862
Correa2015a_article_formula_project_bt,29446231013.800106,3.2600000000000002,0.38028220981853145,11197877800.754879,0.0996688208042719,-0.3408860713838376,0.3408860713838376,0.2923816171181862
Correa2015a_article_formula_project_bt,29446231013.800106,3.2800000000000002,0.37787473311248154,11126986685.508192,0.0996688208042719,-0.3408860713838376,0.3408860713838376,0.2923816171181862
Correa2015a_article_formula_project_bt,29446231013.800106,3.3000000000000003,0.3754816803768401,11056520301.826288,0.0996688208042719,-0.3408860713838376,0.3408860713838376,0.2923816171181862
Correa2015a_article_formula_project_bt,29446231013.800106,3.3200000000000003,0.3731029781852654,10986476487.580147,0.0996688208042719,-0.3408860713838376,0.3408860713838376,0.2923816171181862
Correa2015a_article_formula_project_bt,29446231013.800106,3.34,0.3707385532360818,10916853084.311693,0.0996688208042719,-0.3408860713838376,0.3408860713838376,0.2923816171181862
Correa2015a_article_formula_project_bt,29446231013.800106,3.36,0.3683883323583741,10847647937.413256,0.0996688208042719,-0.3408860713838376,0.3408860713838376,0.2923816171181862
Correa2015a_article_formula_project_bt,29446231013.800106,3.38,0.3660522425178833,10778858896.301174,0.0996688208042719,-0.3408860713838376,0.3408860713838376,0.2923816171181862
Correa2015a_article_formula_project_bt,29446231013.800106,3.4,0.3637302108227114,10710483814.583775,0.0996688208042719,-0.3408860713838376,0.3408860713838376,0.2923816171181862
Correa2015a_article_formula_project_bt,29446231013.800106,3.42,0.36142216452883835,10642520550.223845,0.0996688208042719,-0.3408860713838376,0.3408860713838376,0.2923816171181862
Correa2015a_article_formula_project_bt,29446231013.800106,3.44,0.3591280310454586,10574966965.69575,0.0996688208042719,-0.3408860713838376,0.3408860713838376,0.2923816171181862
Correa2015a_article_formula_project_bt,29446231013.800106,3.46,0.3568477379401409,10507820928.13739,0.0996688208042719,-0.3408860713838376,0.3408860713838376,0.2923816171181862
Correa2015a_article_formula_project_bt,29446231013.800106,3.48,0.3545812129438165,10441080309.497068,0.0996688208042719,-0.3408860713838376,0.3408860713838376,0.2923816171181862
Correa2015a_article_formula_project_bt,29446231013.800106,3.5,0.3523283839556002,10374742986.675467,0.0996688208042719,-0.3408860713838376,0.3408860713838376,0.2923816171181862
Correa2015a_article_formula_project_bt,29446231013.800106,3.52,0.3500891790474503,10308806841.66285,0.0996688208042719,-0.3408860713838376,0.3408860713838376,0.2923816171181862
Correa2015a_article_formula_project_bt,29446231013.800106,3.54,0.34786352646866964,10243269761.671614,0.0996688208042719,-0.3408860713838376,0.3408860713838376,0.2923816171181862
Correa2015a_article_formula_project_bt,29446231013.800106,3.56,0.345651354650254,10178129639.264328,0.0996688208042719,-0.3408860713838376,0.3408860713838376,0.2923816171181862
Correa2015a_article_formula_project_bt,29446231013.800106,3.58,0.34345259220909047,10113384372.47736,0.0996688208042719,-0.3408860713838376,0.3408860713838376,0.2923816171181862
Correa2015a_article_formula_project_bt,29446231013.800106,3.6,0.3412671679520123,10049031864.940273,0.0996688208042719,-0.3408860713838376,0.3408860713838376,0.2923816171181862
Correa2015a_article_formula_project_bt,29446231013.800106,3.62,0.33909501087971045,9985070025.991014,0.0996688208042719,-0.3408860713838376,0.3408860713838376,0.2923816171181862
Correa2015a_article_formula_project_bt,29446231013.800106,3.64,0.3369360501905097,9921496770.787096,0.0996688208042719,-0.3408860713838376,0.3408860713838376,0.2923816171181862
Correa2015a_article_formula_project_bt,29446231013.800106,3.66,0.3347902152840099,9858310020.412827,0.0996688208042719,-0.3408860713838376,0.3408860713838376,0.2923816171181862
Correa2015a_article_formula_project_bt,29446231013.800106,3.68,0.3326574357645981,9795507701.982725,0.0996688208042719,-0.3408860713838376,0.3408860713838376,0.2923816171181862
Correa2015a_article_formula_project_bt,29446231013.800106,3.7,0.33053764144483383,9733087748.741205,0.0996688208042719,-0.3408860713838376,0.3408860713838376,0.2923816171181862
Correa2015a_article_formula_project_bt,29446231013.800106,3.72,0.32843076234871105,9671048100.158627,0.0996688208042719,-0.3408860713838376,0.3408860713838376,0.2923816171181862
Correa2015a_article_formula_project_bt,29446231013.800106,3.74,0.32633672871480135,9609386702.023855,0.0996688208042719,-0.3408860713838376,0.3408860713838376,0.2923816171181862
Correa2015a_article_formula_project_bt,29446231013.800106,3.7600000000000002,0.3242554709992799,9548101506.533358,0.0996688208042719,-0.3408860713838376,0.3408860713838376,0.2923816171181862
Correa2015a_article_formula_project_bt,29446231013.800106,3.7800000000000002,0.32218691987883824,9487190472.376976,0.0996688208042719,-0.3408860713838376,0.3408860713838376,0.2923816171181862
Correa2015a_article_formula_project_bt,29446231013.800106,3.8000000000000003,0.32013100625348667,9426651564.820456,0.0996688208042719,-0.3408860713838376,0.3408860713838376,0.2923816171181862
Correa2015a_article_formula_project_bt,29446231013.800106,3.8200000000000003,0.31808766124924975,9366482755.7848,0.0996688208042719,-0.3408860713838376,0.3408860713838376,0.2923816171181862
Correa2015a_article_formula_project_bt,29446231013.800106,3.84,0.3160568162207572,9306682023.92258,0.0996688208042719,-0.3408860713838376,0.3408860713838376,0.2923816171181862
Correa2015a_article_formula_project_bt,29446231013.800106,3.86,0.3140384027537323,9247247354.6912,0.0996688208042719,-0.3408860713838376,0.3408860713838376,0.2923816171181862
Correa2015a_article_formula_project_bt,29446231013.800106,3.88,0.3120323526673831,9188176740.42331,0.0996688208042719,-0.3408860713838376,0.3408860713838376,0.2923816171181862
Correa2015a_article_formula_project_bt,29446231013.800106,3.9,0.31003859801669564,9129468180.394327,0.0996688208042719,-0.3408860713838376,0.3408860713838376,0.2923816171181862
Correa2015a_article_formula_project_bt,29446231013.800106,3.92,0.3080570710946347,9071119680.887257,0.0996688208042719,-0.3408860713838376,0.3408860713838376,0.2923816171181862
Correa2015a_article_formula_project_bt,29446231013.800106,3.94,0.3060877044342522,9013129255.254757,0.0996688208042719,-0.3408860713838376,0.3408860713838376,0.2923816171181862
Correa2015a_article_formula_project_bt,29446231013.800106,3.96,0.30413043081070795,8955494923.978657,0.0996688208042719,-0.3408860713838376,0.3408860713838376,0.2923816171181862
Correa2015a_article_formula_project_bt,29446231013.800106,3.98,0.3021851832432033,8898214714.726881,0.0996688208042719,-0.3408860713838376,0.3408860713838376,0.2923816171181862
Correa2015a_article_formula_project_bt,29446231013.800106,4.0,0.3002518949968311,8841286662.40794,0.0996688208042719,-0.3408860713838376,0.3408860713838376,0.2923816171181862
Correa2015a_article_formula_project_bt,29446231013.800106,4.0200000000000005,0.29833049958434293,8784708809.222958,0.0996688208042719,-0.3408860713838376,0.3408860713838376,0.2923816171181862
Correa2015a_article_formula_project_bt,29446231013.800106,4.04,0.2964209307678384,8728479204.715416,0.0996688208042719,-0.3408860713838376,0.3408860713838376,0.2923816171181862
Correa2015a_article_formula_project_bt,29446231013.800106,4.0600000000000005,0.2945231225603743,8672595905.818542,0.0996688208042719,-0.3408860713838376,0.3408860713838376,0.2923816171181862
Correa2015a_article_formula_project_bt,29446231013.800106,4.08,0.292637009227501,8617056976.900549,0.0996688208042719,-0.3408860713838376,0.3408860713838376,0.2923816171181862
Correa2015a_article_formula_project_bt,29446231013.800106,4.1,0.29076252528872343,8561860489.807646,0.0996688208042719,-0.3408860713838376,0.3408860713838376,0.2923816171181862
Correa2015a_article_formula_project_bt,29446231013.800106,4.12,0.28889960551889077,8507004523.904978,0.0996688208042719,-0.3408860713838376,0.3408860713838376,0.2923816171181862
Correa2015a_article_formula_project_bt,29446231013.800106,4.14,0.2870481849495177,8452487166.115518,0.0996688208042719,-0.3408860713838376,0.3408860713838376,0.2923816171181862
Correa2015a_article_formula_project_bt,29446231013.800106,4.16,0.28520819887003634,8398306510.956933,0.0996688208042719,-0.3408860713838376,0.3408860713838376,0.2923816171181862
Correa2015a_article_formula_project_bt,29446231013.800106,4.18,0.283379582828983,8344460660.576535,0.0996688208042719,-0.3408860713838376,0.3408860713838376,0.2923816171181862
Correa2015a_article_formula_project_bt,29446231013.800106,4.2,0.28156227263512046,8290947724.784325,0.0996688208042719,-0.3408860713838376,0.3408860713838376,0.2923816171181862
Correa2015a_article_formula_project_bt,29446231013.800106,4.22,0.2797562043584979,8237765821.084202,0.0996688208042719,-0.3408860713838376,0.3408860713838376,0.2923816171181862
Correa2015a_article_formula_project_bt,29446231013.800106,4.24,0.27796131433144955,8184913074.703369,0.0996688208042719,-0.3408860713838376,0.3408860713838376,0.2923816171181862
Correa2015a_article_formula_project_bt,29446231013.800106,4.26,0.2761775391495349,8132387618.620028,0.0996688208042719,-0.3408860713838376,0.3408860713838376,0.2923816171181862
Correa2015a_article_formula_project_bt,29446231013.800106,4.28,0.27440481567241964,8080187593.589305,0.0996688208042719,-0.3408860713838376,0.3408860713838376,0.2923816171181862
Correa2015a_article_formula_project_bt,29446231013.800106,4.3,0.27264308102470247,8028311148.167609,0.0996688208042719,-0.3408860713838376,0.3408860713838376,0.2923816171181862
Correa2015a_article_formula_project_bt,29446231013.800106,4.32,0.27089227259668575,7976756438.73532,0.0996688208042719,-0.3408860713838376,0.3408860713838376,0.2923816171181862
Correa2015a_article_formula_project_bt,29446231013.800106,4.34,0.26915232804509365,7925521629.517937,0.0996688208042719,-0.3408860713838376,0.3408860713838376,0.2923816171181862
Correa2015a_article_formula_project_bt,29446231013.800106,4.36,0.2674231852937378,7874604892.605675,0.0996688208042719,-0.3408860713838376,0.3408860713838376,0.2923816171181862
Correa2015a_article_formula_project_bt,29446231013.800106,4.38,0.265704782534134,7824004407.971629,0.0996688208042719,-0.3408860713838376,0.3408860713838376,0.2923816171181862
Correa2015a_article_formula_project_bt,29446231013.800106,4.4,0.2639970582260676,7773718363.488424,0.0996688208042719,-0.3408860713838376,0.3408860713838376,0.2923816171181862
Correa2015a_article_formula_project_bt,29446231013.800106,4.42,0.26229995109811394,7723744954.943534,0.0996688208042719,-0.3408860713838376,0.3408860713838376,0.2923816171181862
Correa2015a_article_formula_project_bt,29446231013.800106,4.44,0.2606134001481095,7674082386.05316,0.0996688208042719,-0.3408860713838376,0.3408860713838376,0.2923816171181862
Correa2015a_article_formula_project_bt,29446231013.800106,4.46,0.2589373446435801,7624728868.474834,0.0996688208042719,-0.3408860713838376,0.3408860713838376,0.2923816171181862
Correa2015a_article_formula_project_bt,29446231013.800106,4.48,0.2572717241221233,7575682621.818691,0.0996688208042719,-0.3408860713838376,0.3408860713838376,0.2923816171181862
Correa2015a_article_formula_project_bt,29446231013.800106,4.5,0.2556164783917496,7526941873.657502,0.0996688208042719,-0.3408860713838376,0.3408860713838376,0.2923816171181862
Correa2015a_article_formula_project_bt,29446231013.800106,4.5200000000000005,0.25397154753118084,7478504859.535465,0.0996688208042719,-0.3408860713838376,0.3408860713838376,0.2923816171181862
Correa2015a_article_formula_project_bt,29446231013.800106,4.54,0.25233687189010806,7430369822.975804,0.0996688208042719,-0.3408860713838376,0.3408860713838376,0.2923816171181862
Correa2015a_article_formula_project_bt,29446231013.800106,4.5600000000000005,0.2507123920894106,7382535015.487215,0.0996688208042719,-0.3408860713838376,0.3408860713838376,0.2923816171181862
Correa2015a_article_formula_project_bt,29446231013.800106,4.58,0.24909804902133634,7334998696.569173,0.0996688208042719,-0.3408860713838376,0.3408860713838376,0.2923816171181862
Correa2015a_article_formula_project_bt,29446231013.800106,4.6000000000000005,0.24749378384964454,7287759133.716143,0.0996688208042719,-0.3408860713838376,0.3408860713838376,0.2923816171181862
Correa2015a_article_formula_project_bt,29446231013.800106,4.62,0.24589953800971268,7240814602.420719,0.0996688208042719,-0.3408860713838376,0.3408860713838376,0.2923816171181862
Correa2015a_article_formula_project_bt,29446231013.800106,4.64,0.24431525320860736,7194163386.17572,0.0996688208042719,-0.3408860713838376,0.3408860713838376,0.2923816171181862
Correa2015a_article_formula_project_bt,29446231013.800106,4.66,0.2427408714251212,7147803776.475268,0.0996688208042719,-0.3408860713838376,0.3408860713838376,0.2923816171181862
Correa2015a_article_formula_project_bt,29446231013.800106,4.68,0.24117633490977702,7101734072.814918,0.0996688208042719,-0.3408860713838376,0.3408860713838376,0.2923816171181862
Correa2015a_article_formula_project_bt,29446231013.800106,4.7,0.23962158618479745,7055952582.690758,0.0996688208042719,-0.3408860713838376,0.3408860713838376,0.2923816171181862
Correa2015a_article_formula_project_bt,29446231013.800106,4.72,0.2380765680440454,7010457621.597661,0.0996688208042719,-0.3408860713838376,0.3408860713838376,0.2923816171181862
Correa2015a_article_formula_project_bt,29446231013.800106,4.74,0.23654122355293145,6965247513.026554,0.0996688208042719,-0.3408860713838376,0.3408860713838376,0.2923816171181862
Correa2015a_article_formula_project_bt,29446231013.800106,4.76,0.23501549604829322,6920320588.460868,0.0996688208042719,-0.3408860713838376,0.3408860713838376,0.2923816171181862
Correa2015a_article_formula_project_bt,29446231013.800106,4.78,0.23349932913824453,6875675187.372095,0.0996688208042719,-0.3408860713838376,0.3408860713838376,0.2923816171181862
Correa2015a_article_formula_project_bt,29446231013.800106,4.8,0.23199266670199642,6831309657.214519,0.0996688208042719,-0.3408860713838376,0.3408860713838376,0.2923816171181862
Correa2015a_article_formula_project_bt,29446231013.800106,4.82,0.23049545288965093,6787222353.419141,0.0996688208042719,-0.3408860713838376,0.3408860713838376,0.2923816171181862
Correa2015a_article_formula_project_bt,29446231013.800106,4.84,0.22900763212196834,6743411639.386829,0.0996688208042719,-0.3408860713838376,0.3408860713838376,0.2923816171181862
Correa2015a_article_formula_project_bt,29446231013.800106,4.86,0.2275291490901074,6699875886.480669,0.0996688208042719,-0.3408860713838376,0.3408860713838376,0.2923816171181862
Correa2015a_article_formula_project_bt,29446231013.800106,4.88,0.22605994875534194,6656613474.017612,0.0996688208042719,-0.3408860713838376,0.3408860713838376,0.2923816171181862
Correa2015a_article_formula_project_bt,29446231013.800106,4.9,0.22459997634875128,6613622789.259371,0.0996688208042719,-0.3408860713838376,0.3408860713838376,0.2923816171181862
Correa2015a_article_formula_project_bt,29446231013.800106,4.92,0.22314917737088816,6570902227.402628,0.0996688208042719,-0.3408860713838376,0.3408860713838376,0.2923816171181862
Correa2015a_article_formula_project_bt,29446231013.800106,4.94,0.22170749759142244,6528450191.568556,0.0996688208042719,-0.3408860713838376,0.3408860713838376,0.2923816171181862
Correa2015a_article_formula_project_bt,29446231013.800106,4.96,0.22027488304876316,6486265092.791681,0.0996688208042719,-0.3408860713838376,0.3408860713838376,0.2923816171181862
Correa2015a_article_formula_project_bt,29446231013.800106,4.98,0.218851280049658,6444345350.008092,0.0996688208042719,-0.3408860713838376,0.3408860713838376,0.2923816171181862
Correa2015a_article_formula_project_bt,29446231013.800106,5.0,0.2174366351687725,6402689390.043048,0.0996688208042719,-0.3408860713838376,0.3408860713838376,0.2923816171181862
Correa2015a_article_formula_project_bt,29446231013.800106,5.0200000000000005,0.2160308952482473,6361295647.597942,0.0996688208042719,-0.3408860713838376,0.3408860713838376,0.2923816171181862
Correa2015a_article_formula_project_bt,29446231013.800106,5.04,0.2146340073972368,6320162565.236715,0.0996688208042719,-0.3408860713838376,0.3408860713838376,0.2923816171181862
Correa2015a_article_formula_project_bt,29446231013.800106,5.0600000000000005,0.21324591899142714,6279288593.371667,0.0996688208042719,-0.3408860713838376,0.3408860713838376,0.2923816171181862
Correa2015a_article_formula_project_bt,29446231013.800106,5.08,0.21186657767253672,6238672190.24874,0.0996688208042719,-0.3408860713838376,0.3408860713838376,0.2923816171181862
Correa2015a_article_formula_project_bt,29446231013.800106,5.1000000000000005,0.2104959313477968,6198311821.932232,0.0996688208042719,-0.3408860713838376,0.3408860713838376,0.2923816171181862
Correa2015a_article_formula_project_bt,29446231013.800106,5.12,0.20913392818941579,6158205962.28902,0.0996688208042719,-0.3408860713838376,0.3408860713838376,0.2923816171181862
Correa2015a_article_formula_project_bt,29446231013.800106,5.14,0.20778051663402558,6118353092.972253,0.0996688208042719,-0.3408860713838376,0.3408860713838376,0.2923816171181862
Correa2015a_article_formula_project_bt,29446231013.800106,5.16,0.20643564538211115,6078751703.404562,0.0996688208042719,-0.3408860713838376,0.3408860713838376,0.2923816171181862
Correa2015a_article_formula_project_bt,29446231013.800106,5.18,0.2050992633974244,6039400290.760796,0.0996688208042719,-0.3408860713838376,0.3408860713838376,0.2923816171181862
Correa2015a_article_formula_project_bt,29446231013.800106,5.2,0.20377131990638217,6000297359.950294,0.0996688208042719,-0.3408860713838376,0.3408860713838376,0.2923816171181862
Correa2015a_article_formula_project_bt,29446231013.800106,5.22,0.20245176439744847,5961441423.5987,0.0996688208042719,-0.3408860713838376,0.3408860713838376,0.2923816171181862
Correa2015a_article_formula_project_bt,29446231013.800106,5.24,0.2011405466205028,5922831002.029355,0.0996688208042719,-0.3408860713838376,0.3408860713838376,0.2923816171181862
Correa2015a_article_formula_project_bt,29446231013.800106,5.26,0.19983761658619392,5884464623.244278,0.0996688208042719,-0.3408860713838376,0.3408860713838376,0.2923816171181862
Correa2015a_article_formula_project_bt,29446231013.800106,5.28,0.19854292456527922,5846340822.9047,0.0996688208042719,-0.3408860713838376,0.3408860713838376,0.2923816171181862
Correa2015a_article_formula_project_bt,29446231013.800106,5.3,0.19725642108795177,5808458144.311258,0.0996688208042719,-0.3408860713838376,0.3408860713838376,0.2923816171181862
Correa2015a_article_formula_project_bt,29446231013.800106,5.32,0.19597805694315312,5770815138.383759,0.0996688208042719,-0.3408860713838376,0.3408860713838376,0.2923816171181862
Correa2015a_article_formula_project_bt,29446231013.800106,5.34,0.19470778317787482,5733410363.640604,0.0996688208042719,-0.3408860713838376,0.3408860713838376,0.2923816171181862
Correa2015a_article_formula_project_bt,29446231013.800106,5.36,0.1934455510964466,5696242386.177839,0.0996688208042719,-0.3408860713838376,0.3408860713838376,0.2923816171181862
Correa2015a_article_formula_project_bt,29446231013.800106,5.38,0.19219131225981403,5659309779.647877,0.0996688208042719,-0.3408860713838376,0.3408860713838376,0.2923816171181862
Correa2015a_article_formula_project_bt,29446231013.800106,5.4,0.19094501848480358,5622611125.237858,0.0996688208042719,-0.3408860713838376,0.3408860713838376,0.2923816171181862
Correa2015a_article_formula_project_bt,29446231013.800106,5.42,0.18970662184337764,5586145011.647716,0.0996688208042719,-0.3408860713838376,0.3408860713838376,0.2923816171181862
Correa2015a_article_formula_project_bt,29446231013.800106,5.44,0.1884760746618783,5549910035.067905,0.0996688208042719,-0.3408860713838376,0.3408860713838376,0.2923816171181862
Correa2015a_article_formula_project_bt,29446231013.800106,5.46,0.18725332952026164,5513904799.156859,0.0996688208042719,-0.3408860713838376,0.3408860713838376,0.2923816171181862
Correa2015a_article_formula_project_bt,29446231013.800106,5.48,0.18603833925132085,5478127915.018109,0.0996688208042719,-0.3408860713838376,0.3408860713838376,0.2923816171181862
Correa2015a_article_formula_project_bt,29446231013.800106,5.5,0.18483105693990146,5442578001.177179,0.0996688208042719,-0.3408860713838376,0.3408860713838376,0.2923816171181862
Correa2015a_article_formula_project_bt,29446231013.800106,5.5200000000000005,0.1836314359221055,5407253683.55815,0.0996688208042719,-0.3408860713838376,0.3408860713838376,0.2923816171181862
Correa2015a_article_formula_project_bt,29446231013.800106,5.54,0.18243942978448863,5372153595.460016,0.0996688208042719,-0.3408860713838376,0.3408860713838376,0.2923816171181862
Correa2015a_article_formula_project_bt,29446231013.800106,5.5600000000000005,0.1812549923632471,5337276377.532748,0.0996688208042719,-0.3408860713838376,0.3408860713838376,0.2923816171181862
Correa2015a_article_formula_project_bt,29446231013.800106,5.58,0.18007807774339754,5302620677.7531395,0.0996688208042719,-0.3408860713838376,0.3408860713838376,0.2923816171181862
Correa2015a_article_formula_project_bt,29446231013.800106,5.6000000000000005,0.17890864025794795,5268185151.4003935,0.0996688208042719,-0.3408860713838376,0.3408860713838376,0.2923816171181862
Correa2015a_article_formula_project_bt,29446231013.800106,5.62,0.17774663448706216,5233968461.031521,0.0996688208042719,-0.3408860713838376,0.3408860713838376,0.2923816171181862
Correa2015a_article_formula_project_bt,29446231013.800106,5.64,0.17659201525721532,5199969276.456475,0.0996688208042719,-0.3408860713838376,0.3408860713838376,0.2923816171181862
Correa2015a_article_formula_project_bt,29446231013.800106,5.66,0.17544473764034385,5166186274.713116,0.0996688208042719,-0.3408860713838376,0.3408860713838376,0.2923816171181862
Correa2015a_article_formula_project_bt,29446231013.800106,5.68,0.1743047569529878,5132618140.041959,0.0996688208042719,-0.3408860713838376,0.3408860713838376,0.2923816171181862
Correa2015a_article_formula_project_bt,29446231013.800106,5.7,0.1731720287554265,5099263563.8607235,0.0996688208042719,-0.3408860713838376,0.3408860713838376,0.2923816171181862
Correa2015a_article_formula_project_bt,29446231013.800106,5.72,0.17204650885080877,5066121244.73872,0.0996688208042719,-0.3408860713838376,0.3408860713838376,0.2923816171181862
Correa2015a_article_formula_project_bt,29446231013.800106,5.74,0.1709281532842758,5033189888.37102,0.0996688208042719,-0.3408860713838376,0.3408860713838376,0.2923816171181862
Correa2015a_article_formula_project_bt,29446231013.800106,5.76,0.16981691834207982,5000468207.552511,0.0996688208042719,-0.3408860713838376,0.3408860713838376,0.2923816171181862
Correa2015a_article_formula_project_bt,29446231013.800106,5.78,0.16871276055069584,4967954922.151731,0.0996688208042719,-0.3408860713838376,0.3408860713838376,0.2923816171181862
Correa2015a_article_formula_project_bt,29446231013.800106,5.8,0.1676156366759292,4935648759.084598,0.0996688208042719,-0.3408860713838376,0.3408860713838376,0.2923816171181862
Correa2015a_article_formula_project_bt,29446231013.800106,5.82,0.16652550372201724,4903548452.28795,0.0996688208042719,-0.3408860713838376,0.3408860713838376,0.2923816171181862
Correa2015a_article_formula_project_bt,29446231013.800106,5.84,0.16544231893072667,4871652742.692972,0.0996688208042719,-0.3408860713838376,0.3408860713838376,0.2923816171181862
Correa2015a_article_formula_project_bt,29446231013.800106,5.86,0.16436603978044595,4839960378.198469,0.0996688208042719,-0.3408860713838376,0.3408860713838376,0.2923816171181862
Correa2015a_article_formula_project_bt,29446231013.800106,5.88,0.16329662398527406,4808470113.644032,0.0996688208042719,-0.3408860713838376,0.3408860713838376,0.2923816171181862
Correa2015a_article_formula_project_bt,29446231013.800106,5.9,0.16223402949410376,4777180710.783039,0.0996688208042719,-0.3408860713838376,0.3408860713838376,0.2923816171181862
Correa2015a_article_formula_project_bt,29446231013.800106,5.92,0.16117821448970238,4746090938.2556,0.0996688208042719,-0.3408860713838376,0.3408860713838376,0.2923816171181862
Correa2015a_article_formula_project_bt,29446231013.800106,5.94,0.16012913738778764,4715199571.561331,0.0996688208042719,-0.3408860713838376,0.3408860713838376,0.2923816171181862
Correa2015a_article_formula_project_bt,29446231013.800106,5.96,0.15908675683610093,4684505393.032071,0.0996688208042719,-0.3408860713838376,0.3408860713838376,0.2923816171181862
Correa2015a_article_formula_project_bt,29446231013.800106,5.98,0.15805103171347595,4654007191.80446,0.0996688208042719,-0.3408860713838376,0.3408860713838376,0.2923816171181862
Correa2015a_article_formula_project_bt,29446231013.800106,6.0,0.15702192112890584,4623703763.792461,0.0996688208042719,-0.3408860713838376,0.3408860713838376,0.2923816171181862
Correa2015a_article_formula_project_bt,29446231013.800106,6.0200000000000005,0.15599938442060554,4593593911.6597595,0.0996688208042719,-0.3408860713838376,0.3408860713838376,0.2923816171181862
Correa2015a_article_formula_project_bt,29446231013.800106,6.04,0.1549833811550729,4563676444.79211,0.0996688208042719,-0.3408860713838376,0.3408860713838376,0.2923816171181862
Correa2015a_article_formula_project_bt,29446231013.800106,6.0600000000000005,0.15397387112614588,4533950179.269578,0.0996688208042719,-0.3408860713838376,0.3408860713838376,0.2923816171181862
Correa2015a_article_formula_project_bt,29446231013.800106,6.08,0.15297081435405807,4504413937.838723,0.0996688208042719,-0.3408860713838376,0.3408860713838376,0.2923816171181862
Correa2015a_article_formula_project_bt,29446231013.800106,6.1000000000000005,0.15197417108449177,4475066549.884725,0.0996688208042719,-0.3408860713838376,0.3408860713838376,0.2923816171181862
Correa2015a_article_formula_project_bt,29446231013.800106,6.12,0.15098390178762852,4445906851.403417,0.0996688208042719,-0.3408860713838376,0.3408860713838376,0.2923816171181862
Correa2015a_article_formula_project_bt,29446231013.800106,6.140000000000001,0.14999996715719807,4416933684.973283,0.0996688208042719,-0.3408860713838376,0.3408860713838376,0.2923816171181862
Correa2015a_article_formula_project_bt,29446231013.800106,6.16,0.14902232810952562,4388145899.727408,0.0996688208042719,-0.3408860713838376,0.3408860713838376,0.2923816171181862
Correa2015a_article_formula_project_bt,29446231013.800106,6.18,0.14805094578257666,4359542351.325347,0.0996688208042719,-0.3408860713838376,0.3408860713838376,0.2923816171181862
Correa2015a_article_formula_project_bt,29446231013.800106,6.2,0.1470857815350011,4331121901.924976,0.0996688208042719,-0.3408860713838376,0.3408860713838376,0.2923816171181862
Correa2015a_article_formula_project_bt,29446231013.800106,6.22,0.14612679694517566,4302883420.154303,0.0996688208042719,-0.3408860713838376,0.3408860713838376,0.2923816171181862
Correa2015a_article_formula_project_bt,29446231013.800106,6.24,0.1451739538102448,4274825781.0832148,0.0996688208042719,-0.3408860713838376,0.3408860713838376,0.2923816171181862
Correa2015a_article_formula_project_bt,29446231013.800106,6.26,0.14422721414516104,4246947866.1952305,0.0996688208042719,-0.3408860713838376,0.3408860713838376,0.2923816171181862
Correa2015a_article_formula_project_bt,29446231013.800106,6.28,0.14328654018172357,4219248563.359184,0.0996688208042719,-0.3408860713838376,0.3408860713838376,0.2923816171181862
Correa2015a_article_formula_project_bt,29446231013.800106,6.3,0.14235189436761703,4191726766.800921,0.0996688208042719,-0.3408860713838376,0.3408860713838376,0.2923816171181862
Correa2015a_article_formula_project_bt,29446231013.800106,6.32,0.1414232393654484,4164381377.0749426,0.0996688208042719,-0.3408860713838376,0.3408860713838376,0.2923816171181862
Correa2015a_article_formula_project_bt,29446231013.800106,6.34,0.1405005380517844,4137211301.0360556,0.0996688208042719,-0.3408860713838376,0.3408860713838376,0.2923816171181862
Correa2015a_article_formula_project_bt,29446231013.800106,6.36,0.13958375351618732,4110215451.8109846,0.0996688208042719,-0.3408860713838376,0.3408860713838376,0.2923816171181862
Correa2015a_article_formula_project_bt,29446231013.800106,6.38,0.13867284906025157,4083392748.7700005,0.0996688208042719,-0.3408860713838376,0.3408860713838376,0.2923816171181862
Correa2015a_article_formula_project_bt,29446231013.800106,6.4,0.1377677881966391,4056742117.4985185,0.0996688208042719,-0.3408860713838376,0.3408860713838376,0.2923816171181862
Correa2015a_article_formula_project_bt,29446231013.800106,6.42,0.1368685346481153,4030262489.7687073,0.0996688208042719,-0.3408860713838376,0.3408860713838376,0.2923816171181862
Correa2015a_article_formula_project_bt,29446231013.800106,6.44,0.13597505234658425,4003952803.5110817,0.0996688208042719,-0.3408860713838376,0.3408860713838376,0.2923816171181862
Correa2015a_article_formula_project_bt,29446231013.800106,6.46,0.13508730543212494,3977812002.7861247,0.0996688208042719,-0.3408860713838376,0.3408860713838376,0.2923816171181862
Correa2015a_article_formula_project_bt,29446231013.800106,6.48,0.13420525825202662,3951839037.755879,0.0996688208042719,-0.3408860713838376,0.3408860713838376,0.2923816171181862
Correa2015a_article_formula_project_bt,29446231013.800106,6.5,0.13332887535982518,3926032864.655573,0.0996688208042719,-0.3408860713838376,0.3408860713838376,0.2923816171181862
Correa2015a_article_formula_project_bt,29446231013.800106,6.5200000000000005,0.13245812151433986,3900392445.7652574,0.0996688208042719,-0.3408860713838376,0.3408860713838376,0.2923816171181862
Correa2015a_article_formula_project_bt,29446231013.800106,6.54,0.13159296167870999,3874916749.3814387,0.0996688208042719,-0.3408860713838376,0.3408860713838376,0.2923816171181862
Correa2015a_article_formula_project_bt,29446231013.800106,6.5600000000000005,0.13073336101943253,3849604749.78874,0.0996688208042719,-0.3408860713838376,0.3408860713838376,0.2923816171181862
Correa2015a_article_formula_project_bt,29446231013.800106,6.58,0.12987928490540077,3824455427.231592,0.0996688208042719,-0.3408860713838376,0.3408860713838376,0.2923816171181862
Correa2015a_article_formula_project_bt,29446231013.800106,6.6000000000000005,0.12903069890694271,3799467767.88592,0.0996688208042719,-0.3408860713838376,0.3408860713838376,0.2923816171181862
Correa2015a_article_formula_project_bt,29446231013.800106,6.62,0.12818756879486146,3774640763.830884,0.0996688208042719,-0.3408860713838376,0.3408860713838376,0.2923816171181862
Correa2015a_article_formula_project_bt,29446231013.800106,6.640000000000001,0.12734986053947545,3749973413.0206203,0.0996688208042719,-0.3408860713838376,0.3408860713838376,0.2923816171181862
Correa2015a_article_formula_project_bt,29446231013.800106,6.66,0.12651754030966078,3725464719.256038,0.0996688208042719,-0.3408860713838376,0.3408860713838376,0.2923816171181862
Correa2015a_article_formula_project_bt,29446231013.800106,6.68,0.12569057447189344,3701113692.1566205,0.0996688208042719,-0.3408860713838376,0.3408860713838376,0.2923816171181862
Correa2015a_article_formula_project_bt,29446231013.800106,6.7,0.12486892958929373,3676919347.1322827,0.0996688208042719,-0.3408860713838376,0.3408860713838376,0.2923816171181862
Correa2015a_article_formula_project_bt,29446231013.800106,6.72,0.12405257242067147,3652880705.35526,0.0996688208042719,-0.3408860713838376,0.3408860713838376,0.2923816171181862
Correa2015a_article_formula_project_bt,29446231013.800106,6.74,0.12324146991957219,3628996793.7320194,0.0996688208042719,-0.3408860713838376,0.3408860713838376,0.2923816171181862
Correa2015a_article_formula_project_bt,29446231013.800106,6.76,0.12243558923332554,3605266644.875241,0.0996688208042719,-0.3408860713838376,0.3408860713838376,0.2923816171181862
Correa2015a_article_formula_project_bt,29446231013.800106,6.78,0.12163489770209425,3581689297.075811,0.0996688208042719,-0.3408860713838376,0.3408860713838376,0.2923816171181862
Correa2015a_article_formula_project_bt,29446231013.800106,6.8,0.12083936285792528,3558263794.2748837,0.0996688208042719,-0.3408860713838376,0.3408860713838376,0.2923816171181862
Correa2015a_article_formula_project_bt,29446231013.800106,6.82,0.12004895242380202,3534989186.0359726,0.0996688208042719,-0.3408860713838376,0.3408860713838376,0.2923816171181862
Correa2015a_article_formula_project_bt,29446231013.800106,6.84,0.1192636343126989,3511864527.517109,0.0996688208042719,-0.3408860713838376,0.3408860713838376,0.2923816171181862
Correa2015a_article_formula_project_bt,29446231013.800106,6.86,0.11848337662663654,3488888879.443023,0.0996688208042719,-0.3408860713838376,0.3408860713838376,0.2923816171181862
Correa2015a_article_formula_project_bt,29446231013.800106,6.88,0.11770814765574,3466061308.0774136,0.0996688208042719,-0.3408860713838376,0.3408860713838376,0.2923816171181862
Correa2015a_article_formula_project_bt,29446231013.800106,6.9,0.11693791587729777,3443380885.1952333,0.0996688208042719,-0.3408860713838376,0.3408860713838376,0.2923816171181862
Correa2015a_article_formula_project_bt,29446231013.800106,6.92,0.11617264995482325,3420846688.05506,0.0996688208042719,-0.3408860713838376,0.3408860713838376,0.2923816171181862
Correa2015a_article_formula_project_bt,29446231013.800106,6.94,0.11541231873711813,3398457799.371511,0.0996688208042719,-0.3408860713838376,0.3408860713838376,0.2923816171181862
Correa2015a_article_formula_project_bt,29446231013.800106,6.96,0.11465689125733743,3376213307.2877154,0.0996688208042719,-0.3408860713838376,0.3408860713838376,0.2923816171181862
Correa2015a_article_formula_project_bt,29446231013.800106,6.98,0.1139063367320569,3354112305.347852,0.0996688208042719,-0.3408860713838376,0.3408860713838376,0.2923816171181862
Correa2015a_article_formula_project_bt,29446231013.800106,7.0,0.1131606245603426,3332153892.46975,0.0996688208042719,-0.3408860713838376,0.3408860713838376,0.2923816171181862
Correa2015a_article_formula_project_bt,29446231013.800106,7.0200000000000005,0.11241972432282207,3310337172.9175415,0.0996688208042719,-0.3408860713838376,0.3408860713838376,0.2923816171181862
Correa2015a_article_formula_project_bt,29446231013.800106,7.04,0.11168360578075863,3288661256.2743998,0.0996688208042719,-0.3408860713838376,0.3408860713838376,0.2923816171181862
Correa2015a_article_formula_project_bt,29446231013.800106,7.0600000000000005,0.11095223887512683,3267125257.4153175,0.0996688208042719,-0.3408860713838376,0.3408860713838376,0.2923816171181862
Correa2015a_article_formula_project_bt,29446231013.800106,7.08,0.11022559372569125,3245728296.47998,0.0996688208042719,-0.3408860713838376,0.3408860713838376,0.2923816171181862
Correa2015a_article_formula_project_bt,29446231013.800106,7.1000000000000005,0.10950364063008676,3224469498.845682,0.0996688208042719,-0.3408860713838376,0.3408860713838376,0.2923816171181862
Correa2015a_article_formula_project_bt,29446231013.800106,7.12,0.10878635006290178,3203347995.1003337,0.0996688208042719,-0.3408860713838376,0.3408860713838376,0.2923816171181862
Correa2015a_article_formula_project_bt,29446231013.800106,7.140000000000001,0.10807369267476354,3182362921.0155234,0.0996688208042719,-0.3408860713838376,0.3408860713838376,0.2923816171181862
Correa2015a_article_formula_project_bt,29446231013.800106,7.16,0.10736563929142622,3161513417.51967,0.0996688208042719,-0.3408860713838376,0.3408860713838376,0.2923816171181862
Correa2015a_article_formula_project_bt,29446231013.800106,7.18,0.10666216091286107,3140798630.671227,0.0996688208042719,-0.3408860713838376,0.3408860713838376,0.2923816171181862
Correa2015a_article_formula_project_bt,29446231013.800106,7.2,0.10596322871234946,3120217711.6319785,0.0996688208042719,-0.3408860713838376,0.3408860713838376,0.2923816171181862
Correa2015a_article_formula_project_bt,29446231013.800106,7.22,0.10526881403557861,3099769816.640411,0.0996688208042719,-0.3408860713838376,0.3408860713838376,0.2923816171181862
Correa2015a_article_formula_project_bt,29446231013.800106,7.24,0.10457888839973922,3079454106.9851413,0.0996688208042719,-0.3408860713838376,0.3408860713838376,0.2923816171181862
Correa2015a_article_formula_project_bt,29446231013.800106,7.26,0.1038934234926268,3059269748.978456,0.0996688208042719,-0.3408860713838376,0.3408860713838376,0.2923816171181862
Correa2015a_article_formula_project_bt,29446231013.800106,7.28,0.10321239117174458,3039215913.9298935,0.0996688208042719,-0.3408860713838376,0.3408860713838376,0.2923816171181862
Correa2015a_article_formula_project_bt,29446231013.800106,7.3,0.10253576346341016,3019291778.11994,0.0996688208042719,-0.3408860713838376,0.3408860713838376,0.2923816171181862
Correa2015a_article_formula_project_bt,29446231013.800106,7.32,0.10186351256186389,2999496522.773773,0.0996688208042719,-0.3408860713838376,0.3408860713838376,0.2923816171181862
Correa2015a_article_formula_project_bt,29446231013.800106,7.34,0.1011956108283811,2979829334.0351214,0.0996688208042719,-0.3408860713838376,0.3408860713838376,0.2923816171181862
Correa2015a_article_formula_project_bt,29446231013.800106,7.36,0.100532030790386,2960289402.9401712,0.0996688208042719,-0.3408860713838376,0.3408860713838376,0.2923816171181862
Correa2015a_article_formula_project_bt,29446231013.800106,7.38,0.09987274514056928,2940875925.391585,0.0996688208042719,-0.3408860713838376,0.3408860713838376,0.2923816171181862
Correa2015a_article_formula_project_bt,29446231013.800106,7.4,0.09921772673600833,2921588102.1325927,0.0996688208042719,-0.3408860713838376,0.3408860713838376,0.2923816171181862
Correa2015a_article_formula_project_bt,29446231013.800106,7.42,0.09856694859729002,2902425138.7211623,0.0996688208042719,-0.3408860713838376,0.3408860713838376,0.2923816171181862
Correa2015a_article_formula_project_bt,29446231013.800106,7.44,0.09792038390763667,2883386245.504264,0.0996688208042719,-0.3408860713838376,0.3408860713838376,0.2923816171181862
Correa2015a_article_formula_project_bt,29446231013.800106,7.46,0.09727800601203519,2864470637.5922236,0.0996688208042719,-0.3408860713838376,0.3408860713838376,0.2923816171181862
Correa2015a_article_formula_project_bt,29446231013.800106,7.48,0.09663978841636846,2845677534.833149,0.0996688208042719,-0.3408860713838376,0.3408860713838376,0.2923816171181862
Correa2015a_article_formula_project_bt,29446231013.800106,7.5,0.09600570478655056,2827006161.787462,0.0996688208042719,-0.3408860713838376,0.3408860713838376,0.2923816171181862
Correa2015a_article_formula_project_bt,29446231013.800106,7.5200000000000005,0.09537572894766407,2808455747.702498,0.0996688208042719,-0.3408860713838376,0.3408860713838376,0.2923816171181862
Correa2015a_article_formula_project_bt,29446231013.800106,7.54,0.09474983488310143,2790025526.4872203,0.0996688208042719,-0.3408860713838376,0.3408860713838376,0.2923816171181862
Correa2015a_article_formula_project_bt,29446231013.800106,7.5600000000000005,0.09412799673370828,2771714736.686996,0.0996688208042719,-0.3408860713838376,0.3408860713838376,0.2923816171181862
Correa2015a_article_formula_project_bt,29446231013.800106,7.58,0.09351018879693071,2753522621.458484,0.0996688208042719,-0.3408860713838376,0.3408860713838376,0.2923816171181862
Correa2015a_article_formula_project_bt,29446231013.800106,7.6000000000000005,0.09289638552596506,2735448428.544604,0.0996688208042719,-0.3408860713838376,0.3408860713838376,0.2923816171181862
Correa2015a_article_formula_project_bt,29446231013.800106,7.62,0.09228656152891108,2717491410.2495933,0.0996688208042719,-0.3408860713838376,0.3408860713838376,0.2923816171181862
Correa2015a_article_formula_project_bt,29446231013.800106,7.640000000000001,0.091680691567928,2699650823.4141636,0.0996688208042719,-0.3408860713838376,0.3408860713838376,0.2923816171181862
Correa2015a_article_formula_project_bt,29446231013.800106,7.66,0.091078750558394,2681925929.390745,0.0996688208042719,-0.3408860713838376,0.3408860713838376,0.2923816171181862
Correa2015a_article_formula_project_bt,29446231013.800106,7.68,0.09048071356806858,2664315994.018825,0.0996688208042719,-0.3408860713838376,0.3408860713838376,0.2923816171181862
Correa2015a_article_formula_project_bt,29446231013.800106,7.7,0.08988655581625807,2646820287.600373,0.0996688208042719,-0.3408860713838376,0.3408860713838376,0.2923816171181862
Correa2015a_article_formula_project_bt,29446231013.800106,7.72,0.08929625267298469,2629438084.8753724,0.0996688208042719,-0.3408860713838376,0.3408860713838376,0.2923816171181862
Correa2015a_article_formula_project_bt,29446231013.800106,7.74,0.08870977965815818,2612168664.9974313,0.0996688208042719,-0.3408860713838376,0.3408860713838376,0.2923816171181862
Correa2015a_article_formula_project_bt,29446231013.800106,7.76,0.08812711244075133,2595011311.509501,0.0996688208042719,-0.3408860713838376,0.3408860713838376,0.2923816171181862
Correa2015a_article_formula_project_bt,29446231013.800106,7.78,0.08754822683797796,2577965312.3196735,0.0996688208042719,-0.3408860713838376,0.3408860713838376,0.2923816171181862
Correa2015a_article_formula_project_bt,29446231013.800106,7.8,0.08697309881447485,2561029959.6770906,0.0996688208042719,-0.3408860713838376,0.3408860713838376,0.2923816171181862
Correa2015a_article_formula_project_bt,29446231013.800106,7.82,0.08640170448148647,2544204550.1479387,0.0996688208042719,-0.3408860713838376,0.3408860713838376,0.2923816171181862
Correa2015a_article_formula_project_bt,29446231013.800106,7.84,0.08583402009605298,2527488384.591537,0.0996688208042719,-0.3408860713838376,0.3408860713838376,0.2923816171181862
Correa2015a_article_formula_project_bt,29446231013.800106,7.86,0.0852700220602016,2510880768.1365275,0.0996688208042719,-0.3408860713838376,0.3408860713838376,0.2923816171181862
Correa2015a_article_formula_project_bt,29446231013.800106,7.88,0.08470968692014129,2494381010.1571617,0.0996688208042719,-0.3408860713838376,0.3408860713838376,0.2923816171181862
Correa2015a_article_formula_project_bt,29446231013.800106,7.9,0.08415299136546055,2477988424.2496767,0.0996688208042719,-0.3408860713838376,0.3408860713838376,0.2923816171181862
Correa2015a_article_formula_project_bt,29446231013.800106,7.92,0.08359991222832848,2461702328.2087727,0.0996688208042719,-0.3408860713838376,0.3408860713838376,0.2923816171181862
Correa2015a_article_formula_project_bt,29446231013.800106,7.94,0.08305042648269935,2445522044.004187,0.0996688208042719,-0.3408860713838376,0.3408860713838376,0.2923816171181862
Correa2015a_article_formula_project_bt,29446231013.800106,7.96,0.08250451124352032,2429446897.7573676,0.0996688208042719,-0.3408860713838376,0.3408860713838376,0.2923816171181862
Correa2015a_article_formula_project_bt,29446231013.800106,7.98,0.08196214376594226,2413476219.7182317,0.0996688208042719,-0.3408860713838376,0.3408860713838376,0.2923816171181862
Correa2015a_article_formula_project_bt,29446231013.800106,8.0,0.0814233014445344,2397609344.242044,0.0996688208042719,-0.3408860713838376,0.3408860713838376,0.2923816171181862
Correa2015a_article_formula_project_bt,98642774181.72794,0.0,1.0,98642774181.72794,0.11900922815659841,-0.40703389402382506,0.40703389402382506,0.2923816171181862
Correa2015a_article_formula_project_bt,98642774181.72794,0.02,0.9942327125328237,98073872946.46216,0.11900922815659841,-0.40703389402382506,0.40703389402382506,0.2923816171181862
Correa2015a_article_formula_project_bt,98642774181.72794,0.04,0.9884534500715006,97503790464.55293,0.11900922815659841,-0.40703389402382506,0.40703389402382506,0.2923816171181862
Correa2015a_article_formula_project_bt,98642774181.72794,0.06,0.9826645229629539,96932754635.03008,0.11900922815659841,-0.40703389402382506,0.40703389402382506,0.2923816171181862
Correa2015a_article_formula_project_bt,98642774181.72794,0.08,0.9768681036660939,96360979755.26729,0.11900922815659841,-0.40703389402382506,0.40703389402382506,0.2923816171181862
Correa2015a_article_formula_project_bt,98642774181.72794,0.1,0.971066236326997,95788667465.50441,0.11900922815659841,-0.40703389402382506,0.40703389402382506,0.2923816171181862
Correa2015a_article_formula_project_bt,98642774181.72794,0.12,0.9652608455339845,95216007612.47261,0.11900922815659841,-0.40703389402382506,0.40703389402382506,0.2923816171181862
Correa2015a_article_formula_project_bt,98642774181.72794,0.14,0.959453744336475,94643179040.39624,0.11900922815659841,-0.40703389402382506,0.40703389402382506,0.2923816171181862
Correa2015a_article_formula_project_bt,98642774181.72794,0.16,0.9536466416015696,94070350316.66687,0.11900922815659841,-0.40703389402382506,0.40703389402382506,0.2923816171181862
Correa2015a_article_formula_project_bt,98642774181.72794,0.18,0.9478411487737319,93497680398.63683,0.11900922815659841,-0.40703389402382506,0.40703389402382506,0.2923816171181862
Correa2015a_article_formula_project_bt,98642774181.72794,0.2,0.942038786095459,92925319247.24347,0.11900922815659841,-0.40703389402382506,0.40703389402382506,0.2923816171181862
Correa2015a_article_formula_project_bt,98642774181.72794,0.22,0.9362409883403338,92353408392.53333,0.11900922815659841,-0.40703389402382506,0.40703389402382506,0.2923816171181862
Correa2015a_article_formula_project_bt,98642774181.72794,0.24,0.9304491101041786,91782081455.5962,0.11900922815659841,-0.40703389402382506,0.40703389402382506,0.2923816171181862
Correa2015a_article_formula_project_bt,98642774181.72794,0.26,0.9246644306950578,91211464630.9286,0.11900922815659841,-0.40703389402382506,0.40703389402382506,0.2923816171181862
Correa2015a_article_formula_project_bt,98642774181.72794,0.28,0.918888158658523,90641677132.81648,0.11900922815659841,-0.40703389402382506,0.40703389402382506,0.2923816171181862
Correa2015a_article_formula_project_bt,98642774181.72794,0.3,0.9131214359706656,90072831608.94951,0.11900922815659841,-0.40703389402382506,0.40703389402382506,0.2923816171181862
Correa2015a_article_formula_project_bt,98642774181.72794,0.32,0.9073653419281685,89505034524.14668,0.11900922815659841,-0.40703389402382506,0.40703389402382506,0.2923816171181862
Correa2015a_article_formula_project_bt,98642774181.72794,0.34,0.9016208967615719,88938386516.77876,0.11900922815659841,-0.40703389402382506,0.40703389402382506,0.2923816171181862
Correa2015a_article_formula_project_bt,98642774181.72794,0.36,0.8958890649953309,88372982730.2138,0.11900922815659841,-0.40703389402382506,0.40703389402382506,0.2923816171181862
Correa2015a_article_formula_project_bt,98642774181.72794,0.38,0.8901707585759215,87808913121.38208,0.11900922815659841,-0.40703389402382506,0.40703389402382506,0.2923816171181862
Correa2015a_article_formula_project_bt,98642774181.72794,0.4,0.8844668397871608,87246262748.35144,0.11900922815659841,-0.40703389402382506,0.40703389402382506,0.2923816171181862
Correa2015a_article_formula_project_bt,98642774181.72794,0.42,0.8787781239700871,86685112038.62383,0.11900922815659841,-0.40703389402382506,0.40703389402382506,0.2923816171181862
Correa2015a_article_formula_project_bt,98642774181.72794,0.44,0.8731053820630835,86125537039.70004,0.11900922815659841,-0.40703389402382506,0.40703389402382506,0.2923816171181862
Correa2015a_article_formula_project_bt,98642774181.72794,0.46,0.867449342976479,85567609653.3171,0.11900922815659841,-0.40703389402382506,0.40703389402382506,0.2923816171181862
Correa2015a_article_formula_project_bt,98642774181.72794,0.48,0.8618106958145415,85011397854.63164,0.11900922815659841,-0.40703389402382506,0.40703389402382506,0.2923816171181862
Correa2015a_article_formula_project_bt,98642774181.72794,0.5,0.8561900919566101,84456965897.50877,0.11900922815659841,-0.40703389402382506,0.40703389402382506,0.2923816171181862
Correa2015a_article_formula_project_bt,98642774181.72794,0.52,0.8505881470080578,83904374506.97026,0.11900922815659841,-0.40703389402382506,0.40703389402382506,0.2923816171181862
Correa2015a_article_formula_project_bt,98642774181.72794,0.54,0.8450054426308333,83353681059.76436,0.11900922815659841,-0.40703389402382506,0.40703389402382506,0.2923816171181862
Correa2015a_article_formula_project_bt,98642774181.72794,0.56,0.8394425282624807,82804939753.93465,0.11900922815659841,-0.40703389402382506,0.40703389402382506,0.2923816171181862
Correa2015a_article_formula_project_bt,98642774181.72794,0.58,0.8338999227317682,82258201768.19019,0.11900922815659841,-0.40703389402382506,0.40703389402382506,0.2923816171181862
Correa2015a_article_formula_project_bt,98642774181.72794,0.6,0.8283781157783685,81713515411.81088,0.11900922815659841,-0.40703389402382506,0.40703389402382506,0.2923816171181862
Correa2015a_article_formula_project_bt,98642774181.72794,0.62,0.8228775694834088,81170926265.76103,0.11900922815659841,-0.40703389402382506,0.40703389402382506,0.2923816171181862
Correa2015a_article_formula_project_bt,98642774181.72794,0.64,0.8173987196171394,80630477315.62703,0.11900922815659841,-0.40703389402382506,0.40703389402382506,0.2923816171181862
Correa2015a_article_formula_project_bt,98642774181.72794,0.66,0.8119419769094679,80092209076.9464,0.11900922815659841,-0.40703389402382506,0.40703389402382506,0.2923816171181862
Correa2015a_article_formula_project_bt,98642774181.72794,0.68,0.8065077282486321,79556159713.44823,0.11900922815659841,-0.40703389402382506,0.40703389402382506,0.2923816171181862
Correa2015a_article_formula_project_bt,98642774181.72794,0.7000000000000001,0.8010963378128726,79022365148.68443,0.11900922815659841,-0.40703389402382506,0.40703389402382506,0.2923816171181862
Correa2015a_article_formula_project_bt,98642774181.72794,0.72,0.7957081481395731,78490859171.49283,0.11900922815659841,-0.40703389402382506,0.40703389402382506,0.2923816171181862
Correa2015a_article_formula_project_bt,98642774181.72794,0.74,0.7903434811359993,77961673535.69913,0.11900922815659841,-0.40703389402382506,0.40703389402382506,0.2923816171181862
Correa2015a_article_formula_project_bt,98642774181.72794,0.76,0.7850026390354407,77434838054.43346,0.11900922815659841,-0.40703389402382506,0.40703389402382506,0.2923816171181862
Correa2015a_article_formula_project_bt,98642774181.72794,0.78,0.7796859053022751,76910380689.40843,0.11900922815659841,-0.40703389402382506,0.40703389402382506,0.2923816171181862
Correa2015a_article_formula_project_bt,98642774181.72794,0.8,0.7743935454892075,76388327635.47955,0.11900922815659841,-0.40703389402382506,0.40703389402382506,0.2923816171181862
Correa2015a_article_formula_project_bt,98642774181.72794,0.8200000000000001,0.7691258080496953,75868703400.78513,0.11900922815659841,-0.40703389402382506,0.40703389402382506,0.2923816171181862
Correa2015a_article_formula_project_bt,98642774181.72794,0.84,0.7638829251083531,75351530882.74107,0.11900922815659841,-0.40703389402382506,0.40703389402382506,0.2923816171181862
Correa2015a_article_formula_project_bt,98642774181.72794,0.86,0.7586651131919175,74836831440.14539,0.11900922815659841,-0.40703389402382506,0.40703389402382506,0.2923816171181862
Correa2015a_article_formula_project_bt,98642774181.72794,0.88,0.7534725739231812,74324624961.62967,0.11900922815659841,-0.40703389402382506,0.40703389402382506,0.2923816171181862
Correa2015a_article_formula_project_bt,98642774181.72794,0.9,0.7483054946801199,73814929930.67728,0.11900922815659841,-0.40703389402382506,0.40703389402382506,0.2923816171181862
Correa2015a_article_formula_project_bt,98642774181.72794,0.92,0.74316404922229,73307763487.41289,0.11900922815659841,-0.40703389402382506,0.40703389402382506,0.2923816171181862
Correa2015a_article_formula_project_bt,98642774181.72794,0.9400000000000001,0.7380483982864252,72803141487.35384,0.11900922815659841,-0.40703389402382506,0.40703389402382506,0.2923816171181862
Correa2015a_article_formula_project_bt,98642774181.72794,0.96,0.7329586901530278,72301078557.30022,0.11900922815659841,-0.40703389402382506,0.40703389402382506,0.2923816171181862
Correa2015a_article_formula_project_bt,98642774181.72794,0.98,0.727895061185628,71801588148.52895,0.11900922815659841,-0.40703389402382506,0.40703389402382506,0.2923816171181862
Correa2015a_article_formula_project_bt,98642774181.72794,1.0,0.722857636344275,71304682587.44594,0.11900922815659841,-0.40703389402382506,0.40703389402382506,0.2923816171181862
Correa2015a_article_formula_project_bt,98642774181.72794,1.02,0.7178465296747146,70810373123.83994,0.11900922815659841,-0.40703389402382506,0.40703389402382506,0.2923816171181862
Correa2015a_article_formula_project_bt,98642774181.72794,1.04,0.7128618447746148,70318669976.87231,0.11900922815659841,-0.40703389402382506,0.40703389402382506,0.2923816171181862
Correa2015a_article_formula_project_bt,98642774181.72794,1.06,0.7079036752381097,69829582378.92813,0.11900922815659841,-0.40703389402382506,0.40703389402382506,0.2923816171181862
Correa2015a_article_formula_project_bt,98642774181.72794,1.08,0.7029721050798552,69343118617.44608,0.11900922815659841,-0.40703389402382506,0.40703389402382506,0.2923816171181862
Correa2015a_article_formula_project_bt,98642774181.72794,1.1,0.6980672091397034,68859286074.8368,0.11900922815659841,-0.40703389402382506,0.40703389402382506,0.2923816171181862
Correa2015a_article_formula_project_bt,98642774181.72794,1.12,0.6931890534690442,68378091266.59267,0.11900922815659841,-0.40703389402382506,0.40703389402382506,0.2923816171181862
Correa2015a_article_formula_project_bt,98642774181.72794,1.1400000000000001,0.6883376956997878,67899539877.68513,0.11900922815659841,-0.40703389402382506,0.40703389402382506,0.2923816171181862
Correa2015a_article_formula_project_bt,98642774181.72794,1.16,0.683513185396904,67423636797.34034,0.11900922815659841,-0.40703389402382506,0.40703389402382506,0.2923816171181862
Correa2015a_article_formula_project_bt,98642774181.72794,1.18,0.6787155643953804,66950386152.277534,0.11900922815659841,-0.40703389402382506,0.40703389402382506,0.2923816171181862
Correa2015a_article_formula_project_bt,98642774181.72794,1.2,0.673944867122404,66479791338.48994,0.11900922815659841,-0.40703389402382506,0.40703389402382506,0.2923816171181862
Correa2015a_article_formula_project_bt,98642774181.72794,1.22,0.6692011209055263,66011855051.64304,0.11900922815659841,-0.40703389402382506,0.40703389402382506,0.2923816171181862
Correa2015a_article_formula_project_bt,98642774181.72794,1.24,0.6644843462675243,65546579316.16051,0.11900922815659841,-0.40703389402382506,0.40703389402382506,0.2923816171181862
Correa2015a_article_formula_project_bt,98642774181.72794,1.26,0.6597945572086275,65083965513.06381,0.11900922815659841,-0.40703389402382506,0.40703389402382506,0.2923816171181862
Correa2015a_article_formula_project_bt,98642774181.72794,1.28,0.6551317614767421,64624014406.62792,0.11900922815659841,-0.40703389402382506,0.40703389402382506,0.2923816171181862
Correa2015a_article_formula_project_bt,98642774181.72794,1.3,0.6504959608262675,64166726169.911644,0.11900922815659841,-0.40703389402382506,0.40703389402382506,0.2923816171181862
Correa2015a_article_formula_project_bt,98642774181.72794,1.32,0.6458871512660641,63712100409.21791,0.11900922815659841,-0.40703389402382506,0.40703389402382506,0.2923816171181862
Correa2015a_article_formula_project_bt,98642774181.72794,1.34,0.6413053232971001,63260136187.53587,0.11900922815659841,-0.40703389402382506,0.40703389402382506,0.2923816171181862
Correa2015a_article_formula_project_bt,98642774181.72794,1.36,0.6367504621402763,62810832047.014175,0.11900922815659841,-0.40703389402382506,0.40703389402382506,0.2923816171181862
Correa2015a_article_formula_project_bt,98642774181.72794,1.3800000000000001,0.6322225479548977,62364186030.511635,0.11900922815659841,-0.40703389402382506,0.40703389402382506,0.2923816171181862
Correa2015a_article_formula_project_bt,98642774181.72794,1.4000000000000001,0.627721556048237,61920195702.26912,0.11900922815659841,-0.40703389402382506,0.40703389402382506,0.2923816171181862
Correa2015a_article_formula_project_bt,98642774181.72794,1.42,0.6232474570766042,61478858167.743645,0.11900922815659841,-0.40703389402382506,0.40703389402382506,0.2923816171181862
Correa2015a_article_formula_project_bt,98642774181.72794,1.44,0.6188002172383289,61040170092.64467,0.11900922815659841,-0.40703389402382506,0.40703389402382506,0.2923816171181862
Correa2015a_article_formula_project_bt,98642774181.72794,1.46,0.6143797984590166,60604127721.20829,0.11900922815659841,-0.40703389402382506,0.40703389402382506,0.2923816171181862
Correa2015a_article_formula_project_bt,98642774181.72794,1.48,0.6099861585694439,60170726893.745346,0.11900922815659841,-0.40703389402382506,0.40703389402382506,0.2923816171181862
Correa2015a_article_formula_project_bt,98642774181.72794,1.5,0.6056192514764231,59739963063.49591,0.11900922815659841,-0.40703389402382506,0.40703389402382506,0.2923816171181862
Correa2015a_article_formula_project_bt,98642774181.72794,1.52,0.6012790273269543,59311831312.82177,0.11900922815659841,-0.40703389402382506,0.40703389402382506,0.2923816171181862
Correa2015a_article_formula_project_bt,98642774181.72794,1.54,0.5969654326659677,58886326368.76656,0.11900922815659841,-0.40703389402382506,0.40703389402382506,0.2923816171181862
Correa2015a_article_formula_project_bt,98642774181.72794,1.56,0.5926784105879382,58463442618.01142,0.11900922815659841,-0.40703389402382506,0.40703389402382506,0.2923816171181862
Correa2015a_article_formula_project_bt,98642774181.72794,1.58,0.5884179008826476,58043174121.25337,0.11900922815659841,-0.40703389402382506,0.40703389402382506,0.2923816171181862
Correa2015a_article_formula_project_bt,98642774181.72794,1.6,0.5841838401753443,57625514627.031136,0.11900922815659841,-0.40703389402382506,0.40703389402382506,0.2923816171181862
Correa2015a_article_formula_project_bt,98642774181.72794,1.62,0.5799761620615512,57210457585.02284,0.11900922815659841,-0.40703389402382506,0.40703389402382506,0.2923816171181862
Correa2015a_article_formula_project_bt,98642774181.72794,1.6400000000000001,0.575794797236748,56797996158.838356,0.11900922815659841,-0.40703389402382506,0.40703389402382506,0.2923816171181862
Correa2015a_article_formula_project_bt,98642774181.72794,1.6600000000000001,0.571639673621148,56388123238.32756,0.11900922815659841,-0.40703389402382506,0.40703389402382506,0.2923816171181862
Correa2015a_article_formula_project_bt,98642774181.72794,1.68,0.5675107164797818,55980831451.42574,0.11900922815659841,-0.40703389402382506,0.40703389402382506,0.2923816171181862
Correa2015a_article_formula_project_bt,98642774181.72794,1.7,0.5634078485380806,55576113175.55505,0.11900922815659841,-0.40703389402382506,0.40703389402382506,0.2923816171181862
Correa2015a_article_formula_project_bt,98642774181.72794,1.72,0.5593309900931538,55173960548.60127,0.11900922815659841,-0.40703389402382506,0.40703389402382506,0.2923816171181862
Correa2015a_article_formula_project_bt,98642774181.72794,1.74,0.5552800591209339,54774365479.48283,0.11900922815659841,-0.40703389402382506,0.40703389402382506,0.2923816171181862
Correa2015a_article_formula_project_bt,98642774181.72794,1.76,0.5512549713793667,54377319658.32977,0.11900922815659841,-0.40703389402382506,0.40703389402382506,0.2923816171181862
Correa2015a_article_formula_project_bt,98642774181.72794,1.78,0.5472556405078027,53982814566.28807,0.11900922815659841,-0.40703389402382506,0.40703389402382506,0.2923816171181862
Correa2015a_article_formula_project_bt,98642774181.72794,1.8,0.5432819781227485,53590841484.96474,0.11900922815659841,-0.40703389402382506,0.40703389402382506,0.2923816171181862
Correa2015a_article_formula_project_bt,98642774181.72794,1.82,0.5393338939101258,53201391505.52855,0.11900922815659841,-0.40703389402382506,0.40703389402382506,0.2923816171181862
Correa2015a_article_formula_project_bt,98642774181.72794,1.84,0.5354112957141763,52814455537.47986,0.11900922815659841,-0.40703389402382506,0.40703389402382506,0.2923816171181862
Correa2015a_article_formula_project_bt,98642774181.72794,1.86,0.5315140896231493,52430024317.10302,0.11900922815659841,-0.40703389402382506,0.40703389402382506,0.2923816171181862
Correa2015a_article_formula_project_bt,98642774181.72794,1.8800000000000001,0.5276421800518973,52048088415.613945,0.11900922815659841,-0.40703389402382506,0.40703389402382506,0.2923816171181862
Correa2015a_article_formula_project_bt,98642774181.72794,1.9000000000000001,0.5237954698215049,51668638247.0148,0.11900922815659841,-0.40703389402382506,0.40703389402382506,0.2923816171181862
Correa2015a_article_formula_project_bt,98642774181.72794,1.92,0.5199738602360636,51291664075.66739,0.11900922815659841,-0.40703389402382506,0.40703389402382506,0.2923816171181862
Correa2015a_article_formula_project_bt,98642774181.72794,1.94,0.5161772511567069,50917156023.5961,0.11900922815659841,-0.40703389402382506,0.40703389402382506,0.2923816171181862
Correa2015a_article_formula_project_bt,98642774181.72794,1.96,0.5124055410730111,50545104077.53115,0.11900922815659841,-0.40703389402382506,0.40703389402382506,0.2923816171181862
Correa2015a_article_formula_project_bt,98642774181.72794,1.98,0.5086586271718623,50175498095.70175,0.11900922815659841,-0.40703389402382506,0.40703389402382506,0.2923816171181862
Correa2015a_article_formula_project_bt,98642774181.72794,2.0,0.5049364054038873,49808327814.389084,0.11900922815659841,-0.40703389402382506,0.40703389402382506,0.2923816171181862
Correa2015a_article_formula_project_bt,98642774181.72794,2.02,0.5012387705475421,49443582854.24814,0.11900922815659841,-0.40703389402382506,0.40703389402382506,0.2923816171181862
Correa2015a_article_formula_project_bt,98642774181.72794,2.04,0.4975656162709436,49081252726.40698,0.11900922815659841,-0.40703389402382506,0.40703389402382506,0.2923816171181862
Correa2015a_article_formula_project_bt,98642774181.72794,2.06,0.4939168351915345,48721326838.35227,0.11900922815659841,-0.40703389402382506,0.40703389402382506,0.2923816171181862
Correa2015a_article_formula_project_bt,98642774181.72794,2.08,0.4902923189336566,48363794499.60842,0.11900922815659841,-0.40703389402382506,0.40703389402382506,0.2923816171181862
Correa2015a_article_formula_project_bt,98642774181.72794,2.1,0.4866919581841147,48008644927.218605,0.11900922815659841,-0.40703389402382506,0.40703389402382506,0.2923816171181862
Correa2015a_article_formula_project_bt,98642774181.72794,2.12,0.48311564274580365,47655867251.03466,0.11900922815659841,-0.40703389402382506,0.40703389402382506,0.2923816171181862
Correa2015a_article_formula_project_bt,98642774181.72794,2.14,0.4795632615894699,47305450518.823,0.11900922815659841,-0.40703389402382506,0.40703389402382506,0.2923816171181862
Correa2015a_article_formula_project_bt,98642774181.72794,2.16,0.47603470290367533,46957383701.19319,0.11900922815659841,-0.40703389402382506,0.40703389402382506,0.2923816171181862
Correa2015a_article_formula_project_bt,98642774181.72794,2.18,0.4725298541430309,46611655696.355835,0.11900922815659841,-0.40703389402382506,0.40703389402382506,0.2923816171181862
Correa2015a_article_formula_project_bt,98642774181.72794,2.2,0.46904860207475924,46268255334.71564,0.11900922815659841,-0.40703389402382506,0.40703389402382506,0.2923816171181862
Correa2015a_article_formula_project_bt,98642774181.72794,2.22,0.46559083282365,45927171383.30595,0.11900922815659841,-0.40703389402382506,0.40703389402382506,0.2923816171181862
Correa2015a_article_formula_project_bt,98642774181.72794,2.24,0.46215643191546285,45588392550.07012,0.11900922815659841,-0.40703389402382506,0.40703389402382506,0.2923816171181862
Correa2015a_article_formula_project_bt,98642774181.72794,2.2600000000000002,0.4587452843188351,45251907487.99543,0.11900922815659841,-0.40703389402382506,0.40703389402382506,0.2923816171181862
Correa2015a_article_formula_project_bt,98642774181.72794,2.2800000000000002,0.4553572744857457,44917704799.104515,0.11900922815659841,-0.40703389402382506,0.40703389402382506,0.2923816171181862
Correa2015a_article_formula_project_bt,98642774181.72794,2.3000000000000003,0.4519922863905877,44585773038.30965,0.11900922815659841,-0.40703389402382506,0.40703389402382506,0.2923816171181862
Correa2015a_article_formula_project_bt,98642774181.72794,2.32,0.44865020356789725,44256100717.13436,0.11900922815659841,-0.40703389402382506,0.40703389402382506,0.2923816171181862
Correa2015a_article_formula_project_bt,98642774181.72794,2.34,0.4453309091487863,43928676307.30733,0.11900922815659841,-0.40703389402382506,0.40703389402382506,0.2923816171181862
Correa2015a_article_formula_project_bt,98642774181.72794,2.36,0.44203428589612503,43603488244.23283,0.11900922815659841,-0.40703389402382506,0.40703389402382506,0.2923816171181862
Correa2015a_article_formula_project_bt,98642774181.72794,2.38,0.4387602162385145,43280524930.3419,0.11900922815659841,-0.40703389402382506,0.40703389402382506,0.2923816171181862
Correa2015a_article_formula_project_bt,98642774181.72794,2.4,0.4355085823030957,42959774738.32874,0.11900922815659841,-0.40703389402382506,0.40703389402382506,0.2923816171181862
Correa2015a_article_formula_project_bt,98642774181.72794,2.42,0.4322792659472295,42641226014.27567,0.11900922815659841,-0.40703389402382506,0.40703389402382506,0.2923816171181862
Correa2015a_article_formula_project_bt,98642774181.72794,2.44,0.4290721487890914,42324867080.67111,0.11900922815659841,-0.40703389402382506,0.40703389402382506,0.2923816171181862
Correa2015a_article_formula_project_bt,98642774181.72794,2.46,0.4258871122372141,42010686239.32373,0.11900922815659841,-0.40703389402382506,0.40703389402382506,0.2923816171181862
Correa2015a_article_formula_project_bt,98642774181.72794,2.48,0.42272403751901494,41698671774.176476,0.11900922815659841,-0.40703389402382506,0.40703389402382506,0.2923816171181862
Correa2015a_article_formula_project_bt,98642774181.72794,2.5,0.4195828057083429,41388811954.023895,0.11900922815659841,-0.40703389402382506,0.40703389402382506,0.2923816171181862
Correa2015a_article_formula_project_bt,98642774181.72794,2.52,0.41646329775207735,41081095035.13589,0.11900922815659841,-0.40703389402382506,0.40703389402382506,0.2923816171181862
Correa2015a_article_formula_project_bt,98642774181.72794,2.54,0.41336539449581,40775509263.79107,0.11900922815659841,-0.40703389402382506,0.40703389402382506,0.2923816171181862
Correa2015a_article_formula_project_bt,98642774181.72794,2.56,0.41028897670864223,40472042878.72283,0.11900922815659841,-0.40703389402382506,0.40703389402382506,0.2923816171181862
Correa2015a_article_formula_project_bt,98642774181.72794,2.58,0.407233925107124,40170684113.480736,0.11900922815659841,-0.40703389402382506,0.40703389402382506,0.2923816171181862
Correa2015a_article_formula_project_bt,98642774181.72794,2.6,0.4042001203783668,39871421198.71048,0.11900922815659841,-0.40703389402382506,0.40703389402382506,0.2923816171181862
Correa2015a_article_formula_project_bt,98642774181.72794,2.62,0.40118744320235405,39574242364.354614,0.11900922815659841,-0.40703389402382506,0.40703389402382506,0.2923816171181862
Correa2015a_article_formula_project_bt,98642774181.72794,2.64,0.3981957742734781,39279135841.77701,0.11900922815659841,-0.40703389402382506,0.40703389402382506,0.2923816171181862
Correa2015a_article_formula_project_bt,98642774181.72794,2.66,0.39522499432132646,38986089865.81331,0.11900922815659841,-0.40703389402382506,0.40703389402382506,0.2923816171181862
Correa2015a_article_formula_project_bt,98642774181.72794,2.68,0.39227498413074463,38695092676.749954,0.11900922815659841,-0.40703389402382506,0.40703389402382506,0.2923816171181862
Correa2015a_article_formula_project_bt,98642774181.72794,2.7,0.3893456245611966,38406132522.23394,0.11900922815659841,-0.40703389402382506,0.40703389402382506,0.2923816171181862
Correa2015a_article_formula_project_bt,98642774181.72794,2.72,0.38643679656544655,38119197659.115685,0.11900922815659841,-0.40703389402382506,0.40703389402382506,0.2923816171181862
Correa2015a_article_formula_project_bt,98642774181.72794,2.74,0.3835483812075845,37834276355.22706,0.11900922815659841,-0.40703389402382506,0.40703389402382506,0.2923816171181862
Correa2015a_article_formula_project_bt,98642774181.72794,2.7600000000000002,0.38068025968041475,37551356891.0967,0.11900922815659841,-0.40703389402382506,0.40703389402382506,0.2923816171181862
Correa2015a_article_formula_project_bt,98642774181.72794,2.7800000000000002,0.3778323133222305,37270427561.60466,0.11900922815659841,-0.40703389402382506,0.40703389402382506,0.2923816171181862
Correa2015a_article_formula_project_bt,98642774181.72794,2.8000000000000003,0.3750044236329914,36991476677.57821,0.11900922815659841,-0.40703389402382506,0.40703389402382506,0.2923816171181862
Correa2015a_article_formula_project_bt,98642774181.72794,2.82,0.372196472289925,36714492567.330826,0.11900922815659841,-0.40703389402382506,0.40703389402382506,0.2923816171181862
Correa2015a_article_formula_project_bt,98642774181.72794,2.84,0.3694083411625687,36439463578.14598,0.11900922815659841,-0.40703389402382506,0.40703389402382506,0.2923816171181862
Correa2015a_article_formula_project_bt,98642774181.72794,2.86,0.3666399123272726,36166378077.70768,0.11900922815659841,-0.40703389402382506,0.40703389402382506,0.2923816171181862
Correa2015a_article_formula_project_bt,98642774181.72794,2.88,0.363891068081176,35895224455.47923,0.11900922815659841,-0.40703389402382506,0.40703389402382506,0.2923816171181862
Correa2015a_article_formula_project_bt,98642774181.72794,2.9,0.3611616909556786,35625991124.03202,0.11900922815659841,-0.40703389402382506,0.40703389402382506,0.2923816171181862
Correa2015a_article_formula_project_bt,98642774181.72794,2.92,0.358451663729419,35358666520.32576,0.11900922815659841,-0.40703389402382506,0.40703389402382506,0.2923816171181862
Correa2015a_article_formula_project_bt,98642774181.72794,2.94,0.35576086944077795,35093239106.94186,0.11900922815659841,-0.40703389402382506,0.40703389402382506,0.2923816171181862
Correa2015a_article_formula_project_bt,98642774181.72794,2.96,0.3530891913999192,34829697373.27114,0.11900922815659841,-0.40703389402382506,0.40703389402382506,0.2923816171181862
Correa2015a_article_formula_project_bt,98642774181.72794,2.98,0.3504365132003846,34568029836.65766,0.11900922815659841,-0.40703389402382506,0.40703389402382506,0.2923816171181862
Correa2015a_article_formula_project_bt,98642774181.72794,3.0,0.3478027187302552,34308225043.4996,0.11900922815659841,-0.40703389402382506,0.40703389402382506,0.2923816171181862
Correa2015a_article_formula_project_bt,98642774181.72794,3.02,0.3451876921828937,34050271570.308994,0.11900922815659841,-0.40703389402382506,0.40703389402382506,0.2923816171181862
Correa2015a_article_formula_project_bt,98642774181.72794,3.04,0.34259131806727855,33794158024.731087,0.11900922815659841,-0.40703389402382506,0.40703389402382506,0.2923816171181862
Correa2015a_article_formula_project_bt,98642774181.72794,3.06,0.34001348121794606,33539873046.525047,0.11900922815659841,-0.40703389402382506,0.40703389402382506,0.2923816171181862
Correa2015a_article_formula_project_bt,98642774181.72794,3.08,0.3374540668045486,33287405308.50682,0.11900922815659841,-0.40703389402382506,0.40703389402382506,0.2923816171181862
Correa2015a_article_formula_project_bt,98642774181.72794,3.1,0.3349129603410434,33036743517.455547,0.11900922815659841,-0.40703389402382506,0.40703389402382506,0.2923816171181862
Correa2015a_article_formula_project_bt,98642774181.72794,3.12,0.33239004769452235,32787876414.984547,0.11900922815659841,-0.40703389402382506,0.40703389402382506,0.2923816171181862
Correa2015a_article_formula_project_bt,98642774181.72794,3.14,0.32988521509369323,32540792778.37793,0.11900922815659841,-0.40703389402382506,0.40703389402382506,0.2923816171181862
Correa2015a_article_formula_project_bt,98642774181.72794,3.16,0.32739834913702437,32295481421.394016,0.11900922815659841,-0.40703389402382506,0.40703389402382506,0.2923816171181862
Correa2015a_article_formula_project_bt,98642774181.72794,3.18,0.3249293368005614,32051931195.0364,0.11900922815659841,-0.40703389402382506,0.40703389402382506,0.2923816171181862
Correa2015a_article_formula_project_bt,98642774181.72794,3.2,0.3224780654454278,31810130988.293816,0.11900922815659841,-0.40703389402382506,0.40703389402382506,0.2923816171181862
Correa2015a_article_formula_project_bt,98642774181.72794,3.22,0.3200444228250166,31570069728.849567,0.11900922815659841,-0.40703389402382506,0.40703389402382506,0.2923816171181862
Correa2015a_article_formula_project_bt,98642774181.72794,3.24,0.317628297091885,31331736383.761604,0.11900922815659841,-0.40703389402382506,0.40703389402382506,0.2923816171181862
Correa2015a_article_formula_project_bt,98642774181.72794,3.2600000000000002,0.3152295768043595,31095119960.114094,0.11900922815659841,-0.40703389402382506,0.40703389402382506,0.2923816171181862
Correa2015a_article_formula_project_bt,98642774181.72794,3.2800000000000002,0.31284815093286,30860209505.641247,0.11900922815659841,-0.40703389402382506,0.40703389402382506,0.2923816171181862
Correa2015a_article_formula_project_bt,98642774181.72794,3.3000000000000003,0.31048390886595334,30626994109.324432,0.11900922815659841,-0.40703389402382506,0.40703389402382506,0.2923816171181862
Correa2015a_article_formula_project_bt,98642774181.72794,3.3200000000000003,0.308136740416141,30395462901.963116,0.11900922815659841,-0.40703389402382506,0.40703389402382506,0.2923816171181862
Correa2015a_article_formula_project_bt,98642774181.72794,3.34,0.3058065358253929,30165605056.720726,0.11900922815659841,-0.40703389402382506,0.40703389402382506,0.2923816171181862
Correa2015a_article_formula_project_bt,98642774181.72794,3.36,0.3034931857704324,29937409789.64597,0.11900922815659841,-0.40703389402382506,0.40703389402382506,0.2923816171181862
Correa2015a_article_formula_project_bt,98642774181.72794,3.38,0.3011965813677798,29710866360.17035,0.11900922815659841,-0.40703389402382506,0.40703389402382506,0.2923816171181862
Correa2015a_article_formula_project_bt,98642774181.72794,3.4,0.2989166141785641,29485964071.58279,0.11900922815659841,-0.40703389402382506,0.40703389402382506,0.2923816171181862
Correa2015a_article_formula_project_bt,98642774181.72794,3.42,0.2966531762131066,29262692271.48182,0.11900922815659841,-0.40703389402382506,0.40703389402382506,0.2923816171181862
Correa2015a_article_formula_project_bt,98642774181.72794,3.44,0.294406159935286,29041040352.206097,0.11900922815659841,-0.40703389402382506,0.40703389402382506,0.2923816171181862
Correa2015a_article_formula_project_bt,98642774181.72794,3.46,0.2921754582666901,28820997751.243988,0.11900922815659841,-0.40703389402382506,0.40703389402382506,0.2923816171181862
Correa2015a_article_formula_project_bt,98642774181.72794,3.48,0.28996096459056075,28602553951.622696,0.11900922815659841,-0.40703389402382506,0.40703389402382506,0.2923816171181862
Correa2015a_article_formula_project_bt,98642774181.72794,3.5,0.2877625727555387,28385698482.277657,0.11900922815659841,-0.40703389402382506,0.40703389402382506,0.2923816171181862
Correa2015a_article_formula_project_bt,98642774181.72794,3.52,0.2855801770792132,28170420918.402702,0.11900922815659841,-0.40703389402382506,0.40703389402382506,0.2923816171181862
Correa2015a_article_formula_project_bt,98642774181.72794,3.54,0.28341367235148396,27956710881.781662,0.11900922815659841,-0.40703389402382506,0.40703389402382506,0.2923816171181862
Correa2015a_article_formula_project_bt,98642774181.72794,3.56,0.2812629538377395,27744558041.10191,0.11900922815659841,-0.40703389402382506,0.40703389402382506,0.2923816171181862
Correa2015a_article_formula_project_bt,98642774181.72794,3.58,0.279127917281858,27533952112.25035,0.11900922815659841,-0.40703389402382506,0.40703389402382506,0.2923816171181862
Correa2015a_article_formula_project_bt,98642774181.72794,3.6,0.2770084589090362,27324882858.592518,0.11900922815659841,-0.40703389402382506,0.40703389402382506,0.2923816171181862
Correa2015a_article_formula_project_bt,98642774181.72794,3.62,0.2749044754284511,27117340091.235077,0.11900922815659841,-0.40703389402382506,0.40703389402382506,0.2923816171181862
Correa2015a_article_formula_project_bt,98642774181.72794,3.64,0.2728158640357596,26911313669.272423,0.11900922815659841,-0.40703389402382506,0.40703389402382506,0.2923816171181862
Correa2015a_article_formula_project_bt,98642774181.72794,3.66,0.27074252241544094,26706793500.017754,0.11900922815659841,-0.40703389402382506,0.40703389402382506,0.2923816171181862
Correa2015a_article_formula_project_bt,98642774181.72794,3.68,0.26868434874298736,26503769539.21914,0.11900922815659841,-0.40703389402382506,0.40703389402382506,0.2923816171181862
Correa2015a_article_formula_project_bt,98642774181.72794,3.7,0.2666412416869455,26302231791.260902,0.11900922815659841,-0.40703389402382506,0.40703389402382506,0.2923816171181862
Correa2015a_article_formula_project_bt,98642774181.72794,3.72,0.26461310041081537,26102170309.35096,0.11900922815659841,-0.40703389402382506,0.40703389402382506,0.2923816171181862
Correa2015a_article_formula_project_bt,98642774181.72794,3.74,0.2625998245748101,25903575195.694366,0.11900922815659841,-0.40703389402382506,0.40703389402382506,0.2923816171181862
Correa2015a_article_formula_project_bt,98642774181.72794,3.7600000000000002,0.26060131433748096,25706436601.653633,0.11900922815659841,-0.40703389402382506,0.40703389402382506,0.2923816171181862
Correa2015a_article_formula_project_bt,98642774181.72794,3.7800000000000002,0.2586174703572101,25510744727.895996,0.11900922815659841,-0.40703389402382506,0.40703389402382506,0.2923816171181862
Correa2015a_article_formula_project_bt,98642774181.72794,3.8000000000000003,0.2566481937935783,25316489824.528294,0.11900922815659841,-0.40703389402382506,0.40703389402382506,0.2923816171181862
Correa2015a_article_formula_project_bt,98642774181.72794,3.8200000000000003,0.2546933863086081,25123662191.219627,0.11900922815659841,-0.40703389402382506,0.40703389402382506,0.2923816171181862
Correa2015a_article_formula_project_bt,98642774181.72794,3.84,0.2527529500678888,24932252177.31231,0.11900922815659841,-0.40703389402382506,0.40703389402382506,0.2923816171181862
Correa2015a_article_formula_project_bt,98642774181.72794,3.86,0.250826787741584,24742250181.921276,0.11900922815659841,-0.40703389402382506,0.40703389402382506,0.2923816171181862
Correa2015a_article_formula_project_bt,98642774181.72794,3.88,0.24891480250532913,24553646654.022587,0.11900922815659841,-0.40703389402382506,0.40703389402382506,0.2923816171181862
Correa2015a_article_formula_project_bt,98642774181.72794,3.9,0.24701689804101803,24366432092.531055,0.11900922815659841,-0.40703389402382506,0.40703389402382506,0.2923816171181862
Correa2015a_article_formula_project_bt,98642774181.72794,3.92,0.24513297853748517,24180597046.36751,0.11900922815659841,-0.40703389402382506,0.40703389402382506,0.2923816171181862
Correa2015a_article_formula_project_bt,98642774181.72794,3.94,0.24326294869108517,23996132114.515984,0.11900922815659841,-0.40703389402382506,0.40703389402382506,0.2923816171181862
Correa2015a_article_formula_project_bt,98642774181.72794,3.96,0.24140671370617336,23813027946.071106,0.11900922815659841,-0.40703389402382506,0.40703389402382506,0.2923816171181862
Correa2015a_article_formula_project_bt,98642774181.72794,3.98,0.23956417929549,23631275240.276005,0.11900922815659841,-0.40703389402382506,0.40703389402382506,0.2923816171181862
Correa2015a_article_formula_project_bt,98642774181.72794,4.0,0.2377352516804514,23450864746.551025,0.11900922815659841,-0.40703389402382506,0.40703389402382506,0.2923816171181862
Correa2015a_article_formula_project_bt,98642774181.72794,4.0200000000000005,0.23591983759135035,23271787264.5135,0.11900922815659841,-0.40703389402382506,0.40703389402382506,0.2923816171181862
Correa2015a_article_formula_project_bt,98642774181.72794,4.04,0.23411784426747,23094033643.98899,0.11900922815659841,-0.40703389402382506,0.40703389402382506,0.2923816171181862
Correa2015a_article_formula_project_bt,98642774181.72794,4.0600000000000005,0.23232917945711137,22917594785.01398,0.11900922815659841,-0.40703389402382506,0.40703389402382506,0.2923816171181862
Correa2015a_article_formula_project_bt,98642774181.72794,4.08,0.23055375141754067,22742461637.8307,0.11900922815659841,-0.40703389402382506,0.40703389402382506,0.2923816171181862
Correa2015a_article_formula_project_bt,98642774181.72794,4.1,0.2287914689148546,22568625202.87383,0.11900922815659841,-0.40703389402382506,0.40703389402382506,0.2923816171181862
Correa2015a_article_formula_project_bt,98642774181.72794,4.12,0.22704224122377067,22396076530.749813,0.11900922815659841,-0.40703389402382506,0.40703389402382506,0.2923816171181862
Correa2015a_article_formula_project_bt,98642774181.72794,4.14,0.22530597812734174,22224806722.208706,0.11900922815659841,-0.40703389402382506,0.40703389402382506,0.2923816171181862
Correa2015a_article_formula_project_bt,98642774181.72794,4.16,0.22358258991659813,22054806928.10887,0.11900922815659841,-0.40703389402382506,0.40703389402382506,0.2923816171181862
Correa2015a_article_formula_project_bt,98642774181.72794,4.18,0.22187198739012018,21886068349.374813,0.11900922815659841,-0.40703389402382506,0.40703389402382506,0.2923816171181862
Correa2015a_article_formula_project_bt,98642774181.72794,4.2,0.22017408185354229,21718582236.948254,0.11900922815659841,-0.40703389402382506,0.40703389402382506,0.2923816171181862
Correa2015a_article_formula_project_bt,98642774181.72794,4.22,0.21848878511899192,21552339891.7328,0.11900922815659841,-0.40703389402382506,0.40703389402382506,0.2923816171181862
Correa2015a_article_formula_project_bt,98642774181.72794,4.24,0.21681600950446472,21387332664.53229,0.11900922815659841,-0.40703389402382506,0.40703389402382506,0.2923816171181862
Correa2015a_article_formula_project_bt,98642774181.72794,4.26,0.21515566783313794,21223551955.98309,0.11900922815659841,-0.40703389402382506,0.40703389402382506,0.2923816171181862
Correa2015a_article_formula_project_bt,98642774181.72794,4.28,0.21350767343262436,21060989216.480476,0.11900922815659841,-0.40703389402382506,0.40703389402382506,0.2923816171181862
Correa2015a_article_formula_project_bt,98642774181.72794,4.3,0.21187194013416907,20899635946.09942,0.11900922815659841,-0.40703389402382506,0.40703389402382506,0.2923816171181862
Correa2015a_article_formula_project_bt,98642774181.72794,4.32,0.21024838227178982,20739483694.509773,0.11900922815659841,-0.40703389402382506,0.40703389402382506,0.2923816171181862
Correa2015a_article_formula_project_bt,98642774181.72794,4.34,0.20863691468136383,20580524060.88621,0.11900922815659841,-0.40703389402382506,0.40703389402382506,0.2923816171181862
Correa2015a_article_formula_project_bt,98642774181.72794,4.36,0.20703745269966217,20422748693.812954,0.11900922815659841,-0.40703389402382506,0.40703389402382506,0.2923816171181862
Correa2015a_article_formula_project_bt,98642774181.72794,4.38,0.20544991216333458,20266149291.18365,0.11900922815659841,-0.40703389402382506,0.40703389402382506,0.2923816171181862
Correa2015a_article_formula_project_bt,98642774181.72794,4.4,0.20387420940784412,20110717600.09628,0.11900922815659841,-0.40703389402382506,0.40703389402382506,0.2923816171181862
Correa2015a_article_formula_project_bt,98642774181.72794,4.42,0.20231026126635643,19956445416.743576,0.11900922815659841,-0.40703389402382506,0.40703389402382506,0.2923816171181862
Correa2015a_article_formula_project_bt,98642774181.72794,4.44,0.2007579850685817,19803324586.298813,0.11900922815659841,-0.40703389402382506,0.40703389402382506,0.2923816171181862
Correa2015a_article_formula_project_bt,98642774181.72794,4.46,0.1992172986395745,19651347002.7974,0.11900922815659841,-0.40703389402382506,0.40703389402382506,0.2923816171181862
Correa2015a_article_formula_project_bt,98642774181.72794,4.48,0.19768812029848978,19500504609.014194,0.11900922815659841,-0.40703389402382506,0.40703389402382506,0.2923816171181862
Correa2015a_article_formula_project_bt,98642774181.72794,4.5,0.19617036885729874,19350789396.336796,0.11900922815659841,-0.40703389402382506,0.40703389402382506,0.2923816171181862
Correa2015a_article_formula_project_bt,98642774181.72794,4.5200000000000005,0.19466396361946445,19202193404.634933,0.11900922815659841,-0.40703389402382506,0.40703389402382506,0.2923816171181862
Correa2015a_article_formula_project_bt,98642774181.72794,4.54,0.19316882437858024,19054708722.126152,0.11900922815659841,-0.40703389402382506,0.40703389402382506,0.2923816171181862
Correa2015a_article_formula_project_bt,98642774181.72794,4.5600000000000005,0.19168487141697027,18908327485.237755,0.11900922815659841,-0.40703389402382506,0.40703389402382506,0.2923816171181862
Correa2015a_article_formula_project_bt,98642774181.72794,4.58,0.1902120255042556,18763041878.46536,0.11900922815659841,-0.40703389402382506,0.40703389402382506,0.2923816171181862
Correa2015a_article_formula_project_bt,98642774181.72794,4.6000000000000005,0.18875020789588492,18618844134.227978,0.11900922815659841,-0.40703389402382506,0.40703389402382506,0.2923816171181862
Correa2015a_article_formula_project_bt,98642774181.72794,4.62,0.18729934033163376,18475726532.719955,0.11900922815659841,-0.40703389402382506,0.40703389402382506,0.2923816171181862
Correa2015a_article_formula_project_bt,98642774181.72794,4.64,0.18585934503407053,18333681401.759678,0.11900922815659841,-0.40703389402382506,0.40703389402382506,0.2923816171181862
Correa2015a_article_formula_project_bt,98642774181.72794,4.66,0.18443014470699262,18192701116.63528,0.11900922815659841,-0.40703389402382506,0.40703389402382506,0.2923816171181862
Correa2015a_article_formula_project_bt,98642774181.72794,4.68,0.18301166253383344,18052778099.947533,0.11900922815659841,-0.40703389402382506,0.40703389402382506,0.2923816171181862
Correa2015a_article_formula_project_bt,98642774181.72794,4.7,0.1816038221760403,17913904821.449818,0.11900922815659841,-0.40703389402382506,0.40703389402382506,0.2923816171181862
Correa2015a_article_formula_project_bt,98642774181.72794,4.72,0.18020654777142583,17776073797.885525,0.11900922815659841,-0.40703389402382506,0.40703389402382506,0.2923816171181862
Correa2015a_article_formula_project_bt,98642774181.72794,4.74,0.1788197639324925,17639277592.822754,0.11900922815659841,-0.40703389402382506,0.40703389402382506,0.2923816171181862
Correa2015a_article_formula_project_bt,98642774181.72794,4.76,0.17744339574473278,17503508816.48666,0.11900922815659841,-0.40703389402382506,0.40703389402382506,0.2923816171181862
Correa2015a_article_formula_project_bt,98642774181.72794,4.78,0.17607736876490448,17368760125.58931,0.11900922815659841,-0.40703389402382506,0.40703389402382506,0.2923816171181862
Correa2015a_article_formula_project_bt,98642774181.72794,4.8,0.17472160901928338,17235024223.15733,0.11900922815659841,-0.40703389402382506,0.40703389402382506,0.2923816171181862
Correa2015a_article_formula_project_bt,98642774181.72794,4.82,0.17337604300189297,17102293858.357279,0.11900922815659841,-0.40703389402382506,0.40703389402382506,0.2923816171181862
Correa2015a_article_formula_project_bt,98642774181.72794,4.84,0.17204059767271404,16970561826.31904,0.11900922815659841,-0.40703389402382506,0.40703389402382506,0.2923816171181862
Correa2015a_article_formula_project_bt,98642774181.72794,4.86,0.17071520045587243,16839820967.957043,0.11900922815659841,-0.40703389402382506,0.40703389402382506,0.2923816171181862
Correa2015a_article_formula_project_bt,98642774181.72794,4.88,0.16939977923780847,16710064169.789705,0.11900922815659841,-0.40703389402382506,0.40703389402382506,0.2923816171181862
Correa2015a_article_formula_project_bt,98642774181.72794,4.9,0.16809426236542666,16581284363.75691,0.11900922815659841,-0.40703389402382506,0.40703389402382506,0.2923816171181862
Correa2015a_article_formula_project_bt,98642774181.72794,4.92,0.16679857864422878,16453474527.035849,0.11900922815659841,-0.40703389402382506,0.40703389402382506,0.2923816171181862
Correa2015a_article_formula_project_bt,98642774181.72794,4.94,0.16551265733642828,16326627681.855011,0.11900922815659841,-0.40703389402382506,0.40703389402382506,0.2923816171181862
Correa2015a_article_formula_project_bt,98642774181.72794,4.96,0.16423642815905004,16200736895.306757,0.11900922815659841,-0.40703389402382506,0.40703389402382506,0.2923816171181862
Correa2015a_article_formula_project_bt,98642774181.72794,4.98,0.16296982128201323,16075795279.158192,0.11900922815659841,-0.40703389402382506,0.40703389402382506,0.2923816171181862
Correa2015a_article_formula_project_bt,98642774181.72794,5.0,0.1617127673262004,15951795989.660698,0.11900922815659841,-0.40703389402382506,0.40703389402382506,0.2923816171181862
Correa2015a_article_formula_project_bt,98642774181.72794,5.0200000000000005,0.16046519736151182,15828732227.358017,0.11900922815659841,-0.40703389402382506,0.40703389402382506,0.2923816171181862
Correa2015a_article_formula_project_bt,98642774181.72794,5.04,0.15922704290490708,15706597236.893055,0.11900922815659841,-0.40703389402382506,0.40703389402382506,0.2923816171181862
Correa2015a_article_formula_project_bt,98642774181.72794,5.0600000000000005,0.15799823591843287,15585384306.813349,0.11900922815659841,-0.40703389402382506,0.40703389402382506,0.2923816171181862
Correa2015a_article_formula_project_bt,98642774181.72794,5.08,0.1567787088072408,15465086769.375534,0.11900922815659841,-0.40703389402382506,0.40703389402382506,0.2923816171181862
Correa2015a_article_formula_project_bt,98642774181.72794,5.1000000000000005,0.15556839441759107,15345698000.348421,0.11900922815659841,-0.40703389402382506,0.40703389402382506,0.2923816171181862
Correa2015a_article_formula_project_bt,98642774181.72794,5.12,0.15436722603484804,15227211418.815268,0.11900922815659841,-0.40703389402382506,0.40703389402382506,0.2923816171181862
Correa2015a_article_formula_project_bt,98642774181.72794,5.14,0.1531751373814638,15109620486.974886,0.11900922815659841,-0.40703389402382506,0.40703389402382506,0.2923816171181862
Correa2015a_article_formula_project_bt,98642774181.72794,5.16,0.15199206261495307,14992918709.941868,0.11900922815659841,-0.40703389402382506,0.40703389402382506,0.2923816171181862
Correa2015a_article_formula_project_bt,98642774181.72794,5.18,0.15081793632585927,14877099635.54596,0.11900922815659841,-0.40703389402382506,0.40703389402382506,0.2923816171181862
Correa2015a_article_formula_project_bt,98642774181.72794,5.2,0.14965269353571128,14762156854.130505,0.11900922815659841,-0.40703389402382506,0.40703389402382506,0.2923816171181862
Correa2015a_article_formula_project_bt,98642774181.72794,5.22,0.14849626969497334,14648083998.350225,0.11900922815659841,-0.40703389402382506,0.40703389402382506,0.2923816171181862
Correa2015a_article_formula_project_bt,98642774181.72794,5.24,0.14734860068098707,14534874742.96821,0.11900922815659841,-0.40703389402382506,0.40703389402382506,0.2923816171181862
Correa2015a_article_formula_project_bt,98642774181.72794,5.26,0.1462096227959068,14422522804.652256,0.11900922815659841,-0.40703389402382506,0.40703389402382506,0.2923816171181862
Correa2015a_article_formula_project_bt,98642774181.72794,5.28,0.14507927276462834,14311021941.770546,0.11900922815659841,-0.40703389402382506,0.40703389402382506,0.2923816171181862
Correa2015a_article_formula_project_bt,98642774181.72794,5.3,0.1439574877327127,14200365954.186848,0.11900922815659841,-0.40703389402382506,0.40703389402382506,0.2923816171181862
Correa2015a_article_formula_project_bt,98642774181.72794,5.32,0.1428442052643033,14090548683.055063,0.11900922815659841,-0.40703389402382506,0.40703389402382506,0.2923816171181862
Correa2015a_article_formula_project_bt,98642774181.72794,5.34,0.1417393633400396,13981564010.613413,0.11900922815659841,-0.40703389402382506,0.40703389402382506,0.2923816171181862
Correa2015a_article_formula_project_bt,98642774181.72794,5.36,0.14064290035496493,13873405859.97807,0.11900922815659841,-0.40703389402382506,0.40703389402382506,0.2923816171181862
Correa2015a_article_formula_project_bt,98642774181.72794,5.38,0.13955475511643164,13766068194.936508,0.11900922815659841,-0.40703389402382506,0.40703389402382506,0.2923816171181862
Correa2015a_article_formula_project_bt,98642774181.72794,5.4,0.13847486684200158,13659545019.740408,0.11900922815659841,-0.40703389402382506,0.40703389402382506,0.2923816171181862
Correa2015a_article_formula_project_bt,98642774181.72794,5.42,0.13740317515734427,13553830378.89832,0.11900922815659841,-0.40703389402382506,0.40703389402382506,0.2923816171181862
Correa2015a_article_formula_project_bt,98642774181.72794,5.44,0.1363396200941314,13448918356.96798,0.11900922815659841,-0.40703389402382506,0.40703389402382506,0.2923816171181862
Correa2015a_article_formula_project_bt,98642774181.72794,5.46,0.13528414208793008,13344803078.348482,0.11900922815659841,-0.40703389402382506,0.40703389402382506,0.2923816171181862
Correa2015a_article_formula_project_bt,98642774181.72794,5.48,0.13423668197609304,13241478707.072174,0.11900922815659841,-0.40703389402382506,0.40703389402382506,0.2923816171181862
Correa2015a_article_formula_project_bt,98642774181.72794,5.5,0.133197180995648,13138939446.59645,0.11900922815659841,-0.40703389402382506,0.40703389402382506,0.2923816171181862
Correa2015a_article_formula_project_bt,98642774181.72794,5.5200000000000005,0.1321655807811851,13037179539.595364,0.11900922815659841,-0.40703389402382506,0.40703389402382506,0.2923816171181862
Correa2015a_article_formula_project_bt,98642774181.72794,5.54,0.1311418233627441,12936193267.751219,0.11900922815659841,-0.40703389402382506,0.40703389402382506,0.2923816171181862
Correa2015a_article_formula_project_bt,98642774181.72794,5.5600000000000005,0.1301258511637003,12835974951.546026,0.11900922815659841,-0.40703389402382506,0.40703389402382506,0.2923816171181862
Correa2015a_article_formula_project_bt,98642774181.72794,5.58,0.12911760699865096,12736518950.053022,0.11900922815659841,-0.40703389402382506,0.40703389402382506,0.2923816171181862
Correa2015a_article_formula_project_bt,98642774181.72794,5.6000000000000005,0.12811703407130084,12637819660.728073,0.11900922815659841,-0.40703389402382506,0.40703389402382506,0.2923816171181862
Correa2015a_article_formula_project_bt,98642774181.72794,5.62,0.1271240759723493,12539871519.201277,0.11900922815659841,-0.40703389402382506,0.40703389402382506,0.2923816171181862
Correa2015a_article_formula_project_bt,98642774181.72794,5.64,0.12613867667737685,12442668999.068478,0.11900922815659841,-0.40703389402382506,0.40703389402382506,0.2923816171181862
Correa2015a_article_formula_project_bt,98642774181.72794,5.66,0.12516078054473356,12346206611.68296,0.11900922815659841,-0.40703389402382506,0.40703389402382506,0.2923816171181862
Correa2015a_article_formula_project_bt,98642774181.72794,5.68,0.12419033231342842,12250478905.94727,0.11900922815659841,-0.40703389402382506,0.40703389402382506,0.2923816171181862
Correa2015a_article_formula_project_bt,98642774181.72794,5.7,0.12322727710102009,12155480468.105139,0.11900922815659841,-0.40703389402382506,0.40703389402382506,0.2923816171181862
Correa2015a_article_formula_project_bt,98642774181.72794,5.72,0.12227156040150969,12061205921.533628,0.11900922815659841,-0.40703389402382506,0.40703389402382506,0.2923816171181862
Correa2015a_article_formula_project_bt,98642774181.72794,5.74,0.12132312808323532,11967649926.535437,0.11900922815659841,-0.40703389402382506,0.40703389402382506,0.2923816171181862
Correa2015a_article_formula_project_bt,98642774181.72794,5.76,0.1203819263867694,11874807180.131489,0.11900922815659841,-0.40703389402382506,0.40703389402382506,0.2923816171181862
Correa2015a_article_formula_project_bt,98642774181.72794,5.78,0.11944790192281787,11782672415.85371,0.11900922815659841,-0.40703389402382506,0.40703389402382506,0.2923816171181862
Correa2015a_article_formula_project_bt,98642774181.72794,5.8,0.11852100167012292,11691240403.538134,0.11900922815659841,-0.40703389402382506,0.40703389402382506,0.2923816171181862
Correa2015a_article_formula_project_bt,98642774181.72794,5.82,0.11760117297336804,11600505949.11827,0.11900922815659841,-0.40703389402382506,0.40703389402382506,0.2923816171181862
Correa2015a_article_formula_project_bt,98642774181.72794,5.84,0.11668836354108689,11510463894.418808,0.11900922815659841,-0.40703389402382506,0.40703389402382506,0.2923816171181862
Correa2015a_article_formula_project_bt,98642774181.72794,5.86,0.11578252144357516,11421109116.949657,0.11900922815659841,-0.40703389402382506,0.40703389402382506,0.2923816171181862
Correa2015a_article_formula_project_bt,98642774181.72794,5.88,0.11488359511080645,11332436529.700344,0.11900922815659841,-0.40703389402382506,0.40703389402382506,0.2923816171181862
Correa2015a_article_formula_project_bt,98642774181.72794,5.9,0.1139915333303516,11244441080.934786,0.11900922815659841,-0.40703389402382506,0.40703389402382506,0.2923816171181862
Correa2015a_article_formula_project_bt,98642774181.72794,5.92,0.11310628524530272,11157117753.986504,0.11900922815659841,-0.40703389402382506,0.40703389402382506,0.2923816171181862
Correa2015a_article_formula_project_bt,98642774181.72794,5.94,0.11222780035220062,11070461567.054173,0.11900922815659841,-0.40703389402382506,0.40703389402382506,0.2923816171181862
Correa2015a_article_formula_project_bt,98642774181.72794,5.96,0.11135602849896765,10984467572.997726,0.11900922815659841,-0.40703389402382506,0.40703389402382506,0.2923816171181862
Correa2015a_article_formula_project_bt,98642774181.72794,5.98,0.11049091988284405,10899130859.134779,0.11900922815659841,-0.40703389402382506,0.40703389402382506,0.2923816171181862
Correa2015a_article_formula_project_bt,98642774181.72794,6.0,0.10963242504833026,10814446547.037655,0.11900922815659841,-0.40703389402382506,0.40703389402382506,0.2923816171181862
Correa2015a_article_formula_project_bt,98642774181.72794,6.0200000000000005,0.10878049488513325,10730409792.33081,0.11900922815659841,-0.40703389402382506,0.40703389402382506,0.2923816171181862
Correa2015a_article_formula_project_bt,98642774181.72794,6.04,0.10793508062611838,10647015784.488794,0.11900922815659841,-0.40703389402382506,0.40703389402382506,0.2923816171181862
Correa2015a_article_formula_project_bt,98642774181.72794,6.0600000000000005,0.10709613384526644,10564259746.634727,0.11900922815659841,-0.40703389402382506,0.40703389402382506,0.2923816171181862
Correa2015a_article_formula_project_bt,98642774181.72794,6.08,0.10626360645563626,10482136935.339334,0.11900922815659841,-0.40703389402382506,0.40703389402382506,0.2923816171181862
Correa2015a_article_formula_project_bt,98642774181.72794,6.1000000000000005,0.10543745070733256,10400642640.420475,0.11900922815659841,-0.40703389402382506,0.40703389402382506,0.2923816171181862
Correa2015a_article_formula_project_bt,98642774181.72794,6.12,0.10461761918548002,10319772184.743313,0.11900922815659841,-0.40703389402382506,0.40703389402382506,0.2923816171181862
Correa2015a_article_formula_project_bt,98642774181.72794,6.140000000000001,0.1038040648082025,10239520924.020971,0.11900922815659841,-0.40703389402382506,0.40703389402382506,0.2923816171181862
Correa2015a_article_formula_project_bt,98642774181.72794,6.16,0.1029967408246091,10159884246.615875,0.11900922815659841,-0.40703389402382506,0.40703389402382506,0.2923816171181862
Correa2015a_article_formula_project_bt,98642774181.72794,6.18,0.10219560081278536,10080857573.341599,0.11900922815659841,-0.40703389402382506,0.40703389402382506,0.2923816171181862
Correa2015a_article_formula_project_bt,98642774181.72794,6.2,0.10140059867779164,10002436357.26542,0.11900922815659841,-0.40703389402382506,0.40703389402382506,0.2923816171181862
Correa2015a_article_formula_project_bt,98642774181.72794,6.22,0.10061168864966716,9924616083.511436,0.11900922815659841,-0.40703389402382506,0.40703389402382506,0.2923816171181862
Correa2015a_article_formula_project_bt,98642774181.72794,6.24,0.09982882528144067,9847392269.064325,0.11900922815659841,-0.40703389402382506,0.40703389402382506,0.2923816171181862
Correa2015a_article_formula_project_bt,98642774181.72794,6.26,0.09905196344714814,9770760462.573805,0.11900922815659841,-0.40703389402382506,0.40703389402382506,0.2923816171181862
Correa2015a_article_formula_project_bt,98642774181.72794,6.28,0.09828105833985624,9694716244.159668,0.11900922815659841,-0.40703389402382506,0.40703389402382506,0.2923816171181862
Correa2015a_article_formula_project_bt,98642774181.72794,6.3,0.09751606546969367,9619255225.21759,0.11900922815659841,-0.40703389402382506,0.40703389402382506,0.2923816171181862
Correa2015a_article_formula_project_bt,98642774181.72794,6.32,0.09675694066188831,9544373048.225498,0.11900922815659841,-0.40703389402382506,0.40703389402382506,0.2923816171181862
Correa2015a_article_formula_project_bt,98642774181.72794,6.34,0.0960036400548123,9470065386.55074,0.11900922815659841,-0.40703389402382506,0.40703389402382506,0.2923816171181862
Correa2015a_article_formula_project_bt,98642774181.72794,6.36,0.09525612009803348,9396327944.257874,0.11900922815659841,-0.40703389402382506,0.40703389402382506,0.2923816171181862
Correa2015a_article_formula_project_bt,98642774181.72794,6.38,0.09451433755037451,9323156455.917202,0.11900922815659841,-0.40703389402382506,0.40703389402382506,0.2923816171181862
Correa2015a_article_formula_project_bt,98642774181.72794,6.4,0.09377824947797854,9250546686.413982,0.11900922815659841,-0.40703389402382506,0.40703389402382506,0.2923816171181862
Correa2015a_article_formula_project_bt,98642774181.72794,6.42,0.09304781325238326,9178494430.758434,0.11900922815659841,-0.40703389402382506,0.40703389402382506,0.2923816171181862
Correa2015a_article_formula_project_bt,98642774181.72794,6.44,0.09232298654860113,9106995513.896368,0.11900922815659841,-0.40703389402382506,0.40703389402382506,0.2923816171181862
Correa2015a_article_formula_project_bt,98642774181.72794,6.46,0.09160372734320821,9036045790.520664,0.11900922815659841,-0.40703389402382506,0.40703389402382506,0.2923816171181862
Correa2015a_article_formula_project_bt,98642774181.72794,6.48,0.09088999391243963,8965641144.88341,0.11900922815659841,-0.40703389402382506,0.40703389402382506,0.2923816171181862
Correa2015a_article_formula_project_bt,98642774181.72794,6.5,0.09018174483029331,8895777490.608833,0.11900922815659841,-0.40703389402382506,0.40703389402382506,0.2923816171181862
Correa2015a_article_formula_project_bt,98642774181.72794,6.5200000000000005,0.089478938966641,8826450770.506985,0.11900922815659841,-0.40703389402382506,0.40703389402382506,0.2923816171181862
Correa2015a_article_formula_project_bt,98642774181.72794,6.54,0.08878153548534733,8757656956.388182,0.11900922815659841,-0.40703389402382506,0.40703389402382506,0.2923816171181862
Correa2015a_article_formula_project_bt,98642774181.72794,6.5600000000000005,0.08808949384239617,8689392048.878199,0.11900922815659841,-0.40703389402382506,0.40703389402382506,0.2923816171181862
Correa2015a_article_formula_project_bt,98642774181.72794,6.58,0.08740277378402575,8621652077.234303,0.11900922815659841,-0.40703389402382506,0.40703389402382506,0.2923816171181862
Correa2015a_article_formula_project_bt,98642774181.72794,6.6000000000000005,0.0867213353448705,8554433099.1619625,0.11900922815659841,-0.40703389402382506,0.40703389402382506,0.2923816171181862
Correa2015a_article_formula_project_bt,98642774181.72794,6.62,0.08604513884611213,8487731200.632465,0.11900922815659841,-0.40703389402382506,0.40703389402382506,0.2923816171181862
Correa2015a_article_formula_project_bt,98642774181.72794,6.640000000000001,0.08537414489363761,8421542495.701216,0.11900922815659841,-0.40703389402382506,0.40703389402382506,0.2923816171181862
Correa2015a_article_formula_project_bt,98642774181.72794,6.66,0.084708314376206,8355863126.326907,0.11900922815659841,-0.40703389402382506,0.40703389402382506,0.2923816171181862
Correa2015a_article_formula_project_bt,98642774181.72794,6.68,0.084047608463623,8290689262.191449,0.11900922815659841,-0.40703389402382506,0.40703389402382506,0.2923816171181862
Correa2015a_article_formula_project_bt,98642774181.72794,6.7,0.08339198860492367,8226017100.520715,0.11900922815659841,-0.40703389402382506,0.40703389402382506,0.2923816171181862
Correa2015a_article_formula_project_bt,98642774181.72794,6.72,0.08274141652656355,8161842865.9061,0.11900922815659841,-0.40703389402382506,0.40703389402382506,0.2923816171181862
Correa2015a_article_formula_project_bt,98642774181.72794,6.74,0.08209585423061781,8098162810.126887,0.11900922815659841,-0.40703389402382506,0.40703389402382506,0.2923816171181862
Correa2015a_article_formula_project_bt,98642774181.72794,6.76,0.0814552639929887,8034973211.973419,0.11900922815659841,-0.40703389402382506,0.40703389402382506,0.2923816171181862
Correa2015a_article_formula_project_bt,98642774181.72794,6.78,0.08081960836162137,7972270377.071108,0.11900922815659841,-0.40703389402382506,0.40703389402382506,0.2923816171181862
Correa2015a_article_formula_project_bt,98642774181.72794,6.8,0.08018885015472801,7910050637.705255,0.11900922815659841,-0.40703389402382506,0.40703389402382506,0.2923816171181862
Correa2015a_article_formula_project_bt,98642774181.72794,6.82,0.07956295245902027,7848310352.646692,0.11900922815659841,-0.40703389402382506,0.40703389402382506,0.2923816171181862
Correa2015a_article_formula_project_bt,98642774181.72794,6.84,0.07894187862795009,7787045906.978255,0.11900922815659841,-0.40703389402382506,0.40703389402382506,0.2923816171181862
Correa2015a_article_formula_project_bt,98642774181.72794,6.86,0.0783255922799589,7726253711.922079,0.11900922815659841,-0.40703389402382506,0.40703389402382506,0.2923816171181862
Correa2015a_article_formula_project_bt,98642774181.72794,6.88,0.07771405729673558,7665930204.667754,0.11900922815659841,-0.40703389402382506,0.40703389402382506,0.2923816171181862
Correa2015a_article_formula_project_bt,98642774181.72794,6.9,0.07710723782148228,7606071848.201268,0.11900922815659841,-0.40703389402382506,0.40703389402382506,0.2923816171181862
Correa2015a_article_formula_project_bt,98642774181.72794,6.92,0.07650509825718928,7546675131.1348295,0.11900922815659841,-0.40703389402382506,0.40703389402382506,0.2923816171181862
Correa2015a_article_formula_project_bt,98642774181.72794,6.94,0.07590760326491797,7487736567.5374975,0.11900922815659841,-0.40703389402382506,0.40703389402382506,0.2923816171181862
Correa2015a_article_formula_project_bt,98642774181.72794,6.96,0.07531471776209257,7429252696.766671,0.11900922815659841,-0.40703389402382506,0.40703389402382506,0.2923816171181862
Correa2015a_article_formula_project_bt,98642774181.72794,6.98,0.07472640692080033,7371220083.300419,0.11900922815659841,-0.40703389402382506,0.40703389402382506,0.2923816171181862
Correa2015a_article_formula_project_bt,98642774181.72794,7.0,0.07414263616610012,7313635316.570628,0.11900922815659841,-0.40703389402382506,0.40703389402382506,0.2923816171181862
Correa2015a_article_formula_project_bt,98642774181.72794,7.0200000000000005,0.07356337117433966,7256495010.797021,0.11900922815659841,-0.40703389402382506,0.40703389402382506,0.2923816171181862
Correa2015a_article_formula_project_bt,98642774181.72794,7.04,0.0729885778714815,7199795804.822014,0.11900922815659841,-0.40703389402382506,0.40703389402382506,0.2923816171181862
Correa2015a_article_formula_project_bt,98642774181.72794,7.0600000000000005,0.07241822243143721,7143534361.946405,0.11900922815659841,-0.40703389402382506,0.40703389402382506,0.2923816171181862
Correa2015a_article_formula_project_bt,98642774181.72794,7.08,0.07185227127441056,7087707369.765938,0.11900922815659841,-0.40703389402382506,0.40703389402382506,0.2923816171181862
Correa2015a_article_formula_project_bt,98642774181.72794,7.1000000000000005,0.07129069106524877,7032311540.008663,0.11900922815659841,-0.40703389402382506,0.40703389402382506,0.2923816171181862
Correa2015a_article_formula_project_bt,98642774181.72794,7.12,0.07073344871180298,6977343608.373217,0.11900922815659841,-0.40703389402382506,0.40703389402382506,0.2923816171181862
Correa2015a_article_formula_project_bt,98642774181.72794,7.140000000000001,0.07018051136329662,6922800334.36786,0.11900922815659841,-0.40703389402382506,0.40703389402382506,0.2923816171181862
Correa2015a_article_formula_project_bt,98642774181.72794,7.16,0.06963184640870314,6868678501.150467,0.11900922815659841,-0.40703389402382506,0.40703389402382506,0.2923816171181862
Correa2015a_article_formula_project_bt,98642774181.72794,7.18,0.06908742147513156,6814974915.369263,0.11900922815659841,-0.40703389402382506,0.40703389402382506,0.2923816171181862
Correa2015a_article_formula_project_bt,98642774181.72794,7.2,0.06854720442622109,6761686407.004468,0.11900922815659841,-0.40703389402382506,0.40703389402382506,0.2923816171181862
Correa2015a_article_formula_project_bt,98642774181.72794,7.22,0.06801116336054439,6708809829.210789,0.11900922815659841,-0.40703389402382506,0.40703389402382506,0.2923816171181862
Correa2015a_article_formula_project_bt,98642774181.72794,7.24,0.06747926661001899,6656342058.160717,0.11900922815659841,-0.40703389402382506,0.40703389402382506,0.2923816171181862
Correa2015a_article_formula_project_bt,98642774181.72794,7.26,0.06695148273832786,6604279992.888731,0.11900922815659841,-0.40703389402382506,0.40703389402382506,0.2923816171181862
Correa2015a_article_formula_project_bt,98642774181.72794,7.28,0.06642778053934802,6552620555.136288,0.11900922815659841,-0.40703389402382506,0.40703389402382506,0.2923816171181862
Correa2015a_article_formula_project_bt,98642774181.72794,7.3,0.06590812903558811,6501360689.197704,0.11900922815659841,-0.40703389402382506,0.40703389402382506,0.2923816171181862
Correa2015a_article_formula_project_bt,98642774181.72794,7.32,0.0653924974766344,6450497361.766862,0.11900922815659841,-0.40703389402382506,0.40703389402382506,0.2923816171181862
Correa2015a_article_formula_project_bt,98642774181.72794,7.34,0.06488085533760533,6400027561.78476,0.11900922815659841,-0.40703389402382506,0.40703389402382506,0.2923816171181862
Correa2015a_article_formula_project_bt,98642774181.72794,7.36,0.06437317231761455,6349948300.287912,0.11900922815659841,-0.40703389402382506,0.40703389402382506,0.2923816171181862
Correa2015a_article_formula_project_bt,98642774181.72794,7.38,0.06386941833824274,6300256610.257591,0.11900922815659841,-0.40703389402382506,0.40703389402382506,0.2923816171181862
Correa2015a_article_formula_project_bt,98642774181.72794,7.4,0.06336956354201763,6250949546.469905,0.11900922815659841,-0.40703389402382506,0.40703389402382506,0.2923816171181862
Correa2015a_article_formula_project_bt,98642774181.72794,7.42,0.06287357829090287,6202024185.346724,0.11900922815659841,-0.40703389402382506,0.40703389402382506,0.2923816171181862
Correa2015a_article_formula_project_bt,98642774181.72794,7.44,0.0623814331647951,6153477624.807437,0.11900922815659841,-0.40703389402382506,0.40703389402382506,0.2923816171181862
Correa2015a_article_formula_project_bt,98642774181.72794,7.46,0.06189309896002981,6105306984.121561,0.11900922815659841,-0.40703389402382506,0.40703389402382506,0.2923816171181862
Correa2015a_article_formula_project_bt,98642774181.72794,7.48,0.0614085466878954,6057509403.762163,0.11900922815659841,-0.40703389402382506,0.40703389402382506,0.2923816171181862
Correa2015a_article_formula_project_bt,98642774181.72794,7.5,0.06092774757315592,6010082045.260142,0.11900922815659841,-0.40703389402382506,0.40703389402382506,0.2923816171181862
Correa2015a_article_formula_project_bt,98642774181.72794,7.5200000000000005,0.06045067305258208,5963022091.05932,0.11900922815659841,-0.40703389402382506,0.40703389402382506,0.2923816171181862
Correa2015a_article_formula_project_bt,98642774181.72794,7.54,0.05997729477349095,5916326744.372399,0.11900922815659841,-0.40703389402382506,0.40703389402382506,0.2923816171181862
Correa2015a_article_formula_project_bt,98642774181.72794,7.5600000000000005,0.05950758459229369,5869993229.037699,0.11900922815659841,-0.40703389402382506,0.40703389402382506,0.2923816171181862
Correa2015a_article_formula_project_bt,98642774181.72794,7.58,0.05904151457305212,5824018789.37678,0.11900922815659841,-0.40703389402382506,0.40703389402382506,0.2923816171181862
Correa2015a_article_formula_project_bt,98642774181.72794,7.6000000000000005,0.05857905698604325,5778400690.052836,0.11900922815659841,-0.40703389402382506,0.40703389402382506,0.2923816171181862
Correa2015a_article_formula_project_bt,98642774181.72794,7.62,0.058120184306332506,5733136215.929965,0.11900922815659841,-0.40703389402382506,0.40703389402382506,0.2923816171181862
Correa2015a_article_formula_project_bt,98642774181.72794,7.640000000000001,0.05766486921235507,5688222671.933217,0.11900922815659841,-0.40703389402382506,0.40703389402382506,0.2923816171181862
Correa2015a_article_formula_project_bt,98642774181.72794,7.66,0.05721308458450572,5643657382.909497,0.11900922815659841,-0.40703389402382506,0.40703389402382506,0.2923816171181862
Correa2015a_article_formula_project_bt,98642774181.72794,7.68,0.05676480350373672,5599437693.48926,0.11900922815659841,-0.40703389402382506,0.40703389402382506,0.2923816171181862
Correa2015a_article_formula_project_bt,98642774181.72794,7.7,0.056319999250164246,5555560967.9490385,0.11900922815659841,-0.40703389402382506,0.40703389402382506,0.2923816171181862
Correa2015a_article_formula_project_bt,98642774181.72794,7.72,0.055878645301682954,5512024590.074784,0.11900922815659841,-0.40703389402382506,0.40703389402382506,0.2923816171181862
Correa2015a_article_formula_project_bt,98642774181.72794,7.74,0.05544071533258869,5468825963.026008,0.11900922815659841,-0.40703389402382506,0.40703389402382506,0.2923816171181862
Correa2015a_article_formula_project_bt,98642774181.72794,7.76,0.05500618321220964,5425962509.200749,0.11900922815659841,-0.40703389402382506,0.40703389402382506,0.2923816171181862
Correa2015a_article_formula_project_bt,98642774181.72794,7.78,0.054575023003545386,5383431670.101335,0.11900922815659841,-0.40703389402382506,0.40703389402382506,0.2923816171181862
Correa2015a_article_formula_project_bt,98642774181.72794,7.8,0.054147208961914356,5341230906.200953,0.11900922815659841,-0.40703389402382506,0.40703389402382506,0.2923816171181862
Correa2015a_article_formula_project_bt,98642774181.72794,7.82,0.053722715533609196,5299357696.81102,0.11900922815659841,-0.40703389402382506,0.40703389402382506,0.2923816171181862
Correa2015a_article_formula_project_bt,98642774181.72794,7.84,0.053301517354560485,5257809539.949363,0.11900922815659841,-0.40703389402382506,0.40703389402382506,0.2923816171181862
Correa2015a_article_formula_project_bt,98642774181.72794,7.86,0.052883589249008316,5216583952.209183,0.11900922815659841,-0.40703389402382506,0.40703389402382506,0.2923816171181862
Correa2015a_article_formula_project_bt,98642774181.72794,7.88,0.05246890622818215,5175678468.62883,0.11900922815659841,-0.40703389402382506,0.40703389402382506,0.2923816171181862
Correa2015a_article_formula_project_bt,98642774181.72794,7.9,0.052057443488988366,5135090642.562343,0.11900922815659841,-0.40703389402382506,0.40703389402382506,0.2923816171181862
Correa2015a_article_formula_project_bt,98642774181.72794,7.92,0.051649176412706284,5094818045.550815,0.11900922815659841,-0.40703389402382506,0.40703389402382506,0.2923816171181862
Correa2015a_article_formula_project_bt,98642774181.72794,7.94,0.05124408056369176,5054858267.19452,0.11900922815659841,-0.40703389402382506,0.40703389402382506,0.2923816171181862
Correa2015a_article_formula_project_bt,98642774181.72794,7.96,0.050842131688088904,5015208915.025828,0.11900922815659841,-0.40703389402382506,0.40703389402382506,0.2923816171181862
Correa2015a_article_formula_project_bt,98642774181.72794,7.98,0.050443305712549645,4975867614.382901,0.11900922815659841,-0.40703389402382506,0.40703389402382506,0.2923816171181862
Correa2015a_article_formula_project_bt,98642774181.72794,8.0,0.050047578742961396,4936832008.284188,0.11900922815659841,-0.40703389402382506,0.40703389402382506,0.2923816171181862
Correa2015a_article_formula_project_bt,286127049092.62915,0.0,1.0,286127049092.62915,0.13989164176630173,-0.4784556674428504,0.4784556674428504,0.2923816171181862
Correa2015a_article_formula_project_bt,286127049092.62915,0.02,0.9932241688655867,284188300524.9895,0.13989164176630173,-0.4784556674428504,0.4784556674428504,0.2923816171181862
Correa2015a_article_formula_project_bt,286127049092.62915,0.04,0.9864411834429685,282247504921.9774,0.13989164176630173,-0.4784556674428504,0.4784556674428504,0.2923816171181862
Correa2015a_article_formula_project_bt,286127049092.62915,0.06,0.9796538276373579,280305458834.17633,0.13989164176630173,-0.4784556674428504,0.4784556674428504,0.2923816171181862
Correa2015a_article_formula_project_bt,286127049092.62915,0.08,0.9728647135587758,278362909656.91846,0.13989164176630173,-0.4784556674428504,0.4784556674428504,0.2923816171181862
Correa2015a_article_formula_project_bt,286127049092.62915,0.1,0.9660762933989425,276420559028.5844,0.13989164176630173,-0.4784556674428504,0.4784556674428504,0.2923816171181862
Correa2015a_article_formula_project_bt,286127049092.62915,0.12,0.9592908703008359,274479065940.67822,0.13989164176630173,-0.4784556674428504,0.4784556674428504,0.2923816171181862
Correa2015a_article_formula_project_bt,286127049092.62915,0.14,0.9525106083231312,272539049588.9226,0.13989164176630173,-0.4784556674428504,0.4784556674428504,0.2923816171181862
Correa2015a_article_formula_project_bt,286127049092.62915,0.16,0.9457375415897272,270601091991.18628,0.13989164176630173,-0.4784556674428504,0.4784556674428504,0.2923816171181862
Correa2015a_article_formula_project_bt,286127049092.62915,0.18,0.9389735827041301,268665740395.06653,0.13989164176630173,-0.4784556674428504,0.4784556674428504,0.2923816171181862
Correa2015a_article_formula_project_bt,286127049092.62915,0.2,0.9322205304994221,266733509495.36493,0.13989164176630173,-0.4784556674428504,0.4784556674428504,0.2923816171181862
Correa2015a_article_formula_project_bt,286127049092.62915,0.22,0.925480077186635,264804883479.43054,0.13989164176630173,-0.4784556674428504,0.4784556674428504,0.2923816171181862
Correa2015a_article_formula_project_bt,286127049092.62915,0.24,0.9187538149574653,262880317916.375,0.13989164176630173,-0.4784556674428504,0.4784556674428504,0.2923816171181862
Correa2015a_article_formula_project_bt,286127049092.62915,0.26,0.9120432420912176,260960241504.43445,0.13989164176630173,-0.4784556674428504,0.4784556674428504,0.2923816171181862
Correa2015a_article_formula_project_bt,286127049092.62915,0.28,0.9053497686105731,259045057689.2379,0.13989164176630173,-0.4784556674428504,0.4784556674428504,0.2923816171181862
Correa2015a_article_formula_project_bt,286127049092.62915,0.3,0.8986747215261117,257135146164.4066,0.13989164176630173,-0.4784556674428504,0.4784556674428504,0.2923816171181862
Correa2015a_article_formula_project_bt,286127049092.62915,0.32,0.8920193497054125,255230864264.7357,0.13989164176630173,-0.4784556674428504,0.4784556674428504,0.2923816171181862
Correa2015a_article_formula_project_bt,286127049092.62915,0.34,0.8853848283989226,253332548261.16757,0.13989164176630173,-0.4784556674428504,0.4784556674428504,0.2923816171181862
Correa2015a_article_formula_project_bt,286127049092.62915,0.36,0.8787722634515821,251440514565.85168,0.13989164176630173,-0.4784556674428504,0.4784556674428504,0.2923816171181862
Correa2015a_article_formula_project_bt,286127049092.62915,0.38,0.872182695226332,249555060854.7663,0.13989164176630173,-0.4784556674428504,0.4784556674428504,0.2923816171181862
Correa2015a_article_formula_project_bt,286127049092.62915,0.4,0.8656171022631132,247676467114.65717,0.13989164176630173,-0.4784556674428504,0.4784556674428504,0.2923816171181862
Correa2015a_article_formula_project_bt,286127049092.62915,0.42,0.8590764046947075,245804996620.40192,0.13989164176630173,-0.4784556674428504,0.4784556674428504,0.2923816171181862
Correa2015a_article_formula_project_bt,286127049092.62915,0.44,0.8525614674387638,243940896848.3351,0.13989164176630173,-0.4784556674428504,0.4784556674428504,0.2923816171181862
Correa2015a_article_formula_project_bt,286127049092.62915,0.46,0.8460731031835587,242084400330.55518,0.13989164176630173,-0.4784556674428504,0.4784556674428504,0.2923816171181862
Correa2015a_article_formula_project_bt,286127049092.62915,0.48,0.8396120751834434,240235725454.77734,0.13989164176630173,-0.4784556674428504,0.4784556674428504,0.2923816171181862
Correa2015a_article_formula_project_bt,286127049092.62915,0.5,0.8331790998784795,238395077213.88226,0.13989164176630173,-0.4784556674428504,0.4784556674428504,0.2923816171181862
Correa2015a_article_formula_project_bt,286127049092.62915,0.52,0.826774849351488,236562647908.94427,0.13989164176630173,-0.4784556674428504,0.4784556674428504,0.2923816171181862
Correa2015a_article_formula_project_bt,286127049092.62915,0.54,0.8203999536345714,234738617809.1897,0.13989164176630173,-0.4784556674428504,0.4784556674428504,0.2923816171181862
Correa2015a_article_formula_project_bt,286127049092.62915,0.56,0.8140550028761199,232923155772.03592,0.13989164176630173,-0.4784556674428504,0.4784556674428504,0.2923816171181862
Correa2015a_article_formula_project_bt,286127049092.62915,0.58,0.8077405493783831,231116419826.09586,0.13989164176630173,-0.4784556674428504,0.4784556674428504,0.2923816171181862
Correa2015a_article_formula_project_bt,286127049092.62915,0.6,0.8014571095148326,229318557719.78717,0.13989164176630173,-0.4784556674428504,0.4784556674428504,0.2923816171181862
Correa2015a_article_formula_project_bt,286127049092.62915,0.62,0.7952051655357697,227529707437.96545,0.13989164176630173,-0.4784556674428504,0.4784556674428504,0.2923816171181862
Correa2015a_article_formula_project_bt,286127049092.62915,0.64,0.7889851672699459,225749997688.80405,0.13989164176630173,-0.4784556674428504,0.4784556674428504,0.2923816171181862
Correa2015a_article_formula_project_bt,286127049092.62915,0.66,0.7827975337293273,223979548362.96024,0.13989164176630173,-0.4784556674428504,0.4784556674428504,0.2923816171181862
Correa2015a_article_formula_project_bt,286127049092.62915,0.68,0.7766426546235687,222218470966.90768,0.13989164176630173,-0.4784556674428504,0.4784556674428504,0.2923816171181862
Correa2015a_article_formula_project_bt,286127049092.62915,0.7000000000000001,0.770520891790234,220466869032.16068,0.13989164176630173,-0.4784556674428504,0.4784556674428504,0.2923816171181862
Correa2015a_article_formula_project_bt,286127049092.62915,0.72,0.7644325805463392,218724838501.98758,0.13989164176630173,-0.4784556674428504,0.4784556674428504,0.2923816171181862
Correa2015a_article_formula_project_bt,286127049092.62915,0.74,0.7583780309663546,216992468097.08157,0.13989164176630173,-0.4784556674428504,0.4784556674428504,0.2923816171181862
Correa2015a_article_formula_project_bt,286127049092.62915,0.76,0.7523575290914141,215269839661.5482,0.13989164176630173,-0.4784556674428504,0.4784556674428504,0.2923816171181862
Correa2015a_article_formula_project_bt,286127049092.62915,0.78,0.7463713380741225,213557028490.46576,0.13989164176630173,-0.4784556674428504,0.4784556674428504,0.2923816171181862
Correa2015a_article_formula_project_bt,286127049092.62915,0.8,0.740419699263021,211854103640.1801,0.13989164176630173,-0.4784556674428504,0.4784556674428504,0.2923816171181862
Correa2015a_article_formula_project_bt,286127049092.62915,0.8200000000000001,0.7345028332304747,210161128222.41125,0.13989164176630173,-0.4784556674428504,0.4784556674428504,0.2923816171181862
Correa2015a_article_formula_project_bt,286127049092.62915,0.84,0.728620940747471,208478159683.16925,0.13989164176630173,-0.4784556674428504,0.4784556674428504,0.2923816171181862
Correa2015a_article_formula_project_bt,286127049092.62915,0.86,0.7227742037085645,206805250067.40637,0.13989164176630173,-0.4784556674428504,0.4784556674428504,0.2923816171181862
Correa2015a_article_formula_project_bt,286127049092.62915,0.88,0.7169627860099738,205142446270.26392,0.13989164176630173,-0.4784556674428504,0.4784556674428504,0.2923816171181862
Correa2015a_article_formula_project_bt,286127049092.62915,0.9,0.711186834383631,203489790275.71667,0.13989164176630173,-0.4784556674428504,0.4784556674428504,0.2923816171181862
Correa2015a_article_formula_project_bt,286127049092.62915,0.92,0.705446479189773,201847319383.35455,0.13989164176630173,-0.4784556674428504,0.4784556674428504,0.2923816171181862
Correa2015a_article_formula_project_bt,286127049092.62915,0.9400000000000001,0.6997418351705048,200215066423.99744,0.13989164176630173,-0.4784556674428504,0.4784556674428504,0.2923816171181862
Correa2015a_article_formula_project_bt,286127049092.62915,0.96,0.6940730021665849,198593059964.78693,0.13989164176630173,-0.4784556674428504,0.4784556674428504,0.2923816171181862
Correa2015a_article_formula_project_bt,286127049092.62915,0.98,0.6884400657995345,196981324504.35626,0.13989164176630173,-0.4784556674428504,0.4784556674428504,0.2923816171181862
Correa2015a_article_formula_project_bt,286127049092.62915,1.0,0.6828430981210399,195379880658.64178,0.13989164176630173,-0.4784556674428504,0.4784556674428504,0.2923816171181862
Correa2015a_article_formula_project_bt,286127049092.62915,1.02,0.6772821582314705,193788745337.8578,0.13989164176630173,-0.4784556674428504,0.4784556674428504,0.2923816171181862
Correa2015a_article_formula_project_bt,286127049092.62915,1.04,0.6717572928692355,192207931915.12738,0.13989164176630173,-0.4784556674428504,0.4784556674428504,0.2923816171181862
Correa2015a_article_formula_project_bt,286127049092.62915,1.06,0.6662685369725724,190637450387.2254,0.13989164176630173,-0.4784556674428504,0.4784556674428504,0.2923816171181862
Correa2015a_article_formula_project_bt,286127049092.62915,1.08,0.6608159142152733,189077307527.8641,0.13989164176630173,-0.4784556674428504,0.4784556674428504,0.2923816171181862
Correa2015a_article_formula_project_bt,286127049092.62915,1.1,0.6553994375177481,187527507033.92224,0.13989164176630173,-0.4784556674428504,0.4784556674428504,0.2923816171181862
Correa2015a_article_formula_project_bt,286127049092.62915,1.12,0.6500191095347423,185988049664.9943,0.13989164176630173,-0.4784556674428504,0.4784556674428504,0.2923816171181862
Correa2015a_article_formula_project_bt,286127049092.62915,1.1400000000000001,0.6446749231209428,184458933376.6129,0.13989164176630173,-0.4784556674428504,0.4784556674428504,0.2923816171181862
Correa2015a_article_formula_project_bt,286127049092.62915,1.16,0.6393668617756295,182940153447.47577,0.13989164176630173,-0.4784556674428504,0.4784556674428504,0.2923816171181862
Correa2015a_article_formula_project_bt,286127049092.62915,1.18,0.6340949000674593,181431702600.9877,0.13989164176630173,-0.4784556674428504,0.4784556674428504,0.2923816171181862
Correa2015a_article_formula_project_bt,286127049092.62915,1.2,0.6288590040404044,179933571121.41068,0.13989164176630173,-0.4784556674428504,0.4784556674428504,0.2923816171181862
Correa2015a_article_formula_project_bt,286127049092.62915,1.22,0.6236591316018034,178445746964.89566,0.13989164176630173,-0.4784556674428504,0.4784556674428504,0.2923816171181862
Correa2015a_article_formula_project_bt,286127049092.62915,1.24,0.6184952328934312,176968215865.65588,0.13989164176630173,-0.4784556674428504,0.4784556674428504,0.2923816171181862
Correa2015a_article_formula_project_bt,286127049092.62915,1.26,0.6133672506464333,175500961437.52298,0.13989164176630173,-0.4784556674428504,0.4784556674428504,0.2923816171181862
Correa2015a_article_formula_project_bt,286127049092.62915,1.28,0.6082751205209296,174043965271.11694,0.13989164176630173,-0.4784556674428504,0.4784556674428504,0.2923816171181862
Correa2015a_article_formula_project_bt,286127049092.62915,1.3,0.6032187714310384,172597207026.84418,0.13989164176630173,-0.4784556674428504,0.4784556674428504,0.2923816171181862
Correa2015a_article_formula_project_bt,286127049092.62915,1.32,0.5981981258560339,171160664523.92816,0.13989164176630173,-0.4784556674428504,0.4784556674428504,0.2923816171181862
Correa2015a_article_formula_project_bt,286127049092.62915,1.34,0.5932131001383056,169734313825.6637,0.13989164176630173,-0.4784556674428504,0.4784556674428504,0.2923816171181862
Correa2015a_article_formula_project_bt,286127049092.62915,1.36,0.5882636047687548,168318129321.0765,0.13989164176630173,-0.4784556674428504,0.4784556674428504,0.2923816171181862
Correa2015a_article_formula_project_bt,286127049092.62915,1.3800000000000001,0.5833495446602256,166912083803.15924,0.13989164176630173,-0.4784556674428504,0.4784556674428504,0.2923816171181862
Correa2015a_article_formula_project_bt,286127049092.62915,1.4000000000000001,0.5784708194095336,165516148543.84503,0.13989164176630173,-0.4784556674428504,0.4784556674428504,0.2923816171181862
Correa2015a_article_formula_project_bt,286127049092.62915,1.42,0.5736273235486262,164130293365.87125,0.13989164176630173,-0.4784556674428504,0.4784556674428504,0.2923816171181862
Correa2015a_article_formula_project_bt,286127049092.62915,1.44,0.5688189467853831,162754486711.67892,0.13989164176630173,-0.4784556674428504,0.4784556674428504,0.2923816171181862
Correa2015a_article_formula_project_bt,286127049092.62915,1.46,0.5640455742345288,161388695709.48325,0.13989164176630173,-0.4784556674428504,0.4784556674428504,0.2923816171181862
Correa2015a_article_formula_project_bt,286127049092.62915,1.48,0.5593070866391127,160032886236.64478,0.13989164176630173,-0.4784556674428504,0.4784556674428504,0.2923816171181862
Correa2015a_article_formula_project_bt,286127049092.62915,1.5,0.554603360582985,158687022980.46484,0.13989164176630173,-0.4784556674428504,0.4784556674428504,0.2923816171181862
Correa2015a_article_formula_project_bt,286127049092.62915,1.52,0.5499342686946732,157351069496.51987,0.13989164176630173,-0.4784556674428504,0.4784556674428504,0.2923816171181862
Correa2015a_article_formula_project_bt,286127049092.62915,1.54,0.5452996798430434,156024988264.64545,0.13989164176630173,-0.4784556674428504,0.4784556674428504,0.2923816171181862
Correa2015a_article_formula_project_bt,286127049092.62915,1.56,0.5406994593251119,154708740742.67432,0.13989164176630173,-0.4784556674428504,0.4784556674428504,0.2923816171181862
Correa2015a_article_formula_project_bt,286127049092.62915,1.58,0.5361334690463528,153402287418.02737,0.13989164176630173,-0.4784556674428504,0.4784556674428504,0.2923816171181862
Correa2015a_article_formula_project_bt,286127049092.62915,1.6,0.5316015676938296,152105587857.251,0.13989164176630173,-0.4784556674428504,0.4784556674428504,0.2923816171181862
Correa2015a_article_formula_project_bt,286127049092.62915,1.62,0.5271036109024643,150818600753.5915,0.13989164176630173,-0.4784556674428504,0.4784556674428504,0.2923816171181862
Correa2015a_article_formula_project_bt,286127049092.62915,1.6400000000000001,0.5226394514147366,149541283972.6891,0.13989164176630173,-0.4784556674428504,0.4784556674428504,0.2923816171181862
Correa2015a_article_formula_project_bt,286127049092.62915,1.6600000000000001,0.5182089392340995,148273594596.47446,0.13989164176630173,-0.4784556674428504,0.4784556674428504,0.2923816171181862
Correa2015a_article_formula_project_bt,286127049092.62915,1.68,0.5138119217723744,147015488965.34232,0.13989164176630173,-0.4784556674428504,0.4784556674428504,0.2923816171181862
Correa2015a_article_formula_project_bt,286127049092.62915,1.7,0.5094482439913837,145766922718.67636,0.13989164176630173,-0.4784556674428504,0.4784556674428504,0.2923816171181862
Correa2015a_article_formula_project_bt,286127049092.62915,1.72,0.5051177485390602,144527850833.79398,0.13989164176630173,-0.4784556674428504,0.4784556674428504,0.2923816171181862
Correa2015a_article_formula_project_bt,286127049092.62915,1.74,0.5008202758802673,143298227663.37732,0.13989164176630173,-0.4784556674428504,0.4784556674428504,0.2923816171181862
Correa2015a_article_formula_project_bt,286127049092.62915,1.76,0.496555664422545,142078006971.4526,0.13989164176630173,-0.4784556674428504,0.4784556674428504,0.2923816171181862
Correa2015a_article_formula_project_bt,286127049092.62915,1.78,0.49232375063699463,140867141967.97867,0.13989164176630173,-0.4784556674428504,0.4784556674428504,0.2923816171181862
Correa2015a_article_formula_project_bt,286127049092.62915,1.8,0.4881243691744999,139665585342.10077,0.13989164176630173,-0.4784556674428504,0.4784556674428504,0.2923816171181862
Correa2015a_article_formula_project_bt,286127049092.62915,1.82,0.48395735297747455,138473289294.12473,0.13989164176630173,-0.4784556674428504,0.4784556674428504,0.2923816171181862
Correa2015a_article_formula_project_bt,286127049092.62915,1.84,0.47982253338731584,137290205566.2622,0.13989164176630173,-0.4784556674428504,0.4784556674428504,0.2923816171181862
Correa2015a_article_formula_project_bt,286127049092.62915,1.86,0.4757197402477402,136116285472.19795,0.13989164176630173,-0.4784556674428504,0.4784556674428504,0.2923816171181862
Correa2015a_article_formula_project_bt,286127049092.62915,1.8800000000000001,0.4716488020041629,134951479925.52486,0.13989164176630173,-0.4784556674428504,0.4784556674428504,0.2923816171181862
Correa2015a_article_formula_project_bt,286127049092.62915,1.9000000000000001,0.4676095457992795,133795739467.09247,0.13989164176630173,-0.4784556674428504,0.4784556674428504,0.2923816171181862
Correa2015a_article_formula_project_bt,286127049092.62915,1.92,0.46360179756500025,132649014291.31195,0.13989164176630173,-0.4784556674428504,0.4784556674428504,0.2923816171181862
Correa2015a_article_formula_project_bt,286127049092.62915,1.94,0.4596253821108804,131511254271.4583,0.13989164176630173,-0.4784556674428504,0.4784556674428504,0.2923816171181862
Correa2015a_article_formula_project_bt,286127049092.62915,1.96,0.455680123209183,130382408984.0092,0.13989164176630173,-0.4784556674428504,0.4784556674428504,0.2923816171181862
Correa2015a_article_formula_project_bt,286127049092.62915,1.98,0.4517658436767061,129262427732.0579,0.13989164176630173,-0.4784556674428504,0.4784556674428504,0.2923816171181862
Correa2015a_article_formula_project_bt,286127049092.62915,2.0,0.44788236545349835,128151259567.836,0.13989164176630173,-0.4784556674428504,0.4784556674428504,0.2923816171181862
Correa2015a_article_formula_project_bt,286127049092.62915,2.02,0.4440295096785843,127048853314.38034,0.13989164176630173,-0.4784556674428504,0.4784556674428504,0.2923816171181862
Correa2015a_article_formula_project_bt,286127049092.62915,2.04,0.4402070967628128,125955157586.37708,0.13989164176630173,-0.4784556674428504,0.4784556674428504,0.2923816171181862
Correa2015a_article_formula_project_bt,286127049092.62915,2.06,0.4364149464589384,124870120810.21379,0.13989164176630173,-0.4784556674428504,0.4784556674428504,0.2923816171181862
Correa2015a_article_formula_project_bt,286127049092.62915,2.08,0.43265287792904056,123793691243.26988,0.13989164176630173,-0.4784556674428504,0.4784556674428504,0.2923816171181862
Correa2015a_article_formula_project_bt,286127049092.62915,2.1,0.42892070980938224,122725816992.47446,0.13989164176630173,-0.4784556674428504,0.4784556674428504,0.2923816171181862
Correa2015a_article_formula_project_bt,286127049092.62915,2.12,0.4252182602728014,121666446032.1582,0.13989164176630173,-0.4784556674428504,0.4784556674428504,0.2923816171181862
Correa2015a_article_formula_project_bt,286127049092.62915,2.14,0.4215453470887318,120615526221.22696,0.13989164176630173,-0.4784556674428504,0.4784556674428504,0.2923816171181862
Correa2015a_article_formula_project_bt,286127049092.62915,2.16,0.4179017876809362,119573005319.68073,0.13989164176630173,-0.4784556674428504,0.4784556674428504,0.2923816171181862
Correa2015a_article_formula_project_bt,286127049092.62915,2.18,0.4142873991830422,118538831004.50397,0.13989164176630173,-0.4784556674428504,0.4784556674428504,0.2923816171181862
Correa2015a_article_formula_project_bt,286127049092.62915,2.2,0.41070199849195593,117512950884.94878,0.13989164176630173,-0.4784556674428504,0.4784556674428504,0.2923816171181862
Correa2015a_article_formula_project_bt,286127049092.62915,2.22,0.40714540231923785,116495312517.23482,0.13989164176630173,-0.4784556674428504,0.4784556674428504,0.2923816171181862
Correa2015a_article_formula_project_bt,286127049092.62915,2.24,0.40361742724050853,115485863418.68565,0.13989164176630173,-0.4784556674428504,0.4784556674428504,0.2923816171181862
Correa2015a_article_formula_project_bt,286127049092.62915,2.2600000000000002,0.40011788974296264,114484551081.32385,0.13989164176630173,-0.4784556674428504,0.4784556674428504,0.2923816171181862
Correa2015a_article_formula_project_bt,286127049092.62915,2.2800000000000002,0.39664660627105464,113491322984.9428,0.13989164176630173,-0.4784556674428504,0.4784556674428504,0.2923816171181862
Correa2015a_article_formula_project_bt,286127049092.62915,2.3000000000000003,0.39320339327042464,112506126609.67516,0.13989164176630173,-0.4784556674428504,0.4784556674428504,0.2923816171181862
Correa2015a_article_formula_project_bt,286127049092.62915,2.32,0.3897880672301284,111528909448.07597,0.13989164176630173,-0.4784556674428504,0.4784556674428504,0.2923816171181862
Correa2015a_article_formula_project_bt,286127049092.62915,2.34,0.38640044472322943,110559619016.7372,0.13989164176630173,-0.4784556674428504,0.4784556674428504,0.2923816171181862
Correa2015a_article_formula_project_bt,286127049092.62915,2.36,0.38304034244581564,109598202867.45137,0.13989164176630173,-0.4784556674428504,0.4784556674428504,0.2923816171181862
Correa2015a_article_formula_project_bt,286127049092.62915,2.38,0.3797075772544924,108644608597.93942,0.13989164176630173,-0.4784556674428504,0.4784556674428504,0.2923816171181862
Correa2015a_article_formula_project_bt,286127049092.62915,2.4,0.3764019662024104,107698783862.15923,0.13989164176630173,-0.4784556674428504,0.4784556674428504,0.2923816171181862
Correa2015a_article_formula_project_bt,286127049092.62915,2.42,0.3731233265738752,106760676380.20828,0.13989164176630173,-0.4784556674428504,0.4784556674428504,0.2923816171181862
Correa2015a_article_formula_project_bt,286127049092.62915,2.44,0.36987147591759395,105830233947.83661,0.13989164176630173,-0.4784556674428504,0.4784556674428504,0.2923816171181862
Correa2015a_article_formula_project_bt,286127049092.62915,2.46,0.36664623207860175,104907404445.58159,0.13989164176630173,-0.4784556674428504,0.4784556674428504,0.2923816171181862
Correa2015a_article_formula_project_bt,286127049092.62915,2.48,0.36344741322891844,103992135847.53983,0.13989164176630173,-0.4784556674428504,0.4784556674428504,0.2923816171181862
Correa2015a_article_formula_project_bt,286127049092.62915,2.5,0.36027483789697645,103084376229.78719,0.13989164176630173,-0.4784556674428504,0.4784556674428504,0.2923816171181862
Correa2015a_article_formula_project_bt,286127049092.62915,2.52,0.35712832499586594,102184073778.46056,0.13989164176630173,-0.4784556674428504,0.4784556674428504,0.2923816171181862
Correa2015a_article_formula_project_bt,286127049092.62915,2.54,0.3540076938504343,101291176797.51164,0.13989164176630173,-0.4784556674428504,0.4784556674428504,0.2923816171181862
Correa2015a_article_formula_project_bt,286127049092.62915,2.56,0.35091276422328355,100405633716.14565,0.13989164176630173,-0.4784556674428504,0.4784556674428504,0.2923816171181862
Correa2015a_article_formula_project_bt,286127049092.62915,2.58,0.3478433563397016,99527393095.9547,0.13989164176630173,-0.4784556674428504,0.4784556674428504,0.2923816171181862
Correa2015a_article_formula_project_bt,286127049092.62915,2.6,0.3447992909115636,98656403637.75667,0.13989164176630173,-0.4784556674428504,0.4784556674428504,0.2923816171181862
Correa2015a_article_formula_project_bt,286127049092.62915,2.62,0.34178038916024056,97792614188.15004,0.13989164176630173,-0.4784556674428504,0.4784556674428504,0.2923816171181862
Correa2015a_article_formula_project_bt,286127049092.62915,2.64,0.3387864728385475,96935973745.79376,0.13989164176630173,-0.4784556674428504,0.4784556674428504,0.2923816171181862
Correa2015a_article_formula_project_bt,286127049092.62915,2.66,0.33581736425176534,96086431467.42218,0.13989164176630173,-0.4784556674428504,0.4784556674428504,0.2923816171181862
Correa2015a_article_formula_project_bt,286127049092.62915,2.68,0.33287288627776673,95243936673.60373,0.13989164176630173,-0.4784556674428504,0.4784556674428504,0.2923816171181862
Correa2015a_article_formula_project_bt,286127049092.62915,2.7,0.32995286238627797,94408438854.25206,0.13989164176630173,-0.4784556674428504,0.4784556674428504,0.2923816171181862
Correa2015a_article_formula_project_bt,286127049092.62915,2.72,0.3270571166573046,93579887673.89833,0.13989164176630173,-0.4784556674428504,0.4784556674428504,0.2923816171181862
Correa2015a_article_formula_project_bt,286127049092.62915,2.74,0.32418547379875057,92758232976.73235,0.13989164176630173,-0.4784556674428504,0.4784556674428504,0.2923816171181862
Correa2015a_article_formula_project_bt,286127049092.62915,2.7600000000000002,0.3213377591632567,91943424791.4206,0.13989164176630173,-0.4784556674428504,0.4784556674428504,0.2923816171181862
Correa2015a_article_formula_project_bt,286127049092.62915,2.7800000000000002,0.318513798764287,91135413335.70894,0.13989164176630173,-0.4784556674428504,0.4784556674428504,0.2923816171181862
Correa2015a_article_formula_project_bt,286127049092.62915,2.8000000000000003,0.3157134192914851,90334149020.81657,0.13989164176630173,-0.4784556674428504,0.4784556674428504,0.2923816171181862
Correa2015a_article_formula_project_bt,286127049092.62915,2.82,0.3129364481253293,89539582455.62909,0.13989164176630173,-0.4784556674428504,0.4784556674428504,0.2923816171181862
Correa2015a_article_formula_project_bt,286127049092.62915,2.84,0.3101827133511051,88751664450.69656,0.13989164176630173,-0.4784556674428504,0.4784556674428504,0.2923816171181862
Correa2015a_article_formula_project_bt,286127049092.62915,2.86,0.3074520437722235,87970346022.04416,0.13989164176630173,-0.4784556674428504,0.4784556674428504,0.2923816171181862
Correa2015a_article_formula_project_bt,286127049092.62915,2.88,0.3047442689229023,87195578394.80064,0.13989164176630173,-0.4784556674428504,0.4784556674428504,0.2923816171181862
Correa2015a_article_formula_project_bt,286127049092.62915,2.9,0.3020592190802341,86427313006.65137,0.13989164176630173,-0.4784556674428504,0.4784556674428504,0.2923816171181862
Correa2015a_article_formula_project_bt,286127049092.62915,2.92,0.2993967252756613,85665501511.12155,0.13989164176630173,-0.4784556674428504,0.4784556674428504,0.2923816171181862
Correa2015a_article_formula_project_bt,286127049092.62915,2.94,0.2967566193058779,84910095780.69557,0.13989164176630173,-0.4784556674428504,0.4784556674428504,0.2923816171181862
Correa2015a_article_formula_project_bt,286127049092.62915,2.96,0.29413873374317684,84161047909.77774,0.13989164176630173,-0.4784556674428504,0.4784556674428504,0.2923816171181862
Correa2015a_article_formula_project_bt,286127049092.62915,2.98,0.2915429019452615,83418310217.4994,0.13989164176630173,-0.4784556674428504,0.4784556674428504,0.2923816171181862
Correa2015a_article_formula_project_bt,286127049092.62915,3.0,0.28896895806453954,82681835250.3784,0.13989164176630173,-0.4784556674428504,0.4784556674428504,0.2923816171181862
Correa2015a_article_formula_project_bt,286127049092.62915,3.02,0.2864167370569165,81951575784.835,0.13989164176630173,-0.4784556674428504,0.4784556674428504,0.2923816171181862
Correa2015a_article_formula_project_bt,286127049092.62915,3.04,0.2838860746901052,81227484829.56952,0.13989164176630173,-0.4784556674428504,0.4784556674428504,0.2923816171181862
Correa2015a_article_formula_project_bt,286127049092.62915,3.06,0.2813768075514674,80509515627.80597,0.13989164176630173,-0.4784556674428504,0.4784556674428504,0.2923816171181862
Correa2015a_article_formula_project_bt,286127049092.62915,3.08,0.2788887730554038,79797621659.40665,0.13989164176630173,-0.4784556674428504,0.4784556674428504,0.2923816171181862
Correa2015a_article_formula_project_bt,286127049092.62915,3.1,0.2764218094503065,79091756642.86122,0.13989164176630173,-0.4784556674428504,0.4784556674428504,0.2923816171181862
Correa2015a_article_formula_project_bt,286127049092.62915,3.12,0.27397575582508904,78391874537.15543,0.13989164176630173,-0.4784556674428504,0.4784556674428504,0.2923816171181862
Correa2015a_article_formula_project_bt,286127049092.62915,3.14,0.27155045211530887,77697929543.52263,0.13989164176630173,-0.4784556674428504,0.4784556674428504,0.2923816171181862
Correa2015a_article_formula_project_bt,286127049092.62915,3.16,0.26914573910889383,77009876107.08243,0.13989164176630173,-0.4784556674428504,0.4784556674428504,0.2923816171181862
Correa2015a_article_formula_project_bt,286127049092.62915,3.18,0.266761458451488,76327668918.37027,0.13989164176630173,-0.4784556674428504,0.4784556674428504,0.2923816171181862
Correa2015a_article_formula_project_bt,286127049092.62915,3.2,0.2643974526514288,75651262914.76146,0.13989164176630173,-0.4784556674428504,0.4784556674428504,0.2923816171181862
Correa2015a_article_formula_project_bt,286127049092.62915,3.22,0.2620535650843666,74980613281.79306,0.13989164176630173,-0.4784556674428504,0.4784556674428504,0.2923816171181862
Correa2015a_article_formula_project_bt,286127049092.62915,3.24,0.2597296399975412,74315675454.38736,0.13989164176630173,-0.4784556674428504,0.4784556674428504,0.2923816171181862
Correa2015a_article_formula_project_bt,286127049092.62915,3.2600000000000002,0.25742552251372447,73656405117.98015,0.13989164176630173,-0.4784556674428504,0.4784556674428504,0.2923816171181862
Correa2015a_article_formula_project_bt,286127049092.62915,3.2800000000000002,0.2551410586348408,73002758209.55647,0.13989164176630173,-0.4784556674428504,0.4784556674428504,0.2923816171181862
Correa2015a_article_formula_project_bt,286127049092.62915,3.3000000000000003,0.25287609524527815,72354690918.59807,0.13989164176630173,-0.4784556674428504,0.4784556674428504,0.2923816171181862
Correa2015a_article_formula_project_bt,286127049092.62915,3.3200000000000003,0.25063048011489636,71712159687.94417,0.13989164176630173,-0.4784556674428504,0.4784556674428504,0.2923816171181862
Correa2015a_article_formula_project_bt,286127049092.62915,3.34,0.24840406190174696,71075121214.56964,0.13989164176630173,-0.4784556674428504,0.4784556674428504,0.2923816171181862
Correa2015a_article_formula_project_bt,286127049092.62915,3.36,0.2461966901545112,70443532450.28264,0.13989164176630173,-0.4784556674428504,0.4784556674428504,0.2923816171181862
Correa2015a_article_formula_project_bt,286127049092.62915,3.38,0.2440082153146676,69817350602.34473,0.13989164176630173,-0.4784556674428504,0.4784556674428504,0.2923816171181862
Correa2015a_article_formula_project_bt,286127049092.62915,3.4,0.24183848871839725,69196533134.0161,0.13989164176630173,-0.4784556674428504,0.4784556674428504,0.2923816171181862
Correa2015a_article_formula_project_bt,286127049092.62915,3.42,0.23968736259823584,68581037765.02823,0.13989164176630173,-0.4784556674428504,0.4784556674428504,0.2923816171181862
Correa2015a_article_formula_project_bt,286127049092.62915,3.44,0.23755469008448232,67970822471.98698,0.13989164176630173,-0.4784556674428504,0.4784556674428504,0.2923816171181862
Correa2015a_article_formula_project_bt,286127049092.62915,3.46,0.23544032520636984,67365845488.70756,0.13989164176630173,-0.4784556674428504,0.4784556674428504,0.2923816171181862
Correa2015a_article_formula_project_bt,286127049092.62915,3.48,0.2333441228930104,66766065306.48488,0.13989164176630173,-0.4784556674428504,0.4784556674428504,0.2923816171181862
Correa2015a_article_formula_project_bt,286127049092.62915,3.5,0.23126593897411804,66171440674.30045,0.13989164176630173,-0.4784556674428504,0.4784556674428504,0.2923816171181862
Correa2015a_article_formula_project_bt,286127049092.62915,3.52,0.22920563018052012,65581930598.96868,0.13989164176630173,-0.4784556674428504,0.4784556674428504,0.2923816171181862
Correa2015a_article_formula_project_bt,286127049092.62915,3.54,0.2271630541444636,64997494345.22451,0.13989164176630173,-0.4784556674428504,0.4784556674428504,0.2923816171181862
Correa2015a_article_formula_project_bt,286127049092.62915,3.56,0.22513806939972195,64418091435.75399,0.13989164176630173,-0.4784556674428504,0.4784556674428504,0.2923816171181862
Correa2015a_article_formula_project_bt,286127049092.62915,3.58,0.22313053538151248,63843681651.17065,0.13989164176630173,-0.4784556674428504,0.4784556674428504,0.2923816171181862
Correa2015a_article_formula_project_bt,286127049092.62915,3.6,0.22114031242622798,63274225029.93868,0.13989164176630173,-0.4784556674428504,0.4784556674428504,0.2923816171181862
Correa2015a_article_formula_project_bt,286127049092.62915,3.62,0.21916726177099077,62709681868.245384,0.13989164176630173,-0.4784556674428504,0.4784556674428504,0.2923816171181862
Correa2015a_article_formula_project_bt,286127049092.62915,3.64,0.21721124555303442,62150012719.8242,0.13989164176630173,-0.4784556674428504,0.4784556674428504,0.2923816171181862
Correa2015a_article_formula_project_bt,286127049092.62915,3.66,0.21527212680892094,61595178395.73081,0.13989164176630173,-0.4784556674428504,0.4784556674428504,0.2923816171181862
Correa2015a_article_formula_project_bt,286127049092.62915,3.68,0.2133497694735965,61045139964.07285,0.13989164176630173,-0.4784556674428504,0.4784556674428504,0.2923816171181862
Correa2015a_article_formula_project_bt,286127049092.62915,3.7,0.21144403837929435,60499858749.69611,0.13989164176630173,-0.4784556674428504,0.4784556674428504,0.2923816171181862
Correa2015a_article_formula_project_bt,286127049092.62915,3.72,0.20955479925428858,59959296333.82787,0.13989164176630173,-0.4784556674428504,0.4784556674428504,0.2923816171181862
Correa2015a_article_formula_project_bt,286127049092.62915,3.74,0.2076819187215047,59423414553.6794,0.13989164176630173,-0.4784556674428504,0.4784556674428504,0.2923816171181862
Correa2015a_article_formula_project_bt,286127049092.62915,3.7600000000000002,0.2058252642969922,58892175502.00885,0.13989164176630173,-0.4784556674428504,0.4784556674428504,0.2923816171181862
Correa2015a_article_formula_project_bt,286127049092.62915,3.7800000000000002,0.2039847043882643,58365541526.64635,0.13989164176630173,-0.4784556674428504,0.4784556674428504,0.2923816171181862
Correa2015a_article_formula_project_bt,286127049092.62915,3.8000000000000003,0.20216010829250927,57843475229.982025,0.13989164176630173,-0.4784556674428504,0.4784556674428504,0.2923816171181862
Correa2015a_article_formula_project_bt,286127049092.62915,3.8200000000000003,0.20035134619467884,57325939468.41921,0.13989164176630173,-0.4784556674428504,0.4784556674428504,0.2923816171181862
Correa2015a_article_formula_project_bt,286127049092.62915,3.84,0.19855828916545737,56812897351.793274,0.13989164176630173,-0.4784556674428504,0.4784556674428504,0.2923816171181862
Correa2015a_article_formula_project_bt,286127049092.62915,3.86,0.19678080915911683,56304312242.75791,0.13989164176630173,-0.4784556674428504,0.4784556674428504,0.2923816171181862
Correa2015a_article_formula_project_bt,286127049092.62915,3.88,0.1950187790112624,55800147756.140076,0.13989164176630173,-0.4784556674428504,0.4784556674428504,0.2923816171181862
Correa2015a_article_formula_project_bt,286127049092.62915,3.9,0.19327207243647104,55300367758.26433,0.13989164176630173,-0.4784556674428504,0.4784556674428504,0.2923816171181862
Correa2015a_article_formula_project_bt,286127049092.62915,3.92,0.19154056402582956,54804936366.24841,0.13989164176630173,-0.4784556674428504,0.4784556674428504,0.2923816171181862
Correa2015a_article_formula_project_bt,286127049092.62915,3.94,0.189824129244374,54313817947.270584,0.13989164176630173,-0.4784556674428504,0.4784556674428504,0.2923816171181862
Correa2015a_article_formula_project_bt,286127049092.62915,3.96,0.18812264442843551,53826977117.81019,0.13989164176630173,-0.4784556674428504,0.4784556674428504,0.2923816171181862
Correa2015a_article_formula_project_bt,286127049092.62915,3.98,0.18643598678289558,53344378742.86232,0.13989164176630173,-0.4784556674428504,0.4784556674428504,0.2923816171181862
Correa2015a_article_formula_project_bt,286127049092.62915,4.0,0.184764034378355,52865987935.1278,0.13989164176630173,-0.4784556674428504,0.4784556674428504,0.2923816171181862
Correa2015a_article_formula_project_bt,286127049092.62915,4.0200000000000005,0.1831066661482192,52391770054.17917,0.13989164176630173,-0.4784556674428504,0.4784556674428504,0.2923816171181862
Correa2015a_article_formula_project_bt,286127049092.62915,4.04,0.18146376188570384,51921690705.60395,0.13989164176630173,-0.4784556674428504,0.4784556674428504,0.2923816171181862
Correa2015a_article_formula_project_bt,286127049092.62915,4.0600000000000005,0.17983520224076394,51455715740.12595,0.13989164176630173,-0.4784556674428504,0.4784556674428504,0.2923816171181862
Correa2015a_article_formula_project_bt,286127049092.62915,4.08,0.17822086871694962,50993811252.70566,0.13989164176630173,-0.4784556674428504,0.4784556674428504,0.2923816171181862
Correa2015a_article_formula_project_bt,286127049092.62915,4.1,0.17662064366819127,50535943581.62032,0.13989164176630173,-0.4784556674428504,0.4784556674428504,0.2923816171181862
Correa2015a_article_formula_project_bt,286127049092.62915,4.12,0.17503441029551772,50082079307.524994,0.13989164176630173,-0.4784556674428504,0.4784556674428504,0.2923816171181862
Correa2015a_article_formula_project_bt,286127049092.62915,4.14,0.17346205264370987,49632185252.494995,0.13989164176630173,-0.4784556674428504,0.4784556674428504,0.2923816171181862
Correa2015a_article_formula_project_bt,286127049092.62915,4.16,0.1719034555978924,49186228479.05076,0.13989164176630173,-0.4784556674428504,0.4784556674428504,0.2923816171181862
Correa2015a_article_formula_project_bt,286127049092.62915,4.18,0.17035850488006712,48744176289.16587,0.13989164176630173,-0.4784556674428504,0.4784556674428504,0.2923816171181862
Correa2015a_article_formula_project_bt,286127049092.62915,4.2,0.1688270870455896,48305996223.25899,0.13989164176630173,-0.4784556674428504,0.4784556674428504,0.2923816171181862
Correa2015a_article_formula_project_bt,286127049092.62915,4.22,0.16730908947959228,47871656059.17038,0.13989164176630173,-0.4784556674428504,0.4784556674428504,0.2923816171181862
Correa2015a_article_formula_project_bt,286127049092.62915,4.24,0.16580440039335648,47441123811.12385,0.13989164176630173,-0.4784556674428504,0.4784556674428504,0.2923816171181862
Correa2015a_article_formula_project_bt,286127049092.62915,4.26,0.16431290882063546,47014367728.67466,0.13989164176630173,-0.4784556674428504,0.4784556674428504,0.2923816171181862
Correa2015a_article_formula_project_bt,286127049092.62915,4.28,0.1628345046139308,46591356295.64413,0.13989164176630173,-0.4784556674428504,0.4784556674428504,0.2923816171181862
Correa2015a_article_formula_project_bt,286127049092.62915,4.3,0.16136907844072532,46172058229.04174,0.13989164176630173,-0.4784556674428504,0.4784556674428504,0.2923816171181862
Correa2015a_article_formula_project_bt,286127049092.62915,4.32,0.15991652177967297,45756442477.97498,0.13989164176630173,-0.4784556674428504,0.4784556674428504,0.2923816171181862
Correa2015a_article_formula_project_bt,286127049092.62915,4.34,0.15847672691675002,45344478222.54812,0.13989164176630173,-0.4784556674428504,0.4784556674428504,0.2923816171181862
Correa2015a_article_formula_project_bt,286127049092.62915,4.36,0.15704958694136725,44936134872.74972,0.13989164176630173,-0.4784556674428504,0.4784556674428504,0.2923816171181862
Correa2015a_article_formula_project_bt,286127049092.62915,4.38,0.15563499574244735,44531382067.33036,0.13989164176630173,-0.4784556674428504,0.4784556674428504,0.2923816171181862
Correa2015a_article_formula_project_bt,286127049092.62915,4.4,0.15423284800446765,44130189672.67033,0.13989164176630173,-0.4784556674428504,0.4784556674428504,0.2923816171181862
Correa2015a_article_formula_project_bt,286127049092.62915,4.42,0.15284303920347195,43732527781.63846,0.13989164176630173,-0.4784556674428504,0.4784556674428504,0.2923816171181862
Correa2015a_article_formula_project_bt,286127049092.62915,4.44,0.1514654656030508,43338366712.44205,0.13989164176630173,-0.4784556674428504,0.4784556674428504,0.2923816171181862
Correa2015a_article_formula_project_bt,286127049092.62915,4.46,0.15010002425029464,42947677007.46888,0.13989164176630173,-0.4784556674428504,0.4784556674428504,0.2923816171181862
Correa2015a_article_formula_project_bt,286127049092.62915,4.48,0.14874661297171968,42560429432.121544,0.13989164176630173,-0.4784556674428504,0.4784556674428504,0.2923816171181862
Correa2015a_article_formula_project_bt,286127049092.62915,4.5,0.14740513036916908,42176594973.64464,0.13989164176630173,-0.4784556674428504,0.4784556674428504,0.2923816171181862
Correa2015a_article_formula_project_bt,286127049092.62915,4.5200000000000005,0.14607547581569041,41796144839.94521,0.13989164176630173,-0.4784556674428504,0.4784556674428504,0.2923816171181862
Correa2015a_article_formula_project_bt,286127049092.62915,4.54,0.14475754945139163,41419050458.40703,0.13989164176630173,-0.4784556674428504,0.4784556674428504,0.2923816171181862
Correa2015a_article_formula_project_bt,286127049092.62915,4.5600000000000005,0.14345125217927665,41045283474.69901,0.13989164176630173,-0.4784556674428504,0.4784556674428504,0.2923816171181862
Correa2015a_article_formula_project_bt,286127049092.62915,4.58,0.14215648566106234,40674815751.578415,0.13989164176630173,-0.4784556674428504,0.4784556674428504,0.2923816171181862
Correa2015a_article_formula_project_bt,286127049092.62915,4.6000000000000005,0.1408731523129776,40307619367.68876,0.13989164176630173,-0.4784556674428504,0.4784556674428504,0.2923816171181862
Correa2015a_article_formula_project_bt,286127049092.62915,4.62,0.13960115530154682,39943666616.35343,0.13989164176630173,-0.4784556674428504,0.4784556674428504,0.2923816171181862
Correa2015a_article_formula_project_bt,286127049092.62915,4.64,0.13834039853935887,39582930004.36501,0.13989164176630173,-0.4784556674428504,0.4784556674428504,0.2923816171181862
Correa2015a_article_formula_project_bt,286127049092.62915,4.66,0.13709078668082195,39225382250.77069,0.13989164176630173,-0.4784556674428504,0.4784556674428504,0.2923816171181862
Correa2015a_article_formula_project_bt,286127049092.62915,4.68,0.1358522251179075,38870996285.65443,0.13989164176630173,-0.4784556674428504,0.4784556674428504,0.2923816171181862
Correa2015a_article_formula_project_bt,286127049092.62915,4.7,0.13462461997588188,38519745248.915695,0.13989164176630173,-0.4784556674428504,0.4784556674428504,0.2923816171181862
Correa2015a_article_formula_project_bt,286127049092.62915,4.72,0.1334078781090294,38171602489.045746,0.13989164176630173,-0.4784556674428504,0.4784556674428504,0.2923816171181862
Correa2015a_article_formula_project_bt,286127049092.62915,4.74,0.13220190709636617,37826541561.90116,0.13989164176630173,-0.4784556674428504,0.4784556674428504,0.2923816171181862
Correa2015a_article_formula_project_bt,286127049092.62915,4.76,0.13100661523734694,37484536229.47555,0.13989164176630173,-0.4784556674428504,0.4784556674428504,0.2923816171181862
Correa2015a_article_formula_project_bt,286127049092.62915,4.78,0.129821911547565,37145560458.66909,0.13989164176630173,-0.4784556674428504,0.4784556674428504,0.2923816171181862
Correa2015a_article_formula_project_bt,286127049092.62915,4.8,0.12864770575444714,36809588420.05681,0.13989164176630173,-0.4784556674428504,0.4784556674428504,0.2923816171181862
Correa2015a_article_formula_project_bt,286127049092.62915,4.82,0.12748390829294418,36476594486.65547,0.13989164176630173,-0.4784556674428504,0.4784556674428504,0.2923816171181862
Correa2015a_article_formula_project_bt,286127049092.62915,4.84,0.12633043030121813,36146553232.689606,0.13989164176630173,-0.4784556674428504,0.4784556674428504,0.2923816171181862
Correa2015a_article_formula_project_bt,286127049092.62915,4.86,0.12518718361632658,35819439432.35666,0.13989164176630173,-0.4784556674428504,0.4784556674428504,0.2923816171181862
Correa2015a_article_formula_project_bt,286127049092.62915,4.88,0.12405408076990615,35495228058.59192,0.13989164176630173,-0.4784556674428504,0.4784556674428504,0.2923816171181862
Correa2015a_article_formula_project_bt,286127049092.62915,4.9,0.12293103498385485,35173894281.83315,0.13989164176630173,-0.4784556674428504,0.4784556674428504,0.2923816171181862
Correa2015a_article_formula_project_bt,286127049092.62915,4.92,0.12181796016601487,34855413468.78528,0.13989164176630173,-0.4784556674428504,0.4784556674428504,0.2923816171181862
Correa2015a_article_formula_project_bt,286127049092.62915,4.94,0.12071477090585622,34539761181.1854,0.13989164176630173,-0.4784556674428504,0.4784556674428504,0.2923816171181862
Correa2015a_article_formula_project_bt,286127049092.62915,4.96,0.11962138247016248,34226913174.568348,0.13989164176630173,-0.4784556674428504,0.4784556674428504,0.2923816171181862
Correa2015a_article_formula_project_bt,286127049092.62915,4.98,0.11853771079871873,33916845397.03287,0.13989164176630173,-0.4784556674428504,0.4784556674428504,0.2923816171181862
Correa2015a_article_formula_project_bt,286127049092.62915,5.0,0.1174636725000036,33609533988.00904,0.13989164176630173,-0.4784556674428504,0.4784556674428504,0.2923816171181862
Correa2015a_article_formula_project_bt,286127049092.62915,5.0200000000000005,0.11639918484688427,33304955277.02647,0.13989164176630173,-0.4784556674428504,0.4784556674428504,0.2923816171181862
Correa2015a_article_formula_project_bt,286127049092.62915,5.04,0.11534416577231743,33003085782.484226,0.13989164176630173,-0.4784556674428504,0.4784556674428504,0.2923816171181862
Correa2015a_article_formula_project_bt,286127049092.62915,5.0600000000000005,0.1142985338650548,32703902210.42207,0.13989164176630173,-0.4784556674428504,0.4784556674428504,0.2923816171181862
Correa2015a_article_formula_project_bt,286127049092.62915,5.08,0.11326220836535535,32407381453.29362,0.13989164176630173,-0.4784556674428504,0.4784556674428504,0.2923816171181862
Correa2015a_article_formula_project_bt,286127049092.62915,5.1000000000000005,0.11223510916070374,32113500588.741272,0.13989164176630173,-0.4784556674428504,0.4784556674428504,0.2923816171181862
Correa2015a_article_formula_project_bt,286127049092.62915,5.12,0.11121715678153676,31822236878.3734,0.13989164176630173,-0.4784556674428504,0.4784556674428504,0.2923816171181862
Correa2015a_article_formula_project_bt,286127049092.62915,5.14,0.11020827239697688,31533567766.543648,0.13989164176630173,-0.4784556674428504,0.4784556674428504,0.2923816171181862
Correa2015a_article_formula_project_bt,286127049092.62915,5.16,0.10920837781057505,31247470879.132797,0.13989164176630173,-0.4784556674428504,0.4784556674428504,0.2923816171181862
Correa2015a_article_formula_project_bt,286127049092.62915,5.18,0.10821739545606213,30963924022.33315,0.13989164176630173,-0.4784556674428504,0.4784556674428504,0.2923816171181862
Correa2015a_article_formula_project_bt,286127049092.62915,5.2,0.10723524839310992,30682905181.435646,0.13989164176630173,-0.4784556674428504,0.4784556674428504,0.2923816171181862
Correa2015a_article_formula_project_bt,286127049092.62915,5.22,0.10626186030310265,30404392519.619953,0.13989164176630173,-0.4784556674428504,0.4784556674428504,0.2923816171181862
Correa2015a_article_formula_project_bt,286127049092.62915,5.24,0.10529715548491841,30128364376.747456,0.13989164176630173,-0.4784556674428504,0.4784556674428504,0.2923816171181862
Correa2015a_article_formula_project_bt,286127049092.62915,5.26,0.10434105885072215,29854799268.157482,0.13989164176630173,-0.4784556674428504,0.4784556674428504,0.2923816171181862
Correa2015a_article_formula_project_bt,286127049092.62915,5.28,0.10339349592177002,29583675883.466843,0.13989164176630173,-0.4784556674428504,0.4784556674428504,0.2923816171181862
Correa2015a_article_formula_project_bt,286127049092.62915,5.3,0.10245439282422575,29314973085.372753,0.13989164176630173,-0.4784556674428504,0.4784556674428504,0.2923816171181862
Correa2015a_article_formula_project_bt,286127049092.62915,5.32,0.1015236762849891,29048669908.459263,0.13989164176630173,-0.4784556674428504,0.4784556674428504,0.2923816171181862
Correa2015a_article_formula_project_bt,286127049092.62915,5.34,0.1006012736275374,28784745558.007412,0.13989164176630173,-0.4784556674428504,0.4784556674428504,0.2923816171181862
Correa2015a_article_formula_project_bt,286127049092.62915,5.36,0.09968711276778033,28523179408.809143,0.13989164176630173,-0.4784556674428504,0.4784556674428504,0.2923816171181862
Correa2015a_article_formula_project_bt,286127049092.62915,5.38,0.09878112220992796,28263951003.985058,0.13989164176630173,-0.4784556674428504,0.4784556674428504,0.2923816171181862
Correa2015a_article_formula_project_bt,286127049092.62915,5.4,0.09788323104237283,28007040053.80617,0.13989164176630173,-0.4784556674428504,0.4784556674428504,0.2923816171181862
Correa2015a_article_formula_project_bt,286127049092.62915,5.42,0.09699336893358633,27752426434.51975,0.13989164176630173,-0.4784556674428504,0.4784556674428504,0.2923816171181862
Correa2015a_article_formula_project_bt,286127049092.62915,5.44,0.09611146612802969,27500090187.179314,0.13989164176630173,-0.4784556674428504,0.4784556674428504,0.2923816171181862
Correa2015a_article_formula_project_bt,286127049092.62915,5.46,0.09523745344208,27250011516.479008,0.13989164176630173,-0.4784556674428504,0.4784556674428504,0.2923816171181862
Correa2015a_article_formula_project_bt,286127049092.62915,5.48,0.09437126225997115,27002170789.592148,0.13989164176630173,-0.4784556674428504,0.4784556674428504,0.2923816171181862
Correa2015a_article_formula_project_bt,286127049092.62915,5.5,0.0935128245297505,26756548535.014336,0.13989164176630173,-0.4784556674428504,0.4784556674428504,0.2923816171181862
Correa2015a_article_formula_project_bt,286127049092.62915,5.5200000000000005,0.09266207275925155,26513125441.41114,0.13989164176630173,-0.4784556674428504,0.4784556674428504,0.2923816171181862
Correa2015a_article_formula_project_bt,286127049092.62915,5.54,0.0918189400120824,26271882356.470272,0.13989164176630173,-0.4784556674428504,0.4784556674428504,0.2923816171181862
Correa2015a_article_formula_project_bt,286127049092.62915,5.5600000000000005,0.0909833599036306,26032800285.75846,0.13989164176630173,-0.4784556674428504,0.4784556674428504,0.2923816171181862
Correa2015a_article_formula_project_bt,286127049092.62915,5.58,0.09015526659708484,25795860391.583164,0.13989164176630173,-0.4784556674428504,0.4784556674428504,0.2923816171181862
Correa2015a_article_formula_project_bt,286127049092.62915,5.6000000000000005,0.08933459479947314,25561043991.858986,0.13989164176630173,-0.4784556674428504,0.4784556674428504,0.2923816171181862
Correa2015a_article_formula_project_bt,286127049092.62915,5.62,0.08852127975771863,25328332558.97912,0.13989164176630173,-0.4784556674428504,0.4784556674428504,0.2923816171181862
Correa2015a_article_formula_project_bt,286127049092.62915,5.64,0.08771525725471185,25097707718.691532,0.13989164176630173,-0.4784556674428504,0.4784556674428504,0.2923816171181862
Correa2015a_article_formula_project_bt,286127049092.62915,5.66,0.0869164636054013,24869151248.980373,0.13989164176630173,-0.4784556674428504,0.4784556674428504,0.2923816171181862
Correa2015a_article_formula_project_bt,286127049092.62915,5.68,0.08612483565290123,24642645078.952286,0.13989164176630173,-0.4784556674428504,0.4784556674428504,0.2923816171181862
Correa2015a_article_formula_project_bt,286127049092.62915,5.7,0.0853403107646175,24418171287.72794,0.13989164176630173,-0.4784556674428504,0.4784556674428504,0.2923816171181862
Correa2015a_article_formula_project_bt,286127049092.62915,5.72,0.08456282682839156,24195712103.338688,0.13989164176630173,-0.4784556674428504,0.4784556674428504,0.2923816171181862
Correa2015a_article_formula_project_bt,286127049092.62915,5.74,0.08379232224866237,23975249901.62842,0.13989164176630173,-0.4784556674428504,0.4784556674428504,0.2923816171181862
Correa2015a_article_formula_project_bt,286127049092.62915,5.76,0.08302873594264706,23756767205.160717,0.13989164176630173,-0.4784556674428504,0.4784556674428504,0.2923816171181862
Correa2015a_article_formula_project_bt,286127049092.62915,5.78,0.08227200733654001,23540246682.13133,0.13989164176630173,-0.4784556674428504,0.4784556674428504,0.2923816171181862
Correa2015a_article_formula_project_bt,286127049092.62915,5.8,0.08152207636173062,23325671145.285957,0.13989164176630173,-0.4784556674428504,0.4784556674428504,0.2923816171181862
Correa2015a_article_formula_project_bt,286127049092.62915,5.82,0.08077888345103985,23113023550.84345,0.13989164176630173,-0.4784556674428504,0.4784556674428504,0.2923816171181862
Correa2015a_article_formula_project_bt,286127049092.62915,5.84,0.08004236953497597,22902286997.424435,0.13989164176630173,-0.4784556674428504,0.4784556674428504,0.2923816171181862
Correa2015a_article_formula_project_bt,286127049092.62915,5.86,0.07931247603800895,22693444724.98536,0.13989164176630173,-0.4784556674428504,0.4784556674428504,0.2923816171181862
Correa2015a_article_formula_project_bt,286127049092.62915,5.88,0.07858914487486478,22486480113.75818,0.13989164176630173,-0.4784556674428504,0.4784556674428504,0.2923816171181862
Correa2015a_article_formula_project_bt,286127049092.62915,5.9,0.07787231844683822,22281376683.195328,0.13989164176630173,-0.4784556674428504,0.4784556674428504,0.2923816171181862
Correa2015a_article_formula_project_bt,286127049092.62915,5.92,0.07716193963812568,22078118090.92047,0.13989164176630173,-0.4784556674428504,0.4784556674428504,0.2923816171181862
Correa2015a_article_formula_project_bt,286127049092.62915,5.94,0.07645795181217724,21876688131.68471,0.13989164176630173,-0.4784556674428504,0.4784556674428504,0.2923816171181862
Correa2015a_article_formula_project_bt,286127049092.62915,5.96,0.0757602988080685,21677070736.328472,0.13989164176630173,-0.4784556674428504,0.4784556674428504,0.2923816171181862
Correa2015a_article_formula_project_bt,286127049092.62915,5.98,0.07506892493689185,21479249970.748947,0.13989164176630173,-0.4784556674428504,0.4784556674428504,0.2923816171181862
Correa2015a_article_formula_project_bt,286127049092.62915,6.0,0.07438377497816759,21283210034.873238,0.13989164176630173,-0.4784556674428504,0.4784556674428504,0.2923816171181862
Correa2015a_article_formula_project_bt,286127049092.62915,6.0200000000000005,0.07370479417627511,21088935261.637196,0.13989164176630173,-0.4784556674428504,0.4784556674428504,0.2923816171181862
Correa2015a_article_formula_project_bt,286127049092.62915,6.04,0.07303192823690371,20896410115.969917,0.13989164176630173,-0.4784556674428504,0.4784556674428504,0.2923816171181862
Correa2015a_article_formula_project_bt,286127049092.62915,6.0600000000000005,0.07236512332352318,20705619193.783882,0.13989164176630173,-0.4784556674428504,0.4784556674428504,0.2923816171181862
Correa2015a_article_formula_project_bt,286127049092.62915,6.08,0.07170432605387506,20516547220.970997,0.13989164176630173,-0.4784556674428504,0.4784556674428504,0.2923816171181862
Correa2015a_article_formula_project_bt,286127049092.62915,6.1000000000000005,0.07104948349648312,20329179052.404167,0.13989164176630173,-0.4784556674428504,0.4784556674428504,0.2923816171181862
Correa2015a_article_formula_project_bt,286127049092.62915,6.12,0.07040054316718468,20143499670.94481,0.13989164176630173,-0.4784556674428504,0.4784556674428504,0.2923816171181862
Correa2015a_article_formula_project_bt,286127049092.62915,6.140000000000001,0.06975745302568127,19959494186.45588,0.13989164176630173,-0.4784556674428504,0.4784556674428504,0.2923816171181862
Correa2015a_article_formula_project_bt,286127049092.62915,6.16,0.06912016147211045,19777147834.821,0.13989164176630173,-0.4784556674428504,0.4784556674428504,0.2923816171181862
Correa2015a_article_formula_project_bt,286127049092.62915,6.18,0.06848861734363677,19596445976.96905,0.13989164176630173,-0.4784556674428504,0.4784556674428504,0.2923816171181862
Correa2015a_article_formula_project_bt,286127049092.62915,6.2,0.0678627699110637,19417374097.90472,0.13989164176630173,-0.4784556674428504,0.4784556674428504,0.2923816171181862
Correa2015a_article_formula_project_bt,286127049092.62915,6.22,0.0672425688754655,19239917805.744812,0.13989164176630173,-0.4784556674428504,0.4784556674428504,0.2923816171181862
Correa2015a_article_formula_project_bt,286127049092.62915,6.24,0.06662796436483924,19064062830.760303,0.13989164176630173,-0.4784556674428504,0.4784556674428504,0.2923816171181862
Correa2015a_article_formula_project_bt,286127049092.62915,6.26,0.06601890693077746,18889795024.42428,0.13989164176630173,-0.4784556674428504,0.4784556674428504,0.2923816171181862
Correa2015a_article_formula_project_bt,286127049092.62915,6.28,0.0654153475451606,18717100358.465565,0.13989164176630173,-0.4784556674428504,0.4784556674428504,0.2923816171181862
Correa2015a_article_formula_project_bt,286127049092.62915,6.3,0.06481723759687001,18545964923.928234,0.13989164176630173,-0.4784556674428504,0.4784556674428504,0.2923816171181862
Correa2015a_article_formula_project_bt,286127049092.62915,6.32,0.06422452888852123,18376374930.236893,0.13989164176630173,-0.4784556674428504,0.4784556674428504,0.2923816171181862
Correa2015a_article_formula_project_bt,286127049092.62915,6.34,0.06363717363321746,18208316704.267776,0.13989164176630173,-0.4784556674428504,0.4784556674428504,0.2923816171181862
Correa2015a_article_formula_project_bt,286127049092.62915,6.36,0.06305512445132314,18041776689.425575,0.13989164176630173,-0.4784556674428504,0.4784556674428504,0.2923816171181862
Correa2015a_article_formula_project_bt,286127049092.62915,6.38,0.062478334367258095,17876741444.726154,0.13989164176630173,-0.4784556674428504,0.4784556674428504,0.2923816171181862
Correa2015a_article_formula_project_bt,286127049092.62915,6.4,0.06190675680631163,17713197643.884983,0.13989164176630173,-0.4784556674428504,0.4784556674428504,0.2923816171181862
Correa2015a_article_formula_project_bt,286127049092.62915,6.42,0.061340345591477025,17551132074.411385,0.13989164176630173,-0.4784556674428504,0.4784556674428504,0.2923816171181862
Correa2015a_article_formula_project_bt,286127049092.62915,6.44,0.06077905494030603,17390531636.70855,0.13989164176630173,-0.4784556674428504,0.4784556674428504,0.2923816171181862
Correa2015a_article_formula_project_bt,286127049092.62915,6.46,0.06022283946178369,17231383343.179306,0.13989164176630173,-0.4784556674428504,0.4784556674428504,0.2923816171181862
Correa2015a_article_formula_project_bt,286127049092.62915,6.48,0.059671654153223175,17073674317.337675,0.13989164176630173,-0.4784556674428504,0.4784556674428504,0.2923816171181862
Correa2015a_article_formula_project_bt,286127049092.62915,6.5,0.059125454397180935,16917391792.926195,0.13989164176630173,-0.4784556674428504,0.4784556674428504,0.2923816171181862
Correa2015a_article_formula_project_bt,286127049092.62915,6.5200000000000005,0.05858419595839162,16762523113.038925,0.13989164176630173,-0.4784556674428504,0.4784556674428504,0.2923816171181862
Correa2015a_article_formula_project_bt,286127049092.62915,6.54,0.05804783498072325,16609055729.250238,0.13989164176630173,-0.4784556674428504,0.4784556674428504,0.2923816171181862
Correa2015a_article_formula_project_bt,286127049092.62915,6.5600000000000005,0.057516327984152356,16456977200.749321,0.13989164176630173,-0.4784556674428504,0.4784556674428504,0.2923816171181862
Correa2015a_article_formula_project_bt,286127049092.62915,6.58,0.05698963186175907,16306275193.4804,0.13989164176630173,-0.4784556674428504,0.4784556674428504,0.2923816171181862
Correa2015a_article_formula_project_bt,286127049092.62915,6.6000000000000005,0.05646770387674207,16156937479.288624,0.13989164176630173,-0.4784556674428504,0.4784556674428504,0.2923816171181862
Correa2015a_article_formula_project_bt,286127049092.62915,6.62,0.055950501659453436,16008951935.071663,0.13989164176630173,-0.4784556674428504,0.4784556674428504,0.2923816171181862
Correa2015a_article_formula_project_bt,286127049092.62915,6.640000000000001,0.05543798320445343,15862306541.936996,0.13989164176630173,-0.4784556674428504,0.4784556674428504,0.2923816171181862
Correa2015a_article_formula_project_bt,286127049092.62915,6.66,0.05493010686758491,15716989384.364834,0.13989164176630173,-0.4784556674428504,0.4784556674428504,0.2923816171181862
Correa2015a_article_formula_project_bt,286127049092.62915,6.68,0.054426831363067515,15572988649.376667,0.13989164176630173,-0.4784556674428504,0.4784556674428504,0.2923816171181862
Correa2015a_article_formula_project_bt,286127049092.62915,6.7,0.053928115760611496,15430292625.709473,0.13989164176630173,-0.4784556674428504,0.4784556674428504,0.2923816171181862
Correa2015a_article_formula_project_bt,286127049092.62915,6.72,0.05343391948255128,15288889702.995543,0.13989164176630173,-0.4784556674428504,0.4784556674428504,0.2923816171181862
Correa2015a_article_formula_project_bt,286127049092.62915,6.74,0.05294420230099841,15148768370.94786,0.13989164176630173,-0.4784556674428504,0.4784556674428504,0.2923816171181862
Correa2015a_article_formula_project_bt,286127049092.62915,6.76,0.052458924335014125,15009917218.551104,0.13989164176630173,-0.4784556674428504,0.4784556674428504,0.2923816171181862
Correa2015a_article_formula_project_bt,286127049092.62915,6.78,0.05197804604780132,14872324933.258186,0.13989164176630173,-0.4784556674428504,0.4784556674428504,0.2923816171181862
Correa2015a_article_formula_project_bt,286127049092.62915,6.8,0.05150152824391586,14735980300.192339,0.13989164176630173,-0.4784556674428504,0.4784556674428504,0.2923816171181862
Correa2015a_article_formula_project_bt,286127049092.62915,6.82,0.051029332066497186,14600872201.354715,0.13989164176630173,-0.4784556674428504,0.4784556674428504,0.2923816171181862
Correa2015a_article_formula_project_bt,286127049092.62915,6.84,0.05056141899451836,14466989614.837547,0.13989164176630173,-0.4784556674428504,0.4784556674428504,0.2923816171181862
Correa2015a_article_formula_project_bt,286127049092.62915,6.86,0.05009775084005494,14334321614.042704,0.13989164176630173,-0.4784556674428504,0.4784556674428504,0.2923816171181862
Correa2015a_article_formula_project_bt,286127049092.62915,6.88,0.04963828974557325,14202857366.905788,0.13989164176630173,-0.4784556674428504,0.4784556674428504,0.2923816171181862
Correa2015a_article_formula_project_bt,286127049092.62915,6.9,0.049182998181237565,14072586135.12565,0.13989164176630173,-0.4784556674428504,0.4784556674428504,0.2923816171181862
Correa2015a_article_formula_project_bt,286127049092.62915,6.92,0.04873183894223632,13943497273.39935,0.13989164176630173,-0.4784556674428504,0.4784556674428504,0.2923816171181862
Correa2015a_article_formula_project_bt,286127049092.62915,6.94,0.04828477514612712,13815580228.662474,0.13989164176630173,-0.4784556674428504,0.4784556674428504,0.2923816171181862
Correa2015a_article_formula_project_bt,286127049092.62915,6.96,0.04784177023020063,13688824539.334898,0.13989164176630173,-0.4784556674428504,0.4784556674428504,0.2923816171181862
Correa2015a_article_formula_project_bt,286127049092.62915,6.98,0.047402787948863184,13563219834.571865,0.13989164176630173,-0.4784556674428504,0.4784556674428504,0.2923816171181862
Correa2015a_article_formula_project_bt,286127049092.62915,7.0,0.0469677923710382,13438755833.52046,0.13989164176630173,-0.4784556674428504,0.4784556674428504,0.2923816171181862
Correa2015a_article_formula_project_bt,286127049092.62915,7.0200000000000005,0.04653674787758583,13315422344.581305,0.13989164176630173,-0.4784556674428504,0.4784556674428504,0.2923816171181862
Correa2015a_article_formula_project_bt,286127049092.62915,7.04,0.04610961915874156,13193209264.67568,0.13989164176630173,-0.4784556674428504,0.4784556674428504,0.2923816171181862
Correa2015a_article_formula_project_bt,286127049092.62915,7.0600000000000005,0.0456863712115729,13072106578.5178,0.13989164176630173,-0.4784556674428504,0.4784556674428504,0.2923816171181862
Correa2015a_article_formula_project_bt,286127049092.62915,7.08,0.04526696933745469,12952104357.892437,0.13989164176630173,-0.4784556674428504,0.4784556674428504,0.2923816171181862
Correa2015a_article_formula_project_bt,286127049092.62915,7.1000000000000005,0.04485137913956227,12833192760.937656,0.13989164176630173,-0.4784556674428504,0.4784556674428504,0.2923816171181862
Correa2015a_article_formula_project_bt,286127049092.62915,7.12,0.04443956652038345,12715362031.432915,0.13989164176630173,-0.4784556674428504,0.4784556674428504,0.2923816171181862
Correa2015a_article_formula_project_bt,286127049092.62915,7.140000000000001,0.04403149767924794,12598602498.092161,0.13989164176630173,-0.4784556674428504,0.4784556674428504,0.2923816171181862
Correa2015a_article_formula_project_bt,286127049092.62915,7.16,0.043627139109875326,12482904573.862259,0.13989164176630173,-0.4784556674428504,0.4784556674428504,0.2923816171181862
Correa2015a_article_formula_project_bt,286127049092.62915,7.18,0.043226457597940526,12368258755.226381,0.13989164176630173,-0.4784556674428504,0.4784556674428504,0.2923816171181862
Correa2015a_article_formula_project_bt,286127049092.62915,7.2,0.04282942021865752,12254655621.512665,0.13989164176630173,-0.4784556674428504,0.4784556674428504,0.2923816171181862
Correa2015a_article_formula_project_bt,286127049092.62915,7.22,0.042435994334380556,12142085834.207838,0.13989164176630173,-0.4784556674428504,0.4784556674428504,0.2923816171181862
Correa2015a_article_formula_project_bt,286127049092.62915,7.24,0.04204614759222311,12030540136.275953,0.13989164176630173,-0.4784556674428504,0.4784556674428504,0.2923816171181862
Correa2015a_article_formula_project_bt,286127049092.62915,7.26,0.04165984792169444,11920009351.48213,0.13989164176630173,-0.4784556674428504,0.4784556674428504,0.2923816171181862
Correa2015a_article_formula_project_bt,286127049092.62915,7.28,0.04127706353235369,11810484383.721336,0.13989164176630173,-0.4784556674428504,0.4784556674428504,0.2923816171181862
Correa2015a_article_formula_project_bt,286127049092.62915,7.3,0.04089776291148138,11701956216.35214,0.13989164176630173,-0.4784556674428504,0.4784556674428504,0.2923816171181862
Correa2015a_article_formula_project_bt,286127049092.62915,7.32,0.04052191482176813,11594415911.535387,0.13989164176630173,-0.4784556674428504,0.4784556674428504,0.2923816171181862
Correa2015a_article_formula_project_bt,286127049092.62915,7.34,0.04014948829902076,11487854609.577852,0.13989164176630173,-0.4784556674428504,0.4784556674428504,0.2923816171181862
Correa2015a_article_formula_project_bt,286127049092.62915,7.36,0.03978045264988539,11382263528.280766,0.13989164176630173,-0.4784556674428504,0.4784556674428504,0.2923816171181862
Correa2015a_article_formula_project_bt,286127049092.62915,7.38,0.03941477744958786,11277633962.293278,0.13989164176630173,-0.4784556674428504,0.4784556674428504,0.2923816171181862
Correa2015a_article_formula_project_bt,286127049092.62915,7.4,0.03905243253969068,11173957282.470663,0.13989164176630173,-0.4784556674428504,0.4784556674428504,0.2923816171181862
Correa2015a_article_formula_project_bt,286127049092.62915,7.42,0.038693388025867304,11071224935.237482,0.13989164176630173,-0.4784556674428504,0.4784556674428504,0.2923816171181862
Correa2015a_article_formula_project_bt,286127049092.62915,7.44,0.03833761427569286,10969428441.955452,0.13989164176630173,-0.4784556674428504,0.4784556674428504,0.2923816171181862
Correa2015a_article_formula_project_bt,286127049092.62915,7.46,0.037985081916451835,10868559398.296154,0.13989164176630173,-0.4784556674428504,0.4784556674428504,0.2923816171181862
Correa2015a_article_formula_project_bt,286127049092.62915,7.48,0.03763576183296205,10768609473.618431,0.13989164176630173,-0.4784556674428504,0.4784556674428504,0.2923816171181862
Correa2015a_article_formula_project_bt,286127049092.62915,7.5,0.037289625165415466,10669570410.35057,0.13989164176630173,-0.4784556674428504,0.4784556674428504,0.2923816171181862
Correa2015a_article_formula_project_bt,286127049092.62915,7.5200000000000005,0.03694664330723514,10571434023.377127,0.13989164176630173,-0.4784556674428504,0.4784556674428504,0.2923816171181862
Correa2015a_article_formula_project_bt,286127049092.62915,7.54,0.036606787902948724,10474192199.430473,0.13989164176630173,-0.4784556674428504,0.4784556674428504,0.2923816171181862
Correa2015a_article_formula_project_bt,286127049092.62915,7.5600000000000005,0.03627003084607799,10377836896.486929,0.13989164176630173,-0.4784556674428504,0.4784556674428504,0.2923816171181862
Correa2015a_article_formula_project_bt,286127049092.62915,7.58,0.0359363442770446,10282360143.167562,0.13989164176630173,-0.4784556674428504,0.4784556674428504,0.2923816171181862
Correa2015a_article_formula_project_bt,286127049092.62915,7.6000000000000005,0.03560570058109197,10187754038.143557,0.13989164176630173,-0.4784556674428504,0.4784556674428504,0.2923816171181862
Correa2015a_article_formula_project_bt,286127049092.62915,7.62,0.03527807238622298,10094010749.546146,0.13989164176630173,-0.4784556674428504,0.4784556674428504,0.2923816171181862
Correa2015a_article_formula_project_bt,286127049092.62915,7.640000000000001,0.03495343256115352,10001122514.381075,0.13989164176630173,-0.4784556674428504,0.4784556674428504,0.2923816171181862
Correa2015a_article_formula_project_bt,286127049092.62915,7.66,0.03463175421328196,9909081637.947594,0.13989164176630173,-0.4784556674428504,0.4784556674428504,0.2923816171181862
Correa2015a_article_formula_project_bt,286127049092.62915,7.68,0.03431301068667413,9817880493.261919,0.13989164176630173,-0.4784556674428504,0.4784556674428504,0.2923816171181862
Correa2015a_article_formula_project_bt,286127049092.62915,7.7,0.033997175560063896,9727511520.485134,0.13989164176630173,-0.4784556674428504,0.4784556674428504,0.2923816171181862
Correa2015a_article_formula_project_bt,286127049092.62915,7.72,0.03368422264486938,9637967226.35559,0.13989164176630173,-0.4784556674428504,0.4784556674428504,0.2923816171181862
Correa2015a_article_formula_project_bt,286127049092.62915,7.74,0.03337412598322432,9549240183.625614,0.13989164176630173,-0.4784556674428504,0.4784556674428504,0.2923816171181862
Correa2015a_article_formula_project_bt,286127049092.62915,7.76,0.03306685984602489,9461323030.502651,0.13989164176630173,-0.4784556674428504,0.4784556674428504,0.2923816171181862
Correa2015a_article_formula_project_bt,286127049092.62915,7.78,0.032762398730991696,9374208470.094751,0.13989164176630173,-0.4784556674428504,0.4784556674428504,0.2923816171181862
Correa2015a_article_formula_project_bt,286127049092.62915,7.8,0.03246071736074689,9287889269.860386,0.13989164176630173,-0.4784556674428504,0.4784556674428504,0.2923816171181862
Correa2015a_article_formula_project_bt,286127049092.62915,7.82,0.03216179068090619,9202358261.062508,0.13989164176630173,-0.4784556674428504,0.4784556674428504,0.2923816171181862
Correa2015a_article_formula_project_bt,286127049092.62915,7.84,0.031865593858185964,9117608338.226957,0.13989164176630173,-0.4784556674428504,0.4784556674428504,0.2923816171181862
Correa2015a_article_formula_project_bt,286127049092.62915,7.86,0.03157210227852509,9033632458.605057,0.13989164176630173,-0.4784556674428504,0.4784556674428504,0.2923816171181862
Correa2015a_article_formula_project_bt,286127049092.62915,7.88,0.03128129154522153,8950423641.640446,0.13989164176630173,-0.4784556674428504,0.4784556674428504,0.2923816171181862
Correa2015a_article_formula_project_bt,286127049092.62915,7.9,0.030993137477083547,8867974968.440088,0.13989164176630173,-0.4784556674428504,0.4784556674428504,0.2923816171181862
Correa2015a_article_formula_project_bt,286127049092.62915,7.92,0.03070761610659547,8786279581.24945,0.13989164176630173,-0.4784556674428504,0.4784556674428504,0.2923816171181862
Correa2015a_article_formula_project_bt,286127049092.62915,7.94,0.030424703678097943,8705330682.931826,0.13989164176630173,-0.4784556674428504,0.4784556674428504,0.2923816171181862
Correa2015a_article_formula_project_bt,286127049092.62915,7.96,0.03014437664598257,8625121536.45176,0.13989164176630173,-0.4784556674428504,0.4784556674428504,0.2923816171181862
Correa2015a_article_formula_project_bt,286127049092.62915,7.98,0.029866611672900667,8545645464.36254,0.13989164176630173,-0.4784556674428504,0.4784556674428504,0.2923816171181862
Correa2015a_article_formula_project_bt,286127049092.62915,8.0,0.029591385627986393,8466895848.297784,0.13989164176630173,-0.4784556674428504,0.4784556674428504,0.2923816171181862
