model,snapshot,redshift,theory_model,reference_model,log10_M200c_center_Msun,log10_c200c_median,theory_c200c,sim_over_theory,sim_over_theory_minus_1,ratio_low_16th,ratio_high_84th,n_halos_bin,source_file
PL,0056,0.0000000000e+00,diemer19,DiemerJoyce19,8.3750000000e+00,1.1659949150e+00,1.7681146798e+01,8.2886630502e-01,-1.7113369498e-01,3.5803557857e-01,7.8065945190e-01,64657,/project/tkcastrosim/HNHuang/project_big_sim/data/PL/PL_25_1024/SOAP_full_000_056/simulation_test/SOAP_uncompressed/HBTplus/halo_properties_0056.hdf5
PL,0056,0.0000000000e+00,diemer19,DiemerJoyce19,8.6250000000e+00,1.1746612859e+00,1.6983063767e+01,8.8032948021e-01,-1.1967051979e-01,3.4575330552e-01,7.5888070175e-01,45366,/project/tkcastrosim/HNHuang/project_big_sim/data/PL/PL_25_1024/SOAP_full_000_056/simulation_test/SOAP_uncompressed/HBTplus/halo_properties_0056.hdf5
PL,0056,0.0000000000e+00,diemer19,DiemerJoyce19,8.8750000000e+00,1.1727284355e+00,1.6293101075e+01,9.1353393313e-01,-8.6466066873e-02,3.3726965610e-01,7.0903783909e-01,27546,/project/tkcastrosim/HNHuang/project_big_sim/data/PL/PL_25_1024/SOAP_full_000_056/simulation_test/SOAP_uncompressed/HBTplus/halo_properties_0056.hdf5
PL,0056,0.0000000000e+00,diemer19,DiemerJoyce19,9.1250000000e+00,1.1639536979e+00,1.5612987926e+01,9.3425982565e-01,-6.5740174347e-02,3.3631797228e-01,6.8632765711e-01,16578,/project/tkcastrosim/HNHuang/project_big_sim/data/PL/PL_25_1024/SOAP_full_000_056/simulation_test/SOAP_uncompressed/HBTplus/halo_properties_0056.hdf5
PL,0056,0.0000000000e+00,diemer19,DiemerJoyce19,9.3750000000e+00,1.1524075872e+00,1.4941710858e+01,9.5062068312e-01,-4.9379316877e-02,3.2990520234e-01,6.1128079253e-01,9825,/project/tkcastrosim/HNHuang/project_big_sim/data/PL/PL_25_1024/SOAP_full_000_056/simulation_test/SOAP_uncompressed/HBTplus/halo_properties_0056.hdf5
PL,0056,0.0000000000e+00,diemer19,DiemerJoyce19,9.6250000000e+00,1.1459531592e+00,1.4278563248e+01,9.8009607410e-01,-1.9903925896e-02,3.3271157304e-01,5.7934637657e-01,5995,/project/tkcastrosim/HNHuang/project_big_sim/data/PL/PL_25_1024/SOAP_full_000_056/simulation_test/SOAP_uncompressed/HBTplus/halo_properties_0056.hdf5
PL,0056,0.0000000000e+00,diemer19,DiemerJoyce19,9.8750000000e+00,1.1195833874e+00,1.3623127288e+01,9.6673306496e-01,-3.3266935043e-02,2.9721792662e-01,5.5017700371e-01,3519,/project/tkcastrosim/HNHuang/project_big_sim/data/PL/PL_25_1024/SOAP_full_000_056/simulation_test/SOAP_uncompressed/HBTplus/halo_properties_0056.hdf5
PL,0056,0.0000000000e+00,diemer19,DiemerJoyce19,1.0125000000e+01,1.1039629308e+00,1.2974811691e+01,9.7917849617e-01,-2.0821503835e-02,3.0579455941e-01,4.9305640369e-01,2079,/project/tkcastrosim/HNHuang/project_big_sim/data/PL/PL_25_1024/SOAP_full_000_056/simulation_test/SOAP_uncompressed/HBTplus/halo_properties_0056.hdf5
PL,0056,0.0000000000e+00,diemer19,DiemerJoyce19,1.0375000000e+01,1.0843822232e+00,1.2332971013e+01,9.8472397653e-01,-1.5276023472e-02,3.2715312345e-01,4.4795728632e-01,1283,/project/tkcastrosim/HNHuang/project_big_sim/data/PL/PL_25_1024/SOAP_full_000_056/simulation_test/SOAP_uncompressed/HBTplus/halo_properties_0056.hdf5
PL,0056,0.0000000000e+00,diemer19,DiemerJoyce19,1.0625000000e+01,1.0654803839e+00,1.1697377775e+01,9.9401255058e-01,-5.9874494179e-03,3.1220223884e-01,3.7541162769e-01,761,/project/tkcastrosim/HNHuang/project_big_sim/data/PL/PL_25_1024/SOAP_full_000_056/simulation_test/SOAP_uncompressed/HBTplus/halo_properties_0056.hdf5
PL,0056,0.0000000000e+00,diemer19,DiemerJoyce19,1.0875000000e+01,1.0419570654e+00,1.1068240014e+01,9.9512697118e-01,-4.8730288207e-03,3.4836888550e-01,4.0242916149e-01,433,/project/tkcastrosim/HNHuang/project_big_sim/data/PL/PL_25_1024/SOAP_full_000_056/simulation_test/SOAP_uncompressed/HBTplus/halo_properties_0056.hdf5
PL,0056,0.0000000000e+00,diemer19,DiemerJoyce19,1.1125000000e+01,1.0188201749e+00,1.0449684316e+01,9.9934859044e-01,-6.5140956493e-04,3.0038464804e-01,3.3299899203e-01,286,/project/tkcastrosim/HNHuang/project_big_sim/data/PL/PL_25_1024/SOAP_full_000_056/simulation_test/SOAP_uncompressed/HBTplus/halo_properties_0056.hdf5
PL,0056,0.0000000000e+00,diemer19,DiemerJoyce19,1.1375000000e+01,1.0112032765e+00,9.8466226950e+00,1.0421157980e+00,4.2115798000e-02,3.1202260767e-01,3.1821073579e-01,147,/project/tkcastrosim/HNHuang/project_big_sim/data/PL/PL_25_1024/SOAP_full_000_056/simulation_test/SOAP_uncompressed/HBTplus/halo_properties_0056.hdf5
PL,0056,0.0000000000e+00,diemer19,DiemerJoyce19,1.1625000000e+01,9.5008357344e-01,9.2587822107e+00,9.6278586340e-01,-3.7214136602e-02,2.5874033566e-01,3.1319134178e-01,91,/project/tkcastrosim/HNHuang/project_big_sim/data/PL/PL_25_1024/SOAP_full_000_056/simulation_test/SOAP_uncompressed/HBTplus/halo_properties_0056.hdf5
PL,0056,0.0000000000e+00,diemer19,DiemerJoyce19,1.1875000000e+01,9.3785325755e-01,8.6864079486e+00,9.9773001135e-01,-2.2699886546e-03,3.1162586783e-01,2.9947945684e-01,66,/project/tkcastrosim/HNHuang/project_big_sim/data/PL/PL_25_1024/SOAP_full_000_056/simulation_test/SOAP_uncompressed/HBTplus/halo_properties_0056.hdf5
PL,0056,0.0000000000e+00,diemer19,DiemerJoyce19,1.2125000000e+01,8.7550119859e-01,8.1296995166e+00,9.2347832115e-01,-7.6521678847e-02,2.8019483023e-01,4.3887598388e-01,35,/project/tkcastrosim/HNHuang/project_big_sim/data/PL/PL_25_1024/SOAP_full_000_056/simulation_test/SOAP_uncompressed/HBTplus/halo_properties_0056.hdf5
PL,0056,0.0000000000e+00,diemer19,DiemerJoyce19,1.2375000000e+01,9.1491324722e-01,7.5890315465e+00,1.0832454888e+00,8.3245488819e-02,2.6937273144e-01,2.9303923960e-01,19,/project/tkcastrosim/HNHuang/project_big_sim/data/PL/PL_25_1024/SOAP_full_000_056/simulation_test/SOAP_uncompressed/HBTplus/halo_properties_0056.hdf5
PL,0056,0.0000000000e+00,diemer19,DiemerJoyce19,1.2625000000e+01,8.4265866055e-01,7.0655454095e+00,9.8517406106e-01,-1.4825938941e-02,9.7139104909e-02,2.3091157521e-01,11,/project/tkcastrosim/HNHuang/project_big_sim/data/PL/PL_25_1024/SOAP_full_000_056/simulation_test/SOAP_uncompressed/HBTplus/halo_properties_0056.hdf5
PL,0056,0.0000000000e+00,diemer19,DiemerJoyce19,1.2875000000e+01,7.7740360720e-01,6.5612020206e+00,9.1289367323e-01,-8.7106326767e-02,2.2683552281e-01,5.0676541550e-01,7,/project/tkcastrosim/HNHuang/project_big_sim/data/PL/PL_25_1024/SOAP_full_000_056/simulation_test/SOAP_uncompressed/HBTplus/halo_properties_0056.hdf5
PL,0056,0.0000000000e+00,diemer19,DiemerJoyce19,1.3125000000e+01,7.8150850504e-01,6.0817620018e+00,9.9421219111e-01,-5.7878088930e-03,3.1532955453e-01,1.0478565334e-01,14,/project/tkcastrosim/HNHuang/project_big_sim/data/PL/PL_25_1024/SOAP_full_000_056/simulation_test/SOAP_uncompressed/HBTplus/halo_properties_0056.hdf5
PL,0056,0.0000000000e+00,diemer19,DiemerJoyce19,1.3375000000e+01,7.8003177514e-01,5.6335433125e+00,1.0696707925e+00,6.9670792454e-02,3.0877062181e-01,1.4192658203e-01,3,/project/tkcastrosim/HNHuang/project_big_sim/data/PL/PL_25_1024/SOAP_full_000_056/simulation_test/SOAP_uncompressed/HBTplus/halo_properties_0056.hdf5
PL,0056,0.0000000000e+00,ishiyama21_fit,Ishiyama21Fit,8.3750000000e+00,1.1659949150e+00,1.7268233283e+01,8.4868594110e-01,-1.5131405890e-01,3.6659683246e-01,7.9932637821e-01,64657,/project/tkcastrosim/HNHuang/project_big_sim/data/PL/PL_25_1024/SOAP_full_000_056/simulation_test/SOAP_uncompressed/HBTplus/halo_properties_0056.hdf5
PL,0056,0.0000000000e+00,ishiyama21_fit,Ishiyama21Fit,8.6250000000e+00,1.1746612859e+00,1.6610251763e+01,9.0008820530e-01,-9.9911794703e-02,3.5351363238e-01,7.7591354627e-01,45366,/project/tkcastrosim/HNHuang/project_big_sim/data/PL/PL_25_1024/SOAP_full_000_056/simulation_test/SOAP_uncompressed/HBTplus/halo_properties_0056.hdf5
PL,0056,0.0000000000e+00,ishiyama21_fit,Ishiyama21Fit,8.8750000000e+00,1.1727284355e+00,1.5956110893e+01,9.3282760488e-01,-6.7172395122e-02,3.4439273036e-01,7.2401259025e-01,27546,/project/tkcastrosim/HNHuang/project_big_sim/data/PL/PL_25_1024/SOAP_full_000_056/simulation_test/SOAP_uncompressed/HBTplus/halo_properties_0056.hdf5
PL,0056,0.0000000000e+00,ishiyama21_fit,Ishiyama21Fit,9.1250000000e+00,1.1639536979e+00,1.5305204490e+01,9.5304753278e-01,-4.6952467217e-02,3.4308123384e-01,7.0012951678e-01,16578,/project/tkcastrosim/HNHuang/project_big_sim/data/PL/PL_25_1024/SOAP_full_000_056/simulation_test/SOAP_uncompressed/HBTplus/halo_properties_0056.hdf5
PL,0056,0.0000000000e+00,ishiyama21_fit,Ishiyama21Fit,9.3750000000e+00,1.1524075872e+00,1.4657202889e+01,9.6907298687e-01,-3.0927013133e-02,3.3630892478e-01,6.2314623903e-01,9825,/project/tkcastrosim/HNHuang/project_big_sim/data/PL/PL_25_1024/SOAP_full_000_056/simulation_test/SOAP_uncompressed/HBTplus/halo_properties_0056.hdf5
PL,0056,0.0000000000e+00,ishiyama21_fit,Ishiyama21Fit,9.6250000000e+00,1.1459531592e+00,1.4013120548e+01,9.9866148555e-01,-1.3385144513e-03,3.3901394218e-01,5.9032061076e-01,5995,/project/tkcastrosim/HNHuang/project_big_sim/data/PL/PL_25_1024/SOAP_full_000_056/simulation_test/SOAP_uncompressed/HBTplus/halo_properties_0056.hdf5
PL,0056,0.0000000000e+00,ishiyama21_fit,Ishiyama21Fit,9.8750000000e+00,1.1195833874e+00,1.3380150504e+01,9.8428844976e-01,-1.5711550237e-02,3.0261525424e-01,5.6016794057e-01,3519,/project/tkcastrosim/HNHuang/project_big_sim/data/PL/PL_25_1024/SOAP_full_000_056/simulation_test/SOAP_uncompressed/HBTplus/halo_properties_0056.hdf5
PL,0056,0.0000000000e+00,ishiyama21_fit,Ishiyama21Fit,1.0125000000e+01,1.1039629308e+00,1.2758150512e+01,9.9580707939e-01,-4.1929206116e-03,3.1098761696e-01,5.0142957515e-01,2079,/project/tkcastrosim/HNHuang/project_big_sim/data/PL/PL_25_1024/SOAP_full_000_056/simulation_test/SOAP_uncompressed/HBTplus/halo_properties_0056.hdf5
PL,0056,0.0000000000e+00,ishiyama21_fit,Ishiyama21Fit,1.0375000000e+01,1.0843822232e+00,1.2145396926e+01,9.9993210034e-01,-6.7899663106e-05,3.3220569180e-01,4.5487555990e-01,1283,/project/tkcastrosim/HNHuang/project_big_sim/data/PL/PL_25_1024/SOAP_full_000_056/simulation_test/SOAP_uncompressed/HBTplus/halo_properties_0056.hdf5
PL,0056,0.0000000000e+00,ishiyama21_fit,Ishiyama21Fit,1.0625000000e+01,1.0654803839e+00,1.1540637641e+01,1.0075128151e+00,7.5128151112e-03,3.1644243963e-01,3.8051031208e-01,761,/project/tkcastrosim/HNHuang/project_big_sim/data/PL/PL_25_1024/SOAP_full_000_056/simulation_test/SOAP_uncompressed/HBTplus/halo_properties_0056.hdf5
PL,0056,0.0000000000e+00,ishiyama21_fit,Ishiyama21Fit,1.0875000000e+01,1.0419570654e+00,1.0943106813e+01,1.0065061366e+00,6.5061366100e-03,3.5235244468e-01,4.0703089387e-01,433,/project/tkcastrosim/HNHuang/project_big_sim/data/PL/PL_25_1024/SOAP_full_000_056/simulation_test/SOAP_uncompressed/HBTplus/halo_properties_0056.hdf5
PL,0056,0.0000000000e+00,ishiyama21_fit,Ishiyama21Fit,1.1125000000e+01,1.0188201749e+00,1.0352550187e+01,1.0087251067e+00,8.7251067048e-03,3.0320304551e-01,3.3612339776e-01,286,/project/tkcastrosim/HNHuang/project_big_sim/data/PL/PL_25_1024/SOAP_full_000_056/simulation_test/SOAP_uncompressed/HBTplus/halo_properties_0056.hdf5
PL,0056,0.0000000000e+00,ishiyama21_fit,Ishiyama21Fit,1.1375000000e+01,1.0112032765e+00,9.7692348669e+00,1.0503710073e+00,5.0371007267e-02,3.1449432139e-01,3.2073146930e-01,147,/project/tkcastrosim/HNHuang/project_big_sim/data/PL/PL_25_1024/SOAP_full_000_056/simulation_test/SOAP_uncompressed/HBTplus/halo_properties_0056.hdf5
PL,0056,0.0000000000e+00,ishiyama21_fit,Ishiyama21Fit,1.1625000000e+01,9.5008357344e-01,9.1950923753e+00,9.6945460262e-01,-3.0545397378e-02,2.6053250138e-01,3.1536066256e-01,91,/project/tkcastrosim/HNHuang/project_big_sim/data/PL/PL_25_1024/SOAP_full_000_056/simulation_test/SOAP_uncompressed/HBTplus/halo_properties_0056.hdf5
PL,0056,0.0000000000e+00,ishiyama21_fit,Ishiyama21Fit,1.1875000000e+01,9.3785325755e-01,8.6383479214e+00,1.0032809491e+00,3.2809490905e-03,3.1335961922e-01,3.0114563086e-01,66,/project/tkcastrosim/HNHuang/project_big_sim/data/PL/PL_25_1024/SOAP_full_000_056/simulation_test/SOAP_uncompressed/HBTplus/halo_properties_0056.hdf5
PL,0056,0.0000000000e+00,ishiyama21_fit,Ishiyama21Fit,1.2125000000e+01,8.7550119859e-01,8.0993913716e+00,9.2693400240e-01,-7.3065997605e-02,2.8124332698e-01,4.4051826987e-01,35,/project/tkcastrosim/HNHuang/project_big_sim/data/PL/PL_25_1024/SOAP_full_000_056/simulation_test/SOAP_uncompressed/HBTplus/halo_properties_0056.hdf5
PL,0056,0.0000000000e+00,ishiyama21_fit,Ishiyama21Fit,1.2375000000e+01,9.1491324722e-01,7.5772987144e+00,1.0849228065e+00,8.4922806544e-02,2.6978983326e-01,2.9349298708e-01,19,/project/tkcastrosim/HNHuang/project_big_sim/data/PL/PL_25_1024/SOAP_full_000_056/simulation_test/SOAP_uncompressed/HBTplus/halo_properties_0056.hdf5
PL,0056,0.0000000000e+00,ishiyama21_fit,Ishiyama21Fit,1.2625000000e+01,8.4265866055e-01,7.0720718115e+00,9.8426490145e-01,-1.5735098547e-02,9.7049460902e-02,2.3069848040e-01,11,/project/tkcastrosim/HNHuang/project_big_sim/data/PL/PL_25_1024/SOAP_full_000_056/simulation_test/SOAP_uncompressed/HBTplus/halo_properties_0056.hdf5
PL,0056,0.0000000000e+00,ishiyama21_fit,Ishiyama21Fit,1.2875000000e+01,7.7740360720e-01,6.5847100659e+00,9.0963455543e-01,-9.0365444572e-02,2.2602569828e-01,5.0495621446e-01,7,/project/tkcastrosim/HNHuang/project_big_sim/data/PL/PL_25_1024/SOAP_full_000_056/simulation_test/SOAP_uncompressed/HBTplus/halo_properties_0056.hdf5
PL,0056,0.0000000000e+00,ishiyama21_fit,Ishiyama21Fit,1.3125000000e+01,7.8150850504e-01,6.1172453272e+00,9.8844522365e-01,-1.1554776346e-02,3.1350047287e-01,1.0417783998e-01,14,/project/tkcastrosim/HNHuang/project_big_sim/data/PL/PL_25_1024/SOAP_full_000_056/simulation_test/SOAP_uncompressed/HBTplus/halo_properties_0056.hdf5
PL,0056,0.0000000000e+00,ishiyama21_fit,Ishiyama21Fit,1.3375000000e+01,7.8003177514e-01,5.6751421959e+00,1.0618300884e+00,6.1830088362e-02,3.0650732819e-01,1.4088625790e-01,3,/project/tkcastrosim/HNHuang/project_big_sim/data/PL/PL_25_1024/SOAP_full_000_056/simulation_test/SOAP_uncompressed/HBTplus/halo_properties_0056.hdf5
PL,0056,0.0000000000e+00,ludlow16,Ludlow16,8.3750000000e+00,1.1659949150e+00,1.5552223482e+01,9.4232871792e-01,-5.7671282080e-02,4.0704659567e-01,8.8752289239e-01,64657,/project/tkcastrosim/HNHuang/project_big_sim/data/PL/PL_25_1024/SOAP_full_000_056/simulation_test/SOAP_uncompressed/HBTplus/halo_properties_0056.hdf5
PL,0056,0.0000000000e+00,ludlow16,Ludlow16,8.6250000000e+00,1.1746612859e+00,1.5078954496e+01,9.9149391974e-01,-8.5060802566e-03,3.8941363190e-01,8.5470908167e-01,45366,/project/tkcastrosim/HNHuang/project_big_sim/data/PL/PL_25_1024/SOAP_full_000_056/simulation_test/SOAP_uncompressed/HBTplus/halo_properties_0056.hdf5
PL,0056,0.0000000000e+00,ludlow16,Ludlow16,8.8750000000e+00,1.1727284355e+00,1.4604167236e+01,1.0191817491e+00,1.9181749103e-02,3.7627401190e-01,7.9103621532e-01,27546,/project/tkcastrosim/HNHuang/project_big_sim/data/PL/PL_25_1024/SOAP_full_000_056/simulation_test/SOAP_uncompressed/HBTplus/halo_properties_0056.hdf5
PL,0056,0.0000000000e+00,ludlow16,Ludlow16,9.1250000000e+00,1.1639536979e+00,1.4130547935e+01,1.0322733021e+00,3.2273302100e-02,3.7160119088e-01,7.5833049594e-01,16578,/project/tkcastrosim/HNHuang/project_big_sim/data/PL/PL_25_1024/SOAP_full_000_056/simulation_test/SOAP_uncompressed/HBTplus/halo_properties_0056.hdf5
PL,0056,0.0000000000e+00,ludlow16,Ludlow16,9.3750000000e+00,1.1524075872e+00,1.3652501022e+01,1.0403880842e+00,4.0388084175e-02,3.6105825122e-01,6.6900422422e-01,9825,/project/tkcastrosim/HNHuang/project_big_sim/data/PL/PL_25_1024/SOAP_full_000_056/simulation_test/SOAP_uncompressed/HBTplus/halo_properties_0056.hdf5
PL,0056,0.0000000000e+00,ludlow16,Ludlow16,9.6250000000e+00,1.1459531592e+00,1.3177173192e+01,1.0620156220e+00,6.2015621981e-02,3.6052066478e-01,6.2776998981e-01,5995,/project/tkcastrosim/HNHuang/project_big_sim/data/PL/PL_25_1024/SOAP_full_000_056/simulation_test/SOAP_uncompressed/HBTplus/halo_properties_0056.hdf5
PL,0056,0.0000000000e+00,ludlow16,Ludlow16,9.8750000000e+00,1.1195833874e+00,1.2697062300e+01,1.0372421026e+00,3.7242102613e-02,3.1889562726e-01,5.9030436925e-01,3519,/project/tkcastrosim/HNHuang/project_big_sim/data/PL/PL_25_1024/SOAP_full_000_056/simulation_test/SOAP_uncompressed/HBTplus/halo_properties_0056.hdf5
PL,0056,0.0000000000e+00,ludlow16,Ludlow16,1.0125000000e+01,1.1039629308e+00,1.2216182660e+01,1.0399858085e+00,3.9985808478e-02,3.2478450389e-01,5.2367537137e-01,2079,/project/tkcastrosim/HNHuang/project_big_sim/data/PL/PL_25_1024/SOAP_full_000_056/simulation_test/SOAP_uncompressed/HBTplus/halo_properties_0056.hdf5
PL,0056,0.0000000000e+00,ludlow16,Ludlow16,1.0375000000e+01,1.0843822232e+00,1.1735729891e+01,1.0348374043e+00,3.4837404329e-02,3.4380221986e-01,4.7075420775e-01,1283,/project/tkcastrosim/HNHuang/project_big_sim/data/PL/PL_25_1024/SOAP_full_000_056/simulation_test/SOAP_uncompressed/HBTplus/halo_properties_0056.hdf5
PL,0056,0.0000000000e+00,ludlow16,Ludlow16,1.0625000000e+01,1.0654803839e+00,1.1254165776e+01,1.0331587919e+00,3.3158791927e-02,3.2449739968e-01,3.9019610317e-01,761,/project/tkcastrosim/HNHuang/project_big_sim/data/PL/PL_25_1024/SOAP_full_000_056/simulation_test/SOAP_uncompressed/HBTplus/halo_properties_0056.hdf5
PL,0056,0.0000000000e+00,ludlow16,Ludlow16,1.0875000000e+01,1.0419570654e+00,1.0773101280e+01,1.0223893636e+00,2.2389363594e-02,3.5791276235e-01,4.1345406789e-01,433,/project/tkcastrosim/HNHuang/project_big_sim/data/PL/PL_25_1024/SOAP_full_000_056/simulation_test/SOAP_uncompressed/HBTplus/halo_properties_0056.hdf5
PL,0056,0.0000000000e+00,ludlow16,Ludlow16,1.1125000000e+01,1.0188201749e+00,1.0293790609e+01,1.0144831665e+00,1.4483166473e-02,3.0493380570e-01,3.3804207570e-01,286,/project/tkcastrosim/HNHuang/project_big_sim/data/PL/PL_25_1024/SOAP_full_000_056/simulation_test/SOAP_uncompressed/HBTplus/halo_properties_0056.hdf5
PL,0056,0.0000000000e+00,ludlow16,Ludlow16,1.1375000000e+01,1.0112032765e+00,9.8172379464e+00,1.0452350369e+00,4.5235036916e-02,3.1295654712e-01,3.1916319742e-01,147,/project/tkcastrosim/HNHuang/project_big_sim/data/PL/PL_25_1024/SOAP_full_000_056/simulation_test/SOAP_uncompressed/HBTplus/halo_properties_0056.hdf5
PL,0056,0.0000000000e+00,ludlow16,Ludlow16,1.1625000000e+01,9.5008357344e-01,9.3441829248e+00,9.5398652793e-01,-4.6013472074e-02,2.5637559070e-01,3.1032894445e-01,91,/project/tkcastrosim/HNHuang/project_big_sim/data/PL/PL_25_1024/SOAP_full_000_056/simulation_test/SOAP_uncompressed/HBTplus/halo_properties_0056.hdf5
PL,0056,0.0000000000e+00,ludlow16,Ludlow16,1.1875000000e+01,9.3785325755e-01,8.8745916055e+00,9.7657337784e-01,-2.3426622164e-02,3.0501791357e-01,2.9312906441e-01,66,/project/tkcastrosim/HNHuang/project_big_sim/data/PL/PL_25_1024/SOAP_full_000_056/simulation_test/SOAP_uncompressed/HBTplus/halo_properties_0056.hdf5
PL,0056,0.0000000000e+00,ludlow16,Ludlow16,1.2125000000e+01,8.7550119859e-01,8.4084795456e+00,8.9286073902e-01,-1.0713926098e-01,2.7090507428e-01,4.2432521298e-01,35,/project/tkcastrosim/HNHuang/project_big_sim/data/PL/PL_25_1024/SOAP_full_000_056/simulation_test/SOAP_uncompressed/HBTplus/halo_properties_0056.hdf5
PL,0056,0.0000000000e+00,ludlow16,Ludlow16,1.2375000000e+01,9.1491324722e-01,7.9509158247e+00,1.0339417960e+00,3.3941795955e-02,2.5711228766e-01,2.7970161963e-01,19,/project/tkcastrosim/HNHuang/project_big_sim/data/PL/PL_25_1024/SOAP_full_000_056/simulation_test/SOAP_uncompressed/HBTplus/halo_properties_0056.hdf5
PL,0056,0.0000000000e+00,ludlow16,Ludlow16,1.2625000000e+01,8.4265866055e-01,7.4982411938e+00,9.2832330739e-01,-7.1676692612e-02,9.1533566210e-02,2.1758652170e-01,11,/project/tkcastrosim/HNHuang/project_big_sim/data/PL/PL_25_1024/SOAP_full_000_056/simulation_test/SOAP_uncompressed/HBTplus/halo_properties_0056.hdf5
PL,0056,0.0000000000e+00,ludlow16,Ludlow16,1.2875000000e+01,7.7740360720e-01,7.0562522294e+00,8.4884718101e-01,-1.5115281899e-01,2.1092127127e-01,4.7121193519e-01,7,/project/tkcastrosim/HNHuang/project_big_sim/data/PL/PL_25_1024/SOAP_full_000_056/simulation_test/SOAP_uncompressed/HBTplus/halo_properties_0056.hdf5
PL,0056,0.0000000000e+00,ludlow16,Ludlow16,1.3125000000e+01,7.8150850504e-01,6.6233803370e+00,9.1291177888e-01,-8.7088221124e-02,2.8954388925e-01,9.6216942468e-02,14,/project/tkcastrosim/HNHuang/project_big_sim/data/PL/PL_25_1024/SOAP_full_000_056/simulation_test/SOAP_uncompressed/HBTplus/halo_properties_0056.hdf5
PL,0056,0.0000000000e+00,ludlow16,Ludlow16,1.3375000000e+01,7.8003177514e-01,6.2023098096e+00,9.7157944772e-01,-2.8420552277e-02,2.8045562459e-01,1.2891157836e-01,3,/project/tkcastrosim/HNHuang/project_big_sim/data/PL/PL_25_1024/SOAP_full_000_056/simulation_test/SOAP_uncompressed/HBTplus/halo_properties_0056.hdf5
BTKP1,0056,0.0000000000e+00,diemer19,DiemerJoyce19,8.3750000000e+00,1.7532020900e+00,5.0608979320e+01,1.1193721861e+00,1.1937218606e-01,5.4876636103e-01,1.4945865079e+00,98169,/project/tkcastrosim/HNHuang/project_big_sim/data/bluetilted/kp_1_ms_1.5_25_1024/SOAP_full_000_056/simulation_test/SOAP_uncompressed/HBTplus/halo_properties_0056.hdf5
BTKP1,0056,0.0000000000e+00,diemer19,DiemerJoyce19,8.6250000000e+00,1.7413384593e+00,4.6469707490e+01,1.1862289547e+00,1.8622895471e-01,5.6164840621e-01,1.5310955161e+00,69338,/project/tkcastrosim/HNHuang/project_big_sim/data/bluetilted/kp_1_ms_1.5_25_1024/SOAP_full_000_056/simulation_test/SOAP_uncompressed/HBTplus/halo_properties_0056.hdf5
BTKP1,0056,0.0000000000e+00,diemer19,DiemerJoyce19,8.8750000000e+00,1.7224090737e+00,4.2607540577e+01,1.2385758490e+00,2.3857584898e-01,5.6151245264e-01,1.4672665469e+00,42209,/project/tkcastrosim/HNHuang/project_big_sim/data/bluetilted/kp_1_ms_1.5_25_1024/SOAP_full_000_056/simulation_test/SOAP_uncompressed/HBTplus/halo_properties_0056.hdf5
BTKP1,0056,0.0000000000e+00,diemer19,DiemerJoyce19,9.1250000000e+00,1.6821880953e+00,3.9006976521e+01,1.2332348995e+00,2.3323489949e-01,5.2703463954e-01,1.3304665934e+00,25842,/project/tkcastrosim/HNHuang/project_big_sim/data/bluetilted/kp_1_ms_1.5_25_1024/SOAP_full_000_056/simulation_test/SOAP_uncompressed/HBTplus/halo_properties_0056.hdf5
BTKP1,0056,0.0000000000e+00,diemer19,DiemerJoyce19,9.3750000000e+00,1.6350784788e+00,3.5645064586e+01,1.2108185696e+00,2.1081856957e-01,4.9720326276e-01,1.1787052438e+00,15427,/project/tkcastrosim/HNHuang/project_big_sim/data/bluetilted/kp_1_ms_1.5_25_1024/SOAP_full_000_056/simulation_test/SOAP_uncompressed/HBTplus/halo_properties_0056.hdf5
BTKP1,0056,0.0000000000e+00,diemer19,DiemerJoyce19,9.6250000000e+00,1.5843139191e+00,3.2502109852e+01,1.1814146862e+00,1.8141468621e-01,4.6766191970e-01,1.0935706909e+00,9332,/project/tkcastrosim/HNHuang/project_big_sim/data/bluetilted/kp_1_ms_1.5_25_1024/SOAP_full_000_056/simulation_test/SOAP_uncompressed/HBTplus/halo_properties_0056.hdf5
BTKP1,0056,0.0000000000e+00,diemer19,DiemerJoyce19,9.8750000000e+00,1.5472625055e+00,2.9562881461e+01,1.1926574998e+00,1.9265749983e-01,4.4710604962e-01,9.5388625209e-01,5696,/project/tkcastrosim/HNHuang/project_big_sim/data/bluetilted/kp_1_ms_1.5_25_1024/SOAP_full_000_056/simulation_test/SOAP_uncompressed/HBTplus/halo_properties_0056.hdf5
BTKP1,0056,0.0000000000e+00,diemer19,DiemerJoyce19,1.0125000000e+01,1.4888393762e+00,2.6839104400e+01,1.1483422838e+00,1.4834228379e-01,4.2892401300e-01,8.5846095901e-01,3283,/project/tkcastrosim/HNHuang/project_big_sim/data/bluetilted/kp_1_ms_1.5_25_1024/SOAP_full_000_056/simulation_test/SOAP_uncompressed/HBTplus/halo_properties_0056.hdf5
BTKP1,0056,0.0000000000e+00,diemer19,DiemerJoyce19,1.0375000000e+01,1.4397651866e+00,2.4369664734e+01,1.1295764572e+00,1.2957645724e-01,4.0807690138e-01,6.3537958869e-01,1950,/project/tkcastrosim/HNHuang/project_big_sim/data/bluetilted/kp_1_ms_1.5_25_1024/SOAP_full_000_056/simulation_test/SOAP_uncompressed/HBTplus/halo_properties_0056.hdf5
BTKP1,0056,0.0000000000e+00,diemer19,DiemerJoyce19,1.0625000000e+01,1.3652128420e+00,2.2130371591e+01,1.0476691019e+00,4.7669101851e-02,3.5285994818e-01,6.2624156264e-01,1138,/project/tkcastrosim/HNHuang/project_big_sim/data/bluetilted/kp_1_ms_1.5_25_1024/SOAP_full_000_056/simulation_test/SOAP_uncompressed/HBTplus/halo_properties_0056.hdf5
BTKP1,0056,0.0000000000e+00,diemer19,DiemerJoyce19,1.0875000000e+01,1.3327972766e+00,2.0098330835e+01,1.0706247670e+00,7.0624767038e-02,3.9863621065e-01,4.9939553707e-01,687,/project/tkcastrosim/HNHuang/project_big_sim/data/bluetilted/kp_1_ms_1.5_25_1024/SOAP_full_000_056/simulation_test/SOAP_uncompressed/HBTplus/halo_properties_0056.hdf5
BTKP1,0056,0.0000000000e+00,diemer19,DiemerJoyce19,1.1125000000e+01,1.2648825466e+00,1.8254606932e+01,1.0081149626e+00,8.1149626387e-03,3.5853272388e-01,3.8865913749e-01,437,/project/tkcastrosim/HNHuang/project_big_sim/data/bluetilted/kp_1_ms_1.5_25_1024/SOAP_full_000_056/simulation_test/SOAP_uncompressed/HBTplus/halo_properties_0056.hdf5
BTKP1,0056,0.0000000000e+00,diemer19,DiemerJoyce19,1.1375000000e+01,1.2226382122e+00,1.6572971337e+01,1.0074832465e+00,7.4832464745e-03,3.6529690997e-01,3.4644348520e-01,235,/project/tkcastrosim/HNHuang/project_big_sim/data/bluetilted/kp_1_ms_1.5_25_1024/SOAP_full_000_056/simulation_test/SOAP_uncompressed/HBTplus/halo_properties_0056.hdf5
BTKP1,0056,0.0000000000e+00,diemer19,DiemerJoyce19,1.1625000000e+01,1.1482895842e+00,1.4937755120e+01,9.4189881080e-01,-5.8101189204e-02,3.1949926537e-01,3.6045304815e-01,137,/project/tkcastrosim/HNHuang/project_big_sim/data/bluetilted/kp_1_ms_1.5_25_1024/SOAP_full_000_056/simulation_test/SOAP_uncompressed/HBTplus/halo_properties_0056.hdf5
BTKP1,0056,0.0000000000e+00,diemer19,DiemerJoyce19,1.1875000000e+01,1.1384206785e+00,1.3369658222e+01,1.0287275562e+00,2.8727556170e-02,3.0077457135e-01,3.9725878220e-01,84,/project/tkcastrosim/HNHuang/project_big_sim/data/bluetilted/kp_1_ms_1.5_25_1024/SOAP_full_000_056/simulation_test/SOAP_uncompressed/HBTplus/halo_properties_0056.hdf5
BTKP1,0056,0.0000000000e+00,diemer19,DiemerJoyce19,1.2125000000e+01,1.0398281653e+00,1.1901729317e+01,9.2091192444e-01,-7.9088075562e-02,2.6441790708e-01,3.5381361876e-01,47,/project/tkcastrosim/HNHuang/project_big_sim/data/bluetilted/kp_1_ms_1.5_25_1024/SOAP_full_000_056/simulation_test/SOAP_uncompressed/HBTplus/halo_properties_0056.hdf5
BTKP1,0056,0.0000000000e+00,diemer19,DiemerJoyce19,1.2375000000e+01,9.6625053649e-01,1.0544292878e+01,8.7747161419e-01,-1.2252838581e-01,2.2736539528e-01,4.6863322599e-01,26,/project/tkcastrosim/HNHuang/project_big_sim/data/bluetilted/kp_1_ms_1.5_25_1024/SOAP_full_000_056/simulation_test/SOAP_uncompressed/HBTplus/halo_properties_0056.hdf5
BTKP1,0056,0.0000000000e+00,diemer19,DiemerJoyce19,1.2625000000e+01,9.8141102795e-01,9.3002146619e+00,1.0301917204e+00,3.0191720412e-02,2.1767124388e-01,1.2785020170e-01,15,/project/tkcastrosim/HNHuang/project_big_sim/data/bluetilted/kp_1_ms_1.5_25_1024/SOAP_full_000_056/simulation_test/SOAP_uncompressed/HBTplus/halo_properties_0056.hdf5
BTKP1,0056,0.0000000000e+00,diemer19,DiemerJoyce19,1.2875000000e+01,9.7106997951e-01,8.1688997114e+00,1.1452661249e+00,1.4526612492e-01,4.9127894637e-01,2.8156061764e-01,9,/project/tkcastrosim/HNHuang/project_big_sim/data/bluetilted/kp_1_ms_1.5_25_1024/SOAP_full_000_056/simulation_test/SOAP_uncompressed/HBTplus/halo_properties_0056.hdf5
BTKP1,0056,0.0000000000e+00,diemer19,DiemerJoyce19,1.3125000000e+01,7.6525012267e-01,7.1788245995e+00,8.1132859039e-01,-1.8867140961e-01,8.3037350597e-02,2.7253688573e-01,13,/project/tkcastrosim/HNHuang/project_big_sim/data/bluetilted/kp_1_ms_1.5_25_1024/SOAP_full_000_056/simulation_test/SOAP_uncompressed/HBTplus/halo_properties_0056.hdf5
BTKP1,0056,0.0000000000e+00,diemer19,DiemerJoyce19,1.3375000000e+01,7.4409500690e-01,6.3615306172e+00,8.7203393389e-01,-1.2796606611e-01,8.0011340821e-02,3.3258119555e-01,3,/project/tkcastrosim/HNHuang/project_big_sim/data/bluetilted/kp_1_ms_1.5_25_1024/SOAP_full_000_056/simulation_test/SOAP_uncompressed/HBTplus/halo_properties_0056.hdf5
BTKP1,0056,0.0000000000e+00,ishiyama21_fit,Ishiyama21Fit,8.3750000000e+00,1.7532020900e+00,4.4670639467e+01,1.2681771403e+00,2.6817714032e-01,6.2171721175e-01,1.6932709846e+00,98169,/project/tkcastrosim/HNHuang/project_big_sim/data/bluetilted/kp_1_ms_1.5_25_1024/SOAP_full_000_056/simulation_test/SOAP_uncompressed/HBTplus/halo_properties_0056.hdf5
BTKP1,0056,0.0000000000e+00,ishiyama21_fit,Ishiyama21Fit,8.6250000000e+00,1.7413384593e+00,4.1047146532e+01,1.3429365303e+00,3.4293653027e-01,6.3584534746e-01,1.7333619212e+00,69338,/project/tkcastrosim/HNHuang/project_big_sim/data/bluetilted/kp_1_ms_1.5_25_1024/SOAP_full_000_056/simulation_test/SOAP_uncompressed/HBTplus/halo_properties_0056.hdf5
BTKP1,0056,0.0000000000e+00,ishiyama21_fit,Ishiyama21Fit,8.8750000000e+00,1.7224090737e+00,3.7661534139e+01,1.4012352908e+00,4.0123529085e-01,6.3525464794e-01,1.6599594351e+00,42209,/project/tkcastrosim/HNHuang/project_big_sim/data/bluetilted/kp_1_ms_1.5_25_1024/SOAP_full_000_056/simulation_test/SOAP_uncompressed/HBTplus/halo_properties_0056.hdf5
BTKP1,0056,0.0000000000e+00,ishiyama21_fit,Ishiyama21Fit,9.1250000000e+00,1.6821880953e+00,3.4490335687e+01,1.3947317070e+00,3.9473170705e-01,5.9605183310e-01,1.5046962617e+00,25842,/project/tkcastrosim/HNHuang/project_big_sim/data/bluetilted/kp_1_ms_1.5_25_1024/SOAP_full_000_056/simulation_test/SOAP_uncompressed/HBTplus/halo_properties_0056.hdf5
BTKP1,0056,0.0000000000e+00,ishiyama21_fit,Ishiyama21Fit,9.3750000000e+00,1.6350784788e+00,3.1519136887e+01,1.3693175124e+00,3.6931751239e-01,5.6228831637e-01,1.3330004782e+00,15427,/project/tkcastrosim/HNHuang/project_big_sim/data/bluetilted/kp_1_ms_1.5_25_1024/SOAP_full_000_056/simulation_test/SOAP_uncompressed/HBTplus/halo_properties_0056.hdf5
BTKP1,0056,0.0000000000e+00,ishiyama21_fit,Ishiyama21Fit,9.6250000000e+00,1.5843139191e+00,2.8794742375e+01,1.3335236486e+00,3.3352364858e-01,5.2787411290e-01,1.2343696034e+00,9332,/project/tkcastrosim/HNHuang/project_big_sim/data/bluetilted/kp_1_ms_1.5_25_1024/SOAP_full_000_056/simulation_test/SOAP_uncompressed/HBTplus/halo_properties_0056.hdf5
BTKP1,0056,0.0000000000e+00,ishiyama21_fit,Ishiyama21Fit,9.8750000000e+00,1.5472625055e+00,2.6302227567e+01,1.3405097421e+00,3.4050974208e-01,5.0253322127e-01,1.0721383247e+00,5696,/project/tkcastrosim/HNHuang/project_big_sim/data/bluetilted/kp_1_ms_1.5_25_1024/SOAP_full_000_056/simulation_test/SOAP_uncompressed/HBTplus/halo_properties_0056.hdf5
BTKP1,0056,0.0000000000e+00,ishiyama21_fit,Ishiyama21Fit,1.0125000000e+01,1.4888393762e+00,2.4010183918e+01,1.2836419140e+00,2.8364191404e-01,4.7946056572e-01,9.5960628125e-01,3283,/project/tkcastrosim/HNHuang/project_big_sim/data/bluetilted/kp_1_ms_1.5_25_1024/SOAP_full_000_056/simulation_test/SOAP_uncompressed/HBTplus/halo_properties_0056.hdf5
BTKP1,0056,0.0000000000e+00,ishiyama21_fit,Ishiyama21Fit,1.0375000000e+01,1.4397651866e+00,2.1899838901e+01,1.2569681302e+00,2.5696813019e-01,4.5409910627e-01,7.0703659628e-01,1950,/project/tkcastrosim/HNHuang/project_big_sim/data/bluetilted/kp_1_ms_1.5_25_1024/SOAP_full_000_056/simulation_test/SOAP_uncompressed/HBTplus/halo_properties_0056.hdf5
BTKP1,0056,0.0000000000e+00,ishiyama21_fit,Ishiyama21Fit,1.0625000000e+01,1.3652128420e+00,1.9883661445e+01,1.1660481442e+00,1.6604814423e-01,3.9273057402e-01,6.9700233658e-01,1138,/project/tkcastrosim/HNHuang/project_big_sim/data/bluetilted/kp_1_ms_1.5_25_1024/SOAP_full_000_056/simulation_test/SOAP_uncompressed/HBTplus/halo_properties_0056.hdf5
BTKP1,0056,0.0000000000e+00,ishiyama21_fit,Ishiyama21Fit,1.0875000000e+01,1.3327972766e+00,1.7813697678e+01,1.2079339819e+00,2.0793398190e-01,4.4976189612e-01,5.6344375565e-01,687,/project/tkcastrosim/HNHuang/project_big_sim/data/bluetilted/kp_1_ms_1.5_25_1024/SOAP_full_000_056/simulation_test/SOAP_uncompressed/HBTplus/halo_properties_0056.hdf5
BTKP1,0056,0.0000000000e+00,ishiyama21_fit,Ishiyama21Fit,1.1125000000e+01,1.2648825466e+00,1.5783241521e+01,1.1659672293e+00,1.6596722931e-01,4.1467235600e-01,4.4951601205e-01,437,/project/tkcastrosim/HNHuang/project_big_sim/data/bluetilted/kp_1_ms_1.5_25_1024/SOAP_full_000_056/simulation_test/SOAP_uncompressed/HBTplus/halo_properties_0056.hdf5
BTKP1,0056,0.0000000000e+00,ishiyama21_fit,Ishiyama21Fit,1.1375000000e+01,1.2226382122e+00,1.3866649804e+01,1.2041113897e+00,2.0411138972e-01,4.3659105147e-01,4.1405804799e-01,235,/project/tkcastrosim/HNHuang/project_big_sim/data/bluetilted/kp_1_ms_1.5_25_1024/SOAP_full_000_056/simulation_test/SOAP_uncompressed/HBTplus/halo_properties_0056.hdf5
BTKP1,0056,0.0000000000e+00,ishiyama21_fit,Ishiyama21Fit,1.1625000000e+01,1.1482895842e+00,1.2109798773e+01,1.1618569431e+00,1.6185694307e-01,3.9411074259e-01,4.4462831022e-01,137,/project/tkcastrosim/HNHuang/project_big_sim/data/bluetilted/kp_1_ms_1.5_25_1024/SOAP_full_000_056/simulation_test/SOAP_uncompressed/HBTplus/halo_properties_0056.hdf5
BTKP1,0056,0.0000000000e+00,ishiyama21_fit,Ishiyama21Fit,1.1875000000e+01,1.1384206785e+00,1.0570184798e+01,1.3011821545e+00,3.0118215453e-01,3.8043357781e-01,5.0247126659e-01,84,/project/tkcastrosim/HNHuang/project_big_sim/data/bluetilted/kp_1_ms_1.5_25_1024/SOAP_full_000_056/simulation_test/SOAP_uncompressed/HBTplus/halo_properties_0056.hdf5
BTKP1,0056,0.0000000000e+00,ishiyama21_fit,Ishiyama21Fit,1.2125000000e+01,1.0398281653e+00,9.3420110944e+00,1.1732424998e+00,1.7324249984e-01,3.3686861693e-01,4.5075882235e-01,47,/project/tkcastrosim/HNHuang/project_big_sim/data/bluetilted/kp_1_ms_1.5_25_1024/SOAP_full_000_056/simulation_test/SOAP_uncompressed/HBTplus/halo_properties_0056.hdf5
BTKP1,0056,0.0000000000e+00,ishiyama21_fit,Ishiyama21Fit,1.2375000000e+01,9.6625053649e-01,8.3494918665e+00,1.1081294335e+00,1.0812943348e-01,2.8713212210e-01,5.9182116302e-01,26,/project/tkcastrosim/HNHuang/project_big_sim/data/bluetilted/kp_1_ms_1.5_25_1024/SOAP_full_000_056/simulation_test/SOAP_uncompressed/HBTplus/halo_properties_0056.hdf5
BTKP1,0056,0.0000000000e+00,ishiyama21_fit,Ishiyama21Fit,1.2625000000e+01,9.8141102795e-01,7.5294775898e+00,1.2724659883e+00,2.7246598830e-01,2.6886185259e-01,1.5791724010e-01,15,/project/tkcastrosim/HNHuang/project_big_sim/data/bluetilted/kp_1_ms_1.5_25_1024/SOAP_full_000_056/simulation_test/SOAP_uncompressed/HBTplus/halo_properties_0056.hdf5
BTKP1,0056,0.0000000000e+00,ishiyama21_fit,Ishiyama21Fit,1.2875000000e+01,9.7106997951e-01,6.8389043700e+00,1.3679916564e+00,3.6799165644e-01,5.8682037737e-01,3.3631709463e-01,9,/project/tkcastrosim/HNHuang/project_big_sim/data/bluetilted/kp_1_ms_1.5_25_1024/SOAP_full_000_056/simulation_test/SOAP_uncompressed/HBTplus/halo_properties_0056.hdf5
BTKP1,0056,0.0000000000e+00,ishiyama21_fit,Ishiyama21Fit,1.3125000000e+01,7.6525012267e-01,6.2481986765e+00,9.3217036533e-01,-6.7829634667e-02,9.5405188920e-02,3.1312936749e-01,13,/project/tkcastrosim/HNHuang/project_big_sim/data/bluetilted/kp_1_ms_1.5_25_1024/SOAP_full_000_056/simulation_test/SOAP_uncompressed/HBTplus/halo_properties_0056.hdf5
BTKP1,0056,0.0000000000e+00,ishiyama21_fit,Ishiyama21Fit,1.3375000000e+01,7.4409500690e-01,5.7368143224e+00,9.6699496584e-01,-3.3005034164e-02,8.8724258056e-02,3.6879796684e-01,3,/project/tkcastrosim/HNHuang/project_big_sim/data/bluetilted/kp_1_ms_1.5_25_1024/SOAP_full_000_056/simulation_test/SOAP_uncompressed/HBTplus/halo_properties_0056.hdf5
BTKP1,0056,0.0000000000e+00,ludlow16,Ludlow16,8.3750000000e+00,1.7532020900e+00,4.7496930234e+01,1.1927146352e+00,1.9271463516e-01,5.8472211319e-01,1.5925133961e+00,98169,/project/tkcastrosim/HNHuang/project_big_sim/data/bluetilted/kp_1_ms_1.5_25_1024/SOAP_full_000_056/simulation_test/SOAP_uncompressed/HBTplus/halo_properties_0056.hdf5
BTKP1,0056,0.0000000000e+00,ludlow16,Ludlow16,8.6250000000e+00,1.7413384593e+00,4.3810355725e+01,1.2582347627e+00,2.5823476274e-01,5.9574127434e-01,1.6240352217e+00,69338,/project/tkcastrosim/HNHuang/project_big_sim/data/bluetilted/kp_1_ms_1.5_25_1024/SOAP_full_000_056/simulation_test/SOAP_uncompressed/HBTplus/halo_properties_0056.hdf5
BTKP1,0056,0.0000000000e+00,ludlow16,Ludlow16,8.8750000000e+00,1.7224090737e+00,4.0359280141e+01,1.3075721509e+00,3.0757215090e-01,5.9279215404e-01,1.5490023289e+00,42209,/project/tkcastrosim/HNHuang/project_big_sim/data/bluetilted/kp_1_ms_1.5_25_1024/SOAP_full_000_056/simulation_test/SOAP_uncompressed/HBTplus/halo_properties_0056.hdf5
BTKP1,0056,0.0000000000e+00,ludlow16,Ludlow16,9.1250000000e+00,1.6821880953e+00,3.7138732662e+01,1.2952721141e+00,2.9527211408e-01,5.5354683202e-01,1.3973949958e+00,25842,/project/tkcastrosim/HNHuang/project_big_sim/data/bluetilted/kp_1_ms_1.5_25_1024/SOAP_full_000_056/simulation_test/SOAP_uncompressed/HBTplus/halo_properties_0056.hdf5
BTKP1,0056,0.0000000000e+00,ludlow16,Ludlow16,9.3750000000e+00,1.6350784788e+00,3.4136636223e+01,1.2643221738e+00,2.6432217377e-01,5.1917366134e-01,1.2307898256e+00,15427,/project/tkcastrosim/HNHuang/project_big_sim/data/bluetilted/kp_1_ms_1.5_25_1024/SOAP_full_000_056/simulation_test/SOAP_uncompressed/HBTplus/halo_properties_0056.hdf5
BTKP1,0056,0.0000000000e+00,ludlow16,Ludlow16,9.6250000000e+00,1.5843139191e+00,3.1329273776e+01,1.2256418769e+00,2.2564187687e-01,4.8516921254e-01,1.1345093723e+00,9332,/project/tkcastrosim/HNHuang/project_big_sim/data/bluetilted/kp_1_ms_1.5_25_1024/SOAP_full_000_056/simulation_test/SOAP_uncompressed/HBTplus/halo_properties_0056.hdf5
BTKP1,0056,0.0000000000e+00,ludlow16,Ludlow16,9.8750000000e+00,1.5472625055e+00,2.8711358975e+01,1.2280293776e+00,2.2802937758e-01,4.6036633645e-01,9.8217664384e-01,5696,/project/tkcastrosim/HNHuang/project_big_sim/data/bluetilted/kp_1_ms_1.5_25_1024/SOAP_full_000_056/simulation_test/SOAP_uncompressed/HBTplus/halo_properties_0056.hdf5
BTKP1,0056,0.0000000000e+00,ludlow16,Ludlow16,1.0125000000e+01,1.4888393762e+00,2.6270650855e+01,1.1731905163e+00,1.7319051634e-01,4.3820522103e-01,8.7703663791e-01,3283,/project/tkcastrosim/HNHuang/project_big_sim/data/bluetilted/kp_1_ms_1.5_25_1024/SOAP_full_000_056/simulation_test/SOAP_uncompressed/HBTplus/halo_properties_0056.hdf5
BTKP1,0056,0.0000000000e+00,ludlow16,Ludlow16,1.0375000000e+01,1.4397651866e+00,2.3986296305e+01,1.1476302637e+00,1.4763026371e-01,4.1459911717e-01,6.4553474026e-01,1950,/project/tkcastrosim/HNHuang/project_big_sim/data/bluetilted/kp_1_ms_1.5_25_1024/SOAP_full_000_056/simulation_test/SOAP_uncompressed/HBTplus/halo_properties_0056.hdf5
BTKP1,0056,0.0000000000e+00,ludlow16,Ludlow16,1.0625000000e+01,1.3652128420e+00,2.1848174167e+01,1.0612011032e+00,6.1201103217e-02,3.5741759076e-01,6.3433028232e-01,1138,/project/tkcastrosim/HNHuang/project_big_sim/data/bluetilted/kp_1_ms_1.5_25_1024/SOAP_full_000_056/simulation_test/SOAP_uncompressed/HBTplus/halo_properties_0056.hdf5
BTKP1,0056,0.0000000000e+00,ludlow16,Ludlow16,1.0875000000e+01,1.3327972766e+00,1.9847608719e+01,1.0841492833e+00,8.4149283290e-02,4.0367192631e-01,5.0570408070e-01,687,/project/tkcastrosim/HNHuang/project_big_sim/data/bluetilted/kp_1_ms_1.5_25_1024/SOAP_full_000_056/simulation_test/SOAP_uncompressed/HBTplus/halo_properties_0056.hdf5
BTKP1,0056,0.0000000000e+00,ludlow16,Ludlow16,1.1125000000e+01,1.2648825466e+00,1.7979900481e+01,1.0235174775e+00,2.3517477469e-02,3.6401057690e-01,3.9459727784e-01,437,/project/tkcastrosim/HNHuang/project_big_sim/data/bluetilted/kp_1_ms_1.5_25_1024/SOAP_full_000_056/simulation_test/SOAP_uncompressed/HBTplus/halo_properties_0056.hdf5
BTKP1,0056,0.0000000000e+00,ludlow16,Ludlow16,1.1375000000e+01,1.2226382122e+00,1.6238708516e+01,1.0282216070e+00,2.8221607033e-02,3.7281629955e-01,3.5357478980e-01,235,/project/tkcastrosim/HNHuang/project_big_sim/data/bluetilted/kp_1_ms_1.5_25_1024/SOAP_full_000_056/simulation_test/SOAP_uncompressed/HBTplus/halo_properties_0056.hdf5
BTKP1,0056,0.0000000000e+00,ludlow16,Ludlow16,1.1625000000e+01,1.1482895842e+00,1.4615656886e+01,9.6265627288e-01,-3.7343727117e-02,3.2654035493e-01,3.6839667266e-01,137,/project/tkcastrosim/HNHuang/project_big_sim/data/bluetilted/kp_1_ms_1.5_25_1024/SOAP_full_000_056/simulation_test/SOAP_uncompressed/HBTplus/halo_properties_0056.hdf5
BTKP1,0056,0.0000000000e+00,ludlow16,Ludlow16,1.1875000000e+01,1.1384206785e+00,1.3118905542e+01,1.0483904915e+00,4.8390491493e-02,3.0652352880e-01,4.0485192354e-01,84,/project/tkcastrosim/HNHuang/project_big_sim/data/bluetilted/kp_1_ms_1.5_25_1024/SOAP_full_000_056/simulation_test/SOAP_uncompressed/HBTplus/halo_properties_0056.hdf5
BTKP1,0056,0.0000000000e+00,ludlow16,Ludlow16,1.2125000000e+01,1.0398281653e+00,1.1750965749e+01,9.3272712079e-01,-6.7272879210e-02,2.6781035907e-01,3.5835300767e-01,47,/project/tkcastrosim/HNHuang/project_big_sim/data/bluetilted/kp_1_ms_1.5_25_1024/SOAP_full_000_056/simulation_test/SOAP_uncompressed/HBTplus/halo_properties_0056.hdf5
BTKP1,0056,0.0000000000e+00,ludlow16,Ludlow16,1.2375000000e+01,9.6625053649e-01,1.0514828566e+01,8.7993043665e-01,-1.2006956335e-01,2.2800251121e-01,4.6994641480e-01,26,/project/tkcastrosim/HNHuang/project_big_sim/data/bluetilted/kp_1_ms_1.5_25_1024/SOAP_full_000_056/simulation_test/SOAP_uncompressed/HBTplus/halo_properties_0056.hdf5
BTKP1,0056,0.0000000000e+00,ludlow16,Ludlow16,1.2625000000e+01,9.8141102795e-01,9.4101041418e+00,1.0181613294e+00,1.8161329395e-02,2.1512931880e-01,1.2635719037e-01,15,/project/tkcastrosim/HNHuang/project_big_sim/data/bluetilted/kp_1_ms_1.5_25_1024/SOAP_full_000_056/simulation_test/SOAP_uncompressed/HBTplus/halo_properties_0056.hdf5
BTKP1,0056,0.0000000000e+00,ludlow16,Ludlow16,1.2875000000e+01,9.7106997951e-01,8.4345304296e+00,1.1091979803e+00,1.0919798032e-01,4.7580697903e-01,2.7269336063e-01,9,/project/tkcastrosim/HNHuang/project_big_sim/data/bluetilted/kp_1_ms_1.5_25_1024/SOAP_full_000_056/simulation_test/SOAP_uncompressed/HBTplus/halo_properties_0056.hdf5
BTKP1,0056,0.0000000000e+00,ludlow16,Ludlow16,1.3125000000e+01,7.6525012267e-01,7.5815553229e+00,7.6823097569e-01,-2.3176902431e-01,7.8626422911e-02,2.5805978011e-01,13,/project/tkcastrosim/HNHuang/project_big_sim/data/bluetilted/kp_1_ms_1.5_25_1024/SOAP_full_000_056/simulation_test/SOAP_uncompressed/HBTplus/halo_properties_0056.hdf5
BTKP1,0056,0.0000000000e+00,ludlow16,Ludlow16,1.3375000000e+01,7.4409500690e-01,6.8407795477e+00,8.1094128688e-01,-1.8905871312e-01,7.4405934412e-02,3.0928133898e-01,3,/project/tkcastrosim/HNHuang/project_big_sim/data/bluetilted/kp_1_ms_1.5_25_1024/SOAP_full_000_056/simulation_test/SOAP_uncompressed/HBTplus/halo_properties_0056.hdf5
BTKP10,0056,0.0000000000e+00,diemer19,DiemerJoyce19,8.3750000000e+00,1.3754818968e+00,2.9195299609e+01,8.1314680584e-01,-1.8685319416e-01,3.5621188008e-01,8.1054128786e-01,102876,/project/tkcastrosim/HNHuang/project_big_sim/data/bluetilted/kp_10_ms_1.5_25_1024/SOAP_full_000_056/simulation_test/SOAP_uncompressed/HBTplus/halo_properties_0056.hdf5
BTKP10,0056,0.0000000000e+00,diemer19,DiemerJoyce19,8.6250000000e+00,1.3570744212e+00,2.6608968393e+01,8.5515804066e-01,-1.4484195934e-01,3.4693246255e-01,7.9138831509e-01,69083,/project/tkcastrosim/HNHuang/project_big_sim/data/bluetilted/kp_10_ms_1.5_25_1024/SOAP_full_000_056/simulation_test/SOAP_uncompressed/HBTplus/halo_properties_0056.hdf5
BTKP10,0056,0.0000000000e+00,diemer19,DiemerJoyce19,8.8750000000e+00,1.3319405090e+00,2.4209160071e+01,8.8707591322e-01,-1.1292408678e-01,3.4303832195e-01,7.3368442806e-01,39215,/project/tkcastrosim/HNHuang/project_big_sim/data/bluetilted/kp_10_ms_1.5_25_1024/SOAP_full_000_056/simulation_test/SOAP_uncompressed/HBTplus/halo_properties_0056.hdf5
BTKP10,0056,0.0000000000e+00,diemer19,DiemerJoyce19,9.1250000000e+00,1.3020406908e+00,2.2053534873e+01,9.0899706319e-01,-9.1002936815e-02,3.3700906349e-01,6.8962298267e-01,22319,/project/tkcastrosim/HNHuang/project_big_sim/data/bluetilted/kp_10_ms_1.5_25_1024/SOAP_full_000_056/simulation_test/SOAP_uncompressed/HBTplus/halo_properties_0056.hdf5
BTKP10,0056,0.0000000000e+00,diemer19,DiemerJoyce19,9.3750000000e+00,1.2654380038e+00,2.0133533912e+01,9.1520417633e-01,-8.4795823667e-02,3.3080889652e-01,6.1629452531e-01,12256,/project/tkcastrosim/HNHuang/project_big_sim/data/bluetilted/kp_10_ms_1.5_25_1024/SOAP_full_000_056/simulation_test/SOAP_uncompressed/HBTplus/halo_properties_0056.hdf5
BTKP10,0056,0.0000000000e+00,diemer19,DiemerJoyce19,9.6250000000e+00,1.2296381840e+00,1.8417178414e+01,9.2132973690e-01,-7.8670263098e-02,3.1427897251e-01,5.8325260662e-01,6993,/project/tkcastrosim/HNHuang/project_big_sim/data/bluetilted/kp_10_ms_1.5_25_1024/SOAP_full_000_056/simulation_test/SOAP_uncompressed/HBTplus/halo_properties_0056.hdf5
BTKP10,0056,0.0000000000e+00,diemer19,DiemerJoyce19,9.8750000000e+00,1.1845341293e+00,1.6877432583e+01,9.0620769875e-01,-9.3792301252e-02,3.0743787143e-01,5.3775994836e-01,3907,/project/tkcastrosim/HNHuang/project_big_sim/data/bluetilted/kp_10_ms_1.5_25_1024/SOAP_full_000_056/simulation_test/SOAP_uncompressed/HBTplus/halo_properties_0056.hdf5
BTKP10,0056,0.0000000000e+00,diemer19,DiemerJoyce19,1.0125000000e+01,1.1518932338e+00,1.5486324923e+01,9.1610418415e-01,-8.3895815846e-02,2.9906279559e-01,4.6007171341e-01,2241,/project/tkcastrosim/HNHuang/project_big_sim/data/bluetilted/kp_10_ms_1.5_25_1024/SOAP_full_000_056/simulation_test/SOAP_uncompressed/HBTplus/halo_properties_0056.hdf5
BTKP10,0056,0.0000000000e+00,diemer19,DiemerJoyce19,1.0375000000e+01,1.1109543155e+00,1.4217137881e+01,9.0811769922e-01,-9.1882300775e-02,3.0248055733e-01,4.4332302524e-01,1282,/project/tkcastrosim/HNHuang/project_big_sim/data/bluetilted/kp_10_ms_1.5_25_1024/SOAP_full_000_056/simulation_test/SOAP_uncompressed/HBTplus/halo_properties_0056.hdf5
BTKP10,0056,0.0000000000e+00,diemer19,DiemerJoyce19,1.0625000000e+01,1.0849385082e+00,1.3048917135e+01,9.3188867729e-01,-6.8111322709e-02,2.9702876963e-01,3.8053276744e-01,775,/project/tkcastrosim/HNHuang/project_big_sim/data/bluetilted/kp_10_ms_1.5_25_1024/SOAP_full_000_056/simulation_test/SOAP_uncompressed/HBTplus/halo_properties_0056.hdf5
BTKP10,0056,0.0000000000e+00,diemer19,DiemerJoyce19,1.0875000000e+01,1.0543475035e+00,1.1965480864e+01,9.4714691043e-01,-5.2853089574e-02,2.9336476859e-01,4.0558283976e-01,438,/project/tkcastrosim/HNHuang/project_big_sim/data/bluetilted/kp_10_ms_1.5_25_1024/SOAP_full_000_056/simulation_test/SOAP_uncompressed/HBTplus/halo_properties_0056.hdf5
BTKP10,0056,0.0000000000e+00,diemer19,DiemerJoyce19,1.1125000000e+01,1.0216083634e+00,1.0984731100e+01,9.5679507970e-01,-4.3204920304e-02,2.8098685836e-01,2.9253869953e-01,276,/project/tkcastrosim/HNHuang/project_big_sim/data/bluetilted/kp_10_ms_1.5_25_1024/SOAP_full_000_056/simulation_test/SOAP_uncompressed/HBTplus/halo_properties_0056.hdf5
BTKP10,0056,0.0000000000e+00,diemer19,DiemerJoyce19,1.1375000000e+01,1.0056268800e+00,1.0119619615e+01,1.0010659551e+00,1.0659550706e-03,2.7870868941e-01,3.2949028032e-01,154,/project/tkcastrosim/HNHuang/project_big_sim/data/bluetilted/kp_10_ms_1.5_25_1024/SOAP_full_000_056/simulation_test/SOAP_uncompressed/HBTplus/halo_properties_0056.hdf5
BTKP10,0056,0.0000000000e+00,diemer19,DiemerJoyce19,1.1625000000e+01,9.5930644746e-01,9.3492130354e+00,9.7393818067e-01,-2.6061819329e-02,2.4476062422e-01,3.4491464473e-01,91,/project/tkcastrosim/HNHuang/project_big_sim/data/bluetilted/kp_10_ms_1.5_25_1024/SOAP_full_000_056/simulation_test/SOAP_uncompressed/HBTplus/halo_properties_0056.hdf5
BTKP10,0056,0.0000000000e+00,diemer19,DiemerJoyce19,1.1875000000e+01,9.3998335753e-01,8.6574064142e+00,1.0059943741e+00,5.9943740592e-03,2.8044553994e-01,3.5370976487e-01,64,/project/tkcastrosim/HNHuang/project_big_sim/data/bluetilted/kp_10_ms_1.5_25_1024/SOAP_full_000_056/simulation_test/SOAP_uncompressed/HBTplus/halo_properties_0056.hdf5
BTKP10,0056,0.0000000000e+00,diemer19,DiemerJoyce19,1.2125000000e+01,8.7226093257e-01,8.0329119703e+00,9.2765806541e-01,-7.2341934587e-02,2.4508890023e-01,3.3761581318e-01,37,/project/tkcastrosim/HNHuang/project_big_sim/data/bluetilted/kp_10_ms_1.5_25_1024/SOAP_full_000_056/simulation_test/SOAP_uncompressed/HBTplus/halo_properties_0056.hdf5
BTKP10,0056,0.0000000000e+00,diemer19,DiemerJoyce19,1.2375000000e+01,9.1138225227e-01,7.4671839105e+00,1.0920069552e+00,9.2006955245e-02,2.8543446881e-01,3.2336746598e-01,19,/project/tkcastrosim/HNHuang/project_big_sim/data/bluetilted/kp_10_ms_1.5_25_1024/SOAP_full_000_056/simulation_test/SOAP_uncompressed/HBTplus/halo_properties_0056.hdf5
BTKP10,0056,0.0000000000e+00,diemer19,DiemerJoyce19,1.2625000000e+01,8.4992007124e-01,6.9526859255e+00,1.0180461359e+00,1.8046135917e-02,1.1273195567e-01,2.2066962258e-01,11,/project/tkcastrosim/HNHuang/project_big_sim/data/bluetilted/kp_10_ms_1.5_25_1024/SOAP_full_000_056/simulation_test/SOAP_uncompressed/HBTplus/halo_properties_0056.hdf5
BTKP10,0056,0.0000000000e+00,diemer19,DiemerJoyce19,1.2875000000e+01,8.0165455855e-01,6.4830658040e+00,9.7695403011e-01,-2.3045969888e-02,2.9583438061e-01,4.8606742616e-01,7,/project/tkcastrosim/HNHuang/project_big_sim/data/bluetilted/kp_10_ms_1.5_25_1024/SOAP_full_000_056/simulation_test/SOAP_uncompressed/HBTplus/halo_properties_0056.hdf5
BTKP10,0056,0.0000000000e+00,diemer19,DiemerJoyce19,1.3125000000e+01,7.7008338775e-01,6.0436822134e+00,9.7449982933e-01,-2.5500170669e-02,2.7636585517e-01,1.9239254582e-01,14,/project/tkcastrosim/HNHuang/project_big_sim/data/bluetilted/kp_10_ms_1.5_25_1024/SOAP_full_000_056/simulation_test/SOAP_uncompressed/HBTplus/halo_properties_0056.hdf5
BTKP10,0056,0.0000000000e+00,diemer19,DiemerJoyce19,1.3375000000e+01,7.9285013344e-01,5.6219595117e+00,1.1039830865e+00,1.0398308649e-01,3.3372769579e-01,1.0029259462e-01,3,/project/tkcastrosim/HNHuang/project_big_sim/data/bluetilted/kp_10_ms_1.5_25_1024/SOAP_full_000_056/simulation_test/SOAP_uncompressed/HBTplus/halo_properties_0056.hdf5
BTKP10,0056,0.0000000000e+00,ishiyama21_fit,Ishiyama21Fit,8.3750000000e+00,1.3754818968e+00,2.3492037346e+01,1.0105579296e+00,1.0557929606e-02,4.4269095992e-01,1.0073198589e+00,102876,/project/tkcastrosim/HNHuang/project_big_sim/data/bluetilted/kp_10_ms_1.5_25_1024/SOAP_full_000_056/simulation_test/SOAP_uncompressed/HBTplus/halo_properties_0056.hdf5
BTKP10,0056,0.0000000000e+00,ishiyama21_fit,Ishiyama21Fit,8.6250000000e+00,1.3570744212e+00,2.1394489837e+01,1.0635856918e+00,6.3585691828e-02,4.3149030431e-01,9.8427337239e-01,69083,/project/tkcastrosim/HNHuang/project_big_sim/data/bluetilted/kp_10_ms_1.5_25_1024/SOAP_full_000_056/simulation_test/SOAP_uncompressed/HBTplus/halo_properties_0056.hdf5
BTKP10,0056,0.0000000000e+00,ishiyama21_fit,Ishiyama21Fit,8.8750000000e+00,1.3319405090e+00,1.9529183740e+01,1.0996549095e+00,9.9654909512e-02,4.2524407355e-01,9.0950466733e-01,39215,/project/tkcastrosim/HNHuang/project_big_sim/data/bluetilted/kp_10_ms_1.5_25_1024/SOAP_full_000_056/simulation_test/SOAP_uncompressed/HBTplus/halo_properties_0056.hdf5
BTKP10,0056,0.0000000000e+00,ishiyama21_fit,Ishiyama21Fit,9.1250000000e+00,1.3020406908e+00,1.7863781033e+01,1.1221923509e+00,1.2219235085e-01,4.1605084167e-01,8.5136648672e-01,22319,/project/tkcastrosim/HNHuang/project_big_sim/data/bluetilted/kp_10_ms_1.5_25_1024/SOAP_full_000_056/simulation_test/SOAP_uncompressed/HBTplus/halo_properties_0056.hdf5
BTKP10,0056,0.0000000000e+00,ishiyama21_fit,Ishiyama21Fit,9.3750000000e+00,1.2654380038e+00,1.6371436556e+01,1.1255148109e+00,1.2551481093e-01,4.0682759350e-01,7.5791679504e-01,12256,/project/tkcastrosim/HNHuang/project_big_sim/data/bluetilted/kp_10_ms_1.5_25_1024/SOAP_full_000_056/simulation_test/SOAP_uncompressed/HBTplus/halo_properties_0056.hdf5
BTKP10,0056,0.0000000000e+00,ishiyama21_fit,Ishiyama21Fit,9.6250000000e+00,1.2296381840e+00,1.5033554897e+01,1.1286947271e+00,1.2869472714e-01,3.8501418647e-01,7.1452609778e-01,6993,/project/tkcastrosim/HNHuang/project_big_sim/data/bluetilted/kp_10_ms_1.5_25_1024/SOAP_full_000_056/simulation_test/SOAP_uncompressed/HBTplus/halo_properties_0056.hdf5
BTKP10,0056,0.0000000000e+00,ishiyama21_fit,Ishiyama21Fit,9.8750000000e+00,1.1845341293e+00,1.3895078234e+01,1.1007105598e+00,1.0071055979e-01,3.7342445008e-01,6.5318144462e-01,3907,/project/tkcastrosim/HNHuang/project_big_sim/data/bluetilted/kp_10_ms_1.5_25_1024/SOAP_full_000_056/simulation_test/SOAP_uncompressed/HBTplus/halo_properties_0056.hdf5
BTKP10,0056,0.0000000000e+00,ishiyama21_fit,Ishiyama21Fit,1.0125000000e+01,1.1518932338e+00,1.2934202306e+01,1.0968660242e+00,9.6866024160e-02,3.5807261362e-01,5.5085113663e-01,2241,/project/tkcastrosim/HNHuang/project_big_sim/data/bluetilted/kp_10_ms_1.5_25_1024/SOAP_full_000_056/simulation_test/SOAP_uncompressed/HBTplus/halo_properties_0056.hdf5
BTKP10,0056,0.0000000000e+00,ishiyama21_fit,Ishiyama21Fit,1.0375000000e+01,1.1109543155e+00,1.2107712934e+01,1.0663314049e+00,6.6331404879e-02,3.5517919971e-01,5.2055946572e-01,1282,/project/tkcastrosim/HNHuang/project_big_sim/data/bluetilted/kp_10_ms_1.5_25_1024/SOAP_full_000_056/simulation_test/SOAP_uncompressed/HBTplus/halo_properties_0056.hdf5
BTKP10,0056,0.0000000000e+00,ishiyama21_fit,Ishiyama21Fit,1.0625000000e+01,1.0849385082e+00,1.1383799564e+01,1.0681967880e+00,6.8196787964e-02,3.4047540804e-01,4.3619360316e-01,775,/project/tkcastrosim/HNHuang/project_big_sim/data/bluetilted/kp_10_ms_1.5_25_1024/SOAP_full_000_056/simulation_test/SOAP_uncompressed/HBTplus/halo_properties_0056.hdf5
BTKP10,0056,0.0000000000e+00,ishiyama21_fit,Ishiyama21Fit,1.0875000000e+01,1.0543475035e+00,1.0738712967e+01,1.0553469738e+00,5.5346973833e-02,3.2687814039e-01,4.5191576710e-01,438,/project/tkcastrosim/HNHuang/project_big_sim/data/bluetilted/kp_10_ms_1.5_25_1024/SOAP_full_000_056/simulation_test/SOAP_uncompressed/HBTplus/halo_properties_0056.hdf5
BTKP10,0056,0.0000000000e+00,ishiyama21_fit,Ishiyama21Fit,1.1125000000e+01,1.0216083634e+00,1.0154447020e+01,1.0350279683e+00,3.5027968258e-02,3.0396190708e-01,3.1645829105e-01,276,/project/tkcastrosim/HNHuang/project_big_sim/data/bluetilted/kp_10_ms_1.5_25_1024/SOAP_full_000_056/simulation_test/SOAP_uncompressed/HBTplus/halo_properties_0056.hdf5
BTKP10,0056,0.0000000000e+00,ishiyama21_fit,Ishiyama21Fit,1.1375000000e+01,1.0056268800e+00,9.6171485083e+00,1.0533690590e+00,5.3369058993e-02,2.9327049672e-01,3.4670529426e-01,154,/project/tkcastrosim/HNHuang/project_big_sim/data/bluetilted/kp_10_ms_1.5_25_1024/SOAP_full_000_056/simulation_test/SOAP_uncompressed/HBTplus/halo_properties_0056.hdf5
BTKP10,0056,0.0000000000e+00,ishiyama21_fit,Ishiyama21Fit,1.1625000000e+01,9.5930644746e-01,9.1122755067e+00,9.9926253631e-01,-7.3746368608e-04,2.5112489376e-01,3.5388312066e-01,91,/project/tkcastrosim/HNHuang/project_big_sim/data/bluetilted/kp_10_ms_1.5_25_1024/SOAP_full_000_056/simulation_test/SOAP_uncompressed/HBTplus/halo_properties_0056.hdf5
BTKP10,0056,0.0000000000e+00,ishiyama21_fit,Ishiyama21Fit,1.1875000000e+01,9.3998335753e-01,8.6094148689e+00,1.0116020983e+00,1.1602098306e-02,2.8200883024e-01,3.5568145266e-01,64,/project/tkcastrosim/HNHuang/project_big_sim/data/bluetilted/kp_10_ms_1.5_25_1024/SOAP_full_000_056/simulation_test/SOAP_uncompressed/HBTplus/halo_properties_0056.hdf5
BTKP10,0056,0.0000000000e+00,ishiyama21_fit,Ishiyama21Fit,1.2125000000e+01,8.7226093257e-01,8.1049419365e+00,9.1941381399e-01,-8.0586186005e-02,2.4291075443e-01,3.3461536533e-01,37,/project/tkcastrosim/HNHuang/project_big_sim/data/bluetilted/kp_10_ms_1.5_25_1024/SOAP_full_000_056/simulation_test/SOAP_uncompressed/HBTplus/halo_properties_0056.hdf5
BTKP10,0056,0.0000000000e+00,ishiyama21_fit,Ishiyama21Fit,1.2375000000e+01,9.1138225227e-01,7.6016341385e+00,1.0726926103e+00,7.2692610270e-02,2.8038598466e-01,3.1764806029e-01,19,/project/tkcastrosim/HNHuang/project_big_sim/data/bluetilted/kp_10_ms_1.5_25_1024/SOAP_full_000_056/simulation_test/SOAP_uncompressed/HBTplus/halo_properties_0056.hdf5
BTKP10,0056,0.0000000000e+00,ishiyama21_fit,Ishiyama21Fit,1.2625000000e+01,8.4992007124e-01,7.1029709500e+00,9.9650626344e-01,-3.4937365613e-03,1.1034676716e-01,2.1600068336e-01,11,/project/tkcastrosim/HNHuang/project_big_sim/data/bluetilted/kp_10_ms_1.5_25_1024/SOAP_full_000_056/simulation_test/SOAP_uncompressed/HBTplus/halo_properties_0056.hdf5
BTKP10,0056,0.0000000000e+00,ishiyama21_fit,Ishiyama21Fit,1.2875000000e+01,8.0165455855e-01,6.6131540570e+00,9.5773623450e-01,-4.2263765502e-02,2.9001498227e-01,4.7650592771e-01,7,/project/tkcastrosim/HNHuang/project_big_sim/data/bluetilted/kp_10_ms_1.5_25_1024/SOAP_full_000_056/simulation_test/SOAP_uncompressed/HBTplus/halo_properties_0056.hdf5
BTKP10,0056,0.0000000000e+00,ishiyama21_fit,Ishiyama21Fit,1.3125000000e+01,7.7008338775e-01,6.1371112851e+00,9.5966441080e-01,-4.0335589200e-02,2.7215856543e-01,1.8946363414e-01,14,/project/tkcastrosim/HNHuang/project_big_sim/data/bluetilted/kp_10_ms_1.5_25_1024/SOAP_full_000_056/simulation_test/SOAP_uncompressed/HBTplus/halo_properties_0056.hdf5
BTKP10,0056,0.0000000000e+00,ishiyama21_fit,Ishiyama21Fit,1.3375000000e+01,7.9285013344e-01,5.6840992711e+00,1.0919141130e+00,9.1914113010e-02,3.3007931497e-01,9.9196175047e-02,3,/project/tkcastrosim/HNHuang/project_big_sim/data/bluetilted/kp_10_ms_1.5_25_1024/SOAP_full_000_056/simulation_test/SOAP_uncompressed/HBTplus/halo_properties_0056.hdf5
BTKP10,0056,0.0000000000e+00,ludlow16,Ludlow16,8.3750000000e+00,1.3754818968e+00,2.4810991715e+01,9.5683658658e-01,-4.3163413423e-02,4.1915747192e-01,9.5377065198e-01,102876,/project/tkcastrosim/HNHuang/project_big_sim/data/bluetilted/kp_10_ms_1.5_25_1024/SOAP_full_000_056/simulation_test/SOAP_uncompressed/HBTplus/halo_properties_0056.hdf5
BTKP10,0056,0.0000000000e+00,ludlow16,Ludlow16,8.6250000000e+00,1.3570744212e+00,2.2856261886e+01,9.9556407727e-01,-4.4359227311e-03,4.0389434529e-01,9.2132417660e-01,69083,/project/tkcastrosim/HNHuang/project_big_sim/data/bluetilted/kp_10_ms_1.5_25_1024/SOAP_full_000_056/simulation_test/SOAP_uncompressed/HBTplus/halo_properties_0056.hdf5
BTKP10,0056,0.0000000000e+00,ludlow16,Ludlow16,8.8750000000e+00,1.3319405090e+00,2.1063498187e+01,1.0195534753e+00,1.9553475273e-02,3.9426830115e-01,8.4325422124e-01,39215,/project/tkcastrosim/HNHuang/project_big_sim/data/bluetilted/kp_10_ms_1.5_25_1024/SOAP_full_000_056/simulation_test/SOAP_uncompressed/HBTplus/halo_properties_0056.hdf5
BTKP10,0056,0.0000000000e+00,ludlow16,Ludlow16,9.1250000000e+00,1.3020406908e+00,1.9422295734e+01,1.0321436099e+00,3.2143609946e-02,3.8266542926e-01,7.8304978494e-01,22319,/project/tkcastrosim/HNHuang/project_big_sim/data/bluetilted/kp_10_ms_1.5_25_1024/SOAP_full_000_056/simulation_test/SOAP_uncompressed/HBTplus/halo_properties_0056.hdf5
BTKP10,0056,0.0000000000e+00,ludlow16,Ludlow16,9.3750000000e+00,1.2654380038e+00,1.7926334776e+01,1.0278896690e+00,2.7889669042e-02,3.7154009559e-01,6.9217644765e-01,12256,/project/tkcastrosim/HNHuang/project_big_sim/data/bluetilted/kp_10_ms_1.5_25_1024/SOAP_full_000_056/simulation_test/SOAP_uncompressed/HBTplus/halo_properties_0056.hdf5
BTKP10,0056,0.0000000000e+00,ludlow16,Ludlow16,9.6250000000e+00,1.2296381840e+00,1.6560551735e+01,1.0246213057e+00,2.4621305734e-02,3.4951322885e-01,6.4864187427e-01,6993,/project/tkcastrosim/HNHuang/project_big_sim/data/bluetilted/kp_10_ms_1.5_25_1024/SOAP_full_000_056/simulation_test/SOAP_uncompressed/HBTplus/halo_properties_0056.hdf5
BTKP10,0056,0.0000000000e+00,ludlow16,Ludlow16,9.8750000000e+00,1.1845341293e+00,1.5312038847e+01,9.9885191611e-01,-1.1480838900e-03,3.3886812856e-01,5.9273669334e-01,3907,/project/tkcastrosim/HNHuang/project_big_sim/data/bluetilted/kp_10_ms_1.5_25_1024/SOAP_full_000_056/simulation_test/SOAP_uncompressed/HBTplus/halo_properties_0056.hdf5
BTKP10,0056,0.0000000000e+00,ludlow16,Ludlow16,1.0125000000e+01,1.1518932338e+00,1.4177480926e+01,1.0006775628e+00,6.7756275140e-04,3.2667182901e-01,5.0254485115e-01,2241,/project/tkcastrosim/HNHuang/project_big_sim/data/bluetilted/kp_10_ms_1.5_25_1024/SOAP_full_000_056/simulation_test/SOAP_uncompressed/HBTplus/halo_properties_0056.hdf5
BTKP10,0056,0.0000000000e+00,ludlow16,Ludlow16,1.0375000000e+01,1.1109543155e+00,1.3145787457e+01,9.8212713275e-01,-1.7872867252e-02,3.2713200364e-01,4.7945279784e-01,1282,/project/tkcastrosim/HNHuang/project_big_sim/data/bluetilted/kp_10_ms_1.5_25_1024/SOAP_full_000_056/simulation_test/SOAP_uncompressed/HBTplus/halo_properties_0056.hdf5
BTKP10,0056,0.0000000000e+00,ludlow16,Ludlow16,1.0625000000e+01,1.0849385082e+00,1.2213136378e+01,9.9566055378e-01,-4.3394462156e-03,3.1735531986e-01,4.0657374126e-01,775,/project/tkcastrosim/HNHuang/project_big_sim/data/bluetilted/kp_10_ms_1.5_25_1024/SOAP_full_000_056/simulation_test/SOAP_uncompressed/HBTplus/halo_properties_0056.hdf5
BTKP10,0056,0.0000000000e+00,ludlow16,Ludlow16,1.0875000000e+01,1.0543475035e+00,1.1374819583e+01,9.9632949338e-01,-3.6705066171e-03,3.0859834736e-01,4.2664357643e-01,438,/project/tkcastrosim/HNHuang/project_big_sim/data/bluetilted/kp_10_ms_1.5_25_1024/SOAP_full_000_056/simulation_test/SOAP_uncompressed/HBTplus/halo_properties_0056.hdf5
BTKP10,0056,0.0000000000e+00,ludlow16,Ludlow16,1.1125000000e+01,1.0216083634e+00,1.0624899088e+01,9.8919872854e-01,-1.0801271463e-02,2.9050300208e-01,3.0244606788e-01,276,/project/tkcastrosim/HNHuang/project_big_sim/data/bluetilted/kp_10_ms_1.5_25_1024/SOAP_full_000_056/simulation_test/SOAP_uncompressed/HBTplus/halo_properties_0056.hdf5
BTKP10,0056,0.0000000000e+00,ludlow16,Ludlow16,1.1375000000e+01,1.0056268800e+00,9.9561652619e+00,1.0175008558e+00,1.7500855797e-02,2.8328436159e-01,3.3489965421e-01,154,/project/tkcastrosim/HNHuang/project_big_sim/data/bluetilted/kp_10_ms_1.5_25_1024/SOAP_full_000_056/simulation_test/SOAP_uncompressed/HBTplus/halo_properties_0056.hdf5
BTKP10,0056,0.0000000000e+00,ludlow16,Ludlow16,1.1625000000e+01,9.5930644746e-01,9.3597196700e+00,9.7284489873e-01,-2.7155101272e-02,2.4448587129e-01,3.4452746517e-01,91,/project/tkcastrosim/HNHuang/project_big_sim/data/bluetilted/kp_10_ms_1.5_25_1024/SOAP_full_000_056/simulation_test/SOAP_uncompressed/HBTplus/halo_properties_0056.hdf5
BTKP10,0056,0.0000000000e+00,ludlow16,Ludlow16,1.1875000000e+01,9.3998335753e-01,8.8223636730e+00,9.8718466722e-01,-1.2815332782e-02,2.7520187404e-01,3.4709623188e-01,64,/project/tkcastrosim/HNHuang/project_big_sim/data/bluetilted/kp_10_ms_1.5_25_1024/SOAP_full_000_056/simulation_test/SOAP_uncompressed/HBTplus/halo_properties_0056.hdf5
BTKP10,0056,0.0000000000e+00,ludlow16,Ludlow16,1.2125000000e+01,8.7226093257e-01,8.3323310133e+00,8.9432303711e-01,-1.0567696289e-01,2.3628172684e-01,3.2548372151e-01,37,/project/tkcastrosim/HNHuang/project_big_sim/data/bluetilted/kp_10_ms_1.5_25_1024/SOAP_full_000_056/simulation_test/SOAP_uncompressed/HBTplus/halo_properties_0056.hdf5
BTKP10,0056,0.0000000000e+00,ludlow16,Ludlow16,1.2375000000e+01,9.1138225227e-01,7.8731721568e+00,1.0356964898e+00,3.5696489792e-02,2.7071574589e-01,3.0669268892e-01,19,/project/tkcastrosim/HNHuang/project_big_sim/data/bluetilted/kp_10_ms_1.5_25_1024/SOAP_full_000_056/simulation_test/SOAP_uncompressed/HBTplus/halo_properties_0056.hdf5
BTKP10,0056,0.0000000000e+00,ludlow16,Ludlow16,1.2625000000e+01,8.4992007124e-01,7.4372865146e+00,9.5171202922e-01,-4.8287970777e-02,1.0538653849e-01,2.0629117570e-01,11,/project/tkcastrosim/HNHuang/project_big_sim/data/bluetilted/kp_10_ms_1.5_25_1024/SOAP_full_000_056/simulation_test/SOAP_uncompressed/HBTplus/halo_properties_0056.hdf5
BTKP10,0056,0.0000000000e+00,ludlow16,Ludlow16,1.2875000000e+01,8.0165455855e-01,7.0156760313e+00,9.0278645086e-01,-9.7213549135e-02,2.7337547345e-01,4.4916656569e-01,7,/project/tkcastrosim/HNHuang/project_big_sim/data/bluetilted/kp_10_ms_1.5_25_1024/SOAP_full_000_056/simulation_test/SOAP_uncompressed/HBTplus/halo_properties_0056.hdf5
BTKP10,0056,0.0000000000e+00,ludlow16,Ludlow16,1.3125000000e+01,7.7008338775e-01,6.6047310678e+00,8.9171946972e-01,-1.0828053028e-01,2.5288954026e-01,1.7604947048e-01,14,/project/tkcastrosim/HNHuang/project_big_sim/data/bluetilted/kp_10_ms_1.5_25_1024/SOAP_full_000_056/simulation_test/SOAP_uncompressed/HBTplus/halo_properties_0056.hdf5
BTKP10,0056,0.0000000000e+00,ludlow16,Ludlow16,1.3375000000e+01,7.9285013344e-01,6.1999883000e+00,1.0010580526e+00,1.0580526349e-03,3.0261405391e-01,9.0942253276e-02,3,/project/tkcastrosim/HNHuang/project_big_sim/data/bluetilted/kp_10_ms_1.5_25_1024/SOAP_full_000_056/simulation_test/SOAP_uncompressed/HBTplus/halo_properties_0056.hdf5
PL,0048,1.0717968600e+00,diemer19,DiemerJoyce19,8.3750000000e+00,8.8652906430e-01,1.0220530697e+01,7.5345204736e-01,-2.4654795264e-01,3.2635147120e-01,4.9109907508e-01,84037,/project/tkcastrosim/HNHuang/project_big_sim/data/PL/PL_25_1024/SOAP_full_000_056/simulation_test/SOAP_uncompressed/HBTplus/halo_properties_0048.hdf5
PL,0048,1.0717968600e+00,diemer19,DiemerJoyce19,8.6250000000e+00,9.0628814587e-01,9.8141530092e+00,8.2117424759e-01,-1.7882575241e-01,3.2847445653e-01,4.6617566322e-01,58818,/project/tkcastrosim/HNHuang/project_big_sim/data/PL/PL_25_1024/SOAP_full_000_056/simulation_test/SOAP_uncompressed/HBTplus/halo_properties_0048.hdf5
PL,0048,1.0717968600e+00,diemer19,DiemerJoyce19,8.8750000000e+00,9.1507705693e-01,9.4139980258e+00,8.7358054597e-01,-1.2641945403e-01,3.3607709591e-01,4.2990070909e-01,35440,/project/tkcastrosim/HNHuang/project_big_sim/data/PL/PL_25_1024/SOAP_full_000_056/simulation_test/SOAP_uncompressed/HBTplus/halo_properties_0048.hdf5
PL,0048,1.0717968600e+00,diemer19,DiemerJoyce19,9.1250000000e+00,9.1641062112e-01,9.0211858420e+00,9.1442268495e-01,-8.5577315052e-02,3.4000902948e-01,3.9914367649e-01,20799,/project/tkcastrosim/HNHuang/project_big_sim/data/PL/PL_25_1024/SOAP_full_000_056/simulation_test/SOAP_uncompressed/HBTplus/halo_properties_0048.hdf5
PL,0048,1.0717968600e+00,diemer19,DiemerJoyce19,9.3750000000e+00,9.0270261197e-01,8.6353107182e+00,9.2560276413e-01,-7.4397235872e-02,3.4200225148e-01,3.9164245685e-01,12329,/project/tkcastrosim/HNHuang/project_big_sim/data/PL/PL_25_1024/SOAP_full_000_056/simulation_test/SOAP_uncompressed/HBTplus/halo_properties_0048.hdf5
PL,0048,1.0717968600e+00,diemer19,DiemerJoyce19,9.6250000000e+00,8.9675853092e-01,8.2561721815e+00,9.5494814488e-01,-4.5051855121e-02,3.5072102796e-01,3.7601240509e-01,7331,/project/tkcastrosim/HNHuang/project_big_sim/data/PL/PL_25_1024/SOAP_full_000_056/simulation_test/SOAP_uncompressed/HBTplus/halo_properties_0048.hdf5
PL,0048,1.0717968600e+00,diemer19,DiemerJoyce19,9.8750000000e+00,8.8780941904e-01,7.8837622524e+00,9.7966118232e-01,-2.0338817682e-02,3.6371604198e-01,3.8410399773e-01,4298,/project/tkcastrosim/HNHuang/project_big_sim/data/PL/PL_25_1024/SOAP_full_000_056/simulation_test/SOAP_uncompressed/HBTplus/halo_properties_0048.hdf5
PL,0048,1.0717968600e+00,diemer19,DiemerJoyce19,1.0125000000e+01,8.6145994290e-01,7.5180137889e+00,9.6684493174e-01,-3.3155068257e-02,3.5854233239e-01,3.7349258218e-01,2625,/project/tkcastrosim/HNHuang/project_big_sim/data/PL/PL_25_1024/SOAP_full_000_056/simulation_test/SOAP_uncompressed/HBTplus/halo_properties_0048.hdf5
PL,0048,1.0717968600e+00,diemer19,DiemerJoyce19,1.0375000000e+01,8.4569571268e-01,7.1588806665e+00,9.7915306923e-01,-2.0846930769e-02,3.7357320985e-01,3.4685769190e-01,1534,/project/tkcastrosim/HNHuang/project_big_sim/data/PL/PL_25_1024/SOAP_full_000_056/simulation_test/SOAP_uncompressed/HBTplus/halo_properties_0048.hdf5
PL,0048,1.0717968600e+00,diemer19,DiemerJoyce19,1.0625000000e+01,8.3131204589e-01,6.8066046960e+00,9.9628024038e-01,-3.7197596155e-03,3.9308980084e-01,3.6570902404e-01,873,/project/tkcastrosim/HNHuang/project_big_sim/data/PL/PL_25_1024/SOAP_full_000_056/simulation_test/SOAP_uncompressed/HBTplus/halo_properties_0048.hdf5
PL,0048,1.0717968600e+00,diemer19,DiemerJoyce19,1.0875000000e+01,8.0230907194e-01,6.4617429800e+00,9.8165615114e-01,-1.8343848856e-02,3.6042834448e-01,3.5792969063e-01,515,/project/tkcastrosim/HNHuang/project_big_sim/data/PL/PL_25_1024/SOAP_full_000_056/simulation_test/SOAP_uncompressed/HBTplus/halo_properties_0048.hdf5
PL,0048,1.0717968600e+00,diemer19,DiemerJoyce19,1.1125000000e+01,7.9823244693e-01,6.1270703996e+00,1.0256036943e+00,2.5603694341e-02,3.9690781187e-01,3.4999197472e-01,313,/project/tkcastrosim/HNHuang/project_big_sim/data/PL/PL_25_1024/SOAP_full_000_056/simulation_test/SOAP_uncompressed/HBTplus/halo_properties_0048.hdf5
PL,0048,1.0717968600e+00,diemer19,DiemerJoyce19,1.1375000000e+01,7.7631744841e-01,5.8058405633e+00,1.0290875950e+00,2.9087595022e-02,3.7185716216e-01,3.7369430651e-01,186,/project/tkcastrosim/HNHuang/project_big_sim/data/PL/PL_25_1024/SOAP_full_000_056/simulation_test/SOAP_uncompressed/HBTplus/halo_properties_0048.hdf5
PL,0048,1.0717968600e+00,diemer19,DiemerJoyce19,1.1625000000e+01,7.4000855642e-01,5.4985691592e+00,9.9944491930e-01,-5.5508069757e-04,3.5745563335e-01,2.9637021282e-01,94,/project/tkcastrosim/HNHuang/project_big_sim/data/PL/PL_25_1024/SOAP_full_000_056/simulation_test/SOAP_uncompressed/HBTplus/halo_properties_0048.hdf5
PL,0048,1.0717968600e+00,diemer19,DiemerJoyce19,1.1875000000e+01,6.8545511839e-01,5.2061777518e+00,9.3097094357e-01,-6.9029056428e-02,3.9584153628e-01,5.6605136816e-01,64,/project/tkcastrosim/HNHuang/project_big_sim/data/PL/PL_25_1024/SOAP_full_000_056/simulation_test/SOAP_uncompressed/HBTplus/halo_properties_0048.hdf5
PL,0048,1.0717968600e+00,diemer19,DiemerJoyce19,1.2125000000e+01,7.0430264975e-01,4.9297553286e+00,1.0267797255e+00,2.6779725534e-02,4.8654283846e-01,5.5944490231e-01,41,/project/tkcastrosim/HNHuang/project_big_sim/data/PL/PL_25_1024/SOAP_full_000_056/simulation_test/SOAP_uncompressed/HBTplus/halo_properties_0048.hdf5
PL,0048,1.0717968600e+00,diemer19,DiemerJoyce19,1.2375000000e+01,7.2606895778e-01,4.6707271201e+00,1.1394216383e+00,1.3942163834e-01,3.1029980650e-01,3.0545033063e-01,23,/project/tkcastrosim/HNHuang/project_big_sim/data/PL/PL_25_1024/SOAP_full_000_056/simulation_test/SOAP_uncompressed/HBTplus/halo_properties_0048.hdf5
PL,0048,1.0717968600e+00,diemer19,DiemerJoyce19,1.2625000000e+01,6.4107635844e-01,4.4312250872e+00,9.8753511555e-01,-1.2464884449e-02,2.0443604390e-01,4.8138975101e-01,12,/project/tkcastrosim/HNHuang/project_big_sim/data/PL/PL_25_1024/SOAP_full_000_056/simulation_test/SOAP_uncompressed/HBTplus/halo_properties_0048.hdf5
PL,0048,1.0717968600e+00,diemer19,DiemerJoyce19,1.2875000000e+01,5.8703200869e-01,4.2141994748e+00,9.1688933264e-01,-8.3110667359e-02,2.0840525730e-01,3.9041349975e-01,9,/project/tkcastrosim/HNHuang/project_big_sim/data/PL/PL_25_1024/SOAP_full_000_056/simulation_test/SOAP_uncompressed/HBTplus/halo_properties_0048.hdf5
PL,0048,1.0717968600e+00,diemer19,DiemerJoyce19,1.3125000000e+01,6.7615669232e-01,4.0250824888e+00,1.1786419849e+00,1.7864198493e-01,1.3510626553e-01,1.5259843433e-01,2,/project/tkcastrosim/HNHuang/project_big_sim/data/PL/PL_25_1024/SOAP_full_000_056/simulation_test/SOAP_uncompressed/HBTplus/halo_properties_0048.hdf5
PL,0048,1.0717968600e+00,diemer19,DiemerJoyce19,1.3375000000e+01,5.9320611217e-01,3.8701998876e+00,1.0126811268e+00,1.2681126836e-02,0.0000000000e+00,0.0000000000e+00,1,/project/tkcastrosim/HNHuang/project_big_sim/data/PL/PL_25_1024/SOAP_full_000_056/simulation_test/SOAP_uncompressed/HBTplus/halo_properties_0048.hdf5
PL,0048,1.0717968600e+00,ishiyama21_fit,Ishiyama21Fit,8.3750000000e+00,8.8652906430e-01,9.9500664345e+00,7.7393249882e-01,-2.2606750118e-01,3.3522240796e-01,5.0444820699e-01,84037,/project/tkcastrosim/HNHuang/project_big_sim/data/PL/PL_25_1024/SOAP_full_000_056/simulation_test/SOAP_uncompressed/HBTplus/halo_properties_0048.hdf5
PL,0048,1.0717968600e+00,ishiyama21_fit,Ishiyama21Fit,8.6250000000e+00,9.0628814587e-01,9.5642236722e+00,8.4263291922e-01,-1.5736708078e-01,3.3705804950e-01,4.7835762157e-01,58818,/project/tkcastrosim/HNHuang/project_big_sim/data/PL/PL_25_1024/SOAP_full_000_056/simulation_test/SOAP_uncompressed/HBTplus/halo_properties_0048.hdf5
PL,0048,1.0717968600e+00,ishiyama21_fit,Ishiyama21Fit,8.8750000000e+00,9.1507705693e-01,9.1821370346e+00,8.9563959939e-01,-1.0436040061e-01,3.4456348293e-01,4.4075626529e-01,35440,/project/tkcastrosim/HNHuang/project_big_sim/data/PL/PL_25_1024/SOAP_full_000_056/simulation_test/SOAP_uncompressed/HBTplus/halo_properties_0048.hdf5
PL,0048,1.0717968600e+00,ishiyama21_fit,Ishiyama21Fit,9.1250000000e+00,9.1641062112e-01,8.8036371249e+00,9.3701919581e-01,-6.2980804189e-02,3.4841107140e-01,4.0900700837e-01,20799,/project/tkcastrosim/HNHuang/project_big_sim/data/PL/PL_25_1024/SOAP_full_000_056/simulation_test/SOAP_uncompressed/HBTplus/halo_properties_0048.hdf5
PL,0048,1.0717968600e+00,ishiyama21_fit,Ishiyama21Fit,9.3750000000e+00,9.0270261197e-01,8.4287411118e+00,9.4828721915e-01,-5.1712780849e-02,3.5038396228e-01,4.0124073815e-01,12329,/project/tkcastrosim/HNHuang/project_big_sim/data/PL/PL_25_1024/SOAP_full_000_056/simulation_test/SOAP_uncompressed/HBTplus/halo_properties_0048.hdf5
PL,0048,1.0717968600e+00,ishiyama21_fit,Ishiyama21Fit,9.6250000000e+00,8.9675853092e-01,8.0582427624e+00,9.7840392018e-01,-2.1596079818e-02,3.5933556234e-01,3.8524815526e-01,7331,/project/tkcastrosim/HNHuang/project_big_sim/data/PL/PL_25_1024/SOAP_full_000_056/simulation_test/SOAP_uncompressed/HBTplus/halo_properties_0048.hdf5
PL,0048,1.0717968600e+00,ishiyama21_fit,Ishiyama21Fit,9.8750000000e+00,8.8780941904e-01,7.6963774307e+00,1.0035131357e+00,3.5131357359e-03,3.7257148940e-01,3.9345583368e-01,4298,/project/tkcastrosim/HNHuang/project_big_sim/data/PL/PL_25_1024/SOAP_full_000_056/simulation_test/SOAP_uncompressed/HBTplus/halo_properties_0048.hdf5
PL,0048,1.0717968600e+00,ishiyama21_fit,Ishiyama21Fit,1.0125000000e+01,8.6145994290e-01,7.3433205761e+00,9.8984559550e-01,-1.0154404504e-02,3.6707184044e-01,3.8237774774e-01,2625,/project/tkcastrosim/HNHuang/project_big_sim/data/PL/PL_25_1024/SOAP_full_000_056/simulation_test/SOAP_uncompressed/HBTplus/halo_properties_0048.hdf5
PL,0048,1.0717968600e+00,ishiyama21_fit,Ishiyama21Fit,1.0375000000e+01,8.4569571268e-01,6.9984201999e+00,1.0016031871e+00,1.6031871051e-03,3.8213853315e-01,3.5481047917e-01,1534,/project/tkcastrosim/HNHuang/project_big_sim/data/PL/PL_25_1024/SOAP_full_000_056/simulation_test/SOAP_uncompressed/HBTplus/halo_properties_0048.hdf5
PL,0048,1.0717968600e+00,ishiyama21_fit,Ishiyama21Fit,1.0625000000e+01,8.3131204589e-01,6.6613570022e+00,1.0180036531e+00,1.8003653088e-02,4.0166093537e-01,3.7368313387e-01,873,/project/tkcastrosim/HNHuang/project_big_sim/data/PL/PL_25_1024/SOAP_full_000_056/simulation_test/SOAP_uncompressed/HBTplus/halo_properties_0048.hdf5
PL,0048,1.0717968600e+00,ishiyama21_fit,Ishiyama21Fit,1.0875000000e+01,8.0230907194e-01,6.3321662995e+00,1.0017440230e+00,1.7440230496e-03,3.6780387858e-01,3.6525409415e-01,515,/project/tkcastrosim/HNHuang/project_big_sim/data/PL/PL_25_1024/SOAP_full_000_056/simulation_test/SOAP_uncompressed/HBTplus/halo_properties_0048.hdf5
PL,0048,1.0717968600e+00,ishiyama21_fit,Ishiyama21Fit,1.1125000000e+01,7.9823244693e-01,6.0112452588e+00,1.0453651060e+00,4.5365106029e-02,4.0455546244e-01,3.5673564729e-01,313,/project/tkcastrosim/HNHuang/project_big_sim/data/PL/PL_25_1024/SOAP_full_000_056/simulation_test/SOAP_uncompressed/HBTplus/halo_properties_0048.hdf5
PL,0048,1.0717968600e+00,ishiyama21_fit,Ishiyama21Fit,1.1375000000e+01,7.7631744841e-01,5.6993870117e+00,1.0483089655e+00,4.8308965541e-02,3.7880273640e-01,3.8067419506e-01,186,/project/tkcastrosim/HNHuang/project_big_sim/data/PL/PL_25_1024/SOAP_full_000_056/simulation_test/SOAP_uncompressed/HBTplus/halo_properties_0048.hdf5
PL,0048,1.0717968600e+00,ishiyama21_fit,Ishiyama21Fit,1.1625000000e+01,7.4000855642e-01,5.3984006098e+00,1.0179898468e+00,1.7989846772e-02,3.6408830381e-01,3.0186942943e-01,94,/project/tkcastrosim/HNHuang/project_big_sim/data/PL/PL_25_1024/SOAP_full_000_056/simulation_test/SOAP_uncompressed/HBTplus/halo_properties_0048.hdf5
PL,0048,1.0717968600e+00,ishiyama21_fit,Ishiyama21Fit,1.1875000000e+01,6.8545511839e-01,5.1135774065e+00,9.4782963641e-01,-5.2170363589e-02,4.0300972012e-01,5.7630183431e-01,64,/project/tkcastrosim/HNHuang/project_big_sim/data/PL/PL_25_1024/SOAP_full_000_056/simulation_test/SOAP_uncompressed/HBTplus/halo_properties_0048.hdf5
PL,0048,1.0717968600e+00,ishiyama21_fit,Ishiyama21Fit,1.2125000000e+01,7.0430264975e-01,4.8461795313e+00,1.0444872689e+00,4.4487268918e-02,4.9493361420e-01,5.6909292577e-01,41,/project/tkcastrosim/HNHuang/project_big_sim/data/PL/PL_25_1024/SOAP_full_000_056/simulation_test/SOAP_uncompressed/HBTplus/halo_properties_0048.hdf5
PL,0048,1.0717968600e+00,ishiyama21_fit,Ishiyama21Fit,1.2375000000e+01,7.2606895778e-01,4.5970416282e+00,1.1576853067e+00,1.5768530674e-01,3.1527356913e-01,3.1034636154e-01,23,/project/tkcastrosim/HNHuang/project_big_sim/data/PL/PL_25_1024/SOAP_full_000_056/simulation_test/SOAP_uncompressed/HBTplus/halo_properties_0048.hdf5
PL,0048,1.0717968600e+00,ishiyama21_fit,Ishiyama21Fit,1.2625000000e+01,6.4107635844e-01,4.3678498848e+00,1.0018637302e+00,1.8637301948e-03,2.0740230328e-01,4.8837446288e-01,12,/project/tkcastrosim/HNHuang/project_big_sim/data/PL/PL_25_1024/SOAP_full_000_056/simulation_test/SOAP_uncompressed/HBTplus/halo_properties_0048.hdf5
PL,0048,1.0717968600e+00,ishiyama21_fit,Ishiyama21Fit,1.2875000000e+01,5.8703200869e-01,4.1612859030e+00,9.2854820219e-01,-7.1451797814e-02,2.1105527145e-01,3.9537787211e-01,9,/project/tkcastrosim/HNHuang/project_big_sim/data/PL/PL_25_1024/SOAP_full_000_056/simulation_test/SOAP_uncompressed/HBTplus/halo_properties_0048.hdf5
PL,0048,1.0717968600e+00,ishiyama21_fit,Ishiyama21Fit,1.3125000000e+01,6.7615669232e-01,3.9811690140e+00,1.1916427555e+00,1.9164275554e-01,1.3659652770e-01,1.5428164031e-01,2,/project/tkcastrosim/HNHuang/project_big_sim/data/PL/PL_25_1024/SOAP_full_000_056/simulation_test/SOAP_uncompressed/HBTplus/halo_properties_0048.hdf5
PL,0048,1.0717968600e+00,ishiyama21_fit,Ishiyama21Fit,1.3375000000e+01,5.9320611217e-01,3.8338953036e+00,1.0222705820e+00,2.2270581983e-02,0.0000000000e+00,0.0000000000e+00,1,/project/tkcastrosim/HNHuang/project_big_sim/data/PL/PL_25_1024/SOAP_full_000_056/simulation_test/SOAP_uncompressed/HBTplus/halo_properties_0048.hdf5
PL,0048,1.0717968600e+00,ludlow16,Ludlow16,8.3750000000e+00,8.8652906430e-01,1.0330053202e+01,7.4546370945e-01,-2.5453629055e-01,3.2289138924e-01,4.8589228670e-01,84037,/project/tkcastrosim/HNHuang/project_big_sim/data/PL/PL_25_1024/SOAP_full_000_056/simulation_test/SOAP_uncompressed/HBTplus/halo_properties_0048.hdf5
PL,0048,1.0717968600e+00,ludlow16,Ludlow16,8.6250000000e+00,9.0628814587e-01,1.0030420008e+01,8.0346881850e-01,-1.9653118150e-01,3.2139218232e-01,4.5612439801e-01,58818,/project/tkcastrosim/HNHuang/project_big_sim/data/PL/PL_25_1024/SOAP_full_000_056/simulation_test/SOAP_uncompressed/HBTplus/halo_properties_0048.hdf5
PL,0048,1.0717968600e+00,ludlow16,Ludlow16,8.8750000000e+00,9.1507705693e-01,9.7292274955e+00,8.4527631191e-01,-1.5472368809e-01,3.2518811168e-01,4.1597181571e-01,35440,/project/tkcastrosim/HNHuang/project_big_sim/data/PL/PL_25_1024/SOAP_full_000_056/simulation_test/SOAP_uncompressed/HBTplus/halo_properties_0048.hdf5
PL,0048,1.0717968600e+00,ludlow16,Ludlow16,9.1250000000e+00,9.1641062112e-01,9.4269818349e+00,8.7506023916e-01,-1.2493976084e-01,3.2537292387e-01,3.8196204748e-01,20799,/project/tkcastrosim/HNHuang/project_big_sim/data/PL/PL_25_1024/SOAP_full_000_056/simulation_test/SOAP_uncompressed/HBTplus/halo_properties_0048.hdf5
PL,0048,1.0717968600e+00,ludlow16,Ludlow16,9.3750000000e+00,9.0270261197e-01,9.1274394397e+00,8.7569657653e-01,-1.2430342347e-01,3.2356234487e-01,3.7052607445e-01,12329,/project/tkcastrosim/HNHuang/project_big_sim/data/PL/PL_25_1024/SOAP_full_000_056/simulation_test/SOAP_uncompressed/HBTplus/halo_properties_0048.hdf5
PL,0048,1.0717968600e+00,ludlow16,Ludlow16,9.6250000000e+00,8.9675853092e-01,8.8252712513e+00,8.9336815652e-01,-1.0663184348e-01,3.2810472473e-01,3.5176518324e-01,7331,/project/tkcastrosim/HNHuang/project_big_sim/data/PL/PL_25_1024/SOAP_full_000_056/simulation_test/SOAP_uncompressed/HBTplus/halo_properties_0048.hdf5
PL,0048,1.0717968600e+00,ludlow16,Ludlow16,9.8750000000e+00,8.8780941904e-01,8.5246850340e+00,9.0600600709e-01,-9.3993992913e-02,3.3637029297e-01,3.5522539381e-01,4298,/project/tkcastrosim/HNHuang/project_big_sim/data/PL/PL_25_1024/SOAP_full_000_056/simulation_test/SOAP_uncompressed/HBTplus/halo_properties_0048.hdf5
PL,0048,1.0717968600e+00,ludlow16,Ludlow16,1.0125000000e+01,8.6145994290e-01,8.2216985800e+00,8.8409389591e-01,-1.1590610409e-01,3.2785514728e-01,3.4152582408e-01,2625,/project/tkcastrosim/HNHuang/project_big_sim/data/PL/PL_25_1024/SOAP_full_000_056/simulation_test/SOAP_uncompressed/HBTplus/halo_properties_0048.hdf5
PL,0048,1.0717968600e+00,ludlow16,Ludlow16,1.0375000000e+01,8.4569571268e-01,7.9215284518e+00,8.8488478196e-01,-1.1511521804e-01,3.3760732487e-01,3.1346385229e-01,1534,/project/tkcastrosim/HNHuang/project_big_sim/data/PL/PL_25_1024/SOAP_full_000_056/simulation_test/SOAP_uncompressed/HBTplus/halo_properties_0048.hdf5
PL,0048,1.0717968600e+00,ludlow16,Ludlow16,1.0625000000e+01,8.3131204589e-01,7.6206407983e+00,8.8985768286e-01,-1.1014231714e-01,3.5109998688e-01,3.2664402197e-01,873,/project/tkcastrosim/HNHuang/project_big_sim/data/PL/PL_25_1024/SOAP_full_000_056/simulation_test/SOAP_uncompressed/HBTplus/halo_properties_0048.hdf5
PL,0048,1.0717968600e+00,ludlow16,Ludlow16,1.0875000000e+01,8.0230907194e-01,7.3207087459e+00,8.6647481325e-01,-1.3352518675e-01,3.1813795707e-01,3.1593247949e-01,515,/project/tkcastrosim/HNHuang/project_big_sim/data/PL/PL_25_1024/SOAP_full_000_056/simulation_test/SOAP_uncompressed/HBTplus/halo_properties_0048.hdf5
PL,0048,1.0717968600e+00,ludlow16,Ludlow16,1.1125000000e+01,7.9823244693e-01,7.0245192685e+00,8.9457310844e-01,-1.0542689156e-01,3.4619907962e-01,3.0527718502e-01,313,/project/tkcastrosim/HNHuang/project_big_sim/data/PL/PL_25_1024/SOAP_full_000_056/simulation_test/SOAP_uncompressed/HBTplus/halo_properties_0048.hdf5
PL,0048,1.0717968600e+00,ludlow16,Ludlow16,1.1375000000e+01,7.7631744841e-01,6.7304132033e+00,8.8771941958e-01,-1.1228058042e-01,3.2077427204e-01,3.2235904356e-01,186,/project/tkcastrosim/HNHuang/project_big_sim/data/PL/PL_25_1024/SOAP_full_000_056/simulation_test/SOAP_uncompressed/HBTplus/halo_properties_0048.hdf5
PL,0048,1.0717968600e+00,ludlow16,Ludlow16,1.1625000000e+01,7.4000855642e-01,6.4393432007e+00,8.5342818953e-01,-1.4657181047e-01,3.0523214248e-01,2.5307116908e-01,94,/project/tkcastrosim/HNHuang/project_big_sim/data/PL/PL_25_1024/SOAP_full_000_056/simulation_test/SOAP_uncompressed/HBTplus/halo_properties_0048.hdf5
PL,0048,1.0717968600e+00,ludlow16,Ludlow16,1.1875000000e+01,6.8545511839e-01,6.1517854211e+00,7.8786886768e-01,-2.1213113232e-01,3.3499565709e-01,4.7904207275e-01,64,/project/tkcastrosim/HNHuang/project_big_sim/data/PL/PL_25_1024/SOAP_full_000_056/simulation_test/SOAP_uncompressed/HBTplus/halo_properties_0048.hdf5
PL,0048,1.0717968600e+00,ludlow16,Ludlow16,1.2125000000e+01,7.0430264975e-01,5.8683025315e+00,8.6256166858e-01,-1.3743833142e-01,4.0872758990e-01,4.6997005922e-01,41,/project/tkcastrosim/HNHuang/project_big_sim/data/PL/PL_25_1024/SOAP_full_000_056/simulation_test/SOAP_uncompressed/HBTplus/halo_properties_0048.hdf5
PL,0048,1.0717968600e+00,ludlow16,Ludlow16,1.2375000000e+01,7.2606895778e-01,5.5896500161e+00,9.5210389418e-01,-4.7896105822e-02,2.5928738247e-01,2.5523514693e-01,23,/project/tkcastrosim/HNHuang/project_big_sim/data/PL/PL_25_1024/SOAP_full_000_056/simulation_test/SOAP_uncompressed/HBTplus/halo_properties_0048.hdf5
PL,0048,1.0717968600e+00,ludlow16,Ludlow16,1.2625000000e+01,6.4107635844e-01,5.3165544160e+00,8.2308766845e-01,-1.7691233155e-01,1.7039271219e-01,4.0122721870e-01,12,/project/tkcastrosim/HNHuang/project_big_sim/data/PL/PL_25_1024/SOAP_full_000_056/simulation_test/SOAP_uncompressed/HBTplus/halo_properties_0048.hdf5
PL,0048,1.0717968600e+00,ludlow16,Ludlow16,1.2875000000e+01,5.8703200869e-01,5.0499092508e+00,7.6515326359e-01,-2.3484673641e-01,1.7391625913e-01,3.2580394694e-01,9,/project/tkcastrosim/HNHuang/project_big_sim/data/PL/PL_25_1024/SOAP_full_000_056/simulation_test/SOAP_uncompressed/HBTplus/halo_properties_0048.hdf5
PL,0048,1.0717968600e+00,ludlow16,Ludlow16,1.3125000000e+01,6.7615669232e-01,4.7920157944e+00,9.9000742434e-01,-9.9925756570e-03,1.1348332035e-01,1.2817597274e-01,2,/project/tkcastrosim/HNHuang/project_big_sim/data/PL/PL_25_1024/SOAP_full_000_056/simulation_test/SOAP_uncompressed/HBTplus/halo_properties_0048.hdf5
PL,0048,1.0717968600e+00,ludlow16,Ludlow16,1.3375000000e+01,5.9320611217e-01,4.5421685974e+00,8.6286501683e-01,-1.3713498317e-01,0.0000000000e+00,0.0000000000e+00,1,/project/tkcastrosim/HNHuang/project_big_sim/data/PL/PL_25_1024/SOAP_full_000_056/simulation_test/SOAP_uncompressed/HBTplus/halo_properties_0048.hdf5
BTKP1,0048,1.0717968600e+00,diemer19,DiemerJoyce19,8.3750000000e+00,1.4605475814e+00,2.9406613786e+01,9.8197982150e-01,-1.8020178503e-02,4.5821067542e-01,8.9136196159e-01,139351,/project/tkcastrosim/HNHuang/project_big_sim/data/bluetilted/kp_1_ms_1.5_25_1024/SOAP_full_000_056/simulation_test/SOAP_uncompressed/HBTplus/halo_properties_0048.hdf5
BTKP1,0048,1.0717968600e+00,diemer19,DiemerJoyce19,8.6250000000e+00,1.4421509627e+00,2.6934000016e+01,1.0276615476e+00,2.7661547581e-02,4.5338172391e-01,8.2900012193e-01,96880,/project/tkcastrosim/HNHuang/project_big_sim/data/bluetilted/kp_1_ms_1.5_25_1024/SOAP_full_000_056/simulation_test/SOAP_uncompressed/HBTplus/halo_properties_0048.hdf5
BTKP1,0048,1.0717968600e+00,diemer19,DiemerJoyce19,8.8750000000e+00,1.4153575647e+00,2.4632951944e+01,1.0564309231e+00,5.6430923146e-02,4.4078339287e-01,7.5391572479e-01,58207,/project/tkcastrosim/HNHuang/project_big_sim/data/bluetilted/kp_1_ms_1.5_25_1024/SOAP_full_000_056/simulation_test/SOAP_uncompressed/HBTplus/halo_properties_0048.hdf5
BTKP1,0048,1.0717968600e+00,diemer19,DiemerJoyce19,9.1250000000e+00,1.3788646563e+00,2.2494092410e+01,1.0636437226e+00,6.3643722626e-02,4.2404228368e-01,6.6327635691e-01,34884,/project/tkcastrosim/HNHuang/project_big_sim/data/bluetilted/kp_1_ms_1.5_25_1024/SOAP_full_000_056/simulation_test/SOAP_uncompressed/HBTplus/halo_properties_0048.hdf5
BTKP1,0048,1.0717968600e+00,diemer19,DiemerJoyce19,9.3750000000e+00,1.3351049831e+00,2.0503907298e+01,1.0550386104e+00,5.5038610381e-02,4.1124662822e-01,5.9544109087e-01,20850,/project/tkcastrosim/HNHuang/project_big_sim/data/bluetilted/kp_1_ms_1.5_25_1024/SOAP_full_000_056/simulation_test/SOAP_uncompressed/HBTplus/halo_properties_0048.hdf5
BTKP1,0048,1.0717968600e+00,diemer19,DiemerJoyce19,9.6250000000e+00,1.2914151238e+00,1.8650891646e+01,1.0488551737e+00,4.8855173663e-02,4.0310297315e-01,5.3616403328e-01,12283,/project/tkcastrosim/HNHuang/project_big_sim/data/bluetilted/kp_1_ms_1.5_25_1024/SOAP_full_000_056/simulation_test/SOAP_uncompressed/HBTplus/halo_properties_0048.hdf5
BTKP1,0048,1.0717968600e+00,diemer19,DiemerJoyce19,9.8750000000e+00,1.2506215400e+00,1.6926224727e+01,1.0521106999e+00,5.2110699893e-02,4.0770717349e-01,5.0195228553e-01,7304,/project/tkcastrosim/HNHuang/project_big_sim/data/bluetilted/kp_1_ms_1.5_25_1024/SOAP_full_000_056/simulation_test/SOAP_uncompressed/HBTplus/halo_properties_0048.hdf5
BTKP1,0048,1.0717968600e+00,diemer19,DiemerJoyce19,1.0125000000e+01,1.2038682785e+00,1.5336459058e+01,1.0426611190e+00,4.2661118990e-02,3.9177998418e-01,4.5776407482e-01,4258,/project/tkcastrosim/HNHuang/project_big_sim/data/bluetilted/kp_1_ms_1.5_25_1024/SOAP_full_000_056/simulation_test/SOAP_uncompressed/HBTplus/halo_properties_0048.hdf5
BTKP1,0048,1.0717968600e+00,diemer19,DiemerJoyce19,1.0375000000e+01,1.1571895403e+00,1.3903150198e+01,1.0329429260e+00,3.2942926000e-02,3.7760534255e-01,4.4216278381e-01,2496,/project/tkcastrosim/HNHuang/project_big_sim/data/bluetilted/kp_1_ms_1.5_25_1024/SOAP_full_000_056/simulation_test/SOAP_uncompressed/HBTplus/halo_properties_0048.hdf5
BTKP1,0048,1.0717968600e+00,diemer19,DiemerJoyce19,1.0625000000e+01,1.1083437440e+00,1.2612270665e+01,1.0175375893e+00,1.7537589348e-02,3.8129258642e-01,4.0471202139e-01,1502,/project/tkcastrosim/HNHuang/project_big_sim/data/bluetilted/kp_1_ms_1.5_25_1024/SOAP_full_000_056/simulation_test/SOAP_uncompressed/HBTplus/halo_properties_0048.hdf5
BTKP1,0048,1.0717968600e+00,diemer19,DiemerJoyce19,1.0875000000e+01,1.0567456719e+00,1.1450575059e+01,9.9521834768e-01,-4.7816523161e-03,4.0089950244e-01,4.1642496854e-01,864,/project/tkcastrosim/HNHuang/project_big_sim/data/bluetilted/kp_1_ms_1.5_25_1024/SOAP_full_000_056/simulation_test/SOAP_uncompressed/HBTplus/halo_properties_0048.hdf5
BTKP1,0048,1.0717968600e+00,diemer19,DiemerJoyce19,1.1125000000e+01,1.0210246720e+00,1.0407062472e+01,1.0085478559e+00,8.5478558616e-03,3.4105440312e-01,3.9488561372e-01,488,/project/tkcastrosim/HNHuang/project_big_sim/data/bluetilted/kp_1_ms_1.5_25_1024/SOAP_full_000_056/simulation_test/SOAP_uncompressed/HBTplus/halo_properties_0048.hdf5
BTKP1,0048,1.0717968600e+00,diemer19,DiemerJoyce19,1.1375000000e+01,9.6182243699e-01,9.4668098196e+00,9.6742829294e-01,-3.2571707061e-02,3.1896925808e-01,3.7787852696e-01,279,/project/tkcastrosim/HNHuang/project_big_sim/data/bluetilted/kp_1_ms_1.5_25_1024/SOAP_full_000_056/simulation_test/SOAP_uncompressed/HBTplus/halo_properties_0048.hdf5
BTKP1,0048,1.0717968600e+00,diemer19,DiemerJoyce19,1.1625000000e+01,9.1667624114e-01,8.5666815940e+00,9.6352639386e-01,-3.6473606135e-02,4.1416020502e-01,4.0238922514e-01,163,/project/tkcastrosim/HNHuang/project_big_sim/data/bluetilted/kp_1_ms_1.5_25_1024/SOAP_full_000_056/simulation_test/SOAP_uncompressed/HBTplus/halo_properties_0048.hdf5
BTKP1,0048,1.0717968600e+00,diemer19,DiemerJoyce19,1.1875000000e+01,8.4572252735e-01,7.7181437803e+00,9.0825890090e-01,-9.1741099100e-02,3.4279068226e-01,4.3342203993e-01,94,/project/tkcastrosim/HNHuang/project_big_sim/data/bluetilted/kp_1_ms_1.5_25_1024/SOAP_full_000_056/simulation_test/SOAP_uncompressed/HBTplus/halo_properties_0048.hdf5
BTKP1,0048,1.0717968600e+00,diemer19,DiemerJoyce19,1.2125000000e+01,7.8287235264e-01,6.9388579951e+00,8.7414676153e-01,-1.2585323847e-01,3.6282508776e-01,5.1851220737e-01,50,/project/tkcastrosim/HNHuang/project_big_sim/data/bluetilted/kp_1_ms_1.5_25_1024/SOAP_full_000_056/simulation_test/SOAP_uncompressed/HBTplus/halo_properties_0048.hdf5
BTKP1,0048,1.0717968600e+00,diemer19,DiemerJoyce19,1.2375000000e+01,8.1857757501e-01,6.2341963289e+00,1.0563238851e+00,5.6323885050e-02,3.3988560486e-01,4.6997310456e-01,27,/project/tkcastrosim/HNHuang/project_big_sim/data/bluetilted/kp_1_ms_1.5_25_1024/SOAP_full_000_056/simulation_test/SOAP_uncompressed/HBTplus/halo_properties_0048.hdf5
BTKP1,0048,1.0717968600e+00,diemer19,DiemerJoyce19,1.2625000000e+01,7.7142614954e-01,5.6058431553e+00,1.0538655475e+00,5.3865547486e-02,3.2849734152e-01,5.1289651166e-01,15,/project/tkcastrosim/HNHuang/project_big_sim/data/bluetilted/kp_1_ms_1.5_25_1024/SOAP_full_000_056/simulation_test/SOAP_uncompressed/HBTplus/halo_properties_0048.hdf5
BTKP1,0048,1.0717968600e+00,diemer19,DiemerJoyce19,1.2875000000e+01,6.4849595095e-01,5.0541114823e+00,8.8074692120e-01,-1.1925307880e-01,2.6684315937e-01,5.5156739952e-01,9,/project/tkcastrosim/HNHuang/project_big_sim/data/bluetilted/kp_1_ms_1.5_25_1024/SOAP_full_000_056/simulation_test/SOAP_uncompressed/HBTplus/halo_properties_0048.hdf5
BTKP1,0048,1.0717968600e+00,diemer19,DiemerJoyce19,1.3125000000e+01,6.5667530704e-01,4.5951040015e+00,9.8714275352e-01,-1.2857246477e-02,1.3813482180e-01,1.5097382979e-01,3,/project/tkcastrosim/HNHuang/project_big_sim/data/bluetilted/kp_1_ms_1.5_25_1024/SOAP_full_000_056/simulation_test/SOAP_uncompressed/HBTplus/halo_properties_0048.hdf5
BTKP1,0048,1.0717968600e+00,ishiyama21_fit,Ishiyama21Fit,8.3750000000e+00,1.4605475814e+00,2.5924634438e+01,1.1138711107e+00,1.1387111070e-01,5.1975368820e-01,1.0110822203e+00,139351,/project/tkcastrosim/HNHuang/project_big_sim/data/bluetilted/kp_1_ms_1.5_25_1024/SOAP_full_000_056/simulation_test/SOAP_uncompressed/HBTplus/halo_properties_0048.hdf5
BTKP1,0048,1.0717968600e+00,ishiyama21_fit,Ishiyama21Fit,8.6250000000e+00,1.4421509627e+00,2.3754186058e+01,1.1652277233e+00,1.6522772330e-01,5.1407290190e-01,9.3997282175e-01,96880,/project/tkcastrosim/HNHuang/project_big_sim/data/bluetilted/kp_1_ms_1.5_25_1024/SOAP_full_000_056/simulation_test/SOAP_uncompressed/HBTplus/halo_properties_0048.hdf5
BTKP1,0048,1.0717968600e+00,ishiyama21_fit,Ishiyama21Fit,8.8750000000e+00,1.4153575647e+00,2.1732025191e+01,1.1974499354e+00,1.9744993545e-01,4.9962191921e-01,8.5455311483e-01,58207,/project/tkcastrosim/HNHuang/project_big_sim/data/bluetilted/kp_1_ms_1.5_25_1024/SOAP_full_000_056/simulation_test/SOAP_uncompressed/HBTplus/halo_properties_0048.hdf5
BTKP1,0048,1.0717968600e+00,ishiyama21_fit,Ishiyama21Fit,9.1250000000e+00,1.3788646563e+00,1.9844371167e+01,1.2056668355e+00,2.0566683553e-01,4.8066256342e-01,7.5184038536e-01,34884,/project/tkcastrosim/HNHuang/project_big_sim/data/bluetilted/kp_1_ms_1.5_25_1024/SOAP_full_000_056/simulation_test/SOAP_uncompressed/HBTplus/halo_properties_0048.hdf5
BTKP1,0048,1.0717968600e+00,ishiyama21_fit,Ishiyama21Fit,9.3750000000e+00,1.3351049831e+00,1.8082735741e+01,1.1963020515e+00,1.9630205146e-01,4.6631012378e-01,6.7516713751e-01,20850,/project/tkcastrosim/HNHuang/project_big_sim/data/bluetilted/kp_1_ms_1.5_25_1024/SOAP_full_000_056/simulation_test/SOAP_uncompressed/HBTplus/halo_properties_0048.hdf5
BTKP1,0048,1.0717968600e+00,ishiyama21_fit,Ishiyama21Fit,9.6250000000e+00,1.2914151238e+00,1.6473049292e+01,1.1875205282e+00,1.8752052823e-01,4.5639576142e-01,6.0704834376e-01,12283,/project/tkcastrosim/HNHuang/project_big_sim/data/bluetilted/kp_1_ms_1.5_25_1024/SOAP_full_000_056/simulation_test/SOAP_uncompressed/HBTplus/halo_properties_0048.hdf5
BTKP1,0048,1.0717968600e+00,ishiyama21_fit,Ishiyama21Fit,9.8750000000e+00,1.2506215400e+00,1.5006280986e+01,1.1867205579e+00,1.8672055793e-01,4.5987032015e-01,5.6617340400e-01,7304,/project/tkcastrosim/HNHuang/project_big_sim/data/bluetilted/kp_1_ms_1.5_25_1024/SOAP_full_000_056/simulation_test/SOAP_uncompressed/HBTplus/halo_properties_0048.hdf5
BTKP1,0048,1.0717968600e+00,ishiyama21_fit,Ishiyama21Fit,1.0125000000e+01,1.2038682785e+00,1.3664534651e+01,1.1702359408e+00,1.7023594079e-01,4.3971623188e-01,5.1377380723e-01,4258,/project/tkcastrosim/HNHuang/project_big_sim/data/bluetilted/kp_1_ms_1.5_25_1024/SOAP_full_000_056/simulation_test/SOAP_uncompressed/HBTplus/halo_properties_0048.hdf5
BTKP1,0048,1.0717968600e+00,ishiyama21_fit,Ishiyama21Fit,1.0375000000e+01,1.1571895403e+00,1.2437266434e+01,1.1546878666e+00,1.5468786662e-01,4.2211074440e-01,4.9427706864e-01,2496,/project/tkcastrosim/HNHuang/project_big_sim/data/bluetilted/kp_1_ms_1.5_25_1024/SOAP_full_000_056/simulation_test/SOAP_uncompressed/HBTplus/halo_properties_0048.hdf5
BTKP1,0048,1.0717968600e+00,ishiyama21_fit,Ishiyama21Fit,1.0625000000e+01,1.1083437440e+00,1.1276349111e+01,1.1380863932e+00,1.3808639324e-01,4.2646474095e-01,4.5265870229e-01,1502,/project/tkcastrosim/HNHuang/project_big_sim/data/bluetilted/kp_1_ms_1.5_25_1024/SOAP_full_000_056/simulation_test/SOAP_uncompressed/HBTplus/halo_properties_0048.hdf5
BTKP1,0048,1.0717968600e+00,ishiyama21_fit,Ishiyama21Fit,1.0875000000e+01,1.0567456719e+00,1.0101785731e+01,1.1280997927e+00,1.2809979275e-01,4.5442756021e-01,4.7202598485e-01,864,/project/tkcastrosim/HNHuang/project_big_sim/data/bluetilted/kp_1_ms_1.5_25_1024/SOAP_full_000_056/simulation_test/SOAP_uncompressed/HBTplus/halo_properties_0048.hdf5
BTKP1,0048,1.0717968600e+00,ishiyama21_fit,Ishiyama21Fit,1.1125000000e+01,1.0210246720e+00,8.9658514856e+00,1.1706663398e+00,1.7066633982e-01,3.9587701016e-01,4.5836128982e-01,488,/project/tkcastrosim/HNHuang/project_big_sim/data/bluetilted/kp_1_ms_1.5_25_1024/SOAP_full_000_056/simulation_test/SOAP_uncompressed/HBTplus/halo_properties_0048.hdf5
BTKP1,0048,1.0717968600e+00,ishiyama21_fit,Ishiyama21Fit,1.1375000000e+01,9.6182243699e-01,7.9091574238e+00,1.1579564260e+00,1.5795642602e-01,3.8178798862e-01,4.5229901973e-01,279,/project/tkcastrosim/HNHuang/project_big_sim/data/bluetilted/kp_1_ms_1.5_25_1024/SOAP_full_000_056/simulation_test/SOAP_uncompressed/HBTplus/halo_properties_0048.hdf5
BTKP1,0048,1.0717968600e+00,ishiyama21_fit,Ishiyama21Fit,1.1625000000e+01,9.1667624114e-01,6.9558496142e+00,1.1866593273e+00,1.8665932725e-01,5.1007120655e-01,4.9557430937e-01,163,/project/tkcastrosim/HNHuang/project_big_sim/data/bluetilted/kp_1_ms_1.5_25_1024/SOAP_full_000_056/simulation_test/SOAP_uncompressed/HBTplus/halo_properties_0048.hdf5
BTKP1,0048,1.0717968600e+00,ishiyama21_fit,Ishiyama21Fit,1.1875000000e+01,8.4572252735e-01,6.1354320426e+00,1.1425556893e+00,1.4255568935e-01,4.3121784316e-01,5.4522869759e-01,94,/project/tkcastrosim/HNHuang/project_big_sim/data/bluetilted/kp_1_ms_1.5_25_1024/SOAP_full_000_056/simulation_test/SOAP_uncompressed/HBTplus/halo_properties_0048.hdf5
BTKP1,0048,1.0717968600e+00,ishiyama21_fit,Ishiyama21Fit,1.2125000000e+01,7.8287235264e-01,5.4961425436e+00,1.1036067928e+00,1.0360679277e-01,4.5806522321e-01,6.5461958950e-01,50,/project/tkcastrosim/HNHuang/project_big_sim/data/bluetilted/kp_1_ms_1.5_25_1024/SOAP_full_000_056/simulation_test/SOAP_uncompressed/HBTplus/halo_properties_0048.hdf5
BTKP1,0048,1.0717968600e+00,ishiyama21_fit,Ishiyama21Fit,1.2375000000e+01,8.1857757501e-01,4.9960090261e+00,1.3181182123e+00,3.1811821233e-01,4.2412124938e-01,5.8644902118e-01,27,/project/tkcastrosim/HNHuang/project_big_sim/data/bluetilted/kp_1_ms_1.5_25_1024/SOAP_full_000_056/simulation_test/SOAP_uncompressed/HBTplus/halo_properties_0048.hdf5
BTKP1,0048,1.0717968600e+00,ishiyama21_fit,Ishiyama21Fit,1.2625000000e+01,7.7142614954e-01,4.6010689938e+00,1.2840070370e+00,2.8400703704e-01,4.0023407082e-01,6.2490203975e-01,15,/project/tkcastrosim/HNHuang/project_big_sim/data/bluetilted/kp_1_ms_1.5_25_1024/SOAP_full_000_056/simulation_test/SOAP_uncompressed/HBTplus/halo_properties_0048.hdf5
BTKP1,0048,1.0717968600e+00,ishiyama21_fit,Ishiyama21Fit,1.2875000000e+01,6.4849595095e-01,4.2891398066e+00,1.0378288720e+00,3.7828872012e-02,3.1443486026e-01,6.4993990703e-01,9,/project/tkcastrosim/HNHuang/project_big_sim/data/bluetilted/kp_1_ms_1.5_25_1024/SOAP_full_000_056/simulation_test/SOAP_uncompressed/HBTplus/halo_properties_0048.hdf5
BTKP1,0048,1.0717968600e+00,ishiyama21_fit,Ishiyama21Fit,1.3125000000e+01,6.5667530704e-01,4.0463075655e+00,1.1210278861e+00,1.2102788611e-01,1.5686990228e-01,1.7145025141e-01,3,/project/tkcastrosim/HNHuang/project_big_sim/data/bluetilted/kp_1_ms_1.5_25_1024/SOAP_full_000_056/simulation_test/SOAP_uncompressed/HBTplus/halo_properties_0048.hdf5
BTKP1,0048,1.0717968600e+00,ludlow16,Ludlow16,8.3750000000e+00,1.4605475814e+00,3.1253416805e+01,9.2395342041e-01,-7.6046579588e-02,4.3113444039e-01,8.3869028182e-01,139351,/project/tkcastrosim/HNHuang/project_big_sim/data/bluetilted/kp_1_ms_1.5_25_1024/SOAP_full_000_056/simulation_test/SOAP_uncompressed/HBTplus/halo_properties_0048.hdf5
BTKP1,0048,1.0717968600e+00,ludlow16,Ludlow16,8.6250000000e+00,1.4421509627e+00,2.8808407550e+01,9.6079715933e-01,-3.9202840669e-02,4.2388262308e-01,7.7506156001e-01,96880,/project/tkcastrosim/HNHuang/project_big_sim/data/bluetilted/kp_1_ms_1.5_25_1024/SOAP_full_000_056/simulation_test/SOAP_uncompressed/HBTplus/halo_properties_0048.hdf5
BTKP1,0048,1.0717968600e+00,ludlow16,Ludlow16,8.8750000000e+00,1.4153575647e+00,2.6527850725e+01,9.8096948872e-01,-1.9030511276e-02,4.0929799580e-01,7.0006311523e-01,58207,/project/tkcastrosim/HNHuang/project_big_sim/data/bluetilted/kp_1_ms_1.5_25_1024/SOAP_full_000_056/simulation_test/SOAP_uncompressed/HBTplus/halo_properties_0048.hdf5
BTKP1,0048,1.0717968600e+00,ludlow16,Ludlow16,9.1250000000e+00,1.3788646563e+00,2.4396813440e+01,9.8068955793e-01,-1.9310442068e-02,3.9097099045e-01,6.1154706544e-01,34884,/project/tkcastrosim/HNHuang/project_big_sim/data/bluetilted/kp_1_ms_1.5_25_1024/SOAP_full_000_056/simulation_test/SOAP_uncompressed/HBTplus/halo_properties_0048.hdf5
BTKP1,0048,1.0717968600e+00,ludlow16,Ludlow16,9.3750000000e+00,1.3351049831e+00,2.2419872695e+01,9.6487674832e-01,-3.5123251685e-02,3.7610216867e-01,5.4455567589e-01,20850,/project/tkcastrosim/HNHuang/project_big_sim/data/bluetilted/kp_1_ms_1.5_25_1024/SOAP_full_000_056/simulation_test/SOAP_uncompressed/HBTplus/halo_properties_0048.hdf5
BTKP1,0048,1.0717968600e+00,ludlow16,Ludlow16,9.6250000000e+00,1.2914151238e+00,2.0575173495e+01,9.5076156713e-01,-4.9238432874e-02,3.6540298803e-01,4.8601958528e-01,12283,/project/tkcastrosim/HNHuang/project_big_sim/data/bluetilted/kp_1_ms_1.5_25_1024/SOAP_full_000_056/simulation_test/SOAP_uncompressed/HBTplus/halo_properties_0048.hdf5
BTKP1,0048,1.0717968600e+00,ludlow16,Ludlow16,9.8750000000e+00,1.2506215400e+00,1.8856239725e+01,9.4442276953e-01,-5.5577230475e-02,3.6597663913e-01,4.5057536980e-01,7304,/project/tkcastrosim/HNHuang/project_big_sim/data/bluetilted/kp_1_ms_1.5_25_1024/SOAP_full_000_056/simulation_test/SOAP_uncompressed/HBTplus/halo_properties_0048.hdf5
BTKP1,0048,1.0717968600e+00,ludlow16,Ludlow16,1.0125000000e+01,1.2038682785e+00,1.7257729017e+01,9.2658365111e-01,-7.3416348888e-02,3.4816386798e-01,4.0680207602e-01,4258,/project/tkcastrosim/HNHuang/project_big_sim/data/bluetilted/kp_1_ms_1.5_25_1024/SOAP_full_000_056/simulation_test/SOAP_uncompressed/HBTplus/halo_properties_0048.hdf5
BTKP1,0048,1.0717968600e+00,ludlow16,Ludlow16,1.0375000000e+01,1.1571895403e+00,1.5769071697e+01,9.1071693511e-01,-8.9283064889e-02,3.3292408670e-01,3.8984258003e-01,2496,/project/tkcastrosim/HNHuang/project_big_sim/data/bluetilted/kp_1_ms_1.5_25_1024/SOAP_full_000_056/simulation_test/SOAP_uncompressed/HBTplus/halo_properties_0048.hdf5
BTKP1,0048,1.0717968600e+00,ludlow16,Ludlow16,1.0625000000e+01,1.1083437440e+00,1.4380412901e+01,8.9242635637e-01,-1.0757364363e-01,3.3441079442e-01,3.5495069510e-01,1502,/project/tkcastrosim/HNHuang/project_big_sim/data/bluetilted/kp_1_ms_1.5_25_1024/SOAP_full_000_056/simulation_test/SOAP_uncompressed/HBTplus/halo_properties_0048.hdf5
BTKP1,0048,1.0717968600e+00,ludlow16,Ludlow16,1.0875000000e+01,1.0567456719e+00,1.3086569543e+01,8.7080287561e-01,-1.2919712439e-01,3.5078175595e-01,3.6436633320e-01,864,/project/tkcastrosim/HNHuang/project_big_sim/data/bluetilted/kp_1_ms_1.5_25_1024/SOAP_full_000_056/simulation_test/SOAP_uncompressed/HBTplus/halo_properties_0048.hdf5
BTKP1,0048,1.0717968600e+00,ludlow16,Ludlow16,1.1125000000e+01,1.0210246720e+00,1.1883421134e+01,8.8324905967e-01,-1.1675094033e-01,2.9868288262e-01,3.4582627385e-01,488,/project/tkcastrosim/HNHuang/project_big_sim/data/bluetilted/kp_1_ms_1.5_25_1024/SOAP_full_000_056/simulation_test/SOAP_uncompressed/HBTplus/halo_properties_0048.hdf5
BTKP1,0048,1.0717968600e+00,ludlow16,Ludlow16,1.1375000000e+01,9.6182243699e-01,1.0768818442e+01,8.5046095933e-01,-1.4953904067e-01,2.8040414283e-01,3.3219096123e-01,279,/project/tkcastrosim/HNHuang/project_big_sim/data/bluetilted/kp_1_ms_1.5_25_1024/SOAP_full_000_056/simulation_test/SOAP_uncompressed/HBTplus/halo_properties_0048.hdf5
BTKP1,0048,1.0717968600e+00,ludlow16,Ludlow16,1.1625000000e+01,9.1667624114e-01,9.7367846522e+00,8.4773609754e-01,-1.5226390246e-01,3.6438914201e-01,3.5403272145e-01,163,/project/tkcastrosim/HNHuang/project_big_sim/data/bluetilted/kp_1_ms_1.5_25_1024/SOAP_full_000_056/simulation_test/SOAP_uncompressed/HBTplus/halo_properties_0048.hdf5
BTKP1,0048,1.0717968600e+00,ludlow16,Ludlow16,1.1875000000e+01,8.4572252735e-01,8.7888678268e+00,7.9760817036e-01,-2.0239182964e-01,3.0102941862e-01,3.8061940259e-01,94,/project/tkcastrosim/HNHuang/project_big_sim/data/bluetilted/kp_1_ms_1.5_25_1024/SOAP_full_000_056/simulation_test/SOAP_uncompressed/HBTplus/halo_properties_0048.hdf5
BTKP1,0048,1.0717968600e+00,ludlow16,Ludlow16,1.2125000000e+01,7.8287235264e-01,7.9310443014e+00,7.6478960584e-01,-2.3521039416e-01,3.1743508993e-01,4.5364550228e-01,50,/project/tkcastrosim/HNHuang/project_big_sim/data/bluetilted/kp_1_ms_1.5_25_1024/SOAP_full_000_056/simulation_test/SOAP_uncompressed/HBTplus/halo_properties_0048.hdf5
BTKP1,0048,1.0717968600e+00,ludlow16,Ludlow16,1.2375000000e+01,8.1857757501e-01,7.1606179001e+00,9.1965952913e-01,-8.0340470866e-02,2.9591211535e-01,4.0916924266e-01,27,/project/tkcastrosim/HNHuang/project_big_sim/data/bluetilted/kp_1_ms_1.5_25_1024/SOAP_full_000_056/simulation_test/SOAP_uncompressed/HBTplus/halo_properties_0048.hdf5
BTKP1,0048,1.0717968600e+00,ludlow16,Ludlow16,1.2625000000e+01,7.7142614954e-01,6.4800808509e+00,9.1168692211e-01,-8.8313077888e-02,2.8417925885e-01,4.4370085272e-01,15,/project/tkcastrosim/HNHuang/project_big_sim/data/bluetilted/kp_1_ms_1.5_25_1024/SOAP_full_000_056/simulation_test/SOAP_uncompressed/HBTplus/halo_properties_0048.hdf5
BTKP1,0048,1.0717968600e+00,ludlow16,Ludlow16,1.2875000000e+01,6.4849595095e-01,5.8837215117e+00,7.5656081250e-01,-2.4343918750e-01,2.2921803370e-01,4.7379589969e-01,9,/project/tkcastrosim/HNHuang/project_big_sim/data/bluetilted/kp_1_ms_1.5_25_1024/SOAP_full_000_056/simulation_test/SOAP_uncompressed/HBTplus/halo_properties_0048.hdf5
BTKP1,0048,1.0717968600e+00,ludlow16,Ludlow16,1.3125000000e+01,6.5667530704e-01,5.3664560282e+00,8.4525496769e-01,-1.5474503231e-01,1.1827989814e-01,1.2927348062e-01,3,/project/tkcastrosim/HNHuang/project_big_sim/data/bluetilted/kp_1_ms_1.5_25_1024/SOAP_full_000_056/simulation_test/SOAP_uncompressed/HBTplus/halo_properties_0048.hdf5
BTKP10,0048,1.0717968600e+00,diemer19,DiemerJoyce19,8.3750000000e+00,1.0890097957e+00,1.6772746918e+01,7.3182223691e-01,-2.6817776309e-01,3.1935857963e-01,4.9260261916e-01,135804,/project/tkcastrosim/HNHuang/project_big_sim/data/bluetilted/kp_10_ms_1.5_25_1024/SOAP_full_000_056/simulation_test/SOAP_uncompressed/HBTplus/halo_properties_0048.hdf5
BTKP10,0048,1.0717968600e+00,diemer19,DiemerJoyce19,8.6250000000e+00,1.0804103656e+00,1.5272774845e+01,7.8793867221e-01,-2.1206132779e-01,3.2528904402e-01,4.6369769262e-01,89775,/project/tkcastrosim/HNHuang/project_big_sim/data/bluetilted/kp_10_ms_1.5_25_1024/SOAP_full_000_056/simulation_test/SOAP_uncompressed/HBTplus/halo_properties_0048.hdf5
BTKP10,0048,1.0717968600e+00,diemer19,DiemerJoyce19,8.8750000000e+00,1.0606827316e+00,1.3887067846e+01,8.2807976882e-01,-1.7192023118e-01,3.3007313328e-01,4.2800750673e-01,50790,/project/tkcastrosim/HNHuang/project_big_sim/data/bluetilted/kp_10_ms_1.5_25_1024/SOAP_full_000_056/simulation_test/SOAP_uncompressed/HBTplus/halo_properties_0048.hdf5
BTKP10,0048,1.0717968600e+00,diemer19,DiemerJoyce19,9.1250000000e+00,1.0358933824e+00,1.2647215066e+01,8.5881274055e-01,-1.4118725945e-01,3.3286166340e-01,4.1169317737e-01,28147,/project/tkcastrosim/HNHuang/project_big_sim/data/bluetilted/kp_10_ms_1.5_25_1024/SOAP_full_000_056/simulation_test/SOAP_uncompressed/HBTplus/halo_properties_0048.hdf5
BTKP10,0048,1.0717968600e+00,diemer19,DiemerJoyce19,9.3750000000e+00,1.0020312046e+00,1.1547395400e+01,8.7005592252e-01,-1.2994407748e-01,3.3839820233e-01,3.8568610370e-01,15456,/project/tkcastrosim/HNHuang/project_big_sim/data/bluetilted/kp_10_ms_1.5_25_1024/SOAP_full_000_056/simulation_test/SOAP_uncompressed/HBTplus/halo_properties_0048.hdf5
BTKP10,0048,1.0717968600e+00,diemer19,DiemerJoyce19,9.6250000000e+00,9.6915456010e-01,1.0568759185e+01,8.8131377402e-01,-1.1868622598e-01,3.4443667578e-01,3.7655333703e-01,8669,/project/tkcastrosim/HNHuang/project_big_sim/data/bluetilted/kp_10_ms_1.5_25_1024/SOAP_full_000_056/simulation_test/SOAP_uncompressed/HBTplus/halo_properties_0048.hdf5
BTKP10,0048,1.0717968600e+00,diemer19,DiemerJoyce19,9.8750000000e+00,9.4204890064e-01,9.6953840225e+00,9.0257621572e-01,-9.7423784278e-02,3.6184089983e-01,3.7799536858e-01,4769,/project/tkcastrosim/HNHuang/project_big_sim/data/bluetilted/kp_10_ms_1.5_25_1024/SOAP_full_000_056/simulation_test/SOAP_uncompressed/HBTplus/halo_properties_0048.hdf5
BTKP10,0048,1.0717968600e+00,diemer19,DiemerJoyce19,1.0125000000e+01,9.0061668493e-01,8.9109539579e+00,8.9267317681e-01,-1.0732682319e-01,3.3913798383e-01,3.6055163232e-01,2728,/project/tkcastrosim/HNHuang/project_big_sim/data/bluetilted/kp_10_ms_1.5_25_1024/SOAP_full_000_056/simulation_test/SOAP_uncompressed/HBTplus/halo_properties_0048.hdf5
BTKP10,0048,1.0717968600e+00,diemer19,DiemerJoyce19,1.0375000000e+01,8.5688731770e-01,8.2000628480e+00,8.7714246451e-01,-1.2285753549e-01,3.4657161126e-01,3.8267918696e-01,1568,/project/tkcastrosim/HNHuang/project_big_sim/data/bluetilted/kp_10_ms_1.5_25_1024/SOAP_full_000_056/simulation_test/SOAP_uncompressed/HBTplus/halo_properties_0048.hdf5
BTKP10,0048,1.0717968600e+00,diemer19,DiemerJoyce19,1.0625000000e+01,8.5200228995e-01,7.5507636036e+00,9.4191435608e-01,-5.8085643923e-02,3.7661997803e-01,3.6095949194e-01,850,/project/tkcastrosim/HNHuang/project_big_sim/data/bluetilted/kp_10_ms_1.5_25_1024/SOAP_full_000_056/simulation_test/SOAP_uncompressed/HBTplus/halo_properties_0048.hdf5
BTKP10,0048,1.0717968600e+00,diemer19,DiemerJoyce19,1.0875000000e+01,8.0321105697e-01,6.9539994513e+00,9.1406357928e-01,-8.5936420716e-02,3.2263143753e-01,3.7313017144e-01,529,/project/tkcastrosim/HNHuang/project_big_sim/data/bluetilted/kp_10_ms_1.5_25_1024/SOAP_full_000_056/simulation_test/SOAP_uncompressed/HBTplus/halo_properties_0048.hdf5
BTKP10,0048,1.0717968600e+00,diemer19,DiemerJoyce19,1.1125000000e+01,8.0149972844e-01,6.4195650429e+00,9.8626614356e-01,-1.3733856443e-02,4.0442678250e-01,3.1955798139e-01,316,/project/tkcastrosim/HNHuang/project_big_sim/data/bluetilted/kp_10_ms_1.5_25_1024/SOAP_full_000_056/simulation_test/SOAP_uncompressed/HBTplus/halo_properties_0048.hdf5
BTKP10,0048,1.0717968600e+00,diemer19,DiemerJoyce19,1.1375000000e+01,7.9217753892e-01,5.9545220449e+00,1.0407121659e+00,4.0712165867e-02,3.4909995747e-01,3.4300858040e-01,184,/project/tkcastrosim/HNHuang/project_big_sim/data/bluetilted/kp_10_ms_1.5_25_1024/SOAP_full_000_056/simulation_test/SOAP_uncompressed/HBTplus/halo_properties_0048.hdf5
BTKP10,0048,1.0717968600e+00,diemer19,DiemerJoyce19,1.1625000000e+01,7.3971624546e-01,5.5475859831e+00,9.8994759133e-01,-1.0052408667e-02,3.2853593949e-01,3.3758010253e-01,97,/project/tkcastrosim/HNHuang/project_big_sim/data/bluetilted/kp_10_ms_1.5_25_1024/SOAP_full_000_056/simulation_test/SOAP_uncompressed/HBTplus/halo_properties_0048.hdf5
BTKP10,0048,1.0717968600e+00,diemer19,DiemerJoyce19,1.1875000000e+01,6.8828155754e-01,5.1904181024e+00,9.3989473035e-01,-6.0105269652e-02,3.8088635926e-01,5.6132417896e-01,64,/project/tkcastrosim/HNHuang/project_big_sim/data/bluetilted/kp_10_ms_1.5_25_1024/SOAP_full_000_056/simulation_test/SOAP_uncompressed/HBTplus/halo_properties_0048.hdf5
BTKP10,0048,1.0717968600e+00,diemer19,DiemerJoyce19,1.2125000000e+01,6.9615690292e-01,4.8775771073e+00,1.0184805959e+00,1.8480595934e-02,4.5366822178e-01,7.1959827678e-01,40,/project/tkcastrosim/HNHuang/project_big_sim/data/bluetilted/kp_10_ms_1.5_25_1024/SOAP_full_000_056/simulation_test/SOAP_uncompressed/HBTplus/halo_properties_0048.hdf5
BTKP10,0048,1.0717968600e+00,diemer19,DiemerJoyce19,1.2375000000e+01,7.2856337587e-01,4.6053611315e+00,1.1622503472e+00,1.6225034722e-01,3.4931412435e-01,2.9625462291e-01,22,/project/tkcastrosim/HNHuang/project_big_sim/data/bluetilted/kp_10_ms_1.5_25_1024/SOAP_full_000_056/simulation_test/SOAP_uncompressed/HBTplus/halo_properties_0048.hdf5
BTKP10,0048,1.0717968600e+00,diemer19,DiemerJoyce19,1.2625000000e+01,6.6678587360e-01,4.3709537775e+00,1.0622082244e+00,6.2208224371e-02,2.7511621456e-01,4.1906481542e-01,12,/project/tkcastrosim/HNHuang/project_big_sim/data/bluetilted/kp_10_ms_1.5_25_1024/SOAP_full_000_056/simulation_test/SOAP_uncompressed/HBTplus/halo_properties_0048.hdf5
BTKP10,0048,1.0717968600e+00,diemer19,DiemerJoyce19,1.2875000000e+01,5.9133916106e-01,4.1726173745e+00,9.3525620658e-01,-6.4743793415e-02,2.2825732872e-01,3.5328662955e-01,9,/project/tkcastrosim/HNHuang/project_big_sim/data/bluetilted/kp_10_ms_1.5_25_1024/SOAP_full_000_056/simulation_test/SOAP_uncompressed/HBTplus/halo_properties_0048.hdf5
BTKP10,0048,1.0717968600e+00,diemer19,DiemerJoyce19,1.3125000000e+01,6.7872301386e-01,4.0048579511e+00,1.1916148238e+00,1.9161482375e-01,1.4372942968e-01,1.6344355979e-01,2,/project/tkcastrosim/HNHuang/project_big_sim/data/bluetilted/kp_10_ms_1.5_25_1024/SOAP_full_000_056/simulation_test/SOAP_uncompressed/HBTplus/halo_properties_0048.hdf5
BTKP10,0048,1.0717968600e+00,diemer19,DiemerJoyce19,1.3375000000e+01,5.8112915532e-01,3.8641090314e+00,9.8646068923e-01,-1.3539310766e-02,0.0000000000e+00,0.0000000000e+00,1,/project/tkcastrosim/HNHuang/project_big_sim/data/bluetilted/kp_10_ms_1.5_25_1024/SOAP_full_000_056/simulation_test/SOAP_uncompressed/HBTplus/halo_properties_0048.hdf5
BTKP10,0048,1.0717968600e+00,ishiyama21_fit,Ishiyama21Fit,8.3750000000e+00,1.0890097957e+00,1.3487753277e+01,9.1006032781e-01,-8.9939672194e-02,3.9713957708e-01,6.1257786176e-01,135804,/project/tkcastrosim/HNHuang/project_big_sim/data/bluetilted/kp_10_ms_1.5_25_1024/SOAP_full_000_056/simulation_test/SOAP_uncompressed/HBTplus/halo_properties_0048.hdf5
BTKP10,0048,1.0717968600e+00,ishiyama21_fit,Ishiyama21Fit,8.6250000000e+00,1.0804103656e+00,1.2273265370e+01,9.8050596719e-01,-1.9494032806e-02,4.0478765667e-01,5.7702251536e-01,89775,/project/tkcastrosim/HNHuang/project_big_sim/data/bluetilted/kp_10_ms_1.5_25_1024/SOAP_full_000_056/simulation_test/SOAP_uncompressed/HBTplus/halo_properties_0048.hdf5
BTKP10,0048,1.0717968600e+00,ishiyama21_fit,Ishiyama21Fit,8.8750000000e+00,1.0606827316e+00,1.1197181686e+01,1.0270084253e+00,2.7008425270e-02,4.0936622485e-01,5.3082726091e-01,50790,/project/tkcastrosim/HNHuang/project_big_sim/data/bluetilted/kp_10_ms_1.5_25_1024/SOAP_full_000_056/simulation_test/SOAP_uncompressed/HBTplus/halo_properties_0048.hdf5
BTKP10,0048,1.0717968600e+00,ishiyama21_fit,Ishiyama21Fit,9.1250000000e+00,1.0358933824e+00,1.0240384969e+01,1.0606622176e+00,6.0662217633e-02,4.1109519386e-01,5.0845472811e-01,28147,/project/tkcastrosim/HNHuang/project_big_sim/data/bluetilted/kp_10_ms_1.5_25_1024/SOAP_full_000_056/simulation_test/SOAP_uncompressed/HBTplus/halo_properties_0048.hdf5
BTKP10,0048,1.0717968600e+00,ishiyama21_fit,Ishiyama21Fit,9.3750000000e+00,1.0020312046e+00,9.3870098723e+00,1.0702960681e+00,7.0296068120e-02,4.1627929428e-01,4.7445033087e-01,15456,/project/tkcastrosim/HNHuang/project_big_sim/data/bluetilted/kp_10_ms_1.5_25_1024/SOAP_full_000_056/simulation_test/SOAP_uncompressed/HBTplus/halo_properties_0048.hdf5
BTKP10,0048,1.0717968600e+00,ishiyama21_fit,Ishiyama21Fit,9.6250000000e+00,9.6915456010e-01,8.6259287282e+00,1.0798133554e+00,7.9813355412e-02,4.2201464855e-01,4.6136499206e-01,8669,/project/tkcastrosim/HNHuang/project_big_sim/data/bluetilted/kp_10_ms_1.5_25_1024/SOAP_full_000_056/simulation_test/SOAP_uncompressed/HBTplus/halo_properties_0048.hdf5
BTKP10,0048,1.0717968600e+00,ishiyama21_fit,Ishiyama21Fit,9.8750000000e+00,9.4204890064e-01,7.9812264375e+00,1.0964258550e+00,9.6425855039e-02,4.3955481107e-01,4.5917883496e-01,4769,/project/tkcastrosim/HNHuang/project_big_sim/data/bluetilted/kp_10_ms_1.5_25_1024/SOAP_full_000_056/simulation_test/SOAP_uncompressed/HBTplus/halo_properties_0048.hdf5
BTKP10,0048,1.0717968600e+00,ishiyama21_fit,Ishiyama21Fit,1.0125000000e+01,9.0061668493e-01,7.4398643629e+00,1.0691820697e+00,6.9182069730e-02,4.0619597507e-01,4.3184375928e-01,2728,/project/tkcastrosim/HNHuang/project_big_sim/data/bluetilted/kp_10_ms_1.5_25_1024/SOAP_full_000_056/simulation_test/SOAP_uncompressed/HBTplus/halo_properties_0048.hdf5
BTKP10,0048,1.0717968600e+00,ishiyama21_fit,Ishiyama21Fit,1.0375000000e+01,8.5688731770e-01,6.9772225646e+00,1.0308719937e+00,3.0871993700e-02,4.0731236067e-01,4.4974821352e-01,1568,/project/tkcastrosim/HNHuang/project_big_sim/data/bluetilted/kp_10_ms_1.5_25_1024/SOAP_full_000_056/simulation_test/SOAP_uncompressed/HBTplus/halo_properties_0048.hdf5
BTKP10,0048,1.0717968600e+00,ishiyama21_fit,Ishiyama21Fit,1.0625000000e+01,8.5200228995e-01,6.5753113895e+00,1.0816480340e+00,8.1648034019e-02,4.3249182495e-01,4.1450809439e-01,850,/project/tkcastrosim/HNHuang/project_big_sim/data/bluetilted/kp_10_ms_1.5_25_1024/SOAP_full_000_056/simulation_test/SOAP_uncompressed/HBTplus/halo_properties_0048.hdf5
BTKP10,0048,1.0717968600e+00,ishiyama21_fit,Ishiyama21Fit,1.0875000000e+01,8.0321105697e-01,6.2208772687e+00,1.0217847667e+00,2.1784766709e-02,3.6065312698e-01,4.1710307009e-01,529,/project/tkcastrosim/HNHuang/project_big_sim/data/bluetilted/kp_10_ms_1.5_25_1024/SOAP_full_000_056/simulation_test/SOAP_uncompressed/HBTplus/halo_properties_0048.hdf5
BTKP10,0048,1.0717968600e+00,ishiyama21_fit,Ishiyama21Fit,1.1125000000e+01,8.0149972844e-01,5.9040735315e+00,1.0723781851e+00,7.2378185059e-02,4.3973775420e-01,3.4745895958e-01,316,/project/tkcastrosim/HNHuang/project_big_sim/data/bluetilted/kp_10_ms_1.5_25_1024/SOAP_full_000_056/simulation_test/SOAP_uncompressed/HBTplus/halo_properties_0048.hdf5
BTKP10,0048,1.0717968600e+00,ishiyama21_fit,Ishiyama21Fit,1.1375000000e+01,7.9217753892e-01,5.6175970668e+00,1.1031306554e+00,1.0313065541e-01,3.7003782364e-01,3.6358110582e-01,184,/project/tkcastrosim/HNHuang/project_big_sim/data/bluetilted/kp_10_ms_1.5_25_1024/SOAP_full_000_056/simulation_test/SOAP_uncompressed/HBTplus/halo_properties_0048.hdf5
BTKP10,0048,1.0717968600e+00,ishiyama21_fit,Ishiyama21Fit,1.1625000000e+01,7.3971624546e-01,5.3540694698e+00,1.0257280771e+00,2.5728077064e-02,3.4041048275e-01,3.4978153637e-01,97,/project/tkcastrosim/HNHuang/project_big_sim/data/bluetilted/kp_10_ms_1.5_25_1024/SOAP_full_000_056/simulation_test/SOAP_uncompressed/HBTplus/halo_properties_0048.hdf5
BTKP10,0048,1.0717968600e+00,ishiyama21_fit,Ishiyama21Fit,1.1875000000e+01,6.8828155754e-01,5.0980201968e+00,9.5692963826e-01,-4.3070361745e-02,3.8778964730e-01,5.7149777116e-01,64,/project/tkcastrosim/HNHuang/project_big_sim/data/bluetilted/kp_10_ms_1.5_25_1024/SOAP_full_000_056/simulation_test/SOAP_uncompressed/HBTplus/halo_properties_0048.hdf5
BTKP10,0048,1.0717968600e+00,ishiyama21_fit,Ishiyama21Fit,1.2125000000e+01,6.9615690292e-01,4.8487839171e+00,1.0245285671e+00,2.4528567131e-02,4.5636220766e-01,7.2387141627e-01,40,/project/tkcastrosim/HNHuang/project_big_sim/data/bluetilted/kp_10_ms_1.5_25_1024/SOAP_full_000_056/simulation_test/SOAP_uncompressed/HBTplus/halo_properties_0048.hdf5
BTKP10,0048,1.0717968600e+00,ishiyama21_fit,Ishiyama21Fit,1.2375000000e+01,7.2856337587e-01,4.6093732483e+00,1.1612386947e+00,1.6123869468e-01,3.4901007236e-01,2.9599675528e-01,22,/project/tkcastrosim/HNHuang/project_big_sim/data/bluetilted/kp_10_ms_1.5_25_1024/SOAP_full_000_056/simulation_test/SOAP_uncompressed/HBTplus/halo_properties_0048.hdf5
BTKP10,0048,1.0717968600e+00,ishiyama21_fit,Ishiyama21Fit,1.2625000000e+01,6.6678587360e-01,4.3834866486e+00,1.0591712541e+00,5.9171254078e-02,2.7432962701e-01,4.1786666296e-01,12,/project/tkcastrosim/HNHuang/project_big_sim/data/bluetilted/kp_10_ms_1.5_25_1024/SOAP_full_000_056/simulation_test/SOAP_uncompressed/HBTplus/halo_properties_0048.hdf5
BTKP10,0048,1.0717968600e+00,ishiyama21_fit,Ishiyama21Fit,1.2875000000e+01,5.9133916106e-01,4.1756149043e+00,9.3458481844e-01,-6.5415181563e-02,2.2809347066e-01,3.5303301728e-01,9,/project/tkcastrosim/HNHuang/project_big_sim/data/bluetilted/kp_10_ms_1.5_25_1024/SOAP_full_000_056/simulation_test/SOAP_uncompressed/HBTplus/halo_properties_0048.hdf5
BTKP10,0048,1.0717968600e+00,ishiyama21_fit,Ishiyama21Fit,1.3125000000e+01,6.7872301386e-01,3.9911585941e+00,1.1957049536e+00,1.9570495360e-01,1.4422277033e-01,1.6400456773e-01,2,/project/tkcastrosim/HNHuang/project_big_sim/data/bluetilted/kp_10_ms_1.5_25_1024/SOAP_full_000_056/simulation_test/SOAP_uncompressed/HBTplus/halo_properties_0048.hdf5
BTKP10,0048,1.0717968600e+00,ishiyama21_fit,Ishiyama21Fit,1.3375000000e+01,5.8112915532e-01,3.8384687710e+00,9.9305006392e-01,-6.9499360834e-03,0.0000000000e+00,0.0000000000e+00,1,/project/tkcastrosim/HNHuang/project_big_sim/data/bluetilted/kp_10_ms_1.5_25_1024/SOAP_full_000_056/simulation_test/SOAP_uncompressed/HBTplus/halo_properties_0048.hdf5
BTKP10,0048,1.0717968600e+00,ludlow16,Ludlow16,8.3750000000e+00,1.0890097957e+00,1.6307603890e+01,7.5269605835e-01,-2.4730394165e-01,3.2846766873e-01,5.0665316121e-01,135804,/project/tkcastrosim/HNHuang/project_big_sim/data/bluetilted/kp_10_ms_1.5_25_1024/SOAP_full_000_056/simulation_test/SOAP_uncompressed/HBTplus/halo_properties_0048.hdf5
BTKP10,0048,1.0717968600e+00,ludlow16,Ludlow16,8.6250000000e+00,1.0804103656e+00,1.5034324147e+01,8.0043571062e-01,-1.9956428938e-01,3.3044826493e-01,4.7105213286e-01,89775,/project/tkcastrosim/HNHuang/project_big_sim/data/bluetilted/kp_10_ms_1.5_25_1024/SOAP_full_000_056/simulation_test/SOAP_uncompressed/HBTplus/halo_properties_0048.hdf5
BTKP10,0048,1.0717968600e+00,ludlow16,Ludlow16,8.8750000000e+00,1.0606827316e+00,1.3872659394e+01,8.2893983083e-01,-1.7106016917e-01,3.3041595456e-01,4.2845204482e-01,50790,/project/tkcastrosim/HNHuang/project_big_sim/data/bluetilted/kp_10_ms_1.5_25_1024/SOAP_full_000_056/simulation_test/SOAP_uncompressed/HBTplus/halo_properties_0048.hdf5
BTKP10,0048,1.0717968600e+00,ludlow16,Ludlow16,9.1250000000e+00,1.0358933824e+00,1.2812338372e+01,8.4774450343e-01,-1.5225549657e-01,3.2857179712e-01,4.0638734353e-01,28147,/project/tkcastrosim/HNHuang/project_big_sim/data/bluetilted/kp_10_ms_1.5_25_1024/SOAP_full_000_056/simulation_test/SOAP_uncompressed/HBTplus/halo_properties_0048.hdf5
BTKP10,0048,1.0717968600e+00,ludlow16,Ludlow16,9.3750000000e+00,1.0020312046e+00,1.1849258064e+01,8.4789104126e-01,-1.5210895874e-01,3.2977742776e-01,3.7586065861e-01,15456,/project/tkcastrosim/HNHuang/project_big_sim/data/bluetilted/kp_10_ms_1.5_25_1024/SOAP_full_000_056/simulation_test/SOAP_uncompressed/HBTplus/halo_properties_0048.hdf5
BTKP10,0048,1.0717968600e+00,ludlow16,Ludlow16,9.6250000000e+00,9.6915456010e-01,1.0975110780e+01,8.4868328258e-01,-1.5131671742e-01,3.3168396689e-01,3.6261151426e-01,8669,/project/tkcastrosim/HNHuang/project_big_sim/data/bluetilted/kp_10_ms_1.5_25_1024/SOAP_full_000_056/simulation_test/SOAP_uncompressed/HBTplus/halo_properties_0048.hdf5
BTKP10,0048,1.0717968600e+00,ludlow16,Ludlow16,9.8750000000e+00,9.4204890064e-01,1.0179189260e+01,8.5967779922e-01,-1.4032220078e-01,3.4464301520e-01,3.6002968051e-01,4769,/project/tkcastrosim/HNHuang/project_big_sim/data/bluetilted/kp_10_ms_1.5_25_1024/SOAP_full_000_056/simulation_test/SOAP_uncompressed/HBTplus/halo_properties_0048.hdf5
BTKP10,0048,1.0717968600e+00,ludlow16,Ludlow16,1.0125000000e+01,9.0061668493e-01,9.4569416326e+00,8.4113552637e-01,-1.5886447363e-01,3.1955816972e-01,3.3973552125e-01,2728,/project/tkcastrosim/HNHuang/project_big_sim/data/bluetilted/kp_10_ms_1.5_25_1024/SOAP_full_000_056/simulation_test/SOAP_uncompressed/HBTplus/halo_properties_0048.hdf5
BTKP10,0048,1.0717968600e+00,ludlow16,Ludlow16,1.0375000000e+01,8.5688731770e-01,8.8050862392e+00,8.1687142411e-01,-1.8312857589e-01,3.2275765580e-01,3.5638417370e-01,1568,/project/tkcastrosim/HNHuang/project_big_sim/data/bluetilted/kp_10_ms_1.5_25_1024/SOAP_full_000_056/simulation_test/SOAP_uncompressed/HBTplus/halo_properties_0048.hdf5
BTKP10,0048,1.0717968600e+00,ludlow16,Ludlow16,1.0625000000e+01,8.5200228995e-01,8.2197757033e+00,8.6525142465e-01,-1.3474857535e-01,3.4596666930e-01,3.3158079885e-01,850,/project/tkcastrosim/HNHuang/project_big_sim/data/bluetilted/kp_10_ms_1.5_25_1024/SOAP_full_000_056/simulation_test/SOAP_uncompressed/HBTplus/halo_properties_0048.hdf5
BTKP10,0048,1.0717968600e+00,ludlow16,Ludlow16,1.0875000000e+01,8.0321105697e-01,7.6966037324e+00,8.2587045530e-01,-1.7412954470e-01,2.9150244933e-01,3.3712882950e-01,529,/project/tkcastrosim/HNHuang/project_big_sim/data/bluetilted/kp_10_ms_1.5_25_1024/SOAP_full_000_056/simulation_test/SOAP_uncompressed/HBTplus/halo_properties_0048.hdf5
BTKP10,0048,1.0717968600e+00,ludlow16,Ludlow16,1.1125000000e+01,8.0149972844e-01,7.2304015057e+00,8.7566363406e-01,-1.2433636594e-01,3.5907328705e-01,2.8372189911e-01,316,/project/tkcastrosim/HNHuang/project_big_sim/data/bluetilted/kp_10_ms_1.5_25_1024/SOAP_full_000_056/simulation_test/SOAP_uncompressed/HBTplus/halo_properties_0048.hdf5
BTKP10,0048,1.0717968600e+00,ludlow16,Ludlow16,1.1375000000e+01,7.9217753892e-01,6.8152066533e+00,9.0928182362e-01,-9.0718176379e-02,3.0501252543e-01,2.9969042136e-01,184,/project/tkcastrosim/HNHuang/project_big_sim/data/bluetilted/kp_10_ms_1.5_25_1024/SOAP_full_000_056/simulation_test/SOAP_uncompressed/HBTplus/halo_properties_0048.hdf5
BTKP10,0048,1.0717968600e+00,ludlow16,Ludlow16,1.1625000000e+01,7.3971624546e-01,6.4489354241e+00,8.5158542001e-01,-1.4841457999e-01,2.8261740164e-01,2.9039748763e-01,97,/project/tkcastrosim/HNHuang/project_big_sim/data/bluetilted/kp_10_ms_1.5_25_1024/SOAP_full_000_056/simulation_test/SOAP_uncompressed/HBTplus/halo_properties_0048.hdf5
BTKP10,0048,1.0717968600e+00,ludlow16,Ludlow16,1.1875000000e+01,6.8828155754e-01,6.1202288362e+00,7.9710199622e-01,-2.0289800378e-01,3.2302051230e-01,4.7604546459e-01,64,/project/tkcastrosim/HNHuang/project_big_sim/data/bluetilted/kp_10_ms_1.5_25_1024/SOAP_full_000_056/simulation_test/SOAP_uncompressed/HBTplus/halo_properties_0048.hdf5
BTKP10,0048,1.0717968600e+00,ludlow16,Ludlow16,1.2125000000e+01,6.9615690292e-01,5.8205481827e+00,8.5347934301e-01,-1.4652065699e-01,3.8017067523e-01,6.0301813009e-01,40,/project/tkcastrosim/HNHuang/project_big_sim/data/bluetilted/kp_10_ms_1.5_25_1024/SOAP_full_000_056/simulation_test/SOAP_uncompressed/HBTplus/halo_properties_0048.hdf5
BTKP10,0048,1.0717968600e+00,ludlow16,Ludlow16,1.2375000000e+01,7.2856337587e-01,5.5420400537e+00,9.6581448749e-01,-3.4185512507e-02,2.9027536347e-01,2.4618362771e-01,22,/project/tkcastrosim/HNHuang/project_big_sim/data/bluetilted/kp_10_ms_1.5_25_1024/SOAP_full_000_056/simulation_test/SOAP_uncompressed/HBTplus/halo_properties_0048.hdf5
BTKP10,0048,1.0717968600e+00,ludlow16,Ludlow16,1.2625000000e+01,6.6678587360e-01,5.2791142420e+00,8.7947766197e-01,-1.2052233803e-01,2.2778826185e-01,3.4697353647e-01,12,/project/tkcastrosim/HNHuang/project_big_sim/data/bluetilted/kp_10_ms_1.5_25_1024/SOAP_full_000_056/simulation_test/SOAP_uncompressed/HBTplus/halo_properties_0048.hdf5
BTKP10,0048,1.0717968600e+00,ludlow16,Ludlow16,1.2875000000e+01,5.9133916106e-01,5.0264255573e+00,7.7638995201e-01,-2.2361004799e-01,1.8948465163e-01,2.9327598944e-01,9,/project/tkcastrosim/HNHuang/project_big_sim/data/bluetilted/kp_10_ms_1.5_25_1024/SOAP_full_000_056/simulation_test/SOAP_uncompressed/HBTplus/halo_properties_0048.hdf5
BTKP10,0048,1.0717968600e+00,ludlow16,Ludlow16,1.3125000000e+01,6.7872301386e-01,4.7809255230e+00,9.9818499129e-01,-1.8150087054e-03,1.2039843468e-01,1.3691245279e-01,2,/project/tkcastrosim/HNHuang/project_big_sim/data/bluetilted/kp_10_ms_1.5_25_1024/SOAP_full_000_056/simulation_test/SOAP_uncompressed/HBTplus/halo_properties_0048.hdf5
BTKP10,0048,1.0717968600e+00,ludlow16,Ludlow16,1.3375000000e+01,5.8112915532e-01,4.5407549082e+00,8.3946210165e-01,-1.6053789835e-01,0.0000000000e+00,0.0000000000e+00,1,/project/tkcastrosim/HNHuang/project_big_sim/data/bluetilted/kp_10_ms_1.5_25_1024/SOAP_full_000_056/simulation_test/SOAP_uncompressed/HBTplus/halo_properties_0048.hdf5
PL,0040,3.4410805660e+00,diemer19,DiemerJoyce19,8.3750000000e+00,5.0423372345e-01,4.6281845650e+00,6.8995863421e-01,-3.1004136579e-01,2.9431702890e-01,4.0459562780e-01,89571,/project/tkcastrosim/HNHuang/project_big_sim/data/PL/PL_25_1024/SOAP_full_000_056/simulation_test/SOAP_uncompressed/HBTplus/halo_properties_0040.hdf5
PL,0040,3.4410805660e+00,diemer19,DiemerJoyce19,8.6250000000e+00,5.3588855533e-01,4.4772001041e+00,7.6715311027e-01,-2.3284688973e-01,3.0796020289e-01,3.9073076702e-01,61292,/project/tkcastrosim/HNHuang/project_big_sim/data/PL/PL_25_1024/SOAP_full_000_056/simulation_test/SOAP_uncompressed/HBTplus/halo_properties_0040.hdf5
PL,0040,3.4410805660e+00,diemer19,DiemerJoyce19,8.8750000000e+00,5.5504824464e-01,4.3317610783e+00,8.2867407059e-01,-1.7132592941e-01,3.2147751705e-01,3.8427580049e-01,36386,/project/tkcastrosim/HNHuang/project_big_sim/data/PL/PL_25_1024/SOAP_full_000_056/simulation_test/SOAP_uncompressed/HBTplus/halo_properties_0040.hdf5
PL,0040,3.4410805660e+00,diemer19,DiemerJoyce19,9.1250000000e+00,5.6457475037e-01,4.1926377523e+00,8.7515989958e-01,-1.2484010042e-01,3.2529962585e-01,3.7305617682e-01,20740,/project/tkcastrosim/HNHuang/project_big_sim/data/PL/PL_25_1024/SOAP_full_000_056/simulation_test/SOAP_uncompressed/HBTplus/halo_properties_0040.hdf5
PL,0040,3.4410805660e+00,diemer19,DiemerJoyce19,9.3750000000e+00,5.6347586078e-01,4.0600399655e+00,9.0145811399e-01,-9.8541886007e-02,3.3381687676e-01,3.8959991074e-01,11796,/project/tkcastrosim/HNHuang/project_big_sim/data/PL/PL_25_1024/SOAP_full_000_056/simulation_test/SOAP_uncompressed/HBTplus/halo_properties_0040.hdf5
PL,0040,3.4410805660e+00,diemer19,DiemerJoyce19,9.6250000000e+00,5.5622692442e-01,3.9343211530e+00,9.1486521791e-01,-8.5134782089e-02,3.4003396383e-01,4.1267813967e-01,6921,/project/tkcastrosim/HNHuang/project_big_sim/data/PL/PL_25_1024/SOAP_full_000_056/simulation_test/SOAP_uncompressed/HBTplus/halo_properties_0040.hdf5
PL,0040,3.4410805660e+00,diemer19,DiemerJoyce19,9.8750000000e+00,5.5800741097e-01,3.8159849734e+00,9.4711072620e-01,-5.2889273798e-02,3.5373472920e-01,3.9558697398e-01,3811,/project/tkcastrosim/HNHuang/project_big_sim/data/PL/PL_25_1024/SOAP_full_000_056/simulation_test/SOAP_uncompressed/HBTplus/halo_properties_0040.hdf5
PL,0040,3.4410805660e+00,diemer19,DiemerJoyce19,1.0125000000e+01,5.4527283531e-01,3.7056150492e+00,9.4713641367e-01,-5.2863586327e-02,3.3875176788e-01,4.0730828077e-01,2073,/project/tkcastrosim/HNHuang/project_big_sim/data/PL/PL_25_1024/SOAP_full_000_056/simulation_test/SOAP_uncompressed/HBTplus/halo_properties_0040.hdf5
PL,0040,3.4410805660e+00,diemer19,DiemerJoyce19,1.0375000000e+01,5.3987483549e-01,3.6039322536e+00,9.6182977435e-01,-3.8170225654e-02,3.3538456216e-01,4.0915487559e-01,1200,/project/tkcastrosim/HNHuang/project_big_sim/data/PL/PL_25_1024/SOAP_full_000_056/simulation_test/SOAP_uncompressed/HBTplus/halo_properties_0040.hdf5
PL,0040,3.4410805660e+00,diemer19,DiemerJoyce19,1.0625000000e+01,5.2411149586e-01,3.5119138482e+00,9.5184808896e-01,-4.8151911041e-02,3.1834794936e-01,3.7976306158e-01,687,/project/tkcastrosim/HNHuang/project_big_sim/data/PL/PL_25_1024/SOAP_full_000_056/simulation_test/SOAP_uncompressed/HBTplus/halo_properties_0040.hdf5
PL,0040,3.4410805660e+00,diemer19,DiemerJoyce19,1.0875000000e+01,5.2813789344e-01,3.4308298587e+00,9.8341926623e-01,-1.6580733767e-02,3.7581101627e-01,4.3963327440e-01,308,/project/tkcastrosim/HNHuang/project_big_sim/data/PL/PL_25_1024/SOAP_full_000_056/simulation_test/SOAP_uncompressed/HBTplus/halo_properties_0040.hdf5
PL,0040,3.4410805660e+00,diemer19,DiemerJoyce19,1.1125000000e+01,5.1936291606e-01,3.3629980228e+00,9.8318739966e-01,-1.6812600340e-02,3.5690306639e-01,4.2861761720e-01,171,/project/tkcastrosim/HNHuang/project_big_sim/data/PL/PL_25_1024/SOAP_full_000_056/simulation_test/SOAP_uncompressed/HBTplus/halo_properties_0040.hdf5
PL,0040,3.4410805660e+00,diemer19,DiemerJoyce19,1.1375000000e+01,5.1064215290e-01,3.3111550656e+00,9.7872939740e-01,-2.1270602599e-02,2.9582942438e-01,3.8949792580e-01,95,/project/tkcastrosim/HNHuang/project_big_sim/data/PL/PL_25_1024/SOAP_full_000_056/simulation_test/SOAP_uncompressed/HBTplus/halo_properties_0040.hdf5
PL,0040,3.4410805660e+00,diemer19,DiemerJoyce19,1.1625000000e+01,5.4720564627e-01,3.2773227325e+00,1.0756882776e+00,7.5688277579e-02,3.2113184386e-01,4.1768286447e-01,44,/project/tkcastrosim/HNHuang/project_big_sim/data/PL/PL_25_1024/SOAP_full_000_056/simulation_test/SOAP_uncompressed/HBTplus/halo_properties_0040.hdf5
PL,0040,3.4410805660e+00,diemer19,DiemerJoyce19,1.1875000000e+01,5.7601694504e-01,3.2640969492e+00,1.1541277822e+00,1.5412778217e-01,3.6464779450e-01,2.7081195546e-01,23,/project/tkcastrosim/HNHuang/project_big_sim/data/PL/PL_25_1024/SOAP_full_000_056/simulation_test/SOAP_uncompressed/HBTplus/halo_properties_0040.hdf5
PL,0040,3.4410805660e+00,diemer19,DiemerJoyce19,1.2125000000e+01,5.0706542331e-01,3.2747499925e+00,9.8149315125e-01,-1.8506848753e-02,1.4660708415e-01,1.8469893654e-01,10,/project/tkcastrosim/HNHuang/project_big_sim/data/PL/PL_25_1024/SOAP_full_000_056/simulation_test/SOAP_uncompressed/HBTplus/halo_properties_0040.hdf5
PL,0040,3.4410805660e+00,ishiyama21_fit,Ishiyama21Fit,8.3750000000e+00,5.0423372345e-01,4.4321241788e+00,7.2047979085e-01,-2.7952020915e-01,3.0733649948e-01,4.2249340589e-01,89571,/project/tkcastrosim/HNHuang/project_big_sim/data/PL/PL_25_1024/SOAP_full_000_056/simulation_test/SOAP_uncompressed/HBTplus/halo_properties_0040.hdf5
PL,0040,3.4410805660e+00,ishiyama21_fit,Ishiyama21Fit,8.6250000000e+00,5.3588855533e-01,4.2886274864e+00,8.0088513075e-01,-1.9911486925e-01,3.2150133272e-01,4.0791135074e-01,61292,/project/tkcastrosim/HNHuang/project_big_sim/data/PL/PL_25_1024/SOAP_full_000_056/simulation_test/SOAP_uncompressed/HBTplus/halo_properties_0040.hdf5
PL,0040,3.4410805660e+00,ishiyama21_fit,Ishiyama21Fit,8.8750000000e+00,5.5504824464e-01,4.1496970620e+00,8.6503135819e-01,-1.3496864181e-01,3.3558203771e-01,4.0113553617e-01,36386,/project/tkcastrosim/HNHuang/project_big_sim/data/PL/PL_25_1024/SOAP_full_000_056/simulation_test/SOAP_uncompressed/HBTplus/halo_properties_0040.hdf5
PL,0040,3.4410805660e+00,ishiyama21_fit,Ishiyama21Fit,9.1250000000e+00,5.6457475037e-01,4.0156181493e+00,9.1373937907e-01,-8.6260620926e-02,3.3963973701e-01,3.8950152941e-01,20740,/project/tkcastrosim/HNHuang/project_big_sim/data/PL/PL_25_1024/SOAP_full_000_056/simulation_test/SOAP_uncompressed/HBTplus/halo_properties_0040.hdf5
PL,0040,3.4410805660e+00,ishiyama21_fit,Ishiyama21Fit,9.3750000000e+00,5.6347586078e-01,3.8868051074e+00,9.4163609158e-01,-5.8363908420e-02,3.4869509105e-01,4.0696437420e-01,11796,/project/tkcastrosim/HNHuang/project_big_sim/data/PL/PL_25_1024/SOAP_full_000_056/simulation_test/SOAP_uncompressed/HBTplus/halo_properties_0040.hdf5
PL,0040,3.4410805660e+00,ishiyama21_fit,Ishiyama21Fit,9.6250000000e+00,5.5622692442e-01,3.7640422267e+00,9.5625217845e-01,-4.3747821552e-02,3.5541652726e-01,4.3134700318e-01,6921,/project/tkcastrosim/HNHuang/project_big_sim/data/PL/PL_25_1024/SOAP_full_000_056/simulation_test/SOAP_uncompressed/HBTplus/halo_properties_0040.hdf5
PL,0040,3.4410805660e+00,ishiyama21_fit,Ishiyama21Fit,9.8750000000e+00,5.5800741097e-01,3.6495229892e+00,9.9031032550e-01,-9.6896745010e-03,3.6986927202e-01,4.1363048071e-01,3811,/project/tkcastrosim/HNHuang/project_big_sim/data/PL/PL_25_1024/SOAP_full_000_056/simulation_test/SOAP_uncompressed/HBTplus/halo_properties_0040.hdf5
PL,0040,3.4410805660e+00,ishiyama21_fit,Ishiyama21Fit,1.0125000000e+01,5.4527283531e-01,3.5439491502e+00,9.9034235519e-01,-9.6576448118e-03,3.5420475740e-01,4.2588864311e-01,2073,/project/tkcastrosim/HNHuang/project_big_sim/data/PL/PL_25_1024/SOAP_full_000_056/simulation_test/SOAP_uncompressed/HBTplus/halo_properties_0040.hdf5
PL,0040,3.4410805660e+00,ishiyama21_fit,Ishiyama21Fit,1.0375000000e+01,5.3987483549e-01,3.4478449236e+00,1.0053727540e+00,5.3727539960e-03,3.5056775107e-01,4.2767771913e-01,1200,/project/tkcastrosim/HNHuang/project_big_sim/data/PL/PL_25_1024/SOAP_full_000_056/simulation_test/SOAP_uncompressed/HBTplus/halo_properties_0040.hdf5
PL,0040,3.4410805660e+00,ishiyama21_fit,Ishiyama21Fit,1.0625000000e+01,5.2411149586e-01,3.3620245421e+00,9.9428437929e-01,-5.7156207123e-03,3.3254087170e-01,3.9669405690e-01,687,/project/tkcastrosim/HNHuang/project_big_sim/data/PL/PL_25_1024/SOAP_full_000_056/simulation_test/SOAP_uncompressed/HBTplus/halo_properties_0040.hdf5
PL,0040,3.4410805660e+00,ishiyama21_fit,Ishiyama21Fit,1.0875000000e+01,5.2813789344e-01,3.2876335786e+00,1.0262531093e+00,2.6253109273e-02,3.9217985369e-01,4.5878195626e-01,308,/project/tkcastrosim/HNHuang/project_big_sim/data/PL/PL_25_1024/SOAP_full_000_056/simulation_test/SOAP_uncompressed/HBTplus/halo_properties_0040.hdf5
PL,0040,3.4410805660e+00,ishiyama21_fit,Ishiyama21Fit,1.1125000000e+01,5.1936291606e-01,3.2261990116e+00,1.0248770362e+00,2.4877036176e-02,3.7203666057e-01,4.4679209001e-01,171,/project/tkcastrosim/HNHuang/project_big_sim/data/PL/PL_25_1024/SOAP_full_000_056/simulation_test/SOAP_uncompressed/HBTplus/halo_properties_0040.hdf5
PL,0040,3.4410805660e+00,ishiyama21_fit,Ishiyama21Fit,1.1375000000e+01,5.1064215290e-01,3.1796931412e+00,1.0191941984e+00,1.9194198362e-02,3.0806026041e-01,4.0560141271e-01,95,/project/tkcastrosim/HNHuang/project_big_sim/data/PL/PL_25_1024/SOAP_full_000_056/simulation_test/SOAP_uncompressed/HBTplus/halo_properties_0040.hdf5
PL,0040,3.4410805660e+00,ishiyama21_fit,Ishiyama21Fit,1.1625000000e+01,5.4720564627e-01,3.1508452520e+00,1.1188672763e+00,1.1886727629e-01,3.3402233618e-01,4.3444899295e-01,44,/project/tkcastrosim/HNHuang/project_big_sim/data/PL/PL_25_1024/SOAP_full_000_056/simulation_test/SOAP_uncompressed/HBTplus/halo_properties_0040.hdf5
PL,0040,3.4410805660e+00,ishiyama21_fit,Ishiyama21Fit,1.1875000000e+01,5.7601694504e-01,3.1441958865e+00,1.1981393999e+00,1.9813939992e-01,3.7855330790e-01,2.8113912413e-01,23,/project/tkcastrosim/HNHuang/project_big_sim/data/PL/PL_25_1024/SOAP_full_000_056/simulation_test/SOAP_uncompressed/HBTplus/halo_properties_0040.hdf5
PL,0040,3.4410805660e+00,ishiyama21_fit,Ishiyama21Fit,1.2125000000e+01,5.0706542331e-01,3.1634588194e+00,1.0160222950e+00,1.6022294954e-02,1.5176475344e-01,1.9119668552e-01,10,/project/tkcastrosim/HNHuang/project_big_sim/data/PL/PL_25_1024/SOAP_full_000_056/simulation_test/SOAP_uncompressed/HBTplus/halo_properties_0040.hdf5
PL,0040,3.4410805660e+00,ludlow16,Ludlow16,8.3750000000e+00,5.0423372345e-01,5.3222828999e+00,5.9997861094e-01,-4.0002138906e-01,2.5593407115e-01,3.5183083554e-01,89571,/project/tkcastrosim/HNHuang/project_big_sim/data/PL/PL_25_1024/SOAP_full_000_056/simulation_test/SOAP_uncompressed/HBTplus/halo_properties_0040.hdf5
PL,0040,3.4410805660e+00,ludlow16,Ludlow16,8.6250000000e+00,5.3588855533e-01,5.1913844463e+00,6.6161503173e-01,-3.3838496827e-01,2.6559378653e-01,3.3697751513e-01,61292,/project/tkcastrosim/HNHuang/project_big_sim/data/PL/PL_25_1024/SOAP_full_000_056/simulation_test/SOAP_uncompressed/HBTplus/halo_properties_0040.hdf5
PL,0040,3.4410805660e+00,ludlow16,Ludlow16,8.8750000000e+00,5.5504824464e-01,5.0608650991e+00,7.0928942292e-01,-2.9071057708e-01,2.7516319220e-01,3.2891431076e-01,36386,/project/tkcastrosim/HNHuang/project_big_sim/data/PL/PL_25_1024/SOAP_full_000_056/simulation_test/SOAP_uncompressed/HBTplus/halo_properties_0040.hdf5
PL,0040,3.4410805660e+00,ludlow16,Ludlow16,9.1250000000e+00,5.6457475037e-01,4.9312089522e+00,7.4408293582e-01,-2.5591706418e-01,2.7657791535e-01,3.1718173491e-01,20740,/project/tkcastrosim/HNHuang/project_big_sim/data/PL/PL_25_1024/SOAP_full_000_056/simulation_test/SOAP_uncompressed/HBTplus/halo_properties_0040.hdf5
PL,0040,3.4410805660e+00,ludlow16,Ludlow16,9.3750000000e+00,5.6347586078e-01,4.8027031791e+00,7.6206166269e-01,-2.3793833731e-01,2.8219729812e-01,3.2935435508e-01,11796,/project/tkcastrosim/HNHuang/project_big_sim/data/PL/PL_25_1024/SOAP_full_000_056/simulation_test/SOAP_uncompressed/HBTplus/halo_properties_0040.hdf5
PL,0040,3.4410805660e+00,ludlow16,Ludlow16,9.6250000000e+00,5.5622692442e-01,4.6746912049e+00,7.6997034054e-01,-2.3002965946e-01,2.8617993318e-01,3.4731884164e-01,6921,/project/tkcastrosim/HNHuang/project_big_sim/data/PL/PL_25_1024/SOAP_full_000_056/simulation_test/SOAP_uncompressed/HBTplus/halo_properties_0040.hdf5
PL,0040,3.4410805660e+00,ludlow16,Ludlow16,9.8750000000e+00,5.5800741097e-01,4.5470417713e+00,7.9483771672e-01,-2.0516228328e-01,2.9686254913e-01,3.3198594258e-01,3811,/project/tkcastrosim/HNHuang/project_big_sim/data/PL/PL_25_1024/SOAP_full_000_056/simulation_test/SOAP_uncompressed/HBTplus/halo_properties_0040.hdf5
PL,0040,3.4410805660e+00,ludlow16,Ludlow16,1.0125000000e+01,5.4527283531e-01,4.4197946395e+00,7.9409186046e-01,-2.0590813954e-01,2.8401402133e-01,3.4149272036e-01,2073,/project/tkcastrosim/HNHuang/project_big_sim/data/PL/PL_25_1024/SOAP_full_000_056/simulation_test/SOAP_uncompressed/HBTplus/halo_properties_0040.hdf5
PL,0040,3.4410805660e+00,ludlow16,Ludlow16,1.0375000000e+01,5.3987483549e-01,4.2933348379e+00,8.0738388155e-01,-1.9261611845e-01,2.8153015931e-01,3.4345479878e-01,1200,/project/tkcastrosim/HNHuang/project_big_sim/data/PL/PL_25_1024/SOAP_full_000_056/simulation_test/SOAP_uncompressed/HBTplus/halo_properties_0040.hdf5
PL,0040,3.4410805660e+00,ludlow16,Ludlow16,1.0625000000e+01,5.2411149586e-01,4.1690523275e+00,8.0181495036e-01,-1.9818504964e-01,2.6816899479e-01,3.1990367360e-01,687,/project/tkcastrosim/HNHuang/project_big_sim/data/PL/PL_25_1024/SOAP_full_000_056/simulation_test/SOAP_uncompressed/HBTplus/halo_properties_0040.hdf5
PL,0040,3.4410805660e+00,ludlow16,Ludlow16,1.0875000000e+01,5.2813789344e-01,4.0457712512e+00,8.3394338749e-01,-1.6605661251e-01,3.1868921296e-01,3.7281073769e-01,308,/project/tkcastrosim/HNHuang/project_big_sim/data/PL/PL_25_1024/SOAP_full_000_056/simulation_test/SOAP_uncompressed/HBTplus/halo_properties_0040.hdf5
PL,0040,3.4410805660e+00,ludlow16,Ludlow16,1.1125000000e+01,5.1936291606e-01,3.9236387270e+00,8.4270176515e-01,-1.5729823485e-01,3.0590591798e-01,3.6737332345e-01,171,/project/tkcastrosim/HNHuang/project_big_sim/data/PL/PL_25_1024/SOAP_full_000_056/simulation_test/SOAP_uncompressed/HBTplus/halo_properties_0040.hdf5
PL,0040,3.4410805660e+00,ludlow16,Ludlow16,1.1375000000e+01,5.1064215290e-01,3.8043545842e+00,8.5184614902e-01,-1.4815385098e-01,2.5747786528e-01,3.3900310854e-01,95,/project/tkcastrosim/HNHuang/project_big_sim/data/PL/PL_25_1024/SOAP_full_000_056/simulation_test/SOAP_uncompressed/HBTplus/halo_properties_0040.hdf5
PL,0040,3.4410805660e+00,ludlow16,Ludlow16,1.1625000000e+01,5.4720564627e-01,3.6870754405e+00,9.5614470114e-01,-4.3855298856e-02,2.8544376403e-01,3.7126485985e-01,44,/project/tkcastrosim/HNHuang/project_big_sim/data/PL/PL_25_1024/SOAP_full_000_056/simulation_test/SOAP_uncompressed/HBTplus/halo_properties_0040.hdf5
PL,0040,3.4410805660e+00,ludlow16,Ludlow16,1.1875000000e+01,5.7601694504e-01,3.5714197762e+00,1.0548143900e+00,5.4814390021e-02,3.3326963173e-01,2.4750842326e-01,23,/project/tkcastrosim/HNHuang/project_big_sim/data/PL/PL_25_1024/SOAP_full_000_056/simulation_test/SOAP_uncompressed/HBTplus/halo_properties_0040.hdf5
PL,0040,3.4410805660e+00,ludlow16,Ludlow16,1.2125000000e+01,5.0706542331e-01,3.4595165739e+00,9.2907336071e-01,-7.0926639286e-02,1.3877706249e-01,1.7483449729e-01,10,/project/tkcastrosim/HNHuang/project_big_sim/data/PL/PL_25_1024/SOAP_full_000_056/simulation_test/SOAP_uncompressed/HBTplus/halo_properties_0040.hdf5
BTKP1,0040,3.4410805660e+00,diemer19,DiemerJoyce19,8.3750000000e+00,1.0212246603e+00,1.2581454346e+01,8.3462966044e-01,-1.6537033956e-01,3.6437009582e-01,5.0043884917e-01,184512,/project/tkcastrosim/HNHuang/project_big_sim/data/bluetilted/kp_1_ms_1.5_25_1024/SOAP_full_000_056/simulation_test/SOAP_uncompressed/HBTplus/halo_properties_0040.hdf5
BTKP1,0040,3.4410805660e+00,diemer19,DiemerJoyce19,8.6250000000e+00,1.0135872878e+00,1.1508873970e+01,8.9650858666e-01,-1.0349141334e-01,3.7099607303e-01,4.6205466951e-01,125437,/project/tkcastrosim/HNHuang/project_big_sim/data/bluetilted/kp_1_ms_1.5_25_1024/SOAP_full_000_056/simulation_test/SOAP_uncompressed/HBTplus/halo_properties_0040.hdf5
BTKP1,0040,3.4410805660e+00,diemer19,DiemerJoyce19,8.8750000000e+00,9.9327916862e-01,1.0519902825e+01,9.3598187849e-01,-6.4018121509e-02,3.7661750920e-01,4.3941957019e-01,74430,/project/tkcastrosim/HNHuang/project_big_sim/data/bluetilted/kp_1_ms_1.5_25_1024/SOAP_full_000_056/simulation_test/SOAP_uncompressed/HBTplus/halo_properties_0040.hdf5
BTKP1,0040,3.4410805660e+00,diemer19,DiemerJoyce19,9.1250000000e+00,9.7108095833e-01,9.6105805077e+00,9.7348964701e-01,-2.6510352994e-02,3.8659966457e-01,4.2093150142e-01,43592,/project/tkcastrosim/HNHuang/project_big_sim/data/bluetilted/kp_1_ms_1.5_25_1024/SOAP_full_000_056/simulation_test/SOAP_uncompressed/HBTplus/halo_properties_0040.hdf5
BTKP1,0040,3.4410805660e+00,diemer19,DiemerJoyce19,9.3750000000e+00,9.3927695427e-01,8.7753891395e+00,9.9085606077e-01,-9.1439392334e-03,3.9640304379e-01,4.1023293594e-01,25001,/project/tkcastrosim/HNHuang/project_big_sim/data/bluetilted/kp_1_ms_1.5_25_1024/SOAP_full_000_056/simulation_test/SOAP_uncompressed/HBTplus/halo_properties_0040.hdf5
BTKP1,0040,3.4410805660e+00,diemer19,DiemerJoyce19,9.6250000000e+00,9.0386246169e-01,8.0098174339e+00,1.0005524144e+00,5.5241438661e-04,3.9195725881e-01,4.1410798989e-01,14573,/project/tkcastrosim/HNHuang/project_big_sim/data/bluetilted/kp_1_ms_1.5_25_1024/SOAP_full_000_056/simulation_test/SOAP_uncompressed/HBTplus/halo_properties_0040.hdf5
BTKP1,0040,3.4410805660e+00,diemer19,DiemerJoyce19,9.8750000000e+00,8.6726585392e-01,7.3106304008e+00,1.0076530548e+00,7.6530547821e-03,4.0098657869e-01,4.1251245261e-01,8121,/project/tkcastrosim/HNHuang/project_big_sim/data/bluetilted/kp_1_ms_1.5_25_1024/SOAP_full_000_056/simulation_test/SOAP_uncompressed/HBTplus/halo_properties_0040.hdf5
BTKP1,0040,3.4410805660e+00,diemer19,DiemerJoyce19,1.0125000000e+01,8.3110852269e-01,6.6808414256e+00,1.0145591199e+00,1.4559119868e-02,3.8004715734e-01,4.2267320199e-01,4607,/project/tkcastrosim/HNHuang/project_big_sim/data/bluetilted/kp_1_ms_1.5_25_1024/SOAP_full_000_056/simulation_test/SOAP_uncompressed/HBTplus/halo_properties_0040.hdf5
BTKP1,0040,3.4410805660e+00,diemer19,DiemerJoyce19,1.0375000000e+01,7.9063789453e-01,6.1292160276e+00,1.0074719560e+00,7.4719560030e-03,3.8099407260e-01,4.3206556667e-01,2592,/project/tkcastrosim/HNHuang/project_big_sim/data/bluetilted/kp_1_ms_1.5_25_1024/SOAP_full_000_056/simulation_test/SOAP_uncompressed/HBTplus/halo_properties_0040.hdf5
BTKP1,0040,3.4410805660e+00,diemer19,DiemerJoyce19,1.0625000000e+01,7.5044285328e-01,5.6503089449e+00,9.9625533176e-01,-3.7446682418e-03,3.9524546682e-01,4.5788829022e-01,1398,/project/tkcastrosim/HNHuang/project_big_sim/data/bluetilted/kp_1_ms_1.5_25_1024/SOAP_full_000_056/simulation_test/SOAP_uncompressed/HBTplus/halo_properties_0040.hdf5
BTKP1,0040,3.4410805660e+00,diemer19,DiemerJoyce19,1.0875000000e+01,7.1917968020e-01,5.2390748957e+00,9.9982748957e-01,-1.7251042814e-04,3.7608593280e-01,4.3513621669e-01,707,/project/tkcastrosim/HNHuang/project_big_sim/data/bluetilted/kp_1_ms_1.5_25_1024/SOAP_full_000_056/simulation_test/SOAP_uncompressed/HBTplus/halo_properties_0040.hdf5
BTKP1,0040,3.4410805660e+00,diemer19,DiemerJoyce19,1.1125000000e+01,6.6339188026e-01,4.8914424627e+00,9.4179185661e-01,-5.8208143394e-02,3.5763023185e-01,4.7078014155e-01,368,/project/tkcastrosim/HNHuang/project_big_sim/data/bluetilted/kp_1_ms_1.5_25_1024/SOAP_full_000_056/simulation_test/SOAP_uncompressed/HBTplus/halo_properties_0040.hdf5
BTKP1,0040,3.4410805660e+00,diemer19,DiemerJoyce19,1.1375000000e+01,6.5341563561e-01,4.6019361506e+00,9.7830674281e-01,-2.1693257192e-02,4.3159500560e-01,4.6526652825e-01,158,/project/tkcastrosim/HNHuang/project_big_sim/data/bluetilted/kp_1_ms_1.5_25_1024/SOAP_full_000_056/simulation_test/SOAP_uncompressed/HBTplus/halo_properties_0040.hdf5
BTKP1,0040,3.4410805660e+00,diemer19,DiemerJoyce19,1.1625000000e+01,6.0621067794e-01,4.3470967541e+00,9.2899071095e-01,-7.1009289055e-02,3.8451721053e-01,4.0976985222e-01,76,/project/tkcastrosim/HNHuang/project_big_sim/data/bluetilted/kp_1_ms_1.5_25_1024/SOAP_full_000_056/simulation_test/SOAP_uncompressed/HBTplus/halo_properties_0040.hdf5
BTKP1,0040,3.4410805660e+00,diemer19,DiemerJoyce19,1.1875000000e+01,6.4158931539e-01,4.1318807752e+00,1.0603311835e+00,6.0331183523e-02,4.3127704477e-01,3.7143109155e-01,36,/project/tkcastrosim/HNHuang/project_big_sim/data/bluetilted/kp_1_ms_1.5_25_1024/SOAP_full_000_056/simulation_test/SOAP_uncompressed/HBTplus/halo_properties_0040.hdf5
BTKP1,0040,3.4410805660e+00,diemer19,DiemerJoyce19,1.2125000000e+01,6.8867093834e-01,3.9640395348e+00,1.2317794691e+00,2.3177946907e-01,5.6756306972e-01,2.0427319309e-01,13,/project/tkcastrosim/HNHuang/project_big_sim/data/bluetilted/kp_1_ms_1.5_25_1024/SOAP_full_000_056/simulation_test/SOAP_uncompressed/HBTplus/halo_properties_0040.hdf5
BTKP1,0040,3.4410805660e+00,diemer19,DiemerJoyce19,1.2375000000e+01,6.4120604241e-01,3.8478744993e+00,1.1375883704e+00,1.3758837036e-01,1.6831496531e-01,1.9754296991e-01,2,/project/tkcastrosim/HNHuang/project_big_sim/data/bluetilted/kp_1_ms_1.5_25_1024/SOAP_full_000_056/simulation_test/SOAP_uncompressed/HBTplus/halo_properties_0040.hdf5
BTKP1,0040,3.4410805660e+00,ishiyama21_fit,Ishiyama21Fit,8.3750000000e+00,1.0212246603e+00,1.1001570059e+01,9.5448694249e-01,-4.5513057514e-02,4.1669558988e-01,5.7230454379e-01,184512,/project/tkcastrosim/HNHuang/project_big_sim/data/bluetilted/kp_1_ms_1.5_25_1024/SOAP_full_000_056/simulation_test/SOAP_uncompressed/HBTplus/halo_properties_0040.hdf5
BTKP1,0040,3.4410805660e+00,ishiyama21_fit,Ishiyama21Fit,8.6250000000e+00,1.0135872878e+00,1.0064540408e+01,1.0251639835e+00,2.5163983507e-02,4.2423666404e-01,5.2836282065e-01,125437,/project/tkcastrosim/HNHuang/project_big_sim/data/bluetilted/kp_1_ms_1.5_25_1024/SOAP_full_000_056/simulation_test/SOAP_uncompressed/HBTplus/halo_properties_0040.hdf5
BTKP1,0040,3.4410805660e+00,ishiyama21_fit,Ishiyama21Fit,8.8750000000e+00,9.9327916862e-01,9.2005097852e+00,1.0702057427e+00,7.0205742709e-02,4.3062609481e-01,5.0243424396e-01,74430,/project/tkcastrosim/HNHuang/project_big_sim/data/bluetilted/kp_1_ms_1.5_25_1024/SOAP_full_000_056/simulation_test/SOAP_uncompressed/HBTplus/halo_properties_0040.hdf5
BTKP1,0040,3.4410805660e+00,ishiyama21_fit,Ishiyama21Fit,9.1250000000e+00,9.7108095833e-01,8.4038698303e+00,1.1132729106e+00,1.1327291056e-01,4.4211146479e-01,4.8137300604e-01,43592,/project/tkcastrosim/HNHuang/project_big_sim/data/bluetilted/kp_1_ms_1.5_25_1024/SOAP_full_000_056/simulation_test/SOAP_uncompressed/HBTplus/halo_properties_0040.hdf5
BTKP1,0040,3.4410805660e+00,ishiyama21_fit,Ishiyama21Fit,9.3750000000e+00,9.3927695427e-01,7.6713073780e+00,1.1334635788e+00,1.3346357876e-01,4.5345477556e-01,4.6927511483e-01,25001,/project/tkcastrosim/HNHuang/project_big_sim/data/bluetilted/kp_1_ms_1.5_25_1024/SOAP_full_000_056/simulation_test/SOAP_uncompressed/HBTplus/halo_properties_0040.hdf5
BTKP1,0040,3.4410805660e+00,ishiyama21_fit,Ishiyama21Fit,9.6250000000e+00,9.0386246169e-01,7.0132460491e+00,1.1427293604e+00,1.4272936043e-01,4.4765377729e-01,4.7295209290e-01,14573,/project/tkcastrosim/HNHuang/project_big_sim/data/bluetilted/kp_1_ms_1.5_25_1024/SOAP_full_000_056/simulation_test/SOAP_uncompressed/HBTplus/halo_properties_0040.hdf5
BTKP1,0040,3.4410805660e+00,ishiyama21_fit,Ishiyama21Fit,9.8750000000e+00,8.6726585392e-01,6.4261809353e+00,1.1463385687e+00,1.4633856872e-01,4.5617524654e-01,4.6928745192e-01,8121,/project/tkcastrosim/HNHuang/project_big_sim/data/bluetilted/kp_1_ms_1.5_25_1024/SOAP_full_000_056/simulation_test/SOAP_uncompressed/HBTplus/halo_properties_0040.hdf5
BTKP1,0040,3.4410805660e+00,ishiyama21_fit,Ishiyama21Fit,1.0125000000e+01,8.3110852269e-01,5.9033642681e+00,1.1481772577e+00,1.4817725773e-01,4.3009963084e-01,4.7833955505e-01,4607,/project/tkcastrosim/HNHuang/project_big_sim/data/bluetilted/kp_1_ms_1.5_25_1024/SOAP_full_000_056/simulation_test/SOAP_uncompressed/HBTplus/halo_properties_0040.hdf5
BTKP1,0040,3.4410805660e+00,ishiyama21_fit,Ishiyama21Fit,1.0375000000e+01,7.9063789453e-01,5.4411167803e+00,1.1348797516e+00,1.3487975160e-01,4.2917567670e-01,4.8670581851e-01,2592,/project/tkcastrosim/HNHuang/project_big_sim/data/bluetilted/kp_1_ms_1.5_25_1024/SOAP_full_000_056/simulation_test/SOAP_uncompressed/HBTplus/halo_properties_0040.hdf5
BTKP1,0040,3.4410805660e+00,ishiyama21_fit,Ishiyama21Fit,1.0625000000e+01,7.5044285328e-01,5.0215066922e+00,1.1210082466e+00,1.2100824661e-01,4.4473882710e-01,5.1522589943e-01,1398,/project/tkcastrosim/HNHuang/project_big_sim/data/bluetilted/kp_1_ms_1.5_25_1024/SOAP_full_000_056/simulation_test/SOAP_uncompressed/HBTplus/halo_properties_0040.hdf5
BTKP1,0040,3.4410805660e+00,ishiyama21_fit,Ishiyama21Fit,1.0875000000e+01,7.1917968020e-01,4.6150817434e+00,1.1350115538e+00,1.3501155383e-01,4.2693552979e-01,4.9396984838e-01,707,/project/tkcastrosim/HNHuang/project_big_sim/data/bluetilted/kp_1_ms_1.5_25_1024/SOAP_full_000_056/simulation_test/SOAP_uncompressed/HBTplus/halo_properties_0040.hdf5
BTKP1,0040,3.4410805660e+00,ishiyama21_fit,Ishiyama21Fit,1.1125000000e+01,6.6339188026e-01,4.2427064720e+00,1.0857976409e+00,8.5797640937e-02,4.1231410035e-01,5.4276532920e-01,368,/project/tkcastrosim/HNHuang/project_big_sim/data/bluetilted/kp_1_ms_1.5_25_1024/SOAP_full_000_056/simulation_test/SOAP_uncompressed/HBTplus/halo_properties_0040.hdf5
BTKP1,0040,3.4410805660e+00,ishiyama21_fit,Ishiyama21Fit,1.1375000000e+01,6.5341563561e-01,3.9200462058e+00,1.1484826785e+00,1.4848267848e-01,5.0667072643e-01,5.4619939247e-01,158,/project/tkcastrosim/HNHuang/project_big_sim/data/bluetilted/kp_1_ms_1.5_25_1024/SOAP_full_000_056/simulation_test/SOAP_uncompressed/HBTplus/halo_properties_0040.hdf5
BTKP1,0040,3.4410805660e+00,ishiyama21_fit,Ishiyama21Fit,1.1625000000e+01,6.0621067794e-01,3.6559955861e+00,1.1045999398e+00,1.0459993977e-01,4.5720337414e-01,4.8722958018e-01,76,/project/tkcastrosim/HNHuang/project_big_sim/data/bluetilted/kp_1_ms_1.5_25_1024/SOAP_full_000_056/simulation_test/SOAP_uncompressed/HBTplus/halo_properties_0040.hdf5
BTKP1,0040,3.4410805660e+00,ishiyama21_fit,Ishiyama21Fit,1.1875000000e+01,6.4158931539e-01,3.4612528129e+00,1.2657734842e+00,2.6577348416e-01,5.1483824685e-01,4.4339696331e-01,36,/project/tkcastrosim/HNHuang/project_big_sim/data/bluetilted/kp_1_ms_1.5_25_1024/SOAP_full_000_056/simulation_test/SOAP_uncompressed/HBTplus/halo_properties_0040.hdf5
BTKP1,0040,3.4410805660e+00,ishiyama21_fit,Ishiyama21Fit,1.2125000000e+01,6.8867093834e-01,3.3547737811e+00,1.4554848798e+00,4.5548487982e-01,6.7063909333e-01,2.4137156964e-01,13,/project/tkcastrosim/HNHuang/project_big_sim/data/bluetilted/kp_1_ms_1.5_25_1024/SOAP_full_000_056/simulation_test/SOAP_uncompressed/HBTplus/halo_properties_0040.hdf5
BTKP1,0040,3.4410805660e+00,ishiyama21_fit,Ishiyama21Fit,1.2375000000e+01,6.4120604241e-01,3.3236568078e+00,1.3170124156e+00,3.1701241557e-01,1.9486213539e-01,2.2870007356e-01,2,/project/tkcastrosim/HNHuang/project_big_sim/data/bluetilted/kp_1_ms_1.5_25_1024/SOAP_full_000_056/simulation_test/SOAP_uncompressed/HBTplus/halo_properties_0040.hdf5
BTKP1,0040,3.4410805660e+00,ludlow16,Ludlow16,8.3750000000e+00,1.0212246603e+00,1.5189824545e+01,6.9130850966e-01,-3.0869149034e-01,3.0180109795e-01,4.1450436211e-01,184512,/project/tkcastrosim/HNHuang/project_big_sim/data/bluetilted/kp_1_ms_1.5_25_1024/SOAP_full_000_056/simulation_test/SOAP_uncompressed/HBTplus/halo_properties_0040.hdf5
BTKP1,0040,3.4410805660e+00,ludlow16,Ludlow16,8.6250000000e+00,1.0135872878e+00,1.3991422233e+01,7.3743785047e-01,-2.6256214953e-01,3.0516890825e-01,3.8007065114e-01,125437,/project/tkcastrosim/HNHuang/project_big_sim/data/bluetilted/kp_1_ms_1.5_25_1024/SOAP_full_000_056/simulation_test/SOAP_uncompressed/HBTplus/halo_properties_0040.hdf5
BTKP1,0040,3.4410805660e+00,ludlow16,Ludlow16,8.8750000000e+00,9.9327916862e-01,1.2884122861e+01,7.6423040312e-01,-2.3576959688e-01,3.0750867884e-01,3.5878664212e-01,74430,/project/tkcastrosim/HNHuang/project_big_sim/data/bluetilted/kp_1_ms_1.5_25_1024/SOAP_full_000_056/simulation_test/SOAP_uncompressed/HBTplus/halo_properties_0040.hdf5
BTKP1,0040,3.4410805660e+00,ludlow16,Ludlow16,9.1250000000e+00,9.7108095833e-01,1.1854403343e+01,7.8922577168e-01,-2.1077422832e-01,3.1342338313e-01,3.4125682800e-01,43592,/project/tkcastrosim/HNHuang/project_big_sim/data/bluetilted/kp_1_ms_1.5_25_1024/SOAP_full_000_056/simulation_test/SOAP_uncompressed/HBTplus/halo_properties_0040.hdf5
BTKP1,0040,3.4410805660e+00,ludlow16,Ludlow16,9.3750000000e+00,9.3927695427e-01,1.0903290928e+01,7.9747918050e-01,-2.0252081950e-01,3.1904046110e-01,3.3017129179e-01,25001,/project/tkcastrosim/HNHuang/project_big_sim/data/bluetilted/kp_1_ms_1.5_25_1024/SOAP_full_000_056/simulation_test/SOAP_uncompressed/HBTplus/halo_properties_0040.hdf5
BTKP1,0040,3.4410805660e+00,ludlow16,Ludlow16,9.6250000000e+00,9.0386246169e-01,1.0024380609e+01,7.9947504834e-01,-2.0052495166e-01,3.1318703941e-01,3.3088621893e-01,14573,/project/tkcastrosim/HNHuang/project_big_sim/data/bluetilted/kp_1_ms_1.5_25_1024/SOAP_full_000_056/simulation_test/SOAP_uncompressed/HBTplus/halo_properties_0040.hdf5
BTKP1,0040,3.4410805660e+00,ludlow16,Ludlow16,9.8750000000e+00,8.6726585392e-01,9.2111569886e+00,7.9974525077e-01,-2.0025474923e-01,3.1825151564e-01,3.2739927030e-01,8121,/project/tkcastrosim/HNHuang/project_big_sim/data/bluetilted/kp_1_ms_1.5_25_1024/SOAP_full_000_056/simulation_test/SOAP_uncompressed/HBTplus/halo_properties_0040.hdf5
BTKP1,0040,3.4410805660e+00,ludlow16,Ludlow16,1.0125000000e+01,8.3110852269e-01,8.4627141266e+00,8.0093791370e-01,-1.9906208630e-01,3.0002606191e-01,3.3367694986e-01,4607,/project/tkcastrosim/HNHuang/project_big_sim/data/bluetilted/kp_1_ms_1.5_25_1024/SOAP_full_000_056/simulation_test/SOAP_uncompressed/HBTplus/halo_properties_0040.hdf5
BTKP1,0040,3.4410805660e+00,ludlow16,Ludlow16,1.0375000000e+01,7.9063789453e-01,7.7711678577e+00,7.9460556936e-01,-2.0539443064e-01,3.0049472859e-01,3.4077544646e-01,2592,/project/tkcastrosim/HNHuang/project_big_sim/data/bluetilted/kp_1_ms_1.5_25_1024/SOAP_full_000_056/simulation_test/SOAP_uncompressed/HBTplus/halo_properties_0040.hdf5
BTKP1,0040,3.4410805660e+00,ludlow16,Ludlow16,1.0625000000e+01,7.5044285328e-01,7.1325818554e+00,7.8921637726e-01,-2.1078362274e-01,3.1310667607e-01,3.6273124577e-01,1398,/project/tkcastrosim/HNHuang/project_big_sim/data/bluetilted/kp_1_ms_1.5_25_1024/SOAP_full_000_056/simulation_test/SOAP_uncompressed/HBTplus/halo_properties_0040.hdf5
BTKP1,0040,3.4410805660e+00,ludlow16,Ludlow16,1.0875000000e+01,7.1917968020e-01,6.5457838760e+00,8.0023587700e-01,-1.9976412300e-01,3.0100938352e-01,3.4827169247e-01,707,/project/tkcastrosim/HNHuang/project_big_sim/data/bluetilted/kp_1_ms_1.5_25_1024/SOAP_full_000_056/simulation_test/SOAP_uncompressed/HBTplus/halo_properties_0040.hdf5
BTKP1,0040,3.4410805660e+00,ludlow16,Ludlow16,1.1125000000e+01,6.6339188026e-01,6.0071053718e+00,7.6687862012e-01,-2.3312137988e-01,2.9120975807e-01,3.8334502767e-01,368,/project/tkcastrosim/HNHuang/project_big_sim/data/bluetilted/kp_1_ms_1.5_25_1024/SOAP_full_000_056/simulation_test/SOAP_uncompressed/HBTplus/halo_properties_0040.hdf5
BTKP1,0040,3.4410805660e+00,ludlow16,Ludlow16,1.1375000000e+01,6.5341563561e-01,5.5136028776e+00,8.1654505521e-01,-1.8345494479e-01,3.6023135920e-01,3.8833534144e-01,158,/project/tkcastrosim/HNHuang/project_big_sim/data/bluetilted/kp_1_ms_1.5_25_1024/SOAP_full_000_056/simulation_test/SOAP_uncompressed/HBTplus/halo_properties_0040.hdf5
BTKP1,0040,3.4410805660e+00,ludlow16,Ludlow16,1.1625000000e+01,6.0621067794e-01,5.0641763537e+00,7.9744705202e-01,-2.0255294798e-01,3.3007016364e-01,3.5174707003e-01,76,/project/tkcastrosim/HNHuang/project_big_sim/data/bluetilted/kp_1_ms_1.5_25_1024/SOAP_full_000_056/simulation_test/SOAP_uncompressed/HBTplus/halo_properties_0040.hdf5
BTKP1,0040,3.4410805660e+00,ludlow16,Ludlow16,1.1875000000e+01,6.4158931539e-01,4.6593485515e+00,9.4029497561e-01,-5.9705024394e-02,3.8245375086e-01,3.2938273871e-01,36,/project/tkcastrosim/HNHuang/project_big_sim/data/bluetilted/kp_1_ms_1.5_25_1024/SOAP_full_000_056/simulation_test/SOAP_uncompressed/HBTplus/halo_properties_0040.hdf5
BTKP1,0040,3.4410805660e+00,ludlow16,Ludlow16,1.2125000000e+01,6.8867093834e-01,4.2971860249e+00,1.1362837181e+00,1.3628371806e-01,5.2356179924e-01,1.8843657422e-01,13,/project/tkcastrosim/HNHuang/project_big_sim/data/bluetilted/kp_1_ms_1.5_25_1024/SOAP_full_000_056/simulation_test/SOAP_uncompressed/HBTplus/halo_properties_0040.hdf5
BTKP1,0040,3.4410805660e+00,ludlow16,Ludlow16,1.2375000000e+01,6.4120604241e-01,3.9799330264e+00,1.0998419451e+00,9.9841945074e-02,1.6273009082e-01,1.9098827830e-01,2,/project/tkcastrosim/HNHuang/project_big_sim/data/bluetilted/kp_1_ms_1.5_25_1024/SOAP_full_000_056/simulation_test/SOAP_uncompressed/HBTplus/halo_properties_0040.hdf5
BTKP10,0040,3.4410805660e+00,diemer19,DiemerJoyce19,8.3750000000e+00,6.8361093712e-01,7.2538109866e+00,6.6534163669e-01,-3.3465836331e-01,2.9570326411e-01,3.9458238346e-01,150058,/project/tkcastrosim/HNHuang/project_big_sim/data/bluetilted/kp_10_ms_1.5_25_1024/SOAP_full_000_056/simulation_test/SOAP_uncompressed/HBTplus/halo_properties_0040.hdf5
BTKP10,0040,3.4410805660e+00,diemer19,DiemerJoyce19,8.6250000000e+00,6.8818110635e-01,6.6508906157e+00,7.3333312227e-01,-2.6666687773e-01,3.1142518981e-01,3.8322680108e-01,96030,/project/tkcastrosim/HNHuang/project_big_sim/data/bluetilted/kp_10_ms_1.5_25_1024/SOAP_full_000_056/simulation_test/SOAP_uncompressed/HBTplus/halo_properties_0040.hdf5
BTKP10,0040,3.4410805660e+00,diemer19,DiemerJoyce19,8.8750000000e+00,6.7952012058e-01,6.1021858450e+00,7.8349222379e-01,-2.1650777621e-01,3.2289891602e-01,3.8527174118e-01,52214,/project/tkcastrosim/HNHuang/project_big_sim/data/bluetilted/kp_10_ms_1.5_25_1024/SOAP_full_000_056/simulation_test/SOAP_uncompressed/HBTplus/halo_properties_0040.hdf5
BTKP10,0040,3.4410805660e+00,diemer19,DiemerJoyce19,9.1250000000e+00,6.6378455093e-01,5.6196552265e+00,8.2049299785e-01,-1.7950700215e-01,3.2832894811e-01,3.7677543678e-01,27956,/project/tkcastrosim/HNHuang/project_big_sim/data/bluetilted/kp_10_ms_1.5_25_1024/SOAP_full_000_056/simulation_test/SOAP_uncompressed/HBTplus/halo_properties_0040.hdf5
BTKP10,0040,3.4410805660e+00,diemer19,DiemerJoyce19,9.3750000000e+00,6.3812685934e-01,5.2002623579e+00,8.3579853314e-01,-1.6420146686e-01,3.3401466356e-01,3.9516190774e-01,14747,/project/tkcastrosim/HNHuang/project_big_sim/data/bluetilted/kp_10_ms_1.5_25_1024/SOAP_full_000_056/simulation_test/SOAP_uncompressed/HBTplus/halo_properties_0040.hdf5
BTKP10,0040,3.4410805660e+00,diemer19,DiemerJoyce19,9.6250000000e+00,6.1055171840e-01,4.8359253178e+00,8.4347484098e-01,-1.5652515902e-01,3.3351754235e-01,4.0382911136e-01,7982,/project/tkcastrosim/HNHuang/project_big_sim/data/bluetilted/kp_10_ms_1.5_25_1024/SOAP_full_000_056/simulation_test/SOAP_uncompressed/HBTplus/halo_properties_0040.hdf5
BTKP10,0040,3.4410805660e+00,diemer19,DiemerJoyce19,9.8750000000e+00,5.8974673679e-01,4.5198669851e+00,8.6024287178e-01,-1.3975712822e-01,3.4004793574e-01,3.8765356517e-01,4117,/project/tkcastrosim/HNHuang/project_big_sim/data/bluetilted/kp_10_ms_1.5_25_1024/SOAP_full_000_056/simulation_test/SOAP_uncompressed/HBTplus/halo_properties_0040.hdf5
BTKP10,0040,3.4410805660e+00,diemer19,DiemerJoyce19,1.0125000000e+01,5.6949473028e-01,4.2454518434e+00,8.7411950528e-01,-1.2588049472e-01,3.3294194712e-01,3.9197026876e-01,2132,/project/tkcastrosim/HNHuang/project_big_sim/data/bluetilted/kp_10_ms_1.5_25_1024/SOAP_full_000_056/simulation_test/SOAP_uncompressed/HBTplus/halo_properties_0040.hdf5
BTKP10,0040,3.4410805660e+00,diemer19,DiemerJoyce19,1.0375000000e+01,5.4394685153e-01,4.0067807692e+00,8.7327548950e-01,-1.2672451050e-01,2.9867148953e-01,4.2305892047e-01,1195,/project/tkcastrosim/HNHuang/project_big_sim/data/bluetilted/kp_10_ms_1.5_25_1024/SOAP_full_000_056/simulation_test/SOAP_uncompressed/HBTplus/halo_properties_0040.hdf5
BTKP10,0040,3.4410805660e+00,diemer19,DiemerJoyce19,1.0625000000e+01,5.3079246976e-01,3.7996302165e+00,8.9341067427e-01,-1.0658932573e-01,3.1776878132e-01,3.5542097657e-01,689,/project/tkcastrosim/HNHuang/project_big_sim/data/bluetilted/kp_10_ms_1.5_25_1024/SOAP_full_000_056/simulation_test/SOAP_uncompressed/HBTplus/halo_properties_0040.hdf5
BTKP10,0040,3.4410805660e+00,diemer19,DiemerJoyce19,1.0875000000e+01,5.2681138718e-01,3.6212350851e+00,9.2886942497e-01,-7.1130575034e-02,3.4764457341e-01,4.2242766788e-01,302,/project/tkcastrosim/HNHuang/project_big_sim/data/bluetilted/kp_10_ms_1.5_25_1024/SOAP_full_000_056/simulation_test/SOAP_uncompressed/HBTplus/halo_properties_0040.hdf5
BTKP10,0040,3.4410805660e+00,diemer19,DiemerJoyce19,1.1125000000e+01,5.3210534402e-01,3.4763015986e+00,9.7946268666e-01,-2.0537313337e-02,3.4896475600e-01,3.4639398375e-01,169,/project/tkcastrosim/HNHuang/project_big_sim/data/bluetilted/kp_10_ms_1.5_25_1024/SOAP_full_000_056/simulation_test/SOAP_uncompressed/HBTplus/halo_properties_0040.hdf5
BTKP10,0040,3.4410805660e+00,diemer19,DiemerJoyce19,1.1375000000e+01,5.1935287500e-01,3.3687525914e+00,9.8148520726e-01,-1.8514792741e-02,2.4439024375e-01,4.2874960324e-01,94,/project/tkcastrosim/HNHuang/project_big_sim/data/bluetilted/kp_10_ms_1.5_25_1024/SOAP_full_000_056/simulation_test/SOAP_uncompressed/HBTplus/halo_properties_0040.hdf5
BTKP10,0040,3.4410805660e+00,diemer19,DiemerJoyce19,1.1625000000e+01,5.3242526294e-01,3.2960662617e+00,1.0337828642e+00,3.3782864167e-02,3.2565517703e-01,3.8868461685e-01,45,/project/tkcastrosim/HNHuang/project_big_sim/data/bluetilted/kp_10_ms_1.5_25_1024/SOAP_full_000_056/simulation_test/SOAP_uncompressed/HBTplus/halo_properties_0040.hdf5
BTKP10,0040,3.4410805660e+00,diemer19,DiemerJoyce19,1.1875000000e+01,5.7486197147e-01,3.2574935423e+00,1.1533959126e+00,1.5339591262e-01,3.5306250057e-01,2.5490785608e-01,23,/project/tkcastrosim/HNHuang/project_big_sim/data/bluetilted/kp_10_ms_1.5_25_1024/SOAP_full_000_056/simulation_test/SOAP_uncompressed/HBTplus/halo_properties_0040.hdf5
BTKP10,0040,3.4410805660e+00,diemer19,DiemerJoyce19,1.2125000000e+01,5.0424234400e-01,3.2539029945e+00,9.8138121882e-01,-1.8618781179e-02,1.5543147398e-01,1.6490118869e-01,10,/project/tkcastrosim/HNHuang/project_big_sim/data/bluetilted/kp_10_ms_1.5_25_1024/SOAP_full_000_056/simulation_test/SOAP_uncompressed/HBTplus/halo_properties_0040.hdf5
BTKP10,0040,3.4410805660e+00,ishiyama21_fit,Ishiyama21Fit,8.3750000000e+00,6.8361093712e-01,5.8314134700e+00,8.2763167092e-01,-1.7236832908e-01,3.6783116083e-01,4.9082886044e-01,150058,/project/tkcastrosim/HNHuang/project_big_sim/data/bluetilted/kp_10_ms_1.5_25_1024/SOAP_full_000_056/simulation_test/SOAP_uncompressed/HBTplus/halo_properties_0040.hdf5
BTKP10,0040,3.4410805660e+00,ishiyama21_fit,Ishiyama21Fit,8.6250000000e+00,6.8818110635e-01,5.3521853813e+00,9.1127605523e-01,-8.8723944772e-02,3.8699236383e-01,4.7621660190e-01,96030,/project/tkcastrosim/HNHuang/project_big_sim/data/bluetilted/kp_10_ms_1.5_25_1024/SOAP_full_000_056/simulation_test/SOAP_uncompressed/HBTplus/halo_properties_0040.hdf5
BTKP10,0040,3.4410805660e+00,ishiyama21_fit,Ishiyama21Fit,8.8750000000e+00,6.7952012058e-01,4.9350608175e+00,9.6878545867e-01,-3.1214541334e-02,3.9926340678e-01,4.7638719205e-01,52214,/project/tkcastrosim/HNHuang/project_big_sim/data/bluetilted/kp_10_ms_1.5_25_1024/SOAP_full_000_056/simulation_test/SOAP_uncompressed/HBTplus/halo_properties_0040.hdf5
BTKP10,0040,3.4410805660e+00,ishiyama21_fit,Ishiyama21Fit,9.1250000000e+00,6.6378455093e-01,4.5718248592e+00,1.0085442697e+00,8.5442696718e-03,4.0357965279e-01,4.6312973872e-01,27956,/project/tkcastrosim/HNHuang/project_big_sim/data/bluetilted/kp_10_ms_1.5_25_1024/SOAP_full_000_056/simulation_test/SOAP_uncompressed/HBTplus/halo_properties_0040.hdf5
BTKP10,0040,3.4410805660e+00,ishiyama21_fit,Ishiyama21Fit,9.3750000000e+00,6.3812685934e-01,4.2556895362e+00,1.0213084422e+00,2.1308442210e-02,4.0815098638e-01,4.8287018511e-01,14747,/project/tkcastrosim/HNHuang/project_big_sim/data/bluetilted/kp_10_ms_1.5_25_1024/SOAP_full_000_056/simulation_test/SOAP_uncompressed/HBTplus/halo_properties_0040.hdf5
BTKP10,0040,3.4410805660e+00,ishiyama21_fit,Ishiyama21Fit,9.6250000000e+00,6.1055171840e-01,3.9818512326e+00,1.0243932031e+00,2.4393203098e-02,4.0505429077e-01,4.9044710855e-01,7982,/project/tkcastrosim/HNHuang/project_big_sim/data/bluetilted/kp_10_ms_1.5_25_1024/SOAP_full_000_056/simulation_test/SOAP_uncompressed/HBTplus/halo_properties_0040.hdf5
BTKP10,0040,3.4410805660e+00,ishiyama21_fit,Ishiyama21Fit,9.8750000000e+00,5.8974673679e-01,3.7592783103e+00,1.0342898382e+00,3.4289838203e-02,4.0884747317e-01,4.6608481901e-01,4117,/project/tkcastrosim/HNHuang/project_big_sim/data/bluetilted/kp_10_ms_1.5_25_1024/SOAP_full_000_056/simulation_test/SOAP_uncompressed/HBTplus/halo_properties_0040.hdf5
BTKP10,0040,3.4410805660e+00,ishiyama21_fit,Ishiyama21Fit,1.0125000000e+01,5.6949473028e-01,3.5826915908e+00,1.0358224176e+00,3.5822417591e-02,3.9453270463e-01,4.6448064476e-01,2132,/project/tkcastrosim/HNHuang/project_big_sim/data/bluetilted/kp_10_ms_1.5_25_1024/SOAP_full_000_056/simulation_test/SOAP_uncompressed/HBTplus/halo_properties_0040.hdf5
BTKP10,0040,3.4410805660e+00,ishiyama21_fit,Ishiyama21Fit,1.0375000000e+01,5.4394685153e-01,3.4427203076e+00,1.0163542562e+00,1.6354256213e-02,3.4760627458e-01,4.9237352887e-01,1195,/project/tkcastrosim/HNHuang/project_big_sim/data/bluetilted/kp_10_ms_1.5_25_1024/SOAP_full_000_056/simulation_test/SOAP_uncompressed/HBTplus/halo_properties_0040.hdf5
BTKP10,0040,3.4410805660e+00,ishiyama21_fit,Ishiyama21Fit,1.0625000000e+01,5.3079246976e-01,3.3329330112e+00,1.0185113779e+00,1.8511377912e-02,3.6226466578e-01,4.0518914650e-01,689,/project/tkcastrosim/HNHuang/project_big_sim/data/bluetilted/kp_10_ms_1.5_25_1024/SOAP_full_000_056/simulation_test/SOAP_uncompressed/HBTplus/halo_properties_0040.hdf5
BTKP10,0040,3.4410805660e+00,ishiyama21_fit,Ishiyama21Fit,1.0875000000e+01,5.2681138718e-01,3.2490969322e+00,1.0352582953e+00,3.5258295275e-02,3.8746234805e-01,4.7081078952e-01,302,/project/tkcastrosim/HNHuang/project_big_sim/data/bluetilted/kp_10_ms_1.5_25_1024/SOAP_full_000_056/simulation_test/SOAP_uncompressed/HBTplus/halo_properties_0040.hdf5
BTKP10,0040,3.4410805660e+00,ishiyama21_fit,Ishiyama21Fit,1.1125000000e+01,5.3210534402e-01,3.1886990852e+00,1.0678046477e+00,6.7804647733e-02,3.8043939134e-01,3.7763675006e-01,169,/project/tkcastrosim/HNHuang/project_big_sim/data/bluetilted/kp_10_ms_1.5_25_1024/SOAP_full_000_056/simulation_test/SOAP_uncompressed/HBTplus/halo_properties_0040.hdf5
BTKP10,0040,3.4410805660e+00,ishiyama21_fit,Ishiyama21Fit,1.1375000000e+01,5.1935287500e-01,3.1506750939e+00,1.0494198027e+00,4.9419802691e-02,2.6130598758e-01,4.5842598616e-01,94,/project/tkcastrosim/HNHuang/project_big_sim/data/bluetilted/kp_10_ms_1.5_25_1024/SOAP_full_000_056/simulation_test/SOAP_uncompressed/HBTplus/halo_properties_0040.hdf5
BTKP10,0040,3.4410805660e+00,ishiyama21_fit,Ishiyama21Fit,1.1625000000e+01,5.3242526294e-01,3.1345191129e+00,1.0870620653e+00,8.7062065286e-02,3.4243882500e-01,4.0871668219e-01,45,/project/tkcastrosim/HNHuang/project_big_sim/data/bluetilted/kp_10_ms_1.5_25_1024/SOAP_full_000_056/simulation_test/SOAP_uncompressed/HBTplus/halo_properties_0040.hdf5
BTKP10,0040,3.4410805660e+00,ishiyama21_fit,Ishiyama21Fit,1.1875000000e+01,5.7486197147e-01,3.1373414017e+00,1.1975680221e+00,1.9756802210e-01,3.6658389011e-01,2.6467017412e-01,23,/project/tkcastrosim/HNHuang/project_big_sim/data/bluetilted/kp_10_ms_1.5_25_1024/SOAP_full_000_056/simulation_test/SOAP_uncompressed/HBTplus/halo_properties_0040.hdf5
BTKP10,0040,3.4410805660e+00,ishiyama21_fit,Ishiyama21Fit,1.2125000000e+01,5.0424234400e-01,3.1624818116e+00,1.0097510363e+00,9.7510363187e-03,1.5992469483e-01,1.6966816053e-01,10,/project/tkcastrosim/HNHuang/project_big_sim/data/bluetilted/kp_10_ms_1.5_25_1024/SOAP_full_000_056/simulation_test/SOAP_uncompressed/HBTplus/halo_properties_0040.hdf5
BTKP10,0040,3.4410805660e+00,ludlow16,Ludlow16,8.3750000000e+00,6.8361093712e-01,8.0187110048e+00,6.0187509827e-01,-3.9812490173e-01,2.6749630766e-01,3.5694340731e-01,150058,/project/tkcastrosim/HNHuang/project_big_sim/data/bluetilted/kp_10_ms_1.5_25_1024/SOAP_full_000_056/simulation_test/SOAP_uncompressed/HBTplus/halo_properties_0040.hdf5
BTKP10,0040,3.4410805660e+00,ludlow16,Ludlow16,8.6250000000e+00,6.8818110635e-01,7.4329344474e+00,6.5617669786e-01,-3.4382330214e-01,2.7865910658e-01,3.4290623078e-01,96030,/project/tkcastrosim/HNHuang/project_big_sim/data/bluetilted/kp_10_ms_1.5_25_1024/SOAP_full_000_056/simulation_test/SOAP_uncompressed/HBTplus/halo_properties_0040.hdf5
BTKP10,0040,3.4410805660e+00,ludlow16,Ludlow16,8.8750000000e+00,6.7952012058e-01,6.9017249128e+00,6.9272757435e-01,-3.0727242565e-01,2.8549228194e-01,3.4063944814e-01,52214,/project/tkcastrosim/HNHuang/project_big_sim/data/bluetilted/kp_10_ms_1.5_25_1024/SOAP_full_000_056/simulation_test/SOAP_uncompressed/HBTplus/halo_properties_0040.hdf5
BTKP10,0040,3.4410805660e+00,ludlow16,Ludlow16,9.1250000000e+00,6.6378455093e-01,6.4223336000e+00,7.1794585128e-01,-2.8205414872e-01,2.8729362319e-01,3.2968515564e-01,27956,/project/tkcastrosim/HNHuang/project_big_sim/data/bluetilted/kp_10_ms_1.5_25_1024/SOAP_full_000_056/simulation_test/SOAP_uncompressed/HBTplus/halo_properties_0040.hdf5
BTKP10,0040,3.4410805660e+00,ludlow16,Ludlow16,9.3750000000e+00,6.3812685934e-01,5.9914261449e+00,7.2543189978e-01,-2.7456810022e-01,2.8990825221e-01,3.4298104398e-01,14747,/project/tkcastrosim/HNHuang/project_big_sim/data/bluetilted/kp_10_ms_1.5_25_1024/SOAP_full_000_056/simulation_test/SOAP_uncompressed/HBTplus/halo_properties_0040.hdf5
BTKP10,0040,3.4410805660e+00,ludlow16,Ludlow16,9.6250000000e+00,6.1055171840e-01,5.6043458937e+00,7.2782469458e-01,-2.7217530542e-01,2.8778843376e-01,3.4845947426e-01,7982,/project/tkcastrosim/HNHuang/project_big_sim/data/bluetilted/kp_10_ms_1.5_25_1024/SOAP_full_000_056/simulation_test/SOAP_uncompressed/HBTplus/halo_properties_0040.hdf5
BTKP10,0040,3.4410805660e+00,ludlow16,Ludlow16,9.8750000000e+00,5.8974673679e-01,5.2563380397e+00,7.3971333768e-01,-2.6028666232e-01,2.9240346159e-01,3.3333901618e-01,4117,/project/tkcastrosim/HNHuang/project_big_sim/data/bluetilted/kp_10_ms_1.5_25_1024/SOAP_full_000_056/simulation_test/SOAP_uncompressed/HBTplus/halo_properties_0040.hdf5
BTKP10,0040,3.4410805660e+00,ludlow16,Ludlow16,1.0125000000e+01,5.6949473028e-01,4.9440123029e+00,7.5061145437e-01,-2.4938854563e-01,2.8589916784e-01,3.3658712764e-01,2132,/project/tkcastrosim/HNHuang/project_big_sim/data/bluetilted/kp_10_ms_1.5_25_1024/SOAP_full_000_056/simulation_test/SOAP_uncompressed/HBTplus/halo_properties_0040.hdf5
BTKP10,0040,3.4410805660e+00,ludlow16,Ludlow16,1.0375000000e+01,5.4394685153e-01,4.6664178949e+00,7.4983070876e-01,-2.5016929124e-01,2.5645178110e-01,3.6325601027e-01,1195,/project/tkcastrosim/HNHuang/project_big_sim/data/bluetilted/kp_10_ms_1.5_25_1024/SOAP_full_000_056/simulation_test/SOAP_uncompressed/HBTplus/halo_properties_0040.hdf5
BTKP10,0040,3.4410805660e+00,ludlow16,Ludlow16,1.0625000000e+01,5.3079246976e-01,4.4189975579e+00,7.6819010403e-01,-2.3180989597e-01,2.7323026264e-01,3.0560512072e-01,689,/project/tkcastrosim/HNHuang/project_big_sim/data/bluetilted/kp_10_ms_1.5_25_1024/SOAP_full_000_056/simulation_test/SOAP_uncompressed/HBTplus/halo_properties_0040.hdf5
BTKP10,0040,3.4410805660e+00,ludlow16,Ludlow16,1.0875000000e+01,5.2681138718e-01,4.1999922787e+00,8.0087160355e-01,-1.9912839645e-01,2.9973929542e-01,3.6421731050e-01,302,/project/tkcastrosim/HNHuang/project_big_sim/data/bluetilted/kp_10_ms_1.5_25_1024/SOAP_full_000_056/simulation_test/SOAP_uncompressed/HBTplus/halo_properties_0040.hdf5
BTKP10,0040,3.4410805660e+00,ludlow16,Ludlow16,1.1125000000e+01,5.3210534402e-01,4.0075398777e+00,8.4962540794e-01,-1.5037459206e-01,3.0270609306e-01,3.0047610160e-01,169,/project/tkcastrosim/HNHuang/project_big_sim/data/bluetilted/kp_10_ms_1.5_25_1024/SOAP_full_000_056/simulation_test/SOAP_uncompressed/HBTplus/halo_properties_0040.hdf5
BTKP10,0040,3.4410805660e+00,ludlow16,Ludlow16,1.1375000000e+01,5.1935287500e-01,3.8388429927e+00,8.6129618785e-01,-1.3870381215e-01,2.1446312562e-01,3.7624652525e-01,94,/project/tkcastrosim/HNHuang/project_big_sim/data/bluetilted/kp_10_ms_1.5_25_1024/SOAP_full_000_056/simulation_test/SOAP_uncompressed/HBTplus/halo_properties_0040.hdf5
BTKP10,0040,3.4410805660e+00,ludlow16,Ludlow16,1.1625000000e+01,5.3242526294e-01,3.6909544357e+00,9.2318040762e-01,-7.6819592377e-02,2.9081395088e-01,3.4709999117e-01,45,/project/tkcastrosim/HNHuang/project_big_sim/data/bluetilted/kp_10_ms_1.5_25_1024/SOAP_full_000_056/simulation_test/SOAP_uncompressed/HBTplus/halo_properties_0040.hdf5
BTKP10,0040,3.4410805660e+00,ludlow16,Ludlow16,1.1875000000e+01,5.7486197147e-01,3.5592315059e+00,1.0556154414e+00,5.5615441371e-02,3.2313121912e-01,2.3329774804e-01,23,/project/tkcastrosim/HNHuang/project_big_sim/data/bluetilted/kp_10_ms_1.5_25_1024/SOAP_full_000_056/simulation_test/SOAP_uncompressed/HBTplus/halo_properties_0040.hdf5
BTKP10,0040,3.4410805660e+00,ludlow16,Ludlow16,1.2125000000e+01,5.0424234400e-01,3.4409187193e+00,9.2804263835e-01,-7.1957361651e-02,1.4698369240e-01,1.5593872318e-01,10,/project/tkcastrosim/HNHuang/project_big_sim/data/bluetilted/kp_10_ms_1.5_25_1024/SOAP_full_000_056/simulation_test/SOAP_uncompressed/HBTplus/halo_properties_0040.hdf5
PL,0032,8.5198506050e+00,diemer19,DiemerJoyce19,8.3750000000e+00,3.0373276085e-01,2.8444931485e+00,7.0750232083e-01,-2.9249767917e-01,3.0581796904e-01,4.6118750903e-01,37063,/project/tkcastrosim/HNHuang/project_big_sim/data/PL/PL_25_1024/SOAP_full_000_056/simulation_test/SOAP_uncompressed/HBTplus/halo_properties_0032.hdf5
PL,0032,8.5198506050e+00,diemer19,DiemerJoyce19,8.6250000000e+00,3.4412734360e-01,2.8496979982e+00,7.7504783291e-01,-2.2495216709e-01,3.1158933379e-01,4.5483549921e-01,22311,/project/tkcastrosim/HNHuang/project_big_sim/data/PL/PL_25_1024/SOAP_full_000_056/simulation_test/SOAP_uncompressed/HBTplus/halo_properties_0032.hdf5
PL,0032,8.5198506050e+00,diemer19,DiemerJoyce19,8.8750000000e+00,3.7276353078e-01,2.8635011776e+00,8.2388418188e-01,-1.7611581812e-01,3.1829491051e-01,4.5938920835e-01,11331,/project/tkcastrosim/HNHuang/project_big_sim/data/PL/PL_25_1024/SOAP_full_000_056/simulation_test/SOAP_uncompressed/HBTplus/halo_properties_0032.hdf5
PL,0032,8.5198506050e+00,diemer19,DiemerJoyce19,9.1250000000e+00,3.9547081929e-01,2.8870386159e+00,8.6102988702e-01,-1.3897011298e-01,3.1517822299e-01,4.6472245188e-01,5476,/project/tkcastrosim/HNHuang/project_big_sim/data/PL/PL_25_1024/SOAP_full_000_056/simulation_test/SOAP_uncompressed/HBTplus/halo_properties_0032.hdf5
PL,0032,8.5198506050e+00,diemer19,DiemerJoyce19,9.3750000000e+00,4.1478133519e-01,2.9214014958e+00,8.8959040063e-01,-1.1040959937e-01,3.3215341644e-01,4.7048489405e-01,2517,/project/tkcastrosim/HNHuang/project_big_sim/data/PL/PL_25_1024/SOAP_full_000_056/simulation_test/SOAP_uncompressed/HBTplus/halo_properties_0032.hdf5
PL,0032,8.5198506050e+00,diemer19,DiemerJoyce19,9.6250000000e+00,4.3519828079e-01,2.9679014914e+00,9.1780157525e-01,-8.2198424751e-02,3.3401408169e-01,4.9229339230e-01,1083,/project/tkcastrosim/HNHuang/project_big_sim/data/PL/PL_25_1024/SOAP_full_000_056/simulation_test/SOAP_uncompressed/HBTplus/halo_properties_0032.hdf5
PL,0032,8.5198506050e+00,diemer19,DiemerJoyce19,9.8750000000e+00,4.3730195751e-01,3.0281077416e+00,9.0392132865e-01,-9.6078671348e-02,3.6315269767e-01,4.8970139719e-01,447,/project/tkcastrosim/HNHuang/project_big_sim/data/PL/PL_25_1024/SOAP_full_000_056/simulation_test/SOAP_uncompressed/HBTplus/halo_properties_0032.hdf5
PL,0032,8.5198506050e+00,diemer19,DiemerJoyce19,1.0125000000e+01,4.7347603646e-01,3.1039271644e+00,9.5843908251e-01,-4.1560917490e-02,3.5037398552e-01,5.3696166885e-01,170,/project/tkcastrosim/HNHuang/project_big_sim/data/PL/PL_25_1024/SOAP_full_000_056/simulation_test/SOAP_uncompressed/HBTplus/halo_properties_0032.hdf5
PL,0032,8.5198506050e+00,diemer19,DiemerJoyce19,1.0375000000e+01,4.5131147224e-01,3.1976933952e+00,8.8404557024e-01,-1.1595442976e-01,2.8973337991e-01,5.6007152196e-01,69,/project/tkcastrosim/HNHuang/project_big_sim/data/PL/PL_25_1024/SOAP_full_000_056/simulation_test/SOAP_uncompressed/HBTplus/halo_properties_0032.hdf5
PL,0032,8.5198506050e+00,diemer19,DiemerJoyce19,1.0625000000e+01,5.5400246778e-01,3.3122329218e+00,1.0811391601e+00,8.1139160092e-02,3.3994951141e-01,6.3515024711e-01,20,/project/tkcastrosim/HNHuang/project_big_sim/data/PL/PL_25_1024/SOAP_full_000_056/simulation_test/SOAP_uncompressed/HBTplus/halo_properties_0032.hdf5
PL,0032,8.5198506050e+00,diemer19,DiemerJoyce19,1.0875000000e+01,5.6111070603e-01,3.4509576711e+00,1.0548023136e+00,5.4802313572e-02,2.9797982479e-01,5.0556196171e-01,6,/project/tkcastrosim/HNHuang/project_big_sim/data/PL/PL_25_1024/SOAP_full_000_056/simulation_test/SOAP_uncompressed/HBTplus/halo_properties_0032.hdf5
PL,0032,8.5198506050e+00,diemer19,DiemerJoyce19,1.1125000000e+01,5.9593752778e-01,3.6182021536e+00,1.0900456848e+00,9.0045684780e-02,1.2205684401e-01,1.3744738627e-01,2,/project/tkcastrosim/HNHuang/project_big_sim/data/PL/PL_25_1024/SOAP_full_000_056/simulation_test/SOAP_uncompressed/HBTplus/halo_properties_0032.hdf5
PL,0032,8.5198506050e+00,ishiyama21_fit,Ishiyama21Fit,8.3750000000e+00,3.0373276085e-01,2.6552810903e+00,7.5791806430e-01,-2.4208193570e-01,3.2761018063e-01,4.9405116257e-01,37063,/project/tkcastrosim/HNHuang/project_big_sim/data/PL/PL_25_1024/SOAP_full_000_056/simulation_test/SOAP_uncompressed/HBTplus/halo_properties_0032.hdf5
PL,0032,8.5198506050e+00,ishiyama21_fit,Ishiyama21Fit,8.6250000000e+00,3.4412734360e-01,2.6625515198e+00,8.2952470273e-01,-1.7047529727e-01,3.3349044860e-01,4.8680515738e-01,22311,/project/tkcastrosim/HNHuang/project_big_sim/data/PL/PL_25_1024/SOAP_full_000_056/simulation_test/SOAP_uncompressed/HBTplus/halo_properties_0032.hdf5
PL,0032,8.5198506050e+00,ishiyama21_fit,Ishiyama21Fit,8.8750000000e+00,3.7276353078e-01,2.6782618646e+00,8.8086731033e-01,-1.1913268967e-01,3.4030946082e-01,4.9116240518e-01,11331,/project/tkcastrosim/HNHuang/project_big_sim/data/PL/PL_25_1024/SOAP_full_000_056/simulation_test/SOAP_uncompressed/HBTplus/halo_properties_0032.hdf5
PL,0032,8.5198506050e+00,ishiyama21_fit,Ishiyama21Fit,9.1250000000e+00,3.9547081929e-01,2.7034429207e+00,9.1950398294e-01,-8.0496017061e-02,3.3658254578e-01,4.9628259356e-01,5476,/project/tkcastrosim/HNHuang/project_big_sim/data/PL/PL_25_1024/SOAP_full_000_056/simulation_test/SOAP_uncompressed/HBTplus/halo_properties_0032.hdf5
PL,0032,8.5198506050e+00,ishiyama21_fit,Ishiyama21Fit,9.3750000000e+00,4.1478133519e-01,2.7393264610e+00,9.4871887821e-01,-5.1281121793e-02,3.5423068461e-01,5.0175665180e-01,2517,/project/tkcastrosim/HNHuang/project_big_sim/data/PL/PL_25_1024/SOAP_full_000_056/simulation_test/SOAP_uncompressed/HBTplus/halo_properties_0032.hdf5
PL,0032,8.5198506050e+00,ishiyama21_fit,Ishiyama21Fit,9.6250000000e+00,4.3519828079e-01,2.7874663011e+00,9.7721169328e-01,-2.2788306721e-02,3.5563511237e-01,5.2415998453e-01,1083,/project/tkcastrosim/HNHuang/project_big_sim/data/PL/PL_25_1024/SOAP_full_000_056/simulation_test/SOAP_uncompressed/HBTplus/halo_properties_0032.hdf5
PL,0032,8.5198506050e+00,ishiyama21_fit,Ishiyama21Fit,9.8750000000e+00,4.3730195751e-01,2.8501858022e+00,9.6034832922e-01,-3.9651670780e-02,3.8582238896e-01,5.2027085069e-01,447,/project/tkcastrosim/HNHuang/project_big_sim/data/PL/PL_25_1024/SOAP_full_000_056/simulation_test/SOAP_uncompressed/HBTplus/halo_properties_0032.hdf5
PL,0032,8.5198506050e+00,ishiyama21_fit,Ishiyama21Fit,1.0125000000e+01,4.7347603646e-01,2.9295903537e+00,1.0154747745e+00,1.5474774463e-02,3.7122436931e-01,5.6891568752e-01,170,/project/tkcastrosim/HNHuang/project_big_sim/data/PL/PL_25_1024/SOAP_full_000_056/simulation_test/SOAP_uncompressed/HBTplus/halo_properties_0032.hdf5
PL,0032,8.5198506050e+00,ishiyama21_fit,Ishiyama21Fit,1.0375000000e+01,4.5131147224e-01,3.0281315412e+00,9.3354817735e-01,-6.6451822650e-02,3.0595715633e-01,5.9143302802e-01,69,/project/tkcastrosim/HNHuang/project_big_sim/data/PL/PL_25_1024/SOAP_full_000_056/simulation_test/SOAP_uncompressed/HBTplus/halo_properties_0032.hdf5
PL,0032,8.5198506050e+00,ishiyama21_fit,Ishiyama21Fit,1.0625000000e+01,5.5400246778e-01,3.1488177383e+00,1.1372473788e+00,1.3724737877e-01,3.5759197801e-01,6.6811283905e-01,20,/project/tkcastrosim/HNHuang/project_big_sim/data/PL/PL_25_1024/SOAP_full_000_056/simulation_test/SOAP_uncompressed/HBTplus/halo_properties_0032.hdf5
PL,0032,8.5198506050e+00,ishiyama21_fit,Ishiyama21Fit,1.0875000000e+01,5.6111070603e-01,3.2953280318e+00,1.1046178409e+00,1.0461784089e-01,3.1205262489e-01,5.2943831786e-01,6,/project/tkcastrosim/HNHuang/project_big_sim/data/PL/PL_25_1024/SOAP_full_000_056/simulation_test/SOAP_uncompressed/HBTplus/halo_properties_0032.hdf5
PL,0032,8.5198506050e+00,ishiyama21_fit,Ishiyama21Fit,1.1125000000e+01,5.9593752778e-01,3.4721454918e+00,1.1358987270e+00,1.3589872704e-01,1.2719119544e-01,1.4322914469e-01,2,/project/tkcastrosim/HNHuang/project_big_sim/data/PL/PL_25_1024/SOAP_full_000_056/simulation_test/SOAP_uncompressed/HBTplus/halo_properties_0032.hdf5
PL,0032,8.5198506050e+00,ludlow16,Ludlow16,8.3750000000e+00,3.0373276085e-01,3.1168521996e+00,6.4567883727e-01,-3.5432116273e-01,2.7909476033e-01,4.2088768592e-01,37063,/project/tkcastrosim/HNHuang/project_big_sim/data/PL/PL_25_1024/SOAP_full_000_056/simulation_test/SOAP_uncompressed/HBTplus/halo_properties_0032.hdf5
PL,0032,8.5198506050e+00,ludlow16,Ludlow16,8.6250000000e+00,3.4412734360e-01,3.0707666861e+00,7.1925108082e-01,-2.8074891918e-01,2.8915759206e-01,4.2209127038e-01,22311,/project/tkcastrosim/HNHuang/project_big_sim/data/PL/PL_25_1024/SOAP_full_000_056/simulation_test/SOAP_uncompressed/HBTplus/halo_properties_0032.hdf5
PL,0032,8.5198506050e+00,ludlow16,Ludlow16,8.8750000000e+00,3.7276353078e-01,3.0244541425e+00,7.8003937699e-01,-2.1996062301e-01,3.0135614829e-01,4.3494180343e-01,11331,/project/tkcastrosim/HNHuang/project_big_sim/data/PL/PL_25_1024/SOAP_full_000_056/simulation_test/SOAP_uncompressed/HBTplus/halo_properties_0032.hdf5
PL,0032,8.5198506050e+00,ludlow16,Ludlow16,9.1250000000e+00,3.9547081929e-01,2.9788156080e+00,8.3450164777e-01,-1.6549835223e-01,3.0546761545e-01,4.5040440256e-01,5476,/project/tkcastrosim/HNHuang/project_big_sim/data/PL/PL_25_1024/SOAP_full_000_056/simulation_test/SOAP_uncompressed/HBTplus/halo_properties_0032.hdf5
PL,0032,8.5198506050e+00,ludlow16,Ludlow16,9.3750000000e+00,4.1478133519e-01,2.9338948075e+00,8.8580228590e-01,-1.1419771410e-01,3.3073901803e-01,4.6848144307e-01,2517,/project/tkcastrosim/HNHuang/project_big_sim/data/PL/PL_25_1024/SOAP_full_000_056/simulation_test/SOAP_uncompressed/HBTplus/halo_properties_0032.hdf5
PL,0032,8.5198506050e+00,ludlow16,Ludlow16,9.6250000000e+00,4.3519828079e-01,2.8888306967e+00,9.4292291589e-01,-5.7077084114e-02,3.4315645162e-01,5.0576805865e-01,1083,/project/tkcastrosim/HNHuang/project_big_sim/data/PL/PL_25_1024/SOAP_full_000_056/simulation_test/SOAP_uncompressed/HBTplus/halo_properties_0032.hdf5
PL,0032,8.5198506050e+00,ludlow16,Ludlow16,9.8750000000e+00,4.3730195751e-01,2.8444518296e+00,9.6228424210e-01,-3.7715757900e-02,3.8660014690e-01,5.2131963581e-01,447,/project/tkcastrosim/HNHuang/project_big_sim/data/PL/PL_25_1024/SOAP_full_000_056/simulation_test/SOAP_uncompressed/HBTplus/halo_properties_0032.hdf5
PL,0032,8.5198506050e+00,ludlow16,Ludlow16,1.0125000000e+01,4.7347603646e-01,2.8007045054e+00,1.0622059906e+00,6.2205990641e-02,3.8830777373e-01,5.9509666478e-01,170,/project/tkcastrosim/HNHuang/project_big_sim/data/PL/PL_25_1024/SOAP_full_000_056/simulation_test/SOAP_uncompressed/HBTplus/halo_properties_0032.hdf5
PL,0032,8.5198506050e+00,ludlow16,Ludlow16,1.0375000000e+01,4.5131147224e-01,2.7569353778e+00,1.0253801028e+00,2.5380102797e-02,3.3605376565e-01,6.4961152919e-01,69,/project/tkcastrosim/HNHuang/project_big_sim/data/PL/PL_25_1024/SOAP_full_000_056/simulation_test/SOAP_uncompressed/HBTplus/halo_properties_0032.hdf5
PL,0032,8.5198506050e+00,ludlow16,Ludlow16,1.0625000000e+01,5.5400246778e-01,2.7139186893e+00,1.3194885805e+00,3.1948858054e-01,4.1489524644e-01,7.7517634078e-01,20,/project/tkcastrosim/HNHuang/project_big_sim/data/PL/PL_25_1024/SOAP_full_000_056/simulation_test/SOAP_uncompressed/HBTplus/halo_properties_0032.hdf5
PL,0032,8.5198506050e+00,ludlow16,Ludlow16,1.0875000000e+01,5.6111070603e-01,2.6718724143e+00,1.3623697434e+00,3.6236974345e-01,3.8486709048e-01,6.5297763496e-01,6,/project/tkcastrosim/HNHuang/project_big_sim/data/PL/PL_25_1024/SOAP_full_000_056/simulation_test/SOAP_uncompressed/HBTplus/halo_properties_0032.hdf5
PL,0032,8.5198506050e+00,ludlow16,Ludlow16,1.1125000000e+01,5.9593752778e-01,2.6300167123e+00,1.4996123887e+00,4.9961238868e-01,1.6791769184e-01,1.8909097676e-01,2,/project/tkcastrosim/HNHuang/project_big_sim/data/PL/PL_25_1024/SOAP_full_000_056/simulation_test/SOAP_uncompressed/HBTplus/halo_properties_0032.hdf5
BTKP1,0032,8.5198506050e+00,diemer19,DiemerJoyce19,8.3750000000e+00,6.2336832981e-01,5.3365374104e+00,7.8724293449e-01,-2.1275706551e-01,3.4348326861e-01,4.6116883677e-01,184579,/project/tkcastrosim/HNHuang/project_big_sim/data/bluetilted/kp_1_ms_1.5_25_1024/SOAP_full_000_056/simulation_test/SOAP_uncompressed/HBTplus/halo_properties_0032.hdf5
BTKP1,0032,8.5198506050e+00,diemer19,DiemerJoyce19,8.6250000000e+00,6.3065056868e-01,4.9688264857e+00,8.5979860765e-01,-1.4020139235e-01,3.5627366101e-01,4.5040699257e-01,118101,/project/tkcastrosim/HNHuang/project_big_sim/data/bluetilted/kp_1_ms_1.5_25_1024/SOAP_full_000_056/simulation_test/SOAP_uncompressed/HBTplus/halo_properties_0032.hdf5
BTKP1,0032,8.5198506050e+00,diemer19,DiemerJoyce19,8.8750000000e+00,6.2979392580e-01,4.6453639546e+00,9.1785521556e-01,-8.2144784442e-02,3.6436101001e-01,4.4256899778e-01,63117,/project/tkcastrosim/HNHuang/project_big_sim/data/bluetilted/kp_1_ms_1.5_25_1024/SOAP_full_000_056/simulation_test/SOAP_uncompressed/HBTplus/halo_properties_0032.hdf5
BTKP1,0032,8.5198506050e+00,diemer19,DiemerJoyce19,9.1250000000e+00,6.1626106027e-01,4.3655609864e+00,9.4671879820e-01,-5.3281201801e-02,3.6019910098e-01,4.3752460074e-01,32466,/project/tkcastrosim/HNHuang/project_big_sim/data/bluetilted/kp_1_ms_1.5_25_1024/SOAP_full_000_056/simulation_test/SOAP_uncompressed/HBTplus/halo_properties_0032.hdf5
BTKP1,0032,8.5198506050e+00,diemer19,DiemerJoyce19,9.3750000000e+00,6.0638720454e-01,4.1285794639e+00,9.7855796569e-01,-2.1442034315e-02,3.5703082048e-01,4.4094554126e-01,16423,/project/tkcastrosim/HNHuang/project_big_sim/data/bluetilted/kp_1_ms_1.5_25_1024/SOAP_full_000_056/simulation_test/SOAP_uncompressed/HBTplus/halo_properties_0032.hdf5
BTKP1,0032,8.5198506050e+00,diemer19,DiemerJoyce19,9.6250000000e+00,5.8896013477e-01,3.9343138029e+00,9.8648648165e-01,-1.3513518354e-02,3.4722366831e-01,4.4929004882e-01,7736,/project/tkcastrosim/HNHuang/project_big_sim/data/bluetilted/kp_1_ms_1.5_25_1024/SOAP_full_000_056/simulation_test/SOAP_uncompressed/HBTplus/halo_properties_0032.hdf5
BTKP1,0032,8.5198506050e+00,diemer19,DiemerJoyce19,9.8750000000e+00,5.7661857582e-01,3.7835687348e+00,9.9705002282e-01,-2.9499771788e-03,3.5082106843e-01,4.4402832862e-01,3481,/project/tkcastrosim/HNHuang/project_big_sim/data/bluetilted/kp_1_ms_1.5_25_1024/SOAP_full_000_056/simulation_test/SOAP_uncompressed/HBTplus/halo_properties_0032.hdf5
BTKP1,0032,8.5198506050e+00,diemer19,DiemerJoyce19,1.0125000000e+01,5.6475095967e-01,3.6795587022e+00,9.9759720521e-01,-2.4027947870e-03,3.3003306749e-01,4.4078571878e-01,1445,/project/tkcastrosim/HNHuang/project_big_sim/data/bluetilted/kp_1_ms_1.5_25_1024/SOAP_full_000_056/simulation_test/SOAP_uncompressed/HBTplus/halo_properties_0032.hdf5
BTKP1,0032,8.5198506050e+00,diemer19,DiemerJoyce19,1.0375000000e+01,5.6514510145e-01,3.6275344565e+00,1.0128230001e+00,1.2823000091e-02,3.6199081528e-01,4.0027153958e-01,509,/project/tkcastrosim/HNHuang/project_big_sim/data/bluetilted/kp_1_ms_1.5_25_1024/SOAP_full_000_056/simulation_test/SOAP_uncompressed/HBTplus/halo_properties_0032.hdf5
BTKP1,0032,8.5198506050e+00,diemer19,DiemerJoyce19,1.0625000000e+01,5.3770745228e-01,3.6280489071e+00,9.5067991668e-01,-4.9320083321e-02,3.0017633900e-01,3.7629072961e-01,180,/project/tkcastrosim/HNHuang/project_big_sim/data/bluetilted/kp_1_ms_1.5_25_1024/SOAP_full_000_056/simulation_test/SOAP_uncompressed/HBTplus/halo_properties_0032.hdf5
BTKP1,0032,8.5198506050e+00,diemer19,DiemerJoyce19,1.0875000000e+01,5.3276675860e-01,3.6821275707e+00,9.2612141710e-01,-7.3878582897e-02,1.6655107726e-01,3.3557429924e-01,48,/project/tkcastrosim/HNHuang/project_big_sim/data/bluetilted/kp_1_ms_1.5_25_1024/SOAP_full_000_056/simulation_test/SOAP_uncompressed/HBTplus/halo_properties_0032.hdf5
BTKP1,0032,8.5198506050e+00,diemer19,DiemerJoyce19,1.1125000000e+01,6.1556133701e-01,3.7914010823e+00,1.0883325224e+00,8.8332522392e-02,2.3751617631e-01,6.9672089115e-01,19,/project/tkcastrosim/HNHuang/project_big_sim/data/bluetilted/kp_1_ms_1.5_25_1024/SOAP_full_000_056/simulation_test/SOAP_uncompressed/HBTplus/halo_properties_0032.hdf5
BTKP1,0032,8.5198506050e+00,diemer19,DiemerJoyce19,1.1375000000e+01,6.6306586898e-01,3.9571572935e+00,1.1632754307e+00,1.6327543070e-01,0.0000000000e+00,0.0000000000e+00,1,/project/tkcastrosim/HNHuang/project_big_sim/data/bluetilted/kp_1_ms_1.5_25_1024/SOAP_full_000_056/simulation_test/SOAP_uncompressed/HBTplus/halo_properties_0032.hdf5
BTKP1,0032,8.5198506050e+00,ishiyama21_fit,Ishiyama21Fit,8.3750000000e+00,6.2336832981e-01,4.6458290693e+00,9.0428453314e-01,-9.5715466860e-02,3.9454988236e-01,5.2973209157e-01,184579,/project/tkcastrosim/HNHuang/project_big_sim/data/bluetilted/kp_1_ms_1.5_25_1024/SOAP_full_000_056/simulation_test/SOAP_uncompressed/HBTplus/halo_properties_0032.hdf5
BTKP1,0032,8.5198506050e+00,ishiyama21_fit,Ishiyama21Fit,8.6250000000e+00,6.3065056868e-01,4.3343912454e+00,9.8564939161e-01,-1.4350608393e-02,4.0842229110e-01,5.1633414413e-01,118101,/project/tkcastrosim/HNHuang/project_big_sim/data/bluetilted/kp_1_ms_1.5_25_1024/SOAP_full_000_056/simulation_test/SOAP_uncompressed/HBTplus/halo_properties_0032.hdf5
BTKP1,0032,8.5198506050e+00,ishiyama21_fit,Ishiyama21Fit,8.8750000000e+00,6.2979392580e-01,4.0628316745e+00,1.0494580813e+00,4.9458081335e-02,4.1660340323e-01,5.0602491918e-01,63117,/project/tkcastrosim/HNHuang/project_big_sim/data/bluetilted/kp_1_ms_1.5_25_1024/SOAP_full_000_056/simulation_test/SOAP_uncompressed/HBTplus/halo_properties_0032.hdf5
BTKP1,0032,8.5198506050e+00,ishiyama21_fit,Ishiyama21Fit,9.1250000000e+00,6.1626106027e-01,3.8301169824e+00,1.0790685166e+00,7.9068516570e-02,4.1055433810e-01,4.9868981453e-01,32466,/project/tkcastrosim/HNHuang/project_big_sim/data/bluetilted/kp_1_ms_1.5_25_1024/SOAP_full_000_056/simulation_test/SOAP_uncompressed/HBTplus/halo_properties_0032.hdf5
BTKP1,0032,8.5198506050e+00,ishiyama21_fit,Ishiyama21Fit,9.3750000000e+00,6.0638720454e-01,3.6363907175e+00,1.1110066643e+00,1.1100666435e-01,4.0535526238e-01,5.0062791590e-01,16423,/project/tkcastrosim/HNHuang/project_big_sim/data/bluetilted/kp_1_ms_1.5_25_1024/SOAP_full_000_056/simulation_test/SOAP_uncompressed/HBTplus/halo_properties_0032.hdf5
BTKP1,0032,8.5198506050e+00,ishiyama21_fit,Ishiyama21Fit,9.6250000000e+00,5.8896013477e-01,3.4870699910e+00,1.1130110354e+00,1.1301103535e-01,3.9175780080e-01,5.0691498740e-01,7736,/project/tkcastrosim/HNHuang/project_big_sim/data/bluetilted/kp_1_ms_1.5_25_1024/SOAP_full_000_056/simulation_test/SOAP_uncompressed/HBTplus/halo_properties_0032.hdf5
BTKP1,0032,8.5198506050e+00,ishiyama21_fit,Ishiyama21Fit,9.8750000000e+00,5.7661857582e-01,3.3830915802e+00,1.1150769064e+00,1.1507690640e-01,3.9234989492e-01,4.9659066616e-01,3481,/project/tkcastrosim/HNHuang/project_big_sim/data/bluetilted/kp_1_ms_1.5_25_1024/SOAP_full_000_056/simulation_test/SOAP_uncompressed/HBTplus/halo_properties_0032.hdf5
BTKP1,0032,8.5198506050e+00,ishiyama21_fit,Ishiyama21Fit,1.0125000000e+01,5.6475095967e-01,3.3245797704e+00,1.1041147246e+00,1.0411472464e-01,3.6527204320e-01,4.8785020645e-01,1445,/project/tkcastrosim/HNHuang/project_big_sim/data/bluetilted/kp_1_ms_1.5_25_1024/SOAP_full_000_056/simulation_test/SOAP_uncompressed/HBTplus/halo_properties_0032.hdf5
BTKP1,0032,8.5198506050e+00,ishiyama21_fit,Ishiyama21Fit,1.0375000000e+01,5.6514510145e-01,3.3129454500e+00,1.1089981367e+00,1.0899813672e-01,3.9636455690e-01,4.3828032296e-01,509,/project/tkcastrosim/HNHuang/project_big_sim/data/bluetilted/kp_1_ms_1.5_25_1024/SOAP_full_000_056/simulation_test/SOAP_uncompressed/HBTplus/halo_properties_0032.hdf5
BTKP1,0032,8.5198506050e+00,ishiyama21_fit,Ishiyama21Fit,1.0625000000e+01,5.3770745228e-01,3.3447344069e+00,1.0312069101e+00,3.1206910068e-02,3.2560266562e-01,4.0816429774e-01,180,/project/tkcastrosim/HNHuang/project_big_sim/data/bluetilted/kp_1_ms_1.5_25_1024/SOAP_full_000_056/simulation_test/SOAP_uncompressed/HBTplus/halo_properties_0032.hdf5
BTKP1,0032,8.5198506050e+00,ishiyama21_fit,Ishiyama21Fit,1.0875000000e+01,5.3276675860e-01,3.4117982486e+00,9.9950142281e-01,-4.9857718991e-04,1.7974753161e-01,3.6216308505e-01,48,/project/tkcastrosim/HNHuang/project_big_sim/data/bluetilted/kp_1_ms_1.5_25_1024/SOAP_full_000_056/simulation_test/SOAP_uncompressed/HBTplus/halo_properties_0032.hdf5
BTKP1,0032,8.5198506050e+00,ishiyama21_fit,Ishiyama21Fit,1.1125000000e+01,6.1556133701e-01,3.5236702313e+00,1.1710247646e+00,1.7102476464e-01,2.5556281627e-01,7.4965821640e-01,19,/project/tkcastrosim/HNHuang/project_big_sim/data/bluetilted/kp_1_ms_1.5_25_1024/SOAP_full_000_056/simulation_test/SOAP_uncompressed/HBTplus/halo_properties_0032.hdf5
BTKP1,0032,8.5198506050e+00,ishiyama21_fit,Ishiyama21Fit,1.1375000000e+01,6.6306586898e-01,3.6878626005e+00,1.2482199999e+00,2.4821999994e-01,0.0000000000e+00,0.0000000000e+00,1,/project/tkcastrosim/HNHuang/project_big_sim/data/bluetilted/kp_1_ms_1.5_25_1024/SOAP_full_000_056/simulation_test/SOAP_uncompressed/HBTplus/halo_properties_0032.hdf5
BTKP1,0032,8.5198506050e+00,ludlow16,Ludlow16,8.3750000000e+00,6.2336832981e-01,7.0623926497e+00,5.9486233340e-01,-4.0513766660e-01,2.5954536992e-01,3.4847181005e-01,184579,/project/tkcastrosim/HNHuang/project_big_sim/data/bluetilted/kp_1_ms_1.5_25_1024/SOAP_full_000_056/simulation_test/SOAP_uncompressed/HBTplus/halo_properties_0032.hdf5
BTKP1,0032,8.5198506050e+00,ludlow16,Ludlow16,8.6250000000e+00,6.3065056868e-01,6.5516263855e+00,6.5208084873e-01,-3.4791915127e-01,2.7020191610e-01,3.4159368412e-01,118101,/project/tkcastrosim/HNHuang/project_big_sim/data/bluetilted/kp_1_ms_1.5_25_1024/SOAP_full_000_056/simulation_test/SOAP_uncompressed/HBTplus/halo_properties_0032.hdf5
BTKP1,0032,8.5198506050e+00,ludlow16,Ludlow16,8.8750000000e+00,6.2979392580e-01,6.0827186014e+00,7.0096478456e-01,-2.9903521544e-01,2.7826200968e-01,3.3798934399e-01,63117,/project/tkcastrosim/HNHuang/project_big_sim/data/bluetilted/kp_1_ms_1.5_25_1024/SOAP_full_000_056/simulation_test/SOAP_uncompressed/HBTplus/halo_properties_0032.hdf5
BTKP1,0032,8.5198506050e+00,ludlow16,Ludlow16,9.1250000000e+00,6.1626106027e-01,5.6548520573e+00,7.3086945664e-01,-2.6913054336e-01,2.7807467404e-01,3.3777016768e-01,32466,/project/tkcastrosim/HNHuang/project_big_sim/data/bluetilted/kp_1_ms_1.5_25_1024/SOAP_full_000_056/simulation_test/SOAP_uncompressed/HBTplus/halo_properties_0032.hdf5
BTKP1,0032,8.5198506050e+00,ludlow16,Ludlow16,9.3750000000e+00,6.0638720454e-01,5.2642111664e+00,7.6745673638e-01,-2.3254326362e-01,2.8000968556e-01,3.4582174780e-01,16423,/project/tkcastrosim/HNHuang/project_big_sim/data/bluetilted/kp_1_ms_1.5_25_1024/SOAP_full_000_056/simulation_test/SOAP_uncompressed/HBTplus/halo_properties_0032.hdf5
BTKP1,0032,8.5198506050e+00,ludlow16,Ludlow16,9.6250000000e+00,5.8896013477e-01,4.9081227635e+00,7.9076004577e-01,-2.0923995423e-01,2.7833184636e-01,3.6014747914e-01,7736,/project/tkcastrosim/HNHuang/project_big_sim/data/bluetilted/kp_1_ms_1.5_25_1024/SOAP_full_000_056/simulation_test/SOAP_uncompressed/HBTplus/halo_properties_0032.hdf5
BTKP1,0032,8.5198506050e+00,ludlow16,Ludlow16,9.8750000000e+00,5.7661857582e-01,4.5840893328e+00,8.2293494290e-01,-1.7706505710e-01,2.8955710276e-01,3.6648755719e-01,3481,/project/tkcastrosim/HNHuang/project_big_sim/data/bluetilted/kp_1_ms_1.5_25_1024/SOAP_full_000_056/simulation_test/SOAP_uncompressed/HBTplus/halo_properties_0032.hdf5
BTKP1,0032,8.5198506050e+00,ludlow16,Ludlow16,1.0125000000e+01,5.6475095967e-01,4.2894890335e+00,8.5574702467e-01,-1.4425297533e-01,2.8310505891e-01,3.7810958710e-01,1445,/project/tkcastrosim/HNHuang/project_big_sim/data/bluetilted/kp_1_ms_1.5_25_1024/SOAP_full_000_056/simulation_test/SOAP_uncompressed/HBTplus/halo_properties_0032.hdf5
BTKP1,0032,8.5198506050e+00,ludlow16,Ludlow16,1.0375000000e+01,5.6514510145e-01,4.0224885619e+00,9.1337744648e-01,-8.6622553521e-02,3.2644820119e-01,3.6097027486e-01,509,/project/tkcastrosim/HNHuang/project_big_sim/data/bluetilted/kp_1_ms_1.5_25_1024/SOAP_full_000_056/simulation_test/SOAP_uncompressed/HBTplus/halo_properties_0032.hdf5
BTKP1,0032,8.5198506050e+00,ludlow16,Ludlow16,1.0625000000e+01,5.3770745228e-01,3.7806128001e+00,9.1231591679e-01,-8.7684083208e-02,2.8806294013e-01,3.6110578960e-01,180,/project/tkcastrosim/HNHuang/project_big_sim/data/bluetilted/kp_1_ms_1.5_25_1024/SOAP_full_000_056/simulation_test/SOAP_uncompressed/HBTplus/halo_properties_0032.hdf5
BTKP1,0032,8.5198506050e+00,ludlow16,Ludlow16,1.0875000000e+01,5.3276675860e-01,3.5610438655e+00,9.5761168145e-01,-4.2388318547e-02,1.7221419805e-01,3.4698459944e-01,48,/project/tkcastrosim/HNHuang/project_big_sim/data/bluetilted/kp_1_ms_1.5_25_1024/SOAP_full_000_056/simulation_test/SOAP_uncompressed/HBTplus/halo_properties_0032.hdf5
BTKP1,0032,8.5198506050e+00,ludlow16,Ludlow16,1.1125000000e+01,6.1556133701e-01,3.3635700610e+00,1.2267635365e+00,2.2676353648e-01,2.6772716833e-01,7.8534066270e-01,19,/project/tkcastrosim/HNHuang/project_big_sim/data/bluetilted/kp_1_ms_1.5_25_1024/SOAP_full_000_056/simulation_test/SOAP_uncompressed/HBTplus/halo_properties_0032.hdf5
BTKP1,0032,8.5198506050e+00,ludlow16,Ludlow16,1.1375000000e+01,6.6306586898e-01,3.1850416724e+00,1.4452758640e+00,4.4527586401e-01,0.0000000000e+00,0.0000000000e+00,1,/project/tkcastrosim/HNHuang/project_big_sim/data/bluetilted/kp_1_ms_1.5_25_1024/SOAP_full_000_056/simulation_test/SOAP_uncompressed/HBTplus/halo_properties_0032.hdf5
BTKP10,0032,8.5198506050e+00,diemer19,DiemerJoyce19,8.3750000000e+00,3.9789156815e-01,3.6793756478e+00,6.7938732242e-01,-3.2061267758e-01,2.8666943497e-01,4.0904638237e-01,73300,/project/tkcastrosim/HNHuang/project_big_sim/data/bluetilted/kp_10_ms_1.5_25_1024/SOAP_full_000_056/simulation_test/SOAP_uncompressed/HBTplus/halo_properties_0032.hdf5
BTKP10,0032,8.5198506050e+00,diemer19,DiemerJoyce19,8.6250000000e+00,4.2066688165e-01,3.5343708633e+00,7.4534057374e-01,-2.5465942626e-01,2.9796658691e-01,4.0459962326e-01,39953,/project/tkcastrosim/HNHuang/project_big_sim/data/bluetilted/kp_10_ms_1.5_25_1024/SOAP_full_000_056/simulation_test/SOAP_uncompressed/HBTplus/halo_properties_0032.hdf5
BTKP10,0032,8.5198506050e+00,diemer19,DiemerJoyce19,8.8750000000e+00,4.3539799035e-01,3.4174802727e+00,7.9742890545e-01,-2.0257109455e-01,3.0602163815e-01,4.1686875337e-01,18010,/project/tkcastrosim/HNHuang/project_big_sim/data/bluetilted/kp_10_ms_1.5_25_1024/SOAP_full_000_056/simulation_test/SOAP_uncompressed/HBTplus/halo_properties_0032.hdf5
BTKP10,0032,8.5198506050e+00,diemer19,DiemerJoyce19,9.1250000000e+00,4.4202591713e-01,3.3329361278e+00,8.3023096313e-01,-1.6976903687e-01,3.0858170691e-01,4.0985164589e-01,7707,/project/tkcastrosim/HNHuang/project_big_sim/data/bluetilted/kp_10_ms_1.5_25_1024/SOAP_full_000_056/simulation_test/SOAP_uncompressed/HBTplus/halo_properties_0032.hdf5
BTKP10,0032,8.5198506050e+00,diemer19,DiemerJoyce19,9.3750000000e+00,4.4728151944e-01,3.2797520524e+00,8.5396585646e-01,-1.4603414354e-01,3.3773208621e-01,4.4979886330e-01,3165,/project/tkcastrosim/HNHuang/project_big_sim/data/bluetilted/kp_10_ms_1.5_25_1024/SOAP_full_000_056/simulation_test/SOAP_uncompressed/HBTplus/halo_properties_0032.hdf5
BTKP10,0032,8.5198506050e+00,diemer19,DiemerJoyce19,9.6250000000e+00,4.5303086109e-01,3.2553017453e+00,8.7184566010e-01,-1.2815433990e-01,3.1557489421e-01,4.6282894069e-01,1237,/project/tkcastrosim/HNHuang/project_big_sim/data/bluetilted/kp_10_ms_1.5_25_1024/SOAP_full_000_056/simulation_test/SOAP_uncompressed/HBTplus/halo_properties_0032.hdf5
BTKP10,0032,8.5198506050e+00,diemer19,DiemerJoyce19,9.8750000000e+00,4.5132024721e-01,3.2575658986e+00,8.6781476955e-01,-1.3218523045e-01,3.4453880768e-01,4.6027874967e-01,440,/project/tkcastrosim/HNHuang/project_big_sim/data/bluetilted/kp_10_ms_1.5_25_1024/SOAP_full_000_056/simulation_test/SOAP_uncompressed/HBTplus/halo_properties_0032.hdf5
BTKP10,0032,8.5198506050e+00,diemer19,DiemerJoyce19,1.0125000000e+01,4.8219096330e-01,3.2852203164e+00,9.2390318310e-01,-7.6096816901e-02,3.5016701935e-01,5.4444880910e-01,178,/project/tkcastrosim/HNHuang/project_big_sim/data/bluetilted/kp_10_ms_1.5_25_1024/SOAP_full_000_056/simulation_test/SOAP_uncompressed/HBTplus/halo_properties_0032.hdf5
BTKP10,0032,8.5198506050e+00,diemer19,DiemerJoyce19,1.0375000000e+01,4.6946944466e-01,3.3380225967e+00,8.8303958448e-01,-1.1696041552e-01,3.6079150893e-01,5.7419093325e-01,67,/project/tkcastrosim/HNHuang/project_big_sim/data/bluetilted/kp_10_ms_1.5_25_1024/SOAP_full_000_056/simulation_test/SOAP_uncompressed/HBTplus/halo_properties_0032.hdf5
BTKP10,0032,8.5198506050e+00,diemer19,DiemerJoyce19,1.0625000000e+01,5.6096594968e-01,3.4168774728e+00,1.0649679651e+00,6.4967965147e-02,3.4256881586e-01,5.5263269246e-01,16,/project/tkcastrosim/HNHuang/project_big_sim/data/bluetilted/kp_10_ms_1.5_25_1024/SOAP_full_000_056/simulation_test/SOAP_uncompressed/HBTplus/halo_properties_0032.hdf5
BTKP10,0032,8.5198506050e+00,diemer19,DiemerJoyce19,1.0875000000e+01,5.8497229521e-01,3.5238378102e+00,1.0913307292e+00,9.1330729207e-02,3.3230143789e-01,2.9441932747e-01,6,/project/tkcastrosim/HNHuang/project_big_sim/data/bluetilted/kp_10_ms_1.5_25_1024/SOAP_full_000_056/simulation_test/SOAP_uncompressed/HBTplus/halo_properties_0032.hdf5
BTKP10,0032,8.5198506050e+00,diemer19,DiemerJoyce19,1.1125000000e+01,5.2808488549e-01,3.6641337730e+00,9.2069029367e-01,-7.9309706331e-02,1.4351509233e-01,1.7001694377e-01,2,/project/tkcastrosim/HNHuang/project_big_sim/data/bluetilted/kp_10_ms_1.5_25_1024/SOAP_full_000_056/simulation_test/SOAP_uncompressed/HBTplus/halo_properties_0032.hdf5
BTKP10,0032,8.5198506050e+00,ishiyama21_fit,Ishiyama21Fit,8.3750000000e+00,3.9789156815e-01,3.0779294643e+00,8.1214374743e-01,-1.8785625257e-01,3.4268639039e-01,4.8897653943e-01,73300,/project/tkcastrosim/HNHuang/project_big_sim/data/bluetilted/kp_10_ms_1.5_25_1024/SOAP_full_000_056/simulation_test/SOAP_uncompressed/HBTplus/halo_properties_0032.hdf5
BTKP10,0032,8.5198506050e+00,ishiyama21_fit,Ishiyama21Fit,8.6250000000e+00,4.2066688165e-01,2.9787652857e+00,8.8436306805e-01,-1.1563693195e-01,3.5354394254e-01,4.8006639752e-01,39953,/project/tkcastrosim/HNHuang/project_big_sim/data/bluetilted/kp_10_ms_1.5_25_1024/SOAP_full_000_056/simulation_test/SOAP_uncompressed/HBTplus/halo_properties_0032.hdf5
BTKP10,0032,8.5198506050e+00,ishiyama21_fit,Ishiyama21Fit,8.8750000000e+00,4.3539799035e-01,2.9093827041e+00,9.3669270440e-01,-6.3307295597e-02,3.5946556977e-01,4.8967113846e-01,18010,/project/tkcastrosim/HNHuang/project_big_sim/data/bluetilted/kp_10_ms_1.5_25_1024/SOAP_full_000_056/simulation_test/SOAP_uncompressed/HBTplus/halo_properties_0032.hdf5
BTKP10,0032,8.5198506050e+00,ishiyama21_fit,Ishiyama21Fit,9.1250000000e+00,4.4202591713e-01,2.8670171971e+00,9.6515178710e-01,-3.4848212895e-02,3.5872931644e-01,4.7645663200e-01,7707,/project/tkcastrosim/HNHuang/project_big_sim/data/bluetilted/kp_10_ms_1.5_25_1024/SOAP_full_000_056/simulation_test/SOAP_uncompressed/HBTplus/halo_properties_0032.hdf5
BTKP10,0032,8.5198506050e+00,ishiyama21_fit,Ishiyama21Fit,9.3750000000e+00,4.4728151944e-01,2.8495184860e+00,9.8290159693e-01,-1.7098403071e-02,3.8872444882e-01,5.1771158963e-01,3165,/project/tkcastrosim/HNHuang/project_big_sim/data/bluetilted/kp_10_ms_1.5_25_1024/SOAP_full_000_056/simulation_test/SOAP_uncompressed/HBTplus/halo_properties_0032.hdf5
BTKP10,0032,8.5198506050e+00,ishiyama21_fit,Ishiyama21Fit,9.6250000000e+00,4.5303086109e-01,2.8555566081e+00,9.9389404184e-01,-6.1059581593e-03,3.5975175592e-01,5.2761967811e-01,1237,/project/tkcastrosim/HNHuang/project_big_sim/data/bluetilted/kp_10_ms_1.5_25_1024/SOAP_full_000_056/simulation_test/SOAP_uncompressed/HBTplus/halo_properties_0032.hdf5
BTKP10,0032,8.5198506050e+00,ishiyama21_fit,Ishiyama21Fit,9.8750000000e+00,4.5132024721e-01,2.8892304928e+00,9.7844869305e-01,-2.1551306948e-02,3.8846255896e-01,5.1895768182e-01,440,/project/tkcastrosim/HNHuang/project_big_sim/data/bluetilted/kp_10_ms_1.5_25_1024/SOAP_full_000_056/simulation_test/SOAP_uncompressed/HBTplus/halo_properties_0032.hdf5
BTKP10,0032,8.5198506050e+00,ishiyama21_fit,Ishiyama21Fit,1.0125000000e+01,4.8219096330e-01,2.9501210377e+00,1.0288477892e+00,2.8847789227e-02,3.8994190117e-01,6.0629183212e-01,178,/project/tkcastrosim/HNHuang/project_big_sim/data/bluetilted/kp_10_ms_1.5_25_1024/SOAP_full_000_056/simulation_test/SOAP_uncompressed/HBTplus/halo_properties_0032.hdf5
BTKP10,0032,8.5198506050e+00,ishiyama21_fit,Ishiyama21Fit,1.0375000000e+01,4.6946944466e-01,3.0370633960e+00,9.7054480015e-01,-2.9455199854e-02,3.9654431022e-01,6.3109064910e-01,67,/project/tkcastrosim/HNHuang/project_big_sim/data/bluetilted/kp_10_ms_1.5_25_1024/SOAP_full_000_056/simulation_test/SOAP_uncompressed/HBTplus/halo_properties_0032.hdf5
BTKP10,0032,8.5198506050e+00,ishiyama21_fit,Ishiyama21Fit,1.0625000000e+01,5.6096594968e-01,3.1505408087e+00,1.1549969578e+00,1.5499695776e-01,3.7152849014e-01,5.9935049639e-01,16,/project/tkcastrosim/HNHuang/project_big_sim/data/bluetilted/kp_10_ms_1.5_25_1024/SOAP_full_000_056/simulation_test/SOAP_uncompressed/HBTplus/halo_properties_0032.hdf5
BTKP10,0032,8.5198506050e+00,ishiyama21_fit,Ishiyama21Fit,1.0875000000e+01,5.8497229521e-01,3.2925527229e+00,1.1679911639e+00,1.6799116390e-01,3.5564392427e-01,3.1510078821e-01,6,/project/tkcastrosim/HNHuang/project_big_sim/data/bluetilted/kp_10_ms_1.5_25_1024/SOAP_full_000_056/simulation_test/SOAP_uncompressed/HBTplus/halo_properties_0032.hdf5
BTKP10,0032,8.5198506050e+00,ishiyama21_fit,Ishiyama21Fit,1.1125000000e+01,5.2808488549e-01,3.4666293227e+00,9.7314482902e-01,-2.6855170978e-02,1.5169158506e-01,1.7970332784e-01,2,/project/tkcastrosim/HNHuang/project_big_sim/data/bluetilted/kp_10_ms_1.5_25_1024/SOAP_full_000_056/simulation_test/SOAP_uncompressed/HBTplus/halo_properties_0032.hdf5
BTKP10,0032,8.5198506050e+00,ludlow16,Ludlow16,8.3750000000e+00,3.9789156815e-01,4.1180697984e+00,6.0701282200e-01,-3.9298717800e-01,2.5613080633e-01,3.6547105119e-01,73300,/project/tkcastrosim/HNHuang/project_big_sim/data/bluetilted/kp_10_ms_1.5_25_1024/SOAP_full_000_056/simulation_test/SOAP_uncompressed/HBTplus/halo_properties_0032.hdf5
BTKP10,0032,8.5198506050e+00,ludlow16,Ludlow16,8.6250000000e+00,4.2066688165e-01,3.8937544398e+00,6.7654754499e-01,-3.2345245501e-01,2.7046503299e-01,3.6725611280e-01,39953,/project/tkcastrosim/HNHuang/project_big_sim/data/bluetilted/kp_10_ms_1.5_25_1024/SOAP_full_000_056/simulation_test/SOAP_uncompressed/HBTplus/halo_properties_0032.hdf5
BTKP10,0032,8.5198506050e+00,ludlow16,Ludlow16,8.8750000000e+00,4.3539799035e-01,3.6936728326e+00,7.3780155329e-01,-2.6219844671e-01,2.8313902146e-01,3.8569759843e-01,18010,/project/tkcastrosim/HNHuang/project_big_sim/data/bluetilted/kp_10_ms_1.5_25_1024/SOAP_full_000_056/simulation_test/SOAP_uncompressed/HBTplus/halo_properties_0032.hdf5
BTKP10,0032,8.5198506050e+00,ludlow16,Ludlow16,9.1250000000e+00,4.4202591713e-01,3.5156242864e+00,7.8708830809e-01,-2.1291169191e-01,2.9254636888e-01,3.8855385170e-01,7707,/project/tkcastrosim/HNHuang/project_big_sim/data/bluetilted/kp_10_ms_1.5_25_1024/SOAP_full_000_056/simulation_test/SOAP_uncompressed/HBTplus/halo_properties_0032.hdf5
BTKP10,0032,8.5198506050e+00,ludlow16,Ludlow16,9.3750000000e+00,4.4728151944e-01,3.3578494204e+00,8.3410418985e-01,-1.6589581015e-01,3.2987706244e-01,4.3933737354e-01,3165,/project/tkcastrosim/HNHuang/project_big_sim/data/bluetilted/kp_10_ms_1.5_25_1024/SOAP_full_000_056/simulation_test/SOAP_uncompressed/HBTplus/halo_properties_0032.hdf5
BTKP10,0032,8.5198506050e+00,ludlow16,Ludlow16,9.6250000000e+00,4.5303086109e-01,3.2179624378e+00,8.8196203460e-01,-1.1803796540e-01,3.1923663615e-01,4.6819933032e-01,1237,/project/tkcastrosim/HNHuang/project_big_sim/data/bluetilted/kp_10_ms_1.5_25_1024/SOAP_full_000_056/simulation_test/SOAP_uncompressed/HBTplus/halo_properties_0032.hdf5
BTKP10,0032,8.5198506050e+00,ludlow16,Ludlow16,9.8750000000e+00,4.5132024721e-01,3.0935014960e+00,9.1383948035e-01,-8.6160519650e-02,3.6281148468e-01,4.8468971510e-01,440,/project/tkcastrosim/HNHuang/project_big_sim/data/bluetilted/kp_10_ms_1.5_25_1024/SOAP_full_000_056/simulation_test/SOAP_uncompressed/HBTplus/halo_properties_0032.hdf5
BTKP10,0032,8.5198506050e+00,ludlow16,Ludlow16,1.0125000000e+01,4.8219096330e-01,2.9833997427e+00,1.0173713781e+00,1.7371378062e-02,3.8559224553e-01,5.9952887416e-01,178,/project/tkcastrosim/HNHuang/project_big_sim/data/bluetilted/kp_10_ms_1.5_25_1024/SOAP_full_000_056/simulation_test/SOAP_uncompressed/HBTplus/halo_properties_0032.hdf5
BTKP10,0032,8.5198506050e+00,ludlow16,Ludlow16,1.0375000000e+01,4.6946944466e-01,2.8859950684e+00,1.0213482757e+00,2.1348275676e-02,4.1730154797e-01,6.6412528938e-01,67,/project/tkcastrosim/HNHuang/project_big_sim/data/bluetilted/kp_10_ms_1.5_25_1024/SOAP_full_000_056/simulation_test/SOAP_uncompressed/HBTplus/halo_properties_0032.hdf5
BTKP10,0032,8.5198506050e+00,ludlow16,Ludlow16,1.0625000000e+01,5.6096594968e-01,2.8004338393e+00,1.2993933291e+00,2.9939332910e-01,4.1797654826e-01,6.7428059578e-01,16,/project/tkcastrosim/HNHuang/project_big_sim/data/bluetilted/kp_10_ms_1.5_25_1024/SOAP_full_000_056/simulation_test/SOAP_uncompressed/HBTplus/halo_properties_0032.hdf5
BTKP10,0032,8.5198506050e+00,ludlow16,Ludlow16,1.0875000000e+01,5.8497229521e-01,2.7249899685e+00,1.4112611538e+00,4.1126115382e-01,4.2971768146e-01,3.8073019358e-01,6,/project/tkcastrosim/HNHuang/project_big_sim/data/bluetilted/kp_10_ms_1.5_25_1024/SOAP_full_000_056/simulation_test/SOAP_uncompressed/HBTplus/halo_properties_0032.hdf5
BTKP10,0032,8.5198506050e+00,ludlow16,Ludlow16,1.1125000000e+01,5.2808488549e-01,2.6588601113e+00,1.2687889766e+00,2.6878897658e-01,1.9777591703e-01,2.3429770638e-01,2,/project/tkcastrosim/HNHuang/project_big_sim/data/bluetilted/kp_10_ms_1.5_25_1024/SOAP_full_000_056/simulation_test/SOAP_uncompressed/HBTplus/halo_properties_0032.hdf5
