dataset,model,z,snap,box,x,y
power,PL,19.40664523021168,24,25,0.32072956064263475,3.5968565507208163
power,PL,19.40664523021168,24,25,0.5606619683395725,0.8543344121401878
power,PL,19.40664523021168,24,25,0.787700109846164,0.40124044953838295
power,PL,19.40664523021168,24,25,1.0205350124370263,0.27848752613269667
power,PL,19.40664523021168,24,25,1.2811623763405762,0.1765918442107648
power,PL,19.40664523021168,24,25,1.5386083750512618,0.10062380785941485
power,PL,19.40664523021168,24,25,1.7773229368951355,0.0730452307532642
power,PL,19.40664523021168,24,25,2.016922174616909,0.054622541284208875
power,PL,19.40664523021168,24,25,2.276370248265442,0.04398687621674592
power,PL,19.40664523021168,24,25,2.5367369097912875,0.03203086914852053
power,PL,19.40664523021168,24,25,2.7799951337842748,0.02676876384043657
power,PL,19.40664523021168,24,25,3.0232513459545807,0.020837914892795902
power,PL,19.40664523021168,24,25,3.27850725349039,0.017464606287535874
power,PL,19.40664523021168,24,25,3.5320903813324764,0.013967704262346241
power,PL,19.40664523021168,24,25,3.7740842065088223,0.012573409892624402
power,PL,19.40664523021168,24,25,4.0223998293999035,0.010616651298248023
power,PL,19.40664523021168,24,25,4.280552523081682,0.009380119675030885
power,PL,19.40664523021168,24,25,4.537090733730488,0.007656429836852884
power,PL,19.40664523021168,24,25,4.784354808644596,0.006864981918377374
power,PL,19.40664523021168,24,25,5.031213959107016,0.0060091030950373886
power,PL,19.40664523021168,24,25,5.285957311443282,0.005316971336730417
power,PL,19.40664523021168,24,25,5.538249178821105,0.004870660451062741
power,PL,19.40664523021168,24,25,5.785985141724235,0.004185445688517353
power,PL,19.40664523021168,24,25,6.034136131752394,0.0039057382579260093
power,PL,19.40664523021168,24,25,6.286911813219537,0.0033742211018323157
power,PL,19.40664523021168,24,25,6.54166682420824,0.003092783813124399
power,PL,19.40664523021168,24,25,6.793019941028072,0.0029179425439803913
power,PL,19.40664523021168,24,25,7.044049470420791,0.0026533526599307913
power,PL,19.40664523021168,24,25,7.295989038663275,0.002462450224734359
power,PL,19.40664523021168,24,25,7.546022875800913,0.002266439651514124
power,PL,19.40664523021168,24,25,7.796320632595667,0.002071283678944358
power,PL,19.40664523021168,24,25,8.04569565437213,0.0018660892285459693
power,PL,19.40664523021168,24,25,8.295810539385062,0.0017666233550854469
power,PL,19.40664523021168,24,25,8.549551313965676,0.0016399951336981745
power,PL,19.40664523021168,24,25,8.801317467211248,0.0015332325708866765
power,PL,19.40664523021168,24,25,9.051715364342233,0.0014368420483919133
power,PL,19.40664523021168,24,25,9.303933965686708,0.0013526839407699122
power,PL,19.40664523021168,24,25,9.555557996267446,0.001245054051135703
power,PL,19.40664523021168,24,25,9.80486850979469,0.0011668606826257242
power,PL,19.40664523021168,24,25,10.054942567415612,0.0011162147734057758
power,PL,19.40664523021168,24,25,10.308274496268336,0.0010289459087364635
power,PL,19.40664523021168,24,25,10.560810068695892,0.0009712250650163769
power,PL,19.40664523021168,24,25,10.811584699358507,0.0009112654757150958
power,PL,19.40664523021168,24,25,11.062453457041169,0.0008559749823355146
power,PL,19.40664523021168,24,25,11.314786957671013,0.0008101680331991372
power,PL,19.40664523021168,24,25,11.565937880035426,0.0007758594909877067
power,PL,19.40664523021168,24,25,11.814085010948824,0.0007200468874819726
power,PL,19.40664523021168,24,25,12.064293330625782,0.000696314569290529
power,PL,19.40664523021168,24,25,12.317521238569554,0.0006509149740481631
power,PL,19.40664523021168,24,25,12.571032385248238,0.0006278627968478135
power,PL,19.40664523021168,24,25,12.821843069043268,0.0005996802335391057
power,PL,19.40664523021168,24,25,13.072502986326512,0.0005663837055141242
power,PL,19.40664523021168,24,25,13.324942706400424,0.0005498181330445876
power,PL,19.40664523021168,24,25,13.576176707479814,0.000521988630088872
power,PL,19.40664523021168,24,25,13.82555646698322,0.0004990985253342519
power,PL,19.40664523021168,24,25,14.075222265910044,0.0004670763954430204
power,PL,19.40664523021168,24,25,14.32811852917941,0.00045167247544942264
power,PL,19.40664523021168,24,25,14.580461685752585,0.0004296139886671794
power,PL,19.40664523021168,24,25,14.830552404971625,0.00041005339521386767
power,PL,19.40664523021168,24,25,15.08215309851155,0.0003938859769587148
power,PL,19.40664523021168,24,25,15.334342820333537,0.0003764936016938696
power,PL,19.40664523021168,24,25,15.5860439155924,0.0003616581101392308
power,PL,19.40664523021168,24,25,15.835068837290374,0.0003466439435265763
power,PL,19.40664523021168,24,25,16.08449366682584,0.0003352406340710333
power,PL,19.40664523021168,24,25,16.338138266722677,0.00032091700052240145
power,PL,19.40664523021168,24,25,16.590773181146194,0.00030943007341682093
power,PL,19.40664523021168,24,25,16.842164585753792,0.000294877982324081
power,PL,19.40664523021168,24,25,17.093141526529084,0.0002834635027947971
power,PL,19.40664523021168,24,25,17.344842926726773,0.0002745149901686046
power,PL,19.40664523021168,24,25,17.59671504894166,0.00026524202641699447
power,PL,19.40664523021168,24,25,17.84592583282211,0.0002543005261930194
power,PL,19.40664523021168,24,25,18.096741808972432,0.0002460514624464103
power,PL,19.40664523021168,24,25,18.348607136620142,0.00023944569940679208
power,PL,19.40664523021168,24,25,18.60101336990868,0.00023115284341515657
power,PL,19.40664523021168,24,25,18.852551541782248,0.00022164874663068993
power,PL,19.40664523021168,24,25,19.10320472609246,0.00021362484992279782
power,PL,19.40664523021168,24,25,19.355236149567805,0.00020606110315373916
power,PL,19.40664523021168,24,25,19.605996073418613,0.00019893080409242792
power,PL,19.40664523021168,24,25,19.855971980449656,0.0001947888659233466
power,PL,19.40664523021168,24,25,20.106635831090703,0.00018721253590838903
power,PL,19.40664523021168,24,25,20.35857305190006,0.00018103686713015873
power,PL,19.40664523021168,24,25,20.610988701236806,0.00017620043079874653
power,PL,19.40664523021168,24,25,20.862646236697852,0.00017115822974060962
power,PL,19.40664523021168,24,25,21.11314497992686,0.00016502714936634177
power,PL,19.40664523021168,24,25,21.36464071217916,0.0001606700729921093
power,PL,19.40664523021168,24,25,21.617216570183352,0.0001546520319503167
power,PL,19.40664523021168,24,25,21.867907000228907,0.00014999622239303498
power,PL,19.40664523021168,24,25,22.118380934686936,0.00014596470439809904
power,PL,19.40664523021168,24,25,22.369760043372604,0.00014243909625008547
power,PL,19.40664523021168,24,25,22.622182780751523,0.0001386168137232578
power,PL,19.40664523021168,24,25,22.874179927983825,0.00013496035483245435
power,PL,19.40664523021168,24,25,23.124905045653037,0.0001316399783011075
power,PL,19.40664523021168,24,25,23.376218733652543,0.00012606827341960598
power,PL,19.40664523021168,24,25,23.62677019857868,0.00012340794686543257
power,PL,19.40664523021168,24,25,23.87663985612261,0.00011961116952662609
power,PL,19.40664523021168,24,25,24.12683364571325,0.00011687505288364505
power,PL,19.40664523021168,24,25,24.37875191845385,0.00011218559568517852
power,PL,19.40664523021168,24,25,24.63247310093604,0.00011090321712989782
power,PL,19.40664523021168,24,25,24.884090136607472,0.00010718647845741228
power,PL,19.40664523021168,24,25,25.1346414659627,0.00010405929749285723
power,PL,19.40664523021168,24,25,25.385845831243543,0.00010142947584497435
power,PL,19.40664523021168,24,25,25.637585208635205,9.87899703758535e-05
power,PL,19.40664523021168,24,25,25.88948668125444,9.676445648180563e-05
power,PL,19.40664523021168,24,25,26.139069033235916,9.37478815559149e-05
power,PL,19.40664523021168,24,25,26.390547380112228,9.164812228295136e-05
power,PL,19.40664523021168,24,25,26.64300560904685,8.860991863731779e-05
power,PL,19.40664523021168,24,25,26.89360701301547,8.74712552477576e-05
power,PL,19.40664523021168,24,25,27.14431675423385,8.59468451394716e-05
power,PL,19.40664523021168,24,25,27.396541256600635,8.3529053379615e-05
power,PL,19.40664523021168,24,25,27.649003093917827,8.16650968632064e-05
power,PL,19.40664523021168,24,25,27.89884103880582,7.950993606376574e-05
power,PL,19.40664523021168,24,25,28.14922945105167,7.721357494412692e-05
power,PL,19.40664523021168,24,25,28.400870907962133,7.535719368394187e-05
power,PL,19.40664523021168,24,25,28.65300236168307,7.369668594249861e-05
power,PL,19.40664523021168,24,25,28.90403695146484,7.293157226783454e-05
power,PL,19.40664523021168,24,25,29.154865892880995,7.095220298826162e-05
power,PL,19.40664523021168,24,25,29.40751703157385,6.918590751854593e-05
power,PL,19.40664523021168,24,25,29.65873973701816,6.748932894530424e-05
power,PL,19.40664523021168,24,25,29.90841703561923,6.592473634027834e-05
power,PL,19.40664523021168,24,25,30.159540002722725,6.460884290874381e-05
power,PL,19.40664523021168,24,25,30.411658195557067,6.342209104533859e-05
power,PL,19.40664523021168,24,25,30.66356878913305,6.187927850614017e-05
power,PL,19.40664523021168,24,25,30.914951782254548,6.0867693993072114e-05
power,PL,19.40664523021168,24,25,31.165975615952295,5.94785137069682e-05
power,PL,19.40664523021168,24,25,31.418062734170597,5.761982947631579e-05
power,PL,19.40664523021168,24,25,31.66963807569683,5.640272939362984e-05
power,PL,19.40664523021168,24,25,31.919760603706283,5.566015383269534e-05
power,PL,14.331814598205613,27,25,0.32072956064263475,6.290298205328312
power,PL,14.331814598205613,27,25,0.5606619683395725,1.5180471828576654
power,PL,14.331814598205613,27,25,0.787700109846164,0.7179762439842382
power,PL,14.331814598205613,27,25,1.0205350124370263,0.49770118188498985
power,PL,14.331814598205613,27,25,1.2811623763405762,0.31801396428294454
power,PL,14.331814598205613,27,25,1.5386083750512618,0.18258932559590746
power,PL,14.331814598205613,27,25,1.7773229368951355,0.13306378329518673
power,PL,14.331814598205613,27,25,2.016922174616909,0.1018114985959409
power,PL,14.331814598205613,27,25,2.276370248265442,0.08092644125524864
power,PL,14.331814598205613,27,25,2.5367369097912875,0.05820813604336582
power,PL,14.331814598205613,27,25,2.7799951337842748,0.050273884597320115
power,PL,14.331814598205613,27,25,3.0232513459545807,0.03946246197379339
power,PL,14.331814598205613,27,25,3.27850725349039,0.03257162555691867
power,PL,14.331814598205613,27,25,3.5320903813324764,0.02642304504374745
power,PL,14.331814598205613,27,25,3.7740842065088223,0.02350119332033963
power,PL,14.331814598205613,27,25,4.0223998293999035,0.020113760968733248
power,PL,14.331814598205613,27,25,4.280552523081682,0.018137798357638856
power,PL,14.331814598205613,27,25,4.537090733730488,0.014746427095309447
power,PL,14.331814598205613,27,25,4.784354808644596,0.013229880370860675
power,PL,14.331814598205613,27,25,5.031213959107016,0.011620646167112851
power,PL,14.331814598205613,27,25,5.285957311443282,0.01030465013010796
power,PL,14.331814598205613,27,25,5.538249178821105,0.009410132027090705
power,PL,14.331814598205613,27,25,5.785985141724235,0.008302395478712763
power,PL,14.331814598205613,27,25,6.034136131752394,0.007710400632164889
power,PL,14.331814598205613,27,25,6.286911813219537,0.006678995397557914
power,PL,14.331814598205613,27,25,6.54166682420824,0.006104786476839149
power,PL,14.331814598205613,27,25,6.793019941028072,0.005784653932947949
power,PL,14.331814598205613,27,25,7.044049470420791,0.005291245494688857
power,PL,14.331814598205613,27,25,7.295989038663275,0.0049010201317109476
power,PL,14.331814598205613,27,25,7.546022875800913,0.004534815817224993
power,PL,14.331814598205613,27,25,7.796320632595667,0.004199098460667692
power,PL,14.331814598205613,27,25,8.04569565437213,0.0037995142261088403
power,PL,14.331814598205613,27,25,8.295810539385062,0.003594278759525469
power,PL,14.331814598205613,27,25,8.549551313965676,0.0033962549113961127
power,PL,14.331814598205613,27,25,8.801317467211248,0.003122662021883029
power,PL,14.331814598205613,27,25,9.051715364342233,0.00293966458542839
power,PL,14.331814598205613,27,25,9.303933965686708,0.0027950723911295454
power,PL,14.331814598205613,27,25,9.555557996267446,0.0026210221810347182
power,PL,14.331814598205613,27,25,9.80486850979469,0.002410963720691112
power,PL,14.331814598205613,27,25,10.054942567415612,0.0023104468979285447
power,PL,14.331814598205613,27,25,10.308274496268336,0.002149351050095018
power,PL,14.331814598205613,27,25,10.560810068695892,0.0020526063199638772
power,PL,14.331814598205613,27,25,10.811584699358507,0.0019513066158399319
power,PL,14.331814598205613,27,25,11.062453457041169,0.0018164275729591842
power,PL,14.331814598205613,27,25,11.314786957671013,0.0017406110337069172
power,PL,14.331814598205613,27,25,11.565937880035426,0.0016432637876972744
power,PL,14.331814598205613,27,25,11.814085010948824,0.0015483138157375291
power,PL,14.331814598205613,27,25,12.064293330625782,0.0014777844623040826
power,PL,14.331814598205613,27,25,12.317521238569554,0.0014108336933640897
power,PL,14.331814598205613,27,25,12.571032385248238,0.0013649395758993414
power,PL,14.331814598205613,27,25,12.821843069043268,0.0012958866883660484
power,PL,14.331814598205613,27,25,13.072502986326512,0.0012243219154002042
power,PL,14.331814598205613,27,25,13.324942706400424,0.0011932340245701467
power,PL,14.331814598205613,27,25,13.576176707479814,0.0011468780592648704
power,PL,14.331814598205613,27,25,13.82555646698322,0.0010934207347391993
power,PL,14.331814598205613,27,25,14.075222265910044,0.0010408584615933035
power,PL,14.331814598205613,27,25,14.32811852917941,0.0009971926123955898
power,PL,14.331814598205613,27,25,14.580461685752585,0.0009590384855834727
power,PL,14.331814598205613,27,25,14.830552404971625,0.0009247430104567444
power,PL,14.331814598205613,27,25,15.08215309851155,0.0008798425792446122
power,PL,14.331814598205613,27,25,15.334342820333537,0.0008514205298045123
power,PL,14.331814598205613,27,25,15.5860439155924,0.000808336771343058
power,PL,14.331814598205613,27,25,15.835068837290374,0.0007857671879746367
power,PL,14.331814598205613,27,25,16.08449366682584,0.000763038349170126
power,PL,14.331814598205613,27,25,16.338138266722677,0.0007315657552547907
power,PL,14.331814598205613,27,25,16.590773181146194,0.0007025277829900573
power,PL,14.331814598205613,27,25,16.842164585753792,0.0006782713337274225
power,PL,14.331814598205613,27,25,17.093141526529084,0.0006550553863996072
power,PL,14.331814598205613,27,25,17.344842926726773,0.0006301602841594648
power,PL,14.331814598205613,27,25,17.59671504894166,0.0006112674608583219
power,PL,14.331814598205613,27,25,17.84592583282211,0.0005916882813467987
power,PL,14.331814598205613,27,25,18.096741808972432,0.0005720785306124747
power,PL,14.331814598205613,27,25,18.348607136620142,0.0005596755373017237
power,PL,14.331814598205613,27,25,18.60101336990868,0.0005461211606750892
power,PL,14.331814598205613,27,25,18.852551541782248,0.0005214458256004797
power,PL,14.331814598205613,27,25,19.10320472609246,0.0005101014829111759
power,PL,14.331814598205613,27,25,19.355236149567805,0.0004834957123463721
power,PL,14.331814598205613,27,25,19.605996073418613,0.0004678271577499739
power,PL,14.331814598205613,27,25,19.855971980449656,0.00046094842197781974
power,PL,14.331814598205613,27,25,20.106635831090703,0.00044808497797282296
power,PL,14.331814598205613,27,25,20.35857305190006,0.00043258984565740645
power,PL,14.331814598205613,27,25,20.610988701236806,0.00042463281450483113
power,PL,14.331814598205613,27,25,20.862646236697852,0.0004104579685387756
power,PL,14.331814598205613,27,25,21.11314497992686,0.0003964996115732944
power,PL,14.331814598205613,27,25,21.36464071217916,0.00038970896193572357
power,PL,14.331814598205613,27,25,21.617216570183352,0.00037760313694517266
power,PL,14.331814598205613,27,25,21.867907000228907,0.00036929600616914193
power,PL,14.331814598205613,27,25,22.118380934686936,0.00035512024779888986
power,PL,14.331814598205613,27,25,22.369760043372604,0.0003503975622243938
power,PL,14.331814598205613,27,25,22.622182780751523,0.0003409104735758645
power,PL,14.331814598205613,27,25,22.874179927983825,0.0003333794458551043
power,PL,14.331814598205613,27,25,23.124905045653037,0.00032358933952570794
power,PL,14.331814598205613,27,25,23.376218733652543,0.00031929284385183085
power,PL,14.331814598205613,27,25,23.62677019857868,0.0003083802843966586
power,PL,14.331814598205613,27,25,23.87663985612261,0.0002980630041982311
power,PL,14.331814598205613,27,25,24.12683364571325,0.00029287021636201964
power,PL,14.331814598205613,27,25,24.37875191845385,0.00028246154930150664
power,PL,14.331814598205613,27,25,24.63247310093604,0.0002780077996926375
power,PL,14.331814598205613,27,25,24.884090136607472,0.00027097077816751376
power,PL,14.331814598205613,27,25,25.1346414659627,0.0002645256089480764
power,PL,14.331814598205613,27,25,25.385845831243543,0.00025865414013137545
power,PL,14.331814598205613,27,25,25.637585208635205,0.00025330421086705996
power,PL,14.331814598205613,27,25,25.88948668125444,0.0002468621105179373
power,PL,14.331814598205613,27,25,26.139069033235916,0.00024178489393857498
power,PL,14.331814598205613,27,25,26.390547380112228,0.00023569468944579543
power,PL,14.331814598205613,27,25,26.64300560904685,0.0002317169499240042
power,PL,14.331814598205613,27,25,26.89360701301547,0.0002249951418277306
power,PL,14.331814598205613,27,25,27.14431675423385,0.0002202180996691884
power,PL,14.331814598205613,27,25,27.396541256600635,0.00021721649463345822
power,PL,14.331814598205613,27,25,27.649003093917827,0.00021225108389115644
power,PL,14.331814598205613,27,25,27.89884103880582,0.00020724212811022073
power,PL,14.331814598205613,27,25,28.14922945105167,0.0002032445156249499
power,PL,14.331814598205613,27,25,28.400870907962133,0.00019869692128579616
power,PL,14.331814598205613,27,25,28.65300236168307,0.00019406883607173134
power,PL,14.331814598205613,27,25,28.90403695146484,0.00019122604164356014
power,PL,14.331814598205613,27,25,29.154865892880995,0.00018767691093973893
power,PL,14.331814598205613,27,25,29.40751703157385,0.0001830296355872959
power,PL,14.331814598205613,27,25,29.65873973701816,0.0001793055355597338
power,PL,14.331814598205613,27,25,29.90841703561923,0.00017582803186746255
power,PL,14.331814598205613,27,25,30.159540002722725,0.00017292086724279986
power,PL,14.331814598205613,27,25,30.411658195557067,0.00016944967691612825
power,PL,14.331814598205613,27,25,30.66356878913305,0.00016530302096506876
power,PL,14.331814598205613,27,25,30.914951782254548,0.00016252895255335987
power,PL,14.331814598205613,27,25,31.165975615952295,0.00015944565883985938
power,PL,14.331814598205613,27,25,31.418062734170597,0.0001560017132587262
power,PL,14.331814598205613,27,25,31.66963807569683,0.0001544127552778263
power,PL,14.331814598205613,27,25,31.919760603706283,0.00015063748330723472
power,PL,10.51901923231075,30,25,0.32072956064263475,10.950044025678427
power,PL,10.51901923231075,30,25,0.5606619683395725,2.703932933539426
power,PL,10.51901923231075,30,25,0.787700109846164,1.291794431159521
power,PL,10.51901923231075,30,25,1.0205350124370263,0.8938374379980257
power,PL,10.51901923231075,30,25,1.2811623763405762,0.578937038859992
power,PL,10.51901923231075,30,25,1.5386083750512618,0.3361011025382004
power,PL,10.51901923231075,30,25,1.7773229368951355,0.24768216688282785
power,PL,10.51901923231075,30,25,2.016922174616909,0.19458145891547718
power,PL,10.51901923231075,30,25,2.276370248265442,0.15228763728771025
power,PL,10.51901923231075,30,25,2.5367369097912875,0.10906130244346579
power,PL,10.51901923231075,30,25,2.7799951337842748,0.09701426299545333
power,PL,10.51901923231075,30,25,3.0232513459545807,0.07828755252003279
power,PL,10.51901923231075,30,25,3.27850725349039,0.06308964285687572
power,PL,10.51901923231075,30,25,3.5320903813324764,0.05238046520589307
power,PL,10.51901923231075,30,25,3.7740842065088223,0.04640825653230661
power,PL,10.51901923231075,30,25,4.0223998293999035,0.039596424569720144
power,PL,10.51901923231075,30,25,4.280552523081682,0.03695706579180247
power,PL,10.51901923231075,30,25,4.537090733730488,0.030166959670373677
power,PL,10.51901923231075,30,25,4.784354808644596,0.027012543190680163
power,PL,10.51901923231075,30,25,5.031213959107016,0.024163671167153077
power,PL,10.51901923231075,30,25,5.285957311443282,0.0214316306161994
power,PL,10.51901923231075,30,25,5.538249178821105,0.01946420564595507
power,PL,10.51901923231075,30,25,5.785985141724235,0.017630611072146068
power,PL,10.51901923231075,30,25,6.034136131752394,0.016271773310505416
power,PL,10.51901923231075,30,25,6.286911813219537,0.014504913795168085
power,PL,10.51901923231075,30,25,6.54166682420824,0.01324269938380283
power,PL,10.51901923231075,30,25,6.793019941028072,0.012477910381592142
power,PL,10.51901923231075,30,25,7.044049470420791,0.011523348937732807
power,PL,10.51901923231075,30,25,7.295989038663275,0.010593107723033039
power,PL,10.51901923231075,30,25,7.546022875800913,0.010001153719981597
power,PL,10.51901923231075,30,25,7.796320632595667,0.009313667884500988
power,PL,10.51901923231075,30,25,8.04569565437213,0.008609125799393132
power,PL,10.51901923231075,30,25,8.295810539385062,0.008067712428102156
power,PL,10.51901923231075,30,25,8.549551313965676,0.007797527108388201
power,PL,10.51901923231075,30,25,8.801317467211248,0.007123838907184212
power,PL,10.51901923231075,30,25,9.051715364342233,0.006693300781027642
power,PL,10.51901923231075,30,25,9.303933965686708,0.006437188504152203
power,PL,10.51901923231075,30,25,9.555557996267446,0.0060672647747132945
power,PL,10.51901923231075,30,25,9.80486850979469,0.005685122460702024
power,PL,10.51901923231075,30,25,10.054942567415612,0.0054179448525619595
power,PL,10.51901923231075,30,25,10.308274496268336,0.005081633905567592
power,PL,10.51901923231075,30,25,10.560810068695892,0.0048695973356882765
power,PL,10.51901923231075,30,25,10.811584699358507,0.004684822287735691
power,PL,10.51901923231075,30,25,11.062453457041169,0.004494426759731298
power,PL,10.51901923231075,30,25,11.314786957671013,0.0042758243494488085
power,PL,10.51901923231075,30,25,11.565937880035426,0.003957343550646264
power,PL,10.51901923231075,30,25,11.814085010948824,0.0038545617736470365
power,PL,10.51901923231075,30,25,12.064293330625782,0.003691617219024399
power,PL,10.51901923231075,30,25,12.317521238569554,0.003545764603282095
power,PL,10.51901923231075,30,25,12.571032385248238,0.0033837041939330757
power,PL,10.51901923231075,30,25,12.821843069043268,0.003282637430506713
power,PL,10.51901923231075,30,25,13.072502986326512,0.0031103338774289844
power,PL,10.51901923231075,30,25,13.324942706400424,0.002970512445731807
power,PL,10.51901923231075,30,25,13.576176707479814,0.002908867805483981
power,PL,10.51901923231075,30,25,13.82555646698322,0.002810029486604704
power,PL,10.51901923231075,30,25,14.075222265910044,0.002711364885006079
power,PL,10.51901923231075,30,25,14.32811852917941,0.002595701460403262
power,PL,10.51901923231075,30,25,14.580461685752585,0.002514656601685136
power,PL,10.51901923231075,30,25,14.830552404971625,0.002414785764252668
power,PL,10.51901923231075,30,25,15.08215309851155,0.002340222312874296
power,PL,10.51901923231075,30,25,15.334342820333537,0.0022601022594001103
power,PL,10.51901923231075,30,25,15.5860439155924,0.0022151042472969363
power,PL,10.51901923231075,30,25,15.835068837290374,0.002118063192892303
power,PL,10.51901923231075,30,25,16.08449366682584,0.002052204708060316
power,PL,10.51901923231075,30,25,16.338138266722677,0.0019866507783512077
power,PL,10.51901923231075,30,25,16.590773181146194,0.001949378368155644
power,PL,10.51901923231075,30,25,16.842164585753792,0.001877577455280178
power,PL,10.51901923231075,30,25,17.093141526529084,0.0018347062263574837
power,PL,10.51901923231075,30,25,17.344842926726773,0.0017750976964667046
power,PL,10.51901923231075,30,25,17.59671504894166,0.0017169935035689164
power,PL,10.51901923231075,30,25,17.84592583282211,0.0016762791843350844
power,PL,10.51901923231075,30,25,18.096741808972432,0.001622378508394832
power,PL,10.51901923231075,30,25,18.348607136620142,0.001577538272364171
power,PL,10.51901923231075,30,25,18.60101336990868,0.0015394679361524703
power,PL,10.51901923231075,30,25,18.852551541782248,0.00151988445055727
power,PL,10.51901923231075,30,25,19.10320472609246,0.0014746694518621862
power,PL,10.51901923231075,30,25,19.355236149567805,0.0014332377107091282
power,PL,10.51901923231075,30,25,19.605996073418613,0.0013834693058834293
power,PL,10.51901923231075,30,25,19.855971980449656,0.0013493277002787475
power,PL,10.51901923231075,30,25,20.106635831090703,0.0013268761401320122
power,PL,10.51901923231075,30,25,20.35857305190006,0.0012870357140582983
power,PL,10.51901923231075,30,25,20.610988701236806,0.0012638698884057068
power,PL,10.51901923231075,30,25,20.862646236697852,0.0012266619842464153
power,PL,10.51901923231075,30,25,21.11314497992686,0.0012014453648753393
power,PL,10.51901923231075,30,25,21.36464071217916,0.0011815916695698688
power,PL,10.51901923231075,30,25,21.617216570183352,0.0011479394256872339
power,PL,10.51901923231075,30,25,21.867907000228907,0.001124157792298566
power,PL,10.51901923231075,30,25,22.118380934686936,0.0010919847931402196
power,PL,10.51901923231075,30,25,22.369760043372604,0.001070161855938355
power,PL,10.51901923231075,30,25,22.622182780751523,0.0010540633014208907
power,PL,10.51901923231075,30,25,22.874179927983825,0.0010270779899340672
power,PL,10.51901923231075,30,25,23.124905045653037,0.001010051427762236
power,PL,10.51901923231075,30,25,23.376218733652543,0.000992979411705627
power,PL,10.51901923231075,30,25,23.62677019857868,0.0009681428921482136
power,PL,10.51901923231075,30,25,23.87663985612261,0.0009564714238473783
power,PL,10.51901923231075,30,25,24.12683364571325,0.0009357578563577864
power,PL,10.51901923231075,30,25,24.37875191845385,0.0009204145970825946
power,PL,10.51901923231075,30,25,24.63247310093604,0.0008977242230226419
power,PL,10.51901923231075,30,25,24.884090136607472,0.0008788660277568541
power,PL,10.51901923231075,30,25,25.1346414659627,0.0008610989173492738
power,PL,10.51901923231075,30,25,25.385845831243543,0.0008511962224973218
power,PL,10.51901923231075,30,25,25.637585208635205,0.0008308638141623361
power,PL,10.51901923231075,30,25,25.88948668125444,0.0008173195199215973
power,PL,10.51901923231075,30,25,26.139069033235916,0.000801122112198166
power,PL,10.51901923231075,30,25,26.390547380112228,0.0007914771280688426
power,PL,10.51901923231075,30,25,26.64300560904685,0.0007792216501293218
power,PL,10.51901923231075,30,25,26.89360701301547,0.000759973856822423
power,PL,10.51901923231075,30,25,27.14431675423385,0.0007478331388362852
power,PL,10.51901923231075,30,25,27.396541256600635,0.000738600714311782
power,PL,10.51901923231075,30,25,27.649003093917827,0.0007249154230855236
power,PL,10.51901923231075,30,25,27.89884103880582,0.0007085547070921108
power,PL,10.51901923231075,30,25,28.14922945105167,0.0006980780415305114
power,PL,10.51901923231075,30,25,28.400870907962133,0.0006868531893446361
power,PL,10.51901923231075,30,25,28.65300236168307,0.0006762915402599393
power,PL,10.51901923231075,30,25,28.90403695146484,0.0006647265317363445
power,PL,10.51901923231075,30,25,29.154865892880995,0.0006560316173184638
power,PL,10.51901923231075,30,25,29.40751703157385,0.0006448338107760766
power,PL,10.51901923231075,30,25,29.65873973701816,0.00063484328897515
power,PL,10.51901923231075,30,25,29.90841703561923,0.000625631994322989
power,PL,10.51901923231075,30,25,30.159540002722725,0.0006159573413608746
power,PL,10.51901923231075,30,25,30.411658195557067,0.0006025220887196344
power,PL,10.51901923231075,30,25,30.66356878913305,0.0005917439423007322
power,PL,10.51901923231075,30,25,30.914951782254548,0.0005872979857207665
power,PL,10.51901923231075,30,25,31.165975615952295,0.0005765958369587654
power,PL,10.51901923231075,30,25,31.418062734170597,0.0005705199065848991
power,PL,10.51901923231075,30,25,31.66963807569683,0.0005621079718483473
power,PL,10.51901923231075,30,25,31.919760603706283,0.0005527603158901249
power,PL,2.0333177828202462,44,25,0.32072956064263475,125.44384436529378
power,PL,2.0333177828202462,44,25,0.5606619683395725,41.38484553603292
power,PL,2.0333177828202462,44,25,0.787700109846164,22.01445625850556
power,PL,2.0333177828202462,44,25,1.0205350124370263,15.926957579585013
power,PL,2.0333177828202462,44,25,1.2811623763405762,12.379205289007885
power,PL,2.0333177828202462,44,25,1.5386083750512618,8.187572135413335
power,PL,2.0333177828202462,44,25,1.7773229368951355,7.23990995704609
power,PL,2.0333177828202462,44,25,2.016922174616909,6.022134121764295
power,PL,2.0333177828202462,44,25,2.276370248265442,5.333579598377927
power,PL,2.0333177828202462,44,25,2.5367369097912875,4.611648347708641
power,PL,2.0333177828202462,44,25,2.7799951337842748,4.1090783793157835
power,PL,2.0333177828202462,44,25,3.0232513459545807,3.7299454644007395
power,PL,2.0333177828202462,44,25,3.27850725349039,3.315094743036036
power,PL,2.0333177828202462,44,25,3.5320903813324764,3.135625585698576
power,PL,2.0333177828202462,44,25,3.7740842065088223,2.9011539794046675
power,PL,2.0333177828202462,44,25,4.0223998293999035,2.5745582044259803
power,PL,2.0333177828202462,44,25,4.280552523081682,2.4740029546959255
power,PL,2.0333177828202462,44,25,4.537090733730488,2.3219936207410163
power,PL,2.0333177828202462,44,25,4.784354808644596,2.193448498966102
power,PL,2.0333177828202462,44,25,5.031213959107016,2.0543793173374536
power,PL,2.0333177828202462,44,25,5.285957311443282,1.955269952065479
power,PL,2.0333177828202462,44,25,5.538249178821105,1.8152316433264892
power,PL,2.0333177828202462,44,25,5.785985141724235,1.7530013421535269
power,PL,2.0333177828202462,44,25,6.034136131752394,1.6561823016930153
power,PL,2.0333177828202462,44,25,6.286911813219537,1.537363417237713
power,PL,2.0333177828202462,44,25,6.54166682420824,1.465208445368024
power,PL,2.0333177828202462,44,25,6.793019941028072,1.3604644206843748
power,PL,2.0333177828202462,44,25,7.044049470420791,1.2973531811758956
power,PL,2.0333177828202462,44,25,7.295989038663275,1.2486949509470502
power,PL,2.0333177828202462,44,25,7.546022875800913,1.2095440927213645
power,PL,2.0333177828202462,44,25,7.796320632595667,1.1236039326529514
power,PL,2.0333177828202462,44,25,8.04569565437213,1.106286045515142
power,PL,2.0333177828202462,44,25,8.295810539385062,1.0264901246873823
power,PL,2.0333177828202462,44,25,8.549551313965676,0.9875194642712589
power,PL,2.0333177828202462,44,25,8.801317467211248,0.9587997009626748
power,PL,2.0333177828202462,44,25,9.051715364342233,0.9187145863560158
power,PL,2.0333177828202462,44,25,9.303933965686708,0.8901636603106008
power,PL,2.0333177828202462,44,25,9.555557996267446,0.838160515931782
power,PL,2.0333177828202462,44,25,9.80486850979469,0.8103858053219737
power,PL,2.0333177828202462,44,25,10.054942567415612,0.7768747857126206
power,PL,2.0333177828202462,44,25,10.308274496268336,0.7451170867808491
power,PL,2.0333177828202462,44,25,10.560810068695892,0.7038184832155261
power,PL,2.0333177828202462,44,25,10.811584699358507,0.6763226202980993
power,PL,2.0333177828202462,44,25,11.062453457041169,0.6394146890971717
power,PL,2.0333177828202462,44,25,11.314786957671013,0.6170694726370674
power,PL,2.0333177828202462,44,25,11.565937880035426,0.5927962716891007
power,PL,2.0333177828202462,44,25,11.814085010948824,0.580287418711927
power,PL,2.0333177828202462,44,25,12.064293330625782,0.5539425614502769
power,PL,2.0333177828202462,44,25,12.317521238569554,0.5339081530225787
power,PL,2.0333177828202462,44,25,12.571032385248238,0.5104262546223568
power,PL,2.0333177828202462,44,25,12.821843069043268,0.49013401386121225
power,PL,2.0333177828202462,44,25,13.072502986326512,0.4681251004987835
power,PL,2.0333177828202462,44,25,13.324942706400424,0.4461098904327923
power,PL,2.0333177828202462,44,25,13.576176707479814,0.4363871097235922
power,PL,2.0333177828202462,44,25,13.82555646698322,0.4193610416832003
power,PL,2.0333177828202462,44,25,14.075222265910044,0.40944996271881784
power,PL,2.0333177828202462,44,25,14.32811852917941,0.3931983777036416
power,PL,2.0333177828202462,44,25,14.580461685752585,0.3845040541464877
power,PL,2.0333177828202462,44,25,14.830552404971625,0.37329814717040066
power,PL,2.0333177828202462,44,25,15.08215309851155,0.3539881669179224
power,PL,2.0333177828202462,44,25,15.334342820333537,0.34183575773876596
power,PL,2.0333177828202462,44,25,15.5860439155924,0.3324094257353293
power,PL,2.0333177828202462,44,25,15.835068837290374,0.32401069935164856
power,PL,2.0333177828202462,44,25,16.08449366682584,0.31371739655862146
power,PL,2.0333177828202462,44,25,16.338138266722677,0.3054208531752916
power,PL,2.0333177828202462,44,25,16.590773181146194,0.29325582473702166
power,PL,2.0333177828202462,44,25,16.842164585753792,0.28504959935202445
power,PL,2.0333177828202462,44,25,17.093141526529084,0.27696247837495336
power,PL,2.0333177828202462,44,25,17.344842926726773,0.2685628439076139
power,PL,2.0333177828202462,44,25,17.59671504894166,0.25767763277265265
power,PL,2.0333177828202462,44,25,17.84592583282211,0.25226454017515565
power,PL,2.0333177828202462,44,25,18.096741808972432,0.24760133143327312
power,PL,2.0333177828202462,44,25,18.348607136620142,0.2365027305486211
power,PL,2.0333177828202462,44,25,18.60101336990868,0.23216666609389755
power,PL,2.0333177828202462,44,25,18.852551541782248,0.22607776753381165
power,PL,2.0333177828202462,44,25,19.10320472609246,0.22079440253526758
power,PL,2.0333177828202462,44,25,19.355236149567805,0.21623873965829052
power,PL,2.0333177828202462,44,25,19.605996073418613,0.20767808162749332
power,PL,2.0333177828202462,44,25,19.855971980449656,0.20306896070892846
power,PL,2.0333177828202462,44,25,20.106635831090703,0.197501154205699
power,PL,2.0333177828202462,44,25,20.35857305190006,0.1918436630677428
power,PL,2.0333177828202462,44,25,20.610988701236806,0.1881213492288041
power,PL,2.0333177828202462,44,25,20.862646236697852,0.18456645501062247
power,PL,2.0333177828202462,44,25,21.11314497992686,0.18032268534943063
power,PL,2.0333177828202462,44,25,21.36464071217916,0.1744709019232089
power,PL,2.0333177828202462,44,25,21.617216570183352,0.17176160947661354
power,PL,2.0333177828202462,44,25,21.867907000228907,0.1669949852236228
power,PL,2.0333177828202462,44,25,22.118380934686936,0.16371665036686664
power,PL,2.0333177828202462,44,25,22.369760043372604,0.15959465231274003
power,PL,2.0333177828202462,44,25,22.622182780751523,0.15625052557139008
power,PL,2.0333177828202462,44,25,22.874179927983825,0.1528427252363808
power,PL,2.0333177828202462,44,25,23.124905045653037,0.14933097011342145
power,PL,2.0333177828202462,44,25,23.376218733652543,0.1452075846081593
power,PL,2.0333177828202462,44,25,23.62677019857868,0.14214211011664726
power,PL,2.0333177828202462,44,25,23.87663985612261,0.13964303945503517
power,PL,2.0333177828202462,44,25,24.12683364571325,0.13759900472037329
power,PL,2.0333177828202462,44,25,24.37875191845385,0.13504977664683385
power,PL,2.0333177828202462,44,25,24.63247310093604,0.13243410968999958
power,PL,2.0333177828202462,44,25,24.884090136607472,0.12891582712530839
power,PL,2.0333177828202462,44,25,25.1346414659627,0.12596860732235085
power,PL,2.0333177828202462,44,25,25.385845831243543,0.12304340715980648
power,PL,2.0333177828202462,44,25,25.637585208635205,0.12172941845255815
power,PL,2.0333177828202462,44,25,25.88948668125444,0.11793547112781536
power,PL,2.0333177828202462,44,25,26.139069033235916,0.11686205270625255
power,PL,2.0333177828202462,44,25,26.390547380112228,0.11294430398057972
power,PL,2.0333177828202462,44,25,26.64300560904685,0.11005857103755869
power,PL,2.0333177828202462,44,25,26.89360701301547,0.10925512962785422
power,PL,2.0333177828202462,44,25,27.14431675423385,0.10729357625143139
power,PL,2.0333177828202462,44,25,27.396541256600635,0.10481972898902091
power,PL,2.0333177828202462,44,25,27.649003093917827,0.1029304294158488
power,PL,2.0333177828202462,44,25,27.89884103880582,0.10082752639240918
power,PL,2.0333177828202462,44,25,28.14922945105167,0.09877225855055846
power,PL,2.0333177828202462,44,25,28.400870907962133,0.09701048837135941
power,PL,2.0333177828202462,44,25,28.65300236168307,0.09529528484646219
power,PL,2.0333177828202462,44,25,28.90403695146484,0.09389667683138586
power,PL,2.0333177828202462,44,25,29.154865892880995,0.09163312602869639
power,PL,2.0333177828202462,44,25,29.40751703157385,0.09032310381221656
power,PL,2.0333177828202462,44,25,29.65873973701816,0.08791988571612112
power,PL,2.0333177828202462,44,25,29.90841703561923,0.08656320422465284
power,PL,2.0333177828202462,44,25,30.159540002722725,0.08531921737465581
power,PL,2.0333177828202462,44,25,30.411658195557067,0.08337694962835779
power,PL,2.0333177828202462,44,25,30.66356878913305,0.08187055117945513
power,PL,2.0333177828202462,44,25,30.914951782254548,0.08026390918142852
power,PL,2.0333177828202462,44,25,31.165975615952295,0.07910340536348305
power,PL,2.0333177828202462,44,25,31.418062734170597,0.07758727736917875
power,PL,2.0333177828202462,44,25,31.66963807569683,0.07619278885365587
power,PL,2.0333177828202462,44,25,31.919760603706283,0.07468042558743292
power,kp1,19.40664523021168,24,25,0.32072956064263475,3.5952842110582557
power,kp1,19.40664523021168,24,25,0.5606619683395725,0.8536536415312368
power,kp1,19.40664523021168,24,25,0.787700109846164,0.40080354604259155
power,kp1,19.40664523021168,24,25,1.0205350124370263,0.28303716249846467
power,kp1,19.40664523021168,24,25,1.2811623763405762,0.19952000168495318
power,kp1,19.40664523021168,24,25,1.5386083750512618,0.1246749229828118
power,kp1,19.40664523021168,24,25,1.7773229368951355,0.09781615203066497
power,kp1,19.40664523021168,24,25,2.016922174616909,0.07794237554772272
power,kp1,19.40664523021168,24,25,2.276370248265442,0.067104620496934
power,kp1,19.40664523021168,24,25,2.5367369097912875,0.051807631259687875
power,kp1,19.40664523021168,24,25,2.7799951337842748,0.045400860449790977
power,kp1,19.40664523021168,24,25,3.0232513459545807,0.036924232066489225
power,kp1,19.40664523021168,24,25,3.27850725349039,0.03234597844154804
power,kp1,19.40664523021168,24,25,3.5320903813324764,0.026856814993337634
power,kp1,19.40664523021168,24,25,3.7740842065088223,0.025084801994348944
power,kp1,19.40664523021168,24,25,4.0223998293999035,0.02192119049806774
power,kp1,19.40664523021168,24,25,4.280552523081682,0.02005112264028177
power,kp1,19.40664523021168,24,25,4.537090733730488,0.01689286818412776
power,kp1,19.40664523021168,24,25,4.784354808644596,0.015580173859559295
power,kp1,19.40664523021168,24,25,5.031213959107016,0.013998219217415732
power,kp1,19.40664523021168,24,25,5.285957311443282,0.012749742311547312
power,kp1,19.40664523021168,24,25,5.538249178821105,0.011999045215622136
power,kp1,19.40664523021168,24,25,5.785985141724235,0.010575043928136286
power,kp1,19.40664523021168,24,25,6.034136131752394,0.010095573497118928
power,kp1,19.40664523021168,24,25,6.286911813219537,0.008936254510587592
power,kp1,19.40664523021168,24,25,6.54166682420824,0.0083589892189701
power,kp1,19.40664523021168,24,25,6.793019941028072,0.008079948022282962
power,kp1,19.40664523021168,24,25,7.044049470420791,0.007522163412758477
power,kp1,19.40664523021168,24,25,7.295989038663275,0.007118352310070944
power,kp1,19.40664523021168,24,25,7.546022875800913,0.006661199091272079
power,kp1,19.40664523021168,24,25,7.796320632595667,0.006234689257931535
power,kp1,19.40664523021168,24,25,8.04569565437213,0.0057194801572635805
power,kp1,19.40664523021168,24,25,8.295810539385062,0.005519598503476549
power,kp1,19.40664523021168,24,25,8.549551313965676,0.005201911958111927
power,kp1,19.40664523021168,24,25,8.801317467211248,0.0049684760333648945
power,kp1,19.40664523021168,24,25,9.051715364342233,0.0047369079382967175
power,kp1,19.40664523021168,24,25,9.303933965686708,0.004530441813944246
power,kp1,19.40664523021168,24,25,9.555557996267446,0.0042366513405798925
power,kp1,19.40664523021168,24,25,9.80486850979469,0.004046856905349343
power,kp1,19.40664523021168,24,25,10.054942567415612,0.003918844799094765
power,kp1,19.40664523021168,24,25,10.308274496268336,0.003675888762090839
power,kp1,19.40664523021168,24,25,10.560810068695892,0.003520919425502687
power,kp1,19.40664523021168,24,25,10.811584699358507,0.00336074604709183
power,kp1,19.40664523021168,24,25,11.062453457041169,0.003200969957253942
power,kp1,19.40664523021168,24,25,11.314786957671013,0.0030869689634605946
power,kp1,19.40664523021168,24,25,11.565937880035426,0.002987911378790465
power,kp1,19.40664523021168,24,25,11.814085010948824,0.0028160963269259257
power,kp1,19.40664523021168,24,25,12.064293330625782,0.002757296161552437
power,kp1,19.40664523021168,24,25,12.317521238569554,0.002613837939498387
power,kp1,19.40664523021168,24,25,12.571032385248238,0.00257733449038408
power,kp1,19.40664523021168,24,25,12.821843069043268,0.0024818185509002514
power,kp1,19.40664523021168,24,25,13.072502986326512,0.0023795285479663413
power,kp1,19.40664523021168,24,25,13.324942706400424,0.0023211727135433093
power,kp1,19.40664523021168,24,25,13.576176707479814,0.002244160409062202
power,kp1,19.40664523021168,24,25,13.82555646698322,0.0021809292727812475
power,kp1,19.40664523021168,24,25,14.075222265910044,0.002063218532605281
power,kp1,19.40664523021168,24,25,14.32811852917941,0.0020210229163600177
power,kp1,19.40664523021168,24,25,14.580461685752585,0.0019502984619694684
power,kp1,19.40664523021168,24,25,14.830552404971625,0.0018863230889288353
power,kp1,19.40664523021168,24,25,15.08215309851155,0.001828736133592642
power,kp1,19.40664523021168,24,25,15.334342820333537,0.0017725127817560045
power,kp1,19.40664523021168,24,25,15.5860439155924,0.0017258078258944366
power,kp1,19.40664523021168,24,25,15.835068837290374,0.0016727408457020267
power,kp1,19.40664523021168,24,25,16.08449366682584,0.0016274307538414472
power,kp1,19.40664523021168,24,25,16.338138266722677,0.0015827266364155648
power,kp1,19.40664523021168,24,25,16.590773181146194,0.0015455266769337653
power,kp1,19.40664523021168,24,25,16.842164585753792,0.0014837560503529236
power,kp1,19.40664523021168,24,25,17.093141526529084,0.0014538049878646546
power,kp1,19.40664523021168,24,25,17.344842926726773,0.001423337116284343
power,kp1,19.40664523021168,24,25,17.59671504894166,0.0013892105947750336
power,kp1,19.40664523021168,24,25,17.84592583282211,0.001342036234566858
power,kp1,19.40664523021168,24,25,18.096741808972432,0.0013177947682269247
power,kp1,19.40664523021168,24,25,18.348607136620142,0.0012965182364928934
power,kp1,19.40664523021168,24,25,18.60101336990868,0.0012601581784594405
power,kp1,19.40664523021168,24,25,18.852551541782248,0.0012281711560354143
power,kp1,19.40664523021168,24,25,19.10320472609246,0.0011979261490231048
power,kp1,19.40664523021168,24,25,19.355236149567805,0.0011641601436730008
power,kp1,19.40664523021168,24,25,19.605996073418613,0.0011323679293928307
power,kp1,19.40664523021168,24,25,19.855971980449656,0.001122069389564259
power,kp1,19.40664523021168,24,25,20.106635831090703,0.001084990336889933
power,kp1,19.40664523021168,24,25,20.35857305190006,0.001065148802578934
power,kp1,19.40664523021168,24,25,20.610988701236806,0.0010463977067739863
power,kp1,19.40664523021168,24,25,20.862646236697852,0.001033425168447798
power,kp1,19.40664523021168,24,25,21.11314497992686,0.0010026814155171663
power,kp1,19.40664523021168,24,25,21.36464071217916,0.000988236878204233
power,kp1,19.40664523021168,24,25,21.617216570183352,0.0009617984187616805
power,kp1,19.40664523021168,24,25,21.867907000228907,0.0009389671443142212
power,kp1,19.40664523021168,24,25,22.118380934686936,0.000921993325074243
power,kp1,19.40664523021168,24,25,22.369760043372604,0.0009088632570641055
power,kp1,19.40664523021168,24,25,22.622182780751523,0.000895138103646297
power,kp1,19.40664523021168,24,25,22.874179927983825,0.0008801758443082673
power,kp1,19.40664523021168,24,25,23.124905045653037,0.0008631135366100935
power,kp1,19.40664523021168,24,25,23.376218733652543,0.0008398976752439153
power,kp1,19.40664523021168,24,25,23.62677019857868,0.0008272105903975613
power,kp1,19.40664523021168,24,25,23.87663985612261,0.0008070490381711764
power,kp1,19.40664523021168,24,25,24.12683364571325,0.0007952852388207399
power,kp1,19.40664523021168,24,25,24.37875191845385,0.0007740489689329349
power,kp1,19.40664523021168,24,25,24.63247310093604,0.0007714832388554332
power,kp1,19.40664523021168,24,25,24.884090136607472,0.0007547929742485798
power,kp1,19.40664523021168,24,25,25.1346414659627,0.0007362005444576083
power,kp1,19.40664523021168,24,25,25.385845831243543,0.000724993038552666
power,kp1,19.40664523021168,24,25,25.637585208635205,0.0007144809533201725
power,kp1,19.40664523021168,24,25,25.88948668125444,0.0007066175355823911
power,kp1,19.40664523021168,24,25,26.139069033235916,0.0006929077272855671
power,kp1,19.40664523021168,24,25,26.390547380112228,0.0006794911252926334
power,kp1,19.40664523021168,24,25,26.64300560904685,0.000665170904779545
power,kp1,19.40664523021168,24,25,26.89360701301547,0.0006593257141667975
power,kp1,19.40664523021168,24,25,27.14431675423385,0.0006537625174034034
power,kp1,19.40664523021168,24,25,27.396541256600635,0.0006413011109023636
power,kp1,19.40664523021168,24,25,27.649003093917827,0.0006290483693973293
power,kp1,19.40664523021168,24,25,27.89884103880582,0.0006197325192075213
power,kp1,19.40664523021168,24,25,28.14922945105167,0.0006093976005210864
power,kp1,19.40664523021168,24,25,28.400870907962133,0.0006009768375214722
power,kp1,19.40664523021168,24,25,28.65300236168307,0.0005902369604485451
power,kp1,19.40664523021168,24,25,28.90403695146484,0.0005857367615678492
power,kp1,19.40664523021168,24,25,29.154865892880995,0.0005762255610987945
power,kp1,19.40664523021168,24,25,29.40751703157385,0.0005664289105384398
power,kp1,19.40664523021168,24,25,29.65873973701816,0.0005560424395437716
power,kp1,19.40664523021168,24,25,29.90841703561923,0.0005504134482210422
power,kp1,19.40664523021168,24,25,30.159540002722725,0.0005415182631499085
power,kp1,19.40664523021168,24,25,30.411658195557067,0.0005351321062598941
power,kp1,19.40664523021168,24,25,30.66356878913305,0.0005256516297565177
power,kp1,19.40664523021168,24,25,30.914951782254548,0.0005195656367998259
power,kp1,19.40664523021168,24,25,31.165975615952295,0.0005112654897344005
power,kp1,19.40664523021168,24,25,31.418062734170597,0.0005035286833000557
power,kp1,19.40664523021168,24,25,31.66963807569683,0.0004980145885179503
power,kp1,19.40664523021168,24,25,31.919760603706283,0.000491256238877109
power,kp1,14.331814598205613,27,25,0.32072956064263475,6.286692275813372
power,kp1,14.331814598205613,27,25,0.5606619683395725,1.5162912941079778
power,kp1,14.331814598205613,27,25,0.787700109846164,0.7166899283105322
power,kp1,14.331814598205613,27,25,1.0205350124370263,0.5051773166791022
power,kp1,14.331814598205613,27,25,1.2811623763405762,0.3576294415372465
power,kp1,14.331814598205613,27,25,1.5386083750512618,0.22450954350414767
power,kp1,14.331814598205613,27,25,1.7773229368951355,0.17625384007654019
power,kp1,14.331814598205613,27,25,2.016922174616909,0.1435653397319958
power,kp1,14.331814598205613,27,25,2.276370248265442,0.12191396762704325
power,kp1,14.331814598205613,27,25,2.5367369097912875,0.09287925494069608
power,kp1,14.331814598205613,27,25,2.7799951337842748,0.08394308268392865
power,kp1,14.331814598205613,27,25,3.0232513459545807,0.06870468811035085
power,kp1,14.331814598205613,27,25,3.27850725349039,0.059345957438647914
power,kp1,14.331814598205613,27,25,3.5320903813324764,0.04986293440373216
power,kp1,14.331814598205613,27,25,3.7740842065088223,0.04599434273693281
power,kp1,14.331814598205613,27,25,4.0223998293999035,0.040724400319526226
power,kp1,14.331814598205613,27,25,4.280552523081682,0.03801324245848538
power,kp1,14.331814598205613,27,25,4.537090733730488,0.03186652310398919
power,kp1,14.331814598205613,27,25,4.784354808644596,0.02941803300609467
power,kp1,14.331814598205613,27,25,5.031213959107016,0.026509429869237513
power,kp1,14.331814598205613,27,25,5.285957311443282,0.024214769874932485
power,kp1,14.331814598205613,27,25,5.538249178821105,0.022692211612839533
power,kp1,14.331814598205613,27,25,5.785985141724235,0.02052589556494817
power,kp1,14.331814598205613,27,25,6.034136131752394,0.019489218671441027
power,kp1,14.331814598205613,27,25,6.286911813219537,0.017338802954574583
power,kp1,14.331814598205613,27,25,6.54166682420824,0.01615251067447861
power,kp1,14.331814598205613,27,25,6.793019941028072,0.015685769476403114
power,kp1,14.331814598205613,27,25,7.044049470420791,0.014693182055246792
power,kp1,14.331814598205613,27,25,7.295989038663275,0.013861963520522155
power,kp1,14.331814598205613,27,25,7.546022875800913,0.013064332911390983
power,kp1,14.331814598205613,27,25,7.796320632595667,0.012362896971906791
power,kp1,14.331814598205613,27,25,8.04569565437213,0.011436038203796182
power,kp1,14.331814598205613,27,25,8.295810539385062,0.011000020817905048
power,kp1,14.331814598205613,27,25,8.549551313965676,0.010557733439304691
power,kp1,14.331814598205613,27,25,8.801317467211248,0.009951449327090488
power,kp1,14.331814598205613,27,25,9.051715364342233,0.00947986658811138
power,kp1,14.331814598205613,27,25,9.303933965686708,0.009183415341635567
power,kp1,14.331814598205613,27,25,9.555557996267446,0.0087155342764752
power,kp1,14.331814598205613,27,25,9.80486850979469,0.008185061967393922
power,kp1,14.331814598205613,27,25,10.054942567415612,0.00795391361214243
power,kp1,14.331814598205613,27,25,10.308274496268336,0.007557289277922643
power,kp1,14.331814598205613,27,25,10.560810068695892,0.007282735898938827
power,kp1,14.331814598205613,27,25,10.811584699358507,0.007031050640371347
power,kp1,14.331814598205613,27,25,11.062453457041169,0.006707769276551568
power,kp1,14.331814598205613,27,25,11.314786957671013,0.006508150530886441
power,kp1,14.331814598205613,27,25,11.565937880035426,0.0062235996317684655
power,kp1,14.331814598205613,27,25,11.814085010948824,0.005956716955128296
power,kp1,14.331814598205613,27,25,12.064293330625782,0.005765272999997263
power,kp1,14.331814598205613,27,25,12.317521238569554,0.005583750489382528
power,kp1,14.331814598205613,27,25,12.571032385248238,0.0055067163042636915
power,kp1,14.331814598205613,27,25,12.821843069043268,0.0052774589791411905
power,kp1,14.331814598205613,27,25,13.072502986326512,0.005038851022603128
power,kp1,14.331814598205613,27,25,13.324942706400424,0.004955643388675618
power,kp1,14.331814598205613,27,25,13.576176707479814,0.004840491661705048
power,kp1,14.331814598205613,27,25,13.82555646698322,0.004693827126738169
power,kp1,14.331814598205613,27,25,14.075222265910044,0.004508518101117388
power,kp1,14.331814598205613,27,25,14.32811852917941,0.00439205408388266
power,kp1,14.331814598205613,27,25,14.580461685752585,0.004286973210613452
power,kp1,14.331814598205613,27,25,14.830552404971625,0.00418616892620479
power,kp1,14.331814598205613,27,25,15.08215309851155,0.004026528049241195
power,kp1,14.331814598205613,27,25,15.334342820333537,0.003953511867349429
power,kp1,14.331814598205613,27,25,15.5860439155924,0.003808701844350726
power,kp1,14.331814598205613,27,25,15.835068837290374,0.0037389039191085644
power,kp1,14.331814598205613,27,25,16.08449366682584,0.003649414175640714
power,kp1,14.331814598205613,27,25,16.338138266722677,0.0035582197439568966
power,kp1,14.331814598205613,27,25,16.590773181146194,0.0034581304767663185
power,kp1,14.331814598205613,27,25,16.842164585753792,0.003374379242960749
power,kp1,14.331814598205613,27,25,17.093141526529084,0.003300091862003639
power,kp1,14.331814598205613,27,25,17.344842926726773,0.0032142014171401803
power,kp1,14.331814598205613,27,25,17.59671504894166,0.0031460295523155065
power,kp1,14.331814598205613,27,25,17.84592583282211,0.0030806064163088195
power,kp1,14.331814598205613,27,25,18.096741808972432,0.003018424731295473
power,kp1,14.331814598205613,27,25,18.348607136620142,0.002988805842739689
power,kp1,14.331814598205613,27,25,18.60101336990868,0.0029248173753444896
power,kp1,14.331814598205613,27,25,18.852551541782248,0.0028439583353087336
power,kp1,14.331814598205613,27,25,19.10320472609246,0.002810436679794653
power,kp1,14.331814598205613,27,25,19.355236149567805,0.0026991302584917845
power,kp1,14.331814598205613,27,25,19.605996073418613,0.0026345307166972622
power,kp1,14.331814598205613,27,25,19.855971980449656,0.0026072239552021787
power,kp1,14.331814598205613,27,25,20.106635831090703,0.002576590066431156
power,kp1,14.331814598205613,27,25,20.35857305190006,0.002509124548783689
power,kp1,14.331814598205613,27,25,20.610988701236806,0.002469239517045518
power,kp1,14.331814598205613,27,25,20.862646236697852,0.0024218637255680095
power,kp1,14.331814598205613,27,25,21.11314497992686,0.002373276778276365
power,kp1,14.331814598205613,27,25,21.36464071217916,0.0023522592956765685
power,kp1,14.331814598205613,27,25,21.617216570183352,0.0022993712988759163
power,kp1,14.331814598205613,27,25,21.867907000228907,0.0022651064205761852
power,kp1,14.331814598205613,27,25,22.118380934686936,0.0022105477481370846
power,kp1,14.331814598205613,27,25,22.369760043372604,0.0021932667852735364
power,kp1,14.331814598205613,27,25,22.622182780751523,0.0021578689876695927
power,kp1,14.331814598205613,27,25,22.874179927983825,0.002118197776249758
power,kp1,14.331814598205613,27,25,23.124905045653037,0.002085756867742155
power,kp1,14.331814598205613,27,25,23.376218733652543,0.002076751094450586
power,kp1,14.331814598205613,27,25,23.62677019857868,0.0020117786278989673
power,kp1,14.331814598205613,27,25,23.87663985612261,0.001975026402952808
power,kp1,14.331814598205613,27,25,24.12683364571325,0.0019563905192624465
power,kp1,14.331814598205613,27,25,24.37875191845385,0.0019124891814902435
power,kp1,14.331814598205613,27,25,24.63247310093604,0.0019068570114819288
power,kp1,14.331814598205613,27,25,24.884090136607472,0.0018724909775124912
power,kp1,14.331814598205613,27,25,25.1346414659627,0.0018325338911258946
power,kp1,14.331814598205613,27,25,25.385845831243543,0.00181761056678009
power,kp1,14.331814598205613,27,25,25.637585208635205,0.0017871568669029648
power,kp1,14.331814598205613,27,25,25.88948668125444,0.001771317705853804
power,kp1,14.331814598205613,27,25,26.139069033235916,0.0017434187678784558
power,kp1,14.331814598205613,27,25,26.390547380112228,0.001713065559625908
power,kp1,14.331814598205613,27,25,26.64300560904685,0.0016919008909483872
power,kp1,14.331814598205613,27,25,26.89360701301547,0.0016610389576200547
power,kp1,14.331814598205613,27,25,27.14431675423385,0.0016420491399739528
power,kp1,14.331814598205613,27,25,27.396541256600635,0.0016323538578089222
power,kp1,14.331814598205613,27,25,27.649003093917827,0.0016087689905719372
power,kp1,14.331814598205613,27,25,27.89884103880582,0.001587360148503596
power,kp1,14.331814598205613,27,25,28.14922945105167,0.001566137783747594
power,kp1,14.331814598205613,27,25,28.400870907962133,0.0015423021422143464
power,kp1,14.331814598205613,27,25,28.65300236168307,0.0015258125455613857
power,kp1,14.331814598205613,27,25,28.90403695146484,0.0015128885094286982
power,kp1,14.331814598205613,27,25,29.154865892880995,0.0014859217640759907
power,kp1,14.331814598205613,27,25,29.40751703157385,0.0014661933036106624
power,kp1,14.331814598205613,27,25,29.65873973701816,0.0014531348677028293
power,kp1,14.331814598205613,27,25,29.90841703561923,0.0014301815862703272
power,kp1,14.331814598205613,27,25,30.159540002722725,0.0014154811662051982
power,kp1,14.331814598205613,27,25,30.411658195557067,0.0013987708781960457
power,kp1,14.331814598205613,27,25,30.66356878913305,0.0013780962607387057
power,kp1,14.331814598205613,27,25,30.914951782254548,0.001369138040978304
power,kp1,14.331814598205613,27,25,31.165975615952295,0.0013450024251679931
power,kp1,14.331814598205613,27,25,31.418062734170597,0.001331413804169104
power,kp1,14.331814598205613,27,25,31.66963807569683,0.0013246259711960596
power,kp1,14.331814598205613,27,25,31.919760603706283,0.0013125650411910355
power,kp1,10.51901923231075,30,25,0.32072956064263475,10.942004849194452
power,kp1,10.51901923231075,30,25,0.5606619683395725,2.6992793724520756
power,kp1,10.51901923231075,30,25,0.787700109846164,1.2880277158095519
power,kp1,10.51901923231075,30,25,1.0205350124370263,0.9052009393719744
power,kp1,10.51901923231075,30,25,1.2811623763405762,0.6459252233389975
power,kp1,10.51901923231075,30,25,1.5386083750512618,0.40801499467135544
power,kp1,10.51901923231075,30,25,1.7773229368951355,0.3220548586200174
power,kp1,10.51901923231075,30,25,2.016922174616909,0.2689581257018968
power,kp1,10.51901923231075,30,25,2.276370248265442,0.2243653610888048
power,kp1,10.51901923231075,30,25,2.5367369097912875,0.16962626954537308
power,kp1,10.51901923231075,30,25,2.7799951337842748,0.15752250924617975
power,kp1,10.51901923231075,30,25,3.0232513459545807,0.1320007801739107
power,kp1,10.51901923231075,30,25,3.27850725349039,0.11151359620143005
power,kp1,10.51901923231075,30,25,3.5320903813324764,0.09543574437985188
power,kp1,10.51901923231075,30,25,3.7740842065088223,0.08744906867936454
power,kp1,10.51901923231075,30,25,4.0223998293999035,0.07722778964121658
power,kp1,10.51901923231075,30,25,4.280552523081682,0.07442078842141063
power,kp1,10.51901923231075,30,25,4.537090733730488,0.06253674348150985
power,kp1,10.51901923231075,30,25,4.784354808644596,0.05757758093353068
power,kp1,10.51901923231075,30,25,5.031213959107016,0.052770513859279604
power,kp1,10.51901923231075,30,25,5.285957311443282,0.04823625608079068
power,kp1,10.51901923231075,30,25,5.538249178821105,0.044865803069819916
power,kp1,10.51901923231075,30,25,5.785985141724235,0.041525540505965075
power,kp1,10.51901923231075,30,25,6.034136131752394,0.03909232294863125
power,kp1,10.51901923231075,30,25,6.286911813219537,0.03573242188829879
power,kp1,10.51901923231075,30,25,6.54166682420824,0.033339852098769565
power,kp1,10.51901923231075,30,25,6.793019941028072,0.03216576926926909
power,kp1,10.51901923231075,30,25,7.044049470420791,0.03031420989066446
power,kp1,10.51901923231075,30,25,7.295989038663275,0.028370191159792984
power,kp1,10.51901923231075,30,25,7.546022875800913,0.02729639217763945
power,kp1,10.51901923231075,30,25,7.796320632595667,0.02582677051170248
power,kp1,10.51901923231075,30,25,8.04569565437213,0.024460731922081463
power,kp1,10.51901923231075,30,25,8.295810539385062,0.023353773732018822
power,kp1,10.51901923231075,30,25,8.549551313965676,0.022817620770734823
power,kp1,10.51901923231075,30,25,8.801317467211248,0.02135519790121547
power,kp1,10.51901923231075,30,25,9.051715364342233,0.02027796346262805
power,kp1,10.51901923231075,30,25,9.303933965686708,0.019935950822511008
power,kp1,10.51901923231075,30,25,9.555557996267446,0.01888575655375433
power,kp1,10.51901923231075,30,25,9.80486850979469,0.018090422910040684
power,kp1,10.51901923231075,30,25,10.054942567415612,0.0174326655113449
power,kp1,10.51901923231075,30,25,10.308274496268336,0.016703808210188506
power,kp1,10.51901923231075,30,25,10.560810068695892,0.016149687830126158
power,kp1,10.51901923231075,30,25,10.811584699358507,0.01567164031306036
power,kp1,10.51901923231075,30,25,11.062453457041169,0.015433521765472639
power,kp1,10.51901923231075,30,25,11.314786957671013,0.014871385101646723
power,kp1,10.51901923231075,30,25,11.565937880035426,0.013950359689503316
power,kp1,10.51901923231075,30,25,11.814085010948824,0.01371958755794635
power,kp1,10.51901923231075,30,25,12.064293330625782,0.013390817469870569
power,kp1,10.51901923231075,30,25,12.317521238569554,0.013030986607007699
power,kp1,10.51901923231075,30,25,12.571032385248238,0.012609514755229843
power,kp1,10.51901923231075,30,25,12.821843069043268,0.012315906945663726
power,kp1,10.51901923231075,30,25,13.072502986326512,0.011791210969263301
power,kp1,10.51901923231075,30,25,13.324942706400424,0.011445806847198037
power,kp1,10.51901923231075,30,25,13.576176707479814,0.011272199025773633
power,kp1,10.51901923231075,30,25,13.82555646698322,0.011098054592336936
power,kp1,10.51901923231075,30,25,14.075222265910044,0.010802573295912768
power,kp1,10.51901923231075,30,25,14.32811852917941,0.01049990215758834
power,kp1,10.51901923231075,30,25,14.580461685752585,0.0102850798619465
power,kp1,10.51901923231075,30,25,14.830552404971625,0.0099790032816083
power,kp1,10.51901923231075,30,25,15.08215309851155,0.009782301774545954
power,kp1,10.51901923231075,30,25,15.334342820333537,0.009509694785050782
power,kp1,10.51901923231075,30,25,15.5860439155924,0.009434328303964455
power,kp1,10.51901923231075,30,25,15.835068837290374,0.00915122912075544
power,kp1,10.51901923231075,30,25,16.08449366682584,0.008952823993622811
power,kp1,10.51901923231075,30,25,16.338138266722677,0.00875950536552987
power,kp1,10.51901923231075,30,25,16.590773181146194,0.008668483361836775
power,kp1,10.51901923231075,30,25,16.842164585753792,0.008409647343622349
power,kp1,10.51901923231075,30,25,17.093141526529084,0.008339340538858632
power,kp1,10.51901923231075,30,25,17.344842926726773,0.00814104710286533
power,kp1,10.51901923231075,30,25,17.59671504894166,0.007958280772231919
power,kp1,10.51901923231075,30,25,17.84592583282211,0.007834944879582598
power,kp1,10.51901923231075,30,25,18.096741808972432,0.007655185281829592
power,kp1,10.51901923231075,30,25,18.348607136620142,0.007465053033984448
power,kp1,10.51901923231075,30,25,18.60101336990868,0.0073756269521491665
power,kp1,10.51901923231075,30,25,18.852551541782248,0.007316041566763114
power,kp1,10.51901923231075,30,25,19.10320472609246,0.007197306139089698
power,kp1,10.51901923231075,30,25,19.355236149567805,0.007060860946604498
power,kp1,10.51901923231075,30,25,19.605996073418613,0.006870384951906966
power,kp1,10.51901923231075,30,25,19.855971980449656,0.0067762457569680926
power,kp1,10.51901923231075,30,25,20.106635831090703,0.006728563405551056
power,kp1,10.51901923231075,30,25,20.35857305190006,0.006565957509134027
power,kp1,10.51901923231075,30,25,20.610988701236806,0.006498971344363435
power,kp1,10.51901923231075,30,25,20.862646236697852,0.006336889055462339
power,kp1,10.51901923231075,30,25,21.11314497992686,0.006245855783066394
power,kp1,10.51901923231075,30,25,21.36464071217916,0.006227587014590552
power,kp1,10.51901923231075,30,25,21.617216570183352,0.006098129101365578
power,kp1,10.51901923231075,30,25,21.867907000228907,0.005994370965238318
power,kp1,10.51901923231075,30,25,22.118380934686936,0.005888774996932461
power,kp1,10.51901923231075,30,25,22.369760043372604,0.00580888132319715
power,kp1,10.51901923231075,30,25,22.622182780751523,0.005743135343639512
power,kp1,10.51901923231075,30,25,22.874179927983825,0.005645895662861624
power,kp1,10.51901923231075,30,25,23.124905045653037,0.005587801083628287
power,kp1,10.51901923231075,30,25,23.376218733652543,0.005518296536112345
power,kp1,10.51901923231075,30,25,23.62677019857868,0.005399106236333389
power,kp1,10.51901923231075,30,25,23.87663985612261,0.00538503778641739
power,kp1,10.51901923231075,30,25,24.12683364571325,0.005307656342692709
power,kp1,10.51901923231075,30,25,24.37875191845385,0.005259753260686462
power,kp1,10.51901923231075,30,25,24.63247310093604,0.005166786781946537
power,kp1,10.51901923231075,30,25,24.884090136607472,0.005072863246522231
power,kp1,10.51901923231075,30,25,25.1346414659627,0.0049736828669068546
power,kp1,10.51901923231075,30,25,25.385845831243543,0.004969776678781905
power,kp1,10.51901923231075,30,25,25.637585208635205,0.004872139585590434
power,kp1,10.51901923231075,30,25,25.88948668125444,0.004856704708321756
power,kp1,10.51901923231075,30,25,26.139069033235916,0.004780324507424014
power,kp1,10.51901923231075,30,25,26.390547380112228,0.004749942283972781
power,kp1,10.51901923231075,30,25,26.64300560904685,0.00469340621158184
power,kp1,10.51901923231075,30,25,26.89360701301547,0.0045986135279793856
power,kp1,10.51901923231075,30,25,27.14431675423385,0.004551114781822798
power,kp1,10.51901923231075,30,25,27.396541256600635,0.00450556505056935
power,kp1,10.51901923231075,30,25,27.649003093917827,0.004454539438329167
power,kp1,10.51901923231075,30,25,27.89884103880582,0.004435173964477093
power,kp1,10.51901923231075,30,25,28.14922945105167,0.004373348813522156
power,kp1,10.51901923231075,30,25,28.400870907962133,0.004316018936061265
power,kp1,10.51901923231075,30,25,28.65300236168307,0.004280510747212969
power,kp1,10.51901923231075,30,25,28.90403695146484,0.004234479234130394
power,kp1,10.51901923231075,30,25,29.154865892880995,0.004186135168158448
power,kp1,10.51901923231075,30,25,29.40751703157385,0.00414490410051047
power,kp1,10.51901923231075,30,25,29.65873973701816,0.004093210560098997
power,kp1,10.51901923231075,30,25,29.90841703561923,0.004037829972937764
power,kp1,10.51901923231075,30,25,30.159540002722725,0.004002068107835389
power,kp1,10.51901923231075,30,25,30.411658195557067,0.003951942835121551
power,kp1,10.51901923231075,30,25,30.66356878913305,0.0038917961521597834
power,kp1,10.51901923231075,30,25,30.914951782254548,0.003864134568562446
power,kp1,10.51901923231075,30,25,31.165975615952295,0.0038319021925431887
power,kp1,10.51901923231075,30,25,31.418062734170597,0.0037835004842128434
power,kp1,10.51901923231075,30,25,31.66963807569683,0.0037416686099076826
power,kp1,10.51901923231075,30,25,31.919760603706283,0.003701843718208327
power,kp1,2.0333177828202462,44,25,0.32072956064263475,125.08232277240307
power,kp1,2.0333177828202462,44,25,0.5606619683395725,41.00837917063289
power,kp1,2.0333177828202462,44,25,0.787700109846164,21.67462569020418
power,kp1,2.0333177828202462,44,25,1.0205350124370263,15.70685148869365
power,kp1,2.0333177828202462,44,25,1.2811623763405762,12.551659459187526
power,kp1,2.0333177828202462,44,25,1.5386083750512618,8.471157813400952
power,kp1,2.0333177828202462,44,25,1.7773229368951355,7.661394369395965
power,kp1,2.0333177828202462,44,25,2.016922174616909,6.505682901193718
power,kp1,2.0333177828202462,44,25,2.276370248265442,5.780748875582945
power,kp1,2.0333177828202462,44,25,2.5367369097912875,5.087347204695753
power,kp1,2.0333177828202462,44,25,2.7799951337842748,4.61113738639793
power,kp1,2.0333177828202462,44,25,3.0232513459545807,4.224143128134816
power,kp1,2.0333177828202462,44,25,3.27850725349039,3.7526103310757404
power,kp1,2.0333177828202462,44,25,3.5320903813324764,3.5902716299673076
power,kp1,2.0333177828202462,44,25,3.7740842065088223,3.336839828522957
power,kp1,2.0333177828202462,44,25,4.0223998293999035,2.9788998873363797
power,kp1,2.0333177828202462,44,25,4.280552523081682,2.8838612022728674
power,kp1,2.0333177828202462,44,25,4.537090733730488,2.706200235078639
power,kp1,2.0333177828202462,44,25,4.784354808644596,2.571935331057849
power,kp1,2.0333177828202462,44,25,5.031213959107016,2.423429528504977
power,kp1,2.0333177828202462,44,25,5.285957311443282,2.3216748692172837
power,kp1,2.0333177828202462,44,25,5.538249178821105,2.17473403432826
power,kp1,2.0333177828202462,44,25,5.785985141724235,2.0827120421775698
power,kp1,2.0333177828202462,44,25,6.034136131752394,1.990876259413359
power,kp1,2.0333177828202462,44,25,6.286911813219537,1.8457076696063088
power,kp1,2.0333177828202462,44,25,6.54166682420824,1.7786090840207798
power,kp1,2.0333177828202462,44,25,6.793019941028072,1.6610340836749173
power,kp1,2.0333177828202462,44,25,7.044049470420791,1.5957162018604816
power,kp1,2.0333177828202462,44,25,7.295989038663275,1.5336750006601743
power,kp1,2.0333177828202462,44,25,7.546022875800913,1.4943417371920353
power,kp1,2.0333177828202462,44,25,7.796320632595667,1.409917060500331
power,kp1,2.0333177828202462,44,25,8.04569565437213,1.3988339784292747
power,kp1,2.0333177828202462,44,25,8.295810539385062,1.3041575981078797
power,kp1,2.0333177828202462,44,25,8.549551313965676,1.2671195206435009
power,kp1,2.0333177828202462,44,25,8.801317467211248,1.232312399723504
power,kp1,2.0333177828202462,44,25,9.051715364342233,1.1872223487370923
power,kp1,2.0333177828202462,44,25,9.303933965686708,1.157831039663992
power,kp1,2.0333177828202462,44,25,9.555557996267446,1.090885278807282
power,kp1,2.0333177828202462,44,25,9.80486850979469,1.066964430209652
power,kp1,2.0333177828202462,44,25,10.054942567415612,1.0244252153966522
power,kp1,2.0333177828202462,44,25,10.308274496268336,0.9923351244358392
power,kp1,2.0333177828202462,44,25,10.560810068695892,0.9411954666478058
power,kp1,2.0333177828202462,44,25,10.811584699358507,0.912099103976856
power,kp1,2.0333177828202462,44,25,11.062453457041169,0.8660685601813182
power,kp1,2.0333177828202462,44,25,11.314786957671013,0.8246295550039956
power,kp1,2.0333177828202462,44,25,11.565937880035426,0.8063572063772796
power,kp1,2.0333177828202462,44,25,11.814085010948824,0.7868771257358221
power,kp1,2.0333177828202462,44,25,12.064293330625782,0.7528208637490343
power,kp1,2.0333177828202462,44,25,12.317521238569554,0.7334081911698541
power,kp1,2.0333177828202462,44,25,12.571032385248238,0.7001618383977123
power,kp1,2.0333177828202462,44,25,12.821843069043268,0.6786625250108829
power,kp1,2.0333177828202462,44,25,13.072502986326512,0.6533150383039574
power,kp1,2.0333177828202462,44,25,13.324942706400424,0.6273364004484622
power,kp1,2.0333177828202462,44,25,13.576176707479814,0.6154644950823501
power,kp1,2.0333177828202462,44,25,13.82555646698322,0.5940944210451344
power,kp1,2.0333177828202462,44,25,14.075222265910044,0.5863787324592947
power,kp1,2.0333177828202462,44,25,14.32811852917941,0.5638690158430092
power,kp1,2.0333177828202462,44,25,14.580461685752585,0.5490428917398535
power,kp1,2.0333177828202462,44,25,14.830552404971625,0.5338681001262153
power,kp1,2.0333177828202462,44,25,15.08215309851155,0.5091921371205301
power,kp1,2.0333177828202462,44,25,15.334342820333537,0.49592085371035
power,kp1,2.0333177828202462,44,25,15.5860439155924,0.4880899714702776
power,kp1,2.0333177828202462,44,25,15.835068837290374,0.4750404767110718
power,kp1,2.0333177828202462,44,25,16.08449366682584,0.4645897408187859
power,kp1,2.0333177828202462,44,25,16.338138266722677,0.44870350186097846
power,kp1,2.0333177828202462,44,25,16.590773181146194,0.43579220132085067
power,kp1,2.0333177828202462,44,25,16.842164585753792,0.428152884467977
power,kp1,2.0333177828202462,44,25,17.093141526529084,0.4121627165250135
power,kp1,2.0333177828202462,44,25,17.344842926726773,0.40311056671550877
power,kp1,2.0333177828202462,44,25,17.59671504894166,0.3900061698130112
power,kp1,2.0333177828202462,44,25,17.84592583282211,0.38307300925752413
power,kp1,2.0333177828202462,44,25,18.096741808972432,0.3781655361868271
power,kp1,2.0333177828202462,44,25,18.348607136620142,0.36161416431119664
power,kp1,2.0333177828202462,44,25,18.60101336990868,0.3550294230553263
power,kp1,2.0333177828202462,44,25,18.852551541782248,0.35074205934790686
power,kp1,2.0333177828202462,44,25,19.10320472609246,0.3404659858196674
power,kp1,2.0333177828202462,44,25,19.355236149567805,0.33287026889445653
power,kp1,2.0333177828202462,44,25,19.605996073418613,0.32225111388158195
power,kp1,2.0333177828202462,44,25,19.855971980449656,0.3164345385260108
power,kp1,2.0333177828202462,44,25,20.106635831090703,0.31055725809357265
power,kp1,2.0333177828202462,44,25,20.35857305190006,0.30326119455883743
power,kp1,2.0333177828202462,44,25,20.610988701236806,0.29497173040428654
power,kp1,2.0333177828202462,44,25,20.862646236697852,0.29103433003783996
power,kp1,2.0333177828202462,44,25,21.11314497992686,0.283924325685565
power,kp1,2.0333177828202462,44,25,21.36464071217916,0.27707469800386925
power,kp1,2.0333177828202462,44,25,21.617216570183352,0.2732033283234902
power,kp1,2.0333177828202462,44,25,21.867907000228907,0.2655975668150948
power,kp1,2.0333177828202462,44,25,22.118380934686936,0.25943508480333677
power,kp1,2.0333177828202462,44,25,22.369760043372604,0.25314310338177864
power,kp1,2.0333177828202462,44,25,22.622182780751523,0.24983436662025382
power,kp1,2.0333177828202462,44,25,22.874179927983825,0.24339196062557647
power,kp1,2.0333177828202462,44,25,23.124905045653037,0.2396302736541252
power,kp1,2.0333177828202462,44,25,23.376218733652543,0.23340255160903986
power,kp1,2.0333177828202462,44,25,23.62677019857868,0.22917700838254587
power,kp1,2.0333177828202462,44,25,23.87663985612261,0.2256037845714637
power,kp1,2.0333177828202462,44,25,24.12683364571325,0.2194495670999587
power,kp1,2.0333177828202462,44,25,24.37875191845385,0.2152327877861093
power,kp1,2.0333177828202462,44,25,24.63247310093604,0.2122925750929998
power,kp1,2.0333177828202462,44,25,24.884090136607472,0.20577281474803888
power,kp1,2.0333177828202462,44,25,25.1346414659627,0.2035918023969565
power,kp1,2.0333177828202462,44,25,25.385845831243543,0.1983844536288717
power,kp1,2.0333177828202462,44,25,25.637585208635205,0.19530343033247946
power,kp1,2.0333177828202462,44,25,25.88948668125444,0.19175980131158185
power,kp1,2.0333177828202462,44,25,26.139069033235916,0.18756017554671944
power,kp1,2.0333177828202462,44,25,26.390547380112228,0.18340873746398997
power,kp1,2.0333177828202462,44,25,26.64300560904685,0.18045137724457627
power,kp1,2.0333177828202462,44,25,26.89360701301547,0.17818455139791964
power,kp1,2.0333177828202462,44,25,27.14431675423385,0.17437255279178696
power,kp1,2.0333177828202462,44,25,27.396541256600635,0.17188662649055791
power,kp1,2.0333177828202462,44,25,27.649003093917827,0.16940783668432763
power,kp1,2.0333177828202462,44,25,27.89884103880582,0.16684635894830865
power,kp1,2.0333177828202462,44,25,28.14922945105167,0.16315923577189934
power,kp1,2.0333177828202462,44,25,28.400870907962133,0.16047512512885487
power,kp1,2.0333177828202462,44,25,28.65300236168307,0.1569628483672147
power,kp1,2.0333177828202462,44,25,28.90403695146484,0.15473726456999454
power,kp1,2.0333177828202462,44,25,29.154865892880995,0.15257397638222656
power,kp1,2.0333177828202462,44,25,29.40751703157385,0.15010571139819315
power,kp1,2.0333177828202462,44,25,29.65873973701816,0.14637365844232195
power,kp1,2.0333177828202462,44,25,29.90841703561923,0.14427264932475967
power,kp1,2.0333177828202462,44,25,30.159540002722725,0.14186611463979157
power,kp1,2.0333177828202462,44,25,30.411658195557067,0.13864272961046306
power,kp1,2.0333177828202462,44,25,30.66356878913305,0.13735571388312637
power,kp1,2.0333177828202462,44,25,30.914951782254548,0.1348780303834191
power,kp1,2.0333177828202462,44,25,31.165975615952295,0.13246582749811567
power,kp1,2.0333177828202462,44,25,31.418062734170597,0.13100167298229132
power,kp1,2.0333177828202462,44,25,31.66963807569683,0.1286910445873279
power,kp1,2.0333177828202462,44,25,31.919760603706283,0.12663553834423547
power,kp10,19.40664523021168,24,25,0.32072956064263475,3.5968751762282234
power,kp10,19.40664523021168,24,25,0.5606619683395725,0.854336989197595
power,kp10,19.40664523021168,24,25,0.787700109846164,0.4012474646416888
power,kp10,19.40664523021168,24,25,1.0205350124370263,0.2784803095780441
power,kp10,19.40664523021168,24,25,1.2811623763405762,0.17658853452542958
power,kp10,19.40664523021168,24,25,1.5386083750512618,0.10061829814588795
power,kp10,19.40664523021168,24,25,1.7773229368951355,0.07304042255622588
power,kp10,19.40664523021168,24,25,2.016922174616909,0.05461876169797423
power,kp10,19.40664523021168,24,25,2.276370248265442,0.043981502434326566
power,kp10,19.40664523021168,24,25,2.5367369097912875,0.03202546856518553
power,kp10,19.40664523021168,24,25,2.7799951337842748,0.026762346157659215
power,kp10,19.40664523021168,24,25,3.0232513459545807,0.02083451969864088
power,kp10,19.40664523021168,24,25,3.27850725349039,0.017460224469851487
power,kp10,19.40664523021168,24,25,3.5320903813324764,0.013961330208628326
power,kp10,19.40664523021168,24,25,3.7740842065088223,0.012568710823385731
power,kp10,19.40664523021168,24,25,4.0223998293999035,0.010612518998419551
power,kp10,19.40664523021168,24,25,4.280552523081682,0.00937576086130036
power,kp10,19.40664523021168,24,25,4.537090733730488,0.007652873795484059
power,kp10,19.40664523021168,24,25,4.784354808644596,0.006860597973273472
power,kp10,19.40664523021168,24,25,5.031213959107016,0.006005873717382151
power,kp10,19.40664523021168,24,25,5.285957311443282,0.005313126533327876
power,kp10,19.40664523021168,24,25,5.538249178821105,0.004866346711180152
power,kp10,19.40664523021168,24,25,5.785985141724235,0.00418174149684178
power,kp10,19.40664523021168,24,25,6.034136131752394,0.003900776673755299
power,kp10,19.40664523021168,24,25,6.286911813219537,0.003370882610164167
power,kp10,19.40664523021168,24,25,6.54166682420824,0.0030896682762636407
power,kp10,19.40664523021168,24,25,6.793019941028072,0.0029139829439009533
power,kp10,19.40664523021168,24,25,7.044049470420791,0.002650597159834232
power,kp10,19.40664523021168,24,25,7.295989038663275,0.0024590290695148754
power,kp10,19.40664523021168,24,25,7.546022875800913,0.002262190020656135
power,kp10,19.40664523021168,24,25,7.796320632595667,0.0020672694970647184
power,kp10,19.40664523021168,24,25,8.04569565437213,0.0018629329696536136
power,kp10,19.40664523021168,24,25,8.295810539385062,0.0017637181661967608
power,kp10,19.40664523021168,24,25,8.549551313965676,0.0016366210116724638
power,kp10,19.40664523021168,24,25,8.801317467211248,0.0015309506395059637
power,kp10,19.40664523021168,24,25,9.051715364342233,0.0014354671369568792
power,kp10,19.40664523021168,24,25,9.303933965686708,0.0013517073998823436
power,kp10,19.40664523021168,24,25,9.555557996267446,0.0012453297158385734
power,kp10,19.40664523021168,24,25,9.80486850979469,0.001170268666284533
power,kp10,19.40664523021168,24,25,10.054942567415612,0.00112309605303876
power,kp10,19.40664523021168,24,25,10.308274496268336,0.0010409640958493394
power,kp10,19.40664523021168,24,25,10.560810068695892,0.0009895214572679086
power,kp10,19.40664523021168,24,25,10.811584699358507,0.0009354566090685384
power,kp10,19.40664523021168,24,25,11.062453457041169,0.0008856291266338668
power,kp10,19.40664523021168,24,25,11.314786957671013,0.0008460159212919722
power,kp10,19.40664523021168,24,25,11.565937880035426,0.0008165943446892797
power,kp10,19.40664523021168,24,25,11.814085010948824,0.0007642393313198135
power,kp10,19.40664523021168,24,25,12.064293330625782,0.0007456362711456327
power,kp10,19.40664523021168,24,25,12.317521238569554,0.0007026891529924086
power,kp10,19.40664523021168,24,25,12.571032385248238,0.0006837472656699245
power,kp10,19.40664523021168,24,25,12.821843069043268,0.0006585155329178273
power,kp10,19.40664523021168,24,25,13.072502986326512,0.0006276804254147683
power,kp10,19.40664523021168,24,25,13.324942706400424,0.0006143508450980673
power,kp10,19.40664523021168,24,25,13.576176707479814,0.0005879718974562123
power,kp10,19.40664523021168,24,25,13.82555646698322,0.0005670329293749269
power,kp10,19.40664523021168,24,25,14.075222265910044,0.0005341460520320158
power,kp10,19.40664523021168,24,25,14.32811852917941,0.0005212598264202158
power,kp10,19.40664523021168,24,25,14.580461685752585,0.0004997153012867572
power,kp10,19.40664523021168,24,25,14.830552404971625,0.0004810803552682387
power,kp10,19.40664523021168,24,25,15.08215309851155,0.0004651510252688118
power,kp10,19.40664523021168,24,25,15.334342820333537,0.00044813701610364986
power,kp10,19.40664523021168,24,25,15.5860439155924,0.00043366345373694606
power,kp10,19.40664523021168,24,25,15.835068837290374,0.0004187834997412716
power,kp10,19.40664523021168,24,25,16.08449366682584,0.0004076876607583882
power,kp10,19.40664523021168,24,25,16.338138266722677,0.00039364000566761477
power,kp10,19.40664523021168,24,25,16.590773181146194,0.00038226218814148305
power,kp10,19.40664523021168,24,25,16.842164585753792,0.000366655327968613
power,kp10,19.40664523021168,24,25,17.093141526529084,0.00035495031544035936
power,kp10,19.40664523021168,24,25,17.344842926726773,0.0003459697550601287
power,kp10,19.40664523021168,24,25,17.59671504894166,0.0003368556868926351
power,kp10,19.40664523021168,24,25,17.84592583282211,0.000324939757474528
power,kp10,19.40664523021168,24,25,18.096741808972432,0.00031671752698251134
power,kp10,19.40664523021168,24,25,18.348607136620142,0.00031006112131334846
power,kp10,19.40664523021168,24,25,18.60101336990868,0.0003014773323302468
power,kp10,19.40664523021168,24,25,18.852551541782248,0.00029058969674927487
power,kp10,19.40664523021168,24,25,19.10320472609246,0.0002823203195077378
power,kp10,19.40664523021168,24,25,19.355236149567805,0.000274267261372216
power,kp10,19.40664523021168,24,25,19.605996073418613,0.00026605945843177455
power,kp10,19.40664523021168,24,25,19.855971980449656,0.00026170900873076806
power,kp10,19.40664523021168,24,25,20.106635831090703,0.00025344713418806573
power,kp10,19.40664523021168,24,25,20.35857305190006,0.000246384041926214
power,kp10,19.40664523021168,24,25,20.610988701236806,0.00024148377401501722
power,kp10,19.40664523021168,24,25,20.862646236697852,0.00023564060882080368
power,kp10,19.40664523021168,24,25,21.11314497992686,0.00022882930860147402
power,kp10,19.40664523021168,24,25,21.36464071217916,0.00022383021808370054
power,kp10,19.40664523021168,24,25,21.617216570183352,0.00021683601221119422
power,kp10,19.40664523021168,24,25,21.867907000228907,0.0002118690906503132
power,kp10,19.40664523021168,24,25,22.118380934686936,0.0002069150357627429
power,kp10,19.40664523021168,24,25,22.369760043372604,0.00020286129854768766
power,kp10,19.40664523021168,24,25,22.622182780751523,0.00019864462574647584
power,kp10,19.40664523021168,24,25,22.874179927983825,0.00019439751989429663
power,kp10,19.40664523021168,24,25,23.124905045653037,0.00019071209441657975
power,kp10,19.40664523021168,24,25,23.376218733652543,0.0001835677966870958
power,kp10,19.40664523021168,24,25,23.62677019857868,0.00018054020859522898
power,kp10,19.40664523021168,24,25,23.87663985612261,0.00017610196967797581
power,kp10,19.40664523021168,24,25,24.12683364571325,0.0001727375767482411
power,kp10,19.40664523021168,24,25,24.37875191845385,0.00016705401667288606
power,kp10,19.40664523021168,24,25,24.63247310093604,0.00016556304744721266
power,kp10,19.40664523021168,24,25,24.884090136607472,0.0001610853997544797
power,kp10,19.40664523021168,24,25,25.1346414659627,0.00015693557866295227
power,kp10,19.40664523021168,24,25,25.385845831243543,0.00015391005674679473
power,kp10,19.40664523021168,24,25,25.637585208635205,0.0001505309595974721
power,kp10,19.40664523021168,24,25,25.88948668125444,0.0001478200295744183
power,kp10,19.40664523021168,24,25,26.139069033235916,0.0001443425838340696
power,kp10,19.40664523021168,24,25,26.390547380112228,0.00014148082699004722
power,kp10,19.40664523021168,24,25,26.64300560904685,0.00013772541750623298
power,kp10,19.40664523021168,24,25,26.89360701301547,0.00013628799839419402
power,kp10,19.40664523021168,24,25,27.14431675423385,0.00013427288333452196
power,kp10,19.40664523021168,24,25,27.396541256600635,0.00013116619069709304
power,kp10,19.40664523021168,24,25,27.649003093917827,0.0001287962690375124
power,kp10,19.40664523021168,24,25,27.89884103880582,0.0001260880468142833
power,kp10,19.40664523021168,24,25,28.14922945105167,0.00012282840141524386
power,kp10,19.40664523021168,24,25,28.400870907962133,0.00012054083602674213
power,kp10,19.40664523021168,24,25,28.65300236168307,0.00011835785590148645
power,kp10,19.40664523021168,24,25,28.90403695146484,0.00011716188333685495
power,kp10,19.40664523021168,24,25,29.154865892880995,0.00011476310523552843
power,kp10,19.40664523021168,24,25,29.40751703157385,0.00011246178076242005
power,kp10,19.40664523021168,24,25,29.65873973701816,0.00011010485191980123
power,kp10,19.40664523021168,24,25,29.90841703561923,0.00010787053544180722
power,kp10,19.40664523021168,24,25,30.159540002722725,0.00010614926893696198
power,kp10,19.40664523021168,24,25,30.411658195557067,0.00010470612122870464
power,kp10,19.40664523021168,24,25,30.66356878913305,0.00010233223033207407
power,kp10,19.40664523021168,24,25,30.914951782254548,0.0001010716386994553
power,kp10,19.40664523021168,24,25,31.165975615952295,9.919333440302197e-05
power,kp10,19.40664523021168,24,25,31.418062734170597,9.66162861317375e-05
power,kp10,19.40664523021168,24,25,31.66963807569683,9.498546879896033e-05
power,kp10,19.40664523021168,24,25,31.919760603706283,9.378475868671825e-05
power,kp10,14.331814598205613,27,25,0.32072956064263475,6.290221514281262
power,kp10,14.331814598205613,27,25,0.5606619683395725,1.518002330672105
power,kp10,14.331814598205613,27,25,0.787700109846164,0.7179387622129625
power,kp10,14.331814598205613,27,25,1.0205350124370263,0.4976653979305835
power,kp10,14.331814598205613,27,25,1.2811623763405762,0.317978401361696
power,kp10,14.331814598205613,27,25,1.5386083750512618,0.18256663482442106
power,kp10,14.331814598205613,27,25,1.7773229368951355,0.1330456913119828
power,kp10,14.331814598205613,27,25,2.016922174616909,0.1017848069743983
power,kp10,14.331814598205613,27,25,2.276370248265442,0.08089884070970169
power,kp10,14.331814598205613,27,25,2.5367369097912875,0.05818825463259557
power,kp10,14.331814598205613,27,25,2.7799951337842748,0.050252970354585286
power,kp10,14.331814598205613,27,25,3.0232513459545807,0.03944494982168738
power,kp10,14.331814598205613,27,25,3.27850725349039,0.03255030766092872
power,kp10,14.331814598205613,27,25,3.5320903813324764,0.026404347868864492
power,kp10,14.331814598205613,27,25,3.7740842065088223,0.02348236273792744
power,kp10,14.331814598205613,27,25,4.0223998293999035,0.02009483269292441
power,kp10,14.331814598205613,27,25,4.280552523081682,0.01811843089687628
power,kp10,14.331814598205613,27,25,4.537090733730488,0.014729311093027784
power,kp10,14.331814598205613,27,25,4.784354808644596,0.01321308980640309
power,kp10,14.331814598205613,27,25,5.031213959107016,0.011603444440407623
power,kp10,14.331814598205613,27,25,5.285957311443282,0.010288423553853484
power,kp10,14.331814598205613,27,25,5.538249178821105,0.009392877852534197
power,kp10,14.331814598205613,27,25,5.785985141724235,0.008286855865391848
power,kp10,14.331814598205613,27,25,6.034136131752394,0.007694135830248041
power,kp10,14.331814598205613,27,25,6.286911813219537,0.006664482532806249
power,kp10,14.331814598205613,27,25,6.54166682420824,0.006090822076770618
power,kp10,14.331814598205613,27,25,6.793019941028072,0.005770405913748779
power,kp10,14.331814598205613,27,25,7.044049470420791,0.005276289638991319
power,kp10,14.331814598205613,27,25,7.295989038663275,0.004886450731581812
power,kp10,14.331814598205613,27,25,7.546022875800913,0.004519384928470288
power,kp10,14.331814598205613,27,25,7.796320632595667,0.0041849687708267694
power,kp10,14.331814598205613,27,25,8.04569565437213,0.0037868421846164882
power,kp10,14.331814598205613,27,25,8.295810539385062,0.0035819931290731297
power,kp10,14.331814598205613,27,25,8.549551313965676,0.0033847230435195617
power,kp10,14.331814598205613,27,25,8.801317467211248,0.003113376163893697
power,kp10,14.331814598205613,27,25,9.051715364342233,0.0029316388922719797
power,kp10,14.331814598205613,27,25,9.303933965686708,0.002789606688124636
power,kp10,14.331814598205613,27,25,9.555557996267446,0.002618145661644983
power,kp10,14.331814598205613,27,25,9.80486850979469,0.002414002673955241
power,kp10,14.331814598205613,27,25,10.054942567415612,0.002319999310011618
power,kp10,14.331814598205613,27,25,10.308274496268336,0.0021667198938950666
power,kp10,14.331814598205613,27,25,10.560810068695892,0.0020779027848854513
power,kp10,14.331814598205613,27,25,10.811584699358507,0.001985930595097306
power,kp10,14.331814598205613,27,25,11.062453457041169,0.0018591385804569418
power,kp10,14.331814598205613,27,25,11.314786957671013,0.0017916822605588685
power,kp10,14.331814598205613,27,25,11.565937880035426,0.0017029962537529464
power,kp10,14.331814598205613,27,25,11.814085010948824,0.0016136968358250632
power,kp10,14.331814598205613,27,25,12.064293330625782,0.0015504100227539809
power,kp10,14.331814598205613,27,25,12.317521238569554,0.001489336034521472
power,kp10,14.331814598205613,27,25,12.571032385248238,0.0014502111403937993
power,kp10,14.331814598205613,27,25,12.821843069043268,0.001386690860843482
power,kp10,14.331814598205613,27,25,13.072502986326512,0.001319419447899628
power,kp10,14.331814598205613,27,25,13.324942706400424,0.001293736608189478
power,kp10,14.331814598205613,27,25,13.576176707479814,0.0012515110464602095
power,kp10,14.331814598205613,27,25,13.82555646698322,0.0012010355409490536
power,kp10,14.331814598205613,27,25,14.075222265910044,0.001149075969893795
power,kp10,14.331814598205613,27,25,14.32811852917941,0.001108535503891332
power,kp10,14.331814598205613,27,25,14.580461685752585,0.0010728870327704994
power,kp10,14.331814598205613,27,25,14.830552404971625,0.0010410483401158512
power,kp10,14.331814598205613,27,25,15.08215309851155,0.0009968053653017959
power,kp10,14.331814598205613,27,25,15.334342820333537,0.0009707227545982514
power,kp10,14.331814598205613,27,25,15.5860439155924,0.0009262746622183074
power,kp10,14.331814598205613,27,25,15.835068837290374,0.0009063120457304686
power,kp10,14.331814598205613,27,25,16.08449366682584,0.0008843552319417133
power,kp10,14.331814598205613,27,25,16.338138266722677,0.0008536217310516498
power,kp10,14.331814598205613,27,25,16.590773181146194,0.0008241995080320002
power,kp10,14.331814598205613,27,25,16.842164585753792,0.0008003825320838764
power,kp10,14.331814598205613,27,25,17.093141526529084,0.0007774557093279198
power,kp10,14.331814598205613,27,25,17.344842926726773,0.0007524276994795766
power,kp10,14.331814598205613,27,25,17.59671504894166,0.0007342651739522297
power,kp10,14.331814598205613,27,25,17.84592583282211,0.0007141433129639906
power,kp10,14.331814598205613,27,25,18.096741808972432,0.00069395620935463
power,kp10,14.331814598205613,27,25,18.348607136620142,0.0006823567040327815
power,kp10,14.331814598205613,27,25,18.60101336990868,0.0006699893067093455
power,kp10,14.331814598205613,27,25,18.852551541782248,0.0006430152810321158
power,kp10,14.331814598205613,27,25,19.10320472609246,0.0006316482553907454
power,kp10,14.331814598205613,27,25,19.355236149567805,0.0006029233851291919
power,kp10,14.331814598205613,27,25,19.605996073418613,0.0005859561094730167
power,kp10,14.331814598205613,27,25,19.855971980449656,0.0005804043110226713
power,kp10,14.331814598205613,27,25,20.106635831090703,0.0005663171319984254
power,kp10,14.331814598205613,27,25,20.35857305190006,0.000550080976386911
power,kp10,14.331814598205613,27,25,20.610988701236806,0.0005425116980156424
power,kp10,14.331814598205613,27,25,20.862646236697852,0.0005270352471293504
power,kp10,14.331814598205613,27,25,21.11314497992686,0.0005111936448271153
power,kp10,14.331814598205613,27,25,21.36464071217916,0.0005047729431096971
power,kp10,14.331814598205613,27,25,21.617216570183352,0.000490971777083316
power,kp10,14.331814598205613,27,25,21.867907000228907,0.00048281550279029935
power,kp10,14.331814598205613,27,25,22.118380934686936,0.000466350217589507
power,kp10,14.331814598205613,27,25,22.369760043372604,0.0004623749976144656
power,kp10,14.331814598205613,27,25,22.622182780751523,0.00045214533082633084
power,kp10,14.331814598205613,27,25,22.874179927983825,0.00044407272088874827
power,kp10,14.331814598205613,27,25,23.124905045653037,0.000432873214545476
power,kp10,14.331814598205613,27,25,23.376218733652543,0.0004284884434883727
power,kp10,14.331814598205613,27,25,23.62677019857868,0.0004162666335458993
power,kp10,14.331814598205613,27,25,23.87663985612261,0.000403984923346789
power,kp10,14.331814598205613,27,25,24.12683364571325,0.0003982137439252312
power,kp10,14.331814598205613,27,25,24.37875191845385,0.00038605917446906296
power,kp10,14.331814598205613,27,25,24.63247310093604,0.00038129578667198523
power,kp10,14.331814598205613,27,25,24.884090136607472,0.00037306892609557046
power,kp10,14.331814598205613,27,25,25.1346414659627,0.00036587024243237357
power,kp10,14.331814598205613,27,25,25.385845831243543,0.0003590401351278714
power,kp10,14.331814598205613,27,25,25.637585208635205,0.00035352522932306053
power,kp10,14.331814598205613,27,25,25.88948668125444,0.00034568984639015104
power,kp10,14.331814598205613,27,25,26.139069033235916,0.000339680960116524
power,kp10,14.331814598205613,27,25,26.390547380112228,0.00033254926424108384
power,kp10,14.331814598205613,27,25,26.64300560904685,0.00032835289110397356
power,kp10,14.331814598205613,27,25,26.89360701301547,0.00031991125198482274
power,kp10,14.331814598205613,27,25,27.14431675423385,0.00031489754743625677
power,kp10,14.331814598205613,27,25,27.396541256600635,0.00031118722423922044
power,kp10,14.331814598205613,27,25,27.649003093917827,0.00030544710763328296
power,kp10,14.331814598205613,27,25,27.89884103880582,0.00029930367342731993
power,kp10,14.331814598205613,27,25,28.14922945105167,0.0002944543338302598
power,kp10,14.331814598205613,27,25,28.400870907962133,0.0002892358083659826
power,kp10,14.331814598205613,27,25,28.65300236168307,0.0002828551666476895
power,kp10,14.331814598205613,27,25,28.90403695146484,0.0002801838743848939
power,kp10,14.331814598205613,27,25,29.154865892880995,0.0002761030869767379
power,kp10,14.331814598205613,27,25,29.40751703157385,0.00027019233307060115
power,kp10,14.331814598205613,27,25,29.65873973701816,0.0002655608431771539
power,kp10,14.331814598205613,27,25,29.90841703561923,0.00026127595987447824
power,kp10,14.331814598205613,27,25,30.159540002722725,0.000258257500814389
power,kp10,14.331814598205613,27,25,30.411658195557067,0.00025322170459565296
power,kp10,14.331814598205613,27,25,30.66356878913305,0.00024818508119166157
power,kp10,14.331814598205613,27,25,30.914951782254548,0.00024490854066456423
power,kp10,14.331814598205613,27,25,31.165975615952295,0.00024138586526044624
power,kp10,14.331814598205613,27,25,31.418062734170597,0.0002367101656410275
power,kp10,14.331814598205613,27,25,31.66963807569683,0.00023481363204908676
power,kp10,14.331814598205613,27,25,31.919760603706283,0.00022996977780917997
power,kp10,10.51901923231075,30,25,0.32072956064263475,10.950242111946885
power,kp10,10.51901923231075,30,25,0.5606619683395725,2.703948077889456
power,kp10,10.51901923231075,30,25,0.787700109846164,1.2917578448282625
power,kp10,10.51901923231075,30,25,1.0205350124370263,0.8937824232376468
power,kp10,10.51901923231075,30,25,1.2811623763405762,0.5788613367717773
power,kp10,10.51901923231075,30,25,1.5386083750512618,0.33603614833681444
power,kp10,10.51901923231075,30,25,1.7773229368951355,0.2476162112222094
power,kp10,10.51901923231075,30,25,2.016922174616909,0.19451649421617753
power,kp10,10.51901923231075,30,25,2.276370248265442,0.15221488434965325
power,kp10,10.51901923231075,30,25,2.5367369097912875,0.10899416714059477
power,kp10,10.51901923231075,30,25,2.7799951337842748,0.0969417199937425
power,kp10,10.51901923231075,30,25,3.0232513459545807,0.07821914203008666
power,kp10,10.51901923231075,30,25,3.27850725349039,0.06302330825937887
power,kp10,10.51901923231075,30,25,3.5320903813324764,0.05231540945689599
power,kp10,10.51901923231075,30,25,3.7740842065088223,0.0463438040516802
power,kp10,10.51901923231075,30,25,4.0223998293999035,0.03953599247186705
power,kp10,10.51901923231075,30,25,4.280552523081682,0.03689213411451534
power,kp10,10.51901923231075,30,25,4.537090733730488,0.030107321486015727
power,kp10,10.51901923231075,30,25,4.784354808644596,0.026952278108896496
power,kp10,10.51901923231075,30,25,5.031213959107016,0.024104503950251828
power,kp10,10.51901923231075,30,25,5.285957311443282,0.021373421839040792
power,kp10,10.51901923231075,30,25,5.538249178821105,0.01940566071754536
power,kp10,10.51901923231075,30,25,5.785985141724235,0.01757141041868017
power,kp10,10.51901923231075,30,25,6.034136131752394,0.01621400654975105
power,kp10,10.51901923231075,30,25,6.286911813219537,0.014447616415199942
power,kp10,10.51901923231075,30,25,6.54166682420824,0.013187971669697431
power,kp10,10.51901923231075,30,25,6.793019941028072,0.01242091716271063
power,kp10,10.51901923231075,30,25,7.044049470420791,0.011468399719085682
power,kp10,10.51901923231075,30,25,7.295989038663275,0.010538761231060371
power,kp10,10.51901923231075,30,25,7.546022875800913,0.00994722980267084
power,kp10,10.51901923231075,30,25,7.796320632595667,0.009260048475990231
power,kp10,10.51901923231075,30,25,8.04569565437213,0.00855901420975169
power,kp10,10.51901923231075,30,25,8.295810539385062,0.008019022524724742
power,kp10,10.51901923231075,30,25,8.549551313965676,0.007750668801222454
power,kp10,10.51901923231075,30,25,8.801317467211248,0.007081457884406911
power,kp10,10.51901923231075,30,25,9.051715364342233,0.006657417104924518
power,kp10,10.51901923231075,30,25,9.303933965686708,0.006404636073929947
power,kp10,10.51901923231075,30,25,9.555557996267446,0.00604099859824269
power,kp10,10.51901923231075,30,25,9.80486850979469,0.005671302715217412
power,kp10,10.51901923231075,30,25,10.054942567415612,0.005413633332439369
power,kp10,10.51901923231075,30,25,10.308274496268336,0.005085209764405552
power,kp10,10.51901923231075,30,25,10.560810068695892,0.004886848544031336
power,kp10,10.51901923231075,30,25,10.811584699358507,0.004713851052182654
power,kp10,10.51901923231075,30,25,11.062453457041169,0.00453738243674532
power,kp10,10.51901923231075,30,25,11.314786957671013,0.004330460997299931
power,kp10,10.51901923231075,30,25,11.565937880035426,0.004019658490360792
power,kp10,10.51901923231075,30,25,11.814085010948824,0.003928319941230247
power,kp10,10.51901923231075,30,25,12.064293330625782,0.0037766963264312978
power,kp10,10.51901923231075,30,25,12.317521238569554,0.00364044760651652
power,kp10,10.51901923231075,30,25,12.571032385248238,0.0034885732084877132
power,kp10,10.51901923231075,30,25,12.821843069043268,0.003397401312544658
power,kp10,10.51901923231075,30,25,13.072502986326512,0.003230913404045971
power,kp10,10.51901923231075,30,25,13.324942706400424,0.0030988937424883175
power,kp10,10.51901923231075,30,25,13.576176707479814,0.0030458658202986407
power,kp10,10.51901923231075,30,25,13.82555646698322,0.0029525269691720686
power,kp10,10.51901923231075,30,25,14.075222265910044,0.002860728768190132
power,kp10,10.51901923231075,30,25,14.32811852917941,0.002746403715351773
power,kp10,10.51901923231075,30,25,14.580461685752585,0.0026723132229936786
power,kp10,10.51901923231075,30,25,14.830552404971625,0.0025753240343014856
power,kp10,10.51901923231075,30,25,15.08215309851155,0.0025033475391568255
power,kp10,10.51901923231075,30,25,15.334342820333537,0.0024296981355029046
power,kp10,10.51901923231075,30,25,15.5860439155924,0.0023853302880411827
power,kp10,10.51901923231075,30,25,15.835068837290374,0.0022901283034923964
power,kp10,10.51901923231075,30,25,16.08449366682584,0.0022252924311607198
power,kp10,10.51901923231075,30,25,16.338138266722677,0.002162094120976175
power,kp10,10.51901923231075,30,25,16.590773181146194,0.002128142852355026
power,kp10,10.51901923231075,30,25,16.842164585753792,0.0020571493661607145
power,kp10,10.51901923231075,30,25,17.093141526529084,0.0020175863115900186
power,kp10,10.51901923231075,30,25,17.344842926726773,0.0019581024629728334
power,kp10,10.51901923231075,30,25,17.59671504894166,0.0019011238598284363
power,kp10,10.51901923231075,30,25,17.84592583282211,0.001860229480851882
power,kp10,10.51901923231075,30,25,18.096741808972432,0.0018074883804185303
power,kp10,10.51901923231075,30,25,18.348607136620142,0.0017652549999821782
power,kp10,10.51901923231075,30,25,18.60101336990868,0.0017252017676970452
power,kp10,10.51901923231075,30,25,18.852551541782248,0.0017101442768029246
power,kp10,10.51901923231075,30,25,19.10320472609246,0.001663911172846465
power,kp10,10.51901923231075,30,25,19.355236149567805,0.0016210741072772072
power,kp10,10.51901923231075,30,25,19.605996073418613,0.001568572529244438
power,kp10,10.51901923231075,30,25,19.855971980449656,0.0015361765606349412
power,kp10,10.51901923231075,30,25,20.106635831090703,0.0015149956193297644
power,kp10,10.51901923231075,30,25,20.35857305190006,0.001473050579369124
power,kp10,10.51901923231075,30,25,20.610988701236806,0.0014492676064982737
power,kp10,10.51901923231075,30,25,20.862646236697852,0.0014121768803713052
power,kp10,10.51901923231075,30,25,21.11314497992686,0.0013869404695326891
power,kp10,10.51901923231075,30,25,21.36464071217916,0.0013674718613741518
power,kp10,10.51901923231075,30,25,21.617216570183352,0.0013323431437645373
power,kp10,10.51901923231075,30,25,21.867907000228907,0.0013086200853008642
power,kp10,10.51901923231075,30,25,22.118380934686936,0.0012736506860774894
power,kp10,10.51901923231075,30,25,22.369760043372604,0.001252079509596269
power,kp10,10.51901923231075,30,25,22.622182780751523,0.0012357796691649546
power,kp10,10.51901923231075,30,25,22.874179927983825,0.0012088832530251059
power,kp10,10.51901923231075,30,25,23.124905045653037,0.0011910200526009935
power,kp10,10.51901923231075,30,25,23.376218733652543,0.0011726597500231798
power,kp10,10.51901923231075,30,25,23.62677019857868,0.0011469298289025855
power,kp10,10.51901923231075,30,25,23.87663985612261,0.0011343923137401763
power,kp10,10.51901923231075,30,25,24.12683364571325,0.0011134847598042934
power,kp10,10.51901923231075,30,25,24.37875191845385,0.0010975426531184094
power,kp10,10.51901923231075,30,25,24.63247310093604,0.0010730140838341765
power,kp10,10.51901923231075,30,25,24.884090136607472,0.0010524098581466965
power,kp10,10.51901923231075,30,25,25.1346414659627,0.0010337566571757175
power,kp10,10.51901923231075,30,25,25.385845831243543,0.0010240156547977304
power,kp10,10.51901923231075,30,25,25.637585208635205,0.0010019713457917084
power,kp10,10.51901923231075,30,25,25.88948668125444,0.0009876158697130675
power,kp10,10.51901923231075,30,25,26.139069033235916,0.000968996942671232
power,kp10,10.51901923231075,30,25,26.390547380112228,0.0009608781780038918
power,kp10,10.51901923231075,30,25,26.64300560904685,0.000948421933712597
power,kp10,10.51901923231075,30,25,26.89360701301547,0.0009253581902048947
power,kp10,10.51901923231075,30,25,27.14431675423385,0.000913606642936267
power,kp10,10.51901923231075,30,25,27.396541256600635,0.0009042710200822915
power,kp10,10.51901923231075,30,25,27.649003093917827,0.0008877287413657011
power,kp10,10.51901923231075,30,25,27.89884103880582,0.000870928333892362
power,kp10,10.51901923231075,30,25,28.14922945105167,0.0008594532460694416
power,kp10,10.51901923231075,30,25,28.400870907962133,0.0008472961854979332
power,kp10,10.51901923231075,30,25,28.65300236168307,0.0008346595465860839
power,kp10,10.51901923231075,30,25,28.90403695146484,0.000823216319307236
power,kp10,10.51901923231075,30,25,29.154865892880995,0.0008137420721154718
power,kp10,10.51901923231075,30,25,29.40751703157385,0.0008009819293170537
power,kp10,10.51901923231075,30,25,29.65873973701816,0.0007904931801374528
power,kp10,10.51901923231075,30,25,29.90841703561923,0.0007806835960683738
power,kp10,10.51901923231075,30,25,30.159540002722725,0.0007700732108450779
power,kp10,10.51901923231075,30,25,30.411658195557067,0.0007539155645058416
power,kp10,10.51901923231075,30,25,30.66356878913305,0.0007431259603679453
power,kp10,10.51901923231075,30,25,30.914951782254548,0.0007375939899195609
power,kp10,10.51901923231075,30,25,31.165975615952295,0.0007255521644360077
power,kp10,10.51901923231075,30,25,31.418062734170597,0.0007197542306069058
power,kp10,10.51901923231075,30,25,31.66963807569683,0.0007105306358597504
power,kp10,10.51901923231075,30,25,31.919760603706283,0.000699636295819209
power,kp10,2.0333177828202462,44,25,0.32072956064263475,125.4498412187722
power,kp10,2.0333177828202462,44,25,0.5606619683395725,41.38651118695343
power,kp10,2.0333177828202462,44,25,0.787700109846164,22.01452787702158
power,kp10,2.0333177828202462,44,25,1.0205350124370263,15.926911837892458
power,kp10,2.0333177828202462,44,25,1.2811623763405762,12.378150369683572
power,kp10,2.0333177828202462,44,25,1.5386083750512618,8.18682806634848
power,kp10,2.0333177828202462,44,25,1.7773229368951355,7.238867027621433
power,kp10,2.0333177828202462,44,25,2.016922174616909,6.020840525549209
power,kp10,2.0333177828202462,44,25,2.276370248265442,5.332368229207028
power,kp10,2.0333177828202462,44,25,2.5367369097912875,4.610309204281514
power,kp10,2.0333177828202462,44,25,2.7799951337842748,4.107677438862922
power,kp10,2.0333177828202462,44,25,3.0232513459545807,3.728599736066189
power,kp10,2.0333177828202462,44,25,3.27850725349039,3.314025949999304
power,kp10,2.0333177828202462,44,25,3.5320903813324764,3.1346223816070924
power,kp10,2.0333177828202462,44,25,3.7740842065088223,2.9001403990830723
power,kp10,2.0333177828202462,44,25,4.0223998293999035,2.5736146915751643
power,kp10,2.0333177828202462,44,25,4.280552523081682,2.4731767019316147
power,kp10,2.0333177828202462,44,25,4.537090733730488,2.3209048714922744
power,kp10,2.0333177828202462,44,25,4.784354808644596,2.1924491341927657
power,kp10,2.0333177828202462,44,25,5.031213959107016,2.053463841744686
power,kp10,2.0333177828202462,44,25,5.285957311443282,1.954841236897728
power,kp10,2.0333177828202462,44,25,5.538249178821105,1.8147580617211911
power,kp10,2.0333177828202462,44,25,5.785985141724235,1.7524926680586796
power,kp10,2.0333177828202462,44,25,6.034136131752394,1.6556004860404445
power,kp10,2.0333177828202462,44,25,6.286911813219537,1.5369046503430293
power,kp10,2.0333177828202462,44,25,6.54166682420824,1.4644375544780426
power,kp10,2.0333177828202462,44,25,6.793019941028072,1.3600525347343881
power,kp10,2.0333177828202462,44,25,7.044049470420791,1.296724057520339
power,kp10,2.0333177828202462,44,25,7.295989038663275,1.2477435363407645
power,kp10,2.0333177828202462,44,25,7.546022875800913,1.2089479536484273
power,kp10,2.0333177828202462,44,25,7.796320632595667,1.1235001521231849
power,kp10,2.0333177828202462,44,25,8.04569565437213,1.1061631084003223
power,kp10,2.0333177828202462,44,25,8.295810539385062,1.026402585216046
power,kp10,2.0333177828202462,44,25,8.549551313965676,0.9873331700681476
power,kp10,2.0333177828202462,44,25,8.801317467211248,0.9589993929218497
power,kp10,2.0333177828202462,44,25,9.051715364342233,0.9188868461539236
power,kp10,2.0333177828202462,44,25,9.303933965686708,0.8907061496753339
power,kp10,2.0333177828202462,44,25,9.555557996267446,0.8385689520355399
power,kp10,2.0333177828202462,44,25,9.80486850979469,0.8106652201997704
power,kp10,2.0333177828202462,44,25,10.054942567415612,0.7771001883768168
power,kp10,2.0333177828202462,44,25,10.308274496268336,0.7457170387503282
power,kp10,2.0333177828202462,44,25,10.560810068695892,0.7042794731840704
power,kp10,2.0333177828202462,44,25,10.811584699358507,0.6766030176592142
power,kp10,2.0333177828202462,44,25,11.062453457041169,0.639964042977705
power,kp10,2.0333177828202462,44,25,11.314786957671013,0.6175715121873687
power,kp10,2.0333177828202462,44,25,11.565937880035426,0.5931762312976273
power,kp10,2.0333177828202462,44,25,11.814085010948824,0.581091717319641
power,kp10,2.0333177828202462,44,25,12.064293330625782,0.5544111477588772
power,kp10,2.0333177828202462,44,25,12.317521238569554,0.5341808688417667
power,kp10,2.0333177828202462,44,25,12.571032385248238,0.5106653844433758
power,kp10,2.0333177828202462,44,25,12.821843069043268,0.49047154906666485
power,kp10,2.0333177828202462,44,25,13.072502986326512,0.46848408217139403
power,kp10,2.0333177828202462,44,25,13.324942706400424,0.44674075580449224
power,kp10,2.0333177828202462,44,25,13.576176707479814,0.43690949525266704
power,kp10,2.0333177828202462,44,25,13.82555646698322,0.41992857274142376
power,kp10,2.0333177828202462,44,25,14.075222265910044,0.4100090088955655
power,kp10,2.0333177828202462,44,25,14.32811852917941,0.3938439895523194
power,kp10,2.0333177828202462,44,25,14.580461685752585,0.3850718699479845
power,kp10,2.0333177828202462,44,25,14.830552404971625,0.3736622177610355
power,kp10,2.0333177828202462,44,25,15.08215309851155,0.3544605832169652
power,kp10,2.0333177828202462,44,25,15.334342820333537,0.3422849705919623
power,kp10,2.0333177828202462,44,25,15.5860439155924,0.33287328716683245
power,kp10,2.0333177828202462,44,25,15.835068837290374,0.32437388874483486
power,kp10,2.0333177828202462,44,25,16.08449366682584,0.31400144194646806
power,kp10,2.0333177828202462,44,25,16.338138266722677,0.3058694177051164
power,kp10,2.0333177828202462,44,25,16.590773181146194,0.2937469929568759
power,kp10,2.0333177828202462,44,25,16.842164585753792,0.28545375038108445
power,kp10,2.0333177828202462,44,25,17.093141526529084,0.2774573194987651
power,kp10,2.0333177828202462,44,25,17.344842926726773,0.269203758236654
power,kp10,2.0333177828202462,44,25,17.59671504894166,0.25838405014550353
power,kp10,2.0333177828202462,44,25,17.84592583282211,0.2528581607092654
power,kp10,2.0333177828202462,44,25,18.096741808972432,0.24794975786270498
power,kp10,2.0333177828202462,44,25,18.348607136620142,0.23693247150793226
power,kp10,2.0333177828202462,44,25,18.60101336990868,0.2325310780231542
power,kp10,2.0333177828202462,44,25,18.852551541782248,0.2266036389724431
power,kp10,2.0333177828202462,44,25,19.10320472609246,0.22118984413856466
power,kp10,2.0333177828202462,44,25,19.355236149567805,0.21694243663060625
power,kp10,2.0333177828202462,44,25,19.605996073418613,0.20830633545010238
power,kp10,2.0333177828202462,44,25,19.855971980449656,0.2037803233923215
power,kp10,2.0333177828202462,44,25,20.106635831090703,0.19801728857296252
power,kp10,2.0333177828202462,44,25,20.35857305190006,0.19227225594756858
power,kp10,2.0333177828202462,44,25,20.610988701236806,0.1885081371453858
power,kp10,2.0333177828202462,44,25,20.862646236697852,0.18506517638703046
power,kp10,2.0333177828202462,44,25,21.11314497992686,0.1807691215682767
power,kp10,2.0333177828202462,44,25,21.36464071217916,0.1749393258241769
power,kp10,2.0333177828202462,44,25,21.617216570183352,0.1722444999945283
power,kp10,2.0333177828202462,44,25,21.867907000228907,0.167558271584824
power,kp10,2.0333177828202462,44,25,22.118380934686936,0.164194479457928
power,kp10,2.0333177828202462,44,25,22.369760043372604,0.15993982689537062
power,kp10,2.0333177828202462,44,25,22.622182780751523,0.15667423185673976
power,kp10,2.0333177828202462,44,25,22.874179927983825,0.15319140113645127
power,kp10,2.0333177828202462,44,25,23.124905045653037,0.14970913929646543
power,kp10,2.0333177828202462,44,25,23.376218733652543,0.14578959467054634
power,kp10,2.0333177828202462,44,25,23.62677019857868,0.14261015618409068
power,kp10,2.0333177828202462,44,25,23.87663985612261,0.1401011658783965
power,kp10,2.0333177828202462,44,25,24.12683364571325,0.13806236230415483
power,kp10,2.0333177828202462,44,25,24.37875191845385,0.13554532581003548
power,kp10,2.0333177828202462,44,25,24.63247310093604,0.13285784575523835
power,kp10,2.0333177828202462,44,25,24.884090136607472,0.1294201819988253
power,kp10,2.0333177828202462,44,25,25.1346414659627,0.12658362046038985
power,kp10,2.0333177828202462,44,25,25.385845831243543,0.12360256050963513
power,kp10,2.0333177828202462,44,25,25.637585208635205,0.12227340893933494
power,kp10,2.0333177828202462,44,25,25.88948668125444,0.118494726319028
power,kp10,2.0333177828202462,44,25,26.139069033235916,0.11733061720216675
power,kp10,2.0333177828202462,44,25,26.390547380112228,0.11363070912112166
power,kp10,2.0333177828202462,44,25,26.64300560904685,0.11060040727974195
power,kp10,2.0333177828202462,44,25,26.89360701301547,0.10988655393300903
power,kp10,2.0333177828202462,44,25,27.14431675423385,0.10784492724753239
power,kp10,2.0333177828202462,44,25,27.396541256600635,0.10527223571750992
power,kp10,2.0333177828202462,44,25,27.649003093917827,0.10355539578204062
power,kp10,2.0333177828202462,44,25,27.89884103880582,0.10133649602860383
power,kp10,2.0333177828202462,44,25,28.14922945105167,0.09934750380262976
power,kp10,2.0333177828202462,44,25,28.400870907962133,0.09764440310629612
power,kp10,2.0333177828202462,44,25,28.65300236168307,0.09587036526831152
power,kp10,2.0333177828202462,44,25,28.90403695146484,0.09456942866961748
power,kp10,2.0333177828202462,44,25,29.154865892880995,0.09221021063726263
power,kp10,2.0333177828202462,44,25,29.40751703157385,0.09097628042549356
power,kp10,2.0333177828202462,44,25,29.65873973701816,0.08861065027656334
power,kp10,2.0333177828202462,44,25,29.90841703561923,0.08723251700844063
power,kp10,2.0333177828202462,44,25,30.159540002722725,0.08593081321439422
power,kp10,2.0333177828202462,44,25,30.411658195557067,0.08407021260931838
power,kp10,2.0333177828202462,44,25,30.66356878913305,0.08256809559588267
power,kp10,2.0333177828202462,44,25,30.914951782254548,0.08092289116738798
power,kp10,2.0333177828202462,44,25,31.165975615952295,0.07977676046899361
power,kp10,2.0333177828202462,44,25,31.418062734170597,0.07824340836836353
power,kp10,2.0333177828202462,44,25,31.66963807569683,0.07682599583966211
power,kp10,2.0333177828202462,44,25,31.919760603706283,0.0754067502909622
power,PL,19.40664523021168,24,256,0.0313212461565073,80.31480776264732
power,PL,19.40664523021168,24,256,0.054752145345661356,38.38635126877859
power,PL,19.40664523021168,24,256,0.07692383885216451,28.940555477525724
power,PL,19.40664523021168,24,256,0.09966162230830337,24.157201843003975
power,PL,19.40664523021168,24,256,0.12511351331450943,18.87007091335997
power,PL,19.40664523021168,24,256,0.15025472412609966,12.439050215727748
power,PL,19.40664523021168,24,256,0.17356669305616573,9.560068000456743
power,PL,19.40664523021168,24,256,0.1969650561149323,7.675306128333118
power,PL,19.40664523021168,24,256,0.2223017820571719,6.6464056055282565
power,PL,19.40664523021168,24,256,0.24772821384680524,5.427711595801201
power,PL,19.40664523021168,24,256,0.2714838997836198,4.464640425052754
power,PL,19.40664523021168,24,256,0.2952393892533773,3.6347235001446636
power,PL,19.40664523021168,24,256,0.32016672397367135,3.221597207376553
power,PL,19.40664523021168,24,256,0.34493070130200054,2.6208771918723706
power,PL,19.40664523021168,24,256,0.3685629107918764,2.5517702426237814
power,PL,19.40664523021168,24,256,0.39281248333983404,2.1036459096973648
power,PL,19.40664523021168,24,256,0.41802270733219404,1.865575753404551
power,PL,19.40664523021168,24,256,0.4430752669658697,1.5933724398350593
power,PL,19.40664523021168,24,256,0.46722214928169786,1.4534733928071193
power,PL,19.40664523021168,24,256,0.4913294881940436,1.3242001094121376
power,PL,19.40664523021168,24,256,0.5162067686956312,1.1786664993350235
power,PL,19.40664523021168,24,256,0.5408446463692522,1.0602160401359062
power,PL,19.40664523021168,24,256,0.5650376114965061,0.9479614062135039
power,PL,19.40664523021168,24,256,0.5892711066164427,0.8645896051290298
power,PL,19.40664523021168,24,256,0.6139562317597167,0.7893973846176272
power,PL,19.40664523021168,24,256,0.6388346508015916,0.7350092282087515
power,PL,19.40664523021168,24,256,0.663380853616023,0.6726079758956263
power,PL,19.40664523021168,24,256,0.687895456095786,0.6515847168160853
power,PL,19.40664523021168,24,256,0.7124989295569584,0.5912725867708041
power,PL,19.40664523021168,24,256,0.736916296464924,0.5507891406401233
power,PL,19.40664523021168,24,256,0.7613594367769183,0.5063695378964838
power,PL,19.40664523021168,24,256,0.7857124662472791,0.4625829612608499
power,PL,19.40664523021168,24,256,0.810137747986822,0.4352512655008024
power,PL,19.40664523021168,24,256,0.834917120504456,0.4037122381995934
power,PL,19.40664523021168,24,256,0.8595036589073478,0.38676611336525596
power,PL,19.40664523021168,24,256,0.8839565785490576,0.37247395896408464
power,PL,19.40664523021168,24,256,0.9085873013365826,0.33971790377725936
power,PL,19.40664523021168,24,256,0.93315996057299,0.3247565137306481
power,PL,19.40664523021168,24,256,0.957506690409634,0.3044902963851828
power,PL,19.40664523021168,24,256,0.9819279850991849,0.28544155376467584
power,PL,19.40664523021168,24,256,1.0066674312761883,0.27203658245206513
power,PL,19.40664523021168,24,256,1.0313291082710536,0.25811695868076745
power,PL,19.40664523021168,24,256,1.0558188182967405,0.2422190999395493
power,PL,19.40664523021168,24,256,1.0803177204141923,0.22913350830832155
power,PL,19.40664523021168,24,256,1.1049596638350512,0.2189356597607203
power,PL,19.40664523021168,24,256,1.129486121097224,0.21073723328833419
power,PL,19.40664523021168,24,256,1.1537192393504785,0.20005161786221795
power,PL,19.40664523021168,24,256,1.1781536455689063,0.19276229402414233
power,PL,19.40664523021168,24,256,1.2028829334540618,0.1834594716886198
power,PL,19.40664523021168,24,256,1.2276398813718887,0.17465186445083616
power,PL,19.40664523021168,24,256,1.2521331122112618,0.16936344071565812
power,PL,19.40664523021168,24,256,1.2766116197584787,0.16351159434313967
power,PL,19.40664523021168,24,256,1.3012639361718907,0.15498189745382496
power,PL,19.40664523021168,24,256,1.3257985065897926,0.14654978241585626
power,PL,19.40664523021168,24,256,1.3501519987288393,0.1423831620067594
power,PL,19.40664523021168,24,256,1.3745334244052962,0.13764303063591984
power,PL,19.40664523021168,24,256,1.3992303251151714,0.13183718035667372
power,PL,19.40664523021168,24,256,1.4238732114992796,0.12696051430489855
power,PL,19.40664523021168,24,256,1.4482961332980369,0.12414109839793858
power,PL,19.40664523021168,24,256,1.4728665135264858,0.11722057238951009
power,PL,19.40664523021168,24,256,1.4974944160481687,0.11409696628183866
power,PL,19.40664523021168,24,256,1.5220746011321264,0.1100350054414085
power,PL,19.40664523021168,24,256,1.5463934411415703,0.10489606414382877
power,PL,19.40664523021168,24,256,1.5707513346510054,0.10292864852501592
power,PL,19.40664523021168,24,256,1.5955213151096161,0.09892659709930753
power,PL,19.40664523021168,24,256,1.6201926934712723,0.09643395417069117
power,PL,19.40664523021168,24,256,1.6447426353275962,0.0930945728323558
power,PL,19.40664523021168,24,256,1.6692521022001021,0.09042927238866294
power,PL,19.40664523021168,24,256,1.6938323170631577,0.08802171247294392
power,PL,19.40664523021168,24,256,1.718429203998171,0.08556104142092319
power,PL,19.40664523021168,24,256,1.742766194611624,0.08198171579055459
power,PL,19.40664523021168,24,256,1.767259942282522,0.08039696109986982
power,PL,19.40664523021168,24,256,1.791856165685507,0.07781772327740849
power,PL,19.40664523021168,24,256,1.8165052119050797,0.07593277082561445
power,PL,19.40664523021168,24,256,1.84106948650222,0.07343476087829263
power,PL,19.40664523021168,24,256,1.8655473365324868,0.07186192406384893
power,PL,19.40664523021168,24,256,1.8901597802312908,0.0695399021695668
power,PL,19.40664523021168,24,256,1.9146480540447401,0.06785429389681509
power,PL,19.40664523021168,24,256,1.939059763715855,0.06594478384058185
power,PL,19.40664523021168,24,256,1.9635386553798613,0.06465606928549457
power,PL,19.40664523021168,24,256,1.9881418995995372,0.06250268820303585
power,PL,19.40664523021168,24,256,2.012791865355253,0.06093023576706517
power,PL,19.40664523021168,24,256,2.0373677965526436,0.0594251600429515
power,PL,19.40664523021168,24,256,2.061830564445913,0.058456058166015255
power,PL,19.40664523021168,24,256,2.086390694548735,0.057408488509072285
power,PL,19.40664523021168,24,256,2.1110563056819687,0.05512368828138594
power,PL,19.40664523021168,24,256,2.135537792991106,0.05411883161111712
power,PL,19.40664523021168,24,256,2.159998138153035,0.05250016296866904
power,PL,19.40664523021168,24,256,2.1845468792357265,0.05140372033564048
power,PL,19.40664523021168,24,256,2.209197537182775,0.05014071793719792
power,PL,19.40664523021168,24,256,2.233806633592115,0.048831710045658394
power,PL,19.40664523021168,24,256,2.2582915083645076,0.04791477340858536
power,PL,19.40664523021168,24,256,2.2828338607082084,0.04703564692119296
power,PL,19.40664523021168,24,256,2.3073017772048177,0.045781763229475754
power,PL,19.40664523021168,24,256,2.331703110949515,0.044936158846136866
power,PL,19.40664523021168,24,256,2.3561360982141064,0.04382513720645543
power,PL,19.40664523021168,24,256,2.380737492036452,0.04297211705814365
power,PL,19.40664523021168,24,256,2.4055149512632847,0.04174032771727285
power,PL,19.40664523021168,24,256,2.4300869274031247,0.04043652635348097
power,PL,19.40664523021168,24,256,2.4545548306603284,0.039529396862873274
power,PL,19.40664523021168,24,256,2.4790865069574943,0.03880190348416107
power,PL,19.40664523021168,24,256,2.5036704305305424,0.03834005392047938
power,PL,19.40664523021168,24,256,2.528270183716259,0.03711385142878306
power,PL,19.40664523021168,24,256,2.552643460276946,0.03620088321596842
power,PL,19.40664523021168,24,256,2.577201892589191,0.03557853778951592
power,PL,19.40664523021168,24,256,2.6018560165083144,0.03508289780751227
power,PL,19.40664523021168,24,256,2.6263288098649222,0.03407683905100087
power,PL,19.40664523021168,24,256,2.6508121830306464,0.03349111119627172
power,PL,19.40664523021168,24,256,2.675443482089977,0.032640771742499054
power,PL,19.40664523021168,24,256,2.7000979583903626,0.03186213660528583
power,PL,19.40664523021168,24,256,2.724496195195882,0.0312684485609709
power,PL,19.40664523021168,24,256,2.748948188579295,0.03039265799515443
power,PL,19.40664523021168,24,256,2.773522549605598,0.029871364101763723
power,PL,19.40664523021168,24,256,2.798144761883231,0.02918544927024856
power,PL,19.40664523021168,24,256,2.8226598585414346,0.02861251607675997
power,PL,19.40664523021168,24,256,2.847154872351462,0.027963790745813427
power,PL,19.40664523021168,24,256,2.871827835114871,0.027237207675385507
power,PL,19.40664523021168,24,256,2.8963613024431614,0.02690899477742691
power,PL,19.40664523021168,24,256,2.9207438511347443,0.02604437701713682
power,PL,19.40664523021168,24,256,2.94526757839102,0.025465154101887672
power,PL,19.40664523021168,24,256,2.9698884956599376,0.024943462517048685
power,PL,19.40664523021168,24,256,2.994489139563538,0.024540076457900323
power,PL,19.40664523021168,24,256,3.0190382599860044,0.02381340712562313
power,PL,19.40664523021168,24,256,3.0435523062452345,0.023230858564943734
power,PL,19.40664523021168,24,256,3.068170188883887,0.02244804664280445
power,PL,19.40664523021168,24,256,3.0927380933296216,0.022410990608219813
power,PL,19.40664523021168,24,256,3.1171641214553856,0.021772094515608173
power,PL,14.331814598205613,27,256,0.0313212461565073,142.02401548818864
power,PL,14.331814598205613,27,256,0.054752145345661356,67.94367486771556
power,PL,14.331814598205613,27,256,0.07692383885216451,51.27354940516398
power,PL,14.331814598205613,27,256,0.09966162230830337,42.867164401263295
power,PL,14.331814598205613,27,256,0.12511351331450943,33.43163892325657
power,PL,14.331814598205613,27,256,0.15025472412609966,22.06171805606013
power,PL,14.331814598205613,27,256,0.17356669305616573,16.965121266966662
power,PL,14.331814598205613,27,256,0.1969650561149323,13.64797784089623
power,PL,14.331814598205613,27,256,0.2223017820571719,11.814067333989728
power,PL,14.331814598205613,27,256,0.24772821384680524,9.628116330649755
power,PL,14.331814598205613,27,256,0.2714838997836198,7.9488337940694604
power,PL,14.331814598205613,27,256,0.2952393892533773,6.463189016968421
power,PL,14.331814598205613,27,256,0.32016672397367135,5.738187824979035
power,PL,14.331814598205613,27,256,0.34493070130200054,4.672074261506011
power,PL,14.331814598205613,27,256,0.3685629107918764,4.533947680821849
power,PL,14.331814598205613,27,256,0.39281248333983404,3.7467903599728762
power,PL,14.331814598205613,27,256,0.41802270733219404,3.3330370784786036
power,PL,14.331814598205613,27,256,0.4430752669658697,2.8426012364586284
power,PL,14.331814598205613,27,256,0.46722214928169786,2.589602117536246
power,PL,14.331814598205613,27,256,0.4913294881940436,2.3538504666052544
power,PL,14.331814598205613,27,256,0.5162067686956312,2.10589841356128
power,PL,14.331814598205613,27,256,0.5408446463692522,1.8989986742338214
power,PL,14.331814598205613,27,256,0.5650376114965061,1.6891475567943475
power,PL,14.331814598205613,27,256,0.5892711066164427,1.5475726603370241
power,PL,14.331814598205613,27,256,0.6139562317597167,1.420037874651177
power,PL,14.331814598205613,27,256,0.6388346508015916,1.3144386961882897
power,PL,14.331814598205613,27,256,0.663380853616023,1.2033950139697758
power,PL,14.331814598205613,27,256,0.687895456095786,1.164862250325841
power,PL,14.331814598205613,27,256,0.7124989295569584,1.0555092072040109
power,PL,14.331814598205613,27,256,0.736916296464924,0.9837367374003805
power,PL,14.331814598205613,27,256,0.7613594367769183,0.9031715338103697
power,PL,14.331814598205613,27,256,0.7857124662472791,0.824933375330839
power,PL,14.331814598205613,27,256,0.810137747986822,0.7812978621833228
power,PL,14.331814598205613,27,256,0.834917120504456,0.7236524018044124
power,PL,14.331814598205613,27,256,0.8595036589073478,0.6905649979498869
power,PL,14.331814598205613,27,256,0.8839565785490576,0.6663506224604762
power,PL,14.331814598205613,27,256,0.9085873013365826,0.607704471200799
power,PL,14.331814598205613,27,256,0.93315996057299,0.5776467479566533
power,PL,14.331814598205613,27,256,0.957506690409634,0.5446667630790837
power,PL,14.331814598205613,27,256,0.9819279850991849,0.5064117779739579
power,PL,14.331814598205613,27,256,1.0066674312761883,0.48379274492787083
power,PL,14.331814598205613,27,256,1.0313291082710536,0.45863018580224185
power,PL,14.331814598205613,27,256,1.0558188182967405,0.4301033968609233
power,PL,14.331814598205613,27,256,1.0803177204141923,0.40421007320207286
power,PL,14.331814598205613,27,256,1.1049596638350512,0.38477758501758297
power,PL,14.331814598205613,27,256,1.129486121097224,0.3715390788142197
power,PL,14.331814598205613,27,256,1.1537192393504785,0.35130242799362016
power,PL,14.331814598205613,27,256,1.1781536455689063,0.3386410315091649
power,PL,14.331814598205613,27,256,1.2028829334540618,0.3214150956292605
power,PL,14.331814598205613,27,256,1.2276398813718887,0.30531780151999277
power,PL,14.331814598205613,27,256,1.2521331122112618,0.29421268097116343
power,PL,14.331814598205613,27,256,1.2766116197584787,0.2839392421194279
power,PL,14.331814598205613,27,256,1.3012639361718907,0.2693840070391303
power,PL,14.331814598205613,27,256,1.3257985065897926,0.2547955477164703
power,PL,14.331814598205613,27,256,1.3501519987288393,0.24502382806737955
power,PL,14.331814598205613,27,256,1.3745334244052962,0.23547775817739489
power,PL,14.331814598205613,27,256,1.3992303251151714,0.22484825746242576
power,PL,14.331814598205613,27,256,1.4238732114992796,0.2147961760429427
power,PL,14.331814598205613,27,256,1.4482961332980369,0.20977204043192565
power,PL,14.331814598205613,27,256,1.4728665135264858,0.19928236688150816
power,PL,14.331814598205613,27,256,1.4974944160481687,0.1930675546212414
power,PL,14.331814598205613,27,256,1.5220746011321264,0.1842621343203158
power,PL,14.331814598205613,27,256,1.5463934411415703,0.1752291934354825
power,PL,14.331814598205613,27,256,1.5707513346510054,0.17198048368321125
power,PL,14.331814598205613,27,256,1.5955213151096161,0.16453067896503076
power,PL,14.331814598205613,27,256,1.6201926934712723,0.15980547723556773
power,PL,14.331814598205613,27,256,1.6447426353275962,0.1527800528410481
power,PL,14.331814598205613,27,256,1.6692521022001021,0.1490327674265128
power,PL,14.331814598205613,27,256,1.6938323170631577,0.1433888592808155
power,PL,14.331814598205613,27,256,1.718429203998171,0.13962435075239615
power,PL,14.331814598205613,27,256,1.742766194611624,0.13426033764245707
power,PL,14.331814598205613,27,256,1.767259942282522,0.12938140897381542
power,PL,14.331814598205613,27,256,1.791856165685507,0.1261287595733211
power,PL,14.331814598205613,27,256,1.8165052119050797,0.12191061376708974
power,PL,14.331814598205613,27,256,1.84106948650222,0.11755635545990996
power,PL,14.331814598205613,27,256,1.8655473365324868,0.11469752700571963
power,PL,14.331814598205613,27,256,1.8901597802312908,0.10984546618906342
power,PL,14.331814598205613,27,256,1.9146480540447401,0.10737745473471862
power,PL,14.331814598205613,27,256,1.939059763715855,0.10421574602594028
power,PL,14.331814598205613,27,256,1.9635386553798613,0.10228771243601731
power,PL,14.331814598205613,27,256,1.9881418995995372,0.09833522735390272
power,PL,14.331814598205613,27,256,2.012791865355253,0.0952308680487645
power,PL,14.331814598205613,27,256,2.0373677965526436,0.09267408033378197
power,PL,14.331814598205613,27,256,2.061830564445913,0.09121503795113985
power,PL,14.331814598205613,27,256,2.086390694548735,0.08879750080833641
power,PL,14.331814598205613,27,256,2.1110563056819687,0.08569025115754436
power,PL,14.331814598205613,27,256,2.135537792991106,0.08311757132687374
power,PL,14.331814598205613,27,256,2.159998138153035,0.08157036079000358
power,PL,14.331814598205613,27,256,2.1845468792357265,0.07896535950652268
power,PL,14.331814598205613,27,256,2.209197537182775,0.07716042596571268
power,PL,14.331814598205613,27,256,2.233806633592115,0.07542790893646421
power,PL,14.331814598205613,27,256,2.2582915083645076,0.07365365773595835
power,PL,14.331814598205613,27,256,2.2828338607082084,0.07136006142415414
power,PL,14.331814598205613,27,256,2.3073017772048177,0.07015470384138038
power,PL,14.331814598205613,27,256,2.331703110949515,0.06849865388892167
power,PL,14.331814598205613,27,256,2.3561360982141064,0.06691778568430642
power,PL,14.331814598205613,27,256,2.380737492036452,0.06499834461474006
power,PL,14.331814598205613,27,256,2.4055149512632847,0.06304263234858518
power,PL,14.331814598205613,27,256,2.4300869274031247,0.06201965752626465
power,PL,14.331814598205613,27,256,2.4545548306603284,0.06028077866794495
power,PL,14.331814598205613,27,256,2.4790865069574943,0.05873389777023622
power,PL,14.331814598205613,27,256,2.5036704305305424,0.057720274681190425
power,PL,14.331814598205613,27,256,2.528270183716259,0.05676132030197096
power,PL,14.331814598205613,27,256,2.552643460276946,0.05534826574387904
power,PL,14.331814598205613,27,256,2.577201892589191,0.05425141517693906
power,PL,14.331814598205613,27,256,2.6018560165083144,0.05342525546370371
power,PL,14.331814598205613,27,256,2.6263288098649222,0.052049255004421875
power,PL,14.331814598205613,27,256,2.6508121830306464,0.05051393657852201
power,PL,14.331814598205613,27,256,2.675443482089977,0.0495124165058085
power,PL,14.331814598205613,27,256,2.7000979583903626,0.0491536211914714
power,PL,14.331814598205613,27,256,2.724496195195882,0.047928107505715876
power,PL,14.331814598205613,27,256,2.748948188579295,0.0465447830978038
power,PL,14.331814598205613,27,256,2.773522549605598,0.045572957048278684
power,PL,14.331814598205613,27,256,2.798144761883231,0.044804952255090284
power,PL,14.331814598205613,27,256,2.8226598585414346,0.04397487059046572
power,PL,14.331814598205613,27,256,2.847154872351462,0.043327569055858633
power,PL,14.331814598205613,27,256,2.871827835114871,0.041773401542160984
power,PL,14.331814598205613,27,256,2.8963613024431614,0.041473912731393385
power,PL,14.331814598205613,27,256,2.9207438511347443,0.04058843309415003
power,PL,14.331814598205613,27,256,2.94526757839102,0.039748162835785195
power,PL,14.331814598205613,27,256,2.9698884956599376,0.038875178151982694
power,PL,14.331814598205613,27,256,2.994489139563538,0.038266096401760444
power,PL,14.331814598205613,27,256,3.0190382599860044,0.03707974129081468
power,PL,14.331814598205613,27,256,3.0435523062452345,0.0366291352173135
power,PL,14.331814598205613,27,256,3.068170188883887,0.03581693455598995
power,PL,14.331814598205613,27,256,3.0927380933296216,0.0352838270785259
power,PL,14.331814598205613,27,256,3.1171641214553856,0.03472535033638665
power,PL,10.51901923231075,30,256,0.0313212461565073,251.01278255982243
power,PL,10.51901923231075,30,256,0.054752145345661356,120.2401926015106
power,PL,10.51901923231075,30,256,0.07692383885216451,90.8873808329513
power,PL,10.51901923231075,30,256,0.09966162230830337,76.00318382007703
power,PL,10.51901923231075,30,256,0.12511351331450943,59.249522362925106
power,PL,10.51901923231075,30,256,0.15025472412609966,39.14671284071833
power,PL,10.51901923231075,30,256,0.17356669305616573,30.08536541710031
power,PL,10.51901923231075,30,256,0.1969650561149323,24.310739306692867
power,PL,10.51901923231075,30,256,0.2223017820571719,21.030174542385467
power,PL,10.51901923231075,30,256,0.24772821384680524,17.084822604556116
power,PL,10.51901923231075,30,256,0.2714838997836198,14.176673123472064
power,PL,10.51901923231075,30,256,0.2952393892533773,11.498743419539442
power,PL,10.51901923231075,30,256,0.32016672397367135,10.21405692448847
power,PL,10.51901923231075,30,256,0.34493070130200054,8.324758458022632
power,PL,10.51901923231075,30,256,0.3685629107918764,8.063933910107352
power,PL,10.51901923231075,30,256,0.39281248333983404,6.691063505603202
power,PL,10.51901923231075,30,256,0.41802270733219404,5.96451381481736
power,PL,10.51901923231075,30,256,0.4430752669658697,5.094711382117641
power,PL,10.51901923231075,30,256,0.46722214928169786,4.642509655906387
power,PL,10.51901923231075,30,256,0.4913294881940436,4.204165212923808
power,PL,10.51901923231075,30,256,0.5162067686956312,3.777158024469913
power,PL,10.51901923231075,30,256,0.5408446463692522,3.4291301276381105
power,PL,10.51901923231075,30,256,0.5650376114965061,3.0385814352048337
power,PL,10.51901923231075,30,256,0.5892711066164427,2.7961624481782814
power,PL,10.51901923231075,30,256,0.6139562317597167,2.56162679350602
power,PL,10.51901923231075,30,256,0.6388346508015916,2.3730530886468584
power,PL,10.51901923231075,30,256,0.663380853616023,2.181240905415349
power,PL,10.51901923231075,30,256,0.687895456095786,2.11147541207046
power,PL,10.51901923231075,30,256,0.7124989295569584,1.9139982479426807
power,PL,10.51901923231075,30,256,0.736916296464924,1.7866224723874642
power,PL,10.51901923231075,30,256,0.7613594367769183,1.6414476254237635
power,PL,10.51901923231075,30,256,0.7857124662472791,1.5046790505049674
power,PL,10.51901923231075,30,256,0.810137747986822,1.4230625044829202
power,PL,10.51901923231075,30,256,0.834917120504456,1.3216180190237163
power,PL,10.51901923231075,30,256,0.8595036589073478,1.2598397912660095
power,PL,10.51901923231075,30,256,0.8839565785490576,1.2181335921988128
power,PL,10.51901923231075,30,256,0.9085873013365826,1.1124540759485513
power,PL,10.51901923231075,30,256,0.93315996057299,1.0546868832253116
power,PL,10.51901923231075,30,256,0.957506690409634,1.00248109819729
power,PL,10.51901923231075,30,256,0.9819279850991849,0.9325462204726657
power,PL,10.51901923231075,30,256,1.0066674312761883,0.8902821639246924
power,PL,10.51901923231075,30,256,1.0313291082710536,0.8419012693443814
power,PL,10.51901923231075,30,256,1.0558188182967405,0.7898903299426207
power,PL,10.51901923231075,30,256,1.0803177204141923,0.7462514863358503
power,PL,10.51901923231075,30,256,1.1049596638350512,0.7113517028060201
power,PL,10.51901923231075,30,256,1.129486121097224,0.6855343245184271
power,PL,10.51901923231075,30,256,1.1537192393504785,0.6476387134100011
power,PL,10.51901923231075,30,256,1.1781536455689063,0.6255582696463942
power,PL,10.51901923231075,30,256,1.2028829334540618,0.5947851613178642
power,PL,10.51901923231075,30,256,1.2276398813718887,0.5656453741539291
power,PL,10.51901923231075,30,256,1.2521331122112618,0.5449496698777043
power,PL,10.51901923231075,30,256,1.2766116197584787,0.5259519767041676
power,PL,10.51901923231075,30,256,1.3012639361718907,0.5006068403029365
power,PL,10.51901923231075,30,256,1.3257985065897926,0.47553941837507274
power,PL,10.51901923231075,30,256,1.3501519987288393,0.454501148841175
power,PL,10.51901923231075,30,256,1.3745334244052962,0.4376106785741602
power,PL,10.51901923231075,30,256,1.3992303251151714,0.41857575541241737
power,PL,10.51901923231075,30,256,1.4238732114992796,0.4001220773219394
power,PL,10.51901923231075,30,256,1.4482961332980369,0.389894172396905
power,PL,10.51901923231075,30,256,1.4728665135264858,0.3727331579438836
power,PL,10.51901923231075,30,256,1.4974944160481687,0.3588756527649177
power,PL,10.51901923231075,30,256,1.5220746011321264,0.3413596775701074
power,PL,10.51901923231075,30,256,1.5463934411415703,0.3268967847523068
power,PL,10.51901923231075,30,256,1.5707513346510054,0.31928230351012876
power,PL,10.51901923231075,30,256,1.5955213151096161,0.305609369756305
power,PL,10.51901923231075,30,256,1.6201926934712723,0.2963845591335051
power,PL,10.51901923231075,30,256,1.6447426353275962,0.2870259226821663
power,PL,10.51901923231075,30,256,1.6692521022001021,0.2760367708637359
power,PL,10.51901923231075,30,256,1.6938323170631577,0.26556496558224274
power,PL,10.51901923231075,30,256,1.718429203998171,0.2604032503144288
power,PL,10.51901923231075,30,256,1.742766194611624,0.2494920772341566
power,PL,10.51901923231075,30,256,1.767259942282522,0.24250557090112096
power,PL,10.51901923231075,30,256,1.791856165685507,0.23328652743040046
power,PL,10.51901923231075,30,256,1.8165052119050797,0.22546848477302864
power,PL,10.51901923231075,30,256,1.84106948650222,0.2192290953130696
power,PL,10.51901923231075,30,256,1.8655473365324868,0.21275923997396728
power,PL,10.51901923231075,30,256,1.8901597802312908,0.20485378495503237
power,PL,10.51901923231075,30,256,1.9146480540447401,0.19848195497458734
power,PL,10.51901923231075,30,256,1.939059763715855,0.1934526567386221
power,PL,10.51901923231075,30,256,1.9635386553798613,0.18834281191476032
power,PL,10.51901923231075,30,256,1.9881418995995372,0.18214540483111402
power,PL,10.51901923231075,30,256,2.012791865355253,0.17623929105194266
power,PL,10.51901923231075,30,256,2.0373677965526436,0.17134676808291482
power,PL,10.51901923231075,30,256,2.061830564445913,0.16641421886076865
power,PL,10.51901923231075,30,256,2.086390694548735,0.1641939321280836
power,PL,10.51901923231075,30,256,2.1110563056819687,0.15821632673433117
power,PL,10.51901923231075,30,256,2.135537792991106,0.15389071418952177
power,PL,10.51901923231075,30,256,2.159998138153035,0.14899407906494017
power,PL,10.51901923231075,30,256,2.1845468792357265,0.14445756115365352
power,PL,10.51901923231075,30,256,2.209197537182775,0.14205317049268348
power,PL,10.51901923231075,30,256,2.233806633592115,0.13766330842220406
power,PL,10.51901923231075,30,256,2.2582915083645076,0.13450495590533185
power,PL,10.51901923231075,30,256,2.2828338607082084,0.13059176279301266
power,PL,10.51901923231075,30,256,2.3073017772048177,0.1282833400539854
power,PL,10.51901923231075,30,256,2.331703110949515,0.12367382669247781
power,PL,10.51901923231075,30,256,2.3561360982141064,0.121179139392759
power,PL,10.51901923231075,30,256,2.380737492036452,0.11785503624034803
power,PL,10.51901923231075,30,256,2.4055149512632847,0.11459371805448608
power,PL,10.51901923231075,30,256,2.4300869274031247,0.11192889838370196
power,PL,10.51901923231075,30,256,2.4545548306603284,0.10929887519861337
power,PL,10.51901923231075,30,256,2.4790865069574943,0.10621570242403607
power,PL,10.51901923231075,30,256,2.5036704305305424,0.10387980794359011
power,PL,10.51901923231075,30,256,2.528270183716259,0.10194424922415539
power,PL,10.51901923231075,30,256,2.552643460276946,0.09941629609090089
power,PL,10.51901923231075,30,256,2.577201892589191,0.0971959164770168
power,PL,10.51901923231075,30,256,2.6018560165083144,0.09568078311190376
power,PL,10.51901923231075,30,256,2.6263288098649222,0.09279848404997124
power,PL,10.51901923231075,30,256,2.6508121830306464,0.09041383619064114
power,PL,10.51901923231075,30,256,2.675443482089977,0.08794301223535284
power,PL,10.51901923231075,30,256,2.7000979583903626,0.08735865446242373
power,PL,10.51901923231075,30,256,2.724496195195882,0.08484504728085544
power,PL,10.51901923231075,30,256,2.748948188579295,0.08352618057129514
power,PL,10.51901923231075,30,256,2.773522549605598,0.0812329649827607
power,PL,10.51901923231075,30,256,2.798144761883231,0.07925748301827981
power,PL,10.51901923231075,30,256,2.8226598585414346,0.07767910979621682
power,PL,10.51901923231075,30,256,2.847154872351462,0.07668608132176988
power,PL,10.51901923231075,30,256,2.871827835114871,0.07473138174212403
power,PL,10.51901923231075,30,256,2.8963613024431614,0.07269549626560233
power,PL,10.51901923231075,30,256,2.9207438511347443,0.07181998045174524
power,PL,10.51901923231075,30,256,2.94526757839102,0.06981992754920177
power,PL,10.51901923231075,30,256,2.9698884956599376,0.06860582382542911
power,PL,10.51901923231075,30,256,2.994489139563538,0.06763235440840372
power,PL,10.51901923231075,30,256,3.0190382599860044,0.06566146028409983
power,PL,10.51901923231075,30,256,3.0435523062452345,0.06422116026085885
power,PL,10.51901923231075,30,256,3.068170188883887,0.06339278870897083
power,PL,10.51901923231075,30,256,3.0927380933296216,0.062176659622957604
power,PL,10.51901923231075,30,256,3.1171641214553856,0.06148422580276257
power,PL,2.0333177828202462,44,256,0.0313212461565073,3438.002828307394
power,PL,2.0333177828202462,44,256,0.054752145345661356,1669.0748628515355
power,PL,2.0333177828202462,44,256,0.07692383885216451,1280.1959448510095
power,PL,2.0333177828202462,44,256,0.09966162230830337,1071.5732255832254
power,PL,2.0333177828202462,44,256,0.12511351331450943,833.5585048143107
power,PL,2.0333177828202462,44,256,0.15025472412609966,564.2213215704562
power,PL,2.0333177828202462,44,256,0.17356669305616573,434.33985185701715
power,PL,2.0333177828202462,44,256,0.1969650561149323,370.82677920092146
power,PL,2.0333177828202462,44,256,0.2223017820571719,316.33901632831555
power,PL,2.0333177828202462,44,256,0.24772821384680524,245.7432569135048
power,PL,2.0333177828202462,44,256,0.2714838997836198,226.22891027584276
power,PL,2.0333177828202462,44,256,0.2952393892533773,181.59876108537483
power,PL,2.0333177828202462,44,256,0.32016672397367135,161.84327373255792
power,PL,2.0333177828202462,44,256,0.34493070130200054,134.8358935016444
power,PL,2.0333177828202462,44,256,0.3685629107918764,128.11113340699802
power,PL,2.0333177828202462,44,256,0.39281248333983404,114.2815301879853
power,PL,2.0333177828202462,44,256,0.41802270733219404,103.63128546049828
power,PL,2.0333177828202462,44,256,0.4430752669658697,91.42192369417918
power,PL,2.0333177828202462,44,256,0.46722214928169786,85.37766128814417
power,PL,2.0333177828202462,44,256,0.4913294881940436,75.62029555714811
power,PL,2.0333177828202462,44,256,0.5162067686956312,70.12243179457836
power,PL,2.0333177828202462,44,256,0.5408446463692522,65.73943101045178
power,PL,2.0333177828202462,44,256,0.5650376114965061,60.25836835844114
power,PL,2.0333177828202462,44,256,0.5892711066164427,56.00836028813627
power,PL,2.0333177828202462,44,256,0.6139562317597167,51.73602411147485
power,PL,2.0333177828202462,44,256,0.6388346508015916,48.42764658777621
power,PL,2.0333177828202462,44,256,0.663380853616023,46.30022365365816
power,PL,2.0333177828202462,44,256,0.687895456095786,44.245264484946254
power,PL,2.0333177828202462,44,256,0.7124989295569584,42.45403476386304
power,PL,2.0333177828202462,44,256,0.736916296464924,40.21246256838047
power,PL,2.0333177828202462,44,256,0.7613594367769183,37.48930553824
power,PL,2.0333177828202462,44,256,0.7857124662472791,35.26023297450555
power,PL,2.0333177828202462,44,256,0.810137747986822,35.1454791844643
power,PL,2.0333177828202462,44,256,0.834917120504456,32.56408033424476
power,PL,2.0333177828202462,44,256,0.8595036589073478,31.913335588677874
power,PL,2.0333177828202462,44,256,0.8839565785490576,29.944672500570352
power,PL,2.0333177828202462,44,256,0.9085873013365826,29.198990554572035
power,PL,2.0333177828202462,44,256,0.93315996057299,27.796790239257056
power,PL,2.0333177828202462,44,256,0.957506690409634,26.24741333740612
power,PL,2.0333177828202462,44,256,0.9819279850991849,25.532730526578455
power,PL,2.0333177828202462,44,256,1.0066674312761883,24.860229463518518
power,PL,2.0333177828202462,44,256,1.0313291082710536,24.03149222183941
power,PL,2.0333177828202462,44,256,1.0558188182967405,23.41397832144688
power,PL,2.0333177828202462,44,256,1.0803177204141923,22.48172056750181
power,PL,2.0333177828202462,44,256,1.1049596638350512,21.912116855312433
power,PL,2.0333177828202462,44,256,1.129486121097224,20.96550440226188
power,PL,2.0333177828202462,44,256,1.1537192393504785,20.23246184139861
power,PL,2.0333177828202462,44,256,1.1781536455689063,19.95134472955357
power,PL,2.0333177828202462,44,256,1.2028829334540618,19.16382166526647
power,PL,2.0333177828202462,44,256,1.2276398813718887,18.811889927440753
power,PL,2.0333177828202462,44,256,1.2521331122112618,18.137219156350262
power,PL,2.0333177828202462,44,256,1.2766116197584787,17.455984671518507
power,PL,2.0333177828202462,44,256,1.3012639361718907,17.232826436004814
power,PL,2.0333177828202462,44,256,1.3257985065897926,16.81300465873754
power,PL,2.0333177828202462,44,256,1.3501519987288393,16.5739654471346
power,PL,2.0333177828202462,44,256,1.3745334244052962,16.186070401779933
power,PL,2.0333177828202462,44,256,1.3992303251151714,15.840109389527992
power,PL,2.0333177828202462,44,256,1.4238732114992796,15.427963933807147
power,PL,2.0333177828202462,44,256,1.4482961332980369,15.094059196948047
power,PL,2.0333177828202462,44,256,1.4728665135264858,14.564645667687499
power,PL,2.0333177828202462,44,256,1.4974944160481687,14.332524003938095
power,PL,2.0333177828202462,44,256,1.5220746011321264,14.121936986233887
power,PL,2.0333177828202462,44,256,1.5463934411415703,13.833440681356988
power,PL,2.0333177828202462,44,256,1.5707513346510054,13.423316826540276
power,PL,2.0333177828202462,44,256,1.5955213151096161,13.401102542648582
power,PL,2.0333177828202462,44,256,1.6201926934712723,12.992280997829106
power,PL,2.0333177828202462,44,256,1.6447426353275962,12.800776957885809
power,PL,2.0333177828202462,44,256,1.6692521022001021,12.42968395204525
power,PL,2.0333177828202462,44,256,1.6938323170631577,12.239655049526798
power,PL,2.0333177828202462,44,256,1.718429203998171,12.068267141256218
power,PL,2.0333177828202462,44,256,1.742766194611624,11.738602994643724
power,PL,2.0333177828202462,44,256,1.767259942282522,11.563313425118755
power,PL,2.0333177828202462,44,256,1.791856165685507,11.381749641366907
power,PL,2.0333177828202462,44,256,1.8165052119050797,11.177958637878772
power,PL,2.0333177828202462,44,256,1.84106948650222,11.029448207334712
power,PL,2.0333177828202462,44,256,1.8655473365324868,10.811307558030858
power,PL,2.0333177828202462,44,256,1.8901597802312908,10.592438540993275
power,PL,2.0333177828202462,44,256,1.9146480540447401,10.48748259571286
power,PL,2.0333177828202462,44,256,1.939059763715855,10.378933287504
power,PL,2.0333177828202462,44,256,1.9635386553798613,10.157421518127052
power,PL,2.0333177828202462,44,256,1.9881418995995372,9.951079544009838
power,PL,2.0333177828202462,44,256,2.012791865355253,9.842565815341663
power,PL,2.0333177828202462,44,256,2.0373677965526436,9.746951287781577
power,PL,2.0333177828202462,44,256,2.061830564445913,9.501879105737883
power,PL,2.0333177828202462,44,256,2.086390694548735,9.451590858080147
power,PL,2.0333177828202462,44,256,2.1110563056819687,9.221449388207855
power,PL,2.0333177828202462,44,256,2.135537792991106,9.120080663900257
power,PL,2.0333177828202462,44,256,2.159998138153035,8.95858290667419
power,PL,2.0333177828202462,44,256,2.1845468792357265,8.85966194094389
power,PL,2.0333177828202462,44,256,2.209197537182775,8.732823141759296
power,PL,2.0333177828202462,44,256,2.233806633592115,8.57110493461289
power,PL,2.0333177828202462,44,256,2.2582915083645076,8.492892279232711
power,PL,2.0333177828202462,44,256,2.2828338607082084,8.428410470631798
power,PL,2.0333177828202462,44,256,2.3073017772048177,8.291341405414194
power,PL,2.0333177828202462,44,256,2.331703110949515,8.208768737958998
power,PL,2.0333177828202462,44,256,2.3561360982141064,8.067654918386236
power,PL,2.0333177828202462,44,256,2.380737492036452,7.983610612657127
power,PL,2.0333177828202462,44,256,2.4055149512632847,7.850116952119076
power,PL,2.0333177828202462,44,256,2.4300869274031247,7.8208232782692795
power,PL,2.0333177828202462,44,256,2.4545548306603284,7.647715033753615
power,PL,2.0333177828202462,44,256,2.4790865069574943,7.532470705515528
power,PL,2.0333177828202462,44,256,2.5036704305305424,7.479009288063924
power,PL,2.0333177828202462,44,256,2.528270183716259,7.36105897515886
power,PL,2.0333177828202462,44,256,2.552643460276946,7.316433304386301
power,PL,2.0333177828202462,44,256,2.577201892589191,7.1914782682459775
power,PL,2.0333177828202462,44,256,2.6018560165083144,7.110036815777403
power,PL,2.0333177828202462,44,256,2.6263288098649222,7.0144434248702225
power,PL,2.0333177828202462,44,256,2.6508121830306464,6.951964392119467
power,PL,2.0333177828202462,44,256,2.675443482089977,6.8828378267968855
power,PL,2.0333177828202462,44,256,2.7000979583903626,6.784254233566312
power,PL,2.0333177828202462,44,256,2.724496195195882,6.782303426162383
power,PL,2.0333177828202462,44,256,2.748948188579295,6.601160727043867
power,PL,2.0333177828202462,44,256,2.773522549605598,6.534410580676825
power,PL,2.0333177828202462,44,256,2.798144761883231,6.477606629308343
power,PL,2.0333177828202462,44,256,2.8226598585414346,6.40945128646991
power,PL,2.0333177828202462,44,256,2.847154872351462,6.346130187261787
power,PL,2.0333177828202462,44,256,2.871827835114871,6.269687196686805
power,PL,2.0333177828202462,44,256,2.8963613024431614,6.2144999386473385
power,PL,2.0333177828202462,44,256,2.9207438511347443,6.113671956476961
power,PL,2.0333177828202462,44,256,2.94526757839102,6.091101551345791
power,PL,2.0333177828202462,44,256,2.9698884956599376,6.016107486633528
power,PL,2.0333177828202462,44,256,2.994489139563538,5.939276898961652
power,PL,2.0333177828202462,44,256,3.0190382599860044,5.8666670290181
power,PL,2.0333177828202462,44,256,3.0435523062452345,5.806396806089476
power,PL,2.0333177828202462,44,256,3.068170188883887,5.709675206554859
power,PL,2.0333177828202462,44,256,3.0927380933296216,5.673109909386832
power,PL,2.0333177828202462,44,256,3.1171641214553856,5.618332449603567
power,kp1,19.40664523021168,24,256,0.0313212461565073,80.28683914607005
power,kp1,19.40664523021168,24,256,0.054752145345661356,38.367508132476296
power,kp1,19.40664523021168,24,256,0.07692383885216451,28.927351305812405
power,kp1,19.40664523021168,24,256,0.09966162230830337,24.150792218215887
power,kp1,19.40664523021168,24,256,0.12511351331450943,18.862377350740847
power,kp1,19.40664523021168,24,256,0.15025472412609966,12.432449095457224
power,kp1,19.40664523021168,24,256,0.17356669305616573,9.559021754728137
power,kp1,19.40664523021168,24,256,0.1969650561149323,7.671282765396543
power,kp1,19.40664523021168,24,256,0.2223017820571719,6.642889749242517
power,kp1,19.40664523021168,24,256,0.24772821384680524,5.426373362256871
power,kp1,19.40664523021168,24,256,0.2714838997836198,4.462227722235592
power,kp1,19.40664523021168,24,256,0.2952393892533773,3.6335913805372138
power,kp1,19.40664523021168,24,256,0.32016672397367135,3.2210373284364637
power,kp1,19.40664523021168,24,256,0.34493070130200054,2.620648220099366
power,kp1,19.40664523021168,24,256,0.3685629107918764,2.549182704192541
power,kp1,19.40664523021168,24,256,0.39281248333983404,2.100899417177041
power,kp1,19.40664523021168,24,256,0.41802270733219404,1.8639637101316988
power,kp1,19.40664523021168,24,256,0.4430752669658697,1.5905435057327297
power,kp1,19.40664523021168,24,256,0.46722214928169786,1.448973161547368
power,kp1,19.40664523021168,24,256,0.4913294881940436,1.3208608742589585
power,kp1,19.40664523021168,24,256,0.5162067686956312,1.1757732977239594
power,kp1,19.40664523021168,24,256,0.5408446463692522,1.0555815945766296
power,kp1,19.40664523021168,24,256,0.5650376114965061,0.9443211647394059
power,kp1,19.40664523021168,24,256,0.5892711066164427,0.8603931401390572
power,kp1,19.40664523021168,24,256,0.6139562317597167,0.787547732516291
power,kp1,19.40664523021168,24,256,0.6388346508015916,0.731485000887593
power,kp1,19.40664523021168,24,256,0.663380853616023,0.6691049422344841
power,kp1,19.40664523021168,24,256,0.687895456095786,0.6472162979220645
power,kp1,19.40664523021168,24,256,0.7124989295569584,0.5867676876038385
power,kp1,19.40664523021168,24,256,0.736916296464924,0.5457841710057706
power,kp1,19.40664523021168,24,256,0.7613594367769183,0.5009254382389576
power,kp1,19.40664523021168,24,256,0.7857124662472791,0.45683904005946196
power,kp1,19.40664523021168,24,256,0.810137747986822,0.4299435373277782
power,kp1,19.40664523021168,24,256,0.834917120504456,0.39850216535266003
power,kp1,19.40664523021168,24,256,0.8595036589073478,0.38128636672338684
power,kp1,19.40664523021168,24,256,0.8839565785490576,0.3661908820087436
power,kp1,19.40664523021168,24,256,0.9085873013365826,0.3341803474664193
power,kp1,19.40664523021168,24,256,0.93315996057299,0.31850138283872964
power,kp1,19.40664523021168,24,256,0.957506690409634,0.29801469179546397
power,kp1,19.40664523021168,24,256,0.9819279850991849,0.27885854129432014
power,kp1,19.40664523021168,24,256,1.0066674312761883,0.2669849675353884
power,kp1,19.40664523021168,24,256,1.0313291082710536,0.25548889597158314
power,kp1,19.40664523021168,24,256,1.0558188182967405,0.2424992722075349
power,kp1,19.40664523021168,24,256,1.0803177204141923,0.2309691175286564
power,kp1,19.40664523021168,24,256,1.1049596638350512,0.22286510363561848
power,kp1,19.40664523021168,24,256,1.129486121097224,0.216907747850789
power,kp1,19.40664523021168,24,256,1.1537192393504785,0.20747996769603155
power,kp1,19.40664523021168,24,256,1.1781536455689063,0.20160595931169364
power,kp1,19.40664523021168,24,256,1.2028829334540618,0.19349779516949295
power,kp1,19.40664523021168,24,256,1.2276398813718887,0.18579717690202988
power,kp1,19.40664523021168,24,256,1.2521331122112618,0.18145339931323343
power,kp1,19.40664523021168,24,256,1.2766116197584787,0.1763514035994481
power,kp1,19.40664523021168,24,256,1.3012639361718907,0.16858759612992283
power,kp1,19.40664523021168,24,256,1.3257985065897926,0.16053535811606115
power,kp1,19.40664523021168,24,256,1.3501519987288393,0.15680515890562974
power,kp1,19.40664523021168,24,256,1.3745334244052962,0.15239794082294028
power,kp1,19.40664523021168,24,256,1.3992303251151714,0.1467701129913285
power,kp1,19.40664523021168,24,256,1.4238732114992796,0.14179063909749512
power,kp1,19.40664523021168,24,256,1.4482961332980369,0.13994276799109664
power,kp1,19.40664523021168,24,256,1.4728665135264858,0.13297212515796292
power,kp1,19.40664523021168,24,256,1.4974944160481687,0.1302693048617957
power,kp1,19.40664523021168,24,256,1.5220746011321264,0.12581394011617314
power,kp1,19.40664523021168,24,256,1.5463934411415703,0.12066639333134324
power,kp1,19.40664523021168,24,256,1.5707513346510054,0.11886270672834856
power,kp1,19.40664523021168,24,256,1.5955213151096161,0.11487631092146484
power,kp1,19.40664523021168,24,256,1.6201926934712723,0.11252013636592607
power,kp1,19.40664523021168,24,256,1.6447426353275962,0.10888074332899866
power,kp1,19.40664523021168,24,256,1.6692521022001021,0.10673649201600517
power,kp1,19.40664523021168,24,256,1.6938323170631577,0.10369004302519635
power,kp1,19.40664523021168,24,256,1.718429203998171,0.10141388964727975
power,kp1,19.40664523021168,24,256,1.742766194611624,0.0977779763333064
power,kp1,19.40664523021168,24,256,1.767259942282522,0.09580020427895118
power,kp1,19.40664523021168,24,256,1.791856165685507,0.09308592704344999
power,kp1,19.40664523021168,24,256,1.8165052119050797,0.09106750246024202
power,kp1,19.40664523021168,24,256,1.84106948650222,0.08847572926143557
power,kp1,19.40664523021168,24,256,1.8655473365324868,0.08692957469123762
power,kp1,19.40664523021168,24,256,1.8901597802312908,0.08419162732931063
power,kp1,19.40664523021168,24,256,1.9146480540447401,0.08244595902229077
power,kp1,19.40664523021168,24,256,1.939059763715855,0.08041967566959568
power,kp1,19.40664523021168,24,256,1.9635386553798613,0.0792074930404931
power,kp1,19.40664523021168,24,256,1.9881418995995372,0.07670686846111673
power,kp1,19.40664523021168,24,256,2.012791865355253,0.07512272772373949
power,kp1,19.40664523021168,24,256,2.0373677965526436,0.07341496698866248
power,kp1,19.40664523021168,24,256,2.061830564445913,0.0723099005127411
power,kp1,19.40664523021168,24,256,2.086390694548735,0.07126221961119068
power,kp1,19.40664523021168,24,256,2.1110563056819687,0.06852303978273032
power,kp1,19.40664523021168,24,256,2.135537792991106,0.06752945782014906
power,kp1,19.40664523021168,24,256,2.159998138153035,0.065892691492687
power,kp1,19.40664523021168,24,256,2.1845468792357265,0.06446599064326397
power,kp1,19.40664523021168,24,256,2.209197537182775,0.06316335611953208
power,kp1,19.40664523021168,24,256,2.233806633592115,0.0616533167325946
power,kp1,19.40664523021168,24,256,2.2582915083645076,0.06070316393351048
power,kp1,19.40664523021168,24,256,2.2828338607082084,0.059433689189767235
power,kp1,19.40664523021168,24,256,2.3073017772048177,0.058304316536023276
power,kp1,19.40664523021168,24,256,2.331703110949515,0.05727519881600974
power,kp1,19.40664523021168,24,256,2.3561360982141064,0.055955391098256146
power,kp1,19.40664523021168,24,256,2.380737492036452,0.05507547351944355
power,kp1,19.40664523021168,24,256,2.4055149512632847,0.053595689466466055
power,kp1,19.40664523021168,24,256,2.4300869274031247,0.05237390663012054
power,kp1,19.40664523021168,24,256,2.4545548306603284,0.051310704050846916
power,kp1,19.40664523021168,24,256,2.4790865069574943,0.05049801106367066
power,kp1,19.40664523021168,24,256,2.5036704305305424,0.049857461898002754
power,kp1,19.40664523021168,24,256,2.528270183716259,0.04858977771103072
power,kp1,19.40664523021168,24,256,2.552643460276946,0.04752299330057796
power,kp1,19.40664523021168,24,256,2.577201892589191,0.046890366067073926
power,kp1,19.40664523021168,24,256,2.6018560165083144,0.04617492877671701
power,kp1,19.40664523021168,24,256,2.6263288098649222,0.04528284151731287
power,kp1,19.40664523021168,24,256,2.6508121830306464,0.044513180267680585
power,kp1,19.40664523021168,24,256,2.675443482089977,0.043569530108521305
power,kp1,19.40664523021168,24,256,2.7000979583903626,0.042767854037423204
power,kp1,19.40664523021168,24,256,2.724496195195882,0.042078448067662234
power,kp1,19.40664523021168,24,256,2.748948188579295,0.041141476860401656
power,kp1,19.40664523021168,24,256,2.773522549605598,0.04046509564972608
power,kp1,19.40664523021168,24,256,2.798144761883231,0.03980641015689744
power,kp1,19.40664523021168,24,256,2.8226598585414346,0.03903895880317534
power,kp1,19.40664523021168,24,256,2.847154872351462,0.03836891389793096
power,kp1,19.40664523021168,24,256,2.871827835114871,0.03744269533581178
power,kp1,19.40664523021168,24,256,2.8963613024431614,0.037221882410676616
power,kp1,19.40664523021168,24,256,2.9207438511347443,0.03613041750156387
power,kp1,19.40664523021168,24,256,2.94526757839102,0.03561064154548077
power,kp1,19.40664523021168,24,256,2.9698884956599376,0.03507374156420786
power,kp1,19.40664523021168,24,256,2.994489139563538,0.03460655753643301
power,kp1,19.40664523021168,24,256,3.0190382599860044,0.033707284046059396
power,kp1,19.40664523021168,24,256,3.0435523062452345,0.03303586879957391
power,kp1,19.40664523021168,24,256,3.068170188883887,0.03213798572464448
power,kp1,19.40664523021168,24,256,3.0927380933296216,0.03208022748697093
power,kp1,19.40664523021168,24,256,3.1171641214553856,0.0314416650556716
power,kp1,14.331814598205613,27,256,0.0313212461565073,141.9803554433329
power,kp1,14.331814598205613,27,256,0.054752145345661356,67.91721868991503
power,kp1,14.331814598205613,27,256,0.07692383885216451,51.25775644376723
power,kp1,14.331814598205613,27,256,0.09966162230830337,42.849411590036674
power,kp1,14.331814598205613,27,256,0.12511351331450943,33.42431972904844
power,kp1,14.331814598205613,27,256,0.15025472412609966,22.053055363673778
power,kp1,14.331814598205613,27,256,0.17356669305616573,16.957070564728724
power,kp1,14.331814598205613,27,256,0.1969650561149323,13.642438801043358
power,kp1,14.331814598205613,27,256,0.2223017820571719,11.809037739376516
power,kp1,14.331814598205613,27,256,0.24772821384680524,9.62610953636752
power,kp1,14.331814598205613,27,256,0.2714838997836198,7.94553021230908
power,kp1,14.331814598205613,27,256,0.2952393892533773,6.45949308932786
power,kp1,14.331814598205613,27,256,0.32016672397367135,5.7340970284505275
power,kp1,14.331814598205613,27,256,0.34493070130200054,4.6696512363298615
power,kp1,14.331814598205613,27,256,0.3685629107918764,4.530355688251049
power,kp1,14.331814598205613,27,256,0.39281248333983404,3.7440209071967727
power,kp1,14.331814598205613,27,256,0.41802270733219404,3.3303605880985185
power,kp1,14.331814598205613,27,256,0.4430752669658697,2.8412591920943804
power,kp1,14.331814598205613,27,256,0.46722214928169786,2.5868428095590916
power,kp1,14.331814598205613,27,256,0.4913294881940436,2.3508511359373054
power,kp1,14.331814598205613,27,256,0.5162067686956312,2.10305693492376
power,kp1,14.331814598205613,27,256,0.5408446463692522,1.8961072743223446
power,kp1,14.331814598205613,27,256,0.5650376114965061,1.6875005060408024
power,kp1,14.331814598205613,27,256,0.5892711066164427,1.5447320967499165
power,kp1,14.331814598205613,27,256,0.6139562317597167,1.4185666223640547
power,kp1,14.331814598205613,27,256,0.6388346508015916,1.3122132232900192
power,kp1,14.331814598205613,27,256,0.663380853616023,1.201709441285342
power,kp1,14.331814598205613,27,256,0.687895456095786,1.1632378262100171
power,kp1,14.331814598205613,27,256,0.7124989295569584,1.0534153588749011
power,kp1,14.331814598205613,27,256,0.736916296464924,0.9804642696665038
power,kp1,14.331814598205613,27,256,0.7613594367769183,0.90020810410971
power,kp1,14.331814598205613,27,256,0.7857124662472791,0.8224472612624834
power,kp1,14.331814598205613,27,256,0.810137747986822,0.7776231625591044
power,kp1,14.331814598205613,27,256,0.834917120504456,0.7208376965079695
power,kp1,14.331814598205613,27,256,0.8595036589073478,0.6875769665384621
power,kp1,14.331814598205613,27,256,0.8839565785490576,0.6626551194967943
power,kp1,14.331814598205613,27,256,0.9085873013365826,0.6043380074614064
power,kp1,14.331814598205613,27,256,0.93315996057299,0.574421998347455
power,kp1,14.331814598205613,27,256,0.957506690409634,0.540969054631001
power,kp1,14.331814598205613,27,256,0.9819279850991849,0.5033803527094286
power,kp1,14.331814598205613,27,256,1.0066674312761883,0.4828674456449877
power,kp1,14.331814598205613,27,256,1.0313291082710536,0.46212175997695737
power,kp1,14.331814598205613,27,256,1.0558188182967405,0.43843866896386724
power,kp1,14.331814598205613,27,256,1.0803177204141923,0.41637353813702593
power,kp1,14.331814598205613,27,256,1.1049596638350512,0.40091040397443817
power,kp1,14.331814598205613,27,256,1.129486121097224,0.39102354599789646
power,kp1,14.331814598205613,27,256,1.1537192393504785,0.373611674810891
power,kp1,14.331814598205613,27,256,1.1781536455689063,0.36320257393969596
power,kp1,14.331814598205613,27,256,1.2028829334540618,0.34868809080186897
power,kp1,14.331814598205613,27,256,1.2276398813718887,0.33437932704193984
power,kp1,14.331814598205613,27,256,1.2521331122112618,0.32528360479660057
power,kp1,14.331814598205613,27,256,1.2766116197584787,0.316358370988473
power,kp1,14.331814598205613,27,256,1.3012639361718907,0.3031421060338735
power,kp1,14.331814598205613,27,256,1.3257985065897926,0.2893397539658078
power,kp1,14.331814598205613,27,256,1.3501519987288393,0.28042954690886196
power,kp1,14.331814598205613,27,256,1.3745334244052962,0.27193620754610426
power,kp1,14.331814598205613,27,256,1.3992303251151714,0.2617145259933585
power,kp1,14.331814598205613,27,256,1.4238732114992796,0.2519870857939556
power,kp1,14.331814598205613,27,256,1.4482961332980369,0.24794637248945836
power,kp1,14.331814598205613,27,256,1.4728665135264858,0.23757221195765343
power,kp1,14.331814598205613,27,256,1.4974944160481687,0.23176350518303834
power,kp1,14.331814598205613,27,256,1.5220746011321264,0.22264396025522212
power,kp1,14.331814598205613,27,256,1.5463934411415703,0.21392521185594018
power,kp1,14.331814598205613,27,256,1.5707513346510054,0.21078667904859733
power,kp1,14.331814598205613,27,256,1.5955213151096161,0.20291090642470744
power,kp1,14.331814598205613,27,256,1.6201926934712723,0.19863126206228454
power,kp1,14.331814598205613,27,256,1.6447426353275962,0.19145414736978503
power,kp1,14.331814598205613,27,256,1.6692521022001021,0.1876664236478296
power,kp1,14.331814598205613,27,256,1.6938323170631577,0.1817108813560007
power,kp1,14.331814598205613,27,256,1.718429203998171,0.17838431415342776
power,kp1,14.331814598205613,27,256,1.742766194611624,0.1724077238460149
power,kp1,14.331814598205613,27,256,1.767259942282522,0.167410757245705
power,kp1,14.331814598205613,27,256,1.791856165685507,0.16336616032728554
power,kp1,14.331814598205613,27,256,1.8165052119050797,0.1590248268598878
power,kp1,14.331814598205613,27,256,1.84106948650222,0.15453464670321299
power,kp1,14.331814598205613,27,256,1.8655473365324868,0.15142950195690535
power,kp1,14.331814598205613,27,256,1.8901597802312908,0.14581387667222764
power,kp1,14.331814598205613,27,256,1.9146480540447401,0.14295611008873688
power,kp1,14.331814598205613,27,256,1.939059763715855,0.13966794138385263
power,kp1,14.331814598205613,27,256,1.9635386553798613,0.13750987788608834
power,kp1,14.331814598205613,27,256,1.9881418995995372,0.13303416189340883
power,kp1,14.331814598205613,27,256,2.012791865355253,0.12940546548808374
power,kp1,14.331814598205613,27,256,2.0373677965526436,0.12685891500840613
power,kp1,14.331814598205613,27,256,2.061830564445913,0.12470458377546435
power,kp1,14.331814598205613,27,256,2.086390694548735,0.1224028411735349
power,kp1,14.331814598205613,27,256,2.1110563056819687,0.11854132713643738
power,kp1,14.331814598205613,27,256,2.135537792991106,0.11578272358686778
power,kp1,14.331814598205613,27,256,2.159998138153035,0.1133805079940506
power,kp1,14.331814598205613,27,256,2.1845468792357265,0.11046708573380909
power,kp1,14.331814598205613,27,256,2.209197537182775,0.10860156181383944
power,kp1,14.331814598205613,27,256,2.233806633592115,0.10632486323892207
power,kp1,14.331814598205613,27,256,2.2582915083645076,0.10428793639048912
power,kp1,14.331814598205613,27,256,2.2828338607082084,0.10123155351480659
power,kp1,14.331814598205613,27,256,2.3073017772048177,0.09991795484681293
power,kp1,14.331814598205613,27,256,2.331703110949515,0.09771251866262791
power,kp1,14.331814598205613,27,256,2.3561360982141064,0.09594955649815264
power,kp1,14.331814598205613,27,256,2.380737492036452,0.0935287865869489
power,kp1,14.331814598205613,27,256,2.4055149512632847,0.09095865003315039
power,kp1,14.331814598205613,27,256,2.4300869274031247,0.08969700625811326
power,kp1,14.331814598205613,27,256,2.4545548306603284,0.08753255836450524
power,kp1,14.331814598205613,27,256,2.4790865069574943,0.08565590338936971
power,kp1,14.331814598205613,27,256,2.5036704305305424,0.08434812754555576
power,kp1,14.331814598205613,27,256,2.528270183716259,0.08305664807097075
power,kp1,14.331814598205613,27,256,2.552643460276946,0.08131268710662204
power,kp1,14.331814598205613,27,256,2.577201892589191,0.07996759468350348
power,kp1,14.331814598205613,27,256,2.6018560165083144,0.07888831888448233
power,kp1,14.331814598205613,27,256,2.6263288098649222,0.07704780012236566
power,kp1,14.331814598205613,27,256,2.6508121830306464,0.07499553080991914
power,kp1,14.331814598205613,27,256,2.675443482089977,0.0738493625700058
power,kp1,14.331814598205613,27,256,2.7000979583903626,0.07327503019392843
power,kp1,14.331814598205613,27,256,2.724496195195882,0.07157541045985961
power,kp1,14.331814598205613,27,256,2.748948188579295,0.06997815643674342
power,kp1,14.331814598205613,27,256,2.773522549605598,0.06866853792280345
power,kp1,14.331814598205613,27,256,2.798144761883231,0.06748965776671212
power,kp1,14.331814598205613,27,256,2.8226598585414346,0.06626532667937268
power,kp1,14.331814598205613,27,256,2.847154872351462,0.06560987157588435
power,kp1,14.331814598205613,27,256,2.871827835114871,0.06368708853812789
power,kp1,14.331814598205613,27,256,2.8963613024431614,0.0631035590350873
power,kp1,14.331814598205613,27,256,2.9207438511347443,0.06201258778748657
power,kp1,14.331814598205613,27,256,2.94526757839102,0.06084463309094013
power,kp1,14.331814598205613,27,256,2.9698884956599376,0.05987711040273081
power,kp1,14.331814598205613,27,256,2.994489139563538,0.05903561102989161
power,kp1,14.331814598205613,27,256,3.0190382599860044,0.05744047006616918
power,kp1,14.331814598205613,27,256,3.0435523062452345,0.056649877195074964
power,kp1,14.331814598205613,27,256,3.068170188883887,0.05555040954506903
power,kp1,14.331814598205613,27,256,3.0927380933296216,0.0548874974027506
power,kp1,14.331814598205613,27,256,3.1171641214553856,0.05417268087633153
power,kp1,10.51901923231075,30,256,0.0313212461565073,250.9233950759391
power,kp1,10.51901923231075,30,256,0.054752145345661356,120.19095586183778
power,kp1,10.51901923231075,30,256,0.07692383885216451,90.84954584432951
power,kp1,10.51901923231075,30,256,0.09966162230830337,75.97013774097994
power,kp1,10.51901923231075,30,256,0.12511351331450943,59.22490479015385
power,kp1,10.51901923231075,30,256,0.15025472412609966,39.12842872508187
power,kp1,10.51901923231075,30,256,0.17356669305616573,30.07314909917008
power,kp1,10.51901923231075,30,256,0.1969650561149323,24.297488726485795
power,kp1,10.51901923231075,30,256,0.2223017820571719,21.019843943954502
power,kp1,10.51901923231075,30,256,0.24772821384680524,17.073272613680164
power,kp1,10.51901923231075,30,256,0.2714838997836198,14.167473096000085
power,kp1,10.51901923231075,30,256,0.2952393892533773,11.491804679473198
power,kp1,10.51901923231075,30,256,0.32016672397367135,10.206176642157713
power,kp1,10.51901923231075,30,256,0.34493070130200054,8.31842344453575
power,kp1,10.51901923231075,30,256,0.3685629107918764,8.058637663079441
power,kp1,10.51901923231075,30,256,0.39281248333983404,6.685792972992308
power,kp1,10.51901923231075,30,256,0.41802270733219404,5.957361511435206
power,kp1,10.51901923231075,30,256,0.4430752669658697,5.090936361337713
power,kp1,10.51901923231075,30,256,0.46722214928169786,4.638154725779567
power,kp1,10.51901923231075,30,256,0.4913294881940436,4.199784213116343
power,kp1,10.51901923231075,30,256,0.5162067686956312,3.7707944854958173
power,kp1,10.51901923231075,30,256,0.5408446463692522,3.425027767944774
power,kp1,10.51901923231075,30,256,0.5650376114965061,3.0336129970922436
power,kp1,10.51901923231075,30,256,0.5892711066164427,2.7917562630556163
power,kp1,10.51901923231075,30,256,0.6139562317597167,2.557517590347432
power,kp1,10.51901923231075,30,256,0.6388346508015916,2.368657369489149
power,kp1,10.51901923231075,30,256,0.663380853616023,2.177857090416621
power,kp1,10.51901923231075,30,256,0.687895456095786,2.107783201272694
power,kp1,10.51901923231075,30,256,0.7124989295569584,1.9094759278439226
power,kp1,10.51901923231075,30,256,0.736916296464924,1.7819093162785724
power,kp1,10.51901923231075,30,256,0.7613594367769183,1.6370938158408752
power,kp1,10.51901923231075,30,256,0.7857124662472791,1.5009592021327198
power,kp1,10.51901923231075,30,256,0.810137747986822,1.4185647833421515
power,kp1,10.51901923231075,30,256,0.834917120504456,1.3178641245585334
power,kp1,10.51901923231075,30,256,0.8595036589073478,1.2563276375601335
power,kp1,10.51901923231075,30,256,0.8839565785490576,1.21376464658025
power,kp1,10.51901923231075,30,256,0.9085873013365826,1.1095849045402655
power,kp1,10.51901923231075,30,256,0.93315996057299,1.0518063224749044
power,kp1,10.51901923231075,30,256,0.957506690409634,0.999690501485776
power,kp1,10.51901923231075,30,256,0.9819279850991849,0.9304915511892318
power,kp1,10.51901923231075,30,256,1.0066674312761883,0.8919288227946153
power,kp1,10.51901923231075,30,256,1.0313291082710536,0.851979108009268
power,kp1,10.51901923231075,30,256,1.0558188182967405,0.8078917714199507
power,kp1,10.51901923231075,30,256,1.0803177204141923,0.7699867889968615
power,kp1,10.51901923231075,30,256,1.1049596638350512,0.7415820701189693
power,kp1,10.51901923231075,30,256,1.129486121097224,0.7224059395726933
power,kp1,10.51901923231075,30,256,1.1537192393504785,0.6887025596798384
power,kp1,10.51901923231075,30,256,1.1781536455689063,0.6716734201376486
power,kp1,10.51901923231075,30,256,1.2028829334540618,0.6454419397725142
power,kp1,10.51901923231075,30,256,1.2276398813718887,0.618588590746215
power,kp1,10.51901923231075,30,256,1.2521331122112618,0.6024831019617437
power,kp1,10.51901923231075,30,256,1.2766116197584787,0.5863752518581952
power,kp1,10.51901923231075,30,256,1.3012639361718907,0.563599374540108
power,kp1,10.51901923231075,30,256,1.3257985065897926,0.5401881951288697
power,kp1,10.51901923231075,30,256,1.3501519987288393,0.5207745314370799
power,kp1,10.51901923231075,30,256,1.3745334244052962,0.5055346722026733
power,kp1,10.51901923231075,30,256,1.3992303251151714,0.48747049139309445
power,kp1,10.51901923231075,30,256,1.4238732114992796,0.46992549526634025
power,kp1,10.51901923231075,30,256,1.4482961332980369,0.4618766993976701
power,kp1,10.51901923231075,30,256,1.4728665135264858,0.44496546753914695
power,kp1,10.51901923231075,30,256,1.4974944160481687,0.432076897776135
power,kp1,10.51901923231075,30,256,1.5220746011321264,0.4145658356827758
power,kp1,10.51901923231075,30,256,1.5463934411415703,0.39980853792186655
power,kp1,10.51901923231075,30,256,1.5707513346510054,0.3935696514437262
power,kp1,10.51901923231075,30,256,1.5955213151096161,0.3794421010633456
power,kp1,10.51901923231075,30,256,1.6201926934712723,0.3712242042429369
power,kp1,10.51901923231075,30,256,1.6447426353275962,0.361824394210637
power,kp1,10.51901923231075,30,256,1.6692521022001021,0.35033201164662103
power,kp1,10.51901923231075,30,256,1.6938323170631577,0.3397753839286512
power,kp1,10.51901923231075,30,256,1.718429203998171,0.3355398121318684
power,kp1,10.51901923231075,30,256,1.742766194611624,0.32335104975811724
power,kp1,10.51901923231075,30,256,1.767259942282522,0.31637550447795104
power,kp1,10.51901923231075,30,256,1.791856165685507,0.30690639567456596
power,kp1,10.51901923231075,30,256,1.8165052119050797,0.29835681806685677
power,kp1,10.51901923231075,30,256,1.84106948650222,0.29190339233234686
power,kp1,10.51901923231075,30,256,1.8655473365324868,0.2850615973786582
power,kp1,10.51901923231075,30,256,1.8901597802312908,0.27648184666463604
power,kp1,10.51901923231075,30,256,1.9146480540447401,0.26896988186210585
power,kp1,10.51901923231075,30,256,1.939059763715855,0.26418904968739815
power,kp1,10.51901923231075,30,256,1.9635386553798613,0.2588725602616417
power,kp1,10.51901923231075,30,256,1.9881418995995372,0.25141731210453844
power,kp1,10.51901923231075,30,256,2.012791865355253,0.24487299028119575
power,kp1,10.51901923231075,30,256,2.0373677965526436,0.23979539653512597
power,kp1,10.51901923231075,30,256,2.061830564445913,0.23396184962508734
power,kp1,10.51901923231075,30,256,2.086390694548735,0.23205145230912308
power,kp1,10.51901923231075,30,256,2.1110563056819687,0.22502778621014305
power,kp1,10.51901923231075,30,256,2.135537792991106,0.21993884671277492
power,kp1,10.51901923231075,30,256,2.159998138153035,0.21453749589188442
power,kp1,10.51901923231075,30,256,2.1845468792357265,0.20913341692214468
power,kp1,10.51901923231075,30,256,2.209197537182775,0.20665361331759113
power,kp1,10.51901923231075,30,256,2.233806633592115,0.2014044283594012
power,kp1,10.51901923231075,30,256,2.2582915083645076,0.19779830571771173
power,kp1,10.51901923231075,30,256,2.2828338607082084,0.19261877898796448
power,kp1,10.51901923231075,30,256,2.3073017772048177,0.19038350069105675
power,kp1,10.51901923231075,30,256,2.331703110949515,0.1849983962552622
power,kp1,10.51901923231075,30,256,2.3561360982141064,0.18167803470899432
power,kp1,10.51901923231075,30,256,2.380737492036452,0.17787537445533474
power,kp1,10.51901923231075,30,256,2.4055149512632847,0.1733460314580418
power,kp1,10.51901923231075,30,256,2.4300869274031247,0.17009035596183303
power,kp1,10.51901923231075,30,256,2.4545548306603284,0.16700806581522643
power,kp1,10.51901923231075,30,256,2.4790865069574943,0.16306047213462413
power,kp1,10.51901923231075,30,256,2.5036704305305424,0.16012994637285716
power,kp1,10.51901923231075,30,256,2.528270183716259,0.15792259979632467
power,kp1,10.51901923231075,30,256,2.552643460276946,0.1546997524271703
power,kp1,10.51901923231075,30,256,2.577201892589191,0.15173822339922785
power,kp1,10.51901923231075,30,256,2.6018560165083144,0.15023395943583956
power,kp1,10.51901923231075,30,256,2.6263288098649222,0.14636649642635924
power,kp1,10.51901923231075,30,256,2.6508121830306464,0.14332018808773214
power,kp1,10.51901923231075,30,256,2.675443482089977,0.13991435042802033
power,kp1,10.51901923231075,30,256,2.7000979583903626,0.1394108361797208
power,kp1,10.51901923231075,30,256,2.724496195195882,0.136098119733454
power,kp1,10.51901923231075,30,256,2.748948188579295,0.13422150659607646
power,kp1,10.51901923231075,30,256,2.773522549605598,0.1312152897892412
power,kp1,10.51901923231075,30,256,2.798144761883231,0.1283461604340608
power,kp1,10.51901923231075,30,256,2.8226598585414346,0.12679384444430017
power,kp1,10.51901923231075,30,256,2.847154872351462,0.1253200384851468
power,kp1,10.51901923231075,30,256,2.871827835114871,0.12265362473042442
power,kp1,10.51901923231075,30,256,2.8963613024431614,0.11989310842571144
power,kp1,10.51901923231075,30,256,2.9207438511347443,0.11858475916978331
power,kp1,10.51901923231075,30,256,2.94526757839102,0.11583732919876867
power,kp1,10.51901923231075,30,256,2.9698884956599376,0.11429883608000863
power,kp1,10.51901923231075,30,256,2.994489139563538,0.11280304229970328
power,kp1,10.51901923231075,30,256,3.0190382599860044,0.11036396996856053
power,kp1,10.51901923231075,30,256,3.0435523062452345,0.10829365627962637
power,kp1,10.51901923231075,30,256,3.068170188883887,0.10717683157109414
power,kp1,10.51901923231075,30,256,3.0927380933296216,0.10514843197597035
power,kp1,10.51901923231075,30,256,3.1171641214553856,0.10407519046313257
power,kp1,2.0333177828202462,44,256,0.0313212461565073,3436.87518387973
power,kp1,2.0333177828202462,44,256,0.054752145345661356,1668.4195911899246
power,kp1,2.0333177828202462,44,256,0.07692383885216451,1279.5469342886056
power,kp1,2.0333177828202462,44,256,0.09966162230830337,1070.9197755827913
power,kp1,2.0333177828202462,44,256,0.12511351331450943,832.9234923530229
power,kp1,2.0333177828202462,44,256,0.15025472412609966,563.7006318312542
power,kp1,2.0333177828202462,44,256,0.17356669305616573,433.8555185365495
power,kp1,2.0333177828202462,44,256,0.1969650561149323,370.3309816371877
power,kp1,2.0333177828202462,44,256,0.2223017820571719,315.8358544093428
power,kp1,2.0333177828202462,44,256,0.24772821384680524,245.27836868666358
power,kp1,2.0333177828202462,44,256,0.2714838997836198,225.71516723084326
power,kp1,2.0333177828202462,44,256,0.2952393892533773,181.13594375475446
power,kp1,2.0333177828202462,44,256,0.32016672397367135,161.37013117340808
power,kp1,2.0333177828202462,44,256,0.34493070130200054,134.40089807161368
power,kp1,2.0333177828202462,44,256,0.3685629107918764,127.6559939640043
power,kp1,2.0333177828202462,44,256,0.39281248333983404,113.822589181769
power,kp1,2.0333177828202462,44,256,0.41802270733219404,103.16932041964508
power,kp1,2.0333177828202462,44,256,0.4430752669658697,90.975655654172
power,kp1,2.0333177828202462,44,256,0.46722214928169786,84.91484789866992
power,kp1,2.0333177828202462,44,256,0.4913294881940436,75.17127206372352
power,kp1,2.0333177828202462,44,256,0.5162067686956312,69.6818960728604
power,kp1,2.0333177828202462,44,256,0.5408446463692522,65.28571177598519
power,kp1,2.0333177828202462,44,256,0.5650376114965061,59.805887830429924
power,kp1,2.0333177828202462,44,256,0.5892711066164427,55.56437255846759
power,kp1,2.0333177828202462,44,256,0.6139562317597167,51.29897139787622
power,kp1,2.0333177828202462,44,256,0.6388346508015916,47.98666339878836
power,kp1,2.0333177828202462,44,256,0.663380853616023,45.861320868838924
power,kp1,2.0333177828202462,44,256,0.687895456095786,43.79357437951895
power,kp1,2.0333177828202462,44,256,0.7124989295569584,41.99427528971752
power,kp1,2.0333177828202462,44,256,0.736916296464924,39.754907738667725
power,kp1,2.0333177828202462,44,256,0.7613594367769183,37.04282529088567
power,kp1,2.0333177828202462,44,256,0.7857124662472791,34.84339007791004
power,kp1,2.0333177828202462,44,256,0.810137747986822,34.71466237285356
power,kp1,2.0333177828202462,44,256,0.834917120504456,32.14956120108117
power,kp1,2.0333177828202462,44,256,0.8595036589073478,31.519858355532424
power,kp1,2.0333177828202462,44,256,0.8839565785490576,29.56514471619864
power,kp1,2.0333177828202462,44,256,0.9085873013365826,28.83354185263181
power,kp1,2.0333177828202462,44,256,0.93315996057299,27.453666242543314
power,kp1,2.0333177828202462,44,256,0.957506690409634,25.947754953663853
power,kp1,2.0333177828202462,44,256,0.9819279850991849,25.247326413932456
power,kp1,2.0333177828202462,44,256,1.0066674312761883,24.60502156732488
power,kp1,2.0333177828202462,44,256,1.0313291082710536,23.811624717786756
power,kp1,2.0333177828202462,44,256,1.0558188182967405,23.214458217503342
power,kp1,2.0333177828202462,44,256,1.0803177204141923,22.315332723952494
power,kp1,2.0333177828202462,44,256,1.1049596638350512,21.795271490541055
power,kp1,2.0333177828202462,44,256,1.129486121097224,20.879556732534592
power,kp1,2.0333177828202462,44,256,1.1537192393504785,20.164945019881863
power,kp1,2.0333177828202462,44,256,1.1781536455689063,19.915975400522814
power,kp1,2.0333177828202462,44,256,1.2028829334540618,19.153755638930345
power,kp1,2.0333177828202462,44,256,1.2276398813718887,18.826999717301387
power,kp1,2.0333177828202462,44,256,1.2521331122112618,18.185320016881384
power,kp1,2.0333177828202462,44,256,1.2766116197584787,17.52841426602867
power,kp1,2.0333177828202462,44,256,1.3012639361718907,17.31541668749984
power,kp1,2.0333177828202462,44,256,1.3257985065897926,16.932414667400696
power,kp1,2.0333177828202462,44,256,1.3501519987288393,16.71364982879776
power,kp1,2.0333177828202462,44,256,1.3745334244052962,16.334927803871423
power,kp1,2.0333177828202462,44,256,1.3992303251151714,16.002105065840105
power,kp1,2.0333177828202462,44,256,1.4238732114992796,15.613375588701908
power,kp1,2.0333177828202462,44,256,1.4482961332980369,15.28302107873816
power,kp1,2.0333177828202462,44,256,1.4728665135264858,14.777108529429793
power,kp1,2.0333177828202462,44,256,1.4974944160481687,14.551016984859261
power,kp1,2.0333177828202462,44,256,1.5220746011321264,14.34715518222469
power,kp1,2.0333177828202462,44,256,1.5463934411415703,14.086219947308953
power,kp1,2.0333177828202462,44,256,1.5707513346510054,13.67497010936317
power,kp1,2.0333177828202462,44,256,1.5955213151096161,13.659051226821546
power,kp1,2.0333177828202462,44,256,1.6201926934712723,13.269364064859493
power,kp1,2.0333177828202462,44,256,1.6447426353275962,13.082027434888445
power,kp1,2.0333177828202462,44,256,1.6692521022001021,12.717801933614657
power,kp1,2.0333177828202462,44,256,1.6938323170631577,12.533578700313079
power,kp1,2.0333177828202462,44,256,1.718429203998171,12.375008057707252
power,kp1,2.0333177828202462,44,256,1.742766194611624,12.055360473044368
power,kp1,2.0333177828202462,44,256,1.767259942282522,11.878375261156744
power,kp1,2.0333177828202462,44,256,1.791856165685507,11.71652573926986
power,kp1,2.0333177828202462,44,256,1.8165052119050797,11.509097915172012
power,kp1,2.0333177828202462,44,256,1.84106948650222,11.367289897561307
power,kp1,2.0333177828202462,44,256,1.8655473365324868,11.14975769743087
power,kp1,2.0333177828202462,44,256,1.8901597802312908,10.944365461231385
power,kp1,2.0333177828202462,44,256,1.9146480540447401,10.8351042837349
power,kp1,2.0333177828202462,44,256,1.939059763715855,10.734380592904127
power,kp1,2.0333177828202462,44,256,1.9635386553798613,10.518129010474306
power,kp1,2.0333177828202462,44,256,1.9881418995995372,10.312456344938338
power,kp1,2.0333177828202462,44,256,2.012791865355253,10.206574808927598
power,kp1,2.0333177828202462,44,256,2.0373677965526436,10.11938809940058
power,kp1,2.0333177828202462,44,256,2.061830564445913,9.869140955388282
power,kp1,2.0333177828202462,44,256,2.086390694548735,9.823885926821067
power,kp1,2.0333177828202462,44,256,2.1110563056819687,9.59325129326029
power,kp1,2.0333177828202462,44,256,2.135537792991106,9.50261890553542
power,kp1,2.0333177828202462,44,256,2.159998138153035,9.345177783140077
power,kp1,2.0333177828202462,44,256,2.1845468792357265,9.249248589589355
power,kp1,2.0333177828202462,44,256,2.209197537182775,9.111648827833617
power,kp1,2.0333177828202462,44,256,2.233806633592115,8.962889336331891
power,kp1,2.0333177828202462,44,256,2.2582915083645076,8.880939982287877
power,kp1,2.0333177828202462,44,256,2.2828338607082084,8.82232209606869
power,kp1,2.0333177828202462,44,256,2.3073017772048177,8.685376773582675
power,kp1,2.0333177828202462,44,256,2.331703110949515,8.605343230641067
power,kp1,2.0333177828202462,44,256,2.3561360982141064,8.459133199242345
power,kp1,2.0333177828202462,44,256,2.380737492036452,8.384659861440088
power,kp1,2.0333177828202462,44,256,2.4055149512632847,8.254570922996852
power,kp1,2.0333177828202462,44,256,2.4300869274031247,8.224734905341471
power,kp1,2.0333177828202462,44,256,2.4545548306603284,8.056200975627284
power,kp1,2.0333177828202462,44,256,2.4790865069574943,7.932967543532064
power,kp1,2.0333177828202462,44,256,2.5036704305305424,7.88369164836813
power,kp1,2.0333177828202462,44,256,2.528270183716259,7.767765640249799
power,kp1,2.0333177828202462,44,256,2.552643460276946,7.722135597409678
power,kp1,2.0333177828202462,44,256,2.577201892589191,7.599535701894531
power,kp1,2.0333177828202462,44,256,2.6018560165083144,7.511592540904487
power,kp1,2.0333177828202462,44,256,2.6263288098649222,7.4180333540047165
power,kp1,2.0333177828202462,44,256,2.6508121830306464,7.360029777997859
power,kp1,2.0333177828202462,44,256,2.675443482089977,7.287807493603638
power,kp1,2.0333177828202462,44,256,2.7000979583903626,7.189814109834111
power,kp1,2.0333177828202462,44,256,2.724496195195882,7.190146321027203
power,kp1,2.0333177828202462,44,256,2.748948188579295,7.007166960816573
power,kp1,2.0333177828202462,44,256,2.773522549605598,6.945204583902629
power,kp1,2.0333177828202462,44,256,2.798144761883231,6.885337074030096
power,kp1,2.0333177828202462,44,256,2.8226598585414346,6.822448702348607
power,kp1,2.0333177828202462,44,256,2.847154872351462,6.758899375500354
power,kp1,2.0333177828202462,44,256,2.871827835114871,6.677534030454046
power,kp1,2.0333177828202462,44,256,2.8963613024431614,6.620454755496635
power,kp1,2.0333177828202462,44,256,2.9207438511347443,6.5286905659342285
power,kp1,2.0333177828202462,44,256,2.94526757839102,6.498923064616552
power,kp1,2.0333177828202462,44,256,2.9698884956599376,6.4247009911045385
power,kp1,2.0333177828202462,44,256,2.994489139563538,6.35042453662076
power,kp1,2.0333177828202462,44,256,3.0190382599860044,6.279891749432191
power,kp1,2.0333177828202462,44,256,3.0435523062452345,6.216920194523288
power,kp1,2.0333177828202462,44,256,3.068170188883887,6.118368533770656
power,kp1,2.0333177828202462,44,256,3.0927380933296216,6.081606959145086
power,kp1,2.0333177828202462,44,256,3.1171641214553856,6.027626478776065
power,kp10,19.40664523021168,24,256,0.0313212461565073,80.31472959543814
power,kp10,19.40664523021168,24,256,0.054752145345661356,38.38602220286206
power,kp10,19.40664523021168,24,256,0.07692383885216451,28.940314948975747
power,kp10,19.40664523021168,24,256,0.09966162230830337,24.156944483410637
power,kp10,19.40664523021168,24,256,0.12511351331450943,18.86998373401545
power,kp10,19.40664523021168,24,256,0.15025472412609966,12.439073377153216
power,kp10,19.40664523021168,24,256,0.17356669305616573,9.560105672031566
power,kp10,19.40664523021168,24,256,0.1969650561149323,7.67529924457092
power,kp10,19.40664523021168,24,256,0.2223017820571719,6.646462715945285
power,kp10,19.40664523021168,24,256,0.24772821384680524,5.427753062232812
power,kp10,19.40664523021168,24,256,0.2714838997836198,4.464676659056687
power,kp10,19.40664523021168,24,256,0.2952393892533773,3.6348160010058153
power,kp10,19.40664523021168,24,256,0.32016672397367135,3.2216849189565826
power,kp10,19.40664523021168,24,256,0.34493070130200054,2.6209168357313706
power,kp10,19.40664523021168,24,256,0.3685629107918764,2.5517895589445385
power,kp10,19.40664523021168,24,256,0.39281248333983404,2.103683965606623
power,kp10,19.40664523021168,24,256,0.41802270733219404,1.8655991172573059
power,kp10,19.40664523021168,24,256,0.4430752669658697,1.5933734462946176
power,kp10,19.40664523021168,24,256,0.46722214928169786,1.4534567248410522
power,kp10,19.40664523021168,24,256,0.4913294881940436,1.3241650454087965
power,kp10,19.40664523021168,24,256,0.5162067686956312,1.1786790102856792
power,kp10,19.40664523021168,24,256,0.5408446463692522,1.0601761790266477
power,kp10,19.40664523021168,24,256,0.5650376114965061,0.9479690406256349
power,kp10,19.40664523021168,24,256,0.5892711066164427,0.8645848657153833
power,kp10,19.40664523021168,24,256,0.6139562317597167,0.7893897386474558
power,kp10,19.40664523021168,24,256,0.6388346508015916,0.7349778436392506
power,kp10,19.40664523021168,24,256,0.663380853616023,0.6725948236021598
power,kp10,19.40664523021168,24,256,0.687895456095786,0.6515842460487409
power,kp10,19.40664523021168,24,256,0.7124989295569584,0.5912590384322303
power,kp10,19.40664523021168,24,256,0.736916296464924,0.5507633964649162
power,kp10,19.40664523021168,24,256,0.7613594367769183,0.506342584136661
power,kp10,19.40664523021168,24,256,0.7857124662472791,0.46257039033331254
power,kp10,19.40664523021168,24,256,0.810137747986822,0.43523823766380876
power,kp10,19.40664523021168,24,256,0.834917120504456,0.4037048914274279
power,kp10,19.40664523021168,24,256,0.8595036589073478,0.386749325724602
power,kp10,19.40664523021168,24,256,0.8839565785490576,0.37244229990405037
power,kp10,19.40664523021168,24,256,0.9085873013365826,0.33969184672049
power,kp10,19.40664523021168,24,256,0.93315996057299,0.3247270243318478
power,kp10,19.40664523021168,24,256,0.957506690409634,0.304464792992914
power,kp10,19.40664523021168,24,256,0.9819279850991849,0.2854182915746209
power,kp10,19.40664523021168,24,256,1.0066674312761883,0.27201016103910464
power,kp10,19.40664523021168,24,256,1.0313291082710536,0.25809489323839346
power,kp10,19.40664523021168,24,256,1.0558188182967405,0.24220322394903138
power,kp10,19.40664523021168,24,256,1.0803177204141923,0.22911108844089317
power,kp10,19.40664523021168,24,256,1.1049596638350512,0.21891059621211245
power,kp10,19.40664523021168,24,256,1.129486121097224,0.2107072071763622
power,kp10,19.40664523021168,24,256,1.1537192393504785,0.20000761415144652
power,kp10,19.40664523021168,24,256,1.1781536455689063,0.19272791214318422
power,kp10,19.40664523021168,24,256,1.2028829334540618,0.18343153269220933
power,kp10,19.40664523021168,24,256,1.2276398813718887,0.17461879805308378
power,kp10,19.40664523021168,24,256,1.2521331122112618,0.1693302861596815
power,kp10,19.40664523021168,24,256,1.2766116197584787,0.16347875952479593
power,kp10,19.40664523021168,24,256,1.3012639361718907,0.15494837476561946
power,kp10,19.40664523021168,24,256,1.3257985065897926,0.14652369463918014
power,kp10,19.40664523021168,24,256,1.3501519987288393,0.14234948081596613
power,kp10,19.40664523021168,24,256,1.3745334244052962,0.1376013939804394
power,kp10,19.40664523021168,24,256,1.3992303251151714,0.1318101037247801
power,kp10,19.40664523021168,24,256,1.4238732114992796,0.12692751713741698
power,kp10,19.40664523021168,24,256,1.4482961332980369,0.12410422752269054
power,kp10,19.40664523021168,24,256,1.4728665135264858,0.11718564711550455
power,kp10,19.40664523021168,24,256,1.4974944160481687,0.11406338000717922
power,kp10,19.40664523021168,24,256,1.5220746011321264,0.1100043547133543
power,kp10,19.40664523021168,24,256,1.5463934411415703,0.1048521386705658
power,kp10,19.40664523021168,24,256,1.5707513346510054,0.10289072632338163
power,kp10,19.40664523021168,24,256,1.5955213151096161,0.09888899883175267
power,kp10,19.40664523021168,24,256,1.6201926934712723,0.09639445255672666
power,kp10,19.40664523021168,24,256,1.6447426353275962,0.09305336217945931
power,kp10,19.40664523021168,24,256,1.6692521022001021,0.09038510268944312
power,kp10,19.40664523021168,24,256,1.6938323170631577,0.08798368692448752
power,kp10,19.40664523021168,24,256,1.718429203998171,0.08552700786408189
power,kp10,19.40664523021168,24,256,1.742766194611624,0.08193815407248112
power,kp10,19.40664523021168,24,256,1.767259942282522,0.08035988544289555
power,kp10,19.40664523021168,24,256,1.791856165685507,0.0777774519585798
power,kp10,19.40664523021168,24,256,1.8165052119050797,0.07589440554146074
power,kp10,19.40664523021168,24,256,1.84106948650222,0.07339061049176143
power,kp10,19.40664523021168,24,256,1.8655473365324868,0.07182244300741467
power,kp10,19.40664523021168,24,256,1.8901597802312908,0.06949880719691713
power,kp10,19.40664523021168,24,256,1.9146480540447401,0.06781223219120942
power,kp10,19.40664523021168,24,256,1.939059763715855,0.06590968292516897
power,kp10,19.40664523021168,24,256,1.9635386553798613,0.06461301386070276
power,kp10,19.40664523021168,24,256,1.9881418995995372,0.062464667231972186
power,kp10,19.40664523021168,24,256,2.012791865355253,0.06089056691121186
power,kp10,19.40664523021168,24,256,2.0373677965526436,0.05938677227987164
power,kp10,19.40664523021168,24,256,2.061830564445913,0.058418125917471135
power,kp10,19.40664523021168,24,256,2.086390694548735,0.05736038648148136
power,kp10,19.40664523021168,24,256,2.1110563056819687,0.05507878695901766
power,kp10,19.40664523021168,24,256,2.135537792991106,0.05407508569434495
power,kp10,19.40664523021168,24,256,2.159998138153035,0.05245335790480778
power,kp10,19.40664523021168,24,256,2.1845468792357265,0.051359773747316644
power,kp10,19.40664523021168,24,256,2.209197537182775,0.0500959616765533
power,kp10,19.40664523021168,24,256,2.233806633592115,0.04878645493910175
power,kp10,19.40664523021168,24,256,2.2582915083645076,0.047868931172766194
power,kp10,19.40664523021168,24,256,2.2828338607082084,0.04699496793853466
power,kp10,19.40664523021168,24,256,2.3073017772048177,0.045737421502593203
power,kp10,19.40664523021168,24,256,2.331703110949515,0.0448932157224897
power,kp10,19.40664523021168,24,256,2.3561360982141064,0.04378219238371732
power,kp10,19.40664523021168,24,256,2.380737492036452,0.042921589797771484
power,kp10,19.40664523021168,24,256,2.4055149512632847,0.041704911497383715
power,kp10,19.40664523021168,24,256,2.4300869274031247,0.04039204670753053
power,kp10,19.40664523021168,24,256,2.4545548306603284,0.0394921486469159
power,kp10,19.40664523021168,24,256,2.4790865069574943,0.03876196875608849
power,kp10,19.40664523021168,24,256,2.5036704305305424,0.03829933457925624
power,kp10,19.40664523021168,24,256,2.528270183716259,0.03707200994610403
power,kp10,19.40664523021168,24,256,2.552643460276946,0.03616013307851067
power,kp10,19.40664523021168,24,256,2.577201892589191,0.035539321352815706
power,kp10,19.40664523021168,24,256,2.6018560165083144,0.03503701499615686
power,kp10,19.40664523021168,24,256,2.6263288098649222,0.034029809334818105
power,kp10,19.40664523021168,24,256,2.6508121830306464,0.03344998380767457
power,kp10,19.40664523021168,24,256,2.675443482089977,0.032599048837564065
power,kp10,19.40664523021168,24,256,2.7000979583903626,0.03182219086733418
power,kp10,19.40664523021168,24,256,2.724496195195882,0.031227653842692202
power,kp10,19.40664523021168,24,256,2.748948188579295,0.030350133839896896
power,kp10,19.40664523021168,24,256,2.773522549605598,0.029836534957536007
power,kp10,19.40664523021168,24,256,2.798144761883231,0.02914178376435994
power,kp10,19.40664523021168,24,256,2.8226598585414346,0.028565110531520638
power,kp10,19.40664523021168,24,256,2.847154872351462,0.027917876371125964
power,kp10,19.40664523021168,24,256,2.871827835114871,0.027198117355943675
power,kp10,19.40664523021168,24,256,2.8963613024431614,0.026867570647096713
power,kp10,19.40664523021168,24,256,2.9207438511347443,0.026005599702534608
power,kp10,19.40664523021168,24,256,2.94526757839102,0.025425591705719952
power,kp10,19.40664523021168,24,256,2.9698884956599376,0.02490184714631783
power,kp10,19.40664523021168,24,256,2.994489139563538,0.024501660704363486
power,kp10,19.40664523021168,24,256,3.0190382599860044,0.023776840408219806
power,kp10,19.40664523021168,24,256,3.0435523062452345,0.0231922467709571
power,kp10,19.40664523021168,24,256,3.068170188883887,0.022407028085987053
power,kp10,19.40664523021168,24,256,3.0927380933296216,0.022369229466116913
power,kp10,19.40664523021168,24,256,3.1171641214553856,0.02173848831209242
power,kp10,14.331814598205613,27,256,0.0313212461565073,142.02341727650986
power,kp10,14.331814598205613,27,256,0.054752145345661356,67.94285145781988
power,kp10,14.331814598205613,27,256,0.07692383885216451,51.27281520876372
power,kp10,14.331814598205613,27,256,0.09966162230830337,42.86646138367088
power,kp10,14.331814598205613,27,256,0.12511351331450943,33.431294087354665
power,kp10,14.331814598205613,27,256,0.15025472412609966,22.06151992809995
power,kp10,14.331814598205613,27,256,0.17356669305616573,16.965018067794503
power,kp10,14.331814598205613,27,256,0.1969650561149323,13.648067652184952
power,kp10,14.331814598205613,27,256,0.2223017820571719,11.814186575417333
power,kp10,14.331814598205613,27,256,0.24772821384680524,9.628134052009809
power,kp10,14.331814598205613,27,256,0.2714838997836198,7.948940258311858
power,kp10,14.331814598205613,27,256,0.2952393892533773,6.463243983040951
power,kp10,14.331814598205613,27,256,0.32016672397367135,5.738280628190011
power,kp10,14.331814598205613,27,256,0.34493070130200054,4.672115373461743
power,kp10,14.331814598205613,27,256,0.3685629107918764,4.533988431836481
power,kp10,14.331814598205613,27,256,0.39281248333983404,3.7468562330233808
power,kp10,14.331814598205613,27,256,0.41802270733219404,3.3330472607614583
power,kp10,14.331814598205613,27,256,0.4430752669658697,2.842610860581779
power,kp10,14.331814598205613,27,256,0.46722214928169786,2.589616052204003
power,kp10,14.331814598205613,27,256,0.4913294881940436,2.353839469613611
power,kp10,14.331814598205613,27,256,0.5162067686956312,2.1059120211628555
power,kp10,14.331814598205613,27,256,0.5408446463692522,1.8989261150699717
power,kp10,14.331814598205613,27,256,0.5650376114965061,1.689154103786464
power,kp10,14.331814598205613,27,256,0.5892711066164427,1.5475448514656542
power,kp10,14.331814598205613,27,256,0.6139562317597167,1.4200107976862473
power,kp10,14.331814598205613,27,256,0.6388346508015916,1.3144166478793071
power,kp10,14.331814598205613,27,256,0.663380853616023,1.203375143515745
power,kp10,14.331814598205613,27,256,0.687895456095786,1.164829436985037
power,kp10,14.331814598205613,27,256,0.7124989295569584,1.055504160111136
power,kp10,14.331814598205613,27,256,0.736916296464924,0.9836975688928912
power,kp10,14.331814598205613,27,256,0.7613594367769183,0.9031442295521668
power,kp10,14.331814598205613,27,256,0.7857124662472791,0.8249267328599074
power,kp10,14.331814598205613,27,256,0.810137747986822,0.7812901463569827
power,kp10,14.331814598205613,27,256,0.834917120504456,0.7236318845335695
power,kp10,14.331814598205613,27,256,0.8595036589073478,0.6905519880426972
power,kp10,14.331814598205613,27,256,0.8839565785490576,0.6663123508928406
power,kp10,14.331814598205613,27,256,0.9085873013365826,0.6076789775581511
power,kp10,14.331814598205613,27,256,0.93315996057299,0.5776148259591772
power,kp10,14.331814598205613,27,256,0.957506690409634,0.5446516897113513
power,kp10,14.331814598205613,27,256,0.9819279850991849,0.5063879240166717
power,kp10,14.331814598205613,27,256,1.0066674312761883,0.4837763052697918
power,kp10,14.331814598205613,27,256,1.0313291082710536,0.4585933051073475
power,kp10,14.331814598205613,27,256,1.0558188182967405,0.4300958329716892
power,kp10,14.331814598205613,27,256,1.0803177204141923,0.40418279091756776
power,kp10,14.331814598205613,27,256,1.1049596638350512,0.38474417423377516
power,kp10,14.331814598205613,27,256,1.129486121097224,0.3715088778734203
power,kp10,14.331814598205613,27,256,1.1537192393504785,0.35125769071324303
power,kp10,14.331814598205613,27,256,1.1781536455689063,0.3386208830663115
power,kp10,14.331814598205613,27,256,1.2028829334540618,0.32138837985859936
power,kp10,14.331814598205613,27,256,1.2276398813718887,0.30528211985274145
power,kp10,14.331814598205613,27,256,1.2521331122112618,0.2941833775022276
power,kp10,14.331814598205613,27,256,1.2766116197584787,0.283916136041752
power,kp10,14.331814598205613,27,256,1.3012639361718907,0.2693466812475899
power,kp10,14.331814598205613,27,256,1.3257985065897926,0.2547753408799196
power,kp10,14.331814598205613,27,256,1.3501519987288393,0.24501417381500282
power,kp10,14.331814598205613,27,256,1.3745334244052962,0.23544303343071352
power,kp10,14.331814598205613,27,256,1.3992303251151714,0.22481486557779473
power,kp10,14.331814598205613,27,256,1.4238732114992796,0.21474969021895493
power,kp10,14.331814598205613,27,256,1.4482961332980369,0.20974330046807416
power,kp10,14.331814598205613,27,256,1.4728665135264858,0.19925420773335964
power,kp10,14.331814598205613,27,256,1.4974944160481687,0.19305548728383634
power,kp10,14.331814598205613,27,256,1.5220746011321264,0.1842220612132753
power,kp10,14.331814598205613,27,256,1.5463934411415703,0.17520253356485269
power,kp10,14.331814598205613,27,256,1.5707513346510054,0.17193474540617218
power,kp10,14.331814598205613,27,256,1.5955213151096161,0.16451250158628475
power,kp10,14.331814598205613,27,256,1.6201926934712723,0.15978555792878027
power,kp10,14.331814598205613,27,256,1.6447426353275962,0.15274138259702036
power,kp10,14.331814598205613,27,256,1.6692521022001021,0.14900309854550992
power,kp10,14.331814598205613,27,256,1.6938323170631577,0.14335851024944213
power,kp10,14.331814598205613,27,256,1.718429203998171,0.13959037143076844
power,kp10,14.331814598205613,27,256,1.742766194611624,0.1342284999235446
power,kp10,14.331814598205613,27,256,1.767259942282522,0.12934264889621105
power,kp10,14.331814598205613,27,256,1.791856165685507,0.12608932962852903
power,kp10,14.331814598205613,27,256,1.8165052119050797,0.12187563249178766
power,kp10,14.331814598205613,27,256,1.84106948650222,0.11751506897520315
power,kp10,14.331814598205613,27,256,1.8655473365324868,0.11465764650150706
power,kp10,14.331814598205613,27,256,1.8901597802312908,0.10981003944121893
power,kp10,14.331814598205613,27,256,1.9146480540447401,0.10733780798666488
power,kp10,14.331814598205613,27,256,1.939059763715855,0.10417251704895235
power,kp10,14.331814598205613,27,256,1.9635386553798613,0.10224600855214777
power,kp10,14.331814598205613,27,256,1.9881418995995372,0.09829921708912262
power,kp10,14.331814598205613,27,256,2.012791865355253,0.09520042057263887
power,kp10,14.331814598205613,27,256,2.0373677965526436,0.09263984339040662
power,kp10,14.331814598205613,27,256,2.061830564445913,0.09117453668168578
power,kp10,14.331814598205613,27,256,2.086390694548735,0.0887531270604748
power,kp10,14.331814598205613,27,256,2.1110563056819687,0.08564740758509354
power,kp10,14.331814598205613,27,256,2.135537792991106,0.08307392511743213
power,kp10,14.331814598205613,27,256,2.159998138153035,0.08153620170157308
power,kp10,14.331814598205613,27,256,2.1845468792357265,0.07892408253281726
power,kp10,14.331814598205613,27,256,2.209197537182775,0.07711115523207941
power,kp10,14.331814598205613,27,256,2.233806633592115,0.07537494723595935
power,kp10,14.331814598205613,27,256,2.2582915083645076,0.07361169530446232
power,kp10,14.331814598205613,27,256,2.2828338607082084,0.07131676781744485
power,kp10,14.331814598205613,27,256,2.3073017772048177,0.0701083047570684
power,kp10,14.331814598205613,27,256,2.331703110949515,0.06845866254457841
power,kp10,14.331814598205613,27,256,2.3561360982141064,0.06687030306033252
power,kp10,14.331814598205613,27,256,2.380737492036452,0.06494926004642712
power,kp10,14.331814598205613,27,256,2.4055149512632847,0.06300235269768394
power,kp10,14.331814598205613,27,256,2.4300869274031247,0.061975160021617785
power,kp10,14.331814598205613,27,256,2.4545548306603284,0.06023544654905047
power,kp10,14.331814598205613,27,256,2.4790865069574943,0.05868723948751196
power,kp10,14.331814598205613,27,256,2.5036704305305424,0.05767649170853823
power,kp10,14.331814598205613,27,256,2.528270183716259,0.05672208264163137
power,kp10,14.331814598205613,27,256,2.552643460276946,0.055300941263320344
power,kp10,14.331814598205613,27,256,2.577201892589191,0.054205016254906625
power,kp10,14.331814598205613,27,256,2.6018560165083144,0.053380164597239085
power,kp10,14.331814598205613,27,256,2.6263288098649222,0.05200675248576868
power,kp10,14.331814598205613,27,256,2.6508121830306464,0.050469643625355824
power,kp10,14.331814598205613,27,256,2.675443482089977,0.04947171723640804
power,kp10,14.331814598205613,27,256,2.7000979583903626,0.04910205054470266
power,kp10,14.331814598205613,27,256,2.724496195195882,0.04788290290438985
power,kp10,14.331814598205613,27,256,2.748948188579295,0.04650617695391682
power,kp10,14.331814598205613,27,256,2.773522549605598,0.04552788828482355
power,kp10,14.331814598205613,27,256,2.798144761883231,0.04475589302861266
power,kp10,14.331814598205613,27,256,2.8226598585414346,0.04392906663296927
power,kp10,14.331814598205613,27,256,2.847154872351462,0.04328249525034927
power,kp10,14.331814598205613,27,256,2.871827835114871,0.041727972978708096
power,kp10,14.331814598205613,27,256,2.8963613024431614,0.041422733434431945
power,kp10,14.331814598205613,27,256,2.9207438511347443,0.040548295074885395
power,kp10,14.331814598205613,27,256,2.94526757839102,0.03970343398974031
power,kp10,14.331814598205613,27,256,2.9698884956599376,0.038827965293082696
power,kp10,14.331814598205613,27,256,2.994489139563538,0.03821949289798716
power,kp10,14.331814598205613,27,256,3.0190382599860044,0.0370298604348707
power,kp10,14.331814598205613,27,256,3.0435523062452345,0.03658905469690052
power,kp10,14.331814598205613,27,256,3.068170188883887,0.03577462734688511
power,kp10,14.331814598205613,27,256,3.0927380933296216,0.03524514556947007
power,kp10,14.331814598205613,27,256,3.1171641214553856,0.03470123826467202
power,kp10,10.51901923231075,30,256,0.0313212461565073,251.00860482610793
power,kp10,10.51901923231075,30,256,0.054752145345661356,120.23724663935037
power,kp10,10.51901923231075,30,256,0.07692383885216451,90.88491543328175
power,kp10,10.51901923231075,30,256,0.09966162230830337,76.0005383683697
power,kp10,10.51901923231075,30,256,0.12511351331450943,59.24781650058375
power,kp10,10.51901923231075,30,256,0.15025472412609966,39.14574074827974
power,kp10,10.51901923231075,30,256,0.17356669305616573,30.084631876874152
power,kp10,10.51901923231075,30,256,0.1969650561149323,24.310481224752944
power,kp10,10.51901923231075,30,256,0.2223017820571719,21.03011536091727
power,kp10,10.51901923231075,30,256,0.24772821384680524,17.08440952713225
power,kp10,10.51901923231075,30,256,0.2714838997836198,14.176605747135804
power,kp10,10.51901923231075,30,256,0.2952393892533773,11.498651356293976
power,kp10,10.51901923231075,30,256,0.32016672397367135,10.213940434182623
power,kp10,10.51901923231075,30,256,0.34493070130200054,8.32469346554018
power,kp10,10.51901923231075,30,256,0.3685629107918764,8.06400468651339
power,kp10,10.51901923231075,30,256,0.39281248333983404,6.690944993154211
power,kp10,10.51901923231075,30,256,0.41802270733219404,5.964425925567028
power,kp10,10.51901923231075,30,256,0.4430752669658697,5.0946957642853095
power,kp10,10.51901923231075,30,256,0.46722214928169786,4.642502945799083
power,kp10,10.51901923231075,30,256,0.4913294881940436,4.204142887048484
power,kp10,10.51901923231075,30,256,0.5162067686956312,3.7771094706745463
power,kp10,10.51901923231075,30,256,0.5408446463692522,3.4290870460354808
power,kp10,10.51901923231075,30,256,0.5650376114965061,3.038507987885678
power,kp10,10.51901923231075,30,256,0.5892711066164427,2.796098444174818
power,kp10,10.51901923231075,30,256,0.6139562317597167,2.5615351282835266
power,kp10,10.51901923231075,30,256,0.6388346508015916,2.373001860470679
power,kp10,10.51901923231075,30,256,0.663380853616023,2.181175389858766
power,kp10,10.51901923231075,30,256,0.687895456095786,2.1114128365861036
power,kp10,10.51901923231075,30,256,0.7124989295569584,1.9139914456075435
power,kp10,10.51901923231075,30,256,0.736916296464924,1.7865307214175505
power,kp10,10.51901923231075,30,256,0.7613594367769183,1.6413905985875823
power,kp10,10.51901923231075,30,256,0.7857124662472791,1.5046367828277794
power,kp10,10.51901923231075,30,256,0.810137747986822,1.423002054618061
power,kp10,10.51901923231075,30,256,0.834917120504456,1.3215836958364315
power,kp10,10.51901923231075,30,256,0.8595036589073478,1.2597866676470282
power,kp10,10.51901923231075,30,256,0.8839565785490576,1.218095571720102
power,kp10,10.51901923231075,30,256,0.9085873013365826,1.1123946677802194
power,kp10,10.51901923231075,30,256,0.93315996057299,1.054633593654887
power,kp10,10.51901923231075,30,256,0.957506690409634,1.0024083140146172
power,kp10,10.51901923231075,30,256,0.9819279850991849,0.9325033968061861
power,kp10,10.51901923231075,30,256,1.0066674312761883,0.8902761078794763
power,kp10,10.51901923231075,30,256,1.0313291082710536,0.8418745370896868
power,kp10,10.51901923231075,30,256,1.0558188182967405,0.7898496635057712
power,kp10,10.51901923231075,30,256,1.0803177204141923,0.74620398996732
power,kp10,10.51901923231075,30,256,1.1049596638350512,0.7113064281170882
power,kp10,10.51901923231075,30,256,1.129486121097224,0.6854939532108242
power,kp10,10.51901923231075,30,256,1.1537192393504785,0.6475742583347834
power,kp10,10.51901923231075,30,256,1.1781536455689063,0.6254979432090412
power,kp10,10.51901923231075,30,256,1.2028829334540618,0.5947465332515052
power,kp10,10.51901923231075,30,256,1.2276398813718887,0.5656093022040154
power,kp10,10.51901923231075,30,256,1.2521331122112618,0.5449035692112216
power,kp10,10.51901923231075,30,256,1.2766116197584787,0.5259247129175137
power,kp10,10.51901923231075,30,256,1.3012639361718907,0.5005534933234072
power,kp10,10.51901923231075,30,256,1.3257985065897926,0.47549549451784423
power,kp10,10.51901923231075,30,256,1.3501519987288393,0.45445082169165557
power,kp10,10.51901923231075,30,256,1.3745334244052962,0.43757373776938274
power,kp10,10.51901923231075,30,256,1.3992303251151714,0.41856090989198125
power,kp10,10.51901923231075,30,256,1.4238732114992796,0.40008669876335473
power,kp10,10.51901923231075,30,256,1.4482961332980369,0.389848826435774
power,kp10,10.51901923231075,30,256,1.4728665135264858,0.3727155267333465
power,kp10,10.51901923231075,30,256,1.4974944160481687,0.3588313205068598
power,kp10,10.51901923231075,30,256,1.5220746011321264,0.34131736283624686
power,kp10,10.51901923231075,30,256,1.5463934411415703,0.32684018530019204
power,kp10,10.51901923231075,30,256,1.5707513346510054,0.3192546469446395
power,kp10,10.51901923231075,30,256,1.5955213151096161,0.3055858401641214
power,kp10,10.51901923231075,30,256,1.6201926934712723,0.29635784176564045
power,kp10,10.51901923231075,30,256,1.6447426353275962,0.28698362987903236
power,kp10,10.51901923231075,30,256,1.6692521022001021,0.2759880322171741
power,kp10,10.51901923231075,30,256,1.6938323170631577,0.2655119215927021
power,kp10,10.51901923231075,30,256,1.718429203998171,0.26036845627614236
power,kp10,10.51901923231075,30,256,1.742766194611624,0.24945421255793102
power,kp10,10.51901923231075,30,256,1.767259942282522,0.24246660202486164
power,kp10,10.51901923231075,30,256,1.791856165685507,0.23324024883163347
power,kp10,10.51901923231075,30,256,1.8165052119050797,0.22544090561949695
power,kp10,10.51901923231075,30,256,1.84106948650222,0.2191923344269706
power,kp10,10.51901923231075,30,256,1.8655473365324868,0.21269599816985407
power,kp10,10.51901923231075,30,256,1.8901597802312908,0.2048156140815954
power,kp10,10.51901923231075,30,256,1.9146480540447401,0.19844875654787872
power,kp10,10.51901923231075,30,256,1.939059763715855,0.19343354082789616
power,kp10,10.51901923231075,30,256,1.9635386553798613,0.18829383407765116
power,kp10,10.51901923231075,30,256,1.9881418995995372,0.1821089685027698
power,kp10,10.51901923231075,30,256,2.012791865355253,0.1762043386540523
power,kp10,10.51901923231075,30,256,2.0373677965526436,0.17130631090239545
power,kp10,10.51901923231075,30,256,2.061830564445913,0.16637737800494773
power,kp10,10.51901923231075,30,256,2.086390694548735,0.16414953926965456
power,kp10,10.51901923231075,30,256,2.1110563056819687,0.15815846595096714
power,kp10,10.51901923231075,30,256,2.135537792991106,0.15385140578326206
power,kp10,10.51901923231075,30,256,2.159998138153035,0.1489613637205147
power,kp10,10.51901923231075,30,256,2.1845468792357265,0.1444278980789927
power,kp10,10.51901923231075,30,256,2.209197537182775,0.14200627000772084
power,kp10,10.51901923231075,30,256,2.233806633592115,0.13761639697554953
power,kp10,10.51901923231075,30,256,2.2582915083645076,0.1344495545621849
power,kp10,10.51901923231075,30,256,2.2828338607082084,0.13055632004130777
power,kp10,10.51901923231075,30,256,2.3073017772048177,0.1282469736125447
power,kp10,10.51901923231075,30,256,2.331703110949515,0.12362987408733371
power,kp10,10.51901923231075,30,256,2.3561360982141064,0.12113549585064613
power,kp10,10.51901923231075,30,256,2.380737492036452,0.1178177576545635
power,kp10,10.51901923231075,30,256,2.4055149512632847,0.1145552083190992
power,kp10,10.51901923231075,30,256,2.4300869274031247,0.1118892668419703
power,kp10,10.51901923231075,30,256,2.4545548306603284,0.10926423586457482
power,kp10,10.51901923231075,30,256,2.4790865069574943,0.10617418471243538
power,kp10,10.51901923231075,30,256,2.5036704305305424,0.10384511976227802
power,kp10,10.51901923231075,30,256,2.528270183716259,0.10189452216144505
power,kp10,10.51901923231075,30,256,2.552643460276946,0.09937573655293663
power,kp10,10.51901923231075,30,256,2.577201892589191,0.09715763312755621
power,kp10,10.51901923231075,30,256,2.6018560165083144,0.09563183173556987
power,kp10,10.51901923231075,30,256,2.6263288098649222,0.09275259739882491
power,kp10,10.51901923231075,30,256,2.6508121830306464,0.09037596018634127
power,kp10,10.51901923231075,30,256,2.675443482089977,0.08789851451606186
power,kp10,10.51901923231075,30,256,2.7000979583903626,0.08730991557342004
power,kp10,10.51901923231075,30,256,2.724496195195882,0.08480631769032683
power,kp10,10.51901923231075,30,256,2.748948188579295,0.08347859292762494
power,kp10,10.51901923231075,30,256,2.773522549605598,0.08118817030540203
power,kp10,10.51901923231075,30,256,2.798144761883231,0.07920812981234039
power,kp10,10.51901923231075,30,256,2.8226598585414346,0.07763100711870993
power,kp10,10.51901923231075,30,256,2.847154872351462,0.07664296870721317
power,kp10,10.51901923231075,30,256,2.871827835114871,0.07468306737461027
power,kp10,10.51901923231075,30,256,2.8963613024431614,0.07265134574156434
power,kp10,10.51901923231075,30,256,2.9207438511347443,0.07178183491626751
power,kp10,10.51901923231075,30,256,2.94526757839102,0.0697757832006412
power,kp10,10.51901923231075,30,256,2.9698884956599376,0.06855883573612766
power,kp10,10.51901923231075,30,256,2.994489139563538,0.06758467913913335
power,kp10,10.51901923231075,30,256,3.0190382599860044,0.06561920988311737
power,kp10,10.51901923231075,30,256,3.0435523062452345,0.06417911198988488
power,kp10,10.51901923231075,30,256,3.068170188883887,0.06336105415223367
power,kp10,10.51901923231075,30,256,3.0927380933296216,0.06216545643773486
power,kp10,10.51901923231075,30,256,3.1171641214553856,0.06147302774230043
power,kp10,2.0333177828202462,44,256,0.0313212461565073,3438.0037957633344
power,kp10,2.0333177828202462,44,256,0.054752145345661356,1669.0544214887586
power,kp10,2.0333177828202462,44,256,0.07692383885216451,1280.1711263121927
power,kp10,2.0333177828202462,44,256,0.09966162230830337,1071.5383312601998
power,kp10,2.0333177828202462,44,256,0.12511351331450943,833.5373929406896
power,kp10,2.0333177828202462,44,256,0.15025472412609966,564.2011499210454
power,kp10,2.0333177828202462,44,256,0.17356669305616573,434.33243878492203
power,kp10,2.0333177828202462,44,256,0.1969650561149323,370.8206354909944
power,kp10,2.0333177828202462,44,256,0.2223017820571719,316.333340665564
power,kp10,2.0333177828202462,44,256,0.24772821384680524,245.7365105980285
power,kp10,2.0333177828202462,44,256,0.2714838997836198,226.2276312307695
power,kp10,2.0333177828202462,44,256,0.2952393892533773,181.60039018237316
power,kp10,2.0333177828202462,44,256,0.32016672397367135,161.8424173695375
power,kp10,2.0333177828202462,44,256,0.34493070130200054,134.8355703271621
power,kp10,2.0333177828202462,44,256,0.3685629107918764,128.11224639732495
power,kp10,2.0333177828202462,44,256,0.39281248333983404,114.28416195282466
power,kp10,2.0333177828202462,44,256,0.41802270733219404,103.62996369591363
power,kp10,2.0333177828202462,44,256,0.4430752669658697,91.42422980519741
power,kp10,2.0333177828202462,44,256,0.46722214928169786,85.37903478364693
power,kp10,2.0333177828202462,44,256,0.4913294881940436,75.61946347480735
power,kp10,2.0333177828202462,44,256,0.5162067686956312,70.12227611836342
power,kp10,2.0333177828202462,44,256,0.5408446463692522,65.7398726268827
power,kp10,2.0333177828202462,44,256,0.5650376114965061,60.25798166723006
power,kp10,2.0333177828202462,44,256,0.5892711066164427,56.00726172021028
power,kp10,2.0333177828202462,44,256,0.6139562317597167,51.73548998957929
power,kp10,2.0333177828202462,44,256,0.6388346508015916,48.42720901376797
power,kp10,2.0333177828202462,44,256,0.663380853616023,46.29856797584023
power,kp10,2.0333177828202462,44,256,0.687895456095786,44.24522346182655
power,kp10,2.0333177828202462,44,256,0.7124989295569584,42.45258792014881
power,kp10,2.0333177828202462,44,256,0.736916296464924,40.21091723561025
power,kp10,2.0333177828202462,44,256,0.7613594367769183,37.48818444444611
power,kp10,2.0333177828202462,44,256,0.7857124662472791,35.25847784742199
power,kp10,2.0333177828202462,44,256,0.810137747986822,35.145215835585375
power,kp10,2.0333177828202462,44,256,0.834917120504456,32.563639374460465
power,kp10,2.0333177828202462,44,256,0.8595036589073478,31.913998977853076
power,kp10,2.0333177828202462,44,256,0.8839565785490576,29.943813945170707
power,kp10,2.0333177828202462,44,256,0.9085873013365826,29.19818996767816
power,kp10,2.0333177828202462,44,256,0.93315996057299,27.796157738246087
power,kp10,2.0333177828202462,44,256,0.957506690409634,26.247482037659097
power,kp10,2.0333177828202462,44,256,0.9819279850991849,25.53166679301247
power,kp10,2.0333177828202462,44,256,1.0066674312761883,24.85966472907768
power,kp10,2.0333177828202462,44,256,1.0313291082710536,24.030426324320363
power,kp10,2.0333177828202462,44,256,1.0558188182967405,23.413966589589023
power,kp10,2.0333177828202462,44,256,1.0803177204141923,22.48126255096442
power,kp10,2.0333177828202462,44,256,1.1049596638350512,21.911151462008792
power,kp10,2.0333177828202462,44,256,1.129486121097224,20.964964590034825
power,kp10,2.0333177828202462,44,256,1.1537192393504785,20.231951821041555
power,kp10,2.0333177828202462,44,256,1.1781536455689063,19.950866859171473
power,kp10,2.0333177828202462,44,256,1.2028829334540618,19.163471727488734
power,kp10,2.0333177828202462,44,256,1.2276398813718887,18.810914671836116
power,kp10,2.0333177828202462,44,256,1.2521331122112618,18.136773083477024
power,kp10,2.0333177828202462,44,256,1.2766116197584787,17.455307054074172
power,kp10,2.0333177828202462,44,256,1.3012639361718907,17.232586493050963
power,kp10,2.0333177828202462,44,256,1.3257985065897926,16.81171697876537
power,kp10,2.0333177828202462,44,256,1.3501519987288393,16.573914159623822
power,kp10,2.0333177828202462,44,256,1.3745334244052962,16.185249101987782
power,kp10,2.0333177828202462,44,256,1.3992303251151714,15.838200759982346
power,kp10,2.0333177828202462,44,256,1.4238732114992796,15.42704829196278
power,kp10,2.0333177828202462,44,256,1.4482961332980369,15.093095403160982
power,kp10,2.0333177828202462,44,256,1.4728665135264858,14.56374266411599
power,kp10,2.0333177828202462,44,256,1.4974944160481687,14.331992512094855
power,kp10,2.0333177828202462,44,256,1.5220746011321264,14.12125846932879
power,kp10,2.0333177828202462,44,256,1.5463934411415703,13.832891909651028
power,kp10,2.0333177828202462,44,256,1.5707513346510054,13.422860704646999
power,kp10,2.0333177828202462,44,256,1.5955213151096161,13.400300233635553
power,kp10,2.0333177828202462,44,256,1.6201926934712723,12.99166904036003
power,kp10,2.0333177828202462,44,256,1.6447426353275962,12.800092076323118
power,kp10,2.0333177828202462,44,256,1.6692521022001021,12.428617760831022
power,kp10,2.0333177828202462,44,256,1.6938323170631577,12.23880826577165
power,kp10,2.0333177828202462,44,256,1.718429203998171,12.066914331310432
power,kp10,2.0333177828202462,44,256,1.742766194611624,11.73812893288798
power,kp10,2.0333177828202462,44,256,1.767259942282522,11.562561986082446
power,kp10,2.0333177828202462,44,256,1.791856165685507,11.380992457246329
power,kp10,2.0333177828202462,44,256,1.8165052119050797,11.177074774927922
power,kp10,2.0333177828202462,44,256,1.84106948650222,11.028808743940218
power,kp10,2.0333177828202462,44,256,1.8655473365324868,10.810455969228444
power,kp10,2.0333177828202462,44,256,1.8901597802312908,10.591322562134215
power,kp10,2.0333177828202462,44,256,1.9146480540447401,10.486510975273879
power,kp10,2.0333177828202462,44,256,1.939059763715855,10.378608904007718
power,kp10,2.0333177828202462,44,256,1.9635386553798613,10.156902310113173
power,kp10,2.0333177828202462,44,256,1.9881418995995372,9.950203916840685
power,kp10,2.0333177828202462,44,256,2.012791865355253,9.841985334582601
power,kp10,2.0333177828202462,44,256,2.0373677965526436,9.745906087889388
power,kp10,2.0333177828202462,44,256,2.061830564445913,9.500973389924
power,kp10,2.0333177828202462,44,256,2.086390694548735,9.45077910700914
power,kp10,2.0333177828202462,44,256,2.1110563056819687,9.2204525319671
power,kp10,2.0333177828202462,44,256,2.135537792991106,9.119040193272026
power,kp10,2.0333177828202462,44,256,2.159998138153035,8.958319445035222
power,kp10,2.0333177828202462,44,256,2.1845468792357265,8.859031607886015
power,kp10,2.0333177828202462,44,256,2.209197537182775,8.732198013182526
power,kp10,2.0333177828202462,44,256,2.233806633592115,8.570521406960246
power,kp10,2.0333177828202462,44,256,2.2582915083645076,8.491707067740277
power,kp10,2.0333177828202462,44,256,2.2828338607082084,8.42775337245899
power,kp10,2.0333177828202462,44,256,2.3073017772048177,8.290693816459354
power,kp10,2.0333177828202462,44,256,2.331703110949515,8.207497864277665
power,kp10,2.0333177828202462,44,256,2.3561360982141064,8.06703073712787
power,kp10,2.0333177828202462,44,256,2.380737492036452,7.982818246465524
power,kp10,2.0333177828202462,44,256,2.4055149512632847,7.849228824182061
power,kp10,2.0333177828202462,44,256,2.4300869274031247,7.820087996075056
power,kp10,2.0333177828202462,44,256,2.4545548306603284,7.647461084277167
power,kp10,2.0333177828202462,44,256,2.4790865069574943,7.532105146456918
power,kp10,2.0333177828202462,44,256,2.5036704305305424,7.478147323546794
power,kp10,2.0333177828202462,44,256,2.528270183716259,7.360121657672914
power,kp10,2.0333177828202462,44,256,2.552643460276946,7.31553207878331
power,kp10,2.0333177828202462,44,256,2.577201892589191,7.19055073940774
power,kp10,2.0333177828202462,44,256,2.6018560165083144,7.109378182077518
power,kp10,2.0333177828202462,44,256,2.6263288098649222,7.013715883441928
power,kp10,2.0333177828202462,44,256,2.6508121830306464,6.951551837067234
power,kp10,2.0333177828202462,44,256,2.675443482089977,6.882208913322647
power,kp10,2.0333177828202462,44,256,2.7000979583903626,6.783220336062065
power,kp10,2.0333177828202462,44,256,2.724496195195882,6.781656072926047
power,kp10,2.0333177828202462,44,256,2.748948188579295,6.600204006314974
power,kp10,2.0333177828202462,44,256,2.773522549605598,6.5335987543848555
power,kp10,2.0333177828202462,44,256,2.798144761883231,6.476644151974283
power,kp10,2.0333177828202462,44,256,2.8226598585414346,6.408908366617371
power,kp10,2.0333177828202462,44,256,2.847154872351462,6.3458226676870995
power,kp10,2.0333177828202462,44,256,2.871827835114871,6.269071253683117
power,kp10,2.0333177828202462,44,256,2.8963613024431614,6.214163345649938
power,kp10,2.0333177828202462,44,256,2.9207438511347443,6.1129375672079656
power,kp10,2.0333177828202462,44,256,2.94526757839102,6.090512808763567
power,kp10,2.0333177828202462,44,256,2.9698884956599376,6.015071966284321
power,kp10,2.0333177828202462,44,256,2.994489139563538,5.938260003249378
power,kp10,2.0333177828202462,44,256,3.0190382599860044,5.866012666612017
power,kp10,2.0333177828202462,44,256,3.0435523062452345,5.8063857180868705
power,kp10,2.0333177828202462,44,256,3.068170188883887,5.70880383167899
power,kp10,2.0333177828202462,44,256,3.0927380933296216,5.672398212121631
power,kp10,2.0333177828202462,44,256,3.1171641214553856,5.617398128070671
powerRatios,kp1,19.40664523021168,24,25,0.32072956064263475,0.9995628572781847
powerRatios,kp1,19.40664523021168,24,25,0.5606619683395725,0.999203156750709
powerRatios,kp1,19.40664523021168,24,25,0.787700109846164,0.9989111180184003
powerRatios,kp1,19.40664523021168,24,25,1.0205350124370263,1.0163369484764646
powerRatios,kp1,19.40664523021168,24,25,1.2811623763405762,1.129837012443357
powerRatios,kp1,19.40664523021168,24,25,1.5386083750512618,1.2390201249092025
powerRatios,kp1,19.40664523021168,24,25,1.7773229368951355,1.3391175717012003
powerRatios,kp1,19.40664523021168,24,25,2.016922174616909,1.4269269374007598
powerRatios,kp1,19.40664523021168,24,25,2.276370248265442,1.5255600367317537
powerRatios,kp1,19.40664523021168,24,25,2.5367369097912875,1.6174282071293968
powerRatios,kp1,19.40664523021168,24,25,2.7799951337842748,1.6960387383002349
powerRatios,kp1,19.40664523021168,24,25,3.0232513459545807,1.7719734559072748
powerRatios,kp1,19.40664523021168,24,25,3.27850725349039,1.8520874681631212
powerRatios,kp1,19.40664523021168,24,25,3.5320903813324764,1.9227794696181755
powerRatios,kp1,19.40664523021168,24,25,3.7740842065088223,1.9950675440131609
powerRatios,kp1,19.40664523021168,24,25,4.0223998293999035,2.064793302732398
powerRatios,kp1,19.40664523021168,24,25,4.280552523081682,2.1376190640356363
powerRatios,kp1,19.40664523021168,24,25,4.537090733730488,2.2063636112508855
powerRatios,kp1,19.40664523021168,24,25,4.784354808644596,2.2695141873355236
powerRatios,kp1,19.40664523021168,24,25,5.031213959107016,2.3295022561646745
powerRatios,kp1,19.40664523021168,24,25,5.285957311443282,2.397933241330498
powerRatios,kp1,19.40664523021168,24,25,5.538249178821105,2.46353555871546
powerRatios,kp1,19.40664523021168,24,25,5.785985141724235,2.5266231400752885
powerRatios,kp1,19.40664523021168,24,25,6.034136131752394,2.5848054402088345
powerRatios,kp1,19.40664523021168,24,25,6.286911813219537,2.648390322061263
powerRatios,kp1,19.40664523021168,24,25,6.54166682420824,2.7027395783365997
powerRatios,kp1,19.40664523021168,24,25,6.793019941028072,2.7690565871324635
powerRatios,kp1,19.40664523021168,24,25,7.044049470420791,2.834965561251356
powerRatios,kp1,19.40664523021168,24,25,7.295989038663275,2.890759877527615
powerRatios,kp1,19.40664523021168,24,25,7.546022875800913,2.9390586627012008
powerRatios,kp1,19.40664523021168,24,25,7.796320632595667,3.0100605345903584
powerRatios,kp1,19.40664523021168,24,25,8.04569565437213,3.0649553460635546
powerRatios,kp1,19.40664523021168,24,25,8.295810539385062,3.1243776369126426
powerRatios,kp1,19.40664523021168,24,25,8.549551313965676,3.1719069472978636
powerRatios,kp1,19.40664523021168,24,25,8.801317467211248,3.2405234063685446
powerRatios,kp1,19.40664523021168,24,25,9.051715364342233,3.2967492450531903
powerRatios,kp1,19.40664523021168,24,25,9.303933965686708,3.349224218161144
powerRatios,kp1,19.40664523021168,24,25,9.555557996267446,3.40278507323866
powerRatios,kp1,19.40664523021168,24,25,9.80486850979469,3.46815773777116
powerRatios,kp1,19.40664523021168,24,25,10.054942567415612,3.5108340190997938
powerRatios,kp1,19.40664523021168,24,25,10.308274496268336,3.572480079739857
powerRatios,kp1,19.40664523021168,24,25,10.560810068695892,3.6252353366140917
powerRatios,kp1,19.40664523021168,24,25,10.811584699358507,3.6879988726167405
powerRatios,kp1,19.40664523021168,24,25,11.062453457041169,3.739560177939016
powerRatios,kp1,19.40664523021168,24,25,11.314786957671013,3.8102823574400735
powerRatios,kp1,19.40664523021168,24,25,11.565937880035426,3.851098573256751
powerRatios,kp1,19.40664523021168,24,25,11.814085010948824,3.910990208948622
powerRatios,kp1,19.40664523021168,24,25,12.064293330625782,3.9598426963288027
powerRatios,kp1,19.40664523021168,24,25,12.317521238569554,4.015636517381733
powerRatios,kp1,19.40664523021168,24,25,12.571032385248238,4.10493264344311
powerRatios,kp1,19.40664523021168,24,25,12.821843069043268,4.138569877905457
powerRatios,kp1,19.40664523021168,24,25,13.072502986326512,4.201265899424789
powerRatios,kp1,19.40664523021168,24,25,13.324942706400424,4.221710005615756
powerRatios,kp1,19.40664523021168,24,25,13.576176707479814,4.29925151565106
powerRatios,kp1,19.40664523021168,24,25,13.82555646698322,4.369736959893151
powerRatios,kp1,19.40664523021168,24,25,14.075222265910044,4.417304219898173
powerRatios,kp1,19.40664523021168,24,25,14.32811852917941,4.474531936773568
powerRatios,kp1,19.40664523021168,24,25,14.580461685752585,4.539653068607032
powerRatios,kp1,19.40664523021168,24,25,14.830552404971625,4.600188928919861
powerRatios,kp1,19.40664523021168,24,25,15.08215309851155,4.642805889442268
powerRatios,kp1,19.40664523021168,24,25,15.334342820333537,4.707949281956856
powerRatios,kp1,19.40664523021168,24,25,15.5860439155924,4.77193177067158
powerRatios,kp1,19.40664523021168,24,25,15.835068837290374,4.825530279526667
powerRatios,kp1,19.40664523021168,24,25,16.08449366682584,4.854515200256469
powerRatios,kp1,19.40664523021168,24,25,16.338138266722677,4.931887789799665
powerRatios,kp1,19.40664523021168,24,25,16.590773181146194,4.994752642713717
powerRatios,kp1,19.40664523021168,24,25,16.842164585753792,5.031762760510971
powerRatios,kp1,19.40664523021168,24,25,17.093141526529084,5.128720182778107
powerRatios,kp1,19.40664523021168,24,25,17.344842926726773,5.18491582339508
powerRatios,kp1,19.40664523021168,24,25,17.59671504894166,5.23752066571463
powerRatios,kp1,19.40664523021168,24,25,17.84592583282211,5.277363183858397
powerRatios,kp1,19.40664523021168,24,25,18.096741808972432,5.3557688912901265
powerRatios,kp1,19.40664523021168,24,25,18.348607136620142,5.414664952032611
powerRatios,kp1,19.40664523021168,24,25,18.60101336990868,5.45162308990577
powerRatios,kp1,19.40664523021168,24,25,18.852551541782248,5.541069709190766
powerRatios,kp1,19.40664523021168,24,25,19.10320472609246,5.607616105785563
powerRatios,kp1,19.40664523021168,24,25,19.355236149567805,5.649587068377663
powerRatios,kp1,19.40664523021168,24,25,19.605996073418613,5.692270408089769
powerRatios,kp1,19.40664523021168,24,25,19.855971980449656,5.760439048943467
powerRatios,kp1,19.40664523021168,24,25,20.106635831090703,5.795500454204969
powerRatios,kp1,19.40664523021168,24,25,20.35857305190006,5.883601608136157
powerRatios,kp1,19.40664523021168,24,25,20.610988701236806,5.938678481264136
powerRatios,kp1,19.40664523021168,24,25,20.862646236697852,6.037835107397143
powerRatios,kp1,19.40664523021168,24,25,21.11314497992686,6.075857332367334
powerRatios,kp1,19.40664523021168,24,25,21.36464071217916,6.1507215363795
powerRatios,kp1,19.40664523021168,24,25,21.617216570183352,6.219112717967175
powerRatios,kp1,19.40664523021168,24,25,21.867907000228907,6.259938612679498
powerRatios,kp1,19.40664523021168,24,25,22.118380934686936,6.316549804805074
powerRatios,kp1,19.40664523021168,24,25,22.369760043372604,6.380714852812471
powerRatios,kp1,19.40664523021168,24,25,22.622182780751523,6.457644492055632
powerRatios,kp1,19.40664523021168,24,25,22.874179927983825,6.521736293602337
powerRatios,kp1,19.40664523021168,24,25,23.124905045653037,6.556621687036786
powerRatios,kp1,19.40664523021168,24,25,23.376218733652543,6.662244611286122
powerRatios,kp1,19.40664523021168,24,25,23.62677019857868,6.70305771555842
powerRatios,kp1,19.40664523021168,24,25,23.87663985612261,6.747271524600574
powerRatios,kp1,19.40664523021168,24,25,24.12683364571325,6.804576504555563
powerRatios,kp1,19.40664523021168,24,25,24.37875191845385,6.899717955815951
powerRatios,kp1,19.40664523021168,24,25,24.63247310093604,6.95636482710701
powerRatios,kp1,19.40664523021168,24,25,24.884090136607472,7.041867454843914
powerRatios,kp1,19.40664523021168,24,25,25.1346414659627,7.074817553022036
powerRatios,kp1,19.40664523021168,24,25,25.385845831243543,7.1477549549871595
powerRatios,kp1,19.40664523021168,24,25,25.637585208635205,7.232322781370202
powerRatios,kp1,19.40664523021168,24,25,25.88948668125444,7.302449280178145
powerRatios,kp1,19.40664523021168,24,25,26.139069033235916,7.391182774325303
powerRatios,kp1,19.40664523021168,24,25,26.390547380112228,7.414130353863617
powerRatios,kp1,19.40664523021168,24,25,26.64300560904685,7.506731921311243
powerRatios,kp1,19.40664523021168,24,25,26.89360701301547,7.53762721592703
powerRatios,kp1,19.40664523021168,24,25,27.14431675423385,7.606591217426311
powerRatios,kp1,19.40664523021168,24,25,27.396541256600635,7.677581451663759
powerRatios,kp1,19.40664523021168,24,25,27.649003093917827,7.702781158161375
powerRatios,kp1,19.40664523021168,24,25,27.89884103880582,7.7944034404769935
powerRatios,kp1,19.40664523021168,24,25,28.14922945105167,7.892363499061631
powerRatios,kp1,19.40664523021168,24,25,28.400870907962133,7.975042701856038
powerRatios,kp1,19.40664523021168,24,25,28.65300236168307,8.009002750938821
powerRatios,kp1,19.40664523021168,24,25,28.90403695146484,8.03131954178617
powerRatios,kp1,19.40664523021168,24,25,29.154865892880995,8.121320224463306
powerRatios,kp1,19.40664523021168,24,25,29.40751703157385,8.187056162941904
powerRatios,kp1,19.40664523021168,24,25,29.65873973701816,8.238968267033869
powerRatios,kp1,19.40664523021168,24,25,29.90841703561923,8.34911868862119
powerRatios,kp1,19.40664523021168,24,25,30.159540002722725,8.381488334573197
powerRatios,kp1,19.40664523021168,24,25,30.411658195557067,8.437629498487278
powerRatios,kp1,19.40664523021168,24,25,30.66356878913305,8.494792480561298
powerRatios,kp1,19.40664523021168,24,25,30.914951782254548,8.535983585298332
powerRatios,kp1,19.40664523021168,24,25,31.165975615952295,8.595801372126472
powerRatios,kp1,19.40664523021168,24,25,31.418062734170597,8.738808980804556
powerRatios,kp1,19.40664523021168,24,25,31.66963807569683,8.829618599524661
powerRatios,kp1,19.40664523021168,24,25,31.919760603706283,8.825994990127759
powerRatios,kp1,14.331814598205613,27,25,0.32072956064263475,0.9994267474454733
powerRatios,kp1,14.331814598205613,27,25,0.5606619683395725,0.9988433239957785
powerRatios,kp1,14.331814598205613,27,25,0.787700109846164,0.9982084147149941
powerRatios,kp1,14.331814598205613,27,25,1.0205350124370263,1.0150213322094137
powerRatios,kp1,14.331814598205613,27,25,1.2811623763405762,1.1245715022094287
powerRatios,kp1,14.331814598205613,27,25,1.5386083750512618,1.2295874513552603
powerRatios,kp1,14.331814598205613,27,25,1.7773229368951355,1.3245816082467854
powerRatios,kp1,14.331814598205613,27,25,2.016922174616909,1.4101092873778758
powerRatios,kp1,14.331814598205613,27,25,2.276370248265442,1.5064787940262514
powerRatios,kp1,14.331814598205613,27,25,2.5367369097912875,1.595640425103113
powerRatios,kp1,14.331814598205613,27,25,2.7799951337842748,1.669715466713772
powerRatios,kp1,14.331814598205613,27,25,3.0232513459545807,1.7410137298574255
powerRatios,kp1,14.331814598205613,27,25,3.27850725349039,1.8220139899048422
powerRatios,kp1,14.331814598205613,27,25,3.5320903813324764,1.8871002309225278
powerRatios,kp1,14.331814598205613,27,25,3.7740842065088223,1.9571066928386982
powerRatios,kp1,14.331814598205613,27,25,4.0223998293999035,2.024703404939142
powerRatios,kp1,14.331814598205613,27,25,4.280552523081682,2.0958024622914526
powerRatios,kp1,14.331814598205613,27,25,4.537090733730488,2.1609656968449884
powerRatios,kp1,14.331814598205613,27,25,4.784354808644596,2.2236053676561602
powerRatios,kp1,14.331814598205613,27,25,5.031213959107016,2.281235439752123
powerRatios,kp1,14.331814598205613,27,25,5.285957311443282,2.349887630263367
powerRatios,kp1,14.331814598205613,27,25,5.538249178821105,2.411465805953756
powerRatios,kp1,14.331814598205613,27,25,5.785985141724235,2.4722859345325467
powerRatios,kp1,14.331814598205613,27,25,6.034136131752394,2.527653179283492
powerRatios,kp1,14.331814598205613,27,25,6.286911813219537,2.596019599132272
powerRatios,kp1,14.331814598205613,27,25,6.54166682420824,2.6458764341323597
powerRatios,kp1,14.331814598205613,27,25,6.793019941028072,2.7116176107028416
powerRatios,kp1,14.331814598205613,27,25,7.044049470420791,2.776885342023014
powerRatios,kp1,14.331814598205613,27,25,7.295989038663275,2.8283833055145897
powerRatios,kp1,14.331814598205613,27,25,7.546022875800913,2.880896035902401
powerRatios,kp1,14.331814598205613,27,25,7.796320632595667,2.944178872609953
powerRatios,kp1,14.331814598205613,27,25,8.04569565437213,3.0098685050873097
powerRatios,kp1,14.331814598205613,27,25,8.295810539385062,3.0604250682429854
powerRatios,kp1,14.331814598205613,27,25,8.549551313965676,3.1086398738440644
powerRatios,kp1,14.331814598205613,27,25,8.801317467211248,3.186848034578384
powerRatios,kp1,14.331814598205613,27,25,9.051715364342233,3.2248123255632937
powerRatios,kp1,14.331814598205613,27,25,9.303933965686708,3.285573343567092
powerRatios,kp1,14.331814598205613,27,25,9.555557996267446,3.3252424720169738
powerRatios,kp1,14.331814598205613,27,25,9.80486850979469,3.3949336927590266
powerRatios,kp1,14.331814598205613,27,25,10.054942567415612,3.442586635197545
powerRatios,kp1,14.331814598205613,27,25,10.308274496268336,3.5160795522855848
powerRatios,kp1,14.331814598205613,27,25,10.560810068695892,3.54804320151708
powerRatios,kp1,14.331814598205613,27,25,10.811584699358507,3.6032526017674886
powerRatios,kp1,14.331814598205613,27,25,11.062453457041169,3.692836079130744
powerRatios,kp1,14.331814598205613,27,25,11.314786957671013,3.7390033757434407
powerRatios,kp1,14.331814598205613,27,25,11.565937880035426,3.7873405830293816
powerRatios,kp1,14.331814598205613,27,25,11.814085010948824,3.8472284459277097
powerRatios,kp1,14.331814598205613,27,25,12.064293330625782,3.9012949094134854
powerRatios,kp1,14.331814598205613,27,25,12.317521238569554,3.9577666139148158
powerRatios,kp1,14.331814598205613,27,25,12.571032385248238,4.034402988597783
powerRatios,kp1,14.331814598205613,27,25,12.821843069043268,4.072469473234121
powerRatios,kp1,14.331814598205613,27,25,13.072502986326512,4.115625930747173
powerRatios,kp1,14.331814598205613,27,25,13.324942706400424,4.1531194104700875
powerRatios,kp1,14.331814598205613,27,25,13.576176707479814,4.220580926282367
powerRatios,kp1,14.331814598205613,27,25,13.82555646698322,4.2927914000622405
powerRatios,kp1,14.331814598205613,27,25,14.075222265910044,4.331538117311296
powerRatios,kp1,14.331814598205613,27,25,14.32811852917941,4.404418995174343
powerRatios,kp1,14.331814598205613,27,25,14.580461685752585,4.4700742202282795
powerRatios,kp1,14.331814598205613,27,25,14.830552404971625,4.526845706178606
powerRatios,kp1,14.331814598205613,27,25,15.08215309851155,4.576418718787361
powerRatios,kp1,14.331814598205613,27,25,15.334342820333537,4.643430277934647
powerRatios,kp1,14.331814598205613,27,25,15.5860439155924,4.711776055940817
powerRatios,kp1,14.331814598205613,27,25,15.835068837290374,4.7582846119418925
powerRatios,kp1,14.331814598205613,27,25,16.08449366682584,4.782740185483187
powerRatios,kp1,14.331814598205613,27,25,16.338138266722677,4.863841313509315
powerRatios,kp1,14.331814598205613,27,25,16.590773181146194,4.922410985723622
powerRatios,kp1,14.331814598205613,27,25,16.842164585753792,4.974969566260359
powerRatios,kp1,14.331814598205613,27,25,17.093141526529084,5.037882186027039
powerRatios,kp1,14.331814598205613,27,25,17.344842926726773,5.100609317877628
powerRatios,kp1,14.331814598205613,27,25,17.59671504894166,5.146731592579711
powerRatios,kp1,14.331814598205613,27,25,17.84592583282211,5.2064685298427
powerRatios,kp1,14.331814598205613,27,25,18.096741808972432,5.2762419314423665
powerRatios,kp1,14.331814598205613,27,25,18.348607136620142,5.340247417546877
powerRatios,kp1,14.331814598205613,27,25,18.60101336990868,5.355619935563327
powerRatios,kp1,14.331814598205613,27,25,18.852551541782248,5.453986197000859
powerRatios,kp1,14.331814598205613,27,25,19.10320472609246,5.509563829839004
powerRatios,kp1,14.331814598205613,27,25,19.355236149567805,5.582531943030242
powerRatios,kp1,14.331814598205613,27,25,19.605996073418613,5.6314189397813115
powerRatios,kp1,14.331814598205613,27,25,19.855971980449656,5.656216250866428
powerRatios,kp1,14.331814598205613,27,25,20.106635831090703,5.750226392520194
powerRatios,kp1,14.331814598205613,27,25,20.35857305190006,5.800239127135715
powerRatios,kp1,14.331814598205613,27,25,20.610988701236806,5.8149992951555705
powerRatios,kp1,14.331814598205613,27,25,20.862646236697852,5.900393977463296
powerRatios,kp1,14.331814598205613,27,25,21.11314497992686,5.9855715087823125
powerRatios,kp1,14.331814598205613,27,25,21.36464071217916,6.035938419256924
powerRatios,kp1,14.331814598205613,27,25,21.617216570183352,6.089386114421455
powerRatios,kp1,14.331814598205613,27,25,21.867907000228907,6.133579520864734
powerRatios,kp1,14.331814598205613,27,25,22.118380934686936,6.224786566912266
powerRatios,kp1,14.331814598205613,27,25,22.369760043372604,6.259366564511012
powerRatios,kp1,14.331814598205613,27,25,22.622182780751523,6.3297233582628305
powerRatios,kp1,14.331814598205613,27,25,22.874179927983825,6.353714371372446
powerRatios,kp1,14.331814598205613,27,25,23.124905045653037,6.445690920471285
powerRatios,kp1,14.331814598205613,27,25,23.376218733652543,6.504220606379485
powerRatios,kp1,14.331814598205613,27,25,23.62677019857868,6.523694054679865
powerRatios,kp1,14.331814598205613,27,25,23.87663985612261,6.626204443807081
powerRatios,kp1,14.331814598205613,27,25,24.12683364571325,6.680059664531177
powerRatios,kp1,14.331814598205613,27,25,24.37875191845385,6.770794772667638
powerRatios,kp1,14.331814598205613,27,25,24.63247310093604,6.8590054436966525
powerRatios,kp1,14.331814598205613,27,25,24.884090136607472,6.910305938431929
powerRatios,kp1,14.331814598205613,27,25,25.1346414659627,6.9276237503553055
powerRatios,kp1,14.331814598205613,27,25,25.385845831243543,7.027185282465965
powerRatios,kp1,14.331814598205613,27,25,25.637585208635205,7.0553776456598545
powerRatios,kp1,14.331814598205613,27,25,25.88948668125444,7.175332423989372
powerRatios,kp1,14.331814598205613,27,25,26.139069033235916,7.21061907333784
powerRatios,kp1,14.331814598205613,27,25,26.390547380112228,7.268155102068498
powerRatios,kp1,14.331814598205613,27,25,26.64300560904685,7.301584504298357
powerRatios,kp1,14.331814598205613,27,25,26.89360701301547,7.3825547704129715
powerRatios,kp1,14.331814598205613,27,25,27.14431675423385,7.456467667465297
powerRatios,kp1,14.331814598205613,27,25,27.396541256600635,7.514870638914582
powerRatios,kp1,14.331814598205613,27,25,27.649003093917827,7.579556066705046
powerRatios,kp1,14.331814598205613,27,25,27.89884103880582,7.65944725128168
powerRatios,kp1,14.331814598205613,27,25,28.14922945105167,7.705682876273089
powerRatios,kp1,14.331814598205613,27,25,28.400870907962133,7.762083741579327
powerRatios,kp1,14.331814598205613,27,25,28.65300236168307,7.8622234071493
powerRatios,kp1,14.331814598205613,27,25,28.90403695146484,7.9115192492907385
powerRatios,kp1,14.331814598205613,27,25,29.154865892880995,7.91744576696014
powerRatios,kp1,14.331814598205613,27,25,29.40751703157385,8.010687989985982
powerRatios,kp1,14.331814598205613,27,25,29.65873973701816,8.104238740687027
powerRatios,kp1,14.331814598205613,27,25,29.90841703561923,8.13397938360809
powerRatios,kp1,14.331814598205613,27,25,30.159540002722725,8.185716326634585
powerRatios,kp1,14.331814598205613,27,25,30.411658195557067,8.254786339240937
powerRatios,kp1,14.331814598205613,27,25,30.66356878913305,8.336788116110235
powerRatios,kp1,14.331814598205613,27,25,30.914951782254548,8.423963973611427
powerRatios,kp1,14.331814598205613,27,25,31.165975615952295,8.435491031579966
powerRatios,kp1,14.331814598205613,27,25,31.418062734170597,8.534610142139767
powerRatios,kp1,14.331814598205613,27,25,31.66963807569683,8.57847506711951
powerRatios,kp1,14.331814598205613,27,25,31.919760603706283,8.713402616492042
powerRatios,kp1,10.51901923231075,30,25,0.32072956064263475,0.9992658315834053
powerRatios,kp1,10.51901923231075,30,25,0.5606619683395725,0.9982789657873433
powerRatios,kp1,10.51901923231075,30,25,0.787700109846164,0.9970841216999301
powerRatios,kp1,10.51901923231075,30,25,1.0205350124370263,1.0127131633682744
powerRatios,kp1,10.51901923231075,30,25,1.2811623763405762,1.1157089285752293
powerRatios,kp1,10.51901923231075,30,25,1.5386083750512618,1.2139650586983168
powerRatios,kp1,10.51901923231075,30,25,1.7773229368951355,1.3002747136509565
powerRatios,kp1,10.51901923231075,30,25,2.016922174616909,1.3822392287578007
powerRatios,kp1,10.51901923231075,30,25,2.276370248265442,1.4732999019803648
powerRatios,kp1,10.51901923231075,30,25,2.5367369097912875,1.555329578365364
powerRatios,kp1,10.51901923231075,30,25,2.7799951337842748,1.6237046428272321
powerRatios,kp1,10.51901923231075,30,25,3.0232513459545807,1.6861017610702973
powerRatios,kp1,10.51901923231075,30,25,3.27850725349039,1.7675420425886423
powerRatios,kp1,10.51901923231075,30,25,3.5320903813324764,1.8219720654392901
powerRatios,kp1,10.51901923231075,30,25,3.7740842065088223,1.8843428995977862
powerRatios,kp1,10.51901923231075,30,25,4.0223998293999035,1.9503728046262434
powerRatios,kp1,10.51901923231075,30,25,4.280552523081682,2.0137093361431875
powerRatios,kp1,10.51901923231075,30,25,4.537090733730488,2.0730210854800144
powerRatios,kp1,10.51901923231075,30,25,4.784354808644596,2.1315127763829373
powerRatios,kp1,10.51901923231075,30,25,5.031213959107016,2.183878165459116
powerRatios,kp1,10.51901923231075,30,25,5.285957311443282,2.2507039685692707
powerRatios,kp1,10.51901923231075,30,25,5.538249178821105,2.305041566345331
powerRatios,kp1,10.51901923231075,30,25,5.785985141724235,2.355309202615767
powerRatios,kp1,10.51901923231075,30,25,6.034136131752394,2.4024623624391563
powerRatios,kp1,10.51901923231075,30,25,6.286911813219537,2.4634701310808245
powerRatios,kp1,10.51901923231075,30,25,6.54166682420824,2.5176024262506176
powerRatios,kp1,10.51901923231075,30,25,6.793019941028072,2.5778169810164036
powerRatios,kp1,10.51901923231075,30,25,7.044049470420791,2.630677076123385
powerRatios,kp1,10.51901923231075,30,25,7.295989038663275,2.6781745170122737
powerRatios,kp1,10.51901923231075,30,25,7.546022875800913,2.729324330162348
powerRatios,kp1,10.51901923231075,30,25,7.796320632595667,2.7729967218050784
powerRatios,kp1,10.51901923231075,30,25,8.04569565437213,2.8412561846646174
powerRatios,kp1,10.51901923231075,30,25,8.295810539385062,2.894720646049671
powerRatios,kp1,10.51901923231075,30,25,8.549551313965676,2.926263731252532
powerRatios,kp1,10.51901923231075,30,25,8.801317467211248,2.997709265951999
powerRatios,kp1,10.51901923231075,30,25,9.051715364342233,3.0295909486253088
powerRatios,kp1,10.51901923231075,30,25,9.303933965686708,3.096996586266138
powerRatios,kp1,10.51901923231075,30,25,9.555557996267446,3.1127299129032604
powerRatios,kp1,10.51901923231075,30,25,9.80486850979469,3.182063893098056
powerRatios,kp1,10.51901923231075,30,25,10.054942567415612,3.217578987187659
powerRatios,kp1,10.51901923231075,30,25,10.308274496268336,3.2870939781567703
powerRatios,kp1,10.51901923231075,30,25,10.560810068695892,3.3164318765677865
powerRatios,kp1,10.51901923231075,30,25,10.811584699358507,3.3451941931899634
powerRatios,kp1,10.51901923231075,30,25,11.062453457041169,3.4339244113959793
powerRatios,kp1,10.51901923231075,30,25,11.314786957671013,3.478015906702008
powerRatios,kp1,10.51901923231075,30,25,11.565937880035426,3.5251828684990256
powerRatios,kp1,10.51901923231075,30,25,11.814085010948824,3.5593118916253372
powerRatios,kp1,10.51901923231075,30,25,12.064293330625782,3.6273580589185292
powerRatios,kp1,10.51901923231075,30,25,12.317521238569554,3.675085084595215
powerRatios,kp1,10.51901923231075,30,25,12.571032385248238,3.72654169292886
powerRatios,kp1,10.51901923231075,30,25,12.821843069043268,3.7518328497712363
powerRatios,kp1,10.51901923231075,30,25,13.072502986326512,3.7909791790616274
powerRatios,kp1,10.51901923231075,30,25,13.324942706400424,3.853142195597933
powerRatios,kp1,10.51901923231075,30,25,13.576176707479814,3.875115604952061
powerRatios,kp1,10.51901923231075,30,25,13.82555646698322,3.9494441767393935
powerRatios,kp1,10.51901923231075,30,25,14.075222265910044,3.984182783973963
powerRatios,kp1,10.51901923231075,30,25,14.32811852917941,4.045111626957708
powerRatios,kp1,10.51901923231075,30,25,14.580461685752585,4.090053431173945
powerRatios,kp1,10.51901923231075,30,25,14.830552404971625,4.132459048472407
powerRatios,kp1,10.51901923231075,30,25,15.08215309851155,4.180073713822163
powerRatios,kp1,10.51901923231075,30,25,15.334342820333537,4.207639165660985
powerRatios,kp1,10.51901923231075,30,25,15.5860439155924,4.259089979840473
powerRatios,kp1,10.51901923231075,30,25,15.835068837290374,4.320564726994317
powerRatios,kp1,10.51901923231075,30,25,16.08449366682584,4.3625394476775945
powerRatios,kp1,10.51901923231075,30,25,16.338138266722677,4.4091822583935425
powerRatios,kp1,10.51901923231075,30,25,16.590773181146194,4.446793656604615
powerRatios,kp1,10.51901923231075,30,25,16.842164585753792,4.478988240923162
powerRatios,kp1,10.51901923231075,30,25,17.093141526529084,4.545327431201378
powerRatios,kp1,10.51901923231075,30,25,17.344842926726773,4.586252981495001
powerRatios,kp1,10.51901923231075,30,25,17.59671504894166,4.635009250582462
powerRatios,kp1,10.51901923231075,30,25,17.84592583282211,4.67400952824599
powerRatios,kp1,10.51901923231075,30,25,18.096741808972432,4.718495247698746
powerRatios,kp1,10.51901923231075,30,25,18.348607136620142,4.732089968756814
powerRatios,kp1,10.51901923231075,30,25,18.60101336990868,4.7910234302006804
powerRatios,kp1,10.51901923231075,30,25,18.852551541782248,4.8135511644195486
powerRatios,kp1,10.51901923231075,30,25,19.10320472609246,4.880623335623496
powerRatios,kp1,10.51901923231075,30,25,19.355236149567805,4.926510720340294
powerRatios,kp1,10.51901923231075,30,25,19.605996073418613,4.966055208228711
powerRatios,kp1,10.51901923231075,30,25,19.855971980449656,5.02194222765029
powerRatios,kp1,10.51901923231075,30,25,20.106635831090703,5.070980781131256
powerRatios,kp1,10.51901923231075,30,25,20.35857305190006,5.101612517363765
powerRatios,kp1,10.51901923231075,30,25,20.610988701236806,5.142120564769116
powerRatios,kp1,10.51901923231075,30,25,20.862646236697852,5.165961884239308
powerRatios,kp1,10.51901923231075,30,25,21.11314497992686,5.198618235723482
powerRatios,kp1,10.51901923231075,30,25,21.36464071217916,5.27050687219009
powerRatios,kp1,10.51901923231075,30,25,21.617216570183352,5.312239448274747
powerRatios,kp1,10.51901923231075,30,25,21.867907000228907,5.332321677886187
powerRatios,kp1,10.51901923231075,30,25,22.118380934686936,5.39272619355634
powerRatios,kp1,10.51901923231075,30,25,22.369760043372604,5.4280399651356666
powerRatios,kp1,10.51901923231075,30,25,22.622182780751523,5.448567781363502
powerRatios,kp1,10.51901923231075,30,25,22.874179927983825,5.497046687977473
powerRatios,kp1,10.51901923231075,30,25,23.124905045653037,5.532194628948778
powerRatios,kp1,10.51901923231075,30,25,23.376218733652543,5.5573121366470675
powerRatios,kp1,10.51901923231075,30,25,23.62677019857868,5.576765868056216
powerRatios,kp1,10.51901923231075,30,25,23.87663985612261,5.630108388137969
powerRatios,kp1,10.51901923231075,30,25,24.12683364571325,5.672040375222166
powerRatios,kp1,10.51901923231075,30,25,24.37875191845385,5.714547854149768
powerRatios,kp1,10.51901923231075,30,25,24.63247310093604,5.755427612892007
powerRatios,kp1,10.51901923231075,30,25,24.884090136607472,5.7720552237862615
powerRatios,kp1,10.51901923231075,30,25,25.1346414659627,5.775971571555767
powerRatios,kp1,10.51901923231075,30,25,25.385845831243543,5.838579339792057
powerRatios,kp1,10.51901923231075,30,25,25.637585208635205,5.863944851783501
powerRatios,kp1,10.51901923231075,30,25,25.88948668125444,5.942235062228347
powerRatios,kp1,10.51901923231075,30,25,26.139069033235916,5.967036029385679
powerRatios,kp1,10.51901923231075,30,25,26.390547380112228,6.001363925148869
powerRatios,kp1,10.51901923231075,30,25,26.64300560904685,6.023197906273407
powerRatios,kp1,10.51901923231075,30,25,26.89360701301547,6.051015422039587
powerRatios,kp1,10.51901923231075,30,25,27.14431675423385,6.085735634696341
powerRatios,kp1,10.51901923231075,30,25,27.396541256600635,6.100136329772677
powerRatios,kp1,10.51901923231075,30,25,27.649003093917827,6.1449091803963904
powerRatios,kp1,10.51901923231075,30,25,27.89884103880582,6.2594658112976616
powerRatios,kp1,10.51901923231075,30,25,28.14922945105167,6.264842257369594
powerRatios,kp1,10.51901923231075,30,25,28.400870907962133,6.28375758170303
powerRatios,kp1,10.51901923231075,30,25,28.65300236168307,6.329386799024151
powerRatios,kp1,10.51901923231075,30,25,28.90403695146484,6.370257590094129
powerRatios,kp1,10.51901923231075,30,25,29.154865892880995,6.380996064289279
powerRatios,kp1,10.51901923231075,30,25,29.40751703157385,6.42786409652117
powerRatios,kp1,10.51901923231075,30,25,29.65873973701816,6.447592076946756
powerRatios,kp1,10.51901923231075,30,25,29.90841703561923,6.454001728775384
powerRatios,kp1,10.51901923231075,30,25,30.159540002722725,6.49731375714
powerRatios,kp1,10.51901923231075,30,25,30.411658195557067,6.559000755506691
powerRatios,kp1,10.51901923231075,30,25,30.66356878913305,6.576824660051898
powerRatios,kp1,10.51901923231075,30,25,30.914951782254548,6.579512721842818
powerRatios,kp1,10.51901923231075,30,25,31.165975615952295,6.645733366294182
powerRatios,kp1,10.51901923231075,30,25,31.418062734170597,6.631671288843661
powerRatios,kp1,10.51901923231075,30,25,31.66963807569683,6.656494476682424
powerRatios,kp1,10.51901923231075,30,25,31.919760603706283,6.697014260597105
powerRatios,kp1,2.0333177828202462,44,25,0.32072956064263475,0.9971180603183845
powerRatios,kp1,2.0333177828202462,44,25,0.5606619683395725,0.990903279678252
powerRatios,kp1,2.0333177828202462,44,25,0.787700109846164,0.984563299483262
powerRatios,kp1,2.0333177828202462,44,25,1.0205350124370263,0.9861802802078473
powerRatios,kp1,2.0333177828202462,44,25,1.2811623763405762,1.0139309564833514
powerRatios,kp1,2.0333177828202462,44,25,1.5386083750512618,1.0346361135263817
powerRatios,kp1,2.0333177828202462,44,25,1.7773229368951355,1.0582168030887835
powerRatios,kp1,2.0333177828202462,44,25,2.016922174616909,1.0802952524225347
powerRatios,kp1,2.0333177828202462,44,25,2.276370248265442,1.0838403681724396
powerRatios,kp1,2.0333177828202462,44,25,2.5367369097912875,1.1031515894362305
powerRatios,kp1,2.0333177828202462,44,25,2.7799951337842748,1.1221828742935165
powerRatios,kp1,2.0333177828202462,44,25,3.0232513459545807,1.1324946084200926
powerRatios,kp1,2.0333177828202462,44,25,3.27850725349039,1.1319767976341508
powerRatios,kp1,2.0333177828202462,44,25,3.5320903813324764,1.1449937283144864
powerRatios,kp1,2.0333177828202462,44,25,3.7740842065088223,1.1501767407766803
powerRatios,kp1,2.0333177828202462,44,25,4.0223998293999035,1.157052842004227
powerRatios,kp1,2.0333177828202462,44,25,4.280552523081682,1.1656660299451085
powerRatios,kp1,2.0333177828202462,44,25,4.537090733730488,1.1654641127803838
powerRatios,kp1,2.0333177828202462,44,25,4.784354808644596,1.1725533251727358
powerRatios,kp1,2.0333177828202462,44,25,5.031213959107016,1.1796407353077452
powerRatios,kp1,2.0333177828202462,44,25,5.285957311443282,1.1873935191223837
powerRatios,kp1,2.0333177828202462,44,25,5.538249178821105,1.198047666436096
powerRatios,kp1,2.0333177828202462,44,25,5.785985141724235,1.1880835411221078
powerRatios,kp1,2.0333177828202462,44,25,6.034136131752394,1.2020876309197401
powerRatios,kp1,2.0333177828202462,44,25,6.286911813219537,1.200566924457341
powerRatios,kp1,2.0333177828202462,44,25,6.54166682420824,1.2138949168928912
powerRatios,kp1,2.0333177828202462,44,25,6.793019941028072,1.2209316601159939
powerRatios,kp1,2.0333177828202462,44,25,7.044049470420791,1.2299782549684393
powerRatios,kp1,2.0333177828202462,44,25,7.295989038663275,1.2282223128210665
powerRatios,kp1,2.0333177828202462,44,25,7.546022875800913,1.2354586709029365
powerRatios,kp1,2.0333177828202462,44,25,7.796320632595667,1.254816772642797
powerRatios,kp1,2.0333177828202462,44,25,8.04569565437213,1.2644414924151988
powerRatios,kp1,2.0333177828202462,44,25,8.295810539385062,1.2705018457971635
powerRatios,kp1,2.0333177828202462,44,25,8.549551313965676,1.2831337168412909
powerRatios,kp1,2.0333177828202462,44,25,8.801317467211248,1.2852657322339702
powerRatios,kp1,2.0333177828202462,44,25,9.051715364342233,1.2922646122840873
powerRatios,kp1,2.0333177828202462,44,25,9.303933965686708,1.3006945703220407
powerRatios,kp1,2.0333177828202462,44,25,9.555557996267446,1.3015231069367974
powerRatios,kp1,2.0333177828202462,44,25,9.80486850979469,1.3166129307826873
powerRatios,kp1,2.0333177828202462,44,25,10.054942567415612,1.318649072201456
powerRatios,kp1,2.0333177828202462,44,25,10.308274496268336,1.331784147808304
powerRatios,kp1,2.0333177828202462,44,25,10.560810068695892,1.3372701756108745
powerRatios,kp1,2.0333177828202462,44,25,10.811584699358507,1.3486154042501708
powerRatios,kp1,2.0333177828202462,44,25,11.062453457041169,1.3544708542810813
powerRatios,kp1,2.0333177828202462,44,25,11.314786957671013,1.3363642046330912
powerRatios,kp1,2.0333177828202462,44,25,11.565937880035426,1.3602602527840857
powerRatios,kp1,2.0333177828202462,44,25,11.814085010948824,1.356012728110607
powerRatios,kp1,2.0333177828202462,44,25,12.064293330625782,1.3590233286607807
powerRatios,kp1,2.0333177828202462,44,25,12.317521238569554,1.3736598458327698
powerRatios,kp1,2.0333177828202462,44,25,12.571032385248238,1.3717198754122335
powerRatios,kp1,2.0333177828202462,44,25,12.821843069043268,1.3846468635475173
powerRatios,kp1,2.0333177828202462,44,25,13.072502986326512,1.3955992481664743
powerRatios,kp1,2.0333177828202462,44,25,13.324942706400424,1.4062373731276243
powerRatios,kp1,2.0333177828202462,44,25,13.576176707479814,1.4103636000435156
powerRatios,kp1,2.0333177828202462,44,25,13.82555646698322,1.416665741435118
powerRatios,kp1,2.0333177828202462,44,25,14.075222265910044,1.4321132881918943
powerRatios,kp1,2.0333177828202462,44,25,14.32811852917941,1.4340573303890998
powerRatios,kp1,2.0333177828202462,44,25,14.580461685752585,1.427924844534097
powerRatios,kp1,2.0333177828202462,44,25,14.830552404971625,1.430138628259836
powerRatios,kp1,2.0333177828202462,44,25,15.08215309851155,1.4384439501295367
powerRatios,kp1,2.0333177828202462,44,25,15.334342820333537,1.4507576884023274
powerRatios,kp1,2.0333177828202462,44,25,15.5860439155924,1.468339745151824
powerRatios,kp1,2.0333177828202462,44,25,15.835068837290374,1.4661258954152954
powerRatios,kp1,2.0333177828202462,44,25,16.08449366682584,1.4809180042776886
powerRatios,kp1,2.0333177828202462,44,25,16.338138266722677,1.4691318460938618
powerRatios,kp1,2.0333177828202462,44,25,16.590773181146194,1.4860478959340333
powerRatios,kp1,2.0333177828202462,44,25,16.842164585753792,1.5020294202877513
powerRatios,kp1,2.0333177828202462,44,25,17.093141526529084,1.4881536262360615
powerRatios,kp1,2.0333177828202462,44,25,17.344842926726773,1.5009915774282594
powerRatios,kp1,2.0333177828202462,44,25,17.59671504894166,1.5135429707906052
powerRatios,kp1,2.0333177828202462,44,25,17.84592583282211,1.518536885887901
powerRatios,kp1,2.0333177828202462,44,25,18.096741808972432,1.5273162466363397
powerRatios,kp1,2.0333177828202462,44,25,18.348607136620142,1.5290062971888383
powerRatios,kp1,2.0333177828202462,44,25,18.60101336990868,1.5292006773777684
powerRatios,kp1,2.0333177828202462,44,25,18.852551541782248,1.5514221640367656
powerRatios,kp1,2.0333177828202462,44,25,19.10320472609246,1.54200460659452
powerRatios,kp1,2.0333177828202462,44,25,19.355236149567805,1.5393646366070761
powerRatios,kp1,2.0333177828202462,44,25,19.605996073418613,1.551685721267376
powerRatios,kp1,2.0333177828202462,44,25,19.855971980449656,1.5582614764034586
powerRatios,kp1,2.0333177828202462,44,25,20.106635831090703,1.5724326237107702
powerRatios,kp1,2.0333177828202462,44,25,20.35857305190006,1.5807725400434598
powerRatios,kp1,2.0333177828202462,44,25,20.610988701236806,1.567986470506996
powerRatios,kp1,2.0333177828202462,44,25,20.862646236697852,1.576853876405059
powerRatios,kp1,2.0333177828202462,44,25,21.11314497992686,1.5745347022498826
powerRatios,kp1,2.0333177828202462,44,25,21.36464071217916,1.5880854340159258
powerRatios,kp1,2.0333177828202462,44,25,21.617216570183352,1.590595996136661
powerRatios,kp1,2.0333177828202462,44,25,21.867907000228907,1.5904523507663022
powerRatios,kp1,2.0333177828202462,44,25,22.118380934686936,1.5846591304059678
powerRatios,kp1,2.0333177828202462,44,25,22.369760043372604,1.5861628175718698
powerRatios,kp1,2.0333177828202462,44,25,22.622182780751523,1.5989345681023377
powerRatios,kp1,2.0333177828202462,44,25,22.874179927983825,1.5924340543467521
powerRatios,kp1,2.0333177828202462,44,25,23.124905045653037,1.6046924055480163
powerRatios,kp1,2.0333177828202462,44,25,23.376218733652543,1.607371627583184
powerRatios,kp1,2.0333177828202462,44,25,23.62677019857868,1.6123090349121343
powerRatios,kp1,2.0333177828202462,44,25,23.87663985612261,1.6155748646828025
powerRatios,kp1,2.0333177828202462,44,25,24.12683364571325,1.5948485059606423
powerRatios,kp1,2.0333177828202462,44,25,24.37875191845385,1.5937293132217507
powerRatios,kp1,2.0333177828202462,44,25,24.63247310093604,1.6030052649572841
powerRatios,kp1,2.0333177828202462,44,25,24.884090136607472,1.5961796106542003
powerRatios,kp1,2.0333177828202462,44,25,25.1346414659627,1.616210631558144
powerRatios,kp1,2.0333177828202462,44,25,25.385845831243543,1.6123127456249131
powerRatios,kp1,2.0333177828202462,44,25,25.637585208635205,1.604406172437236
powerRatios,kp1,2.0333177828202462,44,25,25.88948668125444,1.6259722327624202
powerRatios,kp1,2.0333177828202462,44,25,26.139069033235916,1.6049707428824265
powerRatios,kp1,2.0333177828202462,44,25,26.390547380112228,1.6238865617829326
powerRatios,kp1,2.0333177828202462,44,25,26.64300560904685,1.6395940410946757
powerRatios,kp1,2.0333177828202462,44,25,26.89360701301547,1.6309032995050525
powerRatios,kp1,2.0333177828202462,44,25,27.14431675423385,1.6251909842501935
powerRatios,kp1,2.0333177828202462,44,25,27.396541256600635,1.6398308615028165
powerRatios,kp1,2.0333177828202462,44,25,27.649003093917827,1.6458479542517377
powerRatios,kp1,2.0333177828202462,44,25,27.89884103880582,1.654769931565729
powerRatios,kp1,2.0333177828202462,44,25,28.14922945105167,1.651873088316424
powerRatios,kp1,2.0333177828202462,44,25,28.400870907962133,1.6542038682925775
powerRatios,kp1,2.0333177828202462,44,25,28.65300236168307,1.647120826808063
powerRatios,kp1,2.0333177828202462,44,25,28.90403695146484,1.6479525132488198
powerRatios,kp1,2.0333177828202462,44,25,29.154865892880995,1.66505261791948
powerRatios,kp1,2.0333177828202462,44,25,29.40751703157385,1.6618750359848766
powerRatios,kp1,2.0333177828202462,44,25,29.65873973701816,1.6648526923128453
powerRatios,kp1,2.0333177828202462,44,25,29.90841703561923,1.6666740864898737
powerRatios,kp1,2.0333177828202462,44,25,30.159540002722725,1.6627685884274546
powerRatios,kp1,2.0333177828202462,44,25,30.411658195557067,1.6628424310129544
powerRatios,kp1,2.0333177828202462,44,25,30.66356878913305,1.677718201530746
powerRatios,kp1,2.0333177828202462,44,25,30.914951782254548,1.6804318623273238
powerRatios,kp1,2.0333177828202462,44,25,31.165975615952295,1.6745907068024486
powerRatios,kp1,2.0333177828202462,44,25,31.418062734170597,1.6884427115408904
powerRatios,kp1,2.0333177828202462,44,25,31.66963807569683,1.689018692234851
powerRatios,kp1,2.0333177828202462,44,25,31.919760603706283,1.6956992056235078
powerRatios,kp10,19.40664523021168,24,25,0.32072956064263475,1.0000051782736241
powerRatios,kp10,19.40664523021168,24,25,0.5606619683395725,1.000003016450433
powerRatios,kp10,19.40664523021168,24,25,0.787700109846164,1.0000174835396431
powerRatios,kp10,19.40664523021168,24,25,1.0205350124370263,0.9999740866143886
powerRatios,kp10,19.40664523021168,24,25,1.2811623763405762,0.9999812579943883
powerRatios,kp10,19.40664523021168,24,25,1.5386083750512618,0.9999452444342536
powerRatios,kp10,19.40664523021168,24,25,1.7773229368951355,0.9999341750722295
powerRatios,kp10,19.40664523021168,24,25,2.016922174616909,0.9999308053754773
powerRatios,kp10,19.40664523021168,24,25,2.276370248265442,0.9998778321426403
powerRatios,kp10,19.40664523021168,24,25,2.5367369097912875,0.9998313944179922
powerRatios,kp10,19.40664523021168,24,25,2.7799951337842748,0.9997602547948945
powerRatios,kp10,19.40664523021168,24,25,3.0232513459545807,0.9998370665120532
powerRatios,kp10,19.40664523021168,24,25,3.27850725349039,0.9997491029793492
powerRatios,kp10,19.40664523021168,24,25,3.5320903813324764,0.9995436577408716
powerRatios,kp10,19.40664523021168,24,25,3.7740842065088223,0.9996262693033315
powerRatios,kp10,19.40664523021168,24,25,4.0223998293999035,0.9996107718232063
powerRatios,kp10,19.40664523021168,24,25,4.280552523081682,0.9995353136333511
powerRatios,kp10,19.40664523021168,24,25,4.537090733730488,0.9995355483633234
powerRatios,kp10,19.40664523021168,24,25,4.784354808644596,0.9993614047122005
powerRatios,kp10,19.40664523021168,24,25,5.031213959107016,0.9994625857462976
powerRatios,kp10,19.40664523021168,24,25,5.285957311443282,0.9992768809235482
powerRatios,kp10,19.40664523021168,24,25,5.538249178821105,0.9991143418996401
powerRatios,kp10,19.40664523021168,24,25,5.785985141724235,0.9991149827398949
powerRatios,kp10,19.40664523021168,24,25,6.034136131752394,0.9987296680312249
powerRatios,kp10,19.40664523021168,24,25,6.286911813219537,0.9990105889426351
powerRatios,kp10,19.40664523021168,24,25,6.54166682420824,0.9989926431819977
powerRatios,kp10,19.40664523021168,24,25,6.793019941028072,0.9986430164337516
powerRatios,kp10,19.40664523021168,24,25,7.044049470420791,0.9989615025027875
powerRatios,kp10,19.40664523021168,24,25,7.295989038663275,0.9986106703050808
powerRatios,kp10,19.40664523021168,24,25,7.546022875800913,0.9981249750660025
powerRatios,kp10,19.40664523021168,24,25,7.796320632595667,0.9980619835320267
powerRatios,kp10,19.40664523021168,24,25,8.04569565437213,0.998308623808512
powerRatios,kp10,19.40664523021168,24,25,8.295810539385062,0.9983555131430126
powerRatios,kp10,19.40664523021168,24,25,8.549551313965676,0.9979426024160806
powerRatios,kp10,19.40664523021168,24,25,8.801317467211248,0.9985116860781313
powerRatios,kp10,19.40664523021168,24,25,9.051715364342233,0.999043101893787
powerRatios,kp10,19.40664523021168,24,25,9.303933965686708,0.9992780716484198
powerRatios,kp10,19.40664523021168,24,25,9.555557996267446,1.0002214078197
powerRatios,kp10,19.40664523021168,24,25,9.80486850979469,1.0029206431492232
powerRatios,kp10,19.40664523021168,24,25,10.054942567415612,1.0061648347584475
powerRatios,kp10,19.40664523021168,24,25,10.308274496268336,1.0116800961166506
powerRatios,kp10,19.40664523021168,24,25,10.560810068695892,1.0188384679417468
powerRatios,kp10,19.40664523021168,24,25,10.811584699358507,1.0265467462535651
powerRatios,kp10,19.40664523021168,24,25,11.062453457041169,1.0346437044426713
powerRatios,kp10,19.40664523021168,24,25,11.314786957671013,1.0442474728992721
powerRatios,kp10,19.40664523021168,24,25,11.565937880035426,1.0525028747791896
powerRatios,kp10,19.40664523021168,24,25,11.814085010948824,1.061374397426233
powerRatios,kp10,19.40664523021168,24,25,12.064293330625782,1.070832500180712
powerRatios,kp10,19.40664523021168,24,25,12.317521238569554,1.0795406174515423
powerRatios,kp10,19.40664523021168,24,25,12.571032385248238,1.0890074537027499
powerRatios,kp10,19.40664523021168,24,25,12.821843069043268,1.0981111200405862
powerRatios,kp10,19.40664523021168,24,25,13.072502986326512,1.1082247234584606
powerRatios,kp10,19.40664523021168,24,25,13.324942706400424,1.1173710144773392
powerRatios,kp10,19.40664523021168,24,25,13.576176707479814,1.126407480094167
powerRatios,kp10,19.40664523021168,24,25,13.82555646698322,1.1361142151144985
powerRatios,kp10,19.40664523021168,24,25,14.075222265910044,1.14359461801828
powerRatios,kp10,19.40664523021168,24,25,14.32811852917941,1.1540659543213305
powerRatios,kp10,19.40664523021168,24,25,14.580461685752585,1.1631727887563852
powerRatios,kp10,19.40664523021168,24,25,14.830552404971625,1.1732139299013145
powerRatios,kp10,19.40664523021168,24,25,15.08215309851155,1.1809281174728565
powerRatios,kp10,19.40664523021168,24,25,15.334342820333537,1.190291187120981
powerRatios,kp10,19.40664523021168,24,25,15.5860439155924,1.1990978263144572
powerRatios,kp10,19.40664523021168,24,25,15.835068837290374,1.208108514693159
powerRatios,kp10,19.40664523021168,24,25,16.08449366682584,1.2161045509537023
powerRatios,kp10,19.40664523021168,24,25,16.338138266722677,1.2266100113949459
powerRatios,kp10,19.40664523021168,24,25,16.590773181146194,1.2353750361767617
powerRatios,kp10,19.40664523021168,24,25,16.842164585753792,1.2434137166797559
powerRatios,kp10,19.40664523021168,24,25,17.093141526529084,1.2521905357858798
powerRatios,kp10,19.40664523021168,24,25,17.344842926726773,1.2602945829939458
powerRatios,kp10,19.40664523021168,24,25,17.59671504894166,1.2699936410644632
powerRatios,kp10,19.40664523021168,24,25,17.84592583282211,1.277778549415553
powerRatios,kp10,19.40664523021168,24,25,18.096741808972432,1.2872003435114396
powerRatios,kp10,19.40664523021168,24,25,18.348607136620142,1.2949120492934323
powerRatios,kp10,19.40664523021168,24,25,18.60101336990868,1.3042337177258319
powerRatios,kp10,19.40664523021168,24,25,18.852551541782248,1.311036949978581
powerRatios,kp10,19.40664523021168,24,25,19.10320472609246,1.3215705926055228
powerRatios,kp10,19.40664523021168,24,25,19.355236149567805,1.3309996752157012
powerRatios,kp10,19.40664523021168,24,25,19.605996073418613,1.3374472578322112
powerRatios,kp10,19.40664523021168,24,25,19.855971980449656,1.3435521968373487
powerRatios,kp10,19.40664523021168,24,25,20.106635831090703,1.3537936065995497
powerRatios,kp10,19.40664523021168,24,25,20.35857305190006,1.3609605923475965
powerRatios,kp10,19.40664523021168,24,25,20.610988701236806,1.370506149844982
powerRatios,kp10,19.40664523021168,24,25,20.862646236697852,1.3767413298087816
powerRatios,kp10,19.40664523021168,24,25,21.11314497992686,1.386616138496695
powerRatios,kp10,19.40664523021168,24,25,21.36464071217916,1.3931046019671196
powerRatios,kp10,19.40664523021168,24,25,21.617216570183352,1.402089642642747
powerRatios,kp10,19.40664523021168,24,25,21.867907000228907,1.4124961767047222
powerRatios,kp10,19.40664523021168,24,25,22.118380934686936,1.4175689706355998
powerRatios,kp10,19.40664523021168,24,25,22.369760043372604,1.424196754179883
powerRatios,kp10,19.40664523021168,24,25,22.622182780751523,1.4330485632360652
powerRatios,kp10,19.40664523021168,24,25,22.874179927983825,1.4404046294604822
powerRatios,kp10,19.40664523021168,24,25,23.124905045653037,1.4487399411473108
powerRatios,kp10,19.40664523021168,24,25,23.376218733652543,1.4560982847453483
powerRatios,kp10,19.40664523021168,24,25,23.62677019857868,1.4629544788723776
powerRatios,kp10,19.40664523021168,24,25,23.87663985612261,1.4722869977353956
powerRatios,kp10,19.40664523021168,24,25,24.12683364571325,1.4779679023564591
powerRatios,kp10,19.40664523021168,24,25,24.37875191845385,1.4890861491851621
powerRatios,kp10,19.40664523021168,24,25,24.63247310093604,1.4928606376972209
powerRatios,kp10,19.40664523021168,24,25,24.884090136607472,1.5028518715491037
powerRatios,kp10,19.40664523021168,24,25,25.1346414659627,1.508136057460166
powerRatios,kp10,19.40664523021168,24,25,25.385845831243543,1.5174095642772727
powerRatios,kp10,19.40664523021168,24,25,25.637585208635205,1.5237473908005676
powerRatios,kp10,19.40664523021168,24,25,25.88948668125444,1.5276273432302334
powerRatios,kp10,19.40664523021168,24,25,26.139069033235916,1.5396890195111024
powerRatios,kp10,19.40664523021168,24,25,26.390547380112228,1.5437395056850611
powerRatios,kp10,19.40664523021168,24,25,26.64300560904685,1.5542889512171436
powerRatios,kp10,19.40664523021168,24,25,26.89360701301547,1.5580889745798856
powerRatios,kp10,19.40664523021168,24,25,27.14431675423385,1.5622782094750378
powerRatios,kp10,19.40664523021168,24,25,27.396541256600635,1.5703062035311397
powerRatios,kp10,19.40664523021168,24,25,27.649003093917827,1.577127487563671
powerRatios,kp10,19.40664523021168,24,25,27.89884103880582,1.5858149692531847
powerRatios,kp10,19.40664523021168,24,25,28.14922945105167,1.5907617475829183
powerRatios,kp10,19.40664523021168,24,25,28.400870907962133,1.599592953690746
powerRatios,kp10,19.40664523021168,24,25,28.65300236168307,1.6060132743802698
powerRatios,kp10,19.40664523021168,24,25,28.90403695146484,1.6064631502333278
powerRatios,kp10,19.40664523021168,24,25,29.154865892880995,1.6174706408272481
powerRatios,kp10,19.40664523021168,24,25,29.40751703157385,1.6255012732509675
powerRatios,kp10,19.40664523021168,24,25,29.65873973701816,1.6314409054064565
powerRatios,kp10,19.40664523021168,24,25,29.90841703561923,1.6362679842209862
powerRatios,kp10,19.40664523021168,24,25,30.159540002722725,1.6429526386487308
powerRatios,kp10,19.40664523021168,24,25,30.411658195557067,1.6509408551959195
powerRatios,kp10,19.40664523021168,24,25,30.66356878913305,1.653739875488688
powerRatios,kp10,19.40664523021168,24,25,30.914951782254548,1.6605136825285194
powerRatios,kp10,19.40664523021168,24,25,31.165975615952295,1.6677171001904334
powerRatios,kp10,19.40664523021168,24,25,31.418062734170597,1.6767888244350129
powerRatios,kp10,19.40664523021168,24,25,31.66963807569683,1.6840580202433975
powerRatios,kp10,19.40664523021168,24,25,31.919760603706283,1.6849532785809194
powerRatios,kp10,14.331814598205613,27,25,0.32072956064263475,0.9999878080427119
powerRatios,kp10,14.331814598205613,27,25,0.5606619683395725,0.9999704540240469
powerRatios,kp10,14.331814598205613,27,25,0.787700109846164,0.9999477952486733
powerRatios,kp10,14.331814598205613,27,25,1.0205350124370263,0.9999281015281682
powerRatios,kp10,14.331814598205613,27,25,1.2811623763405762,0.9998881718250053
powerRatios,kp10,14.331814598205613,27,25,1.5386083750512618,0.999875727831228
powerRatios,kp10,14.331814598205613,27,25,1.7773229368951355,0.9998640352562065
powerRatios,kp10,14.331814598205613,27,25,2.016922174616909,0.9997378329372351
powerRatios,kp10,14.331814598205613,27,25,2.276370248265442,0.9996589427989314
powerRatios,kp10,14.331814598205613,27,25,2.5367369097912875,0.9996584427517925
powerRatios,kp10,14.331814598205613,27,25,2.7799951337842748,0.999583993898575
powerRatios,kp10,14.331814598205613,27,25,3.0232513459545807,0.9995562326517377
powerRatios,kp10,14.331814598205613,27,25,3.27850725349039,0.999345507151533
powerRatios,kp10,14.331814598205613,27,25,3.5320903813324764,0.999292391363221
powerRatios,kp10,14.331814598205613,27,25,3.7740842065088223,0.9991987393084463
powerRatios,kp10,14.331814598205613,27,25,4.0223998293999035,0.9990589390100506
powerRatios,kp10,14.331814598205613,27,25,4.280552523081682,0.9989322044285259
powerRatios,kp10,14.331814598205613,27,25,4.537090733730488,0.9988393119112151
powerRatios,kp10,14.331814598205613,27,25,4.784354808644596,0.9987308604471913
powerRatios,kp10,14.331814598205613,27,25,5.031213959107016,0.9985197271771417
powerRatios,kp10,14.331814598205613,27,25,5.285957311443282,0.9984253151684341
powerRatios,kp10,14.331814598205613,27,25,5.538249178821105,0.9981664258793784
powerRatios,kp10,14.331814598205613,27,25,5.785985141724235,0.9981282976267806
powerRatios,kp10,14.331814598205613,27,25,6.034136131752394,0.99789053738025
powerRatios,kp10,14.331814598205613,27,25,6.286911813219537,0.9978270886731002
powerRatios,kp10,14.331814598205613,27,25,6.54166682420824,0.9977125489775102
powerRatios,kp10,14.331814598205613,27,25,6.793019941028072,0.9975369279883769
powerRatios,kp10,14.331814598205613,27,25,7.044049470420791,0.9971734715933048
powerRatios,kp10,14.331814598205613,27,25,7.295989038663275,0.9970272719275594
powerRatios,kp10,14.331814598205613,27,25,7.546022875800913,0.9965972402459896
powerRatios,kp10,14.331814598205613,27,25,7.796320632595667,0.9966350658425203
powerRatios,kp10,14.331814598205613,27,25,8.04569565437213,0.9966648258860897
powerRatios,kp10,14.331814598205613,27,25,8.295810539385062,0.9965818927038474
powerRatios,kp10,14.331814598205613,27,25,8.549551313965676,0.9966045340596036
powerRatios,kp10,14.331814598205613,27,25,8.801317467211248,0.9970263006613407
powerRatios,kp10,14.331814598205613,27,25,9.051715364342233,0.9972698609235242
powerRatios,kp10,14.331814598205613,27,25,9.303933965686708,0.9980445218441371
powerRatios,kp10,14.331814598205613,27,25,9.555557996267446,0.9989025200127845
powerRatios,kp10,14.331814598205613,27,25,9.80486850979469,1.0012604724152618
powerRatios,kp10,14.331814598205613,27,25,10.054942567415612,1.004134443467036
powerRatios,kp10,14.331814598205613,27,25,10.308274496268336,1.0080809711374419
powerRatios,kp10,14.331814598205613,27,25,10.560810068695892,1.0123240704637504
powerRatios,kp10,14.331814598205613,27,25,10.811584699358507,1.0177439972664013
powerRatios,kp10,14.331814598205613,27,25,11.062453457041169,1.0235137410010662
powerRatios,kp10,14.331814598205613,27,25,11.314786957671013,1.0293409761646675
powerRatios,kp10,14.331814598205613,27,25,11.565937880035426,1.0363498949486227
powerRatios,kp10,14.331814598205613,27,25,11.814085010948824,1.0422285323704805
powerRatios,kp10,14.331814598205613,27,25,12.064293330625782,1.0491448937936891
powerRatios,kp10,14.331814598205613,27,25,12.317521238569554,1.0556425194029748
powerRatios,kp10,14.331814598205613,27,25,12.571032385248238,1.0624727760848125
powerRatios,kp10,14.331814598205613,27,25,12.821843069043268,1.0700710743405557
powerRatios,kp10,14.331814598205613,27,25,13.072502986326512,1.077673634117983
powerRatios,kp10,14.331814598205613,27,25,13.324942706400424,1.084227051483498
powerRatios,kp10,14.331814598205613,27,25,13.576176707479814,1.0912328789883798
powerRatios,kp10,14.331814598205613,27,25,13.82555646698322,1.098420308661444
powerRatios,kp10,14.331814598205613,27,25,14.075222265910044,1.1039694754797276
powerRatios,kp10,14.331814598205613,27,25,14.32811852917941,1.1116563541603661
powerRatios,kp10,14.331814598205613,27,25,14.580461685752585,1.118711135057069
powerRatios,kp10,14.331814598205613,27,25,14.830552404971625,1.1257704338869914
powerRatios,kp10,14.331814598205613,27,25,15.08215309851155,1.132936037441609
powerRatios,kp10,14.331814598205613,27,25,15.334342820333537,1.140121386104152
powerRatios,kp10,14.331814598205613,27,25,15.5860439155924,1.1459019248614597
powerRatios,kp10,14.331814598205613,27,25,15.835068837290374,1.1534103989077784
powerRatios,kp10,14.331814598205613,27,25,16.08449366682584,1.1589918552632776
powerRatios,kp10,14.331814598205613,27,25,16.338138266722677,1.1668421121685078
powerRatios,kp10,14.331814598205613,27,25,16.590773181146194,1.1731913356139325
powerRatios,kp10,14.331814598205613,27,25,16.842164585753792,1.1800329636303446
powerRatios,kp10,14.331814598205613,27,25,17.093141526529084,1.1868549216900022
powerRatios,kp10,14.331814598205613,27,25,17.344842926726773,1.1940258984794596
powerRatios,kp10,14.331814598205613,27,25,17.59671504894166,1.2012175045620757
powerRatios,kp10,14.331814598205613,27,25,17.84592583282211,1.2069586900360112
powerRatios,kp10,14.331814598205613,27,25,18.096741808972432,1.2130436159029983
powerRatios,kp10,14.331814598205613,27,25,18.348607136620142,1.2192005162893518
powerRatios,kp10,14.331814598205613,27,25,18.60101336990868,1.2268144048495329
powerRatios,kp10,14.331814598205613,27,25,18.852551541782248,1.2331391862071974
powerRatios,kp10,14.331814598205613,27,25,19.10320472609246,1.238279590535389
powerRatios,kp10,14.331814598205613,27,25,19.355236149567805,1.2470087525766156
powerRatios,kp10,14.331814598205613,27,25,19.605996073418613,1.2525055456189993
powerRatios,kp10,14.331814598205613,27,25,19.855971980449656,1.2591523982928394
powerRatios,kp10,14.331814598205613,27,25,20.106635831090703,1.2638610081518364
powerRatios,kp10,14.331814598205613,27,25,20.35857305190006,1.2715993727290416
powerRatios,kp10,14.331814598205613,27,25,20.610988701236806,1.277601917431349
powerRatios,kp10,14.331814598205613,27,25,20.862646236697852,1.2840175792069246
powerRatios,kp10,14.331814598205613,27,25,21.11314497992686,1.2892664454290876
powerRatios,kp10,14.331814598205613,27,25,21.36464071217916,1.295256184518927
powerRatios,kp10,14.331814598205613,27,25,21.617216570183352,1.3002322519227494
powerRatios,kp10,14.331814598205613,27,25,21.867907000228907,1.3073943252155404
powerRatios,kp10,14.331814598205613,27,25,22.118380934686936,1.3132177635041764
powerRatios,kp10,14.331814598205613,27,25,22.369760043372604,1.3195725297836458
powerRatios,kp10,14.331814598205613,27,25,22.622182780751523,1.3262875912368024
powerRatios,kp10,14.331814598205613,27,25,22.874179927983825,1.3320338923406643
powerRatios,kp10,14.331814598205613,27,25,23.124905045653037,1.337723965752234
powerRatios,kp10,14.331814598205613,27,25,23.376218733652543,1.3419920043282096
powerRatios,kp10,14.331814598205613,27,25,23.62677019857868,1.3498484001995097
powerRatios,kp10,14.331814598205613,27,25,23.87663985612261,1.3553675486613326
powerRatios,kp10,14.331814598205613,27,25,24.12683364571325,1.3596935491487308
powerRatios,kp10,14.331814598205613,27,25,24.37875191845385,1.3667671774219916
powerRatios,kp10,14.331814598205613,27,25,24.63247310093604,1.3715290977215095
powerRatios,kp10,14.331814598205613,27,25,24.884090136607472,1.3767865620732718
powerRatios,kp10,14.331814598205613,27,25,25.1346414659627,1.3831184205087301
powerRatios,kp10,14.331814598205613,27,25,25.385845831243543,1.388108981922764
powerRatios,kp10,14.331814598205613,27,25,25.637585208635205,1.3956547667049992
powerRatios,kp10,14.331814598205613,27,25,25.88948668125444,1.4003357812378123
powerRatios,kp10,14.331814598205613,27,25,26.139069033235916,1.4048890920489818
powerRatios,kp10,14.331814598205613,27,25,26.390547380112228,1.4109323592441942
powerRatios,kp10,14.331814598205613,27,25,26.64300560904685,1.4170430398452203
powerRatios,kp10,14.331814598205613,27,25,26.89360701301547,1.4218584871924285
powerRatios,kp10,14.331814598205613,27,25,27.14431675423385,1.4299349050295864
powerRatios,kp10,14.331814598205613,27,25,27.396541256600635,1.4326132311652162
powerRatios,kp10,14.331814598205613,27,25,27.649003093917827,1.4390838531119956
powerRatios,kp10,14.331814598205613,27,25,27.89884103880582,1.4442221577078995
powerRatios,kp10,14.331814598205613,27,25,28.14922945105167,1.4487689024466515
powerRatios,kp10,14.331814598205613,27,25,28.400870907962133,1.4556632608814282
powerRatios,kp10,14.331814598205613,27,25,28.65300236168307,1.4574991656215288
powerRatios,kp10,14.331814598205613,27,25,28.90403695146484,1.4651972711287338
powerRatios,kp10,14.331814598205613,27,25,29.154865892880995,1.471161719330471
powerRatios,kp10,14.331814598205613,27,25,29.40751703157385,1.4762217725212756
powerRatios,kp10,14.331814598205613,27,25,29.65873973701816,1.4810521178175515
powerRatios,kp10,14.331814598205613,27,25,29.90841703561923,1.485974432514978
powerRatios,kp10,14.331814598205613,27,25,30.159540002722725,1.4935010732496916
powerRatios,kp10,14.331814598205613,27,25,30.411658195557067,1.4943770280600122
powerRatios,kp10,14.331814598205613,27,25,30.66356878913305,1.5013947098045308
powerRatios,kp10,14.331814598205613,27,25,30.914951782254548,1.506861004251894
powerRatios,kp10,14.331814598205613,27,25,31.165975615952295,1.5139067881608752
powerRatios,kp10,14.331814598205613,27,25,31.418062734170597,1.517356192418527
powerRatios,kp10,14.331814598205613,27,25,31.66963807569683,1.5206880521405084
powerRatios,kp10,14.331814598205613,27,25,31.919760603706283,1.526643785863987
powerRatios,kp10,10.51901923231075,30,25,0.32072956064263475,1.000018089997446
powerRatios,kp10,10.51901923231075,30,25,0.5606619683395725,1.000005600860081
powerRatios,kp10,10.51901923231075,30,25,0.787700109846164,0.9999716778998453
powerRatios,kp10,10.51901923231075,30,25,1.0205350124370263,0.9999384510448542
powerRatios,kp10,10.51901923231075,30,25,1.2811623763405762,0.9998692395146047
powerRatios,kp10,10.51901923231075,30,25,1.5386083750512618,0.9998067420758355
powerRatios,kp10,10.51901923231075,30,25,1.7773229368951355,0.9997337084803135
powerRatios,kp10,10.51901923231075,30,25,2.016922174616909,0.9996661310915146
powerRatios,kp10,10.51901923231075,30,25,2.276370248265442,0.9995222662892883
powerRatios,kp10,10.51901923231075,30,25,2.5367369097912875,0.9993844259937589
powerRatios,kp10,10.51901923231075,30,25,2.7799951337842748,0.99925224395392
powerRatios,kp10,10.51901923231075,30,25,3.0232513459545807,0.9991261638952292
powerRatios,kp10,10.51901923231075,30,25,3.27850725349039,0.9989485659691032
powerRatios,kp10,10.51901923231075,30,25,3.5320903813324764,0.9987580150588321
powerRatios,kp10,10.51901923231075,30,25,3.7740842065088223,0.9986111850467482
powerRatios,kp10,10.51901923231075,30,25,4.0223998293999035,0.9984737991242949
powerRatios,kp10,10.51901923231075,30,25,4.280552523081682,0.9982430510676115
powerRatios,kp10,10.51901923231075,30,25,4.537090733730488,0.9980230628140986
powerRatios,kp10,10.51901923231075,30,25,4.784354808644596,0.9977689963748227
powerRatios,kp10,10.51901923231075,30,25,5.031213959107016,0.997551397861196
powerRatios,kp10,10.51901923231075,30,25,5.285957311443282,0.9972839781442197
powerRatios,kp10,10.51901923231075,30,25,5.538249178821105,0.996992174791275
powerRatios,kp10,10.51901923231075,30,25,5.785985141724235,0.996642166671158
powerRatios,kp10,10.51901923231075,30,25,6.034136131752394,0.9964498792078754
powerRatios,kp10,10.51901923231075,30,25,6.286911813219537,0.9960497952089014
powerRatios,kp10,10.51901923231075,30,25,6.54166682420824,0.9958673294228565
powerRatios,kp10,10.51901923231075,30,25,6.793019941028072,0.9954324708914732
powerRatios,kp10,10.51901923231075,30,25,7.044049470420791,0.9952314887847232
powerRatios,kp10,10.51901923231075,30,25,7.295989038663275,0.9948696366171661
powerRatios,kp10,10.51901923231075,30,25,7.546022875800913,0.9946082303281649
powerRatios,kp10,10.51901923231075,30,25,7.796320632595667,0.9942429331627782
powerRatios,kp10,10.51901923231075,30,25,8.04569565437213,0.9941792476020065
powerRatios,kp10,10.51901923231075,30,25,8.295810539385062,0.9939648439614915
powerRatios,kp10,10.51901923231075,30,25,8.549551313965676,0.9939906195240619
powerRatios,kp10,10.51901923231075,30,25,8.801317467211248,0.9940508167956241
powerRatios,kp10,10.51901923231075,30,25,9.051715364342233,0.9946388669391887
powerRatios,kp10,10.51901923231075,30,25,9.303933965686708,0.9949430671167606
powerRatios,kp10,10.51901923231075,30,25,9.555557996267446,0.9956708372807342
powerRatios,kp10,10.51901923231075,30,25,9.80486850979469,0.9975691384697267
powerRatios,kp10,10.51901923231075,30,25,10.054942567415612,0.9992042148379283
powerRatios,kp10,10.51901923231075,30,25,10.308274496268336,1.000703682891056
powerRatios,kp10,10.51901923231075,30,25,10.560810068695892,1.0035426354899266
powerRatios,kp10,10.51901923231075,30,25,10.811584699358507,1.0061963427135656
powerRatios,kp10,10.51901923231075,30,25,11.062453457041169,1.0095575429994523
powerRatios,kp10,10.51901923231075,30,25,11.314786957671013,1.0127780384285818
powerRatios,kp10,10.51901923231075,30,25,11.565937880035426,1.0157466590699085
powerRatios,kp10,10.51901923231075,30,25,11.814085010948824,1.0191352926518085
powerRatios,kp10,10.51901923231075,30,25,12.064293330625782,1.0230465680375662
powerRatios,kp10,10.51901923231075,30,25,12.317521238569554,1.0267031272033067
powerRatios,kp10,10.51901923231075,30,25,12.571032385248238,1.0309923706518636
powerRatios,kp10,10.51901923231075,30,25,12.821843069043268,1.0349608765718092
powerRatios,kp10,10.51901923231075,30,25,13.072502986326512,1.0387673900515972
powerRatios,kp10,10.51901923231075,30,25,13.324942706400424,1.043218568883957
powerRatios,kp10,10.51901923231075,30,25,13.576176707479814,1.0470966795247216
powerRatios,kp10,10.51901923231075,30,25,13.82555646698322,1.0507103157623947
powerRatios,kp10,10.51901923231075,30,25,14.075222265910044,1.0550880790741366
powerRatios,kp10,10.51901923231075,30,25,14.32811852917941,1.0580583927880127
powerRatios,kp10,10.51901923231075,30,25,14.580461685752585,1.0626950897402427
powerRatios,kp10,10.51901923231075,30,25,14.830552404971625,1.066481371732991
powerRatios,kp10,10.51901923231075,30,25,15.08215309851155,1.069705012803752
powerRatios,kp10,10.51901923231075,30,25,15.334342820333537,1.0750390277242634
powerRatios,kp10,10.51901923231075,30,25,15.5860439155924,1.0768478688765872
powerRatios,kp10,10.51901923231075,30,25,15.835068837290374,1.0812370051930003
powerRatios,kp10,10.51901923231075,30,25,16.08449366682584,1.0843423282387852
powerRatios,kp10,10.51901923231075,30,25,16.338138266722677,1.0883111136274155
powerRatios,kp10,10.51901923231075,30,25,16.590773181146194,1.0917033281581527
powerRatios,kp10,10.51901923231075,30,25,16.842164585753792,1.0956402146689286
powerRatios,kp10,10.51901923231075,30,25,17.093141526529084,1.0996781297219527
powerRatios,kp10,10.51901923231075,30,25,17.344842926726773,1.1030956024957932
powerRatios,kp10,10.51901923231075,30,25,17.59671504894166,1.1072399842380236
powerRatios,kp10,10.51901923231075,30,25,17.84592583282211,1.109737267058986
powerRatios,kp10,10.51901923231075,30,25,18.096741808972432,1.114097832944573
powerRatios,kp10,10.51901923231075,30,25,18.348607136620142,1.1189934538555988
powerRatios,kp10,10.51901923231075,30,25,18.60101336990868,1.120648067545189
powerRatios,kp10,10.51901923231075,30,25,18.852551541782248,1.1251804544588209
powerRatios,kp10,10.51901923231075,30,25,19.10320472609246,1.1283282302656417
powerRatios,kp10,10.51901923231075,30,25,19.355236149567805,1.1310573920603464
powerRatios,kp10,10.51901923231075,30,25,19.605996073418613,1.1337964077510259
powerRatios,kp10,10.51901923231075,30,25,19.855971980449656,1.1384755240091748
powerRatios,kp10,10.51901923231075,30,25,20.106635831090703,1.141776216715327
powerRatios,kp10,10.51901923231075,30,25,20.35857305190006,1.1445296842029975
powerRatios,kp10,10.51901923231075,30,25,20.610988701236806,1.1466905096745632
powerRatios,kp10,10.51901923231075,30,25,20.862646236697852,1.1512355469619113
powerRatios,kp10,10.51901923231075,30,25,21.11314497992686,1.1543932916804722
powerRatios,kp10,10.51901923231075,30,25,21.36464071217916,1.157313390565752
powerRatios,kp10,10.51901923231075,30,25,21.617216570183352,1.1606388925677917
powerRatios,kp10,10.51901923231075,30,25,21.867907000228907,1.1640893247069244
powerRatios,kp10,10.51901923231075,30,25,22.118380934686936,1.16636302453888
powerRatios,kp10,10.51901923231075,30,25,22.369760043372604,1.1699907847102269
powerRatios,kp10,10.51901923231075,30,25,22.622182780751523,1.1723960671992921
powerRatios,kp10,10.51901923231075,30,25,22.874179927983825,1.1770121304057055
powerRatios,kp10,10.51901923231075,30,25,23.124905045653037,1.1791677333100676
powerRatios,kp10,10.51901923231075,30,25,23.376218733652543,1.1809507188159305
powerRatios,kp10,10.51901923231075,30,25,23.62677019857868,1.18466998849484
powerRatios,kp10,10.51901923231075,30,25,23.87663985612261,1.1860179880514534
powerRatios,kp10,10.51901923231075,30,25,24.12683364571325,1.1899283048910392
powerRatios,kp10,10.51901923231075,30,25,24.37875191845385,1.1924437710975595
powerRatios,kp10,10.51901923231075,30,25,24.63247310093604,1.1952602551163571
powerRatios,kp10,10.51901923231075,30,25,24.884090136607472,1.1974633503957157
powerRatios,kp10,10.51901923231075,30,25,25.1346414659627,1.2005086016806725
powerRatios,kp10,10.51901923231075,30,25,25.385845831243543,1.2030312491206485
powerRatios,kp10,10.51901923231075,30,25,25.637585208635205,1.2059393232835398
powerRatios,kp10,10.51901923231075,30,25,25.88948668125444,1.2083595774242684
powerRatios,kp10,10.51901923231075,30,25,26.139069033235916,1.209549615366927
powerRatios,kp10,10.51901923231075,30,25,26.390547380112228,1.2140315164234474
powerRatios,kp10,10.51901923231075,30,25,26.64300560904685,1.2171401212417472
powerRatios,kp10,10.51901923231075,30,25,26.89360701301547,1.217618450816152
powerRatios,kp10,10.51901923231075,30,25,27.14431675423385,1.2216717814323452
powerRatios,kp10,10.51901923231075,30,25,27.396541256600635,1.2243029319635563
powerRatios,kp10,10.51901923231075,30,25,27.649003093917827,1.2245962950921647
powerRatios,kp10,10.51901923231075,30,25,27.89884103880582,1.2291617361016889
powerRatios,kp10,10.51901923231075,30,25,28.14922945105167,1.2311707215215084
powerRatios,kp10,10.51901923231075,30,25,28.400870907962133,1.23359139717526
powerRatios,kp10,10.51901923231075,30,25,28.65300236168307,1.2341712070881066
powerRatios,kp10,10.51901923231075,30,25,28.90403695146484,1.2384285567132358
powerRatios,kp10,10.51901923231075,30,25,29.154865892880995,1.240400692030136
powerRatios,kp10,10.51901923231075,30,25,29.40751703157385,1.2421524987237378
powerRatios,kp10,10.51901923231075,30,25,29.65873973701816,1.245178446185631
powerRatios,kp10,10.51901923231075,30,25,29.90841703561923,1.2478319573684358
powerRatios,kp10,10.51901923231075,30,25,30.159540002722725,1.2502054267974225
powerRatios,kp10,10.51901923231075,30,25,30.411658195557067,1.2512662666159178
powerRatios,kp10,10.51901923231075,30,25,30.66356878913305,1.2558235196775003
powerRatios,kp10,10.51901923231075,30,25,30.914951782254548,1.2559109819086849
powerRatios,kp10,10.51901923231075,30,25,31.165975615952295,1.2583375007750786
powerRatios,kp10,10.51901923231075,30,25,31.418062734170597,1.2615760156649312
powerRatios,kp10,10.51901923231075,30,25,31.66963807569683,1.2640465381114478
powerRatios,kp10,10.51901923231075,30,25,31.919760603706283,1.2657136840450744
powerRatios,kp10,2.0333177828202462,44,25,0.32072956064263475,1.000047805083691
powerRatios,kp10,2.0333177828202462,44,25,0.5606619683395725,1.0000402478467403
powerRatios,kp10,2.0333177828202462,44,25,0.787700109846164,1.0000032532493732
powerRatios,kp10,2.0333177828202462,44,25,1.0205350124370263,0.9999971280332525
powerRatios,kp10,2.0333177828202462,44,25,1.2811623763405762,0.9999147829525659
powerRatios,kp10,2.0333177828202462,44,25,1.5386083750512618,0.9999091221362636
powerRatios,kp10,2.0333177828202462,44,25,1.7773229368951355,0.9998559471829284
powerRatios,kp10,2.0333177828202462,44,25,2.016922174616909,0.9997851930579874
powerRatios,kp10,2.0333177828202462,44,25,2.276370248265442,0.9997728787677103
powerRatios,kp10,2.0333177828202462,44,25,2.5367369097912875,0.9997096171854059
powerRatios,kp10,2.0333177828202462,44,25,2.7799951337842748,0.999659062124511
powerRatios,kp10,2.0333177828202462,44,25,3.0232513459545807,0.9996392096486679
powerRatios,kp10,2.0333177828202462,44,25,3.27850725349039,0.9996775980418126
powerRatios,kp10,2.0333177828202462,44,25,3.5320903813324764,0.9996800625380596
powerRatios,kp10,2.0333177828202462,44,25,3.7740842065088223,0.9996506285675318
powerRatios,kp10,2.0333177828202462,44,25,4.0223998293999035,0.9996335243657752
powerRatios,kp10,2.0333177828202462,44,25,4.280552523081682,0.9996660259589656
powerRatios,kp10,2.0333177828202462,44,25,4.537090733730488,0.9995311144531077
powerRatios,kp10,2.0333177828202462,44,25,4.784354808644596,0.9995443864883049
powerRatios,kp10,2.0333177828202462,44,25,5.031213959107016,0.9995543785000942
powerRatios,kp10,2.0333177828202462,44,25,5.285957311443282,0.9997807386303368
powerRatios,kp10,2.0333177828202462,44,25,5.538249178821105,0.9997391067927671
powerRatios,kp10,2.0333177828202462,44,25,5.785985141724235,0.9997098267510609
powerRatios,kp10,2.0333177828202462,44,25,6.034136131752394,0.9996487007185284
powerRatios,kp10,2.0333177828202462,44,25,6.286911813219537,0.9997015885186679
powerRatios,kp10,2.0333177828202462,44,25,6.54166682420824,0.9994738694740544
powerRatios,kp10,2.0333177828202462,44,25,6.793019941028072,0.9996972460700007
powerRatios,kp10,2.0333177828202462,44,25,7.044049470420791,0.9995150714048533
powerRatios,kp10,2.0333177828202462,44,25,7.295989038663275,0.9992380728331094
powerRatios,kp10,2.0333177828202462,44,25,7.546022875800913,0.9995071373780215
powerRatios,kp10,2.0333177828202462,44,25,7.796320632595667,0.9999076360212432
powerRatios,kp10,2.0333177828202462,44,25,8.04569565437213,0.9998888740255578
powerRatios,kp10,2.0333177828202462,44,25,8.295810539385062,0.999914719616652
powerRatios,kp10,2.0333177828202462,44,25,8.549551313965676,0.999811351360807
powerRatios,kp10,2.0333177828202462,44,25,8.801317467211248,1.0002082728634296
powerRatios,kp10,2.0333177828202462,44,25,9.051715364342233,1.000187500884895
powerRatios,kp10,2.0333177828202462,44,25,9.303933965686708,1.0006094265458374
powerRatios,kp10,2.0333177828202462,44,25,9.555557996267446,1.0004873005778658
powerRatios,kp10,2.0333177828202462,44,25,9.80486850979469,1.0003447924136402
powerRatios,kp10,2.0333177828202462,44,25,10.054942567415612,1.0002901402752948
powerRatios,kp10,2.0333177828202462,44,25,10.308274496268336,1.0008051781124376
powerRatios,kp10,2.0333177828202462,44,25,10.560810068695892,1.000654984174951
powerRatios,kp10,2.0333177828202462,44,25,10.811584699358507,1.0004145911325444
powerRatios,kp10,2.0333177828202462,44,25,11.062453457041169,1.0008591511735663
powerRatios,kp10,2.0333177828202462,44,25,11.314786957671013,1.0008135867557277
powerRatios,kp10,2.0333177828202462,44,25,11.565937880035426,1.0006409615354765
powerRatios,kp10,2.0333177828202462,44,25,11.814085010948824,1.0013860348885373
powerRatios,kp10,2.0333177828202462,44,25,12.064293330625782,1.000845911365564
powerRatios,kp10,2.0333177828202462,44,25,12.317521238569554,1.0005107916364346
powerRatios,kp10,2.0333177828202462,44,25,12.571032385248238,1.0004684904407903
powerRatios,kp10,2.0333177828202462,44,25,12.821843069043268,1.0006886590114275
powerRatios,kp10,2.0333177828202462,44,25,13.072502986326512,1.000766849870319
powerRatios,kp10,2.0333177828202462,44,25,13.324942706400424,1.0014141479156355
powerRatios,kp10,2.0333177828202462,44,25,13.576176707479814,1.0011970691100518
powerRatios,kp10,2.0333177828202462,44,25,13.82555646698322,1.0013533232747265
powerRatios,kp10,2.0333177828202462,44,25,14.075222265910044,1.0013653589636093
powerRatios,kp10,2.0333177828202462,44,25,14.32811852917941,1.001641949421176
powerRatios,kp10,2.0333177828202462,44,25,14.580461685752585,1.0014767485423715
powerRatios,kp10,2.0333177828202462,44,25,14.830552404971625,1.0009752810009758
powerRatios,kp10,2.0333177828202462,44,25,15.08215309851155,1.001334553929178
powerRatios,kp10,2.0333177828202462,44,25,15.334342820333537,1.0013141189680328
powerRatios,kp10,2.0333177828202462,44,25,15.5860439155924,1.0013954521009056
powerRatios,kp10,2.0333177828202462,44,25,15.835068837290374,1.001120917901517
powerRatios,kp10,2.0333177828202462,44,25,16.08449366682584,1.0009054180321604
powerRatios,kp10,2.0333177828202462,44,25,16.338138266722677,1.0014686768279288
powerRatios,kp10,2.0333177828202462,44,25,16.590773181146194,1.0016748796730455
powerRatios,kp10,2.0333177828202462,44,25,16.842164585753792,1.0014178270377463
powerRatios,kp10,2.0333177828202462,44,25,17.093141526529084,1.001786672067333
powerRatios,kp10,2.0333177828202462,44,25,17.344842926726773,1.0023864594212466
powerRatios,kp10,2.0333177828202462,44,25,17.59671504894166,1.0027414772685148
powerRatios,kp10,2.0333177828202462,44,25,17.84592583282211,1.002353166773648
powerRatios,kp10,2.0333177828202462,44,25,18.096741808972432,1.0014072074144955
powerRatios,kp10,2.0333177828202462,44,25,18.348607136620142,1.0018170655294945
powerRatios,kp10,2.0333177828202462,44,25,18.60101336990868,1.0015696134823648
powerRatios,kp10,2.0333177828202462,44,25,18.852551541782248,1.0023260643643468
powerRatios,kp10,2.0333177828202462,44,25,19.10320472609246,1.0017909946935086
powerRatios,kp10,2.0333177828202462,44,25,19.355236149567805,1.0032542594977558
powerRatios,kp10,2.0333177828202462,44,25,19.605996073418613,1.003025133021673
powerRatios,kp10,2.0333177828202462,44,25,19.855971980449656,1.0035030596547578
powerRatios,kp10,2.0333177828202462,44,25,20.106635831090703,1.002613323295954
powerRatios,kp10,2.0333177828202462,44,25,20.35857305190006,1.002234073687774
powerRatios,kp10,2.0333177828202462,44,25,20.610988701236806,1.0020560554034261
powerRatios,kp10,2.0333177828202462,44,25,20.862646236697852,1.0027021236138458
powerRatios,kp10,2.0333177828202462,44,25,21.11314497992686,1.0024757629245646
powerRatios,kp10,2.0333177828202462,44,25,21.36464071217916,1.0026848253537095
powerRatios,kp10,2.0333177828202462,44,25,21.617216570183352,1.002811399586824
powerRatios,kp10,2.0333177828202462,44,25,21.867907000228907,1.0033730735114406
powerRatios,kp10,2.0333177828202462,44,25,22.118380934686936,1.0029186346653844
powerRatios,kp10,2.0333177828202462,44,25,22.369760043372604,1.00216282048069
powerRatios,kp10,2.0333177828202462,44,25,22.622182780751523,1.0027117111049724
powerRatios,kp10,2.0333177828202462,44,25,22.874179927983825,1.002281272461815
powerRatios,kp10,2.0333177828202462,44,25,23.124905045653037,1.0025324229981012
powerRatios,kp10,2.0333177828202462,44,25,23.376218733652543,1.0040081243962402
powerRatios,kp10,2.0333177828202462,44,25,23.62677019857868,1.0032928037093252
powerRatios,kp10,2.0333177828202462,44,25,23.87663985612261,1.003280696446806
powerRatios,kp10,2.0333177828202462,44,25,24.12683364571325,1.003367448657955
powerRatios,kp10,2.0333177828202462,44,25,24.37875191845385,1.0036693815828928
powerRatios,kp10,2.0333177828202462,44,25,24.63247310093604,1.0031995991533498
powerRatios,kp10,2.0333177828202462,44,25,24.884090136607472,1.0039122804760559
powerRatios,kp10,2.0333177828202462,44,25,25.1346414659627,1.0048822730608205
powerRatios,kp10,2.0333177828202462,44,25,25.385845831243543,1.004544358472636
powerRatios,kp10,2.0333177828202462,44,25,25.637585208635205,1.004468849795654
powerRatios,kp10,2.0333177828202462,44,25,25.88948668125444,1.0047420439827348
powerRatios,kp10,2.0333177828202462,44,25,26.139069033235916,1.004009552160546
powerRatios,kp10,2.0333177828202462,44,25,26.390547380112228,1.0060773772235558
powerRatios,kp10,2.0333177828202462,44,25,26.64300560904685,1.0049231626130994
powerRatios,kp10,2.0333177828202462,44,25,26.89360701301547,1.005779356148362
powerRatios,kp10,2.0333177828202462,44,25,27.14431675423385,1.0051387139413546
powerRatios,kp10,2.0333177828202462,44,25,27.396541256600635,1.0043169996035424
powerRatios,kp10,2.0333177828202462,44,25,27.649003093917827,1.0060717357319757
powerRatios,kp10,2.0333177828202462,44,25,27.89884103880582,1.0050479234630214
powerRatios,kp10,2.0333177828202462,44,25,28.14922945105167,1.0058239556380788
powerRatios,kp10,2.0333177828202462,44,25,28.400870907962133,1.0065344968938827
powerRatios,kp10,2.0333177828202462,44,25,28.65300236168307,1.006034720634666
powerRatios,kp10,2.0333177828202462,44,25,28.90403695146484,1.0071648098839507
powerRatios,kp10,2.0333177828202462,44,25,29.154865892880995,1.0062977727987312
powerRatios,kp10,2.0333177828202462,44,25,29.40751703157385,1.007231556331755
powerRatios,kp10,2.0333177828202462,44,25,29.65873973701816,1.0078567499811426
powerRatios,kp10,2.0333177828202462,44,25,29.90841703561923,1.0077320703384633
powerRatios,kp10,2.0333177828202462,44,25,30.159540002722725,1.0071683245411496
powerRatios,kp10,2.0333177828202462,44,25,30.411658195557067,1.008314803840279
powerRatios,kp10,2.0333177828202462,44,25,30.66356878913305,1.0085200894140625
powerRatios,kp10,2.0333177828202462,44,25,30.914951782254548,1.0082101905162617
powerRatios,kp10,2.0333177828202462,44,25,31.165975615952295,1.0085123403021208
powerRatios,kp10,2.0333177828202462,44,25,31.418062734170597,1.0084566828664805
powerRatios,kp10,2.0333177828202462,44,25,31.66963807569683,1.0083105894341586
powerRatios,kp10,2.0333177828202462,44,25,31.919760603706283,1.0097257708136511
powerRatios,kp1,19.40664523021168,24,256,0.0313212461565073,0.9996517626405839
powerRatios,kp1,19.40664523021168,24,256,0.054752145345661356,0.9995091188487711
powerRatios,kp1,19.40664523021168,24,256,0.07692383885216451,0.9995437485046351
powerRatios,kp1,19.40664523021168,24,256,0.09966162230830337,0.9997346702308593
powerRatios,kp1,19.40664523021168,24,256,0.12511351331450943,0.9995922875619043
powerRatios,kp1,19.40664523021168,24,256,0.15025472412609966,0.9994693228055164
powerRatios,kp1,19.40664523021168,24,256,0.17356669305616573,0.999890560848672
powerRatios,kp1,19.40664523021168,24,256,0.1969650561149323,0.9994758042390356
powerRatios,kp1,19.40664523021168,24,256,0.2223017820571719,0.9994710138841338
powerRatios,kp1,19.40664523021168,24,256,0.24772821384680524,0.9997534442424382
powerRatios,kp1,19.40664523021168,24,256,0.2714838997836198,0.99945959750675
powerRatios,kp1,19.40664523021168,24,256,0.2952393892533773,0.9996885266217899
powerRatios,kp1,19.40664523021168,24,256,0.32016672397367135,0.9998262107569477
powerRatios,kp1,19.40664523021168,24,256,0.34493070130200054,0.9999126354436926
powerRatios,kp1,19.40664523021168,24,256,0.3685629107918764,0.9989859829901535
powerRatios,kp1,19.40664523021168,24,256,0.39281248333983404,0.9986944131102753
powerRatios,kp1,19.40664523021168,24,256,0.41802270733219404,0.9991359003943366
powerRatios,kp1,19.40664523021168,24,256,0.4430752669658697,0.9982245619218678
powerRatios,kp1,19.40664523021168,24,256,0.46722214928169786,0.9969038089847245
powerRatios,kp1,19.40664523021168,24,256,0.4913294881940436,0.9974783001984031
powerRatios,kp1,19.40664523021168,24,256,0.5162067686956312,0.9975453602756196
powerRatios,kp1,19.40664523021168,24,256,0.5408446463692522,0.9956287724540721
powerRatios,kp1,19.40664523021168,24,256,0.5650376114965061,0.996159926500976
powerRatios,kp1,19.40664523021168,24,256,0.5892711066164427,0.9951462925703967
powerRatios,kp1,19.40664523021168,24,256,0.6139562317597167,0.9976568808848637
powerRatios,kp1,19.40664523021168,24,256,0.6388346508015916,0.9952051930970348
powerRatios,kp1,19.40664523021168,24,256,0.663380853616023,0.9947918642259964
powerRatios,kp1,19.40664523021168,24,256,0.687895456095786,0.9932957008025499
powerRatios,kp1,19.40664523021168,24,256,0.7124989295569584,0.9923810112835286
powerRatios,kp1,19.40664523021168,24,256,0.736916296464924,0.9909130931148425
powerRatios,kp1,19.40664523021168,24,256,0.7613594367769183,0.989248761526727
powerRatios,kp1,19.40664523021168,24,256,0.7857124662472791,0.9875829382350533
powerRatios,kp1,19.40664523021168,24,256,0.810137747986822,0.9878053699236989
powerRatios,kp1,19.40664523021168,24,256,0.834917120504456,0.9870945877931064
powerRatios,kp1,19.40664523021168,24,256,0.8595036589073478,0.9858318853371362
powerRatios,kp1,19.40664523021168,24,256,0.8839565785490576,0.9831315000575735
powerRatios,kp1,19.40664523021168,24,256,0.9085873013365826,0.9836995452719184
powerRatios,kp1,19.40664523021168,24,256,0.93315996057299,0.9807390132993408
powerRatios,kp1,19.40664523021168,24,256,0.957506690409634,0.978732968943197
powerRatios,kp1,19.40664523021168,24,256,0.9819279850991849,0.9769374417160619
powerRatios,kp1,19.40664523021168,24,256,1.0066674312761883,0.9814303838434421
powerRatios,kp1,19.40664523021168,24,256,1.0313291082710536,0.9898183260696382
powerRatios,kp1,19.40664523021168,24,256,1.0558188182967405,1.0011566894107669
powerRatios,kp1,19.40664523021168,24,256,1.0803177204141923,1.0080110902760886
powerRatios,kp1,19.40664523021168,24,256,1.1049596638350512,1.0179479390392263
powerRatios,kp1,19.40664523021168,24,256,1.129486121097224,1.0292806091556315
powerRatios,kp1,19.40664523021168,24,256,1.1537192393504785,1.0371321657539894
powerRatios,kp1,19.40664523021168,24,256,1.1781536455689063,1.0458786057321132
powerRatios,kp1,19.40664523021168,24,256,1.2028829334540618,1.054716845025646
powerRatios,kp1,19.40664523021168,24,256,1.2276398813718887,1.0638144487391434
powerRatios,kp1,19.40664523021168,24,256,1.2521331122112618,1.0713847011284625
powerRatios,kp1,19.40664523021168,24,256,1.2766116197584787,1.0785253749612596
powerRatios,kp1,19.40664523021168,24,256,1.3012639361718907,1.0877889540625318
powerRatios,kp1,19.40664523021168,24,256,1.3257985065897926,1.095432251550663
powerRatios,kp1,19.40664523021168,24,256,1.3501519987288393,1.1012900450840226
powerRatios,kp1,19.40664523021168,24,256,1.3745334244052962,1.1071969290333974
powerRatios,kp1,19.40664523021168,24,256,1.3992303251151714,1.1132679915806383
powerRatios,kp1,19.40664523021168,24,256,1.4238732114992796,1.1168089533489263
powerRatios,kp1,19.40664523021168,24,256,1.4482961332980369,1.1272879795416766
powerRatios,kp1,19.40664523021168,24,256,1.4728665135264858,1.13437532719182
powerRatios,kp1,19.40664523021168,24,256,1.4974944160481687,1.1417420559632465
powerRatios,kp1,19.40664523021168,24,256,1.5220746011321264,1.1433992265594664
powerRatios,kp1,19.40664523021168,24,256,1.5463934411415703,1.1503424300638287
powerRatios,kp1,19.40664523021168,24,256,1.5707513346510054,1.1548068339735367
powerRatios,kp1,19.40664523021168,24,256,1.5955213151096161,1.1612277616923001
powerRatios,kp1,19.40664523021168,24,256,1.6201926934712723,1.1668103556840763
powerRatios,kp1,19.40664523021168,24,256,1.6447426353275962,1.169571329631326
powerRatios,kp1,19.40664523021168,24,256,1.6692521022001021,1.1803312046706973
powerRatios,kp1,19.40664523021168,24,256,1.6938323170631577,1.1780052911043801
powerRatios,kp1,19.40664523021168,24,256,1.718429203998171,1.1852811508963221
powerRatios,kp1,19.40664523021168,24,256,1.742766194611624,1.1926802871887656
powerRatios,kp1,19.40664523021168,24,256,1.767259942282522,1.191589868178566
powerRatios,kp1,19.40664523021168,24,256,1.791856165685507,1.1962047091973205
powerRatios,kp1,19.40664523021168,24,256,1.8165052119050797,1.1993175208815396
powerRatios,kp1,19.40664523021168,24,256,1.84106948650222,1.2048208260400164
powerRatios,kp1,19.40664523021168,24,256,1.8655473365324868,1.2096750236467528
powerRatios,kp1,19.40664523021168,24,256,1.8901597802312908,1.2106952224927914
powerRatios,kp1,19.40664523021168,24,256,1.9146480540447401,1.215044093564145
powerRatios,kp1,19.40664523021168,24,256,1.939059763715855,1.2195001785737314
powerRatios,kp1,19.40664523021168,24,256,1.9635386553798613,1.225058898813434
powerRatios,kp1,19.40664523021168,24,256,1.9881418995995372,1.2272571095172662
powerRatios,kp1,19.40664523021168,24,256,2.012791865355253,1.2329301992352677
powerRatios,kp1,19.40664523021168,24,256,2.0373677965526436,1.235418919117751
powerRatios,kp1,19.40664523021168,24,256,2.061830564445913,1.2369958355279607
powerRatios,kp1,19.40664523021168,24,256,2.086390694548735,1.2413185133750575
powerRatios,kp1,19.40664523021168,24,256,2.1110563056819687,1.2430779202027569
powerRatios,kp1,19.40664523021168,24,256,2.135537792991106,1.2477996255609691
powerRatios,kp1,19.40664523021168,24,256,2.159998138153035,1.2550949895528964
powerRatios,kp1,19.40664523021168,24,256,2.1845468792357265,1.2541113799221812
powerRatios,kp1,19.40664523021168,24,256,2.209197537182775,1.2597218132904526
powerRatios,kp1,19.40664523021168,24,256,2.233806633592115,1.262567226807085
powerRatios,kp1,19.40664523021168,24,256,2.2582915083645076,1.2668986956460007
powerRatios,kp1,19.40664523021168,24,256,2.2828338607082084,1.2635882161745722
powerRatios,kp1,19.40664523021168,24,256,2.3073017772048177,1.2735271082456932
powerRatios,kp1,19.40664523021168,24,256,2.331703110949515,1.2745904475752416
powerRatios,kp1,19.40664523021168,24,256,2.3561360982141064,1.2767875850486543
powerRatios,kp1,19.40664523021168,24,256,2.380737492036452,1.2816560432645985
powerRatios,kp1,19.40664523021168,24,256,2.4055149512632847,1.2840265613029018
powerRatios,kp1,19.40664523021168,24,256,2.4300869274031247,1.2952128027092997
powerRatios,kp1,19.40664523021168,24,256,2.4545548306603284,1.2980391334793895
powerRatios,kp1,19.40664523021168,24,256,2.4790865069574943,1.3014312837586417
powerRatios,kp1,19.40664523021168,24,256,2.5036704305305424,1.3004014548704466
powerRatios,kp1,19.40664523021168,24,256,2.528270183716259,1.309208714279319
powerRatios,kp1,19.40664523021168,24,256,2.552643460276946,1.3127578412124294
powerRatios,kp1,19.40664523021168,24,256,2.577201892589191,1.3179396619523611
powerRatios,kp1,19.40664523021168,24,256,2.6018560165083144,1.316166327823399
powerRatios,kp1,19.40664523021168,24,256,2.6263288098649222,1.3288451270242712
powerRatios,kp1,19.40664523021168,24,256,2.6508121830306464,1.329104310896554
powerRatios,kp1,19.40664523021168,24,256,2.675443482089977,1.3348192393316718
powerRatios,kp1,19.40664523021168,24,256,2.7000979583903626,1.3422782836957692
powerRatios,kp1,19.40664523021168,24,256,2.724496195195882,1.345715889472825
powerRatios,kp1,19.40664523021168,24,256,2.748948188579295,1.353664982738954
powerRatios,kp1,19.40664523021168,24,256,2.773522549605598,1.3546450544364952
powerRatios,kp1,19.40664523021168,24,256,2.798144761883231,1.3639128796100393
powerRatios,kp1,19.40664523021168,24,256,2.8226598585414346,1.3644014632772565
powerRatios,kp1,19.40664523021168,24,256,2.847154872351462,1.3720927268659142
powerRatios,kp1,19.40664523021168,24,256,2.871827835114871,1.3746892039028313
powerRatios,kp1,19.40664523021168,24,256,2.8963613024431614,1.3832505717345063
powerRatios,kp1,19.40664523021168,24,256,2.9207438511347443,1.3872636491857953
powerRatios,kp1,19.40664523021168,24,256,2.94526757839102,1.3984066777291186
powerRatios,kp1,19.40664523021168,24,256,2.9698884956599376,1.4061296237535268
powerRatios,kp1,19.40664523021168,24,256,2.994489139563538,1.410205774859839
powerRatios,kp1,19.40664523021168,24,256,3.0190382599860044,1.415475066975632
powerRatios,kp1,19.40664523021168,24,256,3.0435523062452345,1.422068353918969
powerRatios,kp1,19.40664523021168,24,256,3.068170188883887,1.43166068014858
powerRatios,kp1,19.40664523021168,24,256,3.0927380933296216,1.4314506684592818
powerRatios,kp1,19.40664523021168,24,256,3.1171641214553856,1.4441267941920526
powerRatios,kp1,14.331814598205613,27,256,0.0313212461565073,0.9996925868860577
powerRatios,kp1,14.331814598205613,27,256,0.054752145345661356,0.999610616030822
powerRatios,kp1,14.331814598205613,27,256,0.07692383885216451,0.9996919861882009
powerRatios,kp1,14.331814598205613,27,256,0.09966162230830337,0.9995858645778285
powerRatios,kp1,14.331814598205613,27,256,0.12511351331450943,0.9997810698355255
powerRatios,kp1,14.331814598205613,27,256,0.15025472412609966,0.9996073428023903
powerRatios,kp1,14.331814598205613,27,256,0.17356669305616573,0.9995254556621641
powerRatios,kp1,14.331814598205613,27,256,0.1969650561149323,0.9995941494104517
powerRatios,kp1,14.331814598205613,27,256,0.2223017820571719,0.9995742707002573
powerRatios,kp1,14.331814598205613,27,256,0.24772821384680524,0.9997915693772991
powerRatios,kp1,14.331814598205613,27,256,0.2714838997836198,0.9995843941581913
powerRatios,kp1,14.331814598205613,27,256,0.2952393892533773,0.9994281572717653
powerRatios,kp1,14.331814598205613,27,256,0.32016672397367135,0.9992870926060139
powerRatios,kp1,14.331814598205613,27,256,0.34493070130200054,0.9994813812793788
powerRatios,kp1,14.331814598205613,27,256,0.3685629107918764,0.9992077560607956
powerRatios,kp1,14.331814598205613,27,256,0.39281248333983404,0.999260846615362
powerRatios,kp1,14.331814598205613,27,256,0.41802270733219404,0.9991969815165374
powerRatios,kp1,14.331814598205613,27,256,0.4430752669658697,0.9995278815941416
powerRatios,kp1,14.331814598205613,27,256,0.46722214928169786,0.9989344664346431
powerRatios,kp1,14.331814598205613,27,256,0.4913294881940436,0.9987257768874865
powerRatios,kp1,14.331814598205613,27,256,0.5162067686956312,0.9986507047922054
powerRatios,kp1,14.331814598205613,27,256,0.5408446463692522,0.9984774081463521
powerRatios,kp1,14.331814598205613,27,256,0.5650376114965061,0.9990249219217586
powerRatios,kp1,14.331814598205613,27,256,0.5892711066164427,0.9981645038970325
powerRatios,kp1,14.331814598205613,27,256,0.6139562317597167,0.9989639344742944
powerRatios,kp1,14.331814598205613,27,256,0.6388346508015916,0.9983069024788116
powerRatios,kp1,14.331814598205613,27,256,0.663380853616023,0.9985993188729664
powerRatios,kp1,14.331814598205613,27,256,0.687895456095786,0.9986054796475983
powerRatios,kp1,14.331814598205613,27,256,0.7124989295569584,0.9980162671108703
powerRatios,kp1,14.331814598205613,27,256,0.736916296464924,0.9966734314075486
powerRatios,kp1,14.331814598205613,27,256,0.7613594367769183,0.996718862818719
powerRatios,kp1,14.331814598205613,27,256,0.7857124662472791,0.9969862850228861
powerRatios,kp1,14.331814598205613,27,256,0.810137747986822,0.9952966726237423
powerRatios,kp1,14.331814598205613,27,256,0.834917120504456,0.9961104180827363
powerRatios,kp1,14.331814598205613,27,256,0.8595036589073478,0.9956730627525354
powerRatios,kp1,14.331814598205613,27,256,0.8839565785490576,0.9944541164379253
powerRatios,kp1,14.331814598205613,27,256,0.9085873013365826,0.9944603604236438
powerRatios,kp1,14.331814598205613,27,256,0.93315996057299,0.9944174365724288
powerRatios,kp1,14.331814598205613,27,256,0.957506690409634,0.9932110628025494
powerRatios,kp1,14.331814598205613,27,256,0.9819279850991849,0.9940139124001868
powerRatios,kp1,14.331814598205613,27,256,1.0066674312761883,0.9980874056244453
powerRatios,kp1,14.331814598205613,27,256,1.0313291082710536,1.0076130492122057
powerRatios,kp1,14.331814598205613,27,256,1.0558188182967405,1.0193796937289459
powerRatios,kp1,14.331814598205613,27,256,1.0803177204141923,1.030091939170631
powerRatios,kp1,14.331814598205613,27,256,1.1049596638350512,1.0419276475164685
powerRatios,kp1,14.331814598205613,27,256,1.129486121097224,1.0524425781693332
powerRatios,kp1,14.331814598205613,27,256,1.1537192393504785,1.063504391201293
powerRatios,kp1,14.331814598205613,27,256,1.1781536455689063,1.072529729551885
powerRatios,kp1,14.331814598205613,27,256,1.2028829334540618,1.0848528757469025
powerRatios,kp1,14.331814598205613,27,256,1.2276398813718887,1.0951845106222675
powerRatios,kp1,14.331814598205613,27,256,1.2521331122112618,1.105607017763053
powerRatios,kp1,14.331814598205613,27,256,1.2766116197584787,1.1141762886561812
powerRatios,kp1,14.331814598205613,27,256,1.3012639361718907,1.1253158989124383
powerRatios,kp1,14.331814598205613,27,256,1.3257985065897926,1.1355761768952786
powerRatios,kp1,14.331814598205613,27,256,1.3501519987288393,1.1444990845206537
powerRatios,kp1,14.331814598205613,27,256,1.3745334244052962,1.1548275711935554
powerRatios,kp1,14.331814598205613,27,256,1.3992303251151714,1.1639606592774836
powerRatios,kp1,14.331814598205613,27,256,1.4238732114992796,1.1731451203469172
powerRatios,kp1,14.331814598205613,27,256,1.4482961332980369,1.1819800769393805
powerRatios,kp1,14.331814598205613,27,256,1.4728665135264858,1.1921386506760638
powerRatios,kp1,14.331814598205613,27,256,1.4974944160481687,1.2004269989212346
powerRatios,kp1,14.331814598205613,27,256,1.5220746011321264,1.2083001267541191
powerRatios,kp1,14.331814598205613,27,256,1.5463934411415703,1.2208308881744934
powerRatios,kp1,14.331814598205613,27,256,1.5707513346510054,1.225643017941892
powerRatios,kp1,14.331814598205613,27,256,1.5955213151096161,1.2332709480147102
powerRatios,kp1,14.331814598205613,27,256,1.6201926934712723,1.2429565337706423
powerRatios,kp1,14.331814598205613,27,256,1.6447426353275962,1.2531357582980636
powerRatios,kp1,14.331814598205613,27,256,1.6692521022001021,1.2592292747993612
powerRatios,kp1,14.331814598205613,27,256,1.6938323170631577,1.2672594109988324
powerRatios,kp1,14.331814598205613,27,256,1.718429203998171,1.2776017449117232
powerRatios,kp1,14.331814598205613,27,256,1.742766194611624,1.2841299737018876
powerRatios,kp1,14.331814598205613,27,256,1.767259942282522,1.293932092512504
powerRatios,kp1,14.331814598205613,27,256,1.791856165685507,1.295233227377596
powerRatios,kp1,14.331814598205613,27,256,1.8165052119050797,1.3044379151736927
powerRatios,kp1,14.331814598205613,27,256,1.84106948650222,1.3145579930462687
powerRatios,kp1,14.331814598205613,27,256,1.8655473365324868,1.3202508014785184
powerRatios,kp1,14.331814598205613,27,256,1.8901597802312908,1.3274455626712556
powerRatios,kp1,14.331814598205613,27,256,1.9146480540447401,1.3313419510819764
powerRatios,kp1,14.331814598205613,27,256,1.939059763715855,1.3401807952234779
powerRatios,kp1,14.331814598205613,27,256,1.9635386553798613,1.3443440527825188
powerRatios,kp1,14.331814598205613,27,256,1.9881418995995372,1.3528637241527568
powerRatios,kp1,14.331814598205613,27,256,2.012791865355253,1.3588605054174194
powerRatios,kp1,14.331814598205613,27,256,2.0373677965526436,1.3688715825557853
powerRatios,kp1,14.331814598205613,27,256,2.061830564445913,1.3671493930887084
powerRatios,kp1,14.331814598205613,27,256,2.086390694548735,1.3784491687185365
powerRatios,kp1,14.331814598205613,27,256,2.1110563056819687,1.383370051261668
powerRatios,kp1,14.331814598205613,27,256,2.135537792991106,1.3929993590829657
powerRatios,kp1,14.331814598205613,27,256,2.159998138153035,1.3899718831198955
powerRatios,kp1,14.331814598205613,27,256,2.1845468792357265,1.3989309543342774
powerRatios,kp1,14.331814598205613,27,256,2.209197537182775,1.407477478961794
powerRatios,kp1,14.331814598205613,27,256,2.233806633592115,1.4096223100720389
powerRatios,kp1,14.331814598205613,27,256,2.2582915083645076,1.4159233851542294
powerRatios,kp1,14.331814598205613,27,256,2.2828338607082084,1.4186023875890537
powerRatios,kp1,14.331814598205613,27,256,2.3073017772048177,1.4242516805819203
powerRatios,kp1,14.331814598205613,27,256,2.331703110949515,1.4264881587465916
powerRatios,kp1,14.331814598205613,27,256,2.3561360982141064,1.4338423711568622
powerRatios,kp1,14.331814598205613,27,256,2.380737492036452,1.438941055211717
powerRatios,kp1,14.331814598205613,27,256,2.4055149512632847,1.4428117393672204
powerRatios,kp1,14.331814598205613,27,256,2.4300869274031247,1.4462673583795191
powerRatios,kp1,14.331814598205613,27,256,2.4545548306603284,1.4520807510910896
powerRatios,kp1,14.331814598205613,27,256,2.4790865069574943,1.458372535132112
powerRatios,kp1,14.331814598205613,27,256,2.5036704305305424,1.4613258168198335
powerRatios,kp1,14.331814598205613,27,256,2.528270183716259,1.4632613834404893
powerRatios,kp1,14.331814598205613,27,256,2.552643460276946,1.4691099353120092
powerRatios,kp1,14.331814598205613,27,256,2.577201892589191,1.4740185932973735
powerRatios,kp1,14.331814598205613,27,256,2.6018560165083144,1.476610981075754
powerRatios,kp1,14.331814598205613,27,256,2.6263288098649222,1.4802863194837277
powerRatios,kp1,14.331814598205613,27,256,2.6508121830306464,1.484650294346817
powerRatios,kp1,14.331814598205613,27,256,2.675443482089977,1.4915321808488633
powerRatios,kp1,14.331814598205613,27,256,2.7000979583903626,1.4907351364509906
powerRatios,kp1,14.331814598205613,27,256,2.724496195195882,1.4933911265184752
powerRatios,kp1,14.331814598205613,27,256,2.748948188579295,1.5034586430384573
powerRatios,kp1,14.331814598205613,27,256,2.773522549605598,1.5067825827070642
powerRatios,kp1,14.331814598205613,27,256,2.798144761883231,1.5062990667297194
powerRatios,kp1,14.331814598205613,27,256,2.8226598585414346,1.5068907716976843
powerRatios,kp1,14.331814598205613,27,256,2.847154872351462,1.5142753910633437
powerRatios,kp1,14.331814598205613,27,256,2.871827835114871,1.524584692339452
powerRatios,kp1,14.331814598205613,27,256,2.8963613024431614,1.5215241311756316
powerRatios,kp1,14.331814598205613,27,256,2.9207438511347443,1.5278389201090985
powerRatios,kp1,14.331814598205613,27,256,2.94526757839102,1.5307533417912291
powerRatios,kp1,14.331814598205613,27,256,2.9698884956599376,1.5402401544924365
powerRatios,kp1,14.331814598205613,27,256,2.994489139563538,1.5427654394132464
powerRatios,kp1,14.331814598205613,27,256,3.0190382599860044,1.549106548928329
powerRatios,kp1,14.331814598205613,27,256,3.0435523062452345,1.5465797065364038
powerRatios,kp1,14.331814598205613,27,256,3.068170188883887,1.5509537662479524
powerRatios,kp1,14.331814598205613,27,256,3.0927380933296216,1.5555993197845503
powerRatios,kp1,14.331814598205613,27,256,3.1171641214553856,1.5600326663822648
powerRatios,kp1,10.51901923231075,30,256,0.0313212461565073,0.9996438927015123
powerRatios,kp1,10.51901923231075,30,256,0.054752145345661356,0.9995905134663581
powerRatios,kp1,10.51901923231075,30,256,0.07692383885216451,0.9995837157119608
powerRatios,kp1,10.51901923231075,30,256,0.09966162230830337,0.9995652013845195
powerRatios,kp1,10.51901923231075,30,256,0.12511351331450943,0.9995845101903024
powerRatios,kp1,10.51901923231075,30,256,0.15025472412609966,0.9995329335642851
powerRatios,kp1,10.51901923231075,30,256,0.17356669305616573,0.9995939448379346
powerRatios,kp1,10.51901923231075,30,256,0.1969650561149323,0.9994549495167585
powerRatios,kp1,10.51901923231075,30,256,0.2223017820571719,0.9995087725777004
powerRatios,kp1,10.51901923231075,30,256,0.24772821384680524,0.9993239619079879
powerRatios,kp1,10.51901923231075,30,256,0.2714838997836198,0.9993510446779827
powerRatios,kp1,10.51901923231075,30,256,0.2952393892533773,0.999396565362572
powerRatios,kp1,10.51901923231075,30,256,0.32016672397367135,0.9992284865466275
powerRatios,kp1,10.51901923231075,30,256,0.34493070130200054,0.9992390153397449
powerRatios,kp1,10.51901923231075,30,256,0.3685629107918764,0.9993432179520628
powerRatios,kp1,10.51901923231075,30,256,0.39281248333983404,0.9992123027069645
powerRatios,kp1,10.51901923231075,30,256,0.41802270733219404,0.9988008572694751
powerRatios,kp1,10.51901923231075,30,256,0.4430752669658697,0.9992590314746428
powerRatios,kp1,10.51901923231075,30,256,0.46722214928169786,0.9990619448424238
powerRatios,kp1,10.51901923231075,30,256,0.4913294881940436,0.9989579382384886
powerRatios,kp1,10.51901923231075,30,256,0.5162067686956312,0.9983152574150009
powerRatios,kp1,10.51901923231075,30,256,0.5408446463692522,0.9988036733688606
powerRatios,kp1,10.51901923231075,30,256,0.5650376114965061,0.9983648823575941
powerRatios,kp1,10.51901923231075,30,256,0.5892711066164427,0.9984242027406041
powerRatios,kp1,10.51901923231075,30,256,0.6139562317597167,0.998395861891746
powerRatios,kp1,10.51901923231075,30,256,0.6388346508015916,0.9981476524150515
powerRatios,kp1,10.51901923231075,30,256,0.663380853616023,0.9984486743347205
powerRatios,kp1,10.51901923231075,30,256,0.687895456095786,0.9982513597948339
powerRatios,kp1,10.51901923231075,30,256,0.7124989295569584,0.997637239164864
powerRatios,kp1,10.51901923231075,30,256,0.736916296464924,0.9973619742381312
powerRatios,kp1,10.51901923231075,30,256,0.7613594367769183,0.9973475793467584
powerRatios,kp1,10.51901923231075,30,256,0.7857124662472791,0.9975278127445191
powerRatios,kp1,10.51901923231075,30,256,0.810137747986822,0.9968394071752996
powerRatios,kp1,10.51901923231075,30,256,0.834917120504456,0.9971596222122062
powerRatios,kp1,10.51901923231075,30,256,0.8595036589073478,0.9972122219585186
powerRatios,kp1,10.51901923231075,30,256,0.8839565785490576,0.9964134101164746
powerRatios,kp1,10.51901923231075,30,256,0.9085873013365826,0.9974208630537496
powerRatios,kp1,10.51901923231075,30,256,0.93315996057299,0.9972688000616844
powerRatios,kp1,10.51901923231075,30,256,0.957506690409634,0.9972163098969824
powerRatios,kp1,10.51901923231075,30,256,0.9819279850991849,0.997796710513295
powerRatios,kp1,10.51901923231075,30,256,1.0066674312761883,1.0018495921143291
powerRatios,kp1,10.51901923231075,30,256,1.0313291082710536,1.0119703331398164
powerRatios,kp1,10.51901923231075,30,256,1.0558188182967405,1.0227897985263825
powerRatios,kp1,10.51901923231075,30,256,1.0803177204141923,1.0318060373689215
powerRatios,kp1,10.51901923231075,30,256,1.1049596638350512,1.042497075910132
powerRatios,kp1,10.51901923231075,30,256,1.129486121097224,1.0537852208642764
powerRatios,kp1,10.51901923231075,30,256,1.1537192393504785,1.0634054842917349
powerRatios,kp1,10.51901923231075,30,256,1.1781536455689063,1.07371839319992
powerRatios,kp1,10.51901923231075,30,256,1.2028829334540618,1.085168194751883
powerRatios,kp1,10.51901923231075,30,256,1.2276398813718887,1.093597895450796
powerRatios,kp1,10.51901923231075,30,256,1.2521331122112618,1.1055756802219017
powerRatios,kp1,10.51901923231075,30,256,1.2766116197584787,1.114883635446462
powerRatios,kp1,10.51901923231075,30,256,1.3012639361718907,1.1258323481937489
powerRatios,kp1,10.51901923231075,30,256,1.3257985065897926,1.1359483026132788
powerRatios,kp1,10.51901923231075,30,256,1.3501519987288393,1.1458156547346023
powerRatios,kp1,10.51901923231075,30,256,1.3745334244052962,1.1552155762053744
powerRatios,kp1,10.51901923231075,30,256,1.3992303251151714,1.1645932309500246
powerRatios,kp1,10.51901923231075,30,256,1.4238732114992796,1.174455302270754
powerRatios,kp1,10.51901923231075,30,256,1.4482961332980369,1.1846206793967884
powerRatios,kp1,10.51901923231075,30,256,1.4728665135264858,1.1937909414706223
powerRatios,kp1,10.51901923231075,30,256,1.4974944160481687,1.2039738400954383
powerRatios,kp1,10.51901923231075,30,256,1.5220746011321264,1.2144546146568047
powerRatios,kp1,10.51901923231075,30,256,1.5463934411415703,1.2230421239071096
powerRatios,kp1,10.51901923231075,30,256,1.5707513346510054,1.232669794463697
powerRatios,kp1,10.51901923231075,30,256,1.5955213151096161,1.241591844405541
powerRatios,kp1,10.51901923231075,30,256,1.6201926934712723,1.2525085832009242
powerRatios,kp1,10.51901923231075,30,256,1.6447426353275962,1.2605983140111623
powerRatios,kp1,10.51901923231075,30,256,1.6692521022001021,1.2691497967839964
powerRatios,kp1,10.51901923231075,30,256,1.6938323170631577,1.2794435560568183
powerRatios,kp1,10.51901923231075,30,256,1.718429203998171,1.2885392625733916
powerRatios,kp1,10.51901923231075,30,256,1.742766194611624,1.2960373465272068
powerRatios,kp1,10.51901923231075,30,256,1.767259942282522,1.3046112850205396
powerRatios,kp1,10.51901923231075,30,256,1.791856165685507,1.3155770247646623
powerRatios,kp1,10.51901923231075,30,256,1.8165052119050797,1.3232750393794603
powerRatios,kp1,10.51901923231075,30,256,1.84106948650222,1.3314993245558713
powerRatios,kp1,10.51901923231075,30,256,1.8655473365324868,1.3398318090135015
powerRatios,kp1,10.51901923231075,30,256,1.8901597802312908,1.3496545681366192
powerRatios,kp1,10.51901923231075,30,256,1.9146480540447401,1.355135190483908
powerRatios,kp1,10.51901923231075,30,256,1.939059763715855,1.3656522176604142
powerRatios,kp1,10.51901923231075,30,256,1.9635386553798613,1.3744753921312456
powerRatios,kp1,10.51901923231075,30,256,1.9881418995995372,1.3803110341304168
powerRatios,kp1,10.51901923231075,30,256,2.012791865355253,1.3894347215061413
powerRatios,kp1,10.51901923231075,30,256,2.0373677965526436,1.399474289582683
powerRatios,kp1,10.51901923231075,30,256,2.061830564445913,1.405900596876477
powerRatios,kp1,10.51901923231075,30,256,2.086390694548735,1.413276661942084
powerRatios,kp1,10.51901923231075,30,256,2.1110563056819687,1.4222791721615322
powerRatios,kp1,10.51901923231075,30,256,2.135537792991106,1.4291885502715425
powerRatios,kp1,10.51901923231075,30,256,2.159998138153035,1.4399061844489585
powerRatios,kp1,10.51901923231075,30,256,2.1845468792357265,1.447715268428893
powerRatios,kp1,10.51901923231075,30,256,2.209197537182775,1.454762414670885
powerRatios,kp1,10.51901923231075,30,256,2.233806633592115,1.4630218514123416
powerRatios,kp1,10.51901923231075,30,256,2.2582915083645076,1.470565187627194
powerRatios,kp1,10.51901923231075,30,256,2.2828338607082084,1.4749688255090359
powerRatios,kp1,10.51901923231075,30,256,2.3073017772048177,1.484085935172391
powerRatios,kp1,10.51901923231075,30,256,2.331703110949515,1.4958572982080638
powerRatios,kp1,10.51901923231075,30,256,2.3561360982141064,1.4992517327602872
powerRatios,kp1,10.51901923231075,30,256,2.380737492036452,1.509272578666762
powerRatios,kp1,10.51901923231075,30,256,2.4055149512632847,1.5127009961891684
powerRatios,kp1,10.51901923231075,30,256,2.4300869274031247,1.5196286072498326
powerRatios,kp1,10.51901923231075,30,256,2.4545548306603284,1.5279943687594804
powerRatios,kp1,10.51901923231075,30,256,2.4790865069574943,1.5351823545227943
powerRatios,kp1,10.51901923231075,30,256,2.5036704305305424,1.541492514693641
powerRatios,kp1,10.51901923231075,30,256,2.528270183716259,1.5491074876532163
powerRatios,kp1,10.51901923231075,30,256,2.552643460276946,1.5560804265502024
powerRatios,kp1,10.51901923231075,30,256,2.577201892589191,1.5611584200156008
powerRatios,kp1,10.51901923231075,30,256,2.6018560165083144,1.5701581294556601
powerRatios,kp1,10.51901923231075,30,256,2.6263288098649222,1.5772509424565822
powerRatios,kp1,10.51901923231075,30,256,2.6508121830306464,1.5851576940672654
powerRatios,kp1,10.51901923231075,30,256,2.675443482089977,1.590966091240791
powerRatios,kp1,10.51901923231075,30,256,2.7000979583903626,1.5958445907575955
powerRatios,kp1,10.51901923231075,30,256,2.724496195195882,1.6040785419441146
powerRatios,kp1,10.51901923231075,30,256,2.748948188579295,1.6069393533625007
powerRatios,kp1,10.51901923231075,30,256,2.773522549605598,1.6152960785942971
powerRatios,kp1,10.51901923231075,30,256,2.798144761883231,1.6193570063846114
powerRatios,kp1,10.51901923231075,30,256,2.8226598585414346,1.6322772593163182
powerRatios,kp1,10.51901923231075,30,256,2.847154872351462,1.6341953627714003
powerRatios,kp1,10.51901923231075,30,256,2.871827835114871,1.6412599616271772
powerRatios,kp1,10.51901923231075,30,256,2.8963613024431614,1.6492508420008107
powerRatios,kp1,10.51901923231075,30,256,2.9207438511347443,1.6511388394133386
powerRatios,kp1,10.51901923231075,30,256,2.94526757839102,1.659086929260112
powerRatios,kp1,10.51901923231075,30,256,2.9698884956599376,1.6660223535956311
powerRatios,kp1,10.51901923231075,30,256,2.994489139563538,1.667885781685679
powerRatios,kp1,10.51901923231075,30,256,3.0190382599860044,1.6808028559073274
powerRatios,kp1,10.51901923231075,30,256,3.0435523062452345,1.686261285840215
powerRatios,kp1,10.51901923231075,30,256,3.068170188883887,1.69067860483518
powerRatios,kp1,10.51901923231075,30,256,3.0927380933296216,1.6911238495859338
powerRatios,kp1,10.51901923231075,30,256,3.1171641214553856,1.6927136855719556
powerRatios,kp1,2.0333177828202462,44,256,0.0313212461565073,0.9996720059627704
powerRatios,kp1,2.0333177828202462,44,256,0.054752145345661356,0.999607404271555
powerRatios,kp1,2.0333177828202462,44,256,0.07692383885216451,0.9994930381048196
powerRatios,kp1,2.0333177828202462,44,256,0.09966162230830337,0.9993901956629438
powerRatios,kp1,2.0333177828202462,44,256,0.12511351331450943,0.9992381908916765
powerRatios,kp1,2.0333177828202462,44,256,0.15025472412609966,0.9990771533806048
powerRatios,kp1,2.0333177828202462,44,256,0.17356669305616573,0.9988848978089464
powerRatios,kp1,2.0333177828202462,44,256,0.1969650561149323,0.9986629941753338
powerRatios,kp1,2.0333177828202462,44,256,0.2223017820571719,0.9984094218765275
powerRatios,kp1,2.0333177828202462,44,256,0.24772821384680524,0.9981082360806962
powerRatios,kp1,2.0333177828202462,44,256,0.2714838997836198,0.9977291008281257
powerRatios,kp1,2.0333177828202462,44,256,0.2952393892533773,0.997451429030384
powerRatios,kp1,2.0333177828202462,44,256,0.32016672397367135,0.9970765386275391
powerRatios,kp1,2.0333177828202462,44,256,0.34493070130200054,0.996773889958126
powerRatios,kp1,2.0333177828202462,44,256,0.3685629107918764,0.9964473076547702
powerRatios,kp1,2.0333177828202462,44,256,0.39281248333983404,0.9959841191707758
powerRatios,kp1,2.0333177828202462,44,256,0.41802270733219404,0.9955422241574985
powerRatios,kp1,2.0333177828202462,44,256,0.4430752669658697,0.9951185883869601
powerRatios,kp1,2.0333177828202462,44,256,0.46722214928169786,0.994579221514252
powerRatios,kp1,2.0333177828202462,44,256,0.4913294881940436,0.9940621298803939
powerRatios,kp1,2.0333177828202462,44,256,0.5162067686956312,0.9937176205895356
powerRatios,kp1,2.0333177828202462,44,256,0.5408446463692522,0.99309821780486
powerRatios,kp1,2.0333177828202462,44,256,0.5650376114965061,0.992490992697982
powerRatios,kp1,2.0333177828202462,44,256,0.5892711066164427,0.9920728311383411
powerRatios,kp1,2.0333177828202462,44,256,0.6139562317597167,0.991552255491127
powerRatios,kp1,2.0333177828202462,44,256,0.6388346508015916,0.9908939785420179
powerRatios,kp1,2.0333177828202462,44,256,0.663380853616023,0.9905205040022615
powerRatios,kp1,2.0333177828202462,44,256,0.687895456095786,0.9897912214858386
powerRatios,kp1,2.0333177828202462,44,256,0.7124989295569584,0.989170417447887
powerRatios,kp1,2.0333177828202462,44,256,0.736916296464924,0.9886215665371231
powerRatios,kp1,2.0333177828202462,44,256,0.7613594367769183,0.9880904636417202
powerRatios,kp1,2.0333177828202462,44,256,0.7857124662472791,0.9881781014635693
powerRatios,kp1,2.0333177828202462,44,256,0.810137747986822,0.9877418996238592
powerRatios,kp1,2.0333177828202462,44,256,0.834917120504456,0.9872706635990064
powerRatios,kp1,2.0333177828202462,44,256,0.8595036589073478,0.9876704447878192
powerRatios,kp1,2.0333177828202462,44,256,0.8839565785490576,0.9873256992754057
powerRatios,kp1,2.0333177828202462,44,256,0.9085873013365826,0.9874842008234079
powerRatios,kp1,2.0333177828202462,44,256,0.93315996057299,0.9876559849622798
powerRatios,kp1,2.0333177828202462,44,256,0.957506690409634,0.988583317529609
powerRatios,kp1,2.0333177828202462,44,256,0.9819279850991849,0.9888220293419495
powerRatios,kp1,2.0333177828202462,44,256,1.0066674312761883,0.9897342904027436
powerRatios,kp1,2.0333177828202462,44,256,1.0313291082710536,0.9908508592798557
powerRatios,kp1,2.0333177828202462,44,256,1.0558188182967405,0.9914785902163077
powerRatios,kp1,2.0333177828202462,44,256,1.0803177204141923,0.9925989719937255
powerRatios,kp1,2.0333177828202462,44,256,1.1049596638350512,0.9946675455619868
powerRatios,kp1,2.0333177828202462,44,256,1.129486121097224,0.9959005198215972
powerRatios,kp1,2.0333177828202462,44,256,1.1537192393504785,0.9966629458122295
powerRatios,kp1,2.0333177828202462,44,256,1.1781536455689063,0.9982272207958812
powerRatios,kp1,2.0333177828202462,44,256,1.2028829334540618,0.9994747380500638
powerRatios,kp1,2.0333177828202462,44,256,1.2276398813718887,1.0008032042457677
powerRatios,kp1,2.0333177828202462,44,256,1.2521331122112618,1.0026520526722686
powerRatios,kp1,2.0333177828202462,44,256,1.2766116197584787,1.0041492700568386
powerRatios,kp1,2.0333177828202462,44,256,1.3012639361718907,1.0047926120420079
powerRatios,kp1,2.0333177828202462,44,256,1.3257985065897926,1.0071022408597918
powerRatios,kp1,2.0333177828202462,44,256,1.3501519987288393,1.0084279397171851
powerRatios,kp1,2.0333177828202462,44,256,1.3745334244052962,1.0091966362678815
powerRatios,kp1,2.0333177828202462,44,256,1.3992303251151714,1.0102269291409824
powerRatios,kp1,2.0333177828202462,44,256,1.4238732114992796,1.0120178952770607
powerRatios,kp1,2.0333177828202462,44,256,1.4482961332980369,1.0125189572483142
powerRatios,kp1,2.0333177828202462,44,256,1.4728665135264858,1.0145875750491928
powerRatios,kp1,2.0333177828202462,44,256,1.4974944160481687,1.0152445571248392
powerRatios,kp1,2.0333177828202462,44,256,1.5220746011321264,1.015948109399606
powerRatios,kp1,2.0333177828202462,44,256,1.5463934411415703,1.0182730581476112
powerRatios,kp1,2.0333177828202462,44,256,1.5707513346510054,1.0187474739719569
powerRatios,kp1,2.0333177828202462,44,256,1.5955213151096161,1.019248318065775
powerRatios,kp1,2.0333177828202462,44,256,1.6201926934712723,1.0213267452479429
powerRatios,kp1,2.0333177828202462,44,256,1.6447426353275962,1.021971359857917
powerRatios,kp1,2.0333177828202462,44,256,1.6692521022001021,1.023179831657908
powerRatios,kp1,2.0333177828202462,44,256,1.6938323170631577,1.0240140469316288
powerRatios,kp1,2.0333177828202462,44,256,1.718429203998171,1.0254171467088606
powerRatios,kp1,2.0333177828202462,44,256,1.742766194611624,1.02698425686133
powerRatios,kp1,2.0333177828202462,44,256,1.767259942282522,1.0272466744137183
powerRatios,kp1,2.0333177828202462,44,256,1.791856165685507,1.0294134125641115
powerRatios,kp1,2.0333177828202462,44,256,1.8165052119050797,1.0296243069079811
powerRatios,kp1,2.0333177828202462,44,256,1.84106948650222,1.030630878705421
powerRatios,kp1,2.0333177828202462,44,256,1.8655473365324868,1.0313051994482023
powerRatios,kp1,2.0333177828202462,44,256,1.8901597802312908,1.0332243532852359
powerRatios,kp1,2.0333177828202462,44,256,1.9146480540447401,1.0331463423037424
powerRatios,kp1,2.0333177828202462,44,256,1.939059763715855,1.0342469977938946
powerRatios,kp1,2.0333177828202462,44,256,1.9635386553798613,1.035511718372968
powerRatios,kp1,2.0333177828202462,44,256,1.9881418995995372,1.036315336374337
powerRatios,kp1,2.0333177828202462,44,256,2.012791865355253,1.0369831404143168
powerRatios,kp1,2.0333177828202462,44,256,2.0373677965526436,1.0382105953567118
powerRatios,kp1,2.0333177828202462,44,256,2.061830564445913,1.0386514967790552
powerRatios,kp1,2.0333177828202462,44,256,2.086390694548735,1.0393896725250908
powerRatios,kp1,2.0333177828202462,44,256,2.1110563056819687,1.0403192480270926
powerRatios,kp1,2.0333177828202462,44,256,2.135537792991106,1.0419446116468414
powerRatios,kp1,2.0333177828202462,44,256,2.159998138153035,1.0431535746772933
powerRatios,kp1,2.0333177828202462,44,256,2.1845468792357265,1.043973082860536
powerRatios,kp1,2.0333177828202462,44,256,2.209197537182775,1.0433795211382244
powerRatios,kp1,2.0333177828202462,44,256,2.233806633592115,1.0457099060982031
powerRatios,kp1,2.0333177828202462,44,256,2.2582915083645076,1.0456908777712914
powerRatios,kp1,2.0333177828202462,44,256,2.2828338607082084,1.046736170101047
powerRatios,kp1,2.0333177828202462,44,256,2.3073017772048177,1.0475237176835075
powerRatios,kp1,2.0333177828202462,44,256,2.331703110949515,1.0483110811549883
powerRatios,kp1,2.0333177828202462,44,256,2.3561360982141064,1.0485244206422275
powerRatios,kp1,2.0333177828202462,44,256,2.380737492036452,1.0502340693003165
powerRatios,kp1,2.0333177828202462,44,256,2.4055149512632847,1.0515220312442093
powerRatios,kp1,2.0333177828202462,44,256,2.4300869274031247,1.0516456660252749
powerRatios,kp1,2.0333177828202462,44,256,2.4545548306603284,1.0534128089332297
powerRatios,kp1,2.0333177828202462,44,256,2.4790865069574943,1.053169385408068
powerRatios,kp1,2.0333177828202462,44,256,2.5036704305305424,1.0541090864735327
powerRatios,kp1,2.0333177828202462,44,256,2.528270183716259,1.0552511080896703
powerRatios,kp1,2.0333177828202462,44,256,2.552643460276946,1.0554508291328446
powerRatios,kp1,2.0333177828202462,44,256,2.577201892589191,1.056741801675232
powerRatios,kp1,2.0333177828202462,44,256,2.6018560165083144,1.0564773060296986
powerRatios,kp1,2.0333177828202462,44,256,2.6263288098649222,1.0575369854297403
powerRatios,kp1,2.0333177828202462,44,256,2.6508121830306464,1.0586978532774078
powerRatios,kp1,2.0333177828202462,44,256,2.675443482089977,1.0588376011461562
powerRatios,kp1,2.0333177828202462,44,256,2.7000979583903626,1.0597795811161113
powerRatios,kp1,2.0333177828202462,44,256,2.724496195195882,1.0601333896816807
powerRatios,kp1,2.0333177828202462,44,256,2.748948188579295,1.061505279232085
powerRatios,kp1,2.0333177828202462,44,256,2.773522549605598,1.0628662674550295
powerRatios,kp1,2.0333177828202462,44,256,2.798144761883231,1.0629446133510099
powerRatios,kp1,2.0333177828202462,44,256,2.8226598585414346,1.0644356899553193
powerRatios,kp1,2.0333177828202462,44,256,2.847154872351462,1.0650426600240717
powerRatios,kp1,2.0333177828202462,44,256,2.871827835114871,1.0650505872099594
powerRatios,kp1,2.0333177828202462,44,256,2.8963613024431614,1.065323810581235
powerRatios,kp1,2.0333177828202462,44,256,2.9207438511347443,1.0678836896077797
powerRatios,kp1,2.0333177828202462,44,256,2.94526757839102,1.0669536552350953
powerRatios,kp1,2.0333177828202462,44,256,2.9698884956599376,1.0679165898180536
powerRatios,kp1,2.0333177828202462,44,256,2.994489139563538,1.0692252010898813
powerRatios,kp1,2.0333177828202462,44,256,3.0190382599860044,1.070436027538323
powerRatios,kp1,2.0333177828202462,44,256,3.0435523062452345,1.0707019175822214
powerRatios,kp1,2.0333177828202462,44,256,3.068170188883887,1.0715790850496376
powerRatios,kp1,2.0333177828202462,44,256,3.0927380933296216,1.072005840937851
powerRatios,kp1,2.0333177828202462,44,256,3.1171641214553856,1.0728497348357124
powerRatios,kp10,19.40664523021168,24,256,0.0313212461565073,0.9999990267397585
powerRatios,kp10,19.40664523021168,24,256,0.054752145345661356,0.9999914275281278
powerRatios,kp10,19.40664523021168,24,256,0.07692383885216451,0.9999916888758352
powerRatios,kp10,19.40664523021168,24,256,0.09966162230830337,0.9999893464650826
powerRatios,kp10,19.40664523021168,24,256,0.12511351331450943,0.9999953800203019
powerRatios,kp10,19.40664523021168,24,256,0.15025472412609966,1.0000018619930835
powerRatios,kp10,19.40664523021168,24,256,0.17356669305616573,1.0000039405132704
powerRatios,kp10,19.40664523021168,24,256,0.1969650561149323,0.999999103128646
powerRatios,kp10,19.40664523021168,24,256,0.2223017820571719,1.0000085926770677
powerRatios,kp10,19.40664523021168,24,256,0.24772821384680524,1.0000076397632556
powerRatios,kp10,19.40664523021168,24,256,0.2714838997836198,1.0000081157720404
powerRatios,kp10,19.40664523021168,24,256,0.2952393892533773,1.0000254492153662
powerRatios,kp10,19.40664523021168,24,256,0.32016672397367135,1.0000272261162346
powerRatios,kp10,19.40664523021168,24,256,0.34493070130200054,1.0000151261795567
powerRatios,kp10,19.40664523021168,24,256,0.3685629107918764,1.0000075697727149
powerRatios,kp10,19.40664523021168,24,256,0.39281248333983404,1.0000180904538556
powerRatios,kp10,19.40664523021168,24,256,0.41802270733219404,1.0000125236687454
powerRatios,kp10,19.40664523021168,24,256,0.4430752669658697,1.0000006316536756
powerRatios,kp10,19.40664523021168,24,256,0.46722214928169786,0.9999885323211628
powerRatios,kp10,19.40664523021168,24,256,0.4913294881940436,0.9999735206158858
powerRatios,kp10,19.40664523021168,24,256,0.5162067686956312,1.0000106144958414
powerRatios,kp10,19.40664523021168,24,256,0.5408446463692522,0.9999624028426759
powerRatios,kp10,19.40664523021168,24,256,0.5650376114965061,1.0000080535052176
powerRatios,kp10,19.40664523021168,24,256,0.5892711066164427,0.9999945183083183
powerRatios,kp10,19.40664523021168,24,256,0.6139562317597167,0.9999903141683513
powerRatios,kp10,19.40664523021168,24,256,0.6388346508015916,0.9999573004415504
powerRatios,kp10,19.40664523021168,24,256,0.663380853616023,0.999980445825893
powerRatios,kp10,19.40664523021168,24,256,0.687895456095786,0.999999277504011
powerRatios,kp10,19.40664523021168,24,256,0.7124989295569584,0.9999770861378036
powerRatios,kp10,19.40664523021168,24,256,0.736916296464924,0.9999532594720782
powerRatios,kp10,19.40664523021168,24,256,0.7613594367769183,0.9999467705740461
powerRatios,kp10,19.40664523021168,24,256,0.7857124662472791,0.9999728244907614
powerRatios,kp10,19.40664523021168,24,256,0.810137747986822,0.9999700682386791
powerRatios,kp10,19.40664523021168,24,256,0.834917120504456,0.9999818019582506
powerRatios,kp10,19.40664523021168,24,256,0.8595036589073478,0.9999565948513227
powerRatios,kp10,19.40664523021168,24,256,0.8839565785490576,0.9999150032927877
powerRatios,kp10,19.40664523021168,24,256,0.9085873013365826,0.9999232979584545
powerRatios,kp10,19.40664523021168,24,256,0.93315996057299,0.9999091953585116
powerRatios,kp10,19.40664523021168,24,256,0.957506690409634,0.9999162423480433
powerRatios,kp10,19.40664523021168,24,256,0.9819279850991849,0.9999185045423551
powerRatios,kp10,19.40664523021168,24,256,1.0066674312761883,0.9999028755150419
powerRatios,kp10,19.40664523021168,24,256,1.0313291082710536,0.9999145137828731
powerRatios,kp10,19.40664523021168,24,256,1.0558188182967405,0.9999344560750085
powerRatios,kp10,19.40664523021168,24,256,1.0803177204141923,0.9999021536937399
powerRatios,kp10,19.40664523021168,24,256,1.1049596638350512,0.9998855209396439
powerRatios,kp10,19.40664523021168,24,256,1.129486121097224,0.9998575187141664
powerRatios,kp10,19.40664523021168,24,256,1.1537192393504785,0.9997800382159282
powerRatios,kp10,19.40664523021168,24,256,1.1781536455689063,0.9998216358591696
powerRatios,kp10,19.40664523021168,24,256,1.2028829334540618,0.9998477102536415
powerRatios,kp10,19.40664523021168,24,256,1.2276398813718887,0.9998106725178322
powerRatios,kp10,19.40664523021168,24,256,1.2521331122112618,0.9998042401840886
powerRatios,kp10,19.40664523021168,24,256,1.2766116197584787,0.9997991896631205
powerRatios,kp10,19.40664523021168,24,256,1.3012639361718907,0.9997836993303332
powerRatios,kp10,19.40664523021168,24,256,1.3257985065897926,0.9998219869299971
powerRatios,kp10,19.40664523021168,24,256,1.3501519987288393,0.999763446812681
powerRatios,kp10,19.40664523021168,24,256,1.3745334244052962,0.9996975026248109
powerRatios,kp10,19.40664523021168,24,256,1.3992303251151714,0.9997946206690682
powerRatios,kp10,19.40664523021168,24,256,1.4238732114992796,0.9997400989775268
powerRatios,kp10,19.40664523021168,24,256,1.4482961332980369,0.9997029921941737
powerRatios,kp10,19.40664523021168,24,256,1.4728665135264858,0.9997020550804899
powerRatios,kp10,19.40664523021168,24,256,1.4974944160481687,0.999705633937922
powerRatios,kp10,19.40664523021168,24,256,1.5220746011321264,0.9997214456623941
powerRatios,kp10,19.40664523021168,24,256,1.5463934411415703,0.999581247650982
powerRatios,kp10,19.40664523021168,24,256,1.5707513346510054,0.9996315680602271
powerRatios,kp10,19.40664523021168,24,256,1.5955213151096161,0.9996199377249669
powerRatios,kp10,19.40664523021168,24,256,1.6201926934712723,0.9995903764985661
powerRatios,kp10,19.40664523021168,24,256,1.6447426353275962,0.999557324861776
powerRatios,kp10,19.40664523021168,24,256,1.6692521022001021,0.9995115552956128
powerRatios,kp10,19.40664523021168,24,256,1.6938323170631577,0.9995679980837899
powerRatios,kp10,19.40664523021168,24,256,1.718429203998171,0.9996022306849459
powerRatios,kp10,19.40664523021168,24,256,1.742766194611624,0.9994686410542474
powerRatios,kp10,19.40664523021168,24,256,1.767259942282522,0.9995388425573919
powerRatios,kp10,19.40664523021168,24,256,1.791856165685507,0.9994824916852791
powerRatios,kp10,19.40664523021168,24,256,1.8165052119050797,0.9994947466853037
powerRatios,kp10,19.40664523021168,24,256,1.84106948650222,0.9993987808225542
powerRatios,kp10,19.40664523021168,24,256,1.8655473365324868,0.9994505983947884
powerRatios,kp10,19.40664523021168,24,256,1.8901597802312908,0.9994090447158026
powerRatios,kp10,19.40664523021168,24,256,1.9146480540447401,0.9993801172602339
powerRatios,kp10,19.40664523021168,24,256,1.939059763715855,0.9994677226405392
powerRatios,kp10,19.40664523021168,24,256,1.9635386553798613,0.9993340853338654
powerRatios,kp10,19.40664523021168,24,256,1.9881418995995372,0.9993916906271267
powerRatios,kp10,19.40664523021168,24,256,2.012791865355253,0.9993489462931844
powerRatios,kp10,19.40664523021168,24,256,2.0373677965526436,0.9993540149820026
powerRatios,kp10,19.40664523021168,24,256,2.061830564445913,0.9993510980771851
powerRatios,kp10,19.40664523021168,24,256,2.086390694548735,0.9991621094921646
powerRatios,kp10,19.40664523021168,24,256,2.1110563056819687,0.9991854441571638
powerRatios,kp10,19.40664523021168,24,256,2.135537792991106,0.9991916692310266
powerRatios,kp10,19.40664523021168,24,256,2.159998138153035,0.9991084777415039
powerRatios,kp10,19.40664523021168,24,256,2.1845468792357265,0.9991450698891658
powerRatios,kp10,19.40664523021168,24,256,2.209197537182775,0.9991073869205328
powerRatios,kp10,19.40664523021168,24,256,2.233806633592115,0.9990732434617929
powerRatios,kp10,19.40664523021168,24,256,2.2582915083645076,0.9990432546674434
powerRatios,kp10,19.40664523021168,24,256,2.2828338607082084,0.9991351456752265
powerRatios,kp10,19.40664523021168,24,256,2.3073017772048177,0.9990314543662222
powerRatios,kp10,19.40664523021168,24,256,2.331703110949515,0.9990443525937719
powerRatios,kp10,19.40664523021168,24,256,2.3561360982141064,0.9990200869757511
powerRatios,kp10,19.40664523021168,24,256,2.380737492036452,0.9988241849871208
powerRatios,kp10,19.40664523021168,24,256,2.4055149512632847,0.9991515107373132
powerRatios,kp10,19.40664523021168,24,256,2.4300869274031247,0.9989000131821015
powerRatios,kp10,19.40664523021168,24,256,2.4545548306603284,0.9990577084672811
powerRatios,kp10,19.40664523021168,24,256,2.4790865069574943,0.9989708049222665
powerRatios,kp10,19.40664523021168,24,256,2.5036704305305424,0.9989379425154801
powerRatios,kp10,19.40664523021168,24,256,2.528270183716259,0.9988726181447565
powerRatios,kp10,19.40664523021168,24,256,2.552643460276946,0.9988743330593723
powerRatios,kp10,19.40664523021168,24,256,2.577201892589191,0.9988977501848945
powerRatios,kp10,19.40664523021168,24,256,2.6018560165083144,0.9986921601628475
powerRatios,kp10,19.40664523021168,24,256,2.6263288098649222,0.9986198920588742
powerRatios,kp10,19.40664523021168,24,256,2.6508121830306464,0.9987719909215276
powerRatios,kp10,19.40664523021168,24,256,2.675443482089977,0.9987217549491743
powerRatios,kp10,19.40664523021168,24,256,2.7000979583903626,0.9987462944357277
powerRatios,kp10,19.40664523021168,24,256,2.724496195195882,0.9986953392267238
powerRatios,kp10,19.40664523021168,24,256,2.748948188579295,0.9986008411878844
powerRatios,kp10,19.40664523021168,24,256,2.773522549605598,0.9988340290015194
powerRatios,kp10,19.40664523021168,24,256,2.798144761883231,0.9985038604174191
powerRatios,kp10,19.40664523021168,24,256,2.8226598585414346,0.9983431885153979
powerRatios,kp10,19.40664523021168,24,256,2.847154872351462,0.9983580775902374
powerRatios,kp10,19.40664523021168,24,256,2.871827835114871,0.9985648191287555
powerRatios,kp10,19.40664523021168,24,256,2.8963613024431614,0.9984605842517408
powerRatios,kp10,19.40664523021168,24,256,2.9207438511347443,0.9985111060795698
powerRatios,kp10,19.40664523021168,24,256,2.94526757839102,0.9984464104945361
powerRatios,kp10,19.40664523021168,24,256,2.9698884956599376,0.9983316121126966
powerRatios,kp10,19.40664523021168,24,256,2.994489139563538,0.9984345707478647
powerRatios,kp10,19.40664523021168,24,256,3.0190382599860044,0.9984644483164284
powerRatios,kp10,19.40664523021168,24,256,3.0435523062452345,0.998337909299448
powerRatios,kp10,19.40664523021168,24,256,3.068170188883887,0.9981727338030746
powerRatios,kp10,19.40664523021168,24,256,3.0927380933296216,0.998136577591194
powerRatios,kp10,19.40664523021168,24,256,3.1171641214553856,0.9984564551889273
powerRatios,kp10,14.331814598205613,27,256,0.0313212461565073,0.9999957879540526
powerRatios,kp10,14.331814598205613,27,256,0.054752145345661356,0.9999878809926417
powerRatios,kp10,14.331814598205613,27,256,0.07692383885216451,0.9999856807962627
powerRatios,kp10,14.331814598205613,27,256,0.09966162230830337,0.9999836000910668
powerRatios,kp10,14.331814598205613,27,256,0.12511351331450943,0.9999896853425975
powerRatios,kp10,14.331814598205613,27,256,0.15025472412609966,0.999991019377563
powerRatios,kp10,14.331814598205613,27,256,0.17356669305616573,0.9999939169799889
powerRatios,kp10,14.331814598205613,27,256,0.1969650561149323,1.0000065805564584
powerRatios,kp10,14.331814598205613,27,256,0.2223017820571719,1.0000100931731837
powerRatios,kp10,14.331814598205613,27,256,0.24772821384680524,1.000001840584331
powerRatios,kp10,14.331814598205613,27,256,0.2714838997836198,1.0000133936933586
powerRatios,kp10,14.331814598205613,27,256,0.2952393892533773,1.000008504481671
powerRatios,kp10,14.331814598205613,27,256,0.32016672397367135,1.0000161729127393
powerRatios,kp10,14.331814598205613,27,256,0.34493070130200054,1.0000087995081908
powerRatios,kp10,14.331814598205613,27,256,0.3685629107918764,1.000008987976373
powerRatios,kp10,14.331814598205613,27,256,0.39281248333983404,1.0000175811946161
powerRatios,kp10,14.331814598205613,27,256,0.41802270733219404,1.0000030549563703
powerRatios,kp10,14.331814598205613,27,256,0.4430752669658697,1.0000033856747217
powerRatios,kp10,14.331814598205613,27,256,0.46722214928169786,1.0000053810072453
powerRatios,kp10,14.331814598205613,27,256,0.4913294881940436,0.9999953280840055
powerRatios,kp10,14.331814598205613,27,256,0.5162067686956312,1.000006461660965
powerRatios,kp10,14.331814598205613,27,256,0.5408446463692522,0.9999617908296441
powerRatios,kp10,14.331814598205613,27,256,0.5650376114965061,1.0000038759148602
powerRatios,kp10,14.331814598205613,27,256,0.5892711066164427,0.9999820306522061
powerRatios,kp10,14.331814598205613,27,256,0.6139562317597167,0.9999809322234194
powerRatios,kp10,14.331814598205613,27,256,0.6388346508015916,0.9999832260652045
powerRatios,kp10,14.331814598205613,27,256,0.663380853616023,0.9999834880036894
powerRatios,kp10,14.331814598205613,27,256,0.687895456095786,0.9999718307114898
powerRatios,kp10,14.331814598205613,27,256,0.7124989295569584,0.9999952183336341
powerRatios,kp10,14.331814598205613,27,256,0.736916296464924,0.9999601839536939
powerRatios,kp10,14.331814598205613,27,256,0.7613594367769183,0.9999697684690219
powerRatios,kp10,14.331814598205613,27,256,0.7857124662472791,0.9999919478698156
powerRatios,kp10,14.331814598205613,27,256,0.810137747986822,0.9999901243473027
powerRatios,kp10,14.331814598205613,27,256,0.834917120504456,0.9999716476159111
powerRatios,kp10,14.331814598205613,27,256,0.8595036589073478,0.9999811604885447
powerRatios,kp10,14.331814598205613,27,256,0.8839565785490576,0.9999425654207477
powerRatios,kp10,14.331814598205613,27,256,0.9085873013365826,0.9999580492758307
powerRatios,kp10,14.331814598205613,27,256,0.93315996057299,0.9999447378565032
powerRatios,kp10,14.331814598205613,27,256,0.957506690409634,0.999972325523138
powerRatios,kp10,14.331814598205613,27,256,0.9819279850991849,0.999952896124609
powerRatios,kp10,14.331814598205613,27,256,1.0066674312761883,0.9999660192132862
powerRatios,kp10,14.331814598205613,27,256,1.0313291082710536,0.9999195851122843
powerRatios,kp10,14.331814598205613,27,256,1.0558188182967405,0.9999824137886626
powerRatios,kp10,14.331814598205613,27,256,1.0803177204141923,0.999932504689235
powerRatios,kp10,14.331814598205613,27,256,1.1049596638350512,0.9999131685807366
powerRatios,kp10,14.331814598205613,27,256,1.129486121097224,0.9999187139589844
powerRatios,kp10,14.331814598205613,27,256,1.1537192393504785,0.9998726530851706
powerRatios,kp10,14.331814598205613,27,256,1.1781536455689063,0.9999405020627194
powerRatios,kp10,14.331814598205613,27,256,1.2028829334540618,0.9999168807843053
powerRatios,kp10,14.331814598205613,27,256,1.2276398813718887,0.9998831326995229
powerRatios,kp10,14.331814598205613,27,256,1.2521331122112618,0.999900400387777
powerRatios,kp10,14.331814598205613,27,256,1.2766116197584787,0.9999186231621123
powerRatios,kp10,14.331814598205613,27,256,1.3012639361718907,0.9998614402096451
powerRatios,kp10,14.331814598205613,27,256,1.3257985065897926,0.9999206939181955
powerRatios,kp10,14.331814598205613,27,256,1.3501519987288393,0.9999605987203248
powerRatios,kp10,14.331814598205613,27,256,1.3745334244052962,0.9998525349190084
powerRatios,kp10,14.331814598205613,27,256,1.3992303251151714,0.9998514914680331
powerRatios,kp10,14.331814598205613,27,256,1.4238732114992796,0.9997835816966385
powerRatios,kp10,14.331814598205613,27,256,1.4482961332980369,0.9998629943066181
powerRatios,kp10,14.331814598205613,27,256,1.4728665135264858,0.9998586972415616
powerRatios,kp10,14.331814598205613,27,256,1.4974944160481687,0.999937496813337
powerRatios,kp10,14.331814598205613,27,256,1.5220746011321264,0.9997825212044333
powerRatios,kp10,14.331814598205613,27,256,1.5463934411415703,0.9998478571400854
powerRatios,kp10,14.331814598205613,27,256,1.5707513346510054,0.9997340496080748
powerRatios,kp10,14.331814598205613,27,256,1.5955213151096161,0.9998895198217114
powerRatios,kp10,14.331814598205613,27,256,1.6201926934712723,0.9998753527905799
powerRatios,kp10,14.331814598205613,27,256,1.6447426353275962,0.9997468894446059
powerRatios,kp10,14.331814598205613,27,256,1.6692521022001021,0.9998009237732398
powerRatios,kp10,14.331814598205613,27,256,1.6938323170631577,0.9997883445650828
powerRatios,kp10,14.331814598205613,27,256,1.718429203998171,0.9997566375675548
powerRatios,kp10,14.331814598205613,27,256,1.742766194611624,0.9997628657914058
powerRatios,kp10,14.331814598205613,27,256,1.767259942282522,0.9997004200378419
powerRatios,kp10,14.331814598205613,27,256,1.791856165685507,0.9996873833935619
powerRatios,kp10,14.331814598205613,27,256,1.8165052119050797,0.9997130580002747
powerRatios,kp10,14.331814598205613,27,256,1.84106948650222,0.9996487941077684
powerRatios,kp10,14.331814598205613,27,256,1.8655473365324868,0.9996522984823326
powerRatios,kp10,14.331814598205613,27,256,1.8901597802312908,0.9996774855706516
powerRatios,kp10,14.331814598205613,27,256,1.9146480540447401,0.99963077213786
powerRatios,kp10,14.331814598205613,27,256,1.939059763715855,0.9995851972601419
powerRatios,kp10,14.331814598205613,27,256,1.9635386553798613,0.9995922884296037
powerRatios,kp10,14.331814598205613,27,256,1.9881418995995372,0.999633800970933
powerRatios,kp10,14.331814598205613,27,256,2.012791865355253,0.999680277238363
powerRatios,kp10,14.331814598205613,27,256,2.0373677965526436,0.9996305661383199
powerRatios,kp10,14.331814598205613,27,256,2.061830564445913,0.9995559803474975
powerRatios,kp10,14.331814598205613,27,256,2.086390694548735,0.9995002815680885
powerRatios,kp10,14.331814598205613,27,256,2.1110563056819687,0.9995000181249082
powerRatios,kp10,14.331814598205613,27,256,2.135537792991106,0.9994748858906145
powerRatios,kp10,14.331814598205613,27,256,2.159998138153035,0.9995812316128102
powerRatios,kp10,14.331814598205613,27,256,2.1845468792357265,0.9994772774547804
powerRatios,kp10,14.331814598205613,27,256,2.209197537182775,0.9993614507305187
powerRatios,kp10,14.331814598205613,27,256,2.233806633592115,0.9992978500762963
powerRatios,kp10,14.331814598205613,27,256,2.2582915083645076,0.9994302736240684
powerRatios,kp10,14.331814598205613,27,256,2.2828338607082084,0.9993933076030868
powerRatios,kp10,14.331814598205613,27,256,2.3073017772048177,0.999338617629733
powerRatios,kp10,14.331814598205613,27,256,2.331703110949515,0.9994161732811846
powerRatios,kp10,14.331814598205613,27,256,2.3561360982141064,0.9992904334253094
powerRatios,kp10,14.331814598205613,27,256,2.380737492036452,0.9992448335630103
powerRatios,kp10,14.331814598205613,27,256,2.4055149512632847,0.9993610728264243
powerRatios,kp10,14.331814598205613,27,256,2.4300869274031247,0.9992825257922775
powerRatios,kp10,14.331814598205613,27,256,2.4545548306603284,0.9992479838532909
powerRatios,kp10,14.331814598205613,27,256,2.4790865069574943,0.9992055987343663
powerRatios,kp10,14.331814598205613,27,256,2.5036704305305424,0.9992414628500292
powerRatios,kp10,14.331814598205613,27,256,2.528270183716259,0.9993087253761744
powerRatios,kp10,14.331814598205613,27,256,2.552643460276946,0.9991449690442391
powerRatios,kp10,14.331814598205613,27,256,2.577201892589191,0.9991447426416233
powerRatios,kp10,14.331814598205613,27,256,2.6018560165083144,0.9991560009199157
powerRatios,kp10,14.331814598205613,27,256,2.6263288098649222,0.9991834173486327
powerRatios,kp10,14.331814598205613,27,256,2.6508121830306464,0.9991231538033603
powerRatios,kp10,14.331814598205613,27,256,2.675443482089977,0.9991779987269319
powerRatios,kp10,14.331814598205613,27,256,2.7000979583903626,0.998950827110624
powerRatios,kp10,14.331814598205613,27,256,2.724496195195882,0.9990568248220393
powerRatios,kp10,14.331814598205613,27,256,2.748948188579295,0.9991705591622191
powerRatios,kp10,14.331814598205613,27,256,2.773522549605598,0.9990110634381837
powerRatios,kp10,14.331814598205613,27,256,2.798144761883231,0.9989050490178338
powerRatios,kp10,14.331814598205613,27,256,2.8226598585414346,0.9989584060878083
powerRatios,kp10,14.331814598205613,27,256,2.847154872351462,0.9989596968744948
powerRatios,kp10,14.331814598205613,27,256,2.871827835114871,0.9989125002567234
powerRatios,kp10,14.331814598205613,27,256,2.8963613024431614,0.998765988217873
powerRatios,kp10,14.331814598205613,27,256,2.9207438511347443,0.9990110970982415
powerRatios,kp10,14.331814598205613,27,256,2.94526757839102,0.9988746940020929
powerRatios,kp10,14.331814598205613,27,256,2.9698884956599376,0.9987855268800205
powerRatios,kp10,14.331814598205613,27,256,2.994489139563538,0.9987821202538143
powerRatios,kp10,14.331814598205613,27,256,3.0190382599860044,0.9986547679620319
powerRatios,kp10,14.331814598205613,27,256,3.0435523062452345,0.9989057748654127
powerRatios,kp10,14.331814598205613,27,256,3.068170188883887,0.9988187931315369
powerRatios,kp10,14.331814598205613,27,256,3.0927380933296216,0.9989037042674042
powerRatios,kp10,14.331814598205613,27,256,3.1171641214553856,0.999305634889755
powerRatios,kp10,10.51901923231075,30,256,0.0313212461565073,0.9999833564901682
powerRatios,kp10,10.51901923231075,30,256,0.054752145345661356,0.9999754993559433
powerRatios,kp10,10.51901923231075,30,256,0.07692383885216451,0.999972874125682
powerRatios,kp10,10.51901923231075,30,256,0.09966162230830337,0.9999651928830564
powerRatios,kp10,10.51901923231075,30,256,0.12511351331450943,0.999971208842311
powerRatios,kp10,10.51901923231075,30,256,0.15025472412609966,0.9999751679676772
powerRatios,kp10,10.51901923231075,30,256,0.17356669305616573,0.9999756180383388
powerRatios,kp10,10.51901923231075,30,256,0.1969650561149323,0.9999893840357273
powerRatios,kp10,10.51901923231075,30,256,0.2223017820571719,0.9999971858784112
powerRatios,kp10,10.51901923231075,30,256,0.24772821384680524,0.9999758219658803
powerRatios,kp10,10.51901923231075,30,256,0.2714838997836198,0.9999952473802795
powerRatios,kp10,10.51901923231075,30,256,0.2952393892533773,0.9999919936255547
powerRatios,kp10,10.51901923231075,30,256,0.32016672397367135,0.9999885950992142
powerRatios,kp10,10.51901923231075,30,256,0.34493070130200054,0.9999921928686842
powerRatios,kp10,10.51901923231075,30,256,0.3685629107918764,1.000008776907999
powerRatios,kp10,10.51901923231075,30,256,0.39281248333983404,0.9999822879503549
powerRatios,kp10,10.51901923231075,30,256,0.41802270733219404,0.9999852646413336
powerRatios,kp10,10.51901923231075,30,256,0.4430752669658697,0.999996934501062
powerRatios,kp10,10.51901923231075,30,256,0.46722214928169786,0.9999985546379433
powerRatios,kp10,10.51901923231075,30,256,0.4913294881940436,0.9999946895818328
powerRatios,kp10,10.51901923231075,30,256,0.5162067686956312,0.9999871454159313
powerRatios,kp10,10.51901923231075,30,256,0.5408446463692522,0.9999874365798247
powerRatios,kp10,10.51901923231075,30,256,0.5650376114965061,0.9999758284183846
powerRatios,kp10,10.51901923231075,30,256,0.5892711066164427,0.9999771100554243
powerRatios,kp10,10.51901923231075,30,256,0.6139562317597167,0.999964216011979
powerRatios,kp10,10.51901923231075,30,256,0.6388346508015916,0.9999784125452463
powerRatios,kp10,10.51901923231075,30,256,0.663380853616023,0.999969964089514
powerRatios,kp10,10.51901923231075,30,256,0.687895456095786,0.9999703640951731
powerRatios,kp10,10.51901923231075,30,256,0.7124989295569584,0.9999964460076469
powerRatios,kp10,10.51901923231075,30,256,0.736916296464924,0.9999486455749148
powerRatios,kp10,10.51901923231075,30,256,0.7613594367769183,0.9999652582054414
powerRatios,kp10,10.51901923231075,30,256,0.7857124662472791,0.9999719091741366
powerRatios,kp10,10.51901923231075,30,256,0.810137747986822,0.9999575212861916
powerRatios,kp10,10.51901923231075,30,256,0.834917120504456,0.9999740294194005
powerRatios,kp10,10.51901923231075,30,256,0.8595036589073478,0.9999578330361133
powerRatios,kp10,10.51901923231075,30,256,0.8839565785490576,0.9999687879236282
powerRatios,kp10,10.51901923231075,30,256,0.9085873013365826,0.9999465971947821
powerRatios,kp10,10.51901923231075,30,256,0.93315996057299,0.9999494735629387
powerRatios,kp10,10.51901923231075,30,256,0.957506690409634,0.9999273959550921
powerRatios,kp10,10.51901923231075,30,256,0.9819279850991849,0.9999540787732132
powerRatios,kp10,10.51901923231075,30,256,1.0066674312761883,0.9999931976114299
powerRatios,kp10,10.51901923231075,30,256,1.0313291082710536,0.9999682477558024
powerRatios,kp10,10.51901923231075,30,256,1.0558188182967405,0.9999485163505516
powerRatios,kp10,10.51901923231075,30,256,1.0803177204141923,0.9999363534017688
powerRatios,kp10,10.51901923231075,30,256,1.1049596638350512,0.9999363540021717
powerRatios,kp10,10.51901923231075,30,256,1.129486121097224,0.9999411097210468
powerRatios,kp10,10.51901923231075,30,256,1.1537192393504785,0.9999004768030646
powerRatios,kp10,10.51901923231075,30,256,1.1781536455689063,0.9999035638400446
powerRatios,kp10,10.51901923231075,30,256,1.2028829334540618,0.9999350554303112
powerRatios,kp10,10.51901923231075,30,256,1.2276398813718887,0.9999362286839741
powerRatios,kp10,10.51901923231075,30,256,1.2521331122112618,0.9999154038087719
powerRatios,kp10,10.51901923231075,30,256,1.2766116197584787,0.9999481629733107
powerRatios,kp10,10.51901923231075,30,256,1.3012639361718907,0.9998934353763583
powerRatios,kp10,10.51901923231075,30,256,1.3257985065897926,0.9999076336145203
powerRatios,kp10,10.51901923231075,30,256,1.3501519987288393,0.999889269477871
powerRatios,kp10,10.51901923231075,30,256,1.3745334244052962,0.9999155852300091
powerRatios,kp10,10.51901923231075,30,256,1.3992303251151714,0.9999645332529556
powerRatios,kp10,10.51901923231075,30,256,1.4238732114992796,0.9999115805885509
powerRatios,kp10,10.51901923231075,30,256,1.4482961332980369,0.9998836967455753
powerRatios,kp10,10.51901923231075,30,256,1.4728665135264858,0.9999526974991053
powerRatios,kp10,10.51901923231075,30,256,1.4974944160481687,0.9998764690284327
powerRatios,kp10,10.51901923231075,30,256,1.5220746011321264,0.9998760406203754
powerRatios,kp10,10.51901923231075,30,256,1.5463934411415703,0.9998268583395288
powerRatios,kp10,10.51901923231075,30,256,1.5707513346510054,0.9999133789590429
powerRatios,kp10,10.51901923231075,30,256,1.5955213151096161,0.999923007621781
powerRatios,kp10,10.51901923231075,30,256,1.6201926934712723,0.9999098557362681
powerRatios,kp10,10.51901923231075,30,256,1.6447426353275962,0.9998526516255442
powerRatios,kp10,10.51901923231075,30,256,1.6692521022001021,0.9998234342243271
powerRatios,kp10,10.51901923231075,30,256,1.6938323170631577,0.9998002598368939
powerRatios,kp10,10.51901923231075,30,256,1.718429203998171,0.9998663840092455
powerRatios,kp10,10.51901923231075,30,256,1.742766194611624,0.9998482329513412
powerRatios,kp10,10.51901923231075,30,256,1.767259942282522,0.9998393072946137
powerRatios,kp10,10.51901923231075,30,256,1.791856165685507,0.9998016233544358
powerRatios,kp10,10.51901923231075,30,256,1.8165052119050797,0.9998776806720483
powerRatios,kp10,10.51901923231075,30,256,1.84106948650222,0.999832317484837
powerRatios,kp10,10.51901923231075,30,256,1.8655473365324868,0.9997027541359852
powerRatios,kp10,10.51901923231075,30,256,1.8901597802312908,0.9998136677169752
powerRatios,kp10,10.51901923231075,30,256,1.9146480540447401,0.9998327383125943
powerRatios,kp10,10.51901923231075,30,256,1.939059763715855,0.9999011855869636
powerRatios,kp10,10.51901923231075,30,256,1.9635386553798613,0.9997399537757174
powerRatios,kp10,10.51901923231075,30,256,1.9881418995995372,0.9997999602110301
powerRatios,kp10,10.51901923231075,30,256,2.012791865355253,0.9998016764724725
powerRatios,kp10,10.51901923231075,30,256,2.0373677965526436,0.9997638871104951
powerRatios,kp10,10.51901923231075,30,256,2.061830564445913,0.9997786195430106
powerRatios,kp10,10.51901923231075,30,256,2.086390694548735,0.9997296315530443
powerRatios,kp10,10.51901923231075,30,256,2.1110563056819687,0.9996342932201858
powerRatios,kp10,10.51901923231075,30,256,2.135537792991106,0.9997445693428175
powerRatios,kp10,10.51901923231075,30,256,2.159998138153035,0.9997804252046069
powerRatios,kp10,10.51901923231075,30,256,2.1845468792357265,0.9997946588989604
powerRatios,kp10,10.51901923231075,30,256,2.209197537182775,0.9996698385203232
powerRatios,kp10,10.51901923231075,30,256,2.233806633592115,0.9996592305735479
powerRatios,kp10,10.51901923231075,30,256,2.2582915083645076,0.9995881092798848
powerRatios,kp10,10.51901923231075,30,256,2.2828338607082084,0.9997285988721887
powerRatios,kp10,10.51901923231075,30,256,2.3073017772048177,0.9997165146976575
powerRatios,kp10,10.51901923231075,30,256,2.331703110949515,0.9996446086749349
powerRatios,kp10,10.51901923231075,30,256,2.3561360982141064,0.9996398427787854
powerRatios,kp10,10.51901923231075,30,256,2.380737492036452,0.9996836911940827
powerRatios,kp10,10.51901923231075,30,256,2.4055149512632847,0.999663945493342
powerRatios,kp10,10.51901923231075,30,256,2.4300869274031247,0.9996459221675194
powerRatios,kp10,10.51901923231075,30,256,2.4545548306603284,0.9996830769394873
powerRatios,kp10,10.51901923231075,30,256,2.4790865069574943,0.9996091188905862
powerRatios,kp10,10.51901923231075,30,256,2.5036704305305424,0.9996660738790457
powerRatios,kp10,10.51901923231075,30,256,2.528270183716259,0.9995122131646584
powerRatios,kp10,10.51901923231075,30,256,2.552643460276946,0.9995920232440848
powerRatios,kp10,10.51901923231075,30,256,2.577201892589191,0.9996061218326013
powerRatios,kp10,10.51901923231075,30,256,2.6018560165083144,0.9994883886320551
powerRatios,kp10,10.51901923231075,30,256,2.6263288098649222,0.9995055236988396
powerRatios,kp10,10.51901923231075,30,256,2.6508121830306464,0.9995810817691665
powerRatios,kp10,10.51901923231075,30,256,2.675443482089977,0.9994940164299594
powerRatios,kp10,10.51901923231075,30,256,2.7000979583903626,0.9994420828788674
powerRatios,kp10,10.51901923231075,30,256,2.724496195195882,0.9995435256179376
powerRatios,kp10,10.51901923231075,30,256,2.748948188579295,0.9994302667337989
powerRatios,kp10,10.51901923231075,30,256,2.773522549605598,0.9994485652792783
powerRatios,kp10,10.51901923231075,30,256,2.798144761883231,0.9993773054094078
powerRatios,kp10,10.51901923231075,30,256,2.8226598585414346,0.9993807514319734
powerRatios,kp10,10.51901923231075,30,256,2.847154872351462,0.9994378039167786
powerRatios,kp10,10.51901923231075,30,256,2.871827835114871,0.9993534929184037
powerRatios,kp10,10.51901923231075,30,256,2.8963613024431614,0.9993926649337852
powerRatios,kp10,10.51901923231075,30,256,2.9207438511347443,0.9994688729342753
powerRatios,kp10,10.51901923231075,30,256,2.94526757839102,0.9993677399832669
powerRatios,kp10,10.51901923231075,30,256,2.9698884956599376,0.9993151005748285
powerRatios,kp10,10.51901923231075,30,256,2.994489139563538,0.9992950819221454
powerRatios,kp10,10.51901923231075,30,256,3.0190382599860044,0.9993565418618525
powerRatios,kp10,10.51901923231075,30,256,3.0435523062452345,0.9993452583104514
powerRatios,kp10,10.51901923231075,30,256,3.068170188883887,0.9994993980012011
powerRatios,kp10,10.51901923231075,30,256,3.0927380933296216,0.9998198168687307
powerRatios,kp10,10.51901923231075,30,256,3.1171641214553856,0.9998178710016116
powerRatios,kp10,2.0333177828202462,44,256,0.0313212461565073,1.000000281400566
powerRatios,kp10,2.0333177828202462,44,256,0.054752145345661356,0.999987752878417
powerRatios,kp10,2.0333177828202462,44,256,0.07692383885216451,0.9999806134842744
powerRatios,kp10,2.0333177828202462,44,256,0.09966162230830337,0.9999674363616109
powerRatios,kp10,2.0333177828202462,44,256,0.12511351331450943,0.9999746725952655
powerRatios,kp10,2.0333177828202462,44,256,0.15025472412609966,0.9999642486934831
powerRatios,kp10,2.0333177828202462,44,256,0.17356669305616573,0.9999829325537055
powerRatios,kp10,2.0333177828202462,44,256,0.1969650561149323,0.9999834323995145
powerRatios,kp10,2.0333177828202462,44,256,0.2223017820571719,0.9999820582904463
powerRatios,kp10,2.0333177828202462,44,256,0.24772821384680524,0.9999725473017612
powerRatios,kp10,2.0333177828202462,44,256,0.2714838997836198,0.999994346235096
powerRatios,kp10,2.0333177828202462,44,256,0.2952393892533773,1.0000089708596498
powerRatios,kp10,2.0333177828202462,44,256,0.32016672397367135,0.9999947086894586
powerRatios,kp10,2.0333177828202462,44,256,0.34493070130200054,0.9999976032013886
powerRatios,kp10,2.0333177828202462,44,256,0.3685629107918764,1.0000086876940146
powerRatios,kp10,2.0333177828202462,44,256,0.39281248333983404,1.0000230287854477
powerRatios,kp10,2.0333177828202462,44,256,0.41802270733219404,0.9999872455062314
powerRatios,kp10,2.0333177828202462,44,256,0.4430752669658697,1.0000252249233554
powerRatios,kp10,2.0333177828202462,44,256,0.46722214928169786,1.0000160872935853
powerRatios,kp10,2.0333177828202462,44,256,0.4913294881940436,0.9999889965738084
powerRatios,kp10,2.0333177828202462,44,256,0.5162067686956312,0.9999977799370194
powerRatios,kp10,2.0333177828202462,44,256,0.5408446463692522,1.000006717679544
powerRatios,kp10,2.0333177828202462,44,256,0.5650376114965061,0.9999935827799256
powerRatios,kp10,2.0333177828202462,44,256,0.5892711066164427,0.9999803856438514
powerRatios,kp10,2.0333177828202462,44,256,0.6139562317597167,0.9999896760157988
powerRatios,kp10,2.0333177828202462,44,256,0.6388346508015916,0.9999909643759488
powerRatios,kp10,2.0333177828202462,44,256,0.663380853616023,0.9999642403926527
powerRatios,kp10,2.0333177828202462,44,256,0.687895456095786,0.9999990728246246
powerRatios,kp10,2.0333177828202462,44,256,0.7124989295569584,0.9999659197595167
powerRatios,kp10,2.0333177828202462,44,256,0.736916296464924,0.9999615707999083
powerRatios,kp10,2.0333177828202462,44,256,0.7613594367769183,0.9999700956372012
powerRatios,kp10,2.0333177828202462,44,256,0.7857124662472791,0.9999502236106941
powerRatios,kp10,2.0333177828202462,44,256,0.810137747986822,0.9999925068917815
powerRatios,kp10,2.0333177828202462,44,256,0.834917120504456,0.9999864587060417
powerRatios,kp10,2.0333177828202462,44,256,0.8595036589073478,1.0000207872089506
powerRatios,kp10,2.0333177828202462,44,256,0.8839565785490576,0.9999713286094669
powerRatios,kp10,2.0333177828202462,44,256,0.9085873013365826,0.9999725816927683
powerRatios,kp10,2.0333177828202462,44,256,0.93315996057299,0.9999772455378652
powerRatios,kp10,2.0333177828202462,44,256,0.957506690409634,1.0000026174104126
powerRatios,kp10,2.0333177828202462,44,256,0.9819279850991849,0.9999583384329036
powerRatios,kp10,2.0333177828202462,44,256,1.0066674312761883,0.9999772836191368
powerRatios,kp10,2.0333177828202462,44,256,1.0313291082710536,0.9999556458038804
powerRatios,kp10,2.0333177828202462,44,256,1.0558188182967405,0.9999994989378697
powerRatios,kp10,2.0333177828202462,44,256,1.0803177204141923,0.9999796271581608
powerRatios,kp10,2.0333177828202462,44,256,1.1049596638350512,0.999955942490175
powerRatios,kp10,2.0333177828202462,44,256,1.129486121097224,0.9999742523615602
powerRatios,kp10,2.0333177828202462,44,256,1.1537192393504785,0.9999747919773158
powerRatios,kp10,2.0333177828202462,44,256,1.1781536455689063,0.9999760482118586
powerRatios,kp10,2.0333177828202462,44,256,1.2028829334540618,0.9999817396663436
powerRatios,kp10,2.0333177828202462,44,256,1.2276398813718887,0.9999481574893114
powerRatios,kp10,2.0333177828202462,44,256,1.2521331122112618,0.9999754056633824
powerRatios,kp10,2.0333177828202462,44,256,1.2766116197584787,0.9999611813680476
powerRatios,kp10,2.0333177828202462,44,256,1.3012639361718907,0.999986076401643
powerRatios,kp10,2.0333177828202462,44,256,1.3257985065897926,0.9999234116686276
powerRatios,kp10,2.0333177828202462,44,256,1.3501519987288393,0.9999969055377277
powerRatios,kp10,2.0333177828202462,44,256,1.3745334244052962,0.9999492588521018
powerRatios,kp10,2.0333177828202462,44,256,1.3992303251151714,0.9998795065426186
powerRatios,kp10,2.0333177828202462,44,256,1.4238732114992796,0.9999406505065546
powerRatios,kp10,2.0333177828202462,44,256,1.4482961332980369,0.999936147475342
powerRatios,kp10,2.0333177828202462,44,256,1.4728665135264858,0.9999380003062132
powerRatios,kp10,2.0333177828202462,44,256,1.4974944160481687,0.9999629170798461
powerRatios,kp10,2.0333177828202462,44,256,1.5220746011321264,0.9999519529859281
powerRatios,kp10,2.0333177828202462,44,256,1.5463934411415703,0.9999603300640383
powerRatios,kp10,2.0333177828202462,44,256,1.5707513346510054,0.9999660201797238
powerRatios,kp10,2.0333177828202462,44,256,1.5955213151096161,0.9999401311190275
powerRatios,kp10,2.0333177828202462,44,256,1.6201926934712723,0.9999528983810329
powerRatios,kp10,2.0333177828202462,44,256,1.6447426353275962,0.9999464968755458
powerRatios,kp10,2.0333177828202462,44,256,1.6692521022001021,0.9999142221782678
powerRatios,kp10,2.0333177828202462,44,256,1.6938323170631577,0.9999308163709092
powerRatios,kp10,2.0333177828202462,44,256,1.718429203998171,0.9998879035465529
powerRatios,kp10,2.0333177828202462,44,256,1.742766194611624,0.9999596151470528
powerRatios,kp10,2.0333177828202462,44,256,1.767259942282522,0.9999350152496362
powerRatios,kp10,2.0333177828202462,44,256,1.791856165685507,0.9999334738379918
powerRatios,kp10,2.0333177828202462,44,256,1.8165052119050797,0.9999209280531908
powerRatios,kp10,2.0333177828202462,44,256,1.84106948650222,0.9999420221771321
powerRatios,kp10,2.0333177828202462,44,256,1.8655473365324868,0.9999212316551128
powerRatios,kp10,2.0333177828202462,44,256,1.8901597802312908,0.9998946438202362
powerRatios,kp10,2.0333177828202462,44,256,1.9146480540447401,0.999907354274001
powerRatios,kp10,2.0333177828202462,44,256,1.939059763715855,0.99996874596962
powerRatios,kp10,2.0333177828202462,44,256,1.9635386553798613,0.99994888387639
powerRatios,kp10,2.0333177828202462,44,256,1.9881418995995372,0.9999120068164182
powerRatios,kp10,2.0333177828202462,44,256,2.012791865355253,0.999941023431293
powerRatios,kp10,2.0333177828202462,44,256,2.0373677965526436,0.9998927664803763
powerRatios,kp10,2.0333177828202462,44,256,2.061830564445913,0.9999046803475604
powerRatios,kp10,2.0333177828202462,44,256,2.086390694548735,0.9999141148740783
powerRatios,kp10,2.0333177828202462,44,256,2.1110563056819687,0.999891898095539
powerRatios,kp10,2.0333177828202462,44,256,2.135537792991106,0.9998859143173646
powerRatios,kp10,2.0333177828202462,44,256,2.159998138153035,0.9999705911479849
powerRatios,kp10,2.0333177828202462,44,256,2.1845468792357265,0.9999288535993723
powerRatios,kp10,2.0333177828202462,44,256,2.209197537182775,0.9999284162101278
powerRatios,kp10,2.0333177828202462,44,256,2.233806633592115,0.9999319192032887
powerRatios,kp10,2.0333177828202462,44,256,2.2582915083645076,0.9998604466589867
powerRatios,kp10,2.0333177828202462,44,256,2.2828338607082084,0.9999220377110136
powerRatios,kp10,2.0333177828202462,44,256,2.3073017772048177,0.9999218957556836
powerRatios,kp10,2.0333177828202462,44,256,2.331703110949515,0.9998451809617371
powerRatios,kp10,2.0333177828202462,44,256,2.3561360982141064,0.9999226316364942
powerRatios,kp10,2.0333177828202462,44,256,2.380737492036452,0.9999007508970505
powerRatios,kp10,2.0333177828202462,44,256,2.4055149512632847,0.9998868643687181
powerRatios,kp10,2.0333177828202462,44,256,2.4300869274031247,0.9999059840418251
powerRatios,kp10,2.0333177828202462,44,256,2.4545548306603284,0.9999667940717815
powerRatios,kp10,2.0333177828202462,44,256,2.4790865069574943,0.9999514689040421
powerRatios,kp10,2.0333177828202462,44,256,2.5036704305305424,0.999884748837188
powerRatios,kp10,2.0333177828202462,44,256,2.528270183716259,0.9998726654019335
powerRatios,kp10,2.0333177828202462,44,256,2.552643460276946,0.9998768217291819
powerRatios,kp10,2.0333177828202462,44,256,2.577201892589191,0.999871023897502
powerRatios,kp10,2.0333177828202462,44,256,2.6018560165083144,0.9999073656414236
powerRatios,kp10,2.0333177828202462,44,256,2.6263288098649222,0.9998962795215207
powerRatios,kp10,2.0333177828202462,44,256,2.6508121830306464,0.9999406563341002
powerRatios,kp10,2.0333177828202462,44,256,2.675443482089977,0.9999086258473517
powerRatios,kp10,2.0333177828202462,44,256,2.7000979583903626,0.999847603366759
powerRatios,kp10,2.0333177828202462,44,256,2.724496195195882,0.9999045525987765
powerRatios,kp10,2.0333177828202462,44,256,2.748948188579295,0.9998550678027012
powerRatios,kp10,2.0333177828202462,44,256,2.773522549605598,0.9998757613587413
powerRatios,kp10,2.0333177828202462,44,256,2.798144761883231,0.9998514146676172
powerRatios,kp10,2.0333177828202462,44,256,2.8226598585414346,0.9999152938639717
powerRatios,kp10,2.0333177828202462,44,256,2.847154872351462,0.9999515421893952
powerRatios,kp10,2.0333177828202462,44,256,2.871827835114871,0.9999017585751305
powerRatios,kp10,2.0333177828202462,44,256,2.8963613024431614,0.9999458374767523
powerRatios,kp10,2.0333177828202462,44,256,2.9207438511347443,0.9998798775475324
powerRatios,kp10,2.0333177828202462,44,256,2.94526757839102,0.9999033438242226
powerRatios,kp10,2.0333177828202462,44,256,2.9698884956599376,0.9998278753576947
powerRatios,kp10,2.0333177828202462,44,256,2.994489139563538,0.9998287845928766
powerRatios,kp10,2.0333177828202462,44,256,3.0190382599860044,0.9998884609603974
powerRatios,kp10,2.0333177828202462,44,256,3.0435523062452345,0.9999980903815264
powerRatios,kp10,2.0333177828202462,44,256,3.068170188883887,0.9998473862620296
powerRatios,kp10,2.0333177828202462,44,256,3.0927380933296216,0.9998745490081158
powerRatios,kp10,2.0333177828202462,44,256,3.1171641214553856,0.9998337012732379
powerResidual,PL,19.40664523021168,24,25,0.32072956064263475,1.177026900244817
powerResidual,PL,19.40664523021168,24,25,0.5606619683395725,0.8961633361875905
powerResidual,PL,19.40664523021168,24,25,0.787700109846164,0.8895839102679105
powerResidual,PL,19.40664523021168,24,25,1.0205350124370263,1.111861117910157
powerResidual,PL,19.40664523021168,24,25,1.2811623763405762,1.1959393578601425
powerResidual,PL,19.40664523021168,24,25,1.5386083750512618,1.0502824911658262
powerResidual,PL,19.40664523021168,24,25,1.7773229368951355,1.0763454390198186
powerResidual,PL,19.40664523021168,24,25,2.016922174616909,1.0918702521175154
powerResidual,PL,19.40664523021168,24,25,2.276370248265442,1.1797377529461195
powerResidual,PL,19.40664523021168,24,25,2.6555820953061753,1.1495462841490707
powerResidual,PL,19.40664523021168,24,25,3.148293421337452,1.1397942127457503
powerResidual,PL,19.40664523021168,24,25,3.532090381332477,1.1064035321591277
powerResidual,PL,19.40664523021168,24,25,3.8962643221940114,1.1734910617950687
powerResidual,PL,19.40664523021168,24,25,4.529325768196214,1.1308410136981812
powerResidual,PL,19.40664523021168,24,25,5.157012915688425,1.1607844846098931
powerResidual,PL,19.40664523021168,24,25,5.782579823298813,1.1470261381475138
powerResidual,PL,19.40664523021168,24,25,6.660437680824444,1.180599429199796
powerResidual,PL,19.40664523021168,24,25,7.665913166469069,1.220953056593553
powerResidual,PL,19.40664523021168,24,25,8.6700216291127,1.2252304474889464
powerResidual,PL,19.40664523021168,24,25,9.799095787898858,1.2351070198905056
powerResidual,PL,19.40664523021168,24,25,11.180062428766915,1.2394060080930498
powerResidual,PL,19.40664523021168,24,25,12.811282235606654,1.2690559970578006
powerResidual,PL,19.40664523021168,24,25,14.570801845778535,1.268921307214422
powerResidual,PL,19.40664523021168,24,25,16.57742737865781,1.2769177595359678
powerResidual,PL,19.40664523021168,24,25,18.840510928821786,1.2743437320276687
powerResidual,PL,19.40664523021168,24,25,21.349923910684907,1.2768134708635586
powerResidual,PL,19.40664523021168,24,25,24.362498756292283,1.2537707531285371
powerResidual,PL,19.40664523021168,24,25,27.754680673074787,1.2598331940868672
powerResidual,PL,19.40664523021168,24,25,31.521673395153062,1.23511940787388
powerResidual,PL,14.331814598205613,27,25,0.32072956064263475,1.1625302139196085
powerResidual,PL,14.331814598205613,27,25,0.5606619683395725,0.9000921381463098
powerResidual,PL,14.331814598205613,27,25,0.787700109846164,0.9005691565319892
powerResidual,PL,14.331814598205613,27,25,1.0205350124370263,1.124585788808164
powerResidual,PL,14.331814598205613,27,25,1.2811623763405762,1.2182620347570992
powerResidual,PL,14.331814598205613,27,25,1.5386083750512618,1.0766754146556061
powerResidual,PL,14.331814598205613,27,25,1.7773229368951355,1.1059478934284084
powerResidual,PL,14.331814598205613,27,25,2.016922174616909,1.1458855776728694
powerResidual,PL,14.331814598205613,27,25,2.4030298435778326,1.1950884728180118
powerResidual,PL,14.331814598205613,27,25,2.7799951337842748,1.2312560171929232
powerResidual,PL,14.331814598205613,27,25,3.148293421337452,1.1959619614891923
powerResidual,PL,14.331814598205613,27,25,3.651082924852382,1.193146020408789
powerResidual,PL,14.331814598205613,27,25,4.149469091170711,1.253777527907711
powerResidual,PL,14.331814598205613,27,25,4.7799630952386085,1.2310624717635676
powerResidual,PL,14.331814598205613,27,25,5.532963676549,1.258928412562347
powerResidual,PL,14.331814598205613,27,25,6.40768192994468,1.2313611853624278
powerResidual,PL,14.331814598205613,27,25,7.41529776158261,1.3061488275436877
powerResidual,PL,14.331814598205613,27,25,8.418376766391546,1.3250805508248273
powerResidual,PL,14.331814598205613,27,25,9.670378749687739,1.3431947412191059
powerResidual,PL,14.331814598205613,27,25,11.180062428766915,1.3554741584454175
powerResidual,PL,14.331814598205613,27,25,12.811282235606654,1.3759125607381757
powerResidual,PL,14.331814598205613,27,25,14.693999053163644,1.3914672109516868
powerResidual,PL,14.331814598205613,27,25,16.828709810131077,1.3834811239300315
powerResidual,PL,14.331814598205613,27,25,19.33781160235307,1.3653388775697934
powerResidual,PL,14.331814598205613,27,25,22.22788709565168,1.3716259593487212
powerResidual,PL,14.331814598205613,27,25,25.49105515793232,1.3542865311616983
powerResidual,PL,14.331814598205613,27,25,29.258110970798377,1.3268160266516076
powerResidual,PL,10.51901923231075,30,25,0.32072956064263475,1.1433906220355248
powerResidual,PL,10.51901923231075,30,25,0.5606619683395725,0.9057332745518545
powerResidual,PL,10.51901923231075,30,25,0.787700109846164,0.9137767203863055
powerResidual,PL,10.51901923231075,30,25,1.0205350124370263,1.1351047936619585
powerResidual,PL,10.51901923231075,30,25,1.2811623763405762,1.2400252781478318
powerResidual,PL,10.51901923231075,30,25,1.5386083750512618,1.1017284623502794
powerResidual,PL,10.51901923231075,30,25,1.7773229368951355,1.1379226309649342
powerResidual,PL,10.51901923231075,30,25,2.016922174616909,1.203553406540007
powerResidual,PL,10.51901923231075,30,25,2.276370248265442,1.2531446282668197
powerResidual,PL,10.51901923231075,30,25,2.5367369097912875,1.159012769005997
powerResidual,PL,10.51901923231075,30,25,2.8990729604410603,1.2776949824598915
powerResidual,PL,10.51901923231075,30,25,3.4029375450016945,1.2296495695051382
powerResidual,PL,10.51901923231075,30,25,3.8962643221940114,1.2606799537719138
powerResidual,PL,10.51901923231075,30,25,4.529325768196214,1.2595182987048907
powerResidual,PL,10.51901923231075,30,25,5.281082799787281,1.2795495686748666
powerResidual,PL,10.51901923231075,30,25,6.032211988680406,1.3197869484351457
powerResidual,PL,10.51901923231075,30,25,6.912966784883704,1.3268261321884234
powerResidual,PL,10.51901923231075,30,25,7.916032318937552,1.341257808630891
powerResidual,PL,10.51901923231075,30,25,9.167784386799854,1.3549657878810353
powerResidual,PL,10.51901923231075,30,25,10.676813721239078,1.3639759402591871
powerResidual,PL,10.51901923231075,30,25,12.307894307036452,1.3581372470016824
powerResidual,PL,10.51901923231075,30,25,14.191236201951815,1.3516616201925737
powerResidual,PL,10.51901923231075,30,25,16.325873206659782,1.3268472277647843
powerResidual,PL,10.51901923231075,30,25,18.834933875270654,1.3257992550683007
powerResidual,PL,10.51901923231075,30,25,21.724701130885585,1.2823014677327793
powerResidual,PL,10.51901923231075,30,25,24.98816055619332,1.2542675599788207
powerResidual,PL,10.51901923231075,30,25,28.7550216942583,1.2280409145399407
powerResidual,PL,2.0333177828202462,44,25,0.32072956064263475,0.8260445400391646
powerResidual,PL,2.0333177828202462,44,25,0.5606619683395725,0.7213541862739761
powerResidual,PL,2.0333177828202462,44,25,0.787700109846164,0.6696118739961333
powerResidual,PL,2.0333177828202462,44,25,1.0205350124370263,0.7182607494468668
powerResidual,PL,2.0333177828202462,44,25,1.2811623763405762,0.7696052629874738
powerResidual,PL,2.0333177828202462,44,25,1.5386083750512618,0.6487772185515053
powerResidual,PL,2.0333177828202462,44,25,1.7773229368951355,0.6887575889604648
powerResidual,PL,2.0333177828202462,44,25,2.016922174616909,0.6697718813538425
powerResidual,PL,2.0333177828202462,44,25,2.276370248265442,0.6874712797959237
powerResidual,PL,2.0333177828202462,44,25,2.5367369097912875,0.6781438813399062
powerResidual,PL,2.0333177828202462,44,25,2.8990729604410603,0.6794083568182997
powerResidual,PL,2.0333177828202462,44,25,3.4029375450016945,0.6850455802364496
powerResidual,PL,2.0333177828202462,44,25,3.8962643221940114,0.6954461224094597
powerResidual,PL,2.0333177828202462,44,25,4.529325768196214,0.7270535469458855
powerResidual,PL,2.0333177828202462,44,25,5.281082799787281,0.76728727916662
powerResidual,PL,2.0333177828202462,44,25,6.032211988680406,0.7985709390607119
powerResidual,PL,2.0333177828202462,44,25,6.912966784883704,0.7995154110598109
powerResidual,PL,2.0333177828202462,44,25,7.916032318937552,0.8442070967767029
powerResidual,PL,2.0333177828202462,44,25,9.167784386799854,0.887978846076462
powerResidual,PL,2.0333177828202462,44,25,10.676813721239078,0.8973979926261333
powerResidual,PL,2.0333177828202462,44,25,12.307894307036452,0.9113050501681725
powerResidual,PL,2.0333177828202462,44,25,14.191236201951815,0.9073600859446075
powerResidual,PL,2.0333177828202462,44,25,16.325873206659782,0.9183137606376091
powerResidual,PL,2.0333177828202462,44,25,18.834933875270654,0.9162989608674087
powerResidual,PL,2.0333177828202462,44,25,21.724701130885585,0.931745811032431
powerResidual,PL,2.0333177828202462,44,25,24.98816055619332,0.9523838086817982
powerResidual,PL,2.0333177828202462,44,25,28.7550216942583,0.9671531506697191
powerResidual,kp1,19.40664523021168,24,25,0.32072956064263475,1.1764900130717948
powerResidual,kp1,19.40664523021168,24,25,0.5606619683395725,0.89521734550482
powerResidual,kp1,19.40664523021168,24,25,0.787700109846164,0.8867807250209424
powerResidual,kp1,19.40664523021168,24,25,1.0205350124370263,1.1072276500624874
powerResidual,kp1,19.40664523021168,24,25,1.2811623763405762,1.173555869501238
powerResidual,kp1,19.40664523021168,24,25,1.5386083750512618,1.023198405178508
powerResidual,kp1,19.40664523021168,24,25,1.7773229368951355,1.0466903470917244
powerResidual,kp1,19.40664523021168,24,25,2.016922174616909,1.0546976159796635
powerResidual,kp1,19.40664523021168,24,25,2.276370248265442,1.1395680049913794
powerResidual,kp1,19.40664523021168,24,25,2.5367369097912875,1.0837182401994634
powerResidual,kp1,19.40664523021168,24,25,2.8990729604410603,1.1100143129550157
powerResidual,kp1,19.40664523021168,24,25,3.4029375450016945,1.085031535403425
powerResidual,kp1,19.40664523021168,24,25,3.8962643221940114,1.118208347640947
powerResidual,kp1,19.40664523021168,24,25,4.529325768196214,1.0755594181452426
powerResidual,kp1,19.40664523021168,24,25,5.281082799787281,1.0937090526629218
powerResidual,kp1,19.40664523021168,24,25,6.032211988680406,1.121534746294687
powerResidual,kp1,19.40664523021168,24,25,6.912966784883704,1.1294674547189518
powerResidual,kp1,19.40664523021168,24,25,7.916032318937552,1.1254869094078435
powerResidual,kp1,19.40664523021168,24,25,9.167784386799854,1.1585300155013132
powerResidual,kp1,19.40664523021168,24,25,10.676813721239078,1.152098913040167
powerResidual,kp1,19.40664523021168,24,25,12.307894307036452,1.146075618621412
powerResidual,kp1,19.40664523021168,24,25,14.191236201951815,1.1688514621575083
powerResidual,kp1,19.40664523021168,24,25,16.325873206659782,1.1722356877674376
powerResidual,kp1,19.40664523021168,24,25,18.834933875270654,1.176809744364317
powerResidual,kp1,19.40664523021168,24,25,21.724701130885585,1.170168401625943
powerResidual,kp1,19.40664523021168,24,25,24.98816055619332,1.1652542488972069
powerResidual,kp1,19.40664523021168,24,25,28.7550216942583,1.1589594339523173
powerResidual,kp1,14.331814598205613,27,25,0.32072956064263475,1.1618260284761233
powerResidual,kp1,14.331814598205613,27,25,0.5606619683395725,0.8983610214929687
powerResidual,kp1,14.331814598205613,27,25,0.787700109846164,0.894653687520892
powerResidual,kp1,14.331814598205613,27,25,1.0205350124370263,1.1087568821143823
powerResidual,kp1,14.331814598205613,27,25,1.2811623763405762,1.1805056896476471
powerResidual,kp1,14.331814598205613,27,25,1.5386083750512618,1.0320359251671887
powerResidual,kp1,14.331814598205613,27,25,1.7773229368951355,1.0535438763809677
powerResidual,kp1,14.331814598205613,27,25,2.016922174616909,1.0819673603625775
powerResidual,kp1,14.331814598205613,27,25,2.276370248265442,1.1495127413795017
powerResidual,kp1,14.331814598205613,27,25,2.5367369097912875,1.076647573693631
powerResidual,kp1,14.331814598205613,27,25,2.8990729604410603,1.1349828834152924
powerResidual,kp1,14.331814598205613,27,25,3.4029375450016945,1.0960023862356982
powerResidual,kp1,14.331814598205613,27,25,3.8962643221940114,1.1216518720938922
powerResidual,kp1,14.331814598205613,27,25,4.529325768196214,1.0928119932664326
powerResidual,kp1,14.331814598205613,27,25,5.281082799787281,1.105889132797866
powerResidual,kp1,14.331814598205613,27,25,6.032211988680406,1.1389488257987723
powerResidual,kp1,14.331814598205613,27,25,6.912966784883704,1.140293773772526
powerResidual,kp1,14.331814598205613,27,25,7.916032318937552,1.1424346555456375
powerResidual,kp1,14.331814598205613,27,25,9.167784386799854,1.164531053905199
powerResidual,kp1,14.331814598205613,27,25,10.676813721239078,1.1655297641601197
powerResidual,kp1,14.331814598205613,27,25,12.307894307036452,1.1581929275158476
powerResidual,kp1,14.331814598205613,27,25,14.191236201951815,1.16792026983198
powerResidual,kp1,14.331814598205613,27,25,16.325873206659782,1.1678486596310145
powerResidual,kp1,14.331814598205613,27,25,18.834933875270654,1.1630687385207994
powerResidual,kp1,14.331814598205613,27,25,21.724701130885585,1.1529008068119309
powerResidual,kp1,14.331814598205613,27,25,24.98816055619332,1.141937004782677
powerResidual,kp1,14.331814598205613,27,25,28.7550216942583,1.1358151815720523
powerResidual,kp1,10.51901923231075,30,25,0.32072956064263475,1.1427820697811186
powerResidual,kp1,10.51901923231075,30,25,0.5606619683395725,0.9032937798333259
powerResidual,kp1,10.51901923231075,30,25,0.787700109846164,0.9041763378685423
powerResidual,kp1,10.51901923231075,30,25,1.0205350124370263,1.1054820759636572
powerResidual,kp1,10.51901923231075,30,25,1.2811623763405762,1.1845845588096473
powerResidual,kp1,10.51901923231075,30,25,1.5386083750512618,1.037097393986182
powerResidual,kp1,10.51901923231075,30,25,1.7773229368951355,1.058696884874235
powerResidual,kp1,10.51901923231075,30,25,2.016922174616909,1.108477599367904
powerResidual,kp1,10.51901923231075,30,25,2.276370248265442,1.149954477526875
powerResidual,kp1,10.51901923231075,30,25,2.5367369097912875,1.0630118373755197
powerResidual,kp1,10.51901923231075,30,25,2.8990729604410603,1.1528923766795534
powerResidual,kp1,10.51901923231075,30,25,3.4029375450016945,1.0975128070891382
powerResidual,kp1,10.51901923231075,30,25,3.8962643221940114,1.1105985285427147
powerResidual,kp1,10.51901923231075,30,25,4.529325768196214,1.0987852660187123
powerResidual,kp1,10.51901923231075,30,25,5.281082799787281,1.105132718728689
powerResidual,kp1,10.51901923231075,30,25,6.032211988680406,1.1221536600478796
powerResidual,kp1,10.51901923231075,30,25,6.912966784883704,1.1240348249679664
powerResidual,kp1,10.51901923231075,30,25,7.916032318937552,1.1257954789077205
powerResidual,kp1,10.51901923231075,30,25,9.167784386799854,1.1324960800901052
powerResidual,kp1,10.51901923231075,30,25,10.676813721239078,1.1268897417586279
powerResidual,kp1,10.51901923231075,30,25,12.307894307036452,1.1333011622296645
powerResidual,kp1,10.51901923231075,30,25,14.191236201951815,1.1289483821109543
powerResidual,kp1,10.51901923231075,30,25,16.325873206659782,1.11973527004601
powerResidual,kp1,10.51901923231075,30,25,18.834933875270654,1.125370102911364
powerResidual,kp1,10.51901923231075,30,25,21.724701130885585,1.113769670692479
powerResidual,kp1,10.51901923231075,30,25,24.98816055619332,1.101396840390637
powerResidual,kp1,10.51901923231075,30,25,28.7550216942583,1.11132564090315
powerResidual,kp1,2.0333177828202462,44,25,0.32072956064263475,0.9044650344270128
powerResidual,kp1,2.0333177828202462,44,25,0.5606619683395725,0.8228724767691339
powerResidual,kp1,2.0333177828202462,44,25,0.787700109846164,0.7709246883349252
powerResidual,kp1,2.0333177828202462,44,25,1.0205350124370263,0.8123372814685164
powerResidual,kp1,2.0333177828202462,44,25,1.2811623763405762,0.8574812600509412
powerResidual,kp1,2.0333177828202462,44,25,1.5386083750512618,0.7086730569392048
powerResidual,kp1,2.0333177828202462,44,25,1.7773229368951355,0.7468005343663063
powerResidual,kp1,2.0333177828202462,44,25,2.016922174616909,0.7237483010445289
powerResidual,kp1,2.0333177828202462,44,25,2.276370248265442,0.7301475847316378
powerResidual,kp1,2.0333177828202462,44,25,2.5367369097912875,0.7224476884031044
powerResidual,kp1,2.0333177828202462,44,25,2.8990729604410603,0.7244056988512532
powerResidual,kp1,2.0333177828202462,44,25,3.4029375450016945,0.7205143903553339
powerResidual,kp1,2.0333177828202462,44,25,3.8962643221940114,0.7268466942470311
powerResidual,kp1,2.0333177828202462,44,25,4.529325768196214,0.7511778164673751
powerResidual,kp1,2.0333177828202462,44,25,5.281082799787281,0.7891417159038414
powerResidual,kp1,2.0333177828202462,44,25,6.032211988680406,0.8140960295368129
powerResidual,kp1,2.0333177828202462,44,25,6.912966784883704,0.8120116571446885
powerResidual,kp1,2.0333177828202462,44,25,7.916032318937552,0.8603049022785941
powerResidual,kp1,2.0333177828202462,44,25,9.167784386799854,0.9057247908278071
powerResidual,kp1,2.0333177828202462,44,25,10.676813721239078,0.9191145726357516
powerResidual,kp1,2.0333177828202462,44,25,12.307894307036452,0.9256768403883336
powerResidual,kp1,2.0333177828202462,44,25,14.191236201951815,0.9303392118424924
powerResidual,kp1,2.0333177828202462,44,25,16.325873206659782,0.9325604218818266
powerResidual,kp1,2.0333177828202462,44,25,18.834933875270654,0.9468046676852342
powerResidual,kp1,2.0333177828202462,44,25,21.724701130885585,0.9491982062494856
powerResidual,kp1,2.0333177828202462,44,25,24.98816055619332,0.940964420606856
powerResidual,kp1,2.0333177828202462,44,25,28.7550216942583,0.9395835225982233
powerResidual,kp10,19.40664523021168,24,25,0.32072956064263475,1.177042185312024
powerResidual,kp10,19.40664523021168,24,25,0.5606619683395725,0.8962031114764077
powerResidual,kp10,19.40664523021168,24,25,0.787700109846164,0.8896912772451736
powerResidual,kp10,19.40664523021168,24,25,1.0205350124370263,1.1120356861055003
powerResidual,kp10,19.40664523021168,24,25,1.2811623763405762,1.1962369706985763
powerResidual,kp10,19.40664523021168,24,25,1.5386083750512618,1.0505768741505486
powerResidual,kp10,19.40664523021168,24,25,1.7773229368951355,1.0766872273867774
powerResidual,kp10,19.40664523021168,24,25,2.016922174616909,1.0922540473566433
powerResidual,kp10,19.40664523021168,24,25,2.276370248265442,1.1801248439555854
powerResidual,kp10,19.40664523021168,24,25,2.6555820953061753,1.1498623432402852
powerResidual,kp10,19.40664523021168,24,25,3.0232513459545807,1.1221457985467609
powerResidual,kp10,19.40664523021168,24,25,3.4029375450016945,1.1347900006740892
powerResidual,kp10,19.40664523021168,24,25,4.020365626937881,1.1622977830467183
powerResidual,kp10,19.40664523021168,24,25,4.659082728303963,1.1512396388240507
powerResidual,kp10,19.40664523021168,24,25,5.281082799787281,1.1567947913451635
powerResidual,kp10,19.40664523021168,24,25,6.032211988680406,1.1901684927436649
powerResidual,kp10,19.40664523021168,24,25,6.912966784883704,1.2013704509348488
powerResidual,kp10,19.40664523021168,24,25,7.916032318937552,1.1998558601613474
powerResidual,kp10,19.40664523021168,24,25,9.045423690007606,1.2338760760500815
powerResidual,kp10,19.40664523021168,24,25,10.424956010407,1.229511840093003
powerResidual,kp10,19.40664523021168,24,25,11.933575365542753,1.2057650465972511
powerResidual,kp10,19.40664523021168,24,25,13.688513712259034,1.222322074103853
powerResidual,kp10,19.40664523021168,24,25,15.699643288827996,1.1956283439336084
powerResidual,kp10,19.40664523021168,24,25,17.957990256676865,1.1863031953537022
powerResidual,kp10,19.40664523021168,24,25,20.595471029016156,1.1831188470394187
powerResidual,kp10,19.40664523021168,24,25,23.60787959982905,1.1700234313639557
powerResidual,kp10,19.40664523021168,24,25,27.123267382734223,1.1553430129691113
powerResidual,kp10,19.40664523021168,24,25,31.141623950234145,1.1299958666539673
powerResidual,kp10,14.331814598205613,27,25,0.32072956064263475,1.1626280838363114
powerResidual,kp10,14.331814598205613,27,25,0.5606619683395725,0.9005295599783992
powerResidual,kp10,14.331814598205613,27,25,0.787700109846164,0.901626613869978
powerResidual,kp10,14.331814598205613,27,25,1.0205350124370263,1.1268065516335208
powerResidual,kp10,14.331814598205613,27,25,1.2811623763405762,1.221672612215526
powerResidual,kp10,14.331814598205613,27,25,1.5386083750512618,1.0805249111172552
powerResidual,kp10,14.331814598205613,27,25,1.7773229368951355,1.110658215029932
powerResidual,kp10,14.331814598205613,27,25,2.016922174616909,1.1513936468588002
powerResidual,kp10,14.331814598205613,27,25,2.276370248265442,1.2262361613883848
powerResidual,kp10,14.331814598205613,27,25,2.5367369097912875,1.1475111786539705
powerResidual,kp10,14.331814598205613,27,25,2.8990729604410603,1.2259761543429857
powerResidual,kp10,14.331814598205613,27,25,3.4029375450016945,1.1951656061430183
powerResidual,kp10,14.331814598205613,27,25,3.8962643221940114,1.2346654306190292
powerResidual,kp10,14.331814598205613,27,25,4.529325768196214,1.2129397029694453
powerResidual,kp10,14.331814598205613,27,25,5.281082799787281,1.2418976819634382
powerResidual,kp10,14.331814598205613,27,25,6.032211988680406,1.2940183270320744
powerResidual,kp10,14.331814598205613,27,25,6.912966784883704,1.30497664734048
powerResidual,kp10,14.331814598205613,27,25,7.916032318937552,1.3195976859812397
powerResidual,kp10,14.331814598205613,27,25,9.167784386799854,1.3630852045525743
powerResidual,kp10,14.331814598205613,27,25,10.676813721239078,1.363633658476804
powerResidual,kp10,14.331814598205613,27,25,12.307894307036452,1.3182073238249936
powerResidual,kp10,14.331814598205613,27,25,14.191236201951815,1.3155359742013704
powerResidual,kp10,14.331814598205613,27,25,16.325873206659782,1.3005940443037607
powerResidual,kp10,14.331814598205613,27,25,18.834933875270654,1.283362906993585
powerResidual,kp10,14.331814598205613,27,25,21.724701130885585,1.2671323851665788
powerResidual,kp10,14.331814598205613,27,25,24.98816055619332,1.2412142236331554
powerResidual,kp10,14.331814598205613,27,25,28.7550216942583,1.2155020555649592
powerResidual,kp10,10.51901923231075,30,25,0.32072956064263475,1.1442385884424404
powerResidual,kp10,10.51901923231075,30,25,0.5606619683395725,0.9088145446647717
powerResidual,kp10,10.51901923231075,30,25,0.787700109846164,0.9199504707618932
powerResidual,kp10,10.51901923231075,30,25,1.0205350124370263,1.146463374018996
powerResidual,kp10,10.51901923231075,30,25,1.2811623763405762,1.2565962102130162
powerResidual,kp10,10.51901923231075,30,25,1.5386083750512618,1.1199815955877919
powerResidual,kp10,10.51901923231075,30,25,1.7773229368951355,1.1601006228550543
powerResidual,kp10,10.51901923231075,30,25,2.016922174616909,1.230514063975057
powerResidual,kp10,10.51901923231075,30,25,2.276370248265442,1.2850565392240725
powerResidual,kp10,10.51901923231075,30,25,2.5367369097912875,1.1920697011192105
powerResidual,kp10,10.51901923231075,30,25,2.8990729604410603,1.3195239704140502
powerResidual,kp10,10.51901923231075,30,25,3.4029375450016945,1.2768573278953523
powerResidual,kp10,10.51901923231075,30,25,3.8962643221940114,1.3158323149043645
powerResidual,kp10,10.51901923231075,30,25,4.529325768196214,1.322723605018113
powerResidual,kp10,10.51901923231075,30,25,5.281082799787281,1.3526830704553507
powerResidual,kp10,10.51901923231075,30,25,6.032211988680406,1.4034109093142828
powerResidual,kp10,10.51901923231075,30,25,6.912966784883704,1.4191803858360656
powerResidual,kp10,10.51901923231075,30,25,7.916032318937552,1.44274771401275
powerResidual,kp10,10.51901923231075,30,25,9.167784386799854,1.4682599251513686
powerResidual,kp10,10.51901923231075,30,25,10.676813721239078,1.4598132108628707
powerResidual,kp10,10.51901923231075,30,25,12.307894307036452,1.407095619827299
powerResidual,kp10,10.51901923231075,30,25,14.191236201951815,1.369847409448443
powerResidual,kp10,10.51901923231075,30,25,16.325873206659782,1.3223639036402257
powerResidual,kp10,10.51901923231075,30,25,18.834933875270654,1.3073326007695243
powerResidual,kp10,10.51901923231075,30,25,21.724701130885585,1.2540234859814665
powerResidual,kp10,10.51901923231075,30,25,24.98816055619332,1.2189794138995986
powerResidual,kp10,10.51901923231075,30,25,28.7550216942583,1.1878882894204916
powerResidual,kp10,2.0333177828202462,44,25,0.32072956064263475,0.832579224300465
powerResidual,kp10,2.0333177828202462,44,25,0.5606619683395725,0.7296518301780837
powerResidual,kp10,2.0333177828202462,44,25,0.787700109846164,0.6785991685164112
powerResidual,kp10,2.0333177828202462,44,25,1.0205350124370263,0.7286768958326078
powerResidual,kp10,2.0333177828202462,44,25,1.2811623763405762,0.7810946083689432
powerResidual,kp10,2.0333177828202462,44,25,1.5386083750512618,0.6585037079431005
powerResidual,kp10,2.0333177828202462,44,25,1.7773229368951355,0.6989360600098069
powerResidual,kp10,2.0333177828202462,44,25,2.016922174616909,0.6794381680626338
powerResidual,kp10,2.0333177828202462,44,25,2.276370248265442,0.6971349248638418
powerResidual,kp10,2.0333177828202462,44,25,2.5367369097912875,0.6873690866993389
powerResidual,kp10,2.0333177828202462,44,25,2.8990729604410603,0.6882424715798697
powerResidual,kp10,2.0333177828202462,44,25,3.4029375450016945,0.6934958858782176
powerResidual,kp10,2.0333177828202462,44,25,3.8962643221940114,0.703580305095413
powerResidual,kp10,2.0333177828202462,44,25,4.529325768196214,0.7349944869355953
powerResidual,kp10,2.0333177828202462,44,25,5.281082799787281,0.7753618732717695
powerResidual,kp10,2.0333177828202462,44,25,6.032211988680406,0.8064367984921923
powerResidual,kp10,2.0333177828202462,44,25,6.912966784883704,0.8069325108548161
powerResidual,kp10,2.0333177828202462,44,25,7.916032318937552,0.8518521567780711
powerResidual,kp10,2.0333177828202462,44,25,9.167784386799854,0.8959759219200223
powerResidual,kp10,2.0333177828202462,44,25,10.676813721239078,0.9007314280790629
powerResidual,kp10,2.0333177828202462,44,25,12.307894307036452,0.9051644948635199
powerResidual,kp10,2.0333177828202462,44,25,14.191236201951815,0.8933020651457666
powerResidual,kp10,2.0333177828202462,44,25,16.325873206659782,0.8957195829621449
powerResidual,kp10,2.0333177828202462,44,25,18.834933875270654,0.8863047533512661
powerResidual,kp10,2.0333177828202462,44,25,21.724701130885585,0.8937135938889593
powerResidual,kp10,2.0333177828202462,44,25,24.98816055619332,0.9064206712487332
powerResidual,kp10,2.0333177828202462,44,25,28.7550216942583,0.9138805969566403
powerResidual,PL,19.40664523021168,24,256,0.03132124615650729,1.0981565243331934
powerResidual,PL,19.40664523021168,24,256,0.05475214534566136,0.8538980181418431
powerResidual,PL,19.40664523021168,24,256,0.07692383885216453,0.8437650673027354
powerResidual,PL,19.40664523021168,24,256,0.09966162230830337,1.0793003553348515
powerResidual,PL,19.40664523021168,24,256,0.12511351331450943,1.1469900986602264
powerResidual,PL,19.40664523021168,24,256,0.15025472412609964,0.9992373041895956
powerResidual,PL,19.40664523021168,24,256,0.17356669305616573,1.0274067815540582
powerResidual,PL,19.40664523021168,24,256,0.19696505611493229,0.9797042212042231
powerResidual,PL,19.40664523021168,24,256,0.2223017820571719,1.0927507538128303
powerResidual,PL,19.40664523021168,24,256,0.25933418899474325,1.0621194813911288
powerResidual,PL,19.40664523021168,24,256,0.2952393892533773,1.0219058997648875
powerResidual,PL,19.40664523021168,24,256,0.3323181196290724,1.0276665369386797
powerResidual,PL,19.40664523021168,24,256,0.38049456271425836,1.0778006250265213
powerResidual,PL,19.40664523021168,24,256,0.43036673041605744,1.0356434450935863
powerResidual,PL,19.40664523021168,24,256,0.47912422134504706,1.041771564101439
powerResidual,PL,19.40664523021168,24,256,0.5403284840379885,1.0272040338547774
powerResidual,PL,19.40664523021168,24,256,0.6136871191307025,1.0074429670987957
powerResidual,PL,19.40664523021168,24,256,0.6876327138934866,1.0674956014372343
powerResidual,PL,19.40664523021168,24,256,0.7730500311462425,1.0298343730582746
powerResidual,PL,19.40664523021168,24,256,0.8713089455132572,1.0565252466438606
powerResidual,PL,19.40664523021168,24,256,0.9815042148197061,1.0420589941064526
powerResidual,PL,19.40664523021168,24,256,1.1043167800279279,1.0487185427022163
powerResidual,PL,19.40664523021168,24,256,1.2390680588849046,1.0771707331230305
powerResidual,PL,19.40664523021168,24,256,1.3983893627270858,1.0971451485123278
powerResidual,PL,19.40664523021168,24,256,1.5823032446085594,1.1261185835244218
powerResidual,PL,19.40664523021168,24,256,1.7908149424344963,1.167688367200878
powerResidual,PL,19.40664523021168,24,256,2.023807018781303,1.2128673403401395
powerResidual,PL,19.40664523021168,24,256,2.2814147890006287,1.2683292640176673
powerResidual,PL,19.40664523021168,24,256,2.5756359856692157,1.2905834744417533
powerResidual,PL,19.40664523021168,24,256,2.9068702959708497,1.2935616991124739
powerResidual,PL,14.331814598205613,27,256,0.03132124615650729,1.0963111399999521
powerResidual,PL,14.331814598205613,27,256,0.05475214534566136,0.853255640622132
powerResidual,PL,14.331814598205613,27,256,0.07692383885216453,0.8439691608556277
powerResidual,PL,14.331814598205613,27,256,0.09966162230830337,1.0812225239028537
powerResidual,PL,14.331814598205613,27,256,0.12511351331450943,1.1472568479824778
powerResidual,PL,14.331814598205613,27,256,0.15025472412609964,1.000596839907761
powerResidual,PL,14.331814598205613,27,256,0.17356669305616573,1.0292698793368527
powerResidual,PL,14.331814598205613,27,256,0.19696505611493229,0.9836648812926175
powerResidual,PL,14.331814598205613,27,256,0.2223017820571719,1.0966455107393733
powerResidual,PL,14.331814598205613,27,256,0.24772821384680527,1.08128597766762
powerResidual,PL,14.331814598205613,27,256,0.2831125937930721,1.049507734025305
powerResidual,PL,14.331814598205613,27,256,0.32016672397367135,1.05704182223453
powerResidual,PL,14.331814598205613,27,256,0.35655106688011545,1.059560127260121
powerResidual,PL,14.331814598205613,27,256,0.40522159093463883,1.0565647555490045
powerResidual,PL,14.331814598205613,27,256,0.4549885476859342,1.0311868147194185
powerResidual,PL,14.331814598205613,27,256,0.515730742166727,1.043445289288789
powerResidual,PL,14.331814598205613,27,256,0.5890832020195685,1.0213882247285184
powerResidual,PL,14.331814598205613,27,256,0.6630678120216652,1.0290358397617538
powerResidual,PL,14.331814598205613,27,256,0.7486243326629919,1.0560139365728944
powerResidual,PL,14.331814598205613,27,256,0.8587159149890353,1.0522096407836246
powerResidual,PL,14.331814598205613,27,256,0.9815042148197061,1.0462954800433082
powerResidual,PL,14.331814598205613,27,256,1.1043167800279279,1.0430486848756386
powerResidual,PL,14.331814598205613,27,256,1.2511017808209557,1.0661327609343885
powerResidual,PL,14.331814598205613,27,256,1.4229298677518092,1.0529610127605329
powerResidual,PL,14.331814598205613,27,256,1.6068593677800054,1.060001738578024
powerResidual,PL,14.331814598205613,27,256,1.8153646761211057,1.0658387833654732
powerResidual,PL,14.331814598205613,27,256,2.060378355680351,1.0806843832331512
powerResidual,PL,14.331814598205613,27,256,2.3305421486544455,1.092685354428876
powerResidual,PL,14.331814598205613,27,256,2.636752956302375,1.1039462824037358
powerResidual,PL,14.331814598205613,27,256,2.992583767580162,1.122146986848557
powerResidual,PL,10.51901923231075,30,256,0.03132124615650729,1.0940866610740079
powerResidual,PL,10.51901923231075,30,256,0.05475214534566136,0.8526284463883814
powerResidual,PL,10.51901923231075,30,256,0.07692383885216453,0.8447906110012873
powerResidual,PL,10.51901923231075,30,256,0.09966162230830337,1.0824145822165603
powerResidual,PL,10.51901923231075,30,256,0.12511351331450943,1.148156695009533
powerResidual,PL,10.51901923231075,30,256,0.15025472412609964,1.0026957093656548
powerResidual,PL,10.51901923231075,30,256,0.17356669305616573,1.030621133358436
powerResidual,PL,10.51901923231075,30,256,0.19696505611493229,0.9897085984318909
powerResidual,PL,10.51901923231075,30,256,0.23467088316189758,1.1111278830148494
powerResidual,PL,10.51901923231075,30,256,0.2714838997836198,1.0660539951576886
powerResidual,PL,10.51901923231075,30,256,0.3074505294274859,1.0479633306272187
powerResidual,PL,10.51901923231075,30,256,0.34493070130200054,1.0115217205808649
powerResidual,PL,10.51901923231075,30,256,0.39261383075565154,1.0558154334610659
powerResidual,PL,10.51901923231075,30,256,0.4549885476859342,1.0444826123754736
powerResidual,PL,10.51901923231075,30,256,0.515730742166727,1.0574515698780822
powerResidual,PL,10.51901923231075,30,256,0.5890832020195685,1.0424398784011297
powerResidual,PL,10.51901923231075,30,256,0.6630678120216652,1.0531144727574164
powerResidual,PL,10.51901923231075,30,256,0.7486243326629919,1.0824066113025044
powerResidual,PL,10.51901923231075,30,256,0.8587159149890353,1.0816109939108265
powerResidual,PL,10.51901923231075,30,256,0.9815042148197061,1.0835881859536345
powerResidual,PL,10.51901923231075,30,256,1.1162934624647138,1.0890412383032066
powerResidual,PL,10.51901923231075,30,256,1.263691586653707,1.1110186511207254
powerResidual,PL,10.51901923231075,30,256,1.4349608450355178,1.1006284622948401
powerResidual,PL,10.51901923231075,30,256,1.643428692395616,1.0975227983503293
powerResidual,PL,10.51901923231075,30,256,1.864439569423981,1.0937438481088313
powerResidual,PL,10.51901923231075,30,256,2.121552844813054,1.0874734717006032
powerResidual,PL,10.51901923231075,30,256,2.416225209533465,1.0727396310445154
powerResidual,PL,10.51901923231075,30,256,2.7469932758832933,1.0717454053780369
powerResidual,PL,10.51901923231075,30,256,3.1274116641891405,1.0697394827443807
powerResidual,PL,2.0333177828202462,44,256,0.03132124615650729,1.0697264400616995
powerResidual,PL,2.0333177828202462,44,256,0.05475214534566136,0.8445607268030041
powerResidual,PL,2.0333177828202462,44,256,0.07692383885216453,0.8505190510469535
powerResidual,PL,2.0333177828202462,44,256,0.09966162230830337,1.0840793804194422
powerResidual,PL,2.0333177828202462,44,256,0.12511351331450943,1.1428852000084282
powerResidual,PL,2.0333177828202462,44,256,0.15025472412609964,1.0144378336738755
powerResidual,PL,2.0333177828202462,44,256,0.17356669305616573,1.0241236912001312
powerResidual,PL,2.0333177828202462,44,256,0.19696505611493229,1.036340943466557
powerResidual,PL,2.0333177828202462,44,256,0.2223017820571719,1.1118129817158513
powerResidual,PL,2.0333177828202462,44,256,0.24772821384680527,1.0319279030941697
powerResidual,PL,2.0333177828202462,44,256,0.2831125937930721,1.0827971575020188
powerResidual,PL,2.0333177828202462,44,256,0.3323181196290724,1.040519773578101
powerResidual,PL,2.0333177828202462,44,256,0.38049456271425836,1.0793000510538397
powerResidual,PL,2.0333177828202462,44,256,0.44231696955041133,1.0601570034987404
powerResidual,PL,2.0333177828202462,44,256,0.515730742166727,1.0602170426395947
powerResidual,PL,2.0333177828202462,44,256,0.5890832020195685,1.0611048219695294
powerResidual,PL,2.0333177828202462,44,256,0.6750944125863017,1.0748884064251525
powerResidual,PL,2.0333177828202462,44,256,0.7730500311462425,1.074182052861209
powerResidual,PL,2.0333177828202462,44,256,0.8952914440234218,1.0968833660479755
powerResidual,PL,2.0333177828202462,44,256,1.04265758996475,1.1037737094112752
powerResidual,PL,2.0333177828202462,44,256,1.2019428034215334,1.0913122087822589
powerResidual,PL,2.0333177828202462,44,256,1.3858629103468518,1.106577259994528
powerResidual,PL,2.0333177828202462,44,256,1.5943235553378718,1.1114659269117892
powerResidual,PL,2.0333177828202462,44,256,1.8393490112569042,1.0950551808144564
powerResidual,PL,2.0333177828202462,44,256,2.121552844813054,1.0849520991726134
powerResidual,PL,2.0333177828202462,44,256,2.4402500543157206,1.0847880086504744
powerResidual,PL,2.0333177828202462,44,256,2.808107587329926,1.0735153354614608
powerResidual,kp1,19.40664523021168,24,256,0.03132124615650729,1.0977741251254312
powerResidual,kp1,19.40664523021168,24,256,0.05475214534566136,0.8534787663103474
powerResidual,kp1,19.40664523021168,24,256,0.07692383885216453,0.8433805198100823
powerResidual,kp1,19.40664523021168,24,256,0.09966162230830337,1.079013342526412
powerResidual,kp1,19.40664523021168,24,256,0.12511351331450943,1.146522349681642
powerResidual,kp1,19.40664523021168,24,256,0.15025472412609964,0.9987071486687766
powerResidual,kp1,19.40664523021168,24,256,0.17356669305616573,1.0272915722924651
powerResidual,kp1,19.40664523021168,24,256,0.19696505611493229,0.9791900852390919
powerResidual,kp1,19.40664523021168,24,256,0.2223017820571719,1.092167604334346
powerResidual,kp1,19.40664523021168,24,256,0.24772821384680527,1.0792643313500945
powerResidual,kp1,19.40664523021168,24,256,0.2831125937930721,1.0440439886225912
powerResidual,kp1,19.40664523021168,24,256,0.32016672397367135,1.050598807020942
powerResidual,kp1,19.40664523021168,24,256,0.35655106688011545,1.0534992928992908
powerResidual,kp1,19.40664523021168,24,256,0.4174657854373361,1.047886897286388
powerResidual,kp1,19.40664523021168,24,256,0.47912422134504706,1.0387045591064163
powerResidual,kp1,19.40664523021168,24,256,0.5403284840379885,1.0224926200561495
powerResidual,kp1,19.40664523021168,24,256,0.6136871191307025,1.0046596022706886
powerResidual,kp1,19.40664523021168,24,256,0.6876327138934866,1.059460169015913
powerResidual,kp1,19.40664523021168,24,256,0.7730500311462425,1.016114050463218
powerResidual,kp1,19.40664523021168,24,256,0.883342157227304,1.0466488135126544
powerResidual,kp1,19.40664523021168,24,256,1.006048294955327,1.0175481880282846
powerResidual,kp1,19.40664523021168,24,256,1.1408206544792765,1.0127611224563668
powerResidual,kp1,19.40664523021168,24,256,1.3002385088355326,1.0184768623919562
powerResidual,kp1,19.40664523021168,24,256,1.472071550820241,1.0065730009269922
powerResidual,kp1,19.40664523021168,24,256,1.6679888204921054,1.0159237583079082
powerResidual,kp1,19.40664523021168,24,256,1.9010260217438788,1.00990922296196
powerResidual,kp1,19.40664523021168,24,256,2.158681518030176,1.01232188309185
powerResidual,kp1,19.40664523021168,24,256,2.440770370127193,1.008228617093104
powerResidual,kp1,19.40664523021168,24,256,2.77154978403384,1.0015155796455804
powerResidual,kp1,14.331814598205613,27,256,0.03132124615650729,1.0959742469263571
powerResidual,kp1,14.331814598205613,27,256,0.05475214534566136,0.852923531048084
powerResidual,kp1,14.331814598205613,27,256,0.07692383885216453,0.8437106075771484
powerResidual,kp1,14.331814598205613,27,256,0.09966162230830337,1.080775296268691
powerResidual,kp1,14.331814598205613,27,256,0.12511351331450943,1.147008580168719
powerResidual,kp1,14.331814598205613,27,256,0.15025472412609964,1.0002082531203889
powerResidual,kp1,14.331814598205613,27,256,0.17356669305616573,1.028782343931239
powerResidual,kp1,14.331814598205613,27,256,0.20925028787875136,1.0302738044152961
powerResidual,kp1,14.331814598205613,27,256,0.24772821384680527,1.0810586004093734
powerResidual,kp1,14.331814598205613,27,256,0.2714838997836198,1.057651406427093
powerResidual,kp1,14.331814598205613,27,256,0.3074505294274859,1.041754584110712
powerResidual,kp1,14.331814598205613,27,256,0.35655106688011545,1.0587946841887437
powerResidual,kp1,14.331814598205613,27,256,0.40522159093463883,1.0556012952890585
powerResidual,kp1,14.331814598205613,27,256,0.4549885476859342,1.0301339161661065
powerResidual,kp1,14.331814598205613,27,256,0.515730742166727,1.041509242632067
powerResidual,kp1,14.331814598205613,27,256,0.5890832020195685,1.0185121761498528
powerResidual,kp1,14.331814598205613,27,256,0.6750944125863017,1.0499203907790868
powerResidual,kp1,14.331814598205613,27,256,0.7730500311462425,1.0313707741527043
powerResidual,kp1,14.331814598205613,27,256,0.883342157227304,1.0665910854789544
powerResidual,kp1,14.331814598205613,27,256,1.006048294955327,1.032490635404302
powerResidual,kp1,14.331814598205613,27,256,1.152836960220121,1.0199409935964745
powerResidual,kp1,14.331814598205613,27,256,1.3247682556062508,1.0145112929061082
powerResidual,kp1,14.331814598205613,27,256,1.5086132214517116,1.007790640338221
powerResidual,kp1,14.331814598205613,27,256,1.717147301504339,1.0012836631013098
powerResidual,kp1,14.331814598205613,27,256,1.9501423932188078,0.9818241879796121
powerResidual,kp1,14.331814598205613,27,256,2.2197845624175416,0.9664385545567419
powerResidual,kp1,14.331814598205613,27,256,2.5385214236108835,0.9539258468811591
powerResidual,kp1,14.331814598205613,27,256,2.8943409610503323,0.9355283903191802
powerResidual,kp1,10.51901923231075,30,256,0.03132124615650729,1.0936979776121314
powerResidual,kp1,10.51901923231075,30,256,0.05475214534566136,0.8522818813949223
powerResidual,kp1,10.51901923231075,30,256,0.07692383885216453,0.8444468669837896
powerResidual,kp1,10.51901923231075,30,256,0.09966162230830337,1.081959685396733
powerResidual,kp1,10.51901923231075,30,256,0.12511351331450943,1.1477136380499193
powerResidual,kp1,10.51901923231075,30,256,0.15025472412609964,1.0022762733212296
powerResidual,kp1,10.51901923231075,30,256,0.17356669305616573,1.0302680833516769
powerResidual,kp1,10.51901923231075,30,256,0.19696505611493229,0.9892628772602585
powerResidual,kp1,10.51901923231075,30,256,0.23467088316189758,1.1106322578493704
powerResidual,kp1,10.51901923231075,30,256,0.2714838997836198,1.065545707312624
powerResidual,kp1,10.51901923231075,30,256,0.3074505294274859,1.047452716572072
powerResidual,kp1,10.51901923231075,30,256,0.35655106688011545,1.0651122802380533
powerResidual,kp1,10.51901923231075,30,256,0.40522159093463883,1.066249744909248
powerResidual,kp1,10.51901923231075,30,256,0.46679327101939533,1.05084379398232
powerResidual,kp1,10.51901923231075,30,256,0.5403284840379885,1.0588603543389044
powerResidual,kp1,10.51901923231075,30,256,0.6136871191307025,1.0404178909046125
powerResidual,kp1,10.51901923231075,30,256,0.6996356608761835,1.08738665928065
powerResidual,kp1,10.51901923231075,30,256,0.8095816739630298,1.0574393475455048
powerResidual,kp1,10.51901923231075,30,256,0.9323844656621748,1.0660562033157428
powerResidual,kp1,10.51901923231075,30,256,1.0672723359460794,1.0437115692907128
powerResidual,kp1,10.51901923231075,30,256,1.226499288949326,1.0494707329312634
powerResidual,kp1,10.51901923231075,30,256,1.4104095800602772,1.0420463478211266
powerResidual,kp1,10.51901923231075,30,256,1.6188893924470529,1.033103947342614
powerResidual,kp1,10.51901923231075,30,256,1.8518994088294254,1.0205761073326698
powerResidual,kp1,10.51901923231075,30,256,2.121552844813054,1.0039409373042654
powerResidual,kp1,10.51901923231075,30,256,2.4402500543157206,0.9853716130534543
powerResidual,kp1,10.51901923231075,30,256,2.808107587329926,0.9595250061099874
powerResidual,kp1,2.0333177828202462,44,256,0.03132124615650729,1.0698802516570498
powerResidual,kp1,2.0333177828202462,44,256,0.05475214534566136,0.8461356395702128
powerResidual,kp1,2.0333177828202462,44,256,0.07692383885216453,0.8548951369035287
powerResidual,kp1,2.0333177828202462,44,256,0.09966162230830337,1.0965758394495302
powerResidual,kp1,2.0333177828202462,44,256,0.12511351331450943,1.1668542812773761
powerResidual,kp1,2.0333177828202462,44,256,0.15025472412609964,1.046943894840013
powerResidual,kp1,2.0333177828202462,44,256,0.17356669305616573,1.0686641905962493
powerResidual,kp1,2.0333177828202462,44,256,0.19696505611493229,1.0911464832987217
powerResidual,kp1,2.0333177828202462,44,256,0.2223017820571719,1.182662055055557
powerResidual,kp1,2.0333177828202462,44,256,0.24772821384680527,1.1069694144561137
powerResidual,kp1,2.0333177828202462,44,256,0.2831125937930721,1.1739869349520542
powerResidual,kp1,2.0333177828202462,44,256,0.3323181196290724,1.1425454129481076
powerResidual,kp1,2.0333177828202462,44,256,0.38049456271425836,1.198028980666401
powerResidual,kp1,2.0333177828202462,44,256,0.44231696955041133,1.1907911644944318
powerResidual,kp1,2.0333177828202462,44,256,0.515730742166727,1.204733753528234
powerResidual,kp1,2.0333177828202462,44,256,0.5890832020195685,1.216406360364886
powerResidual,kp1,2.0333177828202462,44,256,0.6750944125863017,1.2402208619967798
powerResidual,kp1,2.0333177828202462,44,256,0.7730500311462425,1.2414105285436474
powerResidual,kp1,2.0333177828202462,44,256,0.8952914440234218,1.2600466417387846
powerResidual,kp1,2.0333177828202462,44,256,1.04265758996475,1.2504275370965894
powerResidual,kp1,2.0333177828202462,44,256,1.2019428034215334,1.214802701750783
powerResidual,kp1,2.0333177828202462,44,256,1.3858629103468518,1.2069093892917402
powerResidual,kp1,2.0333177828202462,44,256,1.5943235553378718,1.1869775318008446
powerResidual,kp1,2.0333177828202462,44,256,1.8393490112569042,1.1485994139804943
powerResidual,kp1,2.0333177828202462,44,256,2.121552844813054,1.1197681736071523
powerResidual,kp1,2.0333177828202462,44,256,2.4402500543157206,1.1096633691539706
powerResidual,kp1,2.0333177828202462,44,256,2.808107587329926,1.0854223022933611
powerResidual,kp10,19.40664523021168,24,256,0.03132124615650729,1.0981554666843405
powerResidual,kp10,19.40664523021168,24,256,0.05475214534566136,0.8538907327168118
powerResidual,kp10,19.40664523021168,24,256,0.07692383885216453,0.8437581535357924
powerResidual,kp10,19.40664523021168,24,256,0.09966162230830337,1.0792890923203748
powerResidual,kp10,19.40664523021168,24,256,0.12511351331450943,1.1469853133637027
powerResidual,kp10,19.40664523021168,24,256,0.15025472412609964,0.999239944923899
powerResidual,kp10,19.40664523021168,24,256,0.17356669305616573,1.027412037190488
powerResidual,kp10,19.40664523021168,24,256,0.19696505611493229,0.9797050753020913
powerResidual,kp10,19.40664523021168,24,256,0.2223017820571719,1.0927629029469335
powerResidual,kp10,19.40664523021168,24,256,0.25933418899474325,1.0621321537225226
powerResidual,kp10,19.40664523021168,24,256,0.2952393892533773,1.021938095347325
powerResidual,kp10,19.40664523021168,24,256,0.3323181196290724,1.0276978899990366
powerResidual,kp10,19.40664523021168,24,256,0.38049456271425836,1.0778280438198955
powerResidual,kp10,19.40664523021168,24,256,0.43036673041605744,1.0356704648459922
powerResidual,kp10,19.40664523021168,24,256,0.47912422134504706,1.0417794633846384
powerResidual,kp10,19.40664523021168,24,256,0.5403284840379885,1.0272036862802851
powerResidual,kp10,19.40664523021168,24,256,0.6136871191307025,1.0074870165711345
powerResidual,kp10,19.40664523021168,24,256,0.6876327138934866,1.0675725017262998
powerResidual,kp10,19.40664523021168,24,256,0.7730500311462425,1.0298937083904784
powerResidual,kp10,19.40664523021168,24,256,0.8713089455132572,1.0565962852055863
powerResidual,kp10,19.40664523021168,24,256,0.9815042148197061,1.042150545987768
powerResidual,kp10,19.40664523021168,24,256,1.1043167800279279,1.0488203612111506
powerResidual,kp10,19.40664523021168,24,256,1.2390680588849046,1.0772379522367048
powerResidual,kp10,19.40664523021168,24,256,1.3983893627270858,1.0972493933874856
powerResidual,kp10,19.40664523021168,24,256,1.5823032446085594,1.1260854376320533
powerResidual,kp10,19.40664523021168,24,256,1.7908149424344963,1.1675343241697365
powerResidual,kp10,19.40664523021168,24,256,2.023807018781303,1.212591842668772
powerResidual,kp10,19.40664523021168,24,256,2.2814147890006287,1.26780359591013
powerResidual,kp10,19.40664523021168,24,256,2.5756359856692157,1.2897694460141553
powerResidual,kp10,19.40664523021168,24,256,2.9068702959708497,1.2922250106353657
powerResidual,kp10,14.331814598205613,27,256,0.03132124615650729,1.0963066482020263
powerResidual,kp10,14.331814598205613,27,256,0.05475214534566136,0.8532457286941818
powerResidual,kp10,14.331814598205613,27,256,0.07692383885216453,0.8439581393619874
powerResidual,kp10,14.331814598205613,27,256,0.09966162230830337,1.081207730946059
powerResidual,kp10,14.331814598205613,27,256,0.12511351331450943,1.147251110052822
powerResidual,kp10,14.331814598205613,27,256,0.15025472412609964,1.000597056911253
powerResidual,kp10,14.331814598205613,27,256,0.17356669305616573,1.0292785871010097
powerResidual,kp10,14.331814598205613,27,256,0.19696505611493229,0.9836920586217149
powerResidual,kp10,14.331814598205613,27,256,0.2223017820571719,1.096690543973998
powerResidual,kp10,14.331814598205613,27,256,0.24772821384680527,1.081334616993404
powerResidual,kp10,14.331814598205613,27,256,0.2831125937930721,1.049588441505741
powerResidual,kp10,14.331814598205613,27,256,0.32016672397367135,1.0571602755961835
powerResidual,kp10,14.331814598205613,27,256,0.35655106688011545,1.0597117497527406
powerResidual,kp10,14.331814598205613,27,256,0.40522159093463883,1.0567855374434034
powerResidual,kp10,14.331814598205613,27,256,0.4549885476859342,1.0314814047865393
powerResidual,kp10,14.331814598205613,27,256,0.515730742166727,1.0438766947546403
powerResidual,kp10,14.331814598205613,27,256,0.5890832020195685,1.0219734162940959
powerResidual,kp10,14.331814598205613,27,256,0.6630678120216652,1.0298523861347761
powerResidual,kp10,14.331814598205613,27,256,0.7486243326629919,1.0571294421092714
powerResidual,kp10,14.331814598205613,27,256,0.8587159149890353,1.0537426253161675
powerResidual,kp10,14.331814598205613,27,256,0.9815042148197061,1.0482456505310571
powerResidual,kp10,14.331814598205613,27,256,1.1043167800279279,1.045391681575871
powerResidual,kp10,14.331814598205613,27,256,1.2511017808209557,1.0690274545330423
powerResidual,kp10,14.331814598205613,27,256,1.4229298677518092,1.0562624030269971
powerResidual,kp10,14.331814598205613,27,256,1.6068593677800054,1.0640129368268347
powerResidual,kp10,14.331814598205613,27,256,1.8153646761211057,1.0703311888346456
powerResidual,kp10,14.331814598205613,27,256,2.060378355680351,1.0858125552320264
powerResidual,kp10,14.331814598205613,27,256,2.3305421486544455,1.09852545065332
powerResidual,kp10,14.331814598205613,27,256,2.636752956302375,1.1104585095808752
powerResidual,kp10,14.331814598205613,27,256,2.992583767580162,1.1293882038070393
powerResidual,kp10,10.51901923231075,30,256,0.03132124615650729,1.0940694200441627
powerResidual,kp10,10.51901923231075,30,256,0.05475214534566136,0.8526108924905549
powerResidual,kp10,10.51901923231075,30,256,0.07692383885216453,0.8447758098793738
powerResidual,kp10,10.51901923231075,30,256,0.09966162230830337,1.0823997601079118
powerResidual,kp10,10.51901923231075,30,256,0.12511351331450943,1.1481706286567637
powerResidual,kp10,10.51901923231075,30,256,0.15025472412609964,1.0027416395947806
powerResidual,kp10,10.51901923231075,30,256,0.17356669305616573,1.030711600761802
powerResidual,kp10,10.51901923231075,30,256,0.19696505611493229,0.9898575577286568
powerResidual,kp10,10.51901923231075,30,256,0.23467088316189758,1.1114263552510009
powerResidual,kp10,10.51901923231075,30,256,0.2714838997836198,1.0665135710354299
powerResidual,kp10,10.51901923231075,30,256,0.3074505294274859,1.048621084765092
powerResidual,kp10,10.51901923231075,30,256,0.34493070130200054,1.012425844775845
powerResidual,kp10,10.51901923231075,30,256,0.39261383075565154,1.0571889591193286
powerResidual,kp10,10.51901923231075,30,256,0.4549885476859342,1.0465618772149001
powerResidual,kp10,10.51901923231075,30,256,0.515730742166727,1.0603675860124104
powerResidual,kp10,10.51901923231075,30,256,0.5890832020195685,1.0463862580880685
powerResidual,kp10,10.51901923231075,30,256,0.6630678120216652,1.0582615084965066
powerResidual,kp10,10.51901923231075,30,256,0.7486243326629919,1.0890762252974477
powerResidual,kp10,10.51901923231075,30,256,0.8587159149890353,1.0900177022456115
powerResidual,kp10,10.51901923231075,30,256,0.9815042148197061,1.09387319845711
powerResidual,kp10,10.51901923231075,30,256,1.1162934624647138,1.1013315210936487
powerResidual,kp10,10.51901923231075,30,256,1.263691586653707,1.1256840617801853
powerResidual,kp10,10.51901923231075,30,256,1.4349608450355178,1.1175275208273563
powerResidual,kp10,10.51901923231075,30,256,1.643428692395616,1.1172015037008314
powerResidual,kp10,10.51901923231075,30,256,1.864439569423981,1.116215108904786
powerResidual,kp10,10.51901923231075,30,256,2.121552844813054,1.1132721829520629
powerResidual,kp10,10.51901923231075,30,256,2.416225209533465,1.1020508472191528
powerResidual,kp10,10.51901923231075,30,256,2.7469932758832933,1.1051180394057363
powerResidual,kp10,10.51901923231075,30,256,3.1274116641891405,1.1089320924132544
powerResidual,kp10,2.0333177828202462,44,256,0.03132124615650729,1.0697926326012865
powerResidual,kp10,2.0333177828202462,44,256,0.05475214534566136,0.8447723850011202
powerResidual,kp10,2.0333177828202462,44,256,0.07692383885216453,0.8510199068789229
powerResidual,kp10,2.0333177828202462,44,256,0.09966162230830337,1.0853738570280373
powerResidual,kp10,2.0333177828202462,44,256,0.12511351331450943,1.1452284509047654
powerResidual,kp10,2.0333177828202462,44,256,0.15025472412609964,1.0174604753582919
powerResidual,kp10,2.0333177828202462,44,256,0.17356669305616573,1.028153874366053
powerResidual,kp10,2.0333177828202462,44,256,0.19696505611493229,1.0411847484140937
powerResidual,kp10,2.0333177828202462,44,256,0.2223017820571719,1.1179412220085894
powerResidual,kp10,2.0333177828202462,44,256,0.24772821384680527,1.038308997793042
powerResidual,kp10,2.0333177828202462,44,256,0.2831125937930721,1.0904585894133505
powerResidual,kp10,2.0333177828202462,44,256,0.3323181196290724,1.048936156858714
powerResidual,kp10,2.0333177828202462,44,256,0.38049456271425836,1.0889939934399036
powerResidual,kp10,2.0333177828202462,44,256,0.44231696955041133,1.0707254835137348
powerResidual,kp10,2.0333177828202462,44,256,0.515730742166727,1.0718061380315715
powerResidual,kp10,2.0333177828202462,44,256,0.5890832020195685,1.0735727488827689
powerResidual,kp10,2.0333177828202462,44,256,0.6750944125863017,1.0883933590350805
powerResidual,kp10,2.0333177828202462,44,256,0.7730500311462425,1.0884516335801502
powerResidual,kp10,2.0333177828202462,44,256,0.8952914440234218,1.112224268711291
powerResidual,kp10,2.0333177828202462,44,256,1.04265758996475,1.1198321543238896
powerResidual,kp10,2.0333177828202462,44,256,1.2019428034215334,1.1075737464374813
powerResidual,kp10,2.0333177828202462,44,256,1.3858629103468518,1.1231737453569792
powerResidual,kp10,2.0333177828202462,44,256,1.5943235553378718,1.1281373333921456
powerResidual,kp10,2.0333177828202462,44,256,1.8393490112569042,1.1112660666725518
powerResidual,kp10,2.0333177828202462,44,256,2.121552844813054,1.1005709665839716
powerResidual,kp10,2.0333177828202462,44,256,2.4402500543157206,1.0999509932021105
powerResidual,kp10,2.0333177828202462,44,256,2.808107587329926,1.0878721078570988
powerTheory,PL,19.40664523021168,24,,0.03132124615650729,73.13602932097035
powerTheory,PL,19.40664523021168,24,,0.05475214534566136,44.954257362384624
powerTheory,PL,19.40664523021168,24,,0.07692383885216453,34.29930510164402
powerTheory,PL,19.40664523021168,24,,0.09966162230830337,22.382279152969645
powerTheory,PL,19.40664523021168,24,,0.12511351331450943,16.451816746632495
powerTheory,PL,19.40664523021168,24,,0.15025472412609964,12.448544668592117
powerTheory,PL,19.40664523021168,24,,0.17356669305616573,9.305046620381617
powerTheory,PL,19.40664523021168,24,,0.19696505611493229,7.834309541811367
powerTheory,PL,19.40664523021168,24,,0.2223017820571719,6.082270437551831
powerTheory,PL,19.40664523021168,24,,0.25933418899474325,4.656892277268694
powerTheory,PL,19.40664523021168,24,,0.2952393892533773,3.5568084115973044
powerTheory,PL,19.40664523021168,24,,0.32072956064263475,3.0558830473396013
powerTheory,PL,19.40664523021168,24,,0.3323181196290724,2.8425925089733366
powerTheory,PL,19.40664523021168,24,,0.38049456271425836,2.1596833608287205
powerTheory,PL,19.40664523021168,24,,0.43036673041605744,1.669951279866905
powerTheory,PL,19.40664523021168,24,,0.47912422134504706,1.3331490309082725
powerTheory,PL,19.40664523021168,24,,0.5403284840379885,1.0321377303759653
powerTheory,PL,19.40664523021168,24,,0.5606619683395725,0.9533244416968127
powerTheory,PL,19.40664523021168,24,,0.6136871191307025,0.7835653336197386
powerTheory,PL,19.40664523021168,24,,0.6876327138934866,0.610386324720043
powerTheory,PL,19.40664523021168,24,,0.7730500311462425,0.4704409390996819
powerTheory,PL,19.40664523021168,24,,0.787700109846164,0.4510428357652555
powerTheory,PL,19.40664523021168,24,,0.8713089455132572,0.35930995247919023
powerTheory,PL,19.40664523021168,24,,0.9815042148197061,0.27392072366251874
powerTheory,PL,19.40664523021168,24,,1.0205350124370263,0.25046970493593573
powerTheory,PL,19.40664523021168,24,,1.1043167800279279,0.20876493629700899
powerTheory,PL,19.40664523021168,24,,1.2390680588849046,0.15968466956444968
powerTheory,PL,19.40664523021168,24,,1.2811623763405762,0.14765953060256762
powerTheory,PL,19.40664523021168,24,,1.3983893627270858,0.12016384571853425
powerTheory,PL,19.40664523021168,24,,1.5386083750512618,0.09580642227761144
powerTheory,PL,19.40664523021168,24,,1.5823032446085594,0.08962432934574951
powerTheory,PL,19.40664523021168,24,,1.7773229368951355,0.06786411509281197
powerTheory,PL,19.40664523021168,24,,1.7908149424344963,0.06664254390402903
powerTheory,PL,19.40664523021168,24,,2.016922174616909,0.05002658619765197
powerTheory,PL,19.40664523021168,24,,2.023807018781303,0.04961605931950641
powerTheory,PL,19.40664523021168,24,,2.276370248265442,0.03728530014988413
powerTheory,PL,19.40664523021168,24,,2.2814147890006287,0.03708472890722308
powerTheory,PL,19.40664523021168,24,,2.5756359856692157,0.02756779278063013
powerTheory,PL,19.40664523021168,24,,2.6555820953061753,0.025575148125715697
powerTheory,PL,19.40664523021168,24,,2.9068702959708497,0.02046805027966412
powerTheory,PL,19.40664523021168,24,,3.148293421337452,0.016802384479590166
powerTheory,PL,19.40664523021168,24,,3.274766346986673,0.015238266234015795
powerTheory,PL,19.40664523021168,24,,3.532090381332477,0.01262442124989289
powerTheory,PL,19.40664523021168,24,,3.703768521517854,0.011215004648253559
powerTheory,PL,19.40664523021168,24,,3.8962643221940114,0.0098808000954856
powerTheory,PL,19.40664523021168,24,,4.182410395650688,0.008272448094634365
powerTheory,PL,19.40664523021168,24,,4.529325768196214,0.006770562567247288
powerTheory,PL,19.40664523021168,24,,4.709671433382089,0.006135861268279499
powerTheory,PL,19.40664523021168,24,,5.157012915688425,0.0048786293157485556
powerTheory,PL,19.40664523021168,24,,5.782579823298813,0.0036489540641828706
powerTheory,PL,19.40664523021168,24,,6.660437680824444,0.002545624793829872
powerTheory,PL,19.40664523021168,24,,7.665913166469069,0.00177636777558045
powerTheory,PL,19.40664523021168,24,,8.6700216291127,0.0012949513746937304
powerTheory,PL,19.40664523021168,24,,9.799095787898858,0.0009447445960829924
powerTheory,PL,19.40664523021168,24,,11.180062428766915,0.0006721538400875512
powerTheory,PL,19.40664523021168,24,,12.811282235606654,0.00047254040399274244
powerTheory,PL,19.40664523021168,24,,14.570801845778535,0.0003385662973933996
powerTheory,PL,19.40664523021168,24,,16.57742737865781,0.00024232576538779434
powerTheory,PL,19.40664523021168,24,,18.840510928821786,0.0001739316803308744
powerTheory,PL,19.40664523021168,24,,21.349923910684907,0.0001258367621101631
powerTheory,PL,19.40664523021168,24,,24.362498756292283,8.947855531423231e-05
powerTheory,PL,19.40664523021168,24,,27.754680673074787,6.39668146876351e-05
powerTheory,PL,19.40664523021168,24,,31.521673395153062,4.615851639244448e-05
powerTheory,PL,19.40664523021168,24,,35.91472071218228,3.309970382282684e-05
powerTheory,PL,19.40664523021168,24,,40.81609079649097,2.3944102110772738e-05
powerTheory,PL,19.40664523021168,24,,46.338189244800546,1.7411564853127264e-05
powerTheory,PL,19.40664523021168,24,,52.74334165190841,1.2620054909014038e-05
powerTheory,PL,19.40664523021168,24,,60.02596570834555,9.180952840054818e-06
powerTheory,PL,19.40664523021168,24,,68.31454524209397,6.703860475104986e-06
powerTheory,PL,14.331814598205613,27,,0.03132124615650729,129.547178995367
powerTheory,PL,14.331814598205613,27,,0.05475214534566136,79.62874387584003
powerTheory,PL,14.331814598205613,27,,0.07692383885216453,60.75287081957135
powerTheory,PL,14.331814598205613,27,,0.09966162230830337,39.64693987924622
powerTheory,PL,14.331814598205613,27,,0.12511351331450943,29.140500649046615
powerTheory,PL,14.331814598205613,27,,0.15025472412609964,22.048558596381202
powerTheory,PL,14.331814598205613,27,,0.17356669305616573,16.482675348371316
powerTheory,PL,14.331814598205613,27,,0.19696505611493229,13.874621428958255
powerTheory,PL,14.331814598205613,27,,0.2223017820571719,10.772913597233917
powerTheory,PL,14.331814598205613,27,,0.24772821384680527,8.904319975940142
powerTheory,PL,14.331814598205613,27,,0.2831125937930721,6.866086996692104
powerTheory,PL,14.331814598205613,27,,0.32016672397367135,5.428534334477716
powerTheory,PL,14.331814598205613,27,,0.32072956064263475,5.410868577875344
powerTheory,PL,14.331814598205613,27,,0.35655106688011545,4.3442659389861085
powerTheory,PL,14.331814598205613,27,,0.40522159093463883,3.3503992070853768
powerTheory,PL,14.331814598205613,27,,0.4549885476859342,2.633956949630389
powerTheory,PL,14.331814598205613,27,,0.515730742166727,2.0182164174574573
powerTheory,PL,14.331814598205613,27,,0.5606619683395725,1.6865464306620874
powerTheory,PL,14.331814598205613,27,,0.5890832020195685,1.5151659504870088
powerTheory,PL,14.331814598205613,27,,0.6630678120216652,1.1694393600988575
powerTheory,PL,14.331814598205613,27,,0.7486243326629919,0.8934106861005906
powerTheory,PL,14.331814598205613,27,,0.787700109846164,0.7972472061436127
powerTheory,PL,14.331814598205613,27,,0.8587159149890353,0.6562998200963016
powerTheory,PL,14.331814598205613,27,,0.9815042148197061,0.4840045547678334
powerTheory,PL,14.331814598205613,27,,1.0205350124370263,0.44256399719620637
powerTheory,PL,14.331814598205613,27,,1.1043167800279279,0.3688970520714088
powerTheory,PL,14.331814598205613,27,,1.2511017808209557,0.27596251775745756
powerTheory,PL,14.331814598205613,27,,1.2811623763405762,0.2610390500647516
powerTheory,PL,14.331814598205613,27,,1.4229298677518092,0.20399252530710008
powerTheory,PL,14.331814598205613,27,,1.5386083750512618,0.16958623101309686
powerTheory,PL,14.331814598205613,27,,1.6068593677800054,0.15298850199797337
powerTheory,PL,14.331814598205613,27,,1.7773229368951355,0.12031650323298018
powerTheory,PL,14.331814598205613,27,,1.8153646761211057,0.11437997534875491
powerTheory,PL,14.331814598205613,27,,2.016922174616909,0.08884962039814269
powerTheory,PL,14.331814598205613,27,,2.060378355680351,0.08440488209725591
powerTheory,PL,14.331814598205613,27,,2.3305421486544455,0.06268836093691811
powerTheory,PL,14.331814598205613,27,,2.4030298435778326,0.05821099460968606
powerTheory,PL,14.331814598205613,27,,2.636752956302375,0.04645298109959775
powerTheory,PL,14.331814598205613,27,,2.7799951337842748,0.04083138185341578
powerTheory,PL,14.331814598205613,27,,2.992583767580162,0.0341007879094584
powerTheory,PL,14.331814598205613,27,,3.148293421337452,0.030115542906154133
powerTheory,PL,14.331814598205613,27,,3.385014085539233,0.025203984384143552
powerTheory,PL,14.331814598205613,27,,3.651082924852382,0.020921260897715736
powerTheory,PL,14.331814598205613,27,,3.8386075524629186,0.018490248896202887
powerTheory,PL,14.331814598205613,27,,4.149469091170711,0.015254524217787602
powerTheory,PL,14.331814598205613,27,,4.353822749186112,0.013544036659857454
powerTheory,PL,14.331814598205613,27,,4.7799630952386085,0.010746717306643352
powerTheory,PL,14.331814598205613,27,,4.930192100873018,0.009952725883524706
powerTheory,PL,14.331814598205613,27,,5.532963676549,0.007474715744907123
powerTheory,PL,14.331814598205613,27,,5.580245065083536,0.007318412204309258
powerTheory,PL,14.331814598205613,27,,6.40768192994468,0.005190914747988585
powerTheory,PL,14.331814598205613,27,,7.41529776158261,0.0036120829992554327
powerTheory,PL,14.331814598205613,27,,8.418376766391546,0.00263777687574169
powerTheory,PL,14.331814598205613,27,,9.670378749687739,0.0018731408586214074
powerTheory,PL,14.331814598205613,27,,11.180062428766915,0.001312101224690864
powerTheory,PL,14.331814598205613,27,,12.811282235606654,0.0009418379665571237
powerTheory,PL,14.331814598205613,27,,14.693999053163644,0.0006769047381115845
powerTheory,PL,14.331814598205613,27,,16.828709810131077,0.0004902642486372843
powerTheory,PL,14.331814598205613,27,,19.33781160235307,0.0003541213982033239
powerTheory,PL,14.331814598205613,27,,22.22788709565168,0.0002571830188888665
powerTheory,PL,14.331814598205613,27,,25.49105515793232,0.00018901404511469257
powerTheory,PL,14.331814598205613,27,,29.258110970798377,0.00013969779497710806
powerTheory,PL,14.331814598205613,27,,33.65115951712021,0.00010357821895877627
powerTheory,PL,14.331814598205613,27,,38.67564123189637,7.755281472057279e-05
powerTheory,PL,14.331814598205613,27,,44.44907174226559,5.851844151774009e-05
powerTheory,PL,14.331814598205613,27,,51.10564590231732,4.444122430027524e-05
powerTheory,PL,14.331814598205613,27,,58.76268388380596,3.3965387036055214e-05
powerTheory,PL,14.331814598205613,27,,67.55446215513818,2.61006962779835e-05
powerTheory,PL,14.331814598205613,27,,77.59808879169374,2.016616013821462e-05
powerTheory,PL,14.331814598205613,27,,89.15093370381025,1.560832379840167e-05
powerTheory,PL,14.331814598205613,27,,102.45860182371139,1.2078899356293534e-05
powerTheory,PL,10.51901923231075,30,,0.03132124615650729,229.42678262196912
powerTheory,PL,10.51901923231075,30,,0.05475214534566136,141.02296622970036
powerTheory,PL,10.51901923231075,30,,0.07692383885216453,107.58569005072998
powerTheory,PL,10.51901923231075,30,,0.09966162230830337,70.21633398954982
powerTheory,PL,10.51901923231075,30,,0.12511351331450943,51.60403856063668
powerTheory,PL,10.51901923231075,30,,0.15025472412609964,39.041468388733904
powerTheory,PL,10.51901923231075,30,,0.17356669305616573,29.19148894129753
powerTheory,PL,10.51901923231075,30,,0.19696505611493229,24.563532483410942
powerTheory,PL,10.51901923231075,30,,0.23467088316189758,17.151489819301116
powerTheory,PL,10.51901923231075,30,,0.2714838997836198,13.298269307058014
powerTheory,PL,10.51901923231075,30,,0.3074505294274859,10.359522947731644
powerTheory,PL,10.51901923231075,30,,0.32072956064263475,9.576818118539906
powerTheory,PL,10.51901923231075,30,,0.34493070130200054,8.229935441467488
powerTheory,PL,10.51901923231075,30,,0.39261383075565154,6.33734201409544
powerTheory,PL,10.51901923231075,30,,0.4549885476859342,4.661265263132817
powerTheory,PL,10.51901923231075,30,,0.515730742166727,3.5719442214317167
powerTheory,PL,10.51901923231075,30,,0.5606619683395725,2.985352321164637
powerTheory,PL,10.51901923231075,30,,0.5890832020195685,2.68232490536238
powerTheory,PL,10.51901923231075,30,,0.6630678120216652,2.0712286858085895
powerTheory,PL,10.51901923231075,30,,0.7486243326629919,1.5835408163694094
powerTheory,PL,10.51901923231075,30,,0.787700109846164,1.4136871758052731
powerTheory,PL,10.51901923231075,30,,0.8587159149890353,1.1647808670201785
powerTheory,PL,10.51901923231075,30,,0.9815042148197061,0.8606094386789191
powerTheory,PL,10.51901923231075,30,,1.0205350124370263,0.7874492672296971
powerTheory,PL,10.51901923231075,30,,1.1162934624647138,0.6413375261624076
powerTheory,PL,10.51901923231075,30,,1.263691586653707,0.4819458455992679
powerTheory,PL,10.51901923231075,30,,1.2811623763405762,0.46687519122571713
powerTheory,PL,10.51901923231075,30,,1.4349608450355178,0.35889324907682246
powerTheory,PL,10.51901923231075,30,,1.5386083750512618,0.30506709595321474
powerTheory,PL,10.51901923231075,30,,1.643428692395616,0.2615216040282633
powerTheory,PL,10.51901923231075,30,,1.7773229368951355,0.21766169346047598
powerTheory,PL,10.51901923231075,30,,1.864439569423981,0.19452382780652405
powerTheory,PL,10.51901923231075,30,,2.016922174616909,0.16167247573571564
powerTheory,PL,10.51901923231075,30,,2.121552844813054,0.14350099061992586
powerTheory,PL,10.51901923231075,30,,2.276370248265442,0.12152439060312929
powerTheory,PL,10.51901923231075,30,,2.416225209533465,0.10558135911210129
powerTheory,PL,10.51901923231075,30,,2.5367369097912875,0.09409844771339312
powerTheory,PL,10.51901923231075,30,,2.7469932758832933,0.07793472232505903
powerTheory,PL,10.51901923231075,30,,2.8990729604410603,0.06860080767398219
powerTheory,PL,10.51901923231075,30,,3.1274116641891405,0.05733082571298334
powerTheory,PL,10.51901923231075,30,,3.4029375450016945,0.04695244520324548
powerTheory,PL,10.51901923231075,30,,3.556418577764849,0.04230479711012065
powerTheory,PL,10.51901923231075,30,,3.8962643221940114,0.03411043415289643
powerTheory,PL,10.51901923231075,30,,4.059099211725204,0.030976542207648033
powerTheory,PL,10.51901923231075,30,,4.529325768196214,0.023951188086265267
powerTheory,PL,10.51901923231075,30,,4.623457698021613,0.022826547011782734
powerTheory,PL,10.51901923231075,30,,5.260966573586464,0.01689825712344067
powerTheory,PL,10.51901923231075,30,,5.281082799787281,0.016749355508278222
powerTheory,PL,10.51901923231075,30,,5.996725859226761,0.012496522004552396
powerTheory,PL,10.51901923231075,30,,6.032211988680406,0.012329090941381599
powerTheory,PL,10.51901923231075,30,,6.818712585768084,0.009329463866146168
powerTheory,PL,10.51901923231075,30,,6.912966784883704,0.009044613584651843
powerTheory,PL,10.51901923231075,30,,7.916032318937552,0.006681338057665842
powerTheory,PL,10.51901923231075,30,,9.167784386799854,0.004845321336752707
powerTheory,PL,10.51901923231075,30,,10.676813721239078,0.0035024150138632227
powerTheory,PL,10.51901923231075,30,,12.307894307036452,0.0026107557326109495
powerTheory,PL,10.51901923231075,30,,14.191236201951815,0.0019631638074672983
powerTheory,PL,10.51901923231075,30,,16.325873206659782,0.001497271680401317
powerTheory,PL,10.51901923231075,30,,18.834933875270654,0.0011463910880527466
powerTheory,PL,10.51901923231075,30,,21.724701130885585,0.0008859450274213074
powerTheory,PL,10.51901923231075,30,,24.98816055619332,0.0006936179331368136
powerTheory,PL,10.51901923231075,30,,28.7550216942583,0.0005459989386830274
powerTheory,PL,10.51901923231075,30,,33.148095750034386,0.00043065899055097414
powerTheory,PL,10.51901923231075,30,,38.29541188602609,0.0003395791112438192
powerTheory,PL,10.51901923231075,30,,44.19751906664254,0.0002686092448110285
powerTheory,PL,10.51901923231075,30,,50.97696463320793,0.00021265765027457078
powerTheory,PL,10.51901923231075,30,,58.76268388380596,0.00016823375683220417
powerTheory,PL,10.51901923231075,30,,67.80005380866534,0.00013249635027587706
powerTheory,PL,10.51901923231075,30,,78.22401237420067,0.0001039149235326737
powerTheory,PL,10.51901923231075,30,,90.15115163827254,8.123785130342343e-05
powerTheory,PL,10.51901923231075,30,,103.96190841743227,6.30700823949513e-05
powerTheory,PL,10.51901923231075,30,,119.90776394223425,4.860900023282662e-05
powerTheory,PL,2.0333177828202462,44,,0.03132124615650729,3213.9084344863886
powerTheory,PL,2.0333177828202462,44,,0.05475214534566136,1976.2638847411756
powerTheory,PL,2.0333177828202462,44,,0.07692383885216453,1505.193732315745
powerTheory,PL,2.0333177828202462,44,,0.09966162230830337,988.4638015793843
powerTheory,PL,2.0333177828202462,44,,0.12511351331450943,729.3457862680903
powerTheory,PL,2.0333177828202462,44,,0.15025472412609964,556.1911265938094
powerTheory,PL,2.0333177828202462,44,,0.17356669305616573,424.10878255148157
powerTheory,PL,2.0333177828202462,44,,0.19696505611493229,357.8231483941059
powerTheory,PL,2.0333177828202462,44,,0.2223017820571719,284.525384692048
powerTheory,PL,2.0333177828202462,44,,0.24772821384680527,238.13994773923582
powerTheory,PL,2.0333177828202462,44,,0.2831125937930721,188.3213621940346
powerTheory,PL,2.0333177828202462,44,,0.32072956064263475,151.86087224709
powerTheory,PL,2.0333177828202462,44,,0.3323181196290724,142.56296457202004
powerTheory,PL,2.0333177828202462,44,,0.38049456271425836,112.2916020240658
powerTheory,PL,2.0333177828202462,44,,0.44231696955041133,86.23432509757296
powerTheory,PL,2.0333177828202462,44,,0.515730742166727,66.13969496283174
powerTheory,PL,2.0333177828202462,44,,0.5606619683395725,57.371047847935586
powerTheory,PL,2.0333177828202462,44,,0.5890832020195685,52.783060757539936
powerTheory,PL,2.0333177828202462,44,,0.6750944125863017,42.118552771324055
powerTheory,PL,2.0333177828202462,44,,0.7730500311462425,33.862760189936466
powerTheory,PL,2.0333177828202462,44,,0.787700109846164,32.87644247872564
powerTheory,PL,2.0333177828202462,44,,0.8952914440234218,26.959868699729903
powerTheory,PL,2.0333177828202462,44,,1.0205350124370263,22.17433932154914
powerTheory,PL,2.0333177828202462,44,,1.04265758996475,21.49239021492571
powerTheory,PL,2.0333177828202462,44,,1.2019428034215334,17.560347544036393
powerTheory,PL,2.0333177828202462,44,,1.2811623763405762,16.085135957820718
powerTheory,PL,2.0333177828202462,44,,1.3858629103468518,14.470828630377914
powerTheory,PL,2.0333177828202462,44,,1.5386083750512618,12.620005606382644
powerTheory,PL,2.0333177828202462,44,,1.5943235553378718,12.057142030330679
powerTheory,PL,2.0333177828202462,44,,1.7773229368951355,10.511550178304702
powerTheory,PL,2.0333177828202462,44,,1.8393490112569042,10.072047875369593
powerTheory,PL,2.0333177828202462,44,,2.016922174616909,8.991321208635188
powerTheory,PL,2.0333177828202462,44,,2.121552844813054,8.452691167700122
powerTheory,PL,2.0333177828202462,44,,2.276370248265442,7.758258061283962
powerTheory,PL,2.0333177828202462,44,,2.4402500543157206,7.129751706633658
powerTheory,PL,2.0333177828202462,44,,2.5367369097912875,6.8003980786448235
powerTheory,PL,2.0333177828202462,44,,2.808107587329926,6.002270060836452
powerTheory,PL,2.0333177828202462,44,,2.8990729604410603,5.769007523271446
powerTheory,PL,2.0333177828202462,44,,3.2371187255892937,5.020587037942654
powerTheory,PL,2.0333177828202462,44,,3.4029375450016945,4.708241695762848
powerTheory,PL,2.0333177828202462,44,,3.7397863169947003,4.1592219767609535
powerTheory,PL,2.0333177828202462,44,,3.8962643221940114,3.93683421863031
powerTheory,PL,2.0333177828202462,44,,4.316163971351862,3.419443713381824
powerTheory,PL,2.0333177828202462,44,,4.529325768196214,3.1937037244298625
powerTheory,PL,2.0333177828202462,44,,4.978219202461694,2.7835451916079026
powerTheory,PL,2.0333177828202462,44,,5.281082799787281,2.54828928506305
powerTheory,PL,2.0333177828202462,44,,5.738543348027971,2.243162630888817
powerTheory,PL,2.0333177828202462,44,,6.032211988680406,2.073932597197984
powerTheory,PL,2.0333177828202462,44,,6.621099004752508,1.7848955515218876
powerTheory,PL,2.0333177828202462,44,,6.912966784883704,1.662142821197878
powerTheory,PL,2.0333177828202462,44,,7.639063708418075,1.404245920373292
powerTheory,PL,2.0333177828202462,44,,7.916032318937552,1.3207008011909136
powerTheory,PL,2.0333177828202462,44,,8.803823402174963,1.0953543326776796
powerTheory,PL,2.0333177828202462,44,,9.167784386799854,1.0185367898453617
powerTheory,PL,2.0333177828202462,44,,10.152530118889956,0.8448425713059106
powerTheory,PL,2.0333177828202462,44,,10.676813721239078,0.768968236420275
powerTheory,PL,2.0333177828202462,44,,11.70974257248383,0.6451076429569625
powerTheory,PL,2.0333177828202462,44,,12.307894307036452,0.5858720446288003
powerTheory,PL,2.0333177828202462,44,,14.191236201951815,0.4422986821085821
powerTheory,PL,2.0333177828202462,44,,16.325873206659782,0.3325887798558414
powerTheory,PL,2.0333177828202462,44,,18.834933875270654,0.24672926325246133
powerTheory,PL,2.0333177828202462,44,,21.724701130885585,0.1817859499281641
powerTheory,PL,2.0333177828202462,44,,24.98816055619332,0.1338139267615473
powerTheory,PL,2.0333177828202462,44,,28.7550216942583,0.09780868807946258
powerTheory,PL,2.0333177828202462,44,,33.148095750034386,0.07078733897391754
powerTheory,PL,2.0333177828202462,44,,38.29541188602609,0.050692158808278896
powerTheory,PL,2.0333177828202462,44,,44.19751906664254,0.03620427893210234
powerTheory,PL,2.0333177828202462,44,,50.97696463320793,0.025776120553140207
powerTheory,PL,2.0333177828202462,44,,58.76268388380596,0.018300940001546938
powerTheory,PL,2.0333177828202462,44,,67.80005380866534,0.012915367354181279
powerTheory,PL,2.0333177828202462,44,,78.22401237420067,0.009084152594278517
powerTheory,PL,2.0333177828202462,44,,90.15115163827254,0.006386097824670689
powerTheory,PL,2.0333177828202462,44,,103.96190841743227,0.0044706238809806426
powerTheory,PL,2.0333177828202462,44,,119.90776394223425,0.0031184968575462143
powerTheory,kp1,19.40664523021168,24,,0.03132124615650729,73.1360279938248
powerTheory,kp1,19.40664523021168,24,,0.05475214534566136,44.954262070680336
powerTheory,kp1,19.40664523021168,24,,0.07692383885216453,34.29928795643329
powerTheory,kp1,19.40664523021168,24,,0.09966162230830337,22.382292476262617
powerTheory,kp1,19.40664523021168,24,,0.12511351331450943,16.45181827984288
powerTheory,kp1,19.40664523021168,24,,0.15025472412609964,12.448543211119512
powerTheory,kp1,19.40664523021168,24,,0.17356669305616573,9.305071717269698
powerTheory,kp1,19.40664523021168,24,,0.19696505611493229,7.834314175600974
powerTheory,kp1,19.40664523021168,24,,0.2223017820571719,6.082298836625193
powerTheory,kp1,19.40664523021168,24,,0.24772821384680527,5.02784462029687
powerTheory,kp1,19.40664523021168,24,,0.2831125937930721,3.8771446371017526
powerTheory,kp1,19.40664523021168,24,,0.32016672397367135,3.0659061355399553
powerTheory,kp1,19.40664523021168,24,,0.32072956064263475,3.0559411224163573
powerTheory,kp1,19.40664523021168,24,,0.35655106688011545,2.4536470784257642
powerTheory,kp1,19.40664523021168,24,,0.4174657854373361,1.7787832970892437
powerTheory,kp1,19.40664523021168,24,,0.47912422134504706,1.3333117735562736
powerTheory,kp1,19.40664523021168,24,,0.5403284840379885,1.0323610888444976
powerTheory,kp1,19.40664523021168,24,,0.5606619683395725,0.9535713822098195
powerTheory,kp1,19.40664523021168,24,,0.6136871191307025,0.7838950931602199
powerTheory,kp1,19.40664523021168,24,,0.6876327138934866,0.6108925251274298
powerTheory,kp1,19.40664523021168,24,,0.7730500311462425,0.471287882429045
powerTheory,kp1,19.40664523021168,24,,0.787700109846164,0.45197593354673565
powerTheory,kp1,19.40664523021168,24,,0.883342157227304,0.349869867792399
powerTheory,kp1,19.40664523021168,24,,1.006048294955327,0.2623806623377006
powerTheory,kp1,19.40664523021168,24,,1.0205350124370263,0.25562689161753793
powerTheory,kp1,19.40664523021168,24,,1.1408206544792765,0.20952014553910986
powerTheory,kp1,19.40664523021168,24,,1.2811623763405762,0.170013211019727
powerTheory,kp1,19.40664523021168,24,,1.3002385088355326,0.16552913704292152
powerTheory,kp1,19.40664523021168,24,,1.472071550820241,0.1321038067139728
powerTheory,kp1,19.40664523021168,24,,1.5386083750512618,0.1218482381831517
powerTheory,kp1,19.40664523021168,24,,1.6679888204921054,0.10506348645077682
powerTheory,kp1,19.40664523021168,24,,1.7773229368951355,0.09345280798896398
powerTheory,kp1,19.40664523021168,24,,1.9010260217438788,0.08250126969970156
powerTheory,kp1,19.40664523021168,24,,2.016922174616909,0.0739002102278627
powerTheory,kp1,19.40664523021168,24,,2.158681518030176,0.06509065208729509
powerTheory,kp1,19.40664523021168,24,,2.276370248265442,0.05888601663350633
powerTheory,kp1,19.40664523021168,24,,2.440770370127193,0.051419196461566403
powerTheory,kp1,19.40664523021168,24,,2.5367369097912875,0.047805443645714076
powerTheory,kp1,19.40664523021168,24,,2.77154978403384,0.04040386038132927
powerTheory,kp1,19.40664523021168,24,,2.8990729604410603,0.037082896839915114
powerTheory,kp1,19.40664523021168,24,,3.151974652666988,0.03160241302133815
powerTheory,kp1,19.40664523021168,24,,3.4029375450016945,0.027281600351308458
powerTheory,kp1,19.40664523021168,24,,3.5689631465514573,0.024892779692846867
powerTheory,kp1,19.40664523021168,24,,3.8962643221940114,0.021018441058673867
powerTheory,kp1,19.40664523021168,24,,4.047088802390777,0.019531105995465137
powerTheory,kp1,19.40664523021168,24,,4.529325768196214,0.015706122692188226
powerTheory,kp1,19.40664523021168,24,,4.586871486087376,0.015326315982681242
powerTheory,kp1,19.40664523021168,24,,5.199828915962226,0.012013918889563522
powerTheory,kp1,19.40664523021168,24,,5.281082799787281,0.011657343678837364
powerTheory,kp1,19.40664523021168,24,,5.89901458414467,0.009400988989868225
powerTheory,kp1,19.40664523021168,24,,6.032211988680406,0.009001569974066842
powerTheory,kp1,19.40664523021168,24,,6.912966784883704,0.0069068441812357275
powerTheory,kp1,19.40664523021168,24,,7.916032318937552,0.005310665684012534
powerTheory,kp1,19.40664523021168,24,,9.167784386799854,0.003999615732109816
powerTheory,kp1,19.40664523021168,24,,10.676813721239078,0.002986577538917699
powerTheory,kp1,19.40664523021168,24,,12.307894307036452,0.0022806854076893395
powerTheory,kp1,19.40664523021168,24,,14.191236201951815,0.0017471173973750513
powerTheory,kp1,19.40664523021168,24,,16.325873206659782,0.001350177829366312
powerTheory,kp1,19.40664523021168,24,,18.834933875270654,0.0010436446179317128
powerTheory,kp1,19.40664523021168,24,,21.724701130885585,0.0008121760767231442
powerTheory,kp1,19.40664523021168,24,,24.98816055619332,0.0006397717580164415
powerTheory,kp1,19.40664523021168,24,,28.7550216942583,0.000507340329422081
powerTheory,kp1,19.40664523021168,24,,33.148095750034386,0.00040445960305690294
powerTheory,kp1,19.40664523021168,24,,38.29541188602609,0.0003240318463343767
powerTheory,kp1,19.40664523021168,24,,44.19751906664254,0.000262007764804417
powerTheory,kp1,19.40664523021168,24,,50.97696463320793,0.00021350744779661567
powerTheory,kp1,19.40664523021168,24,,58.76268388380596,0.0001750345728091935
powerTheory,kp1,19.40664523021168,24,,67.80005380866534,0.00014378464501271047
powerTheory,kp1,19.40664523021168,24,,78.22401237420067,0.00011826547074566369
powerTheory,kp1,19.40664523021168,24,,90.15115163827254,9.731166352807927e-05
powerTheory,kp1,19.40664523021168,24,,103.96190841743227,7.973807679197054e-05
powerTheory,kp1,19.40664523021168,24,,119.90776394223425,6.494746817026556e-05
powerTheory,kp1,14.331814598205613,27,,0.03132124615650729,129.54716394250562
powerTheory,kp1,14.331814598205613,27,,0.05475214534566136,79.6287313195093
powerTheory,kp1,14.331814598205613,27,,0.07692383885216453,60.75276994675007
powerTheory,kp1,14.331814598205613,27,,0.09966162230830337,39.646919889797246
powerTheory,kp1,14.331814598205613,27,,0.12511351331450943,29.14042693920554
powerTheory,kp1,14.331814598205613,27,,0.15025472412609964,22.04846370230799
powerTheory,kp1,14.331814598205613,27,,0.17356669305616573,16.4826609484096
powerTheory,kp1,14.331814598205613,27,,0.20925028787875136,12.351802225459943
powerTheory,kp1,14.331814598205613,27,,0.24772821384680527,8.904336483445322
powerTheory,kp1,14.331814598205613,27,,0.2714838997836198,7.512428163028012
powerTheory,kp1,14.331814598205613,27,,0.3074505294274859,5.852429307132533
powerTheory,kp1,14.331814598205613,27,,0.32072956064263475,5.411044443598097
powerTheory,kp1,14.331814598205613,27,,0.35655106688011545,4.344566072141751
powerTheory,kp1,14.331814598205613,27,,0.40522159093463883,3.350877612061897
powerTheory,kp1,14.331814598205613,27,,0.4549885476859342,2.634658424729608
powerTheory,kp1,14.331814598205613,27,,0.515730742166727,2.0192398193308256
powerTheory,kp1,14.331814598205613,27,,0.5606619683395725,1.6878418117340874
powerTheory,kp1,14.331814598205613,27,,0.5890832020195685,1.5166555029211957
powerTheory,kp1,14.331814598205613,27,,0.6750944125863017,1.126250755898009
powerTheory,kp1,14.331814598205613,27,,0.7730500311462425,0.8351290382391318
powerTheory,kp1,14.331814598205613,27,,0.787700109846164,0.8010808408966582
powerTheory,kp1,14.331814598205613,27,,0.883342157227304,0.62128319701756
powerTheory,kp1,14.331814598205613,27,,1.006048294955327,0.4676724699356782
powerTheory,kp1,14.331814598205613,27,,1.0205350124370263,0.4556249659670539
powerTheory,kp1,14.331814598205613,27,,1.152836960220121,0.36630714635115974
powerTheory,kp1,14.331814598205613,27,,1.2811623763405762,0.3029459702510967
powerTheory,kp1,14.331814598205613,27,,1.3247682556062508,0.28520111701958734
powerTheory,kp1,14.331814598205613,27,,1.5086132214517116,0.22544735347301817
powerTheory,kp1,14.331814598205613,27,,1.5386083750512618,0.2175404344260374
powerTheory,kp1,14.331814598205613,27,,1.717147301504339,0.17815562235472013
powerTheory,kp1,14.331814598205613,27,,1.7773229368951355,0.16729615541214132
powerTheory,kp1,14.331814598205613,27,,1.9501423932188078,0.1411545074278088
powerTheory,kp1,14.331814598205613,27,,2.016922174616909,0.13268915957306301
powerTheory,kp1,14.331814598205613,27,,2.2197845624175416,0.11119508014212955
powerTheory,kp1,14.331814598205613,27,,2.276370248265442,0.1060570824823893
powerTheory,kp1,14.331814598205613,27,,2.5367369097912875,0.08626709167425817
powerTheory,kp1,14.331814598205613,27,,2.5385214236108835,0.08615414694705827
powerTheory,kp1,14.331814598205613,27,,2.8943409610503323,0.06745231859137685
powerTheory,kp1,14.331814598205613,27,,2.8990729604410603,0.0672467281334433
powerTheory,kp1,14.331814598205613,27,,3.298806019413491,0.052808679630631156
powerTheory,kp1,14.331814598205613,27,,3.4029375450016945,0.04982146627320135
powerTheory,kp1,14.331814598205613,27,,3.764910196913731,0.0412230451507947
powerTheory,kp1,14.331814598205613,27,,3.8962643221940114,0.03865671034568554
powerTheory,kp1,14.331814598205613,27,,4.280141547122768,0.03241720688285098
powerTheory,kp1,14.331814598205613,27,,4.529325768196214,0.029160114731848468
powerTheory,kp1,14.331814598205613,27,,4.868535102530074,0.025479669651330857
powerTheory,kp1,14.331814598205613,27,,5.281082799787281,0.021896200221870207
powerTheory,kp1,14.331814598205613,27,,5.555161719147768,0.019931504038726476
powerTheory,kp1,14.331814598205613,27,,6.032211988680406,0.017111584146700155
powerTheory,kp1,14.331814598205613,27,,6.340044833071117,0.015611057767283368
powerTheory,kp1,14.331814598205613,27,,6.912966784883704,0.013320668862000696
powerTheory,kp1,14.331814598205613,27,,7.235178102329577,0.012258857214134887
powerTheory,kp1,14.331814598205613,27,,7.916032318937552,0.01041588464608349
powerTheory,kp1,14.331814598205613,27,,9.167784386799854,0.008013217795764454
powerTheory,kp1,14.331814598205613,27,,10.676813721239078,0.006140463752817451
powerTheory,kp1,14.331814598205613,27,,12.307894307036452,0.004821088401358871
powerTheory,kp1,14.331814598205613,27,,14.191236201951815,0.0038104365575744774
powerTheory,kp1,14.331814598205613,27,,16.325873206659782,0.0030468157963901995
powerTheory,kp1,14.331814598205613,27,,18.834933875270654,0.002445219479396982
powerTheory,kp1,14.331814598205613,27,,21.724701130885585,0.0019795622019183347
powerTheory,kp1,14.331814598205613,27,,24.98816055619332,0.00162225449088739
powerTheory,kp1,14.331814598205613,27,,28.7550216942583,0.0013376740795031006
powerTheory,kp1,14.331814598205613,27,,33.148095750034386,0.001106867027608763
powerTheory,kp1,14.331814598205613,27,,38.29541188602609,0.000917109350553905
powerTheory,kp1,14.331814598205613,27,,44.19751906664254,0.0007624845353680795
powerTheory,kp1,14.331814598205613,27,,50.97696463320793,0.0006344025583953911
powerTheory,kp1,14.331814598205613,27,,58.76268388380596,0.0005270398106028785
powerTheory,kp1,14.331814598205613,27,,67.80005380866534,0.0004355257625291283
powerTheory,kp1,14.331814598205613,27,,78.22401237420067,0.00035776180690247567
powerTheory,kp1,14.331814598205613,27,,90.15115163827254,0.00029222990497554293
powerTheory,kp1,14.331814598205613,27,,103.96190841743227,0.000236568255589697
powerTheory,kp1,14.331814598205613,27,,119.90776394223425,0.00018967930850616427
powerTheory,kp1,10.51901923231075,30,,0.03132124615650729,229.42658778960134
powerTheory,kp1,10.51901923231075,30,,0.05475214534566136,141.02254017781334
powerTheory,kp1,10.51901923231075,30,,0.07692383885216453,107.58467986130086
powerTheory,kp1,10.51901923231075,30,,0.09966162230830337,70.21531279432394
powerTheory,kp1,10.51901923231075,30,,0.12511351331450943,51.602510266221906
powerTheory,kp1,10.51901923231075,30,,0.15025472412609964,39.039564007060164
powerTheory,kp1,10.51901923231075,30,,0.17356669305616573,29.18963480003754
powerTheory,kp1,10.51901923231075,30,,0.19696505611493229,24.561205403539603
powerTheory,kp1,10.51901923231075,30,,0.23467088316189758,17.149293246442447
powerTheory,kp1,10.51901923231075,30,,0.2714838997836198,13.29597876353083
powerTheory,kp1,10.51901923231075,30,,0.3074505294274859,10.35749918747666
powerTheory,kp1,10.51901923231075,30,,0.32072956064263475,9.574883206988202
powerTheory,kp1,10.51901923231075,30,,0.35655106688011545,7.687950562336446
powerTheory,kp1,10.51901923231075,30,,0.40522159093463883,5.928796018377295
powerTheory,kp1,10.51901923231075,30,,0.46679327101939533,4.413743272159061
powerTheory,kp1,10.51901923231075,30,,0.5403284840379885,3.234635949783178
powerTheory,kp1,10.51901923231075,30,,0.5606619683395725,2.9882629911944503
powerTheory,kp1,10.51901923231075,30,,0.6136871191307025,2.458163794284378
powerTheory,kp1,10.51901923231075,30,,0.6996356608761835,1.8472082100833365
powerTheory,kp1,10.51901923231075,30,,0.787700109846164,1.4245315453021925
powerTheory,kp1,10.51901923231075,30,,0.8095816739630298,1.3415093609244633
powerTheory,kp1,10.51901923231075,30,,0.9323844656621748,0.9866330867016981
powerTheory,kp1,10.51901923231075,30,,1.0205350124370263,0.8188291416510791
powerTheory,kp1,10.51901923231075,30,,1.0672723359460794,0.7558978010989709
powerTheory,kp1,10.51901923231075,30,,1.226499288949326,0.5894291011036039
powerTheory,kp1,10.51901923231075,30,,1.2811623763405762,0.5452757412168768
powerTheory,kp1,10.51901923231075,30,,1.4104095800602772,0.4593826314258036
powerTheory,kp1,10.51901923231075,30,,1.5386083750512618,0.39342013299552436
powerTheory,kp1,10.51901923231075,30,,1.6188893924470529,0.3593289960780933
powerTheory,kp1,10.51901923231075,30,,1.7773229368951355,0.30419930692275066
powerTheory,kp1,10.51901923231075,30,,1.8518994088294254,0.2826663222691613
powerTheory,kp1,10.51901923231075,30,,2.016922174616909,0.2426374027362095
powerTheory,kp1,10.51901923231075,30,,2.121552844813054,0.221609965481496
powerTheory,kp1,10.51901923231075,30,,2.276370248265442,0.19510803729494697
powerTheory,kp1,10.51901923231075,30,,2.4402500543157206,0.17105141720719155
powerTheory,kp1,10.51901923231075,30,,2.5367369097912875,0.15957138347975974
powerTheory,kp1,10.51901923231075,30,,2.808107587329926,0.13295120150788184
powerTheory,kp1,10.51901923231075,30,,2.8990729604410603,0.12556388405219002
powerTheory,kp1,10.51901923231075,30,,3.2251264753174778,0.10375592577258697
powerTheory,kp1,10.51901923231075,30,,3.4029375450016945,0.0942810595213737
powerTheory,kp1,10.51901923231075,30,,3.7032262764691493,0.08111832726811134
powerTheory,kp1,10.51901923231075,30,,3.8962643221940114,0.07413878826971969
powerTheory,kp1,10.51901923231075,30,,4.255043223983473,0.06348738145784152
powerTheory,kp1,10.51901923231075,30,,4.529325768196214,0.056914435800638825
powerTheory,kp1,10.51901923231075,30,,4.892541103035591,0.04978098932653079
powerTheory,kp1,10.51901923231075,30,,5.281082799787281,0.04364747804795807
powerTheory,kp1,10.51901923231075,30,,5.616290685143554,0.039299732706115
powerTheory,kp1,10.51901923231075,30,,6.032211988680406,0.03483687158046009
powerTheory,kp1,10.51901923231075,30,,6.449738726970711,0.031157965850449523
powerTheory,kp1,10.51901923231075,30,,6.912966784883704,0.027792723931713663
powerTheory,kp1,10.51901923231075,30,,7.418559618353864,0.02477896834098814
powerTheory,kp1,10.51901923231075,30,,7.916032318937552,0.022334208733265807
powerTheory,kp1,10.51901923231075,30,,8.51020387248345,0.019926289334869274
powerTheory,kp1,10.51901923231075,30,,9.167784386799854,0.017754548996734495
powerTheory,kp1,10.51901923231075,30,,9.77265745689259,0.016110289779704506
powerTheory,kp1,10.51901923231075,30,,10.676813721239078,0.014119095668368603
powerTheory,kp1,10.51901923231075,30,,12.307894307036452,0.011498255751693085
powerTheory,kp1,10.51901923231075,30,,14.191236201951815,0.009434654316820428
powerTheory,kp1,10.51901923231075,30,,16.325873206659782,0.007822835986196935
powerTheory,kp1,10.51901923231075,30,,18.834933875270654,0.006501009354910273
powerTheory,kp1,10.51901923231075,30,,21.724701130885585,0.005428635913153149
powerTheory,kp1,10.51901923231075,30,,24.98816055619332,0.004560820289744901
powerTheory,kp1,10.51901923231075,30,,28.7550216942583,0.0038310058132121462
powerTheory,kp1,10.51901923231075,30,,33.148095750034386,0.0032054179998942897
powerTheory,kp1,10.51901923231075,30,,38.29541188602609,0.002664308306461927
powerTheory,kp1,10.51901923231075,30,,44.19751906664254,0.0022051503580516646
powerTheory,kp1,10.51901923231075,30,,50.97696463320793,0.0018137976013652968
powerTheory,kp1,10.51901923231075,30,,58.76268388380596,0.001481251347283368
powerTheory,kp1,10.51901923231075,30,,67.80005380866534,0.0011979115146945557
powerTheory,kp1,10.51901923231075,30,,78.22401237420067,0.0009600130925634298
powerTheory,kp1,10.51901923231075,30,,90.15115163827254,0.0007638833097639685
powerTheory,kp1,10.51901923231075,30,,103.96190841743227,0.0006019840712045797
powerTheory,kp1,10.51901923231075,30,,119.90776394223425,0.00047009069256643757
powerTheory,kp1,2.0333177828202462,44,,0.03132124615650729,3212.3923949027335
powerTheory,kp1,2.0333177828202462,44,,0.05475214534566136,1971.8110349747044
powerTheory,kp1,2.0333177828202462,44,,0.07692383885216453,1496.7296912264424
powerTheory,kp1,2.0333177828202462,44,,0.09966162230830337,976.6034751598959
powerTheory,kp1,2.0333177828202462,44,,0.12511351331450943,713.8196308807358
powerTheory,kp1,2.0333177828202462,44,,0.15025472412609964,538.424871293982
powerTheory,kp1,2.0333177828202462,44,,0.17356669305616573,405.9792798844365
powerTheory,kp1,2.0333177828202462,44,,0.19696505611493229,339.39621059641235
powerTheory,kp1,2.0333177828202462,44,,0.2223017820571719,267.0550332271428
powerTheory,kp1,2.0333177828202462,44,,0.24772821384680527,221.57646406804832
powerTheory,kp1,2.0333177828202462,44,,0.2831125937930721,173.27752927770598
powerTheory,kp1,2.0333177828202462,44,,0.32072956064263475,138.29426015527943
powerTheory,kp1,2.0333177828202462,44,,0.3323181196290724,129.43513049597055
powerTheory,kp1,2.0333177828202462,44,,0.38049456271425836,100.7816117317343
powerTheory,kp1,2.0333177828202462,44,,0.44231696955041133,76.39933715228487
powerTheory,kp1,2.0333177828202462,44,,0.515730742166727,57.84007949373632
powerTheory,kp1,2.0333177828202462,44,,0.5606619683395725,49.835643223413165
powerTheory,kp1,2.0333177828202462,44,,0.5890832020195685,45.6791203737211
powerTheory,kp1,2.0333177828202462,44,,0.6750944125863017,36.14472953793558
powerTheory,kp1,2.0333177828202462,44,,0.7730500311462425,28.95344195812829
powerTheory,kp1,2.0333177828202462,44,,0.787700109846164,28.115101277944447
powerTheory,kp1,2.0333177828202462,44,,0.8952914440234218,23.173224162656375
powerTheory,kp1,2.0333177828202462,44,,1.0205350124370263,19.335381801385903
powerTheory,kp1,2.0333177828202462,44,,1.04265758996475,18.80400164750113
powerTheory,kp1,2.0333177828202462,44,,1.2019428034215334,15.766968258570552
powerTheory,kp1,2.0333177828202462,44,,1.2811623763405762,14.637823639949703
powerTheory,kp1,2.0333177828202462,44,,1.3858629103468518,13.39662826249455
powerTheory,kp1,2.0333177828202462,44,,1.5386083750512618,11.953548579916832
powerTheory,kp1,2.0333177828202462,44,,1.5943235553378718,11.50742188531443
powerTheory,kp1,2.0333177828202462,44,,1.7773229368951355,10.258956731862813
powerTheory,kp1,2.0333177828202462,44,,1.8393490112569042,9.89665305345032
powerTheory,kp1,2.0333177828202462,44,,2.016922174616909,8.988874850282313
powerTheory,kp1,2.0333177828202462,44,,2.121552844813054,8.526706977785164
powerTheory,kp1,2.0333177828202462,44,,2.276370248265442,7.917233442205566
powerTheory,kp1,2.0333177828202462,44,,2.4402500543157206,7.335979691472408
powerTheory,kp1,2.0333177828202462,44,,2.5367369097912875,7.04182086310056
powerTheory,kp1,2.0333177828202462,44,,2.808107587329926,6.314494251415265
powerTheory,kp1,2.0333177828202462,44,,2.8990729604410603,6.098295836534377
powerTheory,kp1,2.0333177828202462,44,,3.2371187255892937,5.394375500638274
powerTheory,kp1,2.0333177828202462,44,,3.4029375450016945,5.095583141248421
powerTheory,kp1,2.0333177828202462,44,,3.7397863169947003,4.563038744681428
powerTheory,kp1,2.0333177828202462,44,,3.8962643221940114,4.344616110830675
powerTheory,kp1,2.0333177828202462,44,,4.316163971351862,3.8300243660708295
powerTheory,kp1,2.0333177828202462,44,,4.529325768196214,3.6026093632600955
powerTheory,kp1,2.0333177828202462,44,,4.978219202461694,3.1846755639454245
powerTheory,kp1,2.0333177828202462,44,,5.281082799787281,2.94202526926125
powerTheory,kp1,2.0333177828202462,44,,5.738543348027971,2.6238266337822944
powerTheory,kp1,2.0333177828202462,44,,6.032211988680406,2.4455054283289965
powerTheory,kp1,2.0333177828202462,44,,6.621099004752508,2.137557151561309
powerTheory,kp1,2.0333177828202462,44,,6.912966784883704,2.005359317738892
powerTheory,kp1,2.0333177828202462,44,,7.639063708418075,1.7244457231625905
powerTheory,kp1,2.0333177828202462,44,,7.916032318937552,1.6324160373202445
powerTheory,kp1,2.0333177828202462,44,,8.803823402174963,1.3812832625332787
powerTheory,kp1,2.0333177828202462,44,,9.167784386799854,1.2945728173443123
powerTheory,kp1,2.0333177828202462,44,,10.152530118889956,1.0961041760162331
powerTheory,kp1,2.0333177828202462,44,,10.676813721239078,1.0081956188062362
powerTheory,kp1,2.0333177828202462,44,,11.70974257248383,0.8627952148559078
powerTheory,kp1,2.0333177828202462,44,,12.307894307036452,0.7922939833540393
powerTheory,kp1,2.0333177828202462,44,,14.191236201951815,0.6181872878518649
powerTheory,kp1,2.0333177828202462,44,,16.325873206659782,0.4811522034738869
powerTheory,kp1,2.0333177828202462,44,,18.834933875270654,0.3704481730169409
powerTheory,kp1,2.0333177828202462,44,,21.724701130885585,0.28381895982901145
powerTheory,kp1,2.0333177828202462,44,,24.98816055619332,0.2175239616823046
powerTheory,kp1,2.0333177828202462,44,,28.7550216942583,0.16587142358311438
powerTheory,kp1,2.0333177828202462,44,,33.148095750034386,0.12552978329820122
powerTheory,kp1,2.0333177828202462,44,,38.29541188602609,0.09422174860412602
powerTheory,kp1,2.0333177828202462,44,,44.19751906664254,0.07061023941177062
powerTheory,kp1,2.0333177828202462,44,,50.97696463320793,0.05279717607183488
powerTheory,kp1,2.0333177828202462,44,,58.76268388380596,0.039395850611506085
powerTheory,kp1,2.0333177828202462,44,,67.80005380866534,0.02924926393299103
powerTheory,kp1,2.0333177828202462,44,,78.22401237420067,0.021651649282456956
powerTheory,kp1,2.0333177828202462,44,,90.15115163827254,0.016017921852142937
powerTheory,kp1,2.0333177828202462,44,,103.96190841743227,0.011803221683154773
powerTheory,kp1,2.0333177828202462,44,,119.90776394223425,0.008669128064790352
powerTheory,kp10,19.40664523021168,24,,0.03132124615650729,73.13602857884258
powerTheory,kp10,19.40664523021168,24,,0.05475214534566136,44.9542555412562
powerTheory,kp10,19.40664523021168,24,,0.07692383885216453,34.299301082544254
powerTheory,kp10,19.40664523021168,24,,0.09966162230830337,22.382274272294712
powerTheory,kp10,19.40664523021168,24,,0.12511351331450943,16.45180937729399
powerTheory,kp10,19.40664523021168,24,,0.15025472412609964,12.448534949331476
powerTheory,kp10,19.40664523021168,24,,0.17356669305616573,9.305035687701475
powerTheory,kp10,19.40664523021168,24,,0.19696505611493229,7.834295685570729
powerTheory,kp10,19.40664523021168,24,,0.2223017820571719,6.0822550784083935
powerTheory,kp10,19.40664523021168,24,,0.25933418899474325,4.6568732933180055
powerTheory,kp10,19.40664523021168,24,,0.2952393892533773,3.5567868714889763
powerTheory,kp10,19.40664523021168,24,,0.32072956064263475,3.0558591876422185
powerTheory,kp10,19.40664523021168,24,,0.3323181196290724,2.8425677485303735
powerTheory,kp10,19.40664523021168,24,,0.38049456271425836,2.1596550355341693
powerTheory,kp10,19.40664523021168,24,,0.43036673041605744,1.6699194777492687
powerTheory,kp10,19.40664523021168,24,,0.47912422134504706,1.3331140936612582
powerTheory,kp10,19.40664523021168,24,,0.5403284840379885,1.0320992741622286
powerTheory,kp10,19.40664523021168,24,,0.5606619683395725,0.9532850067772669
powerTheory,kp10,19.40664523021168,24,,0.6136871191307025,0.7835234853289251
powerTheory,kp10,19.40664523021168,24,,0.6876327138934866,0.6103419158840339
powerTheory,kp10,19.40664523021168,24,,0.7730500311462425,0.4703946468340865
powerTheory,kp10,19.40664523021168,24,,0.787700109846164,0.45099628927924895
powerTheory,kp10,19.40664523021168,24,,0.8713089455132572,0.3592628690157345
powerTheory,kp10,19.40664523021168,24,,0.9815042148197061,0.2738743386677369
powerTheory,kp10,19.40664523021168,24,,1.0205350124370263,0.25042389651479613
powerTheory,kp10,19.40664523021168,24,,1.1043167800279279,0.20872077269678496
powerTheory,kp10,19.40664523021168,24,,1.2390680588849046,0.15964396886435925
powerTheory,kp10,19.40664523021168,24,,1.2811623763405762,0.1476200275120286
powerTheory,kp10,19.40664523021168,24,,1.3983893627270858,0.12012775265051555
powerTheory,kp10,19.40664523021168,24,,1.5386083750512618,0.09577433181864355
powerTheory,kp10,19.40664523021168,24,,1.5823032446085594,0.08959343510357407
powerTheory,kp10,19.40664523021168,24,,1.7773229368951355,0.06783810627483894
powerTheory,kp10,19.40664523021168,24,,1.7908149424344963,0.06661684401774598
powerTheory,kp10,19.40664523021168,24,,2.016922174616909,0.05000554754652247
powerTheory,kp10,19.40664523021168,24,,2.023807018781303,0.04959514609894093
powerTheory,kp10,19.40664523021168,24,,2.276370248265442,0.037268516682445026
powerTheory,kp10,19.40664523021168,24,,2.2814147890006287,0.03706801912389115
powerTheory,kp10,19.40664523021168,24,,2.5756359856692157,0.027554786215974337
powerTheory,kp10,19.40664523021168,24,,2.6555820953061753,0.025562979372462123
powerTheory,kp10,19.40664523021168,24,,2.9068702959708497,0.020458190297537447
powerTheory,kp10,19.40664523021168,24,,3.0232513459545807,0.018566677989279738
powerTheory,kp10,19.40664523021168,24,,3.274766346986673,0.01523101260679435
powerTheory,kp10,19.40664523021168,24,,3.4029375450016945,0.013844656130127487
powerTheory,kp10,19.40664523021168,24,,3.6917460738213963,0.011301440094313355
powerTheory,kp10,19.40664523021168,24,,4.020365626937881,0.009130636875690388
powerTheory,kp10,19.40664523021168,24,,4.157847853546827,0.00839243045165615
powerTheory,kp10,19.40664523021168,24,,4.659082728303963,0.0063034103757852325
powerTheory,kp10,19.40664523021168,24,,4.6851121065956285,0.006215500686275012
powerTheory,kp10,19.40664523021168,24,,5.281082799787281,0.004592972386355213
powerTheory,kp10,19.40664523021168,24,,6.032211988680406,0.00327749952845999
powerTheory,kp10,19.40664523021168,24,,6.912966784883704,0.0023159301526873314
powerTheory,kp10,19.40664523021168,24,,7.916032318937552,0.0016377810857171747
powerTheory,kp10,19.40664523021168,24,,9.045423690007606,0.0011633803141334392
powerTheory,kp10,19.40664523021168,24,,10.424956010407,0.000825728344740323
powerTheory,kp10,19.40664523021168,24,,11.933575365542753,0.0006261068882061291
powerTheory,kp10,19.40664523021168,24,,13.688513712259034,0.0004724633757751338
powerTheory,kp10,19.40664523021168,24,,15.699643288827996,0.00035648492184187997
powerTheory,kp10,19.40664523021168,24,,17.957990256676865,0.0002704440513058409
powerTheory,kp10,19.40664523021168,24,,20.595471029016156,0.00020410779070868064
powerTheory,kp10,19.40664523021168,24,,23.60787959982905,0.00015430478036218822
powerTheory,kp10,19.40664523021168,24,,27.123267382734223,0.00011621906379946387
powerTheory,kp10,19.40664523021168,24,,31.141623950234145,8.778203295268991e-05
powerTheory,kp10,19.40664523021168,24,,35.66325168481594,6.677355596736152e-05
powerTheory,kp10,19.40664523021168,24,,40.933551289128225,5.0684144386068204e-05
powerTheory,kp10,19.40664523021168,24,,46.96420397520614,3.86116804904841e-05
powerTheory,kp10,19.40664523021168,24,,53.74374239732442,2.9660982831958336e-05
powerTheory,kp10,19.40664523021168,24,,61.6523473074761,2.2759176344447803e-05
powerTheory,kp10,19.40664523021168,24,,70.6956588770444,1.7544164958285194e-05
powerTheory,kp10,19.40664523021168,24,,80.99075653521162,1.3600889848226207e-05
powerTheory,kp10,19.40664523021168,24,,92.79514028608848,1.0579192237352183e-05
powerTheory,kp10,14.331814598205613,27,,0.03132124615650729,129.5471641163832
powerTheory,kp10,14.331814598205613,27,,0.05475214534566136,79.62870386916615
powerTheory,kp10,14.331814598205613,27,,0.07692383885216453,60.752794264801764
powerTheory,kp10,14.331814598205613,27,,0.09966162230830337,39.64683210890718
powerTheory,kp10,14.331814598205613,27,,0.12511351331450943,29.140345818288566
powerTheory,kp10,14.331814598205613,27,,0.15025472412609964,22.04835580488488
powerTheory,kp10,14.331814598205613,27,,0.17356669305616573,16.48243564026424
powerTheory,kp10,14.331814598205613,27,,0.19696505611493229,13.874329402747984
powerTheory,kp10,14.331814598205613,27,,0.2223017820571719,10.772579959162519
powerTheory,kp10,14.331814598205613,27,,0.24772821384680527,8.903935840674691
powerTheory,kp10,14.331814598205613,27,,0.2831125937930721,6.865635934727457
powerTheory,kp10,14.331814598205613,27,,0.32016672397367135,5.428013860011831
powerTheory,kp10,14.331814598205613,27,,0.32072956064263475,5.41034712797018
powerTheory,kp10,14.331814598205613,27,,0.35655106688011545,4.343682990891748
powerTheory,kp10,14.331814598205613,27,,0.40522159093463883,3.349735231479739
powerTheory,kp10,14.331814598205613,27,,0.4549885476859342,2.633216114017081
powerTheory,kp10,14.331814598205613,27,,0.515730742166727,2.0173953798804205
powerTheory,kp10,14.331814598205613,27,,0.5606619683395725,1.6856774037584252
powerTheory,kp10,14.331814598205613,27,,0.5890832020195685,1.5142711412958254
powerTheory,kp10,14.331814598205613,27,,0.6630678120216652,1.1684928439426463
powerTheory,kp10,14.331814598205613,27,,0.7486243326629919,0.892436499867167
powerTheory,kp10,14.331814598205613,27,,0.787700109846164,0.7962705971282422
powerTheory,kp10,14.331814598205613,27,,0.8587159149890353,0.6553326888864369
powerTheory,kp10,14.331814598205613,27,,0.9815042148197061,0.48308135002528063
powerTheory,kp10,14.331814598205613,27,,1.0205350124370263,0.4416600144977172
powerTheory,kp10,14.331814598205613,27,,1.1043167800279279,0.368038297046514
powerTheory,kp10,14.331814598205613,27,,1.2511017808209557,0.2751878600075138
powerTheory,kp10,14.331814598205613,27,,1.2811623763405762,0.2602811900522483
powerTheory,kp10,14.331814598205613,27,,1.4229298677518092,0.20331092880285553
powerTheory,kp10,14.331814598205613,27,,1.5386083750512618,0.16896106044945178
powerTheory,kp10,14.331814598205613,27,,1.6068593677800054,0.1523938517525016
powerTheory,kp10,14.331814598205613,27,,1.7773229368951355,0.11978994933954298
powerTheory,kp10,14.331814598205613,27,,1.8153646761211057,0.11386721583296412
powerTheory,kp10,14.331814598205613,27,,2.016922174616909,0.08840139708264394
powerTheory,kp10,14.331814598205613,27,,2.060378355680351,0.08396894679690158
powerTheory,kp10,14.331814598205613,27,,2.276370248265442,0.06597329556657779
powerTheory,kp10,14.331814598205613,27,,2.3305421486544455,0.06231868592927399
powerTheory,kp10,14.331814598205613,27,,2.5367369097912875,0.05070822464740634
powerTheory,kp10,14.331814598205613,27,,2.636752956302375,0.04614147904985778
powerTheory,kp10,14.331814598205613,27,,2.8990729604410603,0.036582245037360774
powerTheory,kp10,14.331814598205613,27,,2.992583767580162,0.03384088196525658
powerTheory,kp10,14.331814598205613,27,,3.385014085539233,0.024987233381048565
powerTheory,kp10,14.331814598205613,27,,3.4029375450016945,0.024663801914468108
powerTheory,kp10,14.331814598205613,27,,3.8386075524629186,0.018311203528115303
powerTheory,kp10,14.331814598205613,27,,3.8962643221940114,0.01764737002841465
powerTheory,kp10,14.331814598205613,27,,4.353822749186112,0.013397081664397154
powerTheory,kp10,14.331814598205613,27,,4.529325768196214,0.01214348170561849
powerTheory,kp10,14.331814598205613,27,,4.930192100873018,0.009832607102217849
powerTheory,kp10,14.331814598205613,27,,5.281082799787281,0.008284437360079056
powerTheory,kp10,14.331814598205613,27,,5.580245065083536,0.007220903042789207
powerTheory,kp10,14.331814598205613,27,,6.032211988680406,0.005945924929745858
powerTheory,kp10,14.331814598205613,27,,6.912966784883704,0.004232526143380832
powerTheory,kp10,14.331814598205613,27,,7.916032318937552,0.0030205459740237036
powerTheory,kp10,14.331814598205613,27,,9.167784386799854,0.0020986382807502433
powerTheory,kp10,14.331814598205613,27,,10.676813721239078,0.001490075195313861
powerTheory,kp10,14.331814598205613,27,,12.307894307036452,0.0011298192686412336
powerTheory,kp10,14.331814598205613,27,,14.191236201951815,0.000858057673092394
powerTheory,kp10,14.331814598205613,27,,16.325873206659782,0.0006563321851197727
powerTheory,kp10,14.331814598205613,27,,18.834933875270654,0.0005010393221808537
powerTheory,kp10,14.331814598205613,27,,21.724701130885585,0.0003842484381557338
powerTheory,kp10,14.331814598205613,27,,24.98816055619332,0.00029766786202505674
powerTheory,kp10,14.331814598205613,27,,28.7550216942583,0.00023160760545603754
powerTheory,kp10,14.331814598205613,27,,33.148095750034386,0.00018071691314726777
powerTheory,kp10,14.331814598205613,27,,38.29541188602609,0.0001413809806481607
powerTheory,kp10,14.331814598205613,27,,44.19751906664254,0.00011150055677104405
powerTheory,kp10,14.331814598205613,27,,50.97696463320793,8.857591992177672e-05
powerTheory,kp10,14.331814598205613,27,,58.76268388380596,7.081971177895075e-05
powerTheory,kp10,14.331814598205613,27,,67.80005380866534,5.680110948828687e-05
powerTheory,kp10,14.331814598205613,27,,78.22401237420067,4.572178246395647e-05
powerTheory,kp10,14.331814598205613,27,,90.15115163827254,3.69342666197278e-05
powerTheory,kp10,14.331814598205613,27,,103.96190841743227,2.9812853556757076e-05
powerTheory,kp10,14.331814598205613,27,,119.90776394223425,2.401329644559134e-05
powerTheory,kp10,10.51901923231075,30,,0.03132124615650729,229.42657954554275
powerTheory,kp10,10.51901923231075,30,,0.05475214534566136,141.02241444291934
powerTheory,kp10,10.51901923231075,30,,0.07692383885216453,107.5846566277262
powerTheory,kp10,10.51901923231075,30,,0.09966162230830337,70.21485145265802
powerTheory,kp10,10.51901923231075,30,,0.12511351331450943,51.60192659683111
powerTheory,kp10,10.51901923231075,30,,0.15025472412609964,39.038710673368456
powerTheory,kp10,10.51901923231075,30,,0.17356669305616573,29.188215068733594
powerTheory,kp10,10.51901923231075,30,,0.19696505611493229,24.559575299436183
powerTheory,kp10,10.51901923231075,30,,0.23467088316189758,17.146671350726546
powerTheory,kp10,10.51901923231075,30,,0.2714838997836198,13.292475719153181
powerTheory,kp10,10.51901923231075,30,,0.3074505294274859,10.352925430323848
powerTheory,kp10,10.51901923231075,30,,0.32072956064263475,9.569894095996679
powerTheory,kp10,10.51901923231075,30,,0.34493070130200054,8.222521687386696
powerTheory,kp10,10.51901923231075,30,,0.39261383075565154,6.328996283434493
powerTheory,kp10,10.51901923231075,30,,0.4549885476859342,4.651993791325998
powerTheory,kp10,10.51901923231075,30,,0.515730742166727,3.5620755674724474
powerTheory,kp10,10.51901923231075,30,,0.5606619683395725,2.975247363461643
powerTheory,kp10,10.51901923231075,30,,0.5890832020195685,2.672147519677658
powerTheory,kp10,10.51901923231075,30,,0.6630678120216652,2.0610930023880445
powerTheory,kp10,10.51901923231075,30,,0.7486243326629919,1.5737747461473146
powerTheory,kp10,10.51901923231075,30,,0.787700109846164,1.4041602084930098
powerTheory,kp10,10.51901923231075,30,,0.8587159149890353,1.155748814951964
powerTheory,kp10,10.51901923231075,30,,0.9815042148197061,0.8524785122457216
powerTheory,kp10,10.51901923231075,30,,1.0205350124370263,0.7795996309105271
powerTheory,kp10,10.51901923231075,30,,1.1162934624647138,0.634141652433981
powerTheory,kp10,10.51901923231075,30,,1.263691586653707,0.4756344690691012
powerTheory,kp10,10.51901923231075,30,,1.2811623763405762,0.46065819080709286
powerTheory,kp10,10.51901923231075,30,,1.4349608450355178,0.35343000976580136
powerTheory,kp10,10.51901923231075,30,,1.5386083750512618,0.3000372056653797
powerTheory,kp10,10.51901923231075,30,,1.643428692395616,0.256877232019804
powerTheory,kp10,10.51901923231075,30,,1.7773229368951355,0.21344373612421302
powerTheory,kp10,10.51901923231075,30,,1.864439569423981,0.190551083275112
powerTheory,kp10,10.51901923231075,30,,2.016922174616909,0.15807742463975646
powerTheory,kp10,10.51901923231075,30,,2.121552844813054,0.1401318907056821
powerTheory,kp10,10.51901923231075,30,,2.276370248265442,0.11844995119168984
powerTheory,kp10,10.51901923231075,30,,2.416225209533465,0.10273776193379168
powerTheory,kp10,10.51901923231075,30,,2.5367369097912875,0.0914327132367028
powerTheory,kp10,10.51901923231075,30,,2.7469932758832933,0.07553816873038696
powerTheory,kp10,10.51901923231075,30,,2.8990729604410603,0.06637274727524119
powerTheory,kp10,10.51901923231075,30,,3.1274116641891405,0.0553225793276715
powerTheory,kp10,10.51901923231075,30,,3.4029375450016945,0.045165076471929716
powerTheory,kp10,10.51901923231075,30,,3.556418577764849,0.04062425940082113
powerTheory,kp10,10.51901923231075,30,,3.8962643221940114,0.03263326016194892
powerTheory,kp10,10.51901923231075,30,,4.059099211725204,0.02958306966036401
powerTheory,kp10,10.51901923231075,30,,4.529325768196214,0.022761612004046337
powerTheory,kp10,10.51901923231075,30,,4.623457698021613,0.02167204329067269
powerTheory,kp10,10.51901923231075,30,,5.260966573586464,0.01594422315192058
powerTheory,kp10,10.51901923231075,30,,5.281082799787281,0.01580076095122999
powerTheory,kp10,10.51901923231075,30,,5.996725859226761,0.011713713093736483
powerTheory,kp10,10.51901923231075,30,,6.032211988680406,0.011553285243929973
powerTheory,kp10,10.51901923231075,30,,6.818712585768084,0.008687751541820624
powerTheory,kp10,10.51901923231075,30,,6.912966784883704,0.00841658929344724
powerTheory,kp10,10.51901923231075,30,,7.916032318937552,0.006175391065490348
powerTheory,kp10,10.51901923231075,30,,9.167784386799854,0.00444814060341116
powerTheory,kp10,10.51901923231075,30,,10.676813721239078,0.0032883315224073013
powerTheory,kp10,10.51901923231075,30,,12.307894307036452,0.002587206978132256
powerTheory,kp10,10.51901923231075,30,,14.191236201951815,0.0020466266698272503
powerTheory,kp10,10.51901923231075,30,,16.325873206659782,0.001635022035178309
powerTheory,kp10,10.51901923231075,30,,18.834933875270654,0.001308117211944609
powerTheory,kp10,10.51901923231075,30,,21.724701130885585,0.0010529959201674925
powerTheory,kp10,10.51901923231075,30,,24.98816055619332,0.0008557021109358297
powerTheory,kp10,10.51901923231075,30,,28.7550216942583,0.0006978248210116249
powerTheory,kp10,10.51901923231075,30,,33.148095750034386,0.0005696025394311535
powerTheory,kp10,10.51901923231075,30,,38.29541188602609,0.0004646362450762787
powerTheory,kp10,10.51901923231075,30,,44.19751906664254,0.0003800341924120545
powerTheory,kp10,10.51901923231075,30,,50.97696463320793,0.00031115379872694097
powerTheory,kp10,10.51901923231075,30,,58.76268388380596,0.00025470104642797976
powerTheory,kp10,10.51901923231075,30,,67.80005380866534,0.00020778424946410787
powerTheory,kp10,10.51901923231075,30,,78.22401237420067,0.00016895720354833863
powerTheory,kp10,10.51901923231075,30,,90.15115163827254,0.00013701462734753725
powerTheory,kp10,10.51901923231075,30,,103.96190841743227,0.00011042361373407244
powerTheory,kp10,10.51901923231075,30,,119.90776394223425,8.837784736773411e-05
powerTheory,kp10,2.0333177828202462,44,,0.03132124615650729,3213.7104808840877
powerTheory,kp10,2.0333177828202462,44,,0.05475214534566136,1975.744533228966
powerTheory,kp10,2.0333177828202462,44,,0.07692383885216453,1504.27870836437
powerTheory,kp10,2.0333177828202462,44,,0.09966162230830337,987.2527556488951
powerTheory,kp10,2.0333177828202462,44,,0.12511351331450943,727.835037875779
powerTheory,kp10,2.0333177828202462,44,,0.15025472412609964,554.5189848503607
powerTheory,kp10,2.0333177828202462,44,,0.17356669305616573,422.4391403015682
powerTheory,kp10,2.0333177828202462,44,,0.19696505611493229,356.1525810436803
powerTheory,kp10,2.0333177828202462,44,,0.2223017820571719,282.9606194297159
powerTheory,kp10,2.0333177828202462,44,,0.24772821384680527,236.669923038661
powerTheory,kp10,2.0333177828202462,44,,0.2831125937930721,186.998399284721
powerTheory,kp10,2.0333177828202462,44,,0.32072956064263475,150.67616096735472
powerTheory,kp10,2.0333177828202462,44,,0.3323181196290724,141.41851520552572
powerTheory,kp10,2.0333177828202462,44,,0.38049456271425836,111.29373064054752
powerTheory,kp10,2.0333177828202462,44,,0.44231696955041133,85.38531230729288
powerTheory,kp10,2.0333177828202462,44,,0.515730742166727,65.42440244571343
powerTheory,kp10,2.0333177828202462,44,,0.5606619683395725,56.72090369026055
powerTheory,kp10,2.0333177828202462,44,,0.5890832020195685,52.16904190097519
powerTheory,kp10,2.0333177828202462,44,,0.6750944125863017,41.59515982251984
powerTheory,kp10,2.0333177828202462,44,,0.7730500311462425,33.41749878797498
powerTheory,kp10,2.0333177828202462,44,,0.787700109846164,32.44113594355102
powerTheory,kp10,2.0333177828202462,44,,0.8952914440234218,26.58726552576278
powerTheory,kp10,2.0333177828202462,44,,1.0205350124370263,21.857303187435217
powerTheory,kp10,2.0333177828202462,44,,1.04265758996475,21.183707188044817
powerTheory,kp10,2.0333177828202462,44,,1.2019428034215334,17.30220835328408
powerTheory,kp10,2.0333177828202462,44,,1.2811623763405762,15.847184498598999
powerTheory,kp10,2.0333177828202462,44,,1.3858629103468518,14.255786335083933
powerTheory,kp10,2.0333177828202462,44,,1.5386083750512618,12.432470717470707
powerTheory,kp10,2.0333177828202462,44,,1.5943235553378718,11.878252617828709
powerTheory,kp10,2.0333177828202462,44,,1.7773229368951355,10.356980333107813
powerTheory,kp10,2.0333177828202462,44,,1.8393490112569042,9.92454379261631
powerTheory,kp10,2.0333177828202462,44,,2.016922174616909,8.861498821470654
powerTheory,kp10,2.0333177828202462,44,,2.121552844813054,8.331808344064587
powerTheory,kp10,2.0333177828202462,44,,2.276370248265442,7.648975885476545
powerTheory,kp10,2.0333177828202462,44,,2.4402500543157206,7.031017370748507
powerTheory,kp10,2.0333177828202462,44,,2.5367369097912875,6.707181474249369
powerTheory,kp10,2.0333177828202462,44,,2.808107587329926,5.922365517750861
powerTheory,kp10,2.0333177828202462,44,,2.8990729604410603,5.69296250850433
powerTheory,kp10,2.0333177828202462,44,,3.2371187255892937,4.956737495872297
powerTheory,kp10,2.0333177828202462,44,,3.4029375450016945,4.649377496623549
powerTheory,kp10,2.0333177828202462,44,,3.7397863169947003,4.108926381213263
powerTheory,kp10,2.0333177828202462,44,,3.8962643221940114,3.889929160194398
powerTheory,kp10,2.0333177828202462,44,,4.316163971351862,3.38021262845843
powerTheory,kp10,2.0333177828202462,44,,4.529325768196214,3.157717388015791
powerTheory,kp10,2.0333177828202462,44,,4.978219202461694,2.7532801682831636
powerTheory,kp10,2.0333177828202462,44,,5.281082799787281,2.521198558099004
powerTheory,kp10,2.0333177828202462,44,,5.738543348027971,2.220062743628992
powerTheory,kp10,2.0333177828202462,44,,6.032211988680406,2.0529823157077494
powerTheory,kp10,2.0333177828202462,44,,6.621099004752508,1.7675055013359902
powerTheory,kp10,2.0333177828202462,44,,6.912966784883704,1.646219824158712
powerTheory,kp10,2.0333177828202462,44,,7.639063708418075,1.3913168910078593
powerTheory,kp10,2.0333177828202462,44,,7.916032318937552,1.3087149235829136
powerTheory,kp10,2.0333177828202462,44,,8.803823402174963,1.085842664253293
powerTheory,kp10,2.0333177828202462,44,,9.167784386799854,1.0098446574051951
powerTheory,kp10,2.0333177828202462,44,,10.152530118889956,0.8391900384342663
powerTheory,kp10,2.0333177828202462,44,,10.676813721239078,0.7665339788288567
powerTheory,kp10,2.0333177828202462,44,,11.70974257248383,0.6474942220627751
powerTheory,kp10,2.0333177828202462,44,,12.307894307036452,0.5901478370760778
powerTheory,kp10,2.0333177828202462,44,,14.191236201951815,0.4499334714493884
powerTheory,kp10,2.0333177828202462,44,,16.325873206659782,0.3414789890979118
powerTheory,kp10,2.0333177828202462,44,,18.834933875270654,0.25567237241548907
powerTheory,kp10,2.0333177828202462,44,,21.724701130885585,0.19010719647930718
powerTheory,kp10,2.0333177828202462,44,,24.98816055619332,0.14121688228189389
powerTheory,kp10,2.0333177828202462,44,,28.7550216942583,0.10419292989265892
powerTheory,kp10,2.0333177828202462,44,,33.148095750034386,0.07616196216824375
powerTheory,kp10,2.0333177828202462,44,,38.29541188602609,0.055130779939265025
powerTheory,kp10,2.0333177828202462,44,,44.19751906664254,0.03982996206341861
powerTheory,kp10,2.0333177828202462,44,,50.97696463320793,0.028713855106256233
powerTheory,kp10,2.0333177828202462,44,,58.76268388380596,0.02066678295855575
powerTheory,kp10,2.0333177828202462,44,,67.80005380866534,0.014807019804707855
powerTheory,kp10,2.0333177828202462,44,,78.22401237420067,0.010590008053928531
powerTheory,kp10,2.0333177828202462,44,,90.15115163827254,0.007581717466541618
powerTheory,kp10,2.0333177828202462,44,,103.96190841743227,0.0054149640989938925
powerTheory,kp10,2.0333177828202462,44,,119.90776394223425,0.0038613032018337294
