dataset,model,z,snap,x,y,err,lo,hi,count,theory,reference,particleMass,mass50
hmf.fof,PL,2.0333177828202462,44,119945728.41217631,17.39309509320025,0.04518113797732115,17.347913955222932,17.43827623117757,,,,,
hmf.fof,PL,2.0333177828202462,44,176726513.47172454,11.817450723930534,0.03724179709832202,11.780208926832213,11.854692521028856,,,,,
hmf.fof,PL,2.0333177828202462,44,259569271.91480237,8.474904327887813,0.0315381439944515,8.443366183893362,8.506442471882265,,,,,
hmf.fof,PL,2.0333177828202462,44,381353073.8554813,5.8550896982366325,0.02621413344863896,5.828875564787993,5.881303831685272,,,,,
hmf.fof,PL,2.0333177828202462,44,559812230.3139863,4.172080031128043,0.02212814685299658,4.149951884275046,4.194208177981039,,,,,
hmf.fof,PL,2.0333177828202462,44,821272750.3996118,2.8716792562631075,0.018358478918354793,2.8533207773447526,2.8900377351814623,,,,,
hmf.fof,PL,2.0333177828202462,44,1204969652.0694473,2.0182032242398398,0.015390445007548055,2.0028127792322916,2.033593669247388,,,,,
hmf.fof,PL,2.0333177828202462,44,1768526967.130835,1.4067331847952267,0.012849155823371393,1.3938840289718553,1.4195823406185981,,,,,
hmf.fof,PL,2.0333177828202462,44,2596822356.4144096,1.001825001285838,0.010843379620028086,0.9909816216658099,1.012668380905866,,,,,
hmf.fof,PL,2.0333177828202462,44,3802681553.488506,0.700784569198423,0.009069033263366137,0.6917155359350569,0.7098536024617892,,,,,
hmf.fof,PL,2.0333177828202462,44,5596810980.526231,0.48530299675690497,0.0075470150519108175,0.47775598170499417,0.49285001180881577,,,,,
hmf.fof,PL,2.0333177828202462,44,8197416933.9783745,0.3286211344424024,0.006210355694960851,0.3224107787474415,0.33483149013736324,,,,,
hmf.fof,PL,2.0333177828202462,44,12039428323.730349,0.24247545134214404,0.005334609300678813,0.23714084204146524,0.24781006064282285,,,,,
hmf.fof,PL,2.0333177828202462,44,17548231402.50871,0.16466266129381804,0.004396087162575031,0.160266574131243,0.16905874845639307,,,,,
hmf.fof,PL,2.0333177828202462,44,26157161762.907024,0.11337429138262882,0.003647758032132446,0.10972653335049637,0.11702204941476127,,,,,
hmf.fof,PL,2.0333177828202462,44,38367360737.64208,0.07793015473919827,0.0030242765284602307,0.07490587821073805,0.0809544312676585,,,,,
hmf.fof,PL,2.0333177828202462,44,55772337723.71957,0.057156604454803556,0.0025900129754786124,0.054566591479324945,0.059746617430282166,,,,,
hmf.fof,PL,2.0333177828202462,44,82096448533.51424,0.03520940726168597,0.0020328160760541563,0.033176591185631814,0.037242223337740125,,,,,
hmf.fof,PL,2.0333177828202462,44,118104888825.70097,0.025585502610158472,0.001732868894248301,0.02385263371591017,0.027318371504406774,,,,,
hmf.fof,PL,2.0333177828202462,44,174990442697.32916,0.021125644357011582,0.0015746125616920912,0.01955103179531949,0.022700256918703674,,,,,
hmf.fof,PL,2.0333177828202462,44,260136557385.82278,0.01267538661420695,0.0012196896456324936,0.011455696968574456,0.013895076259839443,,,,,
hmf.fof,PL,2.0333177828202462,44,377080151493.3648,0.008098163670187774,0.0009749043418637388,0.0071232593283240345,0.009073068012051513,,,,,
hmf.fof,PL,2.0333177828202462,44,556177439469.8805,0.005046681707508323,0.0007696117453187272,0.004277069962189595,0.00581629345282705,,,,,
hmf.fof,PL,2.0333177828202462,44,811159454500.7452,0.0031688466535517374,0.0006098448228162468,0.002559001830735491,0.003778691476367984,,,,,
hmf.fof,PL,2.0333177828202462,44,1198373532105.7793,0.003286211344424024,0.0006210355694960852,0.0026651757749279388,0.003907246913920109,,,,,
hmf.fof,PL,2.0333177828202462,44,1696274277300.6067,0.0014083762904674388,0.0004065632152108311,0.0010018130752566076,0.0018149395056782699,,,,,
hmf.fof,PL,2.0333177828202462,44,2604533781408.805,0.0017604703630842984,0.00045455149318114754,0.001305918869903151,0.002215021856265446,,,,,
hmf.fof,PL,2.0333177828202462,44,3594553274790.606,0.000821552836106006,0.0003105177847480426,0.0005110350513579634,0.0011320706208540485,,,,,
hmf.fof,PL,2.0333177828202462,44,5940851018421.244,0.00011736469087228657,0.00011736469087228657,0.0,0.00023472938174457314,,,,,
hmf.fof,PL,2.0333177828202462,44,8280486597611.382,0.00023472938174457314,0.00016597873757531346,6.875064416925967e-05,0.0004007081193198866,,,,,
hmf.fof,PL,1.0717968600643704,48,119967945.43841182,15.881085780692585,0.04317266175911848,15.837913118933466,15.924258442451704,,,,,
hmf.fof,PL,1.0717968600643704,48,176644384.05267373,10.762107423606933,0.0355399973397012,10.726567426267232,10.797647420946634,,,,,
hmf.fof,PL,1.0717968600643704,48,259449229.28840443,7.733628940338451,0.03012731268971382,7.703501627648738,7.7637562530281645,,,,,
hmf.fof,PL,1.0717968600643704,48,381277951.46172124,5.327300683383959,0.025004739508522767,5.3022959438754365,5.352305422892482,,,,,
hmf.fof,PL,1.0717968600643704,48,559505193.5603312,3.8078973953513375,0.02114030985295142,3.7867570854983863,3.8290377052042888,,,,,
hmf.fof,PL,1.0717968600643704,48,822089290.1263002,2.691993914537637,0.017774842716878996,2.6742190718207577,2.709768757254516,,,,,
hmf.fof,PL,1.0717968600643704,48,1207030100.760843,1.8574135977448072,0.014764646041178938,1.8426489517036282,1.8721782437859862,,,,,
hmf.fof,PL,1.0717968600643704,48,1766111075.382764,1.2994618573379568,0.01234953194201289,1.287112325395944,1.3118113892799697,,,,,
hmf.fof,PL,1.0717968600643704,48,2598416376.2990155,0.9321103749076999,0.01045929471856938,0.9216510801891304,0.9425696696262693,,,,,
hmf.fof,PL,1.0717968600643704,48,3824111124.0581756,0.6547776103764867,0.008766286091152334,0.6460113242853344,0.6635438964676391,,,,,
hmf.fof,PL,1.0717968600643704,48,5582663279.419897,0.45443608305749356,0.007303064453313792,0.44713301860417975,0.46173914751080736,,,,,
hmf.fof,PL,1.0717968600643704,48,8216836972.596935,0.3164152065916846,0.006093929184764437,0.31032127740692017,0.322509135776449,,,,,
hmf.fof,PL,1.0717968600643704,48,12088428480.96031,0.23038688818229852,0.005199931337291245,0.22518695684500728,0.23558681951958976,,,,,
hmf.fof,PL,1.0717968600643704,48,17688732655.195175,0.15914652082282058,0.004321826259785353,0.15482469456303521,0.16346834708260594,,,,,
hmf.fof,PL,1.0717968600643704,48,26047252770.778862,0.11396111483699026,0.0036571862154263506,0.11030392862156391,0.11761830105241661,,,,,
hmf.fof,PL,1.0717968600643704,48,38123316400.64757,0.07922116633879343,0.0030492241140812337,0.0761719422247122,0.08227039045287467,,,,,
hmf.fof,PL,1.0717968600643704,48,56253719515.39017,0.05433985187386868,0.0025253870826513784,0.051814464791217305,0.056865238956520056,,,,,
hmf.fof,PL,1.0717968600643704,48,81072904271.77228,0.03708724231564255,0.0020863203804020545,0.0350009219352405,0.039173562696044606,,,,,
hmf.fof,PL,1.0717968600643704,48,120574479176.88943,0.0279327964276042,0.0018106142653597638,0.026122182162244437,0.029743410692963965,,,,,
hmf.fof,PL,1.0717968600643704,48,179107381229.63467,0.01983463275741643,0.0015257409813397252,0.018308891776076704,0.021360373738756155,,,,,
hmf.fof,PL,1.0717968600643704,48,261430767802.31183,0.013496939450312955,0.0012585960933945207,0.012238343356918435,0.014755535543707475,,,,,
hmf.fof,PL,1.0717968600643704,48,375938326142.8964,0.008684987124549206,0.0010096092457493179,0.007675377878799888,0.009694596370298524,,,,,
hmf.fof,PL,1.0717968600643704,48,563903213264.9637,0.007276610834081767,0.0009241305000593466,0.006352480334022421,0.008200741334141113,,,,,
hmf.fof,PL,1.0717968600643704,48,815738556802.637,0.0044598582531468894,0.0007234845438672485,0.003736373709279641,0.0051833427970141375,,,,,
hmf.fof,PL,1.0717968600643704,48,1209061921661.119,0.0039903994896577435,0.0006843478666296924,0.003306051623028051,0.004674747356287436,,,,,
hmf.fof,PL,1.0717968600643704,48,1805865821055.645,0.0024646585083180177,0.0005378325798373459,0.0019268259284806718,0.0030024910881553636,,,,,
hmf.fof,PL,1.0717968600643704,48,2640845833903.678,0.0015257409813397252,0.0004231644108690096,0.0011025765704707157,0.0019489053922087348,,,,,
hmf.fof,PL,1.0717968600643704,48,3745413391324.561,0.0012910115995951523,0.0003892546432594237,0.0009017569563357286,0.001680266242854576,,,,,
hmf.fof,PL,1.0717968600643704,48,5663490784854.031,0.0005868234543614328,0.00026243542694868186,0.00032438802741275094,0.0008492588813101146,,,,,
hmf.fof,PL,1.0717968600643704,48,7877853459181.528,0.0010562822178505791,0.0003520940726168597,0.0007041881452337195,0.0014083762904674388,,,,,
hmf.fof,kp1,2.0333177828202462,44,120031624.07533862,26.033131541145373,0.05527540534237718,25.977856135802995,26.08840694648775,,,,,
hmf.fof,kp1,2.0333177828202462,44,176753813.65035558,17.952220480515827,0.045901599178752715,17.906318881337075,17.99812207969458,,,,,
hmf.fof,kp1,2.0333177828202462,44,259573213.79727662,13.005533489630691,0.039069046797172775,12.96646444283352,13.044602536427863,,,,,
hmf.fof,kp1,2.0333177828202462,44,381431857.7109571,9.073933710099963,0.03263371607527255,9.04129999402469,9.106567426175236,,,,,
hmf.fof,kp1,2.0333177828202462,44,559666440.0662351,6.5145618962480105,0.027651031501944458,6.486910864746066,6.542212927749955,,,,,
hmf.fof,kp1,2.0333177828202462,44,823227465.5896555,4.581800166963196,0.023189255275541436,4.558610911687654,4.604989422238737,,,,,
hmf.fof,kp1,2.0333177828202462,44,1204237541.3518014,3.2431385028738946,0.019509739820043857,3.223628763053851,3.2626482426939383,,,,,
hmf.fof,kp1,2.0333177828202462,44,1768790481.3260214,2.289433024845694,0.01639202852711704,2.2730409963185774,2.305825053372811,,,,,
hmf.fof,kp1,2.0333177828202462,44,2593177550.612764,1.5928735845186732,0.013672860558261578,1.5792007239604116,1.606546445076935,,,,,
hmf.fof,kp1,2.0333177828202462,44,3817983947.9038153,1.1498218764757915,0.011616733150536502,1.138205143325255,1.161438609626328,,,,,
hmf.fof,kp1,2.0333177828202462,44,5596121813.509308,0.798197262622421,0.009678851945493627,0.7885184106769273,0.8078761145679146,,,,,
hmf.fof,kp1,2.0333177828202462,44,8216396704.703441,0.5522008705541083,0.008050396541288536,0.5441504740128197,0.5602512670953969,,,,,
hmf.fof,kp1,2.0333177828202462,44,12077958292.185232,0.378031669299635,0.006660898588575428,0.37137077071105956,0.38469256788821043,,,,,
hmf.fof,kp1,2.0333177828202462,44,17632828628.149082,0.2729902709689386,0.005660337336538452,0.2673299336324001,0.27865060830547705,,,,,
hmf.fof,kp1,2.0333177828202462,44,26033038551.767185,0.1835583765242562,0.004641473054730374,0.17891690346952582,0.18819984957898656,,,,,
hmf.fof,kp1,2.0333177828202462,44,38155409746.437126,0.12874906588689836,0.0038872347906849522,0.1248618310962134,0.1326363006775833,,,,,
hmf.fof,kp1,2.0333177828202462,44,55915427209.72031,0.08778878877247034,0.0032098760188414514,0.08457891275362889,0.0909986647913118,,,,,
hmf.fof,kp1,2.0333177828202462,44,81822426251.84564,0.06361166245277931,0.0027323548634177594,0.06087930758936155,0.06634401731619707,,,,,
hmf.fof,kp1,2.0333177828202462,44,120611472077.8778,0.039786630205705144,0.0021609131298926765,0.03762571707581247,0.04194754333559782,,,,,
hmf.fof,kp1,2.0333177828202462,44,177790656377.3386,0.026759149518881337,0.0017721679692649915,0.024986981549616344,0.02853131748814633,,,,,
hmf.fof,kp1,2.0333177828202462,44,255841354154.13928,0.019599903375671857,0.0015166860587519137,0.018083217316919944,0.02111658943442377,,,,,
hmf.fof,kp1,2.0333177828202462,44,382951735697.6867,0.01126701032373951,0.0011499344258263375,0.010117075897913172,0.012416944749565848,,,,,
hmf.fof,kp1,2.0333177828202462,44,547185657929.5346,0.008684987124549206,0.0010096092457493179,0.007675377878799888,0.009694596370298524,,,,,
hmf.fof,kp1,2.0333177828202462,44,814388765422.6152,0.004694587634891462,0.000742279480075999,0.003952308154815463,0.0054368671149674615,,,,,
hmf.fof,kp1,2.0333177828202462,44,1177390998502.1653,0.0031688466535517374,0.0006098448228162468,0.002559001830735491,0.003778691476367984,,,,,
hmf.fof,kp1,2.0333177828202462,44,1728674811600.7903,0.0019951997448288718,0.00048390701718440245,0.0015112927276444694,0.002479106762013274,,,,,
hmf.fof,kp1,2.0333177828202462,44,2562109778774.2217,0.0017604703630842984,0.00045455149318114754,0.001305918869903151,0.002215021856265446,,,,,
hmf.fof,kp1,2.0333177828202462,44,3627401507698.848,0.0010562822178505791,0.0003520940726168597,0.0007041881452337195,0.0014083762904674388,,,,,
hmf.fof,kp1,2.0333177828202462,44,8205006638281.431,0.00023472938174457314,0.00016597873757531346,6.875064416925967e-05,0.0004007081193198866,,,,,
hmf.fof,kp1,1.0717968600643704,48,120009906.10612388,22.379920808363707,0.05125048767982467,22.328670320683884,22.43117129604353,,,,,
hmf.fof,kp1,1.0717968600643704,48,176821182.5595187,15.424185039126773,0.042547088138603105,15.38163795098817,15.466732127265375,,,,,
hmf.fof,kp1,1.0717968600643704,48,259686452.89988637,11.105516509099244,0.03610256932778479,11.06941393977146,11.141619078427029,,,,,
hmf.fof,kp1,1.0717968600643704,48,381491815.3597726,7.862847464988838,0.030377963429176043,7.832469501559662,7.893225428418014,,,,,
hmf.fof,kp1,1.0717968600643704,48,560035928.458065,5.65944275855253,0.025772441674527434,5.633670316878003,5.6852152002270575,,,,,
hmf.fof,kp1,1.0717968600643704,48,821601475.5154104,3.974085797626495,0.021596697690581725,3.9524890999359132,3.995682495317077,,,,,
hmf.fof,kp1,1.0717968600643704,48,1204700733.1150064,2.8490278709247563,0.01828593107713175,2.8307419398476243,2.8673138020018882,,,,,
hmf.fof,kp1,1.0717968600643704,48,1769033056.0824096,2.0298223286361963,0.015434683998257044,2.014387644637939,2.0452570126344534,,,,,
hmf.fof,kp1,1.0717968600643704,48,2598313455.7974486,1.40638109072261,0.012847547702238287,1.3935335430203717,1.4192286384248483,,,,,
hmf.fof,kp1,1.0717968600643704,48,3808512130.3692536,1.0049938479393898,0.01086051528666832,0.9941333326527215,1.0158543632260582,,,,,
hmf.fof,kp1,1.0717968600643704,48,5588294602.267563,0.7217928488645624,0.00920396624183381,0.7125888826227286,0.7309968151063962,,,,,
hmf.fof,kp1,1.0717968600643704,48,8191023380.044364,0.4945748073358156,0.007618767575939607,0.486956039759876,0.5021935749117552,,,,,
hmf.fof,kp1,1.0717968600643704,48,12041665529.740656,0.34974677879941396,0.006406865269175809,0.34333991353023813,0.3561536440685898,,,,,
hmf.fof,kp1,1.0717968600643704,48,17707659471.068745,0.23907187530684773,0.00529703659999117,0.23377483870685656,0.2443689119068389,,,,,
hmf.fof,kp1,1.0717968600643704,48,25924907159.424034,0.1738171071818564,0.004516634925773133,0.16930047225608325,0.17833374210762953,,,,,
hmf.fof,kp1,1.0717968600643704,48,38191616140.03836,0.12194191381630574,0.0037830774535324726,0.11815883636277327,0.12572499126983822,,,,,
hmf.fof,kp1,1.0717968600643704,48,55576871136.96896,0.08673250655461977,0.0031905068281327213,0.08354199972648704,0.08992301338275249,,,,,
hmf.fof,kp1,1.0717968600643704,48,82431869180.5849,0.059386533581377,0.00264005343804912,0.05674648014332788,0.06202658701942612,,,,,
hmf.fof,kp1,1.0717968600643704,48,120731881304.18375,0.03990399489657743,0.0021640979704269656,0.037739896926150464,0.04206809286700439,,,,,
hmf.fof,kp1,1.0717968600643704,48,176058178042.98566,0.027815431736731917,0.001806806449861393,0.026008625286870524,0.02962223818659331,,,,,
hmf.fof,kp1,1.0717968600643704,48,259368449539.4049,0.019365173993927284,0.0015075767507776573,0.017857597243149625,0.020872750744704942,,,,,
hmf.fof,kp1,1.0717968600643704,48,383384668072.6152,0.014435856977291247,0.0013016373886825504,0.013134219588608696,0.015737494365973798,,,,,
hmf.fof,kp1,1.0717968600643704,48,563799500813.0608,0.009389175269782925,0.0010497417077947274,0.008339433561988198,0.010438916977577652,,,,,
hmf.fof,kp1,1.0717968600643704,48,819950187455.2993,0.006102963925358901,0.0008463288217380192,0.005256635103620882,0.00694929274709692,,,,,
hmf.fof,kp1,1.0717968600643704,48,1189809784625.1995,0.00410776418053003,0.0006943388749192706,0.0034134253056107592,0.004802103055449301,,,,,
hmf.fof,kp1,1.0717968600643704,48,1763312340812.9531,0.003286211344424024,0.0006210355694960852,0.0026651757749279388,0.003907246913920109,,,,,
hmf.fof,kp1,1.0717968600643704,48,2476821691973.7754,0.001643105672212012,0.0004391384625487312,0.0012039672096632807,0.002082244134760743,,,,,
hmf.fof,kp1,1.0717968600643704,48,3877561951145.804,0.001643105672212012,0.0004391384625487312,0.0012039672096632807,0.002082244134760743,,,,,
hmf.fof,kp1,1.0717968600643704,48,5760607142494.108,0.0007041881452337194,0.0002874836064565844,0.000416704538777135,0.0009916717516903037,,,,,
hmf.fof,kp1,1.0717968600643704,48,7863547413358.687,0.000821552836106006,0.0003105177847480426,0.0005110350513579634,0.0011320706208540485,,,,,
hmf.fof,kp10,2.0333177828202462,44,119952743.5388687,27.2289603764431,0.056530686510558,27.172429689932542,27.28549106295366,,,,,
hmf.fof,kp10,2.0333177828202462,44,176547932.4442252,18.29363436626331,0.04633601992324255,18.247298346340067,18.33997038618655,,,,,
hmf.fof,kp10,2.0333177828202462,44,259365662.49178728,12.732191124589136,0.03865630188551764,12.693534822703619,12.770847426474653,,,,,
hmf.fof,kp10,2.0333177828202462,44,380812865.3740614,8.556590152734925,0.031689770560806935,8.524900382174119,8.588279923295731,,,,,
hmf.fof,kp10,2.0333177828202462,44,558613889.6307073,5.878914730483706,0.026267413462458616,5.852647317021248,5.905182143946165,,,,,
hmf.fof,kp10,2.0333177828202462,44,820688644.1692996,3.9385242962921927,0.021499853174552684,3.91702444311764,3.9600241494667454,,,,,
hmf.fof,kp10,2.0333177828202462,44,1205654184.721286,2.6344852160102166,0.017583956977445324,2.616901259032771,2.652069172987662,,,,,
hmf.fof,kp10,2.0333177828202462,44,1764352338.8842208,1.7757277728976957,0.01443633406164709,1.7612914388360486,1.7901641069593428,,,,,
hmf.fof,kp10,2.0333177828202462,44,2595628294.7557144,1.2015797051504697,0.011875311812891405,1.1897043933375784,1.213455016963361,,,,,
hmf.fof,kp10,2.0333177828202462,44,3802464157.0151663,0.814628319344541,0.009777965068237991,0.804850354276303,0.8244062844127791,,,,,
hmf.fof,kp10,2.0333177828202462,44,5594319930.161673,0.5409338602303688,0.007967843829311032,0.5329660164010578,0.5489017040596799,,,,,
hmf.fof,kp10,2.0333177828202462,44,8177110031.119698,0.35502818988866686,0.006455057997975761,0.3485731318906911,0.3614832478866426,,,,,
hmf.fof,kp10,2.0333177828202462,44,12049442150.996447,0.255972390792457,0.005481069285932887,0.2504913215065241,0.2614534600783899,,,,,
hmf.fof,kp10,2.0333177828202462,44,17637268229.484455,0.16900515485609266,0.004453676880455994,0.16455147797563666,0.17345883173654866,,,,,
hmf.fof,kp10,2.0333177828202462,44,25994205340.820812,0.11431320890960711,0.0036628314766441483,0.11065037743296297,0.11797604038625126,,,,,
hmf.fof,kp10,2.0333177828202462,44,38449067310.76869,0.0768738725213477,0.003003710752489916,0.07387016176885779,0.07987758327383761,,,,,
hmf.fof,kp10,2.0333177828202462,44,55508307886.52272,0.0558655928552084,0.002560595250297976,0.05330499760491043,0.05842618810550638,,,,,
hmf.fof,kp10,2.0333177828202462,44,82105713656.19916,0.036265689479536546,0.0020630829927649886,0.03420260648677156,0.038328772472301535,,,,,
hmf.fof,kp10,2.0333177828202462,44,118680770156.64468,0.026524420137136764,0.0017643781822392014,0.024760041954897564,0.028288798319375964,,,,,
hmf.fof,kp10,2.0333177828202462,44,176956779422.09485,0.02077355028439472,0.0015614356558782327,0.019212114628516488,0.022334985940272955,,,,,
hmf.fof,kp10,2.0333177828202462,44,259974388090.47308,0.012088563159845515,0.0011911215212334048,0.01089744163861211,0.01327968468107892,,,,,
hmf.fof,kp10,2.0333177828202462,44,379415621556.95355,0.008332893051932347,0.000988932463372431,0.007343960588559915,0.009321825515304777,,,,,
hmf.fof,kp10,2.0333177828202462,44,558877952009.6841,0.005046681707508323,0.0007696117453187272,0.004277069962189595,0.00581629345282705,,,,,
hmf.fof,kp10,2.0333177828202462,44,811168439356.3374,0.0031688466535517374,0.0006098448228162468,0.002559001830735491,0.003778691476367984,,,,,
hmf.fof,kp10,2.0333177828202462,44,1222846125730.0864,0.0031688466535517374,0.0006098448228162468,0.002559001830735491,0.003778691476367984,,,,,
hmf.fof,kp10,2.0333177828202462,44,1758504869882.2617,0.0012910115995951523,0.0003892546432594237,0.0009017569563357286,0.001680266242854576,,,,,
hmf.fof,kp10,2.0333177828202462,44,2589535793757.657,0.001643105672212012,0.0004391384625487312,0.0012039672096632807,0.002082244134760743,,,,,
hmf.fof,kp10,2.0333177828202462,44,3559574750923.23,0.000821552836106006,0.0003105177847480426,0.0005110350513579634,0.0011320706208540485,,,,,
hmf.fof,kp10,2.0333177828202462,44,5748440762342.262,0.00011736469087228657,0.00011736469087228657,0.0,0.00023472938174457314,,,,,
hmf.fof,kp10,2.0333177828202462,44,8218862697121.746,0.00023472938174457314,0.00016597873757531346,6.875064416925967e-05,0.0004007081193198866,,,,,
hmf.fof,kp10,1.0717968600643704,48,119933903.94249082,24.491311597156145,0.053613573045051544,24.437698024111093,24.544925170201196,,,,,
hmf.fof,kp10,1.0717968600643704,48,176597963.14702138,16.405236490128217,0.043879328952829866,16.361357161175388,16.449115819081047,,,,,
hmf.fof,kp10,1.0717968600643704,48,259529746.8743427,11.519813867878415,0.036769816337722305,11.483044051540693,11.556583684216138,,,,,
hmf.fof,kp10,1.0717968600643704,48,381062640.65445465,7.757219243203781,0.03017322718084965,7.727046016022931,7.7873924703846304,,,,,
hmf.fof,kp10,1.0717968600643704,48,559519665.1415714,5.399127874197799,0.02517274267804703,5.373955131519752,5.424300616875845,,,,,
hmf.fof,kp10,1.0717968600643704,48,821413063.795144,3.624104289445337,0.020623818259955642,3.603480471185381,3.644728107705293,,,,,
hmf.fof,kp10,1.0717968600643704,48,1202464194.359025,2.4670058021354637,0.017015856527009328,2.449989945608454,2.4840216586624733,,,,,
hmf.fof,kp10,1.0717968600643704,48,1763806948.188515,1.660710375842855,0.013960972741510367,1.6467494031013445,1.6746713485843654,,,,,
hmf.fof,kp10,1.0717968600643704,48,2598850718.8775177,1.1310435259362257,0.01152148314170559,1.11952204279452,1.1425650090779313,,,,,
hmf.fof,kp10,1.0717968600643704,48,3814165748.6040063,0.7517208450369954,0.009392842200315143,0.7423280028366803,0.7611136872373105,,,,,
hmf.fof,kp10,1.0717968600643704,48,5581203259.196586,0.5084238408587454,0.007724701089005792,0.5006991397697396,0.5161485419477512,,,,,
hmf.fof,kp10,1.0717968600643704,48,8207985609.122496,0.3475168496728405,0.006386408038542778,0.34113044163429773,0.3539032577113833,,,,,
hmf.fof,kp10,1.0717968600643704,48,12057837887.076324,0.24235808665127176,0.005333318096666029,0.23702476855460572,0.2476914047479378,,,,,
hmf.fof,kp10,1.0717968600643704,48,17608900942.126842,0.16032016773154345,0.004337732924743722,0.15598243480679974,0.16465790065628716,,,,,
hmf.fof,kp10,1.0717968600643704,48,26053263528.14101,0.11759942025403114,0.003715106943935057,0.11388431331009609,0.12131452719796619,,,,,
hmf.fof,kp10,1.0717968600643704,48,38017762962.686714,0.07722596659396457,0.0030105816209852507,0.07421538497297932,0.08023654821494981,,,,,
hmf.fof,kp10,1.0717968600643704,48,56084812828.31204,0.054222487182996396,0.0025226584086155803,0.05169982877438081,0.05674514559161198,,,,,
hmf.fof,kp10,1.0717968600643704,48,80945503539.70972,0.03720460700651484,0.002089618912707416,0.03511498809380742,0.039294225919222256,,,,,
hmf.fof,kp10,1.0717968600643704,48,120367781043.63017,0.02863698457283792,0.0018332950776963216,0.0268036894951416,0.03047027965053424,,,,,
hmf.fof,kp10,1.0717968600643704,48,179536233491.2434,0.020304091520905575,0.0015436914927516112,0.018760400028153965,0.021847783013657186,,,,,
hmf.fof,kp10,1.0717968600643704,48,261582361207.65192,0.013144845377696095,0.0012420711389921704,0.011902774238703924,0.014386916516688266,,,,,
hmf.fof,kp10,1.0717968600643704,48,381232742405.56976,0.008802351815421492,0.0010164080380270781,0.0077859437773944145,0.00981875985344857,,,,,
hmf.fof,kp10,1.0717968600643704,48,566612571940.0867,0.007041881452337194,0.0009091029863622951,0.006132778465974899,0.00795098443869949,,,,,
hmf.fof,kp10,1.0717968600643704,48,821700399046.959,0.004342493562274603,0.0007139015440179782,0.003628592018256625,0.0050563951062925815,,,,,
hmf.fof,kp10,1.0717968600643704,48,1213774837497.1667,0.00410776418053003,0.0006943388749192706,0.0034134253056107592,0.004802103055449301,,,,,
hmf.fof,kp10,1.0717968600643704,48,1844163147433.0068,0.002347293817445731,0.0005248708538973637,0.0018224229635483676,0.002872164671343095,,,,,
hmf.fof,kp10,1.0717968600643704,48,2690409144328.722,0.0010562822178505791,0.0003520940726168597,0.0007041881452337195,0.0014083762904674388,,,,,
hmf.fof,kp10,1.0717968600643704,48,3667706727129.1533,0.0012910115995951523,0.0003892546432594237,0.0009017569563357286,0.001680266242854576,,,,,
hmf.fof,kp10,1.0717968600643704,48,5753755239793.01,0.000821552836106006,0.0003105177847480426,0.0005110350513579634,0.0011320706208540485,,,,,
hmf.fof,kp10,1.0717968600643704,48,7664910872543.78,0.000821552836106006,0.0003105177847480426,0.0005110350513579634,0.0011320706208540485,,,,,
hmf.m200c,PL,2.0333177828202462,44,237137370.566166,3.534884222941595,0.014149048249080335,3.5207351746925144,3.5490332711906754,,,,,
hmf.m200c,PL,2.0333177828202462,44,334965439.1578286,2.612425330617922,0.012163584418306889,2.600261746199615,2.6245889150362287,,,,,
hmf.m200c,PL,2.0333177828202462,44,473151258.9614822,1.9166733971579786,0.010418703720268705,1.9062546934377098,1.9270921008782473,,,,,
hmf.m200c,PL,2.0333177828202462,44,668343917.5686176,1.4041899420599366,0.008917693867245566,1.3952722481926911,1.4131076359271821,,,,,
hmf.m200c,PL,2.0333177828202462,44,944060876.2859284,1.021795391411042,0.0076071433514461615,1.0141882480595958,1.0294025347624882,,,,,
hmf.m200c,PL,2.0333177828202462,44,1333521432.1633322,0.7488748731087655,0.006512447871577735,0.7423624252371878,0.7553873209803433,,,,,
hmf.m200c,PL,2.0333177828202462,44,1883649089.4898136,0.54012097593876,0.005530764319054306,0.5345902116197057,0.5456517402578143,,,,,
hmf.m200c,PL,2.0333177828202462,44,2660725059.7988305,0.395250528580959,0.004731249601201626,0.39051927897975736,0.39998177818216063,,,,,
hmf.m200c,PL,2.0333177828202462,44,3758374042.884474,0.2869091815147097,0.004030991234803825,0.28287819027990585,0.2909401727495135,,,,,
hmf.m200c,PL,2.0333177828202462,44,5308844442.309934,0.205072670008834,0.0034079524257443813,0.20166471758308963,0.20848062243457838,,,,,
hmf.m200c,PL,2.0333177828202462,44,7498942093.324635,0.15019406817548406,0.0029165271318768128,0.14727754104360724,0.15311059530736087,,,,,
hmf.m200c,PL,2.0333177828202462,44,10592537251.773005,0.10596270797750135,0.0024497183470044144,0.10351298963049693,0.10841242632450576,,,,,
hmf.m200c,PL,2.0333177828202462,44,14962356560.944511,0.08313909957828454,0.0021699128359746298,0.0809691867423099,0.08530901241425917,,,,,
hmf.m200c,PL,2.0333177828202462,44,21134890398.366737,0.05425562492915355,0.001752919674912157,0.05250270525424139,0.05600854460406571,,,,,
hmf.m200c,PL,2.0333177828202462,44,29853826189.18,0.039700619076551404,0.001499471687780629,0.03820114738877078,0.04120009076433203,,,,,
hmf.m200c,PL,2.0333177828202462,44,42169650342.858826,0.029959525665471744,0.001302588072411815,0.028656937593059928,0.03126211373788356,,,,,
hmf.m200c,PL,2.0333177828202462,44,59566214352.90195,0.020275066518410198,0.001071570562391596,0.019203495956018602,0.021346637080801794,,,,,
hmf.m200c,PL,2.0333177828202462,44,84139514164.52086,0.014441737324565775,0.0009043766718114146,0.013537360652754361,0.015346113996377189,,,,,
hmf.m200c,PL,2.0333177828202462,44,118850222743.70384,0.01087377869143776,0.0007847473818262509,0.010089031309611508,0.011658526073264012,,,,,
hmf.m200c,PL,2.0333177828202462,44,167880401812.259,0.009288019298936516,0.0007252724572044446,0.00856274684173207,0.010013291756140961,,,,,
hmf.m200c,PL,2.0333177828202462,44,237137370566.16992,0.00475727817750402,0.000519061603580327,0.004238216573923694,0.005276339781084347,,,,,
hmf.m200c,PL,2.0333177828202462,44,334965439157.8341,0.0032281530490206184,0.00042757931669859875,0.0028005737323220196,0.003655732365719217,,,,,
hmf.m200c,PL,2.0333177828202462,44,473151258961.4899,0.002775078936877345,0.000396439848125335,0.00237863908875201,0.00317151878500268,,,,,
hmf.m200c,PL,2.0333177828202462,44,668343917568.6287,0.001868930712590865,0.00032533907759142976,0.0015435916349994352,0.0021942697901822946,,,,,
hmf.m200c,PL,2.0333177828202462,44,944060876285.9438,0.0008495139602685837,0.00021934356136606227,0.0006301703989025215,0.001068857521634646,,,,,
hmf.m200c,PL,2.0333177828202462,44,1333521432163.354,0.0011326852803581,0.0002532761283994119,0.0008794091519586881,0.001385961408757512,,,,,
hmf.m200c,PL,2.0333177828202462,44,1883649089489.8445,0.000509708376161145,0.000169902792053715,0.00033980558410742995,0.00067961116821486,,,,,
hmf.m200c,PL,2.0333177828202462,44,2660725059798.8735,0.0007362454322327725,0.0002041977428647238,0.0005320476893680488,0.0009404431750974963,,,,,
hmf.m200c,PL,2.0333177828202462,44,3758374042884.535,0.00033980558410743,0.0001387250488019327,0.0002010805353054973,0.00047853063290936274,,,,,
hmf.m200c,PL,2.0333177828202462,44,5308844442310.0205,5.6634264017905e-05,5.6634264017905e-05,0.0,0.00011326852803581,,,,,
hmf.m200c,PL,2.0333177828202462,44,7498942093324.758,5.663426401790558e-05,5.663426401790558e-05,0.0,0.00011326852803581116,,,,,
hmf.m200c,PL,1.0717968600643704,48,237137370.566166,3.2566967180856428,0.01358089178803472,3.243115826297608,3.2702776098736774,,,,,
hmf.m200c,PL,1.0717968600643704,48,334965439.1578286,2.4268348474312473,0.011723566243992203,2.4151112811872553,2.4385584136752394,,,,,
hmf.m200c,PL,1.0717968600643704,48,473151258.9614822,1.795985780535822,0.010085352391823996,1.7859004281439979,1.806071132927646,,,,,
hmf.m200c,PL,1.0717968600643704,48,668343917.5686176,1.3204844998414729,0.008647812890874386,1.3118366869505984,1.3291323127323473,,,,,
hmf.m200c,PL,1.0717968600643704,48,944060876.2859284,0.9693520629304619,0.0074093549421190945,0.9619427079883428,0.9767614178725811,,,,,
hmf.m200c,PL,1.0717968600643704,48,1333521432.1633322,0.7051532212869425,0.006319480493477395,0.698833740793465,0.7114727017804199,,,,,
hmf.m200c,PL,1.0717968600643704,48,1883649089.4898136,0.5089721307289122,0.005368916280727133,0.5036032144481851,0.5143410470096393,,,,,
hmf.m200c,PL,1.0717968600643704,48,2660725059.7988305,0.37933630039192767,0.0046350223503206275,0.374701278041607,0.3839713227422483,,,,,
hmf.m200c,PL,1.0717968600643704,48,3758374042.884474,0.27326032388639443,0.003933941703762329,0.2693263821826321,0.27719426559015675,,,,,
hmf.m200c,PL,1.0717968600643704,48,5308844442.309934,0.19991895198320464,0.0033648570116424983,0.19655409497156215,0.20328380899484713,,,,,
hmf.m200c,PL,1.0717968600643704,48,7498942093.324635,0.14775879482271415,0.002892785957681115,0.14486600886503304,0.15065158078039526,,,,,
hmf.m200c,PL,1.0717968600643704,48,10592537251.773005,0.10403714300089256,0.002427358033826314,0.10160978496706626,0.10646450103471887,,,,,
hmf.m200c,PL,1.0717968600643704,48,14962356560.944511,0.08228958561801597,0.0021587983041068738,0.0801307873139091,0.08444838392212284,,,,,
hmf.m200c,PL,1.0717968600643704,48,21134890398.366737,0.05703070386603092,0.0017971900121789527,0.05523351385385197,0.05882789387820987,,,,,
hmf.m200c,PL,1.0717968600643704,48,29853826189.18,0.04122974420503484,0.0015280759859047036,0.03970166821913014,0.042757820190939544,,,,,
hmf.m200c,PL,1.0717968600643704,48,42169650342.858826,0.030412599777614985,0.0013124005506232942,0.02910019922699169,0.03172500032823828,,,,,
hmf.m200c,PL,1.0717968600643704,48,59566214352.90195,0.021067946214660876,0.0010923221265891022,0.019975624088071773,0.02216026834124998,,,,,
hmf.m200c,PL,1.0717968600643704,48,84139514164.52086,0.01574432539697759,0.0009442818865763738,0.014800043510401217,0.016688607283553963,,,,,
hmf.m200c,PL,1.0717968600643704,48,118850222743.70384,0.012063098235813766,0.0008265498716720006,0.011236548364141764,0.012889648107485767,,,,,
hmf.m200c,PL,1.0717968600643704,48,167880401812.259,0.007702259906435159,0.0006604633381767512,0.007041796568258408,0.00836272324461191,,,,,
hmf.m200c,PL,1.0717968600643704,48,237137370566.16992,0.006286403305987455,0.0005966789962402936,0.005689724309747162,0.0068830823022277485,,,,,
hmf.m200c,PL,1.0717968600643704,48,334965439157.8341,0.004134301273307108,0.00048388336388228715,0.0036504179094248206,0.004618184637189395,,,,,
hmf.m200c,PL,1.0717968600643704,48,473151258961.4899,0.0033980558410743,0.00043868712273212004,0.00295936871834218,0.0038367429638064203,,,,,
hmf.m200c,PL,1.0717968600643704,48,668343917568.6287,0.002322004824734105,0.00036263622860221854,0.0019593685961318864,0.002684641053336324,,,,,
hmf.m200c,PL,1.0717968600643704,48,944060876285.9438,0.0019255649766087898,0.0003302316690883756,0.001595333307520414,0.0022557966456971655,,,,,
hmf.m200c,PL,1.0717968600643704,48,1333521432163.354,0.00124595380839391,0.0002656382444955826,0.0009803155638983274,0.0015115920528894925,,,,,
hmf.m200c,PL,1.0717968600643704,48,1883649089489.8445,0.00101941675232229,0.00024027883280741945,0.0007791379195148706,0.0012596955851297094,,,,,
hmf.m200c,PL,1.0717968600643704,48,2660725059798.8735,0.0007362454322327725,0.0002041977428647238,0.0005320476893680488,0.0009404431750974963,,,,,
hmf.m200c,PL,1.0717968600643704,48,3758374042884.535,0.000396439848125335,0.00014984017827655033,0.00024659966984878464,0.0005462800264018854,,,,,
hmf.m200c,PL,1.0717968600643704,48,5308844442310.0205,0.00045307411214324,0.00016018588853827965,0.00029288822360496033,0.0006132600006815196,,,,,
hmf.m200c,PL,1.0717968600643704,48,7498942093324.758,0.00028317132008952794,0.00012663806419970725,0.00015653325588982069,0.0004098093842892352,,,,,
hmf.m200c,PL,1.0717968600643704,48,10592537251773.18,0.00011326852803581,8.009294426913983e-05,3.317558376667017e-05,0.00019336147230494984,,,,,
hmf.m200c,PL,1.0717968600643704,48,14962356560944.758,5.663426401790558e-05,5.663426401790558e-05,0.0,0.00011326852803581116,,,,,
hmf.m200c,PL,1.0717968600643704,48,21134890398367.082,5.6634264017905e-05,5.6634264017905e-05,0.0,0.00011326852803581,,,,,
hmf.m200c,kp1,2.0333177828202462,44,237137370.566166,6.32938871237711,0.01893304707142294,6.310455665305687,6.348321759448533,,,,,
hmf.m200c,kp1,2.0333177828202462,44,334965439.1578286,4.644859163428478,0.016219068413062258,4.628640095015416,4.6610782318415405,,,,,
hmf.m200c,kp1,2.0333177828202462,44,473151258.9614822,3.41198787002274,0.013900914425200925,3.398086955597539,3.425888784447941,,,,,
hmf.m200c,kp1,2.0333177828202462,44,668343917.5686176,2.4958720152690734,0.011889149450976268,2.4839828658180974,2.5077611647200495,,,,,
hmf.m200c,kp1,2.0333177828202462,44,944060876.2859284,1.8419161686543244,0.010213499233583808,1.8317026694207406,1.8521296678879082,,,,,
hmf.m200c,kp1,2.0333177828202462,44,1333521432.1633322,1.3382676587431088,0.008705848833507368,1.3295618099096014,1.3469735075766163,,,,,
hmf.m200c,kp1,2.0333177828202462,44,1883649089.4898136,0.9690688916103725,0.007408272636654269,0.9616606189737182,0.9764771642470267,,,,,
hmf.m200c,kp1,2.0333177828202462,44,2660725059.7988305,0.7144412405858716,0.00636096327961574,0.7080802773062558,0.7208022038654873,,,,,
hmf.m200c,kp1,2.0333177828202462,44,3758374042.884474,0.5150319969788334,0.0054007831001224626,0.5096312138787109,0.5204327800789559,,,,,
hmf.m200c,kp1,2.0333177828202462,44,5308844442.309934,0.3852262638497898,0.004670867792337965,0.38055539605745187,0.38989713164212775,,,,,
hmf.m200c,kp1,2.0333177828202462,44,7498942093.324635,0.270032170837371,0.003910635914596461,0.26612153492277457,0.27394280675196747,,,,,
hmf.m200c,kp1,2.0333177828202462,44,10592537251.773005,0.19414225705338034,0.0033158865847602863,0.19082637046862005,0.19745814363814063,,,,,
hmf.m200c,kp1,2.0333177828202462,44,14962356560.944511,0.1440209333975324,0.0028559621086668785,0.14116497128886554,0.14687689550619928,,,,,
hmf.m200c,kp1,2.0333177828202462,44,21134890398.366737,0.10029928157571079,0.002383353937954885,0.0979159276377559,0.10268263551366567,,,,,
hmf.m200c,kp1,2.0333177828202462,44,29853826189.18,0.07220868662282888,0.0020222477154353408,0.07018643890739354,0.07423093433826422,,,,,
hmf.m200c,kp1,2.0333177828202462,44,42169650342.858826,0.05266986553665165,0.0017271129293101495,0.0509427526073415,0.0543969784659618,,,,,
hmf.m200c,kp1,2.0333177828202462,44,59566214352.90195,0.03737861425181768,0.0014549605864630462,0.03592365366535464,0.038833574838280725,,,,,
hmf.m200c,kp1,2.0333177828202462,44,84139514164.52086,0.026788006880469065,0.0012317138686326224,0.025556293011836442,0.02801972074910169,,,,,
hmf.m200c,kp1,2.0333177828202462,44,118850222743.70384,0.01846277006983703,0.0010225582597764417,0.017440211810060585,0.01948532832961347,,,,,
hmf.m200c,kp1,2.0333177828202462,44,167880401812.259,0.012346269555903417,0.0008361948873709191,0.011510074668532499,0.013182464443274335,,,,,
hmf.m200c,kp1,2.0333177828202462,44,237137370566.16992,0.009684459147061755,0.000740589100787549,0.008943870046274206,0.010425048247849303,,,,,
hmf.m200c,kp1,2.0333177828202462,44,334965439157.8341,0.00538025508170103,0.0005520025242521399,0.00482825255744889,0.00593225760595317,,,,,
hmf.m200c,kp1,2.0333177828202462,44,473151258961.4899,0.004700643913486115,0.0005159627006388455,0.004184681212847269,0.0052166066141249605,,,,,
hmf.m200c,kp1,2.0333177828202462,44,668343917568.6287,0.00237863908875201,0.0003670319797452128,0.0020116071090067974,0.002745671068497223,,,,,
hmf.m200c,kp1,2.0333177828202462,44,944060876285.9438,0.0014158566004476396,0.00028317132008952794,0.0011326852803581118,0.0016990279205371674,,,,,
hmf.m200c,kp1,2.0333177828202462,44,1333521432163.354,0.00124595380839391,0.0002656382444955826,0.0009803155638983274,0.0015115920528894925,,,,,
hmf.m200c,kp1,2.0333177828202462,44,1883649089489.8445,0.00079287969625067,0.00021190601230709988,0.0005809736839435701,0.00100478570855777,,,,,
hmf.m200c,kp1,2.0333177828202462,44,2660725059798.8735,0.0010194167523223006,0.00024027883280742192,0.0007791379195148787,0.0012596955851297226,,,,,
hmf.m200c,kp1,2.0333177828202462,44,3758374042884.535,0.000283171320089525,0.00012663806419970595,0.00015653325588981906,0.000409809384289231,,,,,
hmf.m200c,kp1,2.0333177828202462,44,5308844442310.0205,5.6634264017905e-05,5.6634264017905e-05,0.0,0.00011326852803581,,,,,
hmf.m200c,kp1,1.0717968600643704,48,237137370.566166,5.420578677681779,0.01752114391133351,5.403057533770445,5.438099821593113,,,,,
hmf.m200c,kp1,1.0717968600643704,48,334965439.1578286,4.007157350586868,0.015064607773003098,3.992092742813865,4.0222219583598715,,,,,
hmf.m200c,kp1,1.0717968600643704,48,473151258.9614822,2.9534768685337762,0.01293321262267496,2.9405436559111013,2.966410081156451,,,,,
hmf.m200c,kp1,1.0717968600643704,48,668343917.5686176,2.181381947177647,0.01111489816059286,2.170267049017054,2.19249684533824,,,,,
hmf.m200c,kp1,1.0717968600643704,48,944060876.2859284,1.601220546578228,0.009522811936912621,1.5916977346413155,1.6107433585151407,,,,,
hmf.m200c,kp1,1.0717968600643704,48,1333521432.1633322,1.1759538580677915,0.008160838270097379,1.1677930197976942,1.1841146963378888,,,,,
hmf.m200c,kp1,1.0717968600643704,48,1883649089.4898136,0.8716579574995759,0.0070260733627210865,0.8646318841368548,0.878684030862297,,,,,
hmf.m200c,kp1,1.0717968600643704,48,2660725059.7988305,0.6246192978534743,0.005947676371938213,0.6186716214815361,0.6305669742254124,,,,,
hmf.m200c,kp1,1.0717968600643704,48,3758374042.884474,0.459473783977268,0.005101172374177794,0.4543726116030902,0.4645749563514458,,,,,
hmf.m200c,kp1,1.0717968600643704,48,5308844442.309934,0.3395790470513584,0.0043854086931157535,0.3351936383582426,0.34396445574447415,,,,,
hmf.m200c,kp1,1.0717968600643704,48,7498942093.324635,0.24550953451761817,0.0037288405432230206,0.24178069397439514,0.2492383750608412,,,,,
hmf.m200c,kp1,1.0717968600643704,48,10592537251.773005,0.17624582962372218,0.0031593595627855795,0.1730864700609366,0.17940518918650775,,,,,
hmf.m200c,kp1,1.0717968600643704,48,14962356560.944511,0.12963583033698453,0.002709581119192618,0.12692624921779191,0.13234541145617715,,,,,
hmf.m200c,kp1,1.0717968600643704,48,21134890398.366737,0.09367307268561584,0.002303281469956641,0.09136979121565919,0.09597635415557249,,,,,
hmf.m200c,kp1,1.0717968600643704,48,29853826189.18,0.06881063078175458,0.00197409205229454,0.06683653872946003,0.07078472283404912,,,,,
hmf.m200c,kp1,1.0717968600643704,48,42169650342.858826,0.04995142086379221,0.0016819518296519362,0.04826946903414027,0.051633372693444146,,,,,
hmf.m200c,kp1,1.0717968600643704,48,59566214352.90195,0.036076026179405855,0.0014293842000530665,0.03464664197935279,0.03750541037945892,,,,,
hmf.m200c,kp1,1.0717968600643704,48,84139514164.52086,0.02684464114448697,0.0012330152043031708,0.025611625940183798,0.028077656348790142,,,,,
hmf.m200c,kp1,1.0717968600643704,48,118850222743.70384,0.018179598749747505,0.0010146862546288758,0.01716491249511863,0.01919428500437638,,,,,
hmf.m200c,kp1,1.0717968600643704,48,167880401812.259,0.01359222336429734,0.0008773742454642491,0.01271484911883309,0.01446959760976159,,,,,
hmf.m200c,kp1,1.0717968600643704,48,237137370566.16992,0.009231385034918514,0.0007230578796462371,0.008508327155272277,0.009954442914564751,,,,,
hmf.m200c,kp1,1.0717968600643704,48,334965439157.8341,0.00679611168214867,0.000620397278606201,0.006175714403542469,0.00741650896075487,,,,,
hmf.m200c,kp1,1.0717968600643704,48,473151258961.4899,0.00487054670553983,0.0005252045582752307,0.004345342147264599,0.00539575126381506,,,,,
hmf.m200c,kp1,1.0717968600643704,48,668343917568.6287,0.003794495689199635,0.0004635714299619149,0.00333092425923772,0.0042580671191615495,,,,,
hmf.m200c,kp1,1.0717968600643704,48,944060876285.9438,0.0019255649766087898,0.0003302316690883756,0.001595333307520414,0.0022557966456971655,,,,,
hmf.m200c,kp1,1.0717968600643704,48,1333521432163.354,0.001868930712590865,0.00032533907759142976,0.0015435916349994352,0.0021942697901822946,,,,,
hmf.m200c,kp1,1.0717968600643704,48,1883649089489.8445,0.001302588072411815,0.00027160838867668405,0.001030979683735131,0.001574196461088499,,,,,
hmf.m200c,kp1,1.0717968600643704,48,2660725059798.8735,0.0007928796962506781,0.00021190601230710205,0.0005809736839435761,0.0010047857085577802,,,,,
hmf.m200c,kp1,1.0717968600643704,48,3758374042884.535,0.000622976904196955,0.00018783460402531653,0.00043514230017163843,0.0008108115082222715,,,,,
hmf.m200c,kp1,1.0717968600643704,48,5308844442310.0205,0.000396439848125335,0.00014984017827655033,0.00024659966984878464,0.0005462800264018854,,,,,
hmf.m200c,kp1,1.0717968600643704,48,7498942093324.758,0.00028317132008952794,0.00012663806419970725,0.00015653325588982069,0.0004098093842892352,,,,,
hmf.m200c,kp1,1.0717968600643704,48,10592537251773.18,0.00011326852803581,8.009294426913983e-05,3.317558376667017e-05,0.00019336147230494984,,,,,
hmf.m200c,kp1,1.0717968600643704,48,14962356560944.758,0.00011326852803581116,8.009294426914065e-05,3.317558376667051e-05,0.00019336147230495182,,,,,
hmf.m200c,kp10,2.0333177828202462,44,237137370.566166,5.782018550644053,0.018095865968601865,5.763922684675451,5.800114416612654,,,,,
hmf.m200c,kp10,2.0333177828202462,44,334965439.1578286,4.124730082688039,0.015284012971256913,4.109446069716782,4.140014095659296,,,,,
hmf.m200c,kp10,2.0333177828202462,44,473151258.9614822,2.913266541081063,0.012844870822321082,2.900421670258742,2.9261114119033844,,,,,
hmf.m200c,kp10,2.0333177828202462,44,668343917.5686176,2.0443270282543167,0.010760063041501853,2.033566965212815,2.0550870912958183,,,,,
hmf.m200c,kp10,2.0333177828202462,44,944060876.2859284,1.4220863694895944,0.00897434203192288,1.4131120274576716,1.4310607115215173,,,,,
hmf.m200c,kp10,2.0333177828202462,44,1333521432.1633322,1.0033326213412153,0.007538103513140137,0.9957945178280752,1.0108707248543554,,,,,
hmf.m200c,kp10,2.0333177828202462,44,1883649089.4898136,0.6899186042661187,0.006250842534000667,0.6836677617321181,0.6961694468001194,,,,,
hmf.m200c,kp10,2.0333177828202462,44,2660725059.7988305,0.4891501383226455,0.00526333146193164,0.48388680686071384,0.4944134697845771,,,,,
hmf.m200c,kp10,2.0333177828202462,44,3758374042.884474,0.3379932876588605,0.004375157264550821,0.33361813039430965,0.34236844492341134,,,,,
hmf.m200c,kp10,2.0333177828202462,44,5308844442.309934,0.23254028805751792,0.0036290147517816945,0.2289112733057362,0.23616930280929962,,,,,
hmf.m200c,kp10,2.0333177828202462,44,7498942093.324635,0.16508887961219307,0.0030577258206675555,0.16203115379152552,0.1681466054328606,,,,,
hmf.m200c,kp10,2.0333177828202462,44,10592537251.773005,0.11241901407554258,0.0025232455536049045,0.10989576852193768,0.11494225962914749,,,,,
hmf.m200c,kp10,2.0333177828202462,44,14962356560.944511,0.08506466455489331,0.0021948974169642534,0.08286976713792905,0.08725956197185757,,,,,
hmf.m200c,kp10,2.0333177828202462,44,21134890398.366737,0.05663426401790558,0.001790932679039007,0.054843331338866576,0.05842519669694459,,,,,
hmf.m200c,kp10,2.0333177828202462,44,29853826189.18,0.03919091070039026,0.0014898148823622485,0.03770109581802801,0.040680725582752514,,,,,
hmf.m200c,kp10,2.0333177828202462,44,42169650342.858826,0.02967635434538222,0.0012964175589235433,0.028379936786458677,0.030972771904305765,,,,,
hmf.m200c,kp10,2.0333177828202462,44,59566214352.90195,0.020954677686625067,0.0010893818194345078,0.01986529586719056,0.022044059506059574,,,,,
hmf.m200c,kp10,2.0333177828202462,44,84139514164.52086,0.013875394684386725,0.0008864664493979416,0.012988928234988784,0.014761861133784667,,,,,
hmf.m200c,kp10,2.0333177828202462,44,118850222743.70384,0.011496755595634714,0.0008069140547496388,0.010689841540885075,0.012303669650384354,,,,,
hmf.m200c,kp10,2.0333177828202462,44,167880401812.259,0.00883494518679327,0.0007073617308651736,0.008127583455928096,0.009542306917658444,,,,,
hmf.m200c,kp10,2.0333177828202462,44,237137370566.16992,0.004813912441521925,0.0005221421149191381,0.004291770326602787,0.005336054556441063,,,,,
hmf.m200c,kp10,2.0333177828202462,44,334965439157.8341,0.0033414215770564294,0.0004350160362448036,0.002906405540811626,0.003776437613301233,,,,,
hmf.m200c,kp10,2.0333177828202462,44,473151258961.4899,0.002661810408841535,0.0003882649526546777,0.0022735454561868575,0.0030500753614962125,,,,,
hmf.m200c,kp10,2.0333177828202462,44,668343917568.6287,0.00192556497660877,0.00033023166908837217,0.0015953333075203978,0.002255796645697142,,,,,
hmf.m200c,kp10,2.0333177828202462,44,944060876285.9438,0.0008495139602685837,0.00021934356136606227,0.0006301703989025215,0.001068857521634646,,,,,
hmf.m200c,kp10,2.0333177828202462,44,1333521432163.354,0.0011326852803581,0.0002532761283994119,0.0008794091519586881,0.001385961408757512,,,,,
hmf.m200c,kp10,2.0333177828202462,44,1883649089489.8445,0.000509708376161145,0.000169902792053715,0.00033980558410742995,0.00067961116821486,,,,,
hmf.m200c,kp10,2.0333177828202462,44,2660725059798.8735,0.0007362454322327725,0.0002041977428647238,0.0005320476893680488,0.0009404431750974963,,,,,
hmf.m200c,kp10,2.0333177828202462,44,3758374042884.535,0.00033980558410743,0.0001387250488019327,0.0002010805353054973,0.00047853063290936274,,,,,
hmf.m200c,kp10,2.0333177828202462,44,5308844442310.0205,5.6634264017905e-05,5.6634264017905e-05,0.0,0.00011326852803581,,,,,
hmf.m200c,kp10,2.0333177828202462,44,7498942093324.758,5.663426401790558e-05,5.663426401790558e-05,0.0,0.00011326852803581116,,,,,
hmf.m200c,kp10,1.0717968600643704,48,237137370.566166,5.286412106223361,0.017302949428675624,5.269109156794685,5.303715055652037,,,,,
hmf.m200c,kp10,1.0717968600643704,48,334965439.1578286,3.7954018374239213,0.014661166042123258,3.780740671381798,3.8100630034660448,,,,,
hmf.m200c,kp10,1.0717968600643704,48,473151258.9614822,2.7059851347755286,0.012379478040345851,2.693605656735183,2.7183646128158743,,,,,
hmf.m200c,kp10,1.0717968600643704,48,668343917.5686176,1.9218837494476062,0.010432855394279022,1.9114508940533272,1.9323166048418852,,,,,
hmf.m200c,kp10,1.0717968600643704,48,944060876.2859284,1.3578064798292724,0.008769171606478755,1.3490373082227936,1.3665756514357512,,,,,
hmf.m200c,kp10,1.0717968600643704,48,1333521432.1633322,0.9432436672182175,0.0073088925893362265,0.9359347746288813,0.9505525598075537,,,,,
hmf.m200c,kp10,1.0717968600643704,48,1883649089.4898136,0.6579202450960023,0.006104164878465503,0.6518160802175368,0.6640244099744679,,,,,
hmf.m200c,kp10,1.0717968600643704,48,2660725059.7988305,0.465023941851018,0.005131889388659644,0.4598920524623583,0.47015583123967764,,,,,
hmf.m200c,kp10,1.0717968600643704,48,3758374042.884474,0.32751594881554796,0.004306811432521117,0.32320913738302687,0.33182276024806906,,,,,
hmf.m200c,kp10,1.0717968600643704,48,5308844442.309934,0.22687686165572743,0.0035845507504517456,0.22329231090527568,0.23046141240617918,,,,,
hmf.m200c,kp10,1.0717968600643704,48,7498942093.324635,0.16452253697201402,0.003052476502082953,0.16147006046993106,0.16757501347409698,,,,,
hmf.m200c,kp10,1.0717968600643704,48,10592537251.773005,0.11230574554750677,0.002521974076802778,0.10978377147070399,0.11482771962430956,,,,,
hmf.m200c,kp10,1.0717968600643704,48,14962356560.944511,0.08432841912266055,0.002185378217335687,0.08214304090532486,0.08651379733999624,,,,,
hmf.m200c,kp10,1.0717968600643704,48,21134890398.366737,0.057993486354335315,0.0018122964485729786,0.05618118990576234,0.05980578280290829,,,,,
hmf.m200c,kp10,1.0717968600643704,48,29853826189.18,0.042419063749410846,0.0015499588561560197,0.04086910489325483,0.043969022605566864,,,,,
hmf.m200c,kp10,1.0717968600643704,48,42169650342.858826,0.028940108913149454,0.0012802350443938924,0.027659873868755562,0.030220343957543347,,,,,
hmf.m200c,kp10,1.0717968600643704,48,59566214352.90195,0.021690923118857838,0.0011083543958073548,0.020582568723050483,0.022799277514665192,,,,,
hmf.m200c,kp10,1.0717968600643704,48,84139514164.52086,0.0158575939250134,0.0009476724967191647,0.014909921428294235,0.016805266421732565,,,,,
hmf.m200c,kp10,1.0717968600643704,48,118850222743.70384,0.011779926915724239,0.0008167909714588867,0.010963135944265352,0.012596717887183126,,,,,
hmf.m200c,kp10,1.0717968600643704,48,167880401812.259,0.008155334018578405,0.0006796111682148669,0.007475722850363538,0.008834945186793272,,,,,
hmf.m200c,kp10,1.0717968600643704,48,237137370566.16992,0.00634303757000536,0.0005993607131062013,0.005743676856899159,0.006942398283111561,,,,,
hmf.m200c,kp10,1.0717968600643704,48,334965439157.8341,0.004190935537325013,0.00048718636034159225,0.003703749176983421,0.0046781218976666055,,,,,
hmf.m200c,kp10,1.0717968600643704,48,473151258961.4899,0.003341421577056395,0.0004350160362447991,0.002906405540811596,0.0037764376133011942,,,,,
hmf.m200c,kp10,1.0717968600643704,48,668343917568.6287,0.0022653705607162,0.00035818653580779774,0.0019071840249084023,0.002623557096523998,,,,,
hmf.m200c,kp10,1.0717968600643704,48,944060876285.9438,0.0019821992406266952,0.0003350528243870573,0.001647146416239638,0.0023172520650137527,,,,,
hmf.m200c,kp10,1.0717968600643704,48,1333521432163.354,0.001189319544376005,0.0002595308017901635,0.0009297887425858415,0.0014488503461661687,,,,,
hmf.m200c,kp10,1.0717968600643704,48,1883649089489.8445,0.00101941675232229,0.00024027883280741945,0.0007791379195148706,0.0012596955851297094,,,,,
hmf.m200c,kp10,1.0717968600643704,48,2660725059798.8735,0.0006796111682148669,0.00019618684545656472,0.0004834243227583022,0.0008757980136714317,,,,,
hmf.m200c,kp10,1.0717968600643704,48,3758374042884.535,0.000396439848125335,0.00014984017827655033,0.00024659966984878464,0.0005462800264018854,,,,,
hmf.m200c,kp10,1.0717968600643704,48,5308844442310.0205,0.00045307411214324,0.00016018588853827965,0.00029288822360496033,0.0006132600006815196,,,,,
hmf.m200c,kp10,1.0717968600643704,48,7498942093324.758,0.00028317132008952794,0.00012663806419970725,0.00015653325588982069,0.0004098093842892352,,,,,
hmf.m200c,kp10,1.0717968600643704,48,10592537251773.18,0.00011326852803581,8.009294426913983e-05,3.317558376667017e-05,0.00019336147230494984,,,,,
hmf.m200c,kp10,1.0717968600643704,48,14962356560944.758,5.663426401790558e-05,5.663426401790558e-05,0.0,0.00011326852803581116,,,,,
hmf.m200c,kp10,1.0717968600643704,48,21134890398367.082,5.6634264017905e-05,5.6634264017905e-05,0.0,0.00011326852803581,,,,,
hmfRatios.fof,kp1,2.0333177828202462,44,119988668.55754758,1.4967509463754327,,1.4917293398938194,1.501772552857046,,,,,
hmfRatios.fof,kp1,2.0333177828202462,44,176740163.0339246,1.5191280166848744,,1.512963072695646,1.5252929606741028,,,,,
hmfRatios.fof,kp1,2.0333177828202462,44,259571242.84855676,1.5345935466001939,,1.5272542882833176,1.5419328049170702,,,,,
hmfRatios.fof,kp1,2.0333177828202462,44,381392463.7489315,1.5497514432328414,,1.5408516093378846,1.5586512771277983,,,,,
hmfRatios.fof,kp1,2.0333177828202462,44,559739330.4435271,1.561466186564645,,1.5508589313105898,1.5720734418187003,,,,,
hmfRatios.fof,kp1,2.0333177828202462,44,822249527.1323166,1.5955125061304563,,1.5825029513751345,1.608522060885778,,,,,
hmfRatios.fof,kp1,2.0333177828202462,44,1204603541.0921082,1.6069434752267968,,1.5913352907505405,1.6225516597030532,,,,,
hmfRatios.fof,kp1,2.0333177828202462,44,1768658719.3207734,1.6274820624061408,,1.6085938504085429,1.6463702744037387,,,,,
hmfRatios.fof,kp1,2.0333177828202462,44,2594999313.599752,1.5899718837863168,,1.5680077012752225,1.6119360662974112,,,,,
hmfRatios.fof,kp1,2.0333177828202462,44,3810325068.8371797,1.6407636911740078,,1.6138257591365128,1.6677016232115027,,,,,
hmfRatios.fof,kp1,2.0333177828202462,44,5596466386.409487,1.6447400241837968,,1.6123058856485466,1.677174162719047,,,,,
hmfRatios.fof,kp1,2.0333177828202462,44,8206901332.623666,1.6803571428571429,,1.6402503333604637,1.720463952353822,,,,,
hmfRatios.fof,kp1,2.0333177828202462,44,12058677919.06595,1.5590513068731848,,1.5151068054162975,1.6029958083300722,,,,,
hmfRatios.fof,kp1,2.0333177828202462,44,17590479159.12299,1.6578759800427658,,1.6018338620276344,1.7139180980578972,,,,,
hmfRatios.fof,kp1,2.0333177828202462,44,26095026357.115814,1.619047619047619,,1.5527934906025485,1.6853017474926897,,,,,
hmfRatios.fof,kp1,2.0333177828202462,44,38261238477.525764,1.6521084337349399,,1.5708757366843678,1.733341130785512,,,,,
hmfRatios.fof,kp1,2.0333177828202462,44,55843836636.70128,1.5359342915811087,,1.4465027255123026,1.6253658576499148,,,,,
hmfRatios.fof,kp1,2.0333177828202462,44,81959322872.21454,1.8066666666666664,,1.676657550177205,1.9366757831561279,,,,,
hmfRatios.fof,kp1,2.0333177828202462,44,119351600328.03035,1.555045871559633,,1.420043093229162,1.690048649890104,,,,,
hmfRatios.fof,kp1,2.0333177828202462,44,176384992748.58734,1.2666666666666666,,1.1403709134365971,1.392962419896736,,,,,
hmfRatios.fof,kp1,2.0333177828202462,44,257980016874.53403,1.5462962962962963,,1.3553597998665898,1.7372327927260027,,,,,
hmfRatios.fof,kp1,2.0333177828202462,44,380004603276.76385,1.391304347826087,,1.1717186992854491,1.6108899963667247,,,,,
hmfRatios.fof,kp1,2.0333177828202462,44,551663228919.5016,1.7209302325581395,,1.3909361840603356,2.050924281055943,,,,,
hmfRatios.fof,kp1,2.0333177828202462,44,812772506124.4038,1.4814814814814814,,1.1124854029389317,1.850477560024031,,,,,
hmfRatios.fof,kp1,2.0333177828202462,44,1187835935449.248,0.9642857142857143,,0.704194202020922,1.2243772265505066,,,,,
hmfRatios.fof,kp1,2.0333177828202462,44,1712397914252.3774,1.4166666666666667,,0.8825309854714053,1.950802347861928,,,,,
hmfRatios.fof,kp1,2.0333177828202462,44,2583234691330.871,1.0,,0.6348516283298893,1.3651483716701107,,,,,
hmfRatios.fof,kp1,2.0333177828202462,44,3610940039446.692,1.2857142857142858,,0.637775189127039,1.9336533823015327,,,,,
hmfRatios.fof,kp1,2.0333177828202462,44,6981742049316.009,2.0,,-0.4494897427831779,4.449489742783178,,,,,
hmfRatios.fof,kp10,2.0333177828202462,44,119949235.92423831,1.5655040250477406,,1.560298150018138,1.570709900077343,,,,,
hmfRatios.fof,kp10,2.0333177828202462,44,176637200.38969558,1.5480186711689345,,1.5417597968634131,1.554277545474456,,,,,
hmfRatios.fof,kp10,2.0333177828202462,44,259467447.23123476,1.5023403960670267,,1.4951250246197025,1.509555767514351,,,,,
hmfRatios.fof,kp10,2.0333177828202462,44,381082873.8924276,1.4613935214881335,,1.4529021846559618,1.4698848583203052,,,,,
hmfRatios.fof,kp10,2.0333177828202462,44,559212738.9809152,1.4091088106222573,,1.3993365984568171,1.4188810227876976,,,,,
hmfRatios.fof,kp10,2.0333177828202462,44,820980645.3374215,1.3715056400196175,,1.3599761089506914,1.3830351710885436,,,,,
hmfRatios.fof,kp10,2.0333177828202462,44,1205311869.7995474,1.3053617120260526,,1.2921328875286258,1.3185905365234794,,,,,
hmfRatios.fof,kp10,2.0333177828202462,44,1766438419.7693126,1.26230602369431,,1.2468705178476167,1.2777415295410033,,,,,
hmfRatios.fof,kp10,2.0333177828202462,44,2596225256.9381285,1.1993908153701969,,1.1818114027572326,1.2169702279831611,,,,,
hmfRatios.fof,kp10,2.0333177828202462,44,3802572853.698242,1.162451850611288,,1.1419337490998571,1.1829699521227188,,,,,
hmfRatios.fof,kp10,2.0333177828202462,44,5595565316.722304,1.1146311970979443,,1.0907560993841237,1.138506294811765,,,,,
hmfRatios.fof,kp10,2.0333177828202462,44,8187257186.634913,1.0803571428571428,,1.0520253793916587,1.1086889063226268,,,,,
hmfRatios.fof,kp10,2.0333177828202462,44,12044434196.667645,1.0556631171345594,,1.0232535308272006,1.0880727034419182,,,,,
hmfRatios.fof,kp10,2.0333177828202462,44,17592693489.034256,1.0263720598717037,,0.9878700705389687,1.0648740492044386,,,,,
hmfRatios.fof,kp10,2.0333177828202462,44,26075556254.81596,1.0082815734989647,,0.96249747641817,1.0540656705797595,,,,,
hmfRatios.fof,kp10,2.0333177828202462,44,38408192297.19285,0.9864457831325302,,0.9321218846801826,1.0407696815848777,,,,,
hmfRatios.fof,kp10,2.0333177828202462,44,55640166192.41312,0.9774127310061601,,0.9144152508939292,1.040410211118391,,,,,
hmfRatios.fof,kp10,2.0333177828202462,44,82101080964.16034,1.03,,0.9465154704950273,1.113484529504973,,,,,
hmfRatios.fof,kp10,2.0333177828202462,44,118392479343.49162,1.036697247706422,,0.9382823230739968,1.135112172338847,,,,,
hmfRatios.fof,kp10,2.0333177828202462,44,175970864546.8505,0.9833333333333333,,0.8792426202835617,1.0874240463831049,,,,,
hmfRatios.fof,kp10,2.0333177828202462,44,260055460097.1522,0.9537037037037036,,0.8223554791474069,1.0850519282600004,,,,,
hmfRatios.fof,kp10,2.0333177828202462,44,378246083992.47864,1.0289855072463767,,0.8550374606393568,1.2029335538533967,,,,,
hmfRatios.fof,kp10,2.0333177828202462,44,557526060668.8416,1.0,,0.7843344535931231,1.2156655464068769,,,,,
hmfRatios.fof,kp10,2.0333177828202462,44,811163946916.1013,1.0,,0.7278344730240913,1.2721655269759087,,,,,
hmfRatios.fof,kp10,2.0333177828202462,44,1210547987860.4695,0.9642857142857143,,0.704194202020922,1.2243772265505066,,,,,
hmfRatios.fof,kp10,2.0333177828202462,44,1727109312489.8408,0.9166666666666667,,0.5340284079456692,1.2993049253876643,,,,,
hmfRatios.fof,kp10,2.0333177828202462,44,2597023960807.6553,0.9333333333333333,,0.5864957686199703,1.2801708980466964,,,,,
hmfRatios.fof,kp10,2.0333177828202462,44,3577021257665.804,1.0,,0.4654775161751512,1.5345224838248488,,,,,
hmfRatios.fof,kp10,2.0333177828202462,44,5843854049965.247,1.0,,-0.41421356237309515,2.414213562373095,,,,,
hmfRatios.fof,kp10,2.0333177828202462,44,8249617106940.464,1.0,,0.0,2.0,,,,,
hmfRatios.fof,kp1,1.0717968600643704,48,119988923.93803853,1.4092185583162125,,1.4042095020430296,1.4142276145893953,,,,,
hmfRatios.fof,kp1,1.0717968600643704,48,176732761.19806296,1.4331937446836354,,1.4270269304534149,1.4393605589138558,,,,,
hmfRatios.fof,kp1,1.0717968600643704,48,259567813.99379057,1.4360032779919265,,1.4287172017059173,1.4432893542779357,,,,,
hmfRatios.fof,kp1,1.0717968600643704,48,381384868.42006105,1.475953382829195,,1.4669806925534044,1.4849260731049858,,,,,
hmfRatios.fof,kp1,1.0717968600643704,48,559770498.108528,1.4862382493450454,,1.4755663505139056,1.4969101481761853,,,,,
hmfRatios.fof,kp1,1.0717968600643704,48,821845346.6274446,1.4762610629114532,,1.4636366413093955,1.4888854845135109,,,,,
hmfRatios.fof,kp1,1.0717968600643704,48,1205864854.4834814,1.533868317957791,,1.5181971819942433,1.5495394539213387,,,,,
hmfRatios.fof,kp1,1.0717968600643704,48,1767571461.9401848,1.5620484104046244,,1.543036407505624,1.5810604133036248,,,,,
hmfRatios.fof,kp1,1.0717968600643704,48,2598364915.5386505,1.5088139007806598,,1.486982222610136,1.5306455789511837,,,,,
hmfRatios.fof,kp1,1.0717968600643704,48,3816303657.1865664,1.5348628786520881,,1.508454979893349,1.5612707774108272,,,,,
hmfRatios.fof,kp1,1.0717968600643704,48,5585478231.150806,1.5883264462809918,,1.5557418957956821,1.6209109967663016,,,,,
hmfRatios.fof,kp1,1.0717968600643704,48,8203920023.534752,1.5630563798219583,,1.5245079708830334,1.6016047887608833,,,,,
hmfRatios.fof,kp1,1.0717968600643704,48,12065024349.246666,1.5180845644421803,,1.473955676032466,1.5622134528518947,,,,,
hmfRatios.fof,kp1,1.0717968600643704,48,17698193533.040874,1.502212389380531,,1.4495624458130263,1.5548623329480358,,,,,
hmfRatios.fof,kp1,1.0717968600643704,48,25986007962.757427,1.5252317198764158,,1.4622508119165458,1.5882126278362858,,,,,
hmfRatios.fof,kp1,1.0717968600643704,48,38157450988.748726,1.5392592592592593,,1.4631640136154478,1.6153545049030709,,,,,
hmfRatios.fof,kp1,1.0717968600643704,48,55914271170.08712,1.5961123110151187,,1.5015097340933683,1.6907148879368692,,,,,
hmfRatios.fof,kp1,1.0717968600643704,48,81749562928.62253,1.6012658227848102,,1.4864556043393042,1.7160760412303162,,,,,
hmfRatios.fof,kp1,1.0717968600643704,48,120653154572.51,1.4285714285714286,,1.3078351064673548,1.5493077506755024,,,,,
hmfRatios.fof,kp1,1.0717968600643704,48,177576234934.01343,1.4023668639053255,,1.2611758253156982,1.5435579024949528,,,,,
hmfRatios.fof,kp1,1.0717968600643704,48,260397567013.94464,1.4347826086956523,,1.2604919034404443,1.6090733139508604,,,,,
hmfRatios.fof,kp1,1.0717968600643704,48,379643240930.3093,1.662162162162162,,1.4176288168572246,1.9066955074670995,,,,,
hmfRatios.fof,kp1,1.0717968600643704,48,563851354654.4581,1.2903225806451613,,1.0719985043212046,1.508646656969118,,,,,
hmfRatios.fof,kp1,1.0717968600643704,48,817841661059.6683,1.3684210526315788,,1.0763775613716522,1.6604645438915053,,,,,
hmfRatios.fof,kp1,1.0717968600643704,48,1199397225530.452,1.0294117647058822,,0.7815325041290038,1.2772910252827607,,,,,
hmfRatios.fof,kp1,1.0717968600643704,48,1784462240597.916,1.3333333333333335,,0.9484331538735828,1.7182335127930841,,,,,
hmfRatios.fof,kp1,1.0717968600643704,48,2557519158593.1875,1.076923076923077,,0.662130599566346,1.4917155542798082,,,,,
hmfRatios.fof,kp1,1.0717968600643704,48,3810914910820.2466,1.2727272727272727,,0.759930841074758,1.7855237043797874,,,,,
hmfRatios.fof,kp1,1.0717968600643704,48,5711842563190.944,1.2,,0.4733639150166019,1.926636084983398,,,,,
hmfRatios.fof,kp1,1.0717968600643704,48,7870697185876.591,0.7777777777777778,,0.38581462058302357,1.169740934972532,,,,,
hmfRatios.fof,kp10,1.0717968600643704,48,119950923.48284969,1.5421685856600205,,1.5367859283166816,1.5475512430033593,,,,,
hmfRatios.fof,kp10,1.0717968600643704,48,176621172.0747611,1.524351676154333,,1.5178737262749933,1.5308296260336727,,,,,
hmfRatios.fof,kp10,1.0717968600643704,48,259489484.95837533,1.4895741645673355,,1.4820722750467386,1.4970760540879324,,,,,
hmfRatios.fof,kp10,1.0717968600643704,48,381170280.8553212,1.4561256636778217,,1.4472492027803496,1.4650021245752938,,,,,
hmfRatios.fof,kp10,1.0717968600643704,48,559512429.3041636,1.4178764062259208,,1.4075971344796752,1.4281556779721665,,,,,
hmfRatios.fof,kp10,1.0717968600643704,48,821751107.4016385,1.3462527793521386,,1.3345177981241585,1.3579877605801187,,,,,
hmfRatios.fof,kp10,1.0717968600643704,48,1204744984.5002384,1.3281941109566537,,1.314215797095763,1.3421724248175444,,,,,
hmfRatios.fof,kp10,1.0717968600643704,48,1764958635.7852156,1.2779985549132948,,1.2617831101584414,1.2942139996681483,,,,,
hmfRatios.fof,kp10,1.0717968600643704,48,2598633538.5136185,1.213422311760262,,1.195032673411601,1.231811950108923,,,,,
hmfRatios.fof,kp10,1.0717968600643704,48,3819135198.999671,1.1480552070263488,,1.1270306949815276,1.16907971907117,,,,,
hmfRatios.fof,kp10,1.0717968600643704,48,5581933221.572561,1.118801652892562,,1.0940585576487627,1.1435447481363612,,,,,
hmfRatios.fof,kp10,1.0717968600643704,48,8212410098.356103,1.098293768545994,,1.0690567918707516,1.1275307452212362,,,,,
hmfRatios.fof,kp10,1.0717968600643704,48,12073123495.307076,1.0519612837493633,,1.0188005364167696,1.085122031081957,,,,,
hmfRatios.fof,kp10,1.0717968600643704,48,17648771660.291153,1.0073746312684366,,0.9687575117919595,1.0459917507449137,,,,,
hmfRatios.fof,kp10,1.0717968600643704,48,26050257976.09695,1.031925849639547,,0.9854562898346686,1.0783954094444252,,,,,
hmfRatios.fof,kp10,1.0717968600643704,48,38070503099.7927,0.9748148148148149,,0.921410990038525,1.0282186395911048,,,,,
hmfRatios.fof,kp10,1.0717968600643704,48,56169202681.87026,0.9978401727861771,,0.9322225688818678,1.0634577766904862,,,,,
hmfRatios.fof,kp10,1.0717968600643704,48,81009178860.82594,1.0031645569620253,,0.9234200344068473,1.0829090795172034,,,,,
hmfRatios.fof,kp10,1.0717968600643704,48,120471085780.00604,1.0252100840336134,,0.9318087677463547,1.118611400320872,,,,,
hmfRatios.fof,kp10,1.0717968600643704,48,179321679159.1269,1.0236686390532543,,0.9129537452856195,1.134383532820889,,,,,
hmfRatios.fof,kp10,1.0717968600643704,48,261506553520.2858,0.9739130434782609,,0.8446199938067844,1.1032060931497374,,,,,
hmfRatios.fof,kp10,1.0717968600643704,48,378576279038.7373,1.0135135135135136,,0.847449249024194,1.1795777780028331,,,,,
hmfRatios.fof,kp10,1.0717968600643704,48,565256269309.1871,0.9677419354838709,,0.7924879083717984,1.1429959625959434,,,,,
hmfRatios.fof,kp10,1.0717968600643704,48,818714051206.352,0.9736842105263158,,0.7488014836408654,1.1985669374117662,,,,,
hmfRatios.fof,kp10,1.0717968600643704,48,1211416087679.3064,1.0294117647058822,,0.7815325041290038,1.2772910252827607,,,,,
hmfRatios.fof,kp10,1.0717968600643704,48,1824914024385.7158,0.9523809523809524,,0.6548185995043221,1.2499433052575828,,,,,
hmfRatios.fof,kp10,1.0717968600643704,48,2665512292280.2036,0.6923076923076924,,0.39210293742092733,0.9925124471944575,,,,,
hmfRatios.fof,kp10,1.0717968600643704,48,3706356417189.3545,1.0,,0.5735985672887791,1.4264014327112209,,,,,
hmfRatios.fof,kp10,1.0717968600643704,48,5708444602417.834,1.4000000000000001,,0.5802439387232321,2.219756061276768,,,,,
hmfRatios.fof,kp10,1.0717968600643704,48,7770652780274.456,0.7777777777777778,,0.38581462058302357,1.169740934972532,,,,,
hmfRatios.m200c,kp1,2.0333177828202462,44,237137370.566166,1.7905504998718278,,1.7816032356288471,1.7994977641148084,,,,,
hmfRatios.m200c,kp1,2.0333177828202462,44,334965439.1578286,1.7779873395768295,,1.7676395604378334,1.7883351187158256,,,,,
hmfRatios.m200c,kp1,2.0333177828202462,44,473151258.9614822,1.7801613332151407,,1.768068438989315,1.7922542274409663,,,,,
hmfRatios.m200c,kp1,2.0333177828202462,44,668343917.5686176,1.7774461563281438,,1.763335482517522,1.7915568301387657,,,,,
hmfRatios.m200c,kp1,2.0333177828202462,44,944060876.2859284,1.8026272031925508,,1.785893452759613,1.8193609536254884,,,,,
hmfRatios.m200c,kp1,2.0333177828202462,44,1333521432.1633322,1.7870377372759583,,1.7676300722599865,1.80644540229193,,,,,
hmfRatios.m200c,kp1,2.0333177828202462,44,1883649089.4898136,1.7941700744468911,,1.7712428051797091,1.8170973437140732,,,,,
hmfRatios.m200c,kp1,2.0333177828202462,44,2660725059.7988305,1.8075655538042699,,1.7805996251094418,1.834531482499098,,,,,
hmfRatios.m200c,kp1,2.0333177828202462,44,3758374042.884474,1.7951046190288198,,1.7636335624725592,1.8265756755850804,,,,,
hmfRatios.m200c,kp1,2.0333177828202462,44,5308844442.309934,1.8784866059099696,,1.8398435115473255,1.9171297002726138,,,,,
hmfRatios.m200c,kp1,2.0333177828202462,44,7498942093.324635,1.79788838612368,,1.7543362163573153,1.8414405558900449,,,,,
hmfRatios.m200c,kp1,2.0333177828202462,44,10592537251.773005,1.8321753073222875,,1.779512175190964,1.884838439453611,,,,,
hmfRatios.m200c,kp1,2.0333177828202462,44,14962356560.944511,1.7322888283378746,,1.6755068620253908,1.7890707946503583,,,,,
hmfRatios.m200c,kp1,2.0333177828202462,44,21134890398.366737,1.8486430062630481,,1.7745012644308757,1.9227847480952205,,,,,
hmfRatios.m200c,kp1,2.0333177828202462,44,29853826189.18,1.8188302425106992,,1.7333094856841167,1.9043509993372818,,,,,
hmfRatios.m200c,kp1,2.0333177828202462,44,42169650342.858826,1.7580340264650285,,1.6622957483750553,1.8537723045550016,,,,,
hmfRatios.m200c,kp1,2.0333177828202462,44,59566214352.90195,1.8435754189944134,,1.722565403428098,1.9645854345607288,,,,,
hmfRatios.m200c,kp1,2.0333177828202462,44,84139514164.52086,1.8549019607843138,,1.71079465810362,1.9990092634650076,,,,,
hmfRatios.m200c,kp1,2.0333177828202462,44,118850222743.70384,1.6979166666666665,,1.5434546015825241,1.852378731750809,,,,,
hmfRatios.m200c,kp1,2.0333177828202462,44,167880401812.259,1.3292682926829267,,1.191865944063299,1.4666706413025543,,,,,
hmfRatios.m200c,kp1,2.0333177828202462,44,237137370566.16992,2.0357142857142856,,1.7644771082957131,2.306951463132858,,,,,
hmfRatios.m200c,kp1,2.0333177828202462,44,334965439157.8341,1.6666666666666665,,1.3874307278055362,1.9459026055277968,,,,,
hmfRatios.m200c,kp1,2.0333177828202462,44,473151258961.4899,1.693877551020408,,1.388714539752081,1.999040562288735,,,,,
hmfRatios.m200c,kp1,2.0333177828202462,44,668343917568.6287,1.272727272727273,,0.976664114873214,1.5687904305813318,,,,,
hmfRatios.m200c,kp1,2.0333177828202462,44,944060876285.9438,1.6666666666666667,,1.1223356127148492,2.2109977206184843,,,,,
hmfRatios.m200c,kp1,2.0333177828202462,44,1333521432163.354,1.0999999999999999,,0.7601470906406713,1.4398529093593284,,,,,
hmfRatios.m200c,kp1,2.0333177828202462,44,1883649089489.8445,1.5555555555555556,,0.8909496872249496,2.2201614238861618,,,,,
hmfRatios.m200c,kp1,2.0333177828202462,44,2660725059798.8735,1.3846153846153848,,0.8806484177546136,1.8885823514761562,,,,,
hmfRatios.m200c,kp1,2.0333177828202462,44,3758374042884.535,0.8333333333333334,,0.3287249409837515,1.3379417256829154,,,,,
hmfRatios.m200c,kp1,2.0333177828202462,44,5308844442310.0205,1.0,,-0.41421356237309515,2.414213562373095,,,,,
hmfRatios.m200c,kp10,2.0333177828202462,44,237137370.566166,1.6357023840041016,,1.6273914016246211,1.644013366383582,,,,,
hmfRatios.m200c,kp10,2.0333177828202462,44,334965439.1578286,1.5788891779396461,,1.5694938952622326,1.5882844606170596,,,,,
hmfRatios.m200c,kp10,2.0333177828202462,44,473151258.9614822,1.5199598144372544,,1.509321362555024,1.5305982663194848,,,,,
hmfRatios.m200c,kp10,2.0333177828202462,44,668343917.5686176,1.455876421714931,,1.4438678263134617,1.4678850171164002,,,,,
hmfRatios.m200c,kp10,2.0333177828202462,44,944060876.2859284,1.3917525773195876,,1.378169542837978,1.405335611801197,,,,,
hmfRatios.m200c,kp10,2.0333177828202462,44,1333521432.1633322,1.3397867352340618,,1.3243895627418478,1.3551839077262757,,,,,
hmfRatios.m200c,kp10,2.0333177828202462,44,1883649089.4898136,1.2773408828772153,,1.2598761665363882,1.2948055992180423,,,,,
hmfRatios.m200c,kp10,2.0333177828202462,44,2660725059.7988305,1.237569852414386,,1.2176504382078233,1.257489266620949,,,,,
hmfRatios.m200c,kp10,2.0333177828202462,44,3758374042.884474,1.1780497433872879,,1.155544530843375,1.2005549559312008,,,,,
hmfRatios.m200c,kp10,2.0333177828202462,44,5308844442.309934,1.1339409003037835,,1.10809021019947,1.1597915904080969,,,,,
hmfRatios.m200c,kp10,2.0333177828202462,44,7498942093.324635,1.0991704374057314,,1.0696739968921967,1.1286668779192661,,,,,
hmfRatios.m200c,kp10,2.0333177828202462,44,10592537251.773005,1.0609299839657937,,1.0267447869696817,1.0951151809619057,,,,,
hmfRatios.m200c,kp10,2.0333177828202462,44,14962356560.944511,1.0231607629427792,,0.985609538076697,1.0607119878088616,,,,,
hmfRatios.m200c,kp10,2.0333177828202462,44,21134890398.366737,1.0438413361169103,,0.9966504556695847,1.091032216564236,,,,,
hmfRatios.m200c,kp10,2.0333177828202462,44,29853826189.18,0.9871611982881598,,0.9342616969072054,1.0400606996691144,,,,,
hmfRatios.m200c,kp10,2.0333177828202462,44,42169650342.858826,0.9905482041587902,,0.9294967066531865,1.0515997016643939,,,,,
hmfRatios.m200c,kp10,2.0333177828202462,44,59566214352.90195,1.0335195530726258,,0.9568995770526851,1.1101395290925664,,,,,
hmfRatios.m200c,kp10,2.0333177828202462,44,84139514164.52086,0.9607843137254902,,0.8748319600471364,1.046736667403844,,,,,
hmfRatios.m200c,kp10,2.0333177828202462,44,118850222743.70384,1.0572916666666665,,0.9508541523519913,1.1637291809813417,,,,,
hmfRatios.m200c,kp10,2.0333177828202462,44,167880401812.259,0.9512195121951219,,0.8448366878267849,1.0576023365634588,,,,,
hmfRatios.m200c,kp10,2.0333177828202462,44,237137370566.16992,1.0119047619047619,,0.856224380801809,1.1675851430077147,,,,,
hmfRatios.m200c,kp10,2.0333177828202462,44,334965439157.8341,1.0350877192982455,,0.8428481800377365,1.2273272585587545,,,,,
hmfRatios.m200c,kp10,2.0333177828202462,44,473151258961.4899,0.9591836734693877,,0.7633486224635957,1.1550187244751797,,,,,
hmfRatios.m200c,kp10,2.0333177828202462,44,668343917568.6287,1.0303030303030303,,0.7785318881584089,1.2820741724476516,,,,,
hmfRatios.m200c,kp10,2.0333177828202462,44,944060876285.9438,1.0,,0.6348516283298893,1.3651483716701107,,,,,
hmfRatios.m200c,kp10,2.0333177828202462,44,1333521432163.354,1.0,,0.683772233983162,1.316227766016838,,,,,
hmfRatios.m200c,kp10,2.0333177828202462,44,1883649089489.8445,1.0,,0.5285954792089682,1.4714045207910318,,,,,
hmfRatios.m200c,kp10,2.0333177828202462,44,2660725059798.8735,1.0,,0.6077677297236319,1.392232270276368,,,,,
hmfRatios.m200c,kp10,2.0333177828202462,44,3758374042884.535,1.0,,0.42264973081037427,1.5773502691896257,,,,,
hmfRatios.m200c,kp10,2.0333177828202462,44,5308844442310.0205,1.0,,-0.41421356237309515,2.414213562373095,,,,,
hmfRatios.m200c,kp10,2.0333177828202462,44,7498942093324.758,1.0,,-0.41421356237309515,2.414213562373095,,,,,
hmfRatios.m200c,kp1,1.0717968600643704,48,237137370.566166,1.664440734557596,,1.6556588409252269,1.6732226281899651,,,,,
hmfRatios.m200c,kp1,1.0717968600643704,48,334965439.1578286,1.6511866700893794,,1.641079309495447,1.6612940306833117,,,,,
hmfRatios.m200c,kp1,1.0717968600643704,48,473151258.9614822,1.6444878910191725,,1.632777421312883,1.656198360725462,,,,,
hmfRatios.m200c,kp1,1.0717968600643704,48,668343917.5686176,1.6519557385486363,,1.6382483313025447,1.665663145794728,,,,,
hmfRatios.m200c,kp1,1.0717968600643704,48,944060876.2859284,1.6518462257536808,,1.6358485151145448,1.6678439363928168,,,,,
hmfRatios.m200c,kp1,1.0717968600643704,48,1333521432.1633322,1.6676572162878482,,1.648754845029947,1.6865595875457495,,,,,
hmfRatios.m200c,kp1,1.0717968600643704,48,1883649089.4898136,1.7125848447757872,,1.689849039401078,1.7353206501504965,,,,,
hmfRatios.m200c,kp1,1.0717968600643704,48,2660725059.7988305,1.6466109286354136,,1.621103423902661,1.6721184333681662,,,,,
hmfRatios.m200c,kp1,1.0717968600643704,48,3758374042.884474,1.6814507772020726,,1.6508819811191435,1.7120195732850017,,,,,
hmfRatios.m200c,kp1,1.0717968600643704,48,5308844442.309934,1.6985835694050992,,1.6625486095478375,1.734618529262361,,,,,
hmfRatios.m200c,kp1,1.0717968600643704,48,7498942093.324635,1.661556151782292,,1.6203854482520963,1.702726855312488,,,,,
hmfRatios.m200c,kp1,1.0717968600643704,48,10592537251.773005,1.6940664126292868,,1.6442221946508344,1.7439106306077392,,,,,
hmfRatios.m200c,kp1,1.0717968600643704,48,14962356560.944511,1.5753613214039914,,1.5225196718526306,1.6282029709553523,,,,,
hmfRatios.m200c,kp1,1.0717968600643704,48,21134890398.366737,1.6425024826216486,,1.5768507814481745,1.7081541837951226,,,,,
hmfRatios.m200c,kp1,1.0717968600643704,48,29853826189.18,1.6689560439560438,,1.5907343043289222,1.7471777835831654,,,,,
hmfRatios.m200c,kp1,1.0717968600643704,48,42169650342.858826,1.6424581005586592,,1.552557195951119,1.7323590051661992,,,,,
hmfRatios.m200c,kp1,1.0717968600643704,48,59566214352.90195,1.7123655913978495,,1.6006275924752407,1.8241035903204583,,,,,
hmfRatios.m200c,kp1,1.0717968600643704,48,84139514164.52086,1.7050359712230216,,1.576231512399173,1.8338404300468703,,,,,
hmfRatios.m200c,kp1,1.0717968600643704,48,118850222743.70384,1.5070422535211268,,1.3738577366740492,1.6402267703682043,,,,,
hmfRatios.m200c,kp1,1.0717968600643704,48,167880401812.259,1.7647058823529411,,1.5753009952032004,1.9541107695026818,,,,,
hmfRatios.m200c,kp1,1.0717968600643704,48,237137370566.16992,1.4684684684684683,,1.2877574575375816,1.649179479399355,,,,,
hmfRatios.m200c,kp1,1.0717968600643704,48,334965439157.8341,1.643835616438356,,1.3998383351176154,1.8878328977590968,,,,,
hmfRatios.m200c,kp1,1.0717968600643704,48,473151258961.4899,1.4333333333333331,,1.1922324630951078,1.6744342035715585,,,,,
hmfRatios.m200c,kp1,1.0717968600643704,48,668343917568.6287,1.6341463414634145,,1.3101250907758801,1.958167592150949,,,,,
hmfRatios.m200c,kp1,1.0717968600643704,48,944060876285.9438,1.0,,0.757464374963667,1.242535625036333,,,,,
hmfRatios.m200c,kp1,1.0717968600643704,48,1333521432163.354,1.5,,1.0871385880776148,1.9128614119223852,,,,,
hmfRatios.m200c,kp1,1.0717968600643704,48,1883649089489.8445,1.277777777777778,,0.8756657268405841,1.6798898287149717,,,,,
hmfRatios.m200c,kp1,1.0717968600643704,48,2660725059798.8735,1.0769230769230769,,0.6621305995663458,1.491715554279808,,,,,
hmfRatios.m200c,kp1,1.0717968600643704,48,3758374042884.535,1.5714285714285714,,0.8116526339189271,2.3312045089382156,,,,,
hmfRatios.m200c,kp1,1.0717968600643704,48,5308844442310.0205,0.875,,0.42214447668158006,1.32785552331842,,,,,
hmfRatios.m200c,kp1,1.0717968600643704,48,7498942093324.758,1.0,,0.3675444679663241,1.632455532033676,,,,,
hmfRatios.m200c,kp1,1.0717968600643704,48,10592537251773.18,1.0,,0.0,2.0,,,,,
hmfRatios.m200c,kp1,1.0717968600643704,48,14962356560944.758,2.0,,-0.4494897427831779,4.449489742783178,,,,,
hmfRatios.m200c,kp10,1.0717968600643704,48,237137370.566166,1.6232436004451865,,1.6146383773726416,1.6318488235177313,,,,,
hmfRatios.m200c,kp10,1.0717968600643704,48,334965439.1578286,1.5639308300856454,,1.5542573789515894,1.5736042812197013,,,,,
hmfRatios.m200c,kp10,1.0717968600643704,48,473151258.9614822,1.5066851664984862,,1.4957720363283122,1.51759829666866,,,,,
hmfRatios.m200c,kp10,1.0717968600643704,48,668343917.5686176,1.455438325613313,,1.443057933633988,1.467818717592638,,,,,
hmfRatios.m200c,kp10,1.0717968600643704,48,944060876.2859284,1.4007361533068474,,1.3867193413706453,1.4147529652430495,,,,,
hmfRatios.m200c,kp10,1.0717968600643704,48,1333521432.1633322,1.3376435627660428,,1.3217961915434477,1.3534909339886378,,,,,
hmfRatios.m200c,kp10,1.0717968600643704,48,1883649089.4898136,1.2926449315678201,,1.2744855667858666,1.3108042963497737,,,,,
hmfRatios.m200c,kp10,1.0717968600643704,48,2660725059.7988305,1.2258883248730965,,1.2057044489098392,1.2460722008363538,,,,,
hmfRatios.m200c,kp10,1.0717968600643704,48,3758374042.884474,1.1985492227979273,,1.1751798328623264,1.2219186127335282,,,,,
hmfRatios.m200c,kp10,1.0717968600643704,48,5308844442.309934,1.134844192634561,,1.1086464507266423,1.1610419345424796,,,,,
hmfRatios.m200c,kp10,1.0717968600643704,48,7498942093.324635,1.113453430433116,,1.0834206645512576,1.1434861963149745,,,,,
hmfRatios.m200c,kp10,1.0717968600643704,48,10592537251.773005,1.0794774088187262,,1.0445207992348005,1.114434018402652,,,,,
hmfRatios.m200c,kp10,1.0717968600643704,48,14962356560.944511,1.024776324845148,,0.9869869017735692,1.062565747916727,,,,,
hmfRatios.m200c,kp10,1.0717968600643704,48,21134890398.366737,1.0168818272095332,,0.9717523051492587,1.0620113492698078,,,,,
hmfRatios.m200c,kp10,1.0717968600643704,48,29853826189.18,1.0288461538461537,,0.9752992841367737,1.0823930235555337,,,,,
hmfRatios.m200c,kp10,1.0717968600643704,48,42169650342.858826,0.951582867783985,,0.8927757813774344,1.0103899541905357,,,,,
hmfRatios.m200c,kp10,1.0717968600643704,48,59566214352.90195,1.0295698924731183,,0.9546221677527954,1.1045176171934412,,,,,
hmfRatios.m200c,kp10,1.0717968600643704,48,84139514164.52086,1.0071942446043165,,0.9219178321898936,1.0924706570187395,,,,,
hmfRatios.m200c,kp10,1.0717968600643704,48,118850222743.70384,0.976525821596244,,0.8813331949969353,1.0717184481955526,,,,,
hmfRatios.m200c,kp10,1.0717968600643704,48,167880401812.259,1.0588235294117647,,0.9322182257683342,1.1854288330551952,,,,,
hmfRatios.m200c,kp10,1.0717968600643704,48,237137370566.16992,1.009009009009009,,0.8738711684928436,1.1441468495251743,,,,,
hmfRatios.m200c,kp10,1.0717968600643704,48,334965439157.8341,1.0136986301369864,,0.8464778531425865,1.1809194071313862,,,,,
hmfRatios.m200c,kp10,1.0717968600643704,48,473151258961.4899,0.9833333333333333,,0.8030429297350563,1.1636237369316103,,,,,
hmfRatios.m200c,kp10,1.0717968600643704,48,668343917568.6287,0.975609756097561,,0.7587910641500901,1.1924284480450318,,,,,
hmfRatios.m200c,kp10,1.0717968600643704,48,944060876285.9438,1.0294117647058822,,0.7815325041290038,1.2772910252827607,,,,,
hmfRatios.m200c,kp10,1.0717968600643704,48,1333521432163.354,0.9545454545454547,,0.6633330610046482,1.2457578480862612,,,,,
hmfRatios.m200c,kp10,1.0717968600643704,48,1883649089489.8445,1.0,,0.6666666666666667,1.3333333333333333,,,,,
hmfRatios.m200c,kp10,1.0717968600643704,48,2660725059798.8735,0.923076923076923,,0.5535504142959528,1.2926034318578932,,,,,
hmfRatios.m200c,kp10,1.0717968600643704,48,3758374042884.535,1.0,,0.4654775161751512,1.5345224838248488,,,,,
hmfRatios.m200c,kp10,1.0717968600643704,48,5308844442310.0205,1.0,,0.5,1.5,,,,,
hmfRatios.m200c,kp10,1.0717968600643704,48,7498942093324.758,1.0,,0.3675444679663241,1.632455532033676,,,,,
hmfRatios.m200c,kp10,1.0717968600643704,48,10592537251773.18,1.0,,0.0,2.0,,,,,
hmfRatios.m200c,kp10,1.0717968600643704,48,14962356560944.758,1.0,,-0.41421356237309515,2.414213562373095,,,,,
hmfRatios.m200c,kp10,1.0717968600643704,48,21134890398367.082,1.0,,-0.41421356237309515,2.414213562373095,,,,,
hmfReference,PL,2.0333177828202462,44,119945728.41217631,16.74082721168858,,,,,,,,
hmfReference,PL,2.0333177828202462,44,176726513.47172454,11.7728661431866,,,,,,,,
hmfReference,PL,2.0333177828202462,44,259569271.91480237,8.304392782172975,,,,,,,,
hmfReference,PL,2.0333177828202462,44,381353073.8554813,5.85684387001858,,,,,,,,
hmfReference,PL,2.0333177828202462,44,559812230.3139863,4.1337431371198035,,,,,,,,
hmfReference,PL,2.0333177828202462,44,821272750.3996118,2.9188707872728896,,,,,,,,
hmfReference,PL,2.0333177828202462,44,1204969652.0694473,2.060365866278639,,,,,,,,
hmfReference,PL,2.0333177828202462,44,1768526967.130835,1.453320039458465,,,,,,,,
hmfReference,PL,2.0333177828202462,44,2596822356.4144096,1.024121555291643,,,,,,,,
hmfReference,PL,2.0333177828202462,44,3802681553.488506,0.7229423464360124,,,,,,,,
hmfReference,PL,2.0333177828202462,44,5596810980.526231,0.5074442964287563,,,,,,,,
hmfReference,PL,2.0333177828202462,44,8197416933.9783745,0.35743488779831367,,,,,,,,
hmfReference,PL,2.0333177828202462,44,12039428323.730349,0.2508800899643447,,,,,,,,
hmfReference,PL,2.0333177828202462,44,17548231402.50871,0.17705591342033927,,,,,,,,
hmfReference,PL,2.0333177828202462,44,26157161762.907024,0.12213180560118464,,,,,,,,
hmfReference,PL,2.0333177828202462,44,38367360737.64208,0.08529394557963756,,,,,,,,
hmfReference,PL,2.0333177828202462,44,55772337723.71957,0.059870169570745736,,,,,,,,
hmfReference,PL,2.0333177828202462,44,82096448533.51424,0.04135228375500354,,,,,,,,
hmfReference,PL,2.0333177828202462,44,118104888825.70097,0.02906363207391019,,,,,,,,
hmfReference,PL,2.0333177828202462,44,174990442697.32916,0.019712122572189673,,,,,,,,
hmfReference,PL,2.0333177828202462,44,260136557385.82278,0.013216494937608887,,,,,,,,
hmfReference,PL,2.0333177828202462,44,377080151493.3648,0.00900991364537442,,,,,,,,
hmfReference,PL,2.0333177828202462,44,556177439469.8805,0.005959261570766317,,,,,,,,
hmfReference,PL,2.0333177828202462,44,811159454500.7452,0.00393730004782627,,,,,,,,
hmfReference,PL,2.0333177828202462,44,1198373532105.7793,0.00252551410873938,,,,,,,,
hmfReference,PL,2.0333177828202462,44,1696274277300.6067,0.0016712078046190607,,,,,,,,
hmfReference,PL,2.0333177828202462,44,2604533781408.805,0.0009796791183243193,,,,,,,,
hmfReference,PL,2.0333177828202462,44,3594553274790.606,0.0006425145130612298,,,,,,,,
hmfReference,PL,2.0333177828202462,44,5940851018421.244,0.0003188560583336955,,,,,,,,
hmfReference,PL,2.0333177828202462,44,8280486597611.382,0.00019368356451970325,,,,,,,,
hmfReference,PL,1.0717968600643704,48,119967945.43841182,14.679824555103268,,,,,,,,
hmfReference,PL,1.0717968600643704,48,176644384.05267373,10.35368633504899,,,,,,,,
hmfReference,PL,1.0717968600643704,48,259449229.28840443,7.322224226366703,,,,,,,,
hmfReference,PL,1.0717968600643704,48,381277951.46172124,5.177852049082023,,,,,,,,
hmfReference,PL,1.0717968600643704,48,559505193.5603312,3.667611960435896,,,,,,,,
hmfReference,PL,1.0717968600643704,48,822089290.1263002,2.595683265725854,,,,,,,,
hmfReference,PL,1.0717968600643704,48,1207030100.760843,1.838690399462169,,,,,,,,
hmfReference,PL,1.0717968600643704,48,1766111075.382764,1.3067651690579967,,,,,,,,
hmfReference,PL,1.0717968600643704,48,2598416376.2990155,0.924262791332598,,,,,,,,
hmfReference,PL,1.0717968600643704,48,3824111124.0581756,0.6535826934834242,,,,,,,,
hmfReference,PL,1.0717968600643704,48,5582663279.419897,0.4655311728257218,,,,,,,,
hmfReference,PL,1.0717968600643704,48,8216836972.596935,0.32923380057289825,,,,,,,,
hmfReference,PL,1.0717968600643704,48,12088428480.96031,0.23300920644533854,,,,,,,,
hmfReference,PL,1.0717968600643704,48,17688732655.195175,0.16573366715040286,,,,,,,,
hmfReference,PL,1.0717968600643704,48,26047252770.778862,0.11721501068069147,,,,,,,,
hmfReference,PL,1.0717968600643704,48,38123316400.64757,0.08333265880729056,,,,,,,,
hmfReference,PL,1.0717968600643704,48,56253719515.39017,0.05878279279588237,,,,,,,,
hmfReference,PL,1.0717968600643704,48,81072904271.77228,0.04231810005543738,,,,,,,,
hmfReference,PL,1.0717968600643704,48,120574479176.88943,0.029580502333013965,,,,,,,,
hmfReference,PL,1.0717968600643704,48,179107381229.63467,0.020660935251108816,,,,,,,,
hmfReference,PL,1.0717968600643704,48,261430767802.31183,0.014628363981825173,,,,,,,,
hmfReference,PL,1.0717968600643704,48,375938326142.8964,0.01047251324819984,,,,,,,,
hmfReference,PL,1.0717968600643704,48,563903213264.9637,0.007180662156002602,,,,,,,,
hmfReference,PL,1.0717968600643704,48,815738556802.637,0.005069987972615941,,,,,,,,
hmfReference,PL,1.0717968600643704,48,1209061921661.119,0.003479439674285743,,,,,,,,
hmfReference,PL,1.0717968600643704,48,1805865821055.645,0.002351043025537732,,,,,,,,
hmfReference,PL,1.0717968600643704,48,2640845833903.678,0.0016057768337124972,,,,,,,,
hmfReference,PL,1.0717968600643704,48,3745413391324.561,0.001120102261529194,,,,,,,,
hmfReference,PL,1.0717968600643704,48,5663490784854.031,0.0007188410662619988,,,,,,,,
hmfReference,PL,1.0717968600643704,48,7877853459181.528,0.0004967829897294809,,,,,,,,
hmfReference,kp1,2.0333177828202462,44,120031624.07533862,26.359103799170896,,,,,,,,
hmfReference,kp1,2.0333177828202462,44,176753813.65035558,18.60748076230866,,,,,,,,
hmfReference,kp1,2.0333177828202462,44,259573213.79727662,13.171149331090046,,,,,,,,
hmfReference,kp1,2.0333177828202462,44,381431857.7109571,9.319793310572857,,,,,,,,
hmfReference,kp1,2.0333177828202462,44,559666440.0662351,6.604307311433411,,,,,,,,
hmfReference,kp1,2.0333177828202462,44,823227465.5896555,4.669789909946181,,,,,,,,
hmfReference,kp1,2.0333177828202462,44,1204237541.3518014,3.3181864618326915,,,,,,,,
hmfReference,kp1,2.0333177828202462,44,1768790481.3260214,2.348755518773904,,,,,,,,
hmfReference,kp1,2.0333177828202462,44,2593177550.612764,1.664822584039756,,,,,,,,
hmfReference,kp1,2.0333177828202462,44,3817983947.9038153,1.1749999090658996,,,,,,,,
hmfReference,kp1,2.0333177828202462,44,5596121813.509308,0.8320183541005172,,,,,,,,
hmfReference,kp1,2.0333177828202462,44,8216396704.703441,0.586842532261451,,,,,,,,
hmfReference,kp1,2.0333177828202462,44,12077958292.185232,0.41198636615014983,,,,,,,,
hmfReference,kp1,2.0333177828202462,44,17632828628.149082,0.2898067597608076,,,,,,,,
hmfReference,kp1,2.0333177828202462,44,26033038551.767185,0.20075949164032364,,,,,,,,
hmfReference,kp1,2.0333177828202462,44,38155409746.437126,0.1392819373139485,,,,,,,,
hmfReference,kp1,2.0333177828202462,44,55915427209.72031,0.09598787668782859,,,,,,,,
hmfReference,kp1,2.0333177828202462,44,81822426251.84564,0.06574165400380086,,,,,,,,
hmfReference,kp1,2.0333177828202462,44,120611472077.8778,0.04430566236090787,,,,,,,,
hmfReference,kp1,2.0333177828202462,44,177790656377.3386,0.029520476442685795,,,,,,,,
hmfReference,kp1,2.0333177828202462,44,255841354154.13928,0.019937320366263604,,,,,,,,
hmfReference,kp1,2.0333177828202462,44,382951735697.6867,0.01271713174549925,,,,,,,,
hmfReference,kp1,2.0333177828202462,44,547185657929.5346,0.008409157886751418,,,,,,,,
hmfReference,kp1,2.0333177828202462,44,814388765422.6152,0.005222932151726727,,,,,,,,
hmfReference,kp1,2.0333177828202462,44,1177390998502.1653,0.003312635859753856,,,,,,,,
hmfReference,kp1,2.0333177828202462,44,1728674811600.7903,0.002022729418657835,,,,,,,,
hmfReference,kp1,2.0333177828202462,44,2562109778774.2217,0.0011950100980825857,,,,,,,,
hmfReference,kp1,2.0333177828202462,44,3627401507698.848,0.0007356085381583721,,,,,,,,
hmfReference,kp1,2.0333177828202462,44,8205006638281.431,0.00021406555581977084,,,,,,,,
hmfReference,kp1,1.0717968600643704,48,120009906.10612388,22.077832540870865,,,,,,,,
hmfReference,kp1,1.0717968600643704,48,176821182.5595187,15.600563417549552,,,,,,,,
hmfReference,kp1,1.0717968600643704,48,259686452.89988637,11.061599568054282,,,,,,,,
hmfReference,kp1,1.0717968600643704,48,381491815.3597726,7.8451408137968155,,,,,,,,
hmfReference,kp1,1.0717968600643704,48,560035928.458065,5.570142327048752,,,,,,,,
hmfReference,kp1,1.0717968600643704,48,821601475.5154104,3.9587829567825805,,,,,,,,
hmfReference,kp1,1.0717968600643704,48,1204700733.1150064,2.815818294985106,,,,,,,,
hmfReference,kp1,1.0717968600643704,48,1769033056.0824096,2.0008166077235856,,,,,,,,
hmfReference,kp1,1.0717968600643704,48,2598313455.7974486,1.4217054339112343,,,,,,,,
hmfReference,kp1,1.0717968600643704,48,3808512130.3692536,1.0121746327163095,,,,,,,,
hmfReference,kp1,1.0717968600643704,48,5588294602.267563,0.7199259354436812,,,,,,,,
hmfReference,kp1,1.0717968600643704,48,8191023380.044364,0.5118013505163792,,,,,,,,
hmfReference,kp1,1.0717968600643704,48,12041665529.740656,0.3619875018951946,,,,,,,,
hmfReference,kp1,1.0717968600643704,48,17707659471.068745,0.25521880741105174,,,,,,,,
hmfReference,kp1,1.0717968600643704,48,25924907159.424034,0.18014017173680383,,,,,,,,
hmfReference,kp1,1.0717968600643704,48,38191616140.03836,0.12604130126490765,,,,,,,,
hmfReference,kp1,1.0717968600643704,48,55576871136.96896,0.08887978119999675,,,,,,,,
hmfReference,kp1,1.0717968600643704,48,82431869180.5849,0.06133211952391167,,,,,,,,
hmfReference,kp1,1.0717968600643704,48,120731881304.18375,0.04265054552419142,,,,,,,,
hmfReference,kp1,1.0717968600643704,48,176058178042.98566,0.029635468153167966,,,,,,,,
hmfReference,kp1,1.0717968600643704,48,259368449539.4049,0.020276437517066506,,,,,,,,
hmfReference,kp1,1.0717968600643704,48,383384668072.6152,0.013738823238579284,,,,,,,,
hmfReference,kp1,1.0717968600643704,48,563799500813.0608,0.009284617731680826,,,,,,,,
hmfReference,kp1,1.0717968600643704,48,819950187455.2993,0.006313975020148434,,,,,,,,
hmfReference,kp1,1.0717968600643704,48,1189809784625.1995,0.004288360286775041,,,,,,,,
hmfReference,kp1,1.0717968600643704,48,1763312340812.9531,0.0028327229055663916,,,,,,,,
hmfReference,kp1,1.0717968600643704,48,2476821691973.7754,0.001968152384806165,,,,,,,,
hmfReference,kp1,1.0717968600643704,48,3877561951145.804,0.001203463523288674,,,,,,,,
hmfReference,kp1,1.0717968600643704,48,5760607142494.108,0.0007683720986074791,,,,,,,,
hmfReference,kp1,1.0717968600643704,48,7863547413358.687,0.0005332403801273349,,,,,,,,
hmfReference,kp10,2.0333177828202462,44,119952743.5388687,25.646690366718186,,,,,,,,
hmfReference,kp10,2.0333177828202462,44,176547932.4442252,17.56882972723292,,,,,,,,
hmfReference,kp10,2.0333177828202462,44,259365662.49178728,12.049400635921339,,,,,,,,
hmfReference,kp10,2.0333177828202462,44,380812865.3740614,8.263237571319328,,,,,,,,
hmfReference,kp10,2.0333177828202462,44,558613889.6307073,5.667514489988936,,,,,,,,
hmfReference,kp10,2.0333177828202462,44,820688644.1692996,3.8781816378396323,,,,,,,,
hmfReference,kp10,2.0333177828202462,44,1205654184.721286,2.651617728994217,,,,,,,,
hmfReference,kp10,2.0333177828202462,44,1764352338.8842208,1.8180554283360164,,,,,,,,
hmfReference,kp10,2.0333177828202462,44,2595628294.7557144,1.2386253524239617,,,,,,,,
hmfReference,kp10,2.0333177828202462,44,3802464157.0151663,0.8463919761381953,,,,,,,,
hmfReference,kp10,2.0333177828202462,44,5594319930.161673,0.5750668390064118,,,,,,,,
hmfReference,kp10,2.0333177828202462,44,8177110031.119698,0.3935407376265204,,,,,,,,
hmfReference,kp10,2.0333177828202462,44,12049442150.996447,0.2677055499925242,,,,,,,,
hmfReference,kp10,2.0333177828202462,44,17637268229.484455,0.18369957223477018,,,,,,,,
hmfReference,kp10,2.0333177828202462,44,25994205340.820812,0.12540116743304455,,,,,,,,
hmfReference,kp10,2.0333177828202462,44,38449067310.76869,0.08539261700585728,,,,,,,,
hmfReference,kp10,2.0333177828202462,44,55508307886.52272,0.059571853636984834,,,,,,,,
hmfReference,kp10,2.0333177828202462,44,82105713656.19916,0.04055799020737854,,,,,,,,
hmfReference,kp10,2.0333177828202462,44,118680770156.64468,0.028204967404759272,,,,,,,,
hmfReference,kp10,2.0333177828202462,44,176956779422.09485,0.018960982541556575,,,,,,,,
hmfReference,kp10,2.0333177828202462,44,259974388090.47308,0.012874312608936794,,,,,,,,
hmfReference,kp10,2.0333177828202462,44,379415621556.95355,0.008746340397848175,,,,,,,,
hmfReference,kp10,2.0333177828202462,44,558877952009.6841,0.005830545338218355,,,,,,,,
hmfReference,kp10,2.0333177828202462,44,811168439356.3374,0.0038981291167242017,,,,,,,,
hmfReference,kp10,2.0333177828202462,44,1222846125730.0864,0.002456862173029603,,,,,,,,
hmfReference,kp10,2.0333177828202462,44,1758504869882.2617,0.0016009604367381786,,,,,,,,
hmfReference,kp10,2.0333177828202462,44,2589535793757.657,0.00099108013710033,,,,,,,,
hmfReference,kp10,2.0333177828202462,44,3559574750923.23,0.0006549849852872479,,,,,,,,
hmfReference,kp10,2.0333177828202462,44,5748440762342.262,0.00033693378728116006,,,,,,,,
hmfReference,kp10,2.0333177828202462,44,8218862697121.746,0.00019752800557149347,,,,,,,,
hmfReference,kp10,1.0717968600643704,48,119933903.94249082,22.052630602244857,,,,,,,,
hmfReference,kp10,1.0717968600643704,48,176597963.14702138,15.157381822256697,,,,,,,,
hmfReference,kp10,1.0717968600643704,48,259529746.8743427,10.434287774426846,,,,,,,,
hmfReference,kp10,1.0717968600643704,48,381062640.65445465,7.18691353549753,,,,,,,,
hmfReference,kp10,1.0717968600643704,48,559519665.1415714,4.948311377043792,,,,,,,,
hmfReference,kp10,1.0717968600643704,48,821413063.795144,3.406354454449214,,,,,,,,
hmfReference,kp10,1.0717968600643704,48,1202464194.359025,2.350576309694987,,,,,,,,
hmfReference,kp10,1.0717968600643704,48,1763806948.188515,1.618233837477999,,,,,,,,
hmfReference,kp10,1.0717968600643704,48,2598850718.8775177,1.108745221186503,,,,,,,,
hmfReference,kp10,1.0717968600643704,48,3814165748.6040063,0.7622795588189195,,,,,,,,
hmfReference,kp10,1.0717968600643704,48,5581203259.196586,0.5253862284263566,,,,,,,,
hmfReference,kp10,1.0717968600643704,48,8207985609.122496,0.36098223449418976,,,,,,,,
hmfReference,kp10,1.0717968600643704,48,12057837887.076324,0.24910800449023868,,,,,,,,
hmfReference,kp10,1.0717968600643704,48,17608900942.126842,0.17351063446500872,,,,,,,,
hmfReference,kp10,1.0717968600643704,48,26053263528.14101,0.11977100605901038,,,,,,,,
hmfReference,kp10,1.0717968600643704,48,38017762962.686714,0.08402178159989818,,,,,,,,
hmfReference,kp10,1.0717968600643704,48,56084812828.31204,0.05852735979588528,,,,,,,,
hmfReference,kp10,1.0717968600643704,48,80945503539.70972,0.04170775004818927,,,,,,,,
hmfReference,kp10,1.0717968600643704,48,120367781043.63017,0.02897400419662684,,,,,,,,
hmfReference,kp10,1.0717968600643704,48,179536233491.2434,0.020105353837532383,,,,,,,,
hmfReference,kp10,1.0717968600643704,48,261582361207.65192,0.01426312961987567,,,,,,,,
hmfReference,kp10,1.0717968600643704,48,381232742405.56976,0.01011383581184252,,,,,,,,
hmfReference,kp10,1.0717968600643704,48,566612571940.0867,0.0070338712752631444,,,,,,,,
hmfReference,kp10,1.0717968600643704,48,821700399046.959,0.004982508923264477,,,,,,,,
hmfReference,kp10,1.0717968600643704,48,1213774837497.1667,0.0034476062490699775,,,,,,,,
hmfReference,kp10,1.0717968600643704,48,1844163147433.0068,0.0023005635563247097,,,,,,,,
hmfReference,kp10,1.0717968600643704,48,2690409144328.722,0.0015787369621997616,,,,,,,,
hmfReference,kp10,1.0717968600643704,48,3667706727129.1533,0.0011491949184740669,,,,,,,,
hmfReference,kp10,1.0717968600643704,48,5753755239793.01,0.0007104742723662967,,,,,,,,
hmfReference,kp10,1.0717968600643704,48,7664910872543.78,0.0005157852444160317,,,,,,,,
concentration,PL,19.40664523021168,24,237137370.56616554,3.5213289260864253,,2.0320064679168612,7.531515983443545,47,,,,
concentration,PL,19.40664523021168,24,421696503.42858225,3.48686814929706,,1.1417173115618828,5.882577510037308,16,,,,
concentration,PL,19.40664523021168,24,749894209.3324559,5.954381543165484,,3.34122752469256,8.04637808768979,4,,,,
concentration,PL,19.40664523021168,24,1333521432.163324,3.481894493103028,,3.481894493103028,3.481894493103028,1,,,,
concentration,PL,14.331814598205613,27,237137370.56616554,2.4688608646392822,,1.2750662267901025,4.251537528987657,2487,,,,
concentration,PL,14.331814598205613,27,421696503.42858225,2.818038550392081,,1.4908827756969254,4.683596682118443,1128,,,,
concentration,PL,14.331814598205613,27,749894209.3324559,3.261024951934814,,1.8011551220241406,5.3153994666714315,413,,,,
concentration,PL,14.331814598205613,27,1333521432.163324,3.483890959025703,,1.9157158347821202,5.327013797686437,110,,,,
concentration,PL,14.331814598205613,27,2371373705.6616554,3.2544178962707515,,2.136515442663368,4.800776814481443,33,,,,
concentration,PL,14.331814598205613,27,4216965034.2858224,4.752027759126462,,3.72071579520869,5.940319590087458,6,,,,
concentration,PL,14.331814598205613,27,7498942093.324558,3.5754672065793733,,2.060414034817134,5.159980868999062,4,,,,
concentration,PL,10.51901923231075,30,237137370.56616554,2.0743260383316033,,1.1476872076920155,3.5883535478583584,18280,,,,
concentration,PL,10.51901923231075,30,421696503.42858225,2.318370819091797,,1.354791831254619,3.8041841907702683,10041,,,,
concentration,PL,10.51901923231075,30,749894209.3324559,2.4702885150909424,,1.4866697252011403,4.050802772310169,4637,,,,
concentration,PL,10.51901923231075,30,1333521432.163324,2.723949909210205,,1.6351402506672297,4.404685392320707,1877,,,,
concentration,PL,10.51901923231075,30,2371373705.6616554,2.7548838628589185,,1.6822952337208543,4.507494545960503,778,,,,
concentration,PL,10.51901923231075,30,4216965034.2858224,3.006945126153332,,2.0124404331369186,4.7301856878922095,286,,,,
concentration,PL,10.51901923231075,30,7498942093.324558,3.2392296791076665,,2.087974019643259,4.708503070173598,95,,,,
concentration,PL,10.51901923231075,30,13335214321.63324,3.021791696548462,,1.9576898957824707,4.504448980914331,25,,,,
concentration,PL,10.51901923231075,30,23713737056.616554,5.031358479128115,,2.372820355376628,5.333523944112934,6,,,,
concentration,PL,10.51901923231075,30,42169650342.85822,3.021810849546246,,2.2070591688234353,3.2729471937628016,4,,,,
concentration,PL,10.51901923231075,30,74989420933.24559,2.8242924213409424,,2.8242924213409424,2.8242924213409424,1,,,,
concentration,PL,2.0333177828202462,44,237137370.56616554,4.908214092254639,,2.7713969418348694,7.809671115758148,91037,,,,
concentration,PL,2.0333177828202462,44,421696503.42858225,5.229553222656249,,3.085710620809518,7.865911426529501,62993,,,,
concentration,PL,2.0333177828202462,44,749894209.3324559,5.384213923874156,,3.279439561906653,7.838794211561775,37378,,,,
concentration,PL,2.0333177828202462,44,1333521432.163324,5.423893928527831,,3.357662792164982,7.734799498088462,22189,,,,
concentration,PL,2.0333177828202462,44,2371373705.6616554,5.35865926732453,,3.3722436545141026,7.546238157674163,13008,,,,
concentration,PL,2.0333177828202462,44,4216965034.2858224,5.3351240158081055,,3.3008866381368684,7.419020193549413,7595,,,,
concentration,PL,2.0333177828202462,44,7498942093.324558,5.200947282051289,,3.2443914189205794,7.193709092393114,4408,,,,
concentration,PL,2.0333177828202462,44,13335214321.63324,4.943161964416504,,3.06020007584185,6.9897359051080254,2675,,,,
concentration,PL,2.0333177828202462,44,23713737056.616554,4.767538770882118,,3.011181705068361,6.83402310678959,1464,,,,
concentration,PL,2.0333177828202462,44,42169650342.85822,4.647857656368972,,2.986205791786832,6.59981266094802,866,,,,
concentration,PL,2.0333177828202462,44,74989420933.24559,4.598912715911865,,2.864292715618871,6.257113502652712,471,,,,
concentration,PL,2.0333177828202462,44,133352143216.3324,4.225587584382925,,2.6787333794172854,6.313938014839296,306,,,,
concentration,PL,2.0333177828202462,44,237137370566.16553,4.0232625007629395,,2.7246034402998807,5.91895408932696,155,,,,
concentration,PL,2.0333177828202462,44,421696503428.5823,3.851787328720093,,2.3342235323067744,5.263256286731097,85,,,,
concentration,PL,2.0333177828202462,44,749894209332.4558,3.8112270832061768,,2.4046984376942393,5.40310651120609,43,,,,
concentration,PL,2.0333177828202462,44,1333521432163.324,3.5457622230521872,,2.1700387929189753,5.103964089086936,28,,,,
concentration,PL,2.0333177828202462,44,2371373705661.6553,3.3696200847625732,,2.172094629477663,5.760169233240757,19,,,,
concentration,PL,2.0333177828202462,44,4216965034285.8223,4.175701618194581,,2.487318009105427,5.101710187182889,7,,,,
concentration,PL,2.0333177828202462,44,7498942093324.559,1.8226810693740845,,1.8226810693740845,1.8226810693740845,1,,,,
concentration,kp1,19.40664523021168,24,237137370.56616554,2.690856454199832,,1.5976703452671623,4.297555041499868,38154,,,,
concentration,kp1,19.40664523021168,24,421696503.42858225,2.9169888496398926,,1.808744830853717,4.486646429310256,16169,,,,
concentration,kp1,19.40664523021168,24,749894209.3324559,3.107214437488285,,1.999284531045382,4.667426577507297,5050,,,,
concentration,kp1,19.40664523021168,24,1333521432.163324,3.3474320107885394,,2.202684054084919,5.0445753528437995,1378,,,,
concentration,kp1,19.40664523021168,24,2371373705.6616554,3.529207876807104,,2.255128191749134,5.334582106359423,328,,,,
concentration,kp1,19.40664523021168,24,4216965034.2858224,3.9127771854400635,,2.772255489312941,5.474703627215538,39,,,,
concentration,kp1,19.40664523021168,24,7498942093.324558,3.918116807937622,,3.4224374796293398,4.604403505778889,9,,,,
concentration,kp1,19.40664523021168,24,13335214321.63324,4.017141342163086,,4.017141342163086,4.017141342163086,1,,,,
concentration,kp1,14.331814598205613,27,237137370.56616554,2.878059387130557,,1.6906097411838077,4.544125175106779,102036,,,,
concentration,kp1,14.331814598205613,27,421696503.42858225,3.026252150532707,,1.864585892427052,4.6046373744292195,55124,,,,
concentration,kp1,14.331814598205613,27,749894209.3324559,3.1410267353001307,,1.988448102693484,4.6644013195285305,23722,,,,
concentration,kp1,14.331814598205613,27,1333521432.163324,3.23215317238078,,2.128434315560377,4.756114377814319,9208,,,,
concentration,kp1,14.331814598205613,27,2371373705.6616554,3.3404240608215336,,2.174884653074209,4.890663921533085,3215,,,,
concentration,kp1,14.331814598205613,27,4216965034.2858224,3.3975702396726275,,2.3077570814292003,4.972797242558523,972,,,,
concentration,kp1,14.331814598205613,27,7498942093.324558,3.1884266074821426,,2.183246425149862,4.956999330809927,236,,,,
concentration,kp1,14.331814598205613,27,13335214321.63324,3.4796913718079954,,2.083458677031268,4.516120859927486,56,,,,
concentration,kp1,14.331814598205613,27,23713737056.616554,3.420540802685989,,2.515268326367511,4.637133927927788,8,,,,
concentration,kp1,14.331814598205613,27,42169650342.85822,2.4062888622283936,,1.742368948712077,3.3113083207114697,3,,,,
concentration,kp1,10.51901923231075,30,237137370.56616554,3.4854316711425777,,2.000553292668054,5.545860195156448,161619,,,,
concentration,kp1,10.51901923231075,30,421696503.42858225,3.5985860824584956,,2.1547681997539505,5.473969707483156,98149,,,,
concentration,kp1,10.51901923231075,30,749894209.3324559,3.610876560211182,,2.238360977093967,5.368291358105426,49027,,,,
concentration,kp1,10.51901923231075,30,1333521432.163324,3.613856554031372,,2.3037818820781086,5.277898347409694,23293,,,,
concentration,kp1,10.51901923231075,30,2371373705.6616554,3.591147541896057,,2.318000514234222,5.233313804726994,10842,,,,
concentration,kp1,10.51901923231075,30,4216965034.2858224,3.5100765228271484,,2.309683489357289,5.16092714848307,4517,,,,
concentration,kp1,10.51901923231075,30,7498942093.324558,3.4889307852536784,,2.3006865978240967,5.133013725280762,1676,,,,
concentration,kp1,10.51901923231075,30,13335214321.63324,3.547093629837036,,2.4277043603580464,4.944377679573635,573,,,,
concentration,kp1,10.51901923231075,30,23713737056.616554,3.2859828042084382,,2.3257744691718725,5.258327665273133,180,,,,
concentration,kp1,10.51901923231075,30,42169650342.85822,3.7865841388702393,,1.8788469685203395,4.983160234352012,39,,,,
concentration,kp1,10.51901923231075,30,74989420933.24559,4.112259387969971,,3.2793014738750776,5.594779777202233,11,,,,
concentration,kp1,10.51901923231075,30,133352143216.3324,4.122841835021973,,4.122841835021973,4.122841835021973,1,,,,
concentration,kp1,2.0333177828202462,44,237137370.56616554,17.263616561889542,,9.576956863403316,29.486143417358083,162608,,,,
concentration,kp1,2.0333177828202462,44,421696503.42858225,16.712591171264652,,9.71570575654684,26.947519441692588,112085,,,,
concentration,kp1,2.0333177828202462,44,749894209.3324559,15.861614227294922,,9.520979461544979,24.289091796874764,66757,,,,
concentration,kp1,2.0333177828202462,44,1333521432.163324,14.820445060729979,,9.026895084493827,21.95729277933862,39833,,,,
concentration,kp1,2.0333177828202462,44,2371373705.6616554,13.667788505554197,,8.416957664357954,19.670635068023103,23359,,,,
concentration,kp1,2.0333177828202462,44,4216965034.2858224,12.466197954221379,,7.589398287638039,17.674298092096436,13846,,,,
concentration,kp1,2.0333177828202462,44,7498942093.324558,11.43810558319092,,7.003046144005114,16.070446850074163,8125,,,,
concentration,kp1,2.0333177828202462,44,13335214321.63324,10.289244168148546,,6.27268711276596,14.31025002710779,4664,,,,
concentration,kp1,2.0333177828202462,44,23713737056.616554,9.451593397936243,,5.732595568020783,13.472786698577993,2672,,,,
concentration,kp1,2.0333177828202462,44,42169650342.85822,8.530721186023673,,5.164962941829341,11.956999842268276,1552,,,,
concentration,kp1,2.0333177828202462,44,74989420933.24559,7.70909070968628,,4.511504962725271,11.044839354451058,885,,,,
concentration,kp1,2.0333177828202462,44,133352143216.3324,6.704883575439453,,3.8236845628498752,9.731318360391096,471,,,,
concentration,kp1,2.0333177828202462,44,237137370566.16553,6.2946128845214835,,4.179863767019205,9.033708436553145,283,,,,
concentration,kp1,2.0333177828202462,44,421696503428.5823,5.423423767089844,,3.0808787834739677,7.50364786873927,139,,,,
concentration,kp1,2.0333177828202462,44,749894209332.4558,4.6958362288516655,,2.802946011338244,7.073544450402101,62,,,,
concentration,kp1,2.0333177828202462,44,1333521432163.324,4.886961460113525,,2.9303187011960574,7.208171842970955,35,,,,
concentration,kp1,2.0333177828202462,44,2371373705661.6553,4.436140654335551,,3.1184715935376808,5.589070481606364,24,,,,
concentration,kp1,2.0333177828202462,44,4216965034285.8223,4.779332637786866,,4.4514345623904985,5.349962931052415,5,,,,
concentration,kp1,2.0333177828202462,44,7498942093324.559,1.5867056846618652,,1.5867056846618652,1.5867056846618652,1,,,,
concentration,kp10,19.40664523021168,24,237137370.56616554,3.143437831924365,,1.8487315249149463,5.268564588670716,300,,,,
concentration,kp10,19.40664523021168,24,421696503.42858225,3.6411273479461665,,2.305738737544908,5.439479746871546,61,,,,
concentration,kp10,19.40664523021168,24,749894209.3324559,5.033878326416016,,1.843068039066799,7.114251044155636,11,,,,
concentration,kp10,19.40664523021168,24,1333521432.163324,7.08569574356079,,7.08569574356079,7.08569574356079,1,,,,
concentration,kp10,14.331814598205613,27,237137370.56616554,2.6041480221243667,,1.4949856030570174,4.368093986207816,7782,,,,
concentration,kp10,14.331814598205613,27,421696503.42858225,2.7870815119542924,,1.7038243309977135,4.488315084103881,2754,,,,
concentration,kp10,14.331814598205613,27,749894209.3324559,3.1140024662017827,,1.818850408509888,5.159588057721349,843,,,,
concentration,kp10,14.331814598205613,27,1333521432.163324,3.4519228935241704,,2.1178999542052233,5.019451042362137,205,,,,
concentration,kp10,14.331814598205613,27,2371373705.6616554,3.8231158256530766,,2.2656153241920474,5.336538168833015,41,,,,
concentration,kp10,14.331814598205613,27,4216965034.2858224,4.284601862304679,,2.7315285113283134,6.028071976952246,8,,,,
concentration,kp10,14.331814598205613,27,7498942093.324558,2.955411195755005,,2.9068349038023458,5.776182109161924,3,,,,
concentration,kp10,10.51901923231075,30,237137370.56616554,2.41782808303833,,1.3959636448300168,3.9103824805452887,40407,,,,
concentration,kp10,10.51901923231075,30,421696503.42858225,2.5713909864278404,,1.5507091374508364,4.052062587728107,19670,,,,
concentration,kp10,10.51901923231075,30,749894209.3324559,2.680608629660166,,1.637105988260856,4.180065631683578,7796,,,,
concentration,kp10,10.51901923231075,30,1333521432.163324,2.8432675804052443,,1.7768041901405298,4.303662000245032,2840,,,,
concentration,kp10,10.51901923231075,30,2371373705.6616554,2.8876879215240474,,1.7626665830612183,4.522689342498779,1001,,,,
concentration,kp10,10.51901923231075,30,4216965034.2858224,2.963287353515625,,1.95551804262907,4.744167941467727,331,,,,
concentration,kp10,10.51901923231075,30,7498942093.324558,3.010305881500244,,1.800426925327029,4.997786519918533,99,,,,
concentration,kp10,10.51901923231075,30,13335214321.63324,3.058792551923873,,1.7474819421768188,4.288024425506592,26,,,,
concentration,kp10,10.51901923231075,30,23713737056.616554,5.026260375976563,,3.9842950886254713,5.912560315600366,5,,,,
concentration,kp10,10.51901923231075,30,42169650342.85822,2.556807069775627,,2.064539773885096,3.310692010983717,4,,,,
concentration,kp10,10.51901923231075,30,74989420933.24559,8.586957931518555,,8.586957931518555,8.586957931518555,1,,,,
concentration,kp10,2.0333177828202462,44,237137370.56616554,7.676616668701171,,4.280581092779247,12.26908416716402,148481,,,,
concentration,kp10,2.0333177828202462,44,421696503.42858225,7.650923252105713,,4.430793285253487,11.642610778700805,97209,,,,
concentration,kp10,2.0333177828202462,44,749894209.3324559,7.3968939781188965,,4.363299082057618,10.885795402295216,53911,,,,
concentration,kp10,2.0333177828202462,44,1333521432.163324,6.990181922912598,,4.186426658495425,10.12726631016069,29543,,,,
concentration,kp10,2.0333177828202462,44,2371373705.6616554,6.577918982282667,,3.924340502843363,9.45404205308804,16288,,,,
concentration,kp10,2.0333177828202462,44,4216965034.2858224,6.203272342681886,,3.7272466137415456,8.845632665721414,8855,,,,
concentration,kp10,2.0333177828202462,44,7498942093.324558,5.749489533899739,,3.495530909484046,8.15573725252956,4880,,,,
concentration,kp10,2.0333177828202462,44,13335214321.63324,5.292482852935791,,3.2010573291687057,7.611050761692427,2741,,,,
concentration,kp10,2.0333177828202462,44,23713737056.616554,4.957781791687012,,3.1046994469584868,7.2615441114104975,1483,,,,
concentration,kp10,2.0333177828202462,44,42169650342.85822,4.825488567352295,,3.0350123723687608,6.865526275244202,869,,,,
concentration,kp10,2.0333177828202462,44,74989420933.24559,4.546468257904053,,2.838449757370905,6.541761985365121,479,,,,
concentration,kp10,2.0333177828202462,44,133352143216.3324,4.279006627128363,,2.7077792796164584,6.216586462640675,312,,,,
concentration,kp10,2.0333177828202462,44,237137370566.16553,4.146066254506953,,2.570614978668455,5.602909461278008,154,,,,
concentration,kp10,2.0333177828202462,44,421696503428.5823,3.822441716892795,,2.3766689023195107,5.211303367953596,84,,,,
concentration,kp10,2.0333177828202462,44,749894209332.4558,3.7813748981438753,,2.387886566717354,5.430760425584997,44,,,,
concentration,kp10,2.0333177828202462,44,1333521432163.324,3.703068362942866,,2.2243663075502664,5.264128559145488,28,,,,
concentration,kp10,2.0333177828202462,44,2371373705661.6553,3.295701503753662,,2.172872128661407,5.583563481954156,19,,,,
concentration,kp10,2.0333177828202462,44,4216965034285.8223,4.312774181365967,,2.417765713657755,5.181904761588731,7,,,,
concentration,kp10,2.0333177828202462,44,7498942093324.559,1.845078706741333,,1.845078706741333,1.845078706741333,1,,,,
concentrationTheory,PL,19.40664523021168,24,237137370.56616554,0.913335952432081,,0.5270466354262542,1.9534682696174297,47,3.855458571087274,diemer19,,
concentrationTheory,PL,19.40664523021168,24,421696503.42858225,0.8657407959298405,,0.2834725064776901,1.4605620624586468,16,4.027612150992634,diemer19,,
concentrationTheory,PL,19.40664523021168,24,749894209.3324559,1.4109279303951632,,0.7917247496181838,1.9066395897105564,4,4.220188299410744,diemer19,,
concentrationTheory,PL,19.40664523021168,24,1333521432.163324,0.7849366181480718,,0.7849366181480718,0.7849366181480718,1,4.435892545461801,diemer19,,
concentrationTheory,PL,19.40664523021168,24,237137370.56616554,0.9818304006444695,,0.5665718160343193,2.0999660953863164,47,3.5864940867333495,ishiyama21_fit,,
concentrationTheory,PL,19.40664523021168,24,421696503.42858225,0.9273822857030113,,0.3036559929105458,1.5645553383437558,16,3.7599037668201793,ishiyama21_fit,,
concentrationTheory,PL,19.40664523021168,24,749894209.3324559,1.505699606823132,,0.8449047031611082,2.034708094393284,4,3.9545613986900103,ishiyama21_fit,,
concentrationTheory,PL,19.40664523021168,24,1333521432.163324,0.8343191202403764,,0.8343191202403764,0.8343191202403764,1,4.173336567067834,ishiyama21_fit,,
concentrationTheory,PL,19.40664523021168,24,237137370.56616554,1.499656412048266,,0.8653867880277308,3.207506732285851,47,2.348090467787159,ludlow16,,
concentrationTheory,PL,19.40664523021168,24,421696503.42858225,1.494828506577708,,0.48945687381956904,2.5218746960447613,16,2.3326208551374026,ludlow16,,
concentrationTheory,PL,19.40664523021168,24,749894209.3324559,2.570078781081149,,1.4421679063937647,3.473043411446217,4,2.3168089581521185,ludlow16,,
concentrationTheory,PL,19.40664523021168,24,1333521432.163324,1.5134766281077463,,1.5134766281077463,1.5134766281077463,1,2.3005935000504993,ludlow16,,
concentrationTheory,PL,14.331814598205613,27,237137370.56616554,0.7858042111175254,,0.4058359159951237,1.353205497261112,2487,3.1418269712861564,diemer19,,
concentrationTheory,PL,14.331814598205613,27,421696503.42858225,0.8693931354816843,,0.4599522780901802,1.4449365159436995,1128,3.241385784384824,diemer19,,
concentrationTheory,PL,14.331814598205613,27,749894209.3324559,0.9718589784855493,,0.5367848461097537,1.5841089142408966,413,3.3554507640773963,diemer19,,
concentrationTheory,PL,14.331814598205613,27,1333521432.163324,0.9994074596379737,,0.5495524166356992,1.5281354639443407,110,3.4859565289693863,diemer19,,
concentrationTheory,PL,14.331814598205613,27,2371373705.6616554,0.8952894544643933,,0.5877548016524621,1.320692361041767,33,3.6350454928766096,diemer19,,
concentrationTheory,PL,14.331814598205613,27,4216965034.2858224,1.248816552138606,,0.9777913148626695,1.5610955585954138,6,3.8052248354560843,diemer19,,
concentrationTheory,PL,14.331814598205613,27,7498942093.324558,0.8939929517457031,,0.5151762045013046,1.2901772723685654,4,3.9994355655685494,diemer19,,
concentrationTheory,PL,14.331814598205613,27,237137370.56616554,0.8467653687613589,,0.4373198745976415,1.458184539719691,2487,2.9156375020989707,ishiyama21_fit,,
concentrationTheory,PL,14.331814598205613,27,421696503.42858225,0.9343062811209754,,0.494294565826613,1.5528225466368406,1128,3.0161828164218423,ishiyama21_fit,,
concentrationTheory,PL,14.331814598205613,27,749894209.3324559,1.0413269488601558,,0.5751539455496726,1.6973401891076678,413,3.1316052614448866,ishiyama21_fit,,
concentrationTheory,PL,14.331814598205613,27,1333521432.163324,1.0674006656709942,,0.5869404012158732,1.6320998965131859,110,3.2639018047039006,ishiyama21_fit,,
concentrationTheory,PL,14.331814598205613,27,2371373705.6616554,0.9528640516536268,,0.6255523494538298,1.4056239217998097,33,3.4154063117639333,ishiyama21_fit,,
concentrationTheory,PL,14.331814598205613,27,4216965034.2858224,1.324088961846701,,1.036727680124099,1.6551905834242002,6,3.5889036885398014,ishiyama21_fit,,
concentrationTheory,PL,14.331814598205613,27,7498942093.324558,0.9438857022343734,,0.5439276144298643,1.362180628335457,4,3.7880298410236537,ishiyama21_fit,,
concentrationTheory,PL,14.331814598205613,27,237137370.56616554,0.9696474857398457,,0.5007834903403745,1.6697954650084355,2487,2.5461426971633196,ludlow16,,
concentrationTheory,PL,14.331814598205613,27,421696503.42858225,1.1173339184963527,,0.5911253036465365,1.8570155588396107,1128,2.52210955359204,ludlow16,,
concentrationTheory,PL,14.331814598205613,27,749894209.3324559,1.3047761336529677,,0.7206642852669822,2.126756607866407,413,2.4992984373533544,ludlow16,,
concentrationTheory,PL,14.331814598205613,27,1333521432.163324,1.4071173420802823,,0.7737432099119376,2.1515407871208945,110,2.475906489699799,ludlow16,,
concentrationTheory,PL,14.331814598205613,27,2371373705.6616554,1.326704992084956,,0.8709777888992628,1.957097941526424,33,2.453007952548922,ludlow16,,
concentrationTheory,PL,14.331814598205613,27,4216965034.2858224,1.955268393672735,,1.5309249787606016,2.444202713358747,6,2.4303710807703247,ludlow16,,
concentrationTheory,PL,14.331814598205613,27,7498942093.324558,1.4853068848689062,,0.8559293023196891,2.143539478256996,4,2.4072245560855565,ludlow16,,
concentrationTheory,PL,10.51901923231075,30,237137370.56616554,0.7304666056403999,,0.4041540063846397,1.2636260585389993,18280,2.8397274048045524,diemer19,,
concentrationTheory,PL,10.51901923231075,30,421696503.42858225,0.8048802567431148,,0.4703497766594843,1.3207174292181403,10041,2.8803922070009564,diemer19,,
concentrationTheory,PL,10.51901923231075,30,749894209.3324559,0.8426654659697742,,0.5071331664607829,1.3818109037983106,4637,2.931517446544498,diemer19,,
concentrationTheory,PL,10.51901923231075,30,1333521432.163324,0.9096522143944814,,0.5460485689680906,1.4709271294923656,1877,2.9944959910018225,diemer19,,
concentrationTheory,PL,10.51901923231075,30,2371373705.6616554,0.8971290933775613,,0.547840153325067,1.467867502488956,778,3.0707775315670336,diemer19,,
concentrationTheory,PL,10.51901923231075,30,4216965034.2858224,0.9509391245783219,,0.6364294203803356,1.4959097849887912,286,3.162079515328294,diemer19,,
concentrationTheory,PL,10.51901923231075,30,7498942093.324558,0.9904581057401455,,0.6384390726193273,1.4397173074311016,95,3.2704358320002522,diemer19,,
concentrationTheory,PL,10.51901923231075,30,13335214321.63324,0.8892017625161155,,0.5760758783532668,1.3254930766961643,25,3.398319508497034,diemer19,,
concentrationTheory,PL,10.51901923231075,30,23713737056.616554,1.4177855630946075,,0.6686366033399739,1.50293271285514,6,3.5487443306631956,diemer19,,
concentrationTheory,PL,10.51901923231075,30,42169650342.85822,0.8111528977070472,,0.5924468900728389,0.8785661090142349,4,3.725328305043658,diemer19,,
concentrationTheory,PL,10.51901923231075,30,74989420933.24559,0.718207807001613,,0.718207807001613,0.718207807001613,1,3.932416765464928,diemer19,,
concentrationTheory,PL,10.51901923231075,30,237137370.56616554,0.7856587720843043,,0.43469083725016033,1.3591023735508216,18280,2.6402378641156696,ishiyama21_fit,,
concentrationTheory,PL,10.51901923231075,30,421696503.42858225,0.8643110001022362,,0.5050794605242376,1.418236554489507,10041,2.6823340427433706,ishiyama21_fit,,
concentrationTheory,PL,10.51901923231075,30,749894209.3324559,0.903238477001597,,0.5435872329049085,1.4811391075752889,4637,2.7349239187543763,ishiyama21_fit,,
concentrationTheory,PL,10.51901923231075,30,1333521432.163324,0.9730603001179667,,0.5841113515595263,1.5734593632889238,1877,2.7993639334376024,ishiyama21_fit,,
concentrationTheory,PL,10.51901923231075,30,2371373705.6616554,0.9574694100014863,,0.5846875240713214,1.5665953115812845,778,2.8772552251613366,ishiyama21_fit,,
concentrationTheory,PL,10.51901923231075,30,4216965034.2858224,1.012249209879402,,0.6774620596346494,1.5923558709157453,286,2.9705581360854563,ishiyama21_fit,,
concentrationTheory,PL,10.51901923231075,30,7498942093.324558,1.051017172836379,,0.6774748222502709,1.5277451972681741,95,3.081995007147181,ishiyama21_fit,,
concentrationTheory,PL,10.51901923231075,30,13335214321.63324,0.9401097269942535,,0.609056976218993,1.4013792898245865,25,3.2142968100221907,ishiyama21_fit,,
concentrationTheory,PL,10.51901923231075,30,23713737056.616554,1.4926761655871397,,0.7039554832722767,1.5823209781198684,6,3.3706966019310993,ishiyama21_fit,,
concentrationTheory,PL,10.51901923231075,30,42169650342.85822,0.8499920569869028,,0.620814093338017,0.9206331091351054,4,3.5551048091650674,ishiyama21_fit,,
concentrationTheory,PL,10.51901923231075,30,74989420933.24559,0.7487002006776226,,0.7487002006776226,0.7487002006776226,1,3.772260804504625,ishiyama21_fit,,
concentrationTheory,PL,10.51901923231075,30,237137370.56616554,0.7300681454603428,,0.40393354554918015,1.2629367667042704,18280,2.8412772851822505,ludlow16,,
concentrationTheory,PL,10.51901923231075,30,421696503.42858225,0.8261379572931211,,0.4827721893379218,1.3555989105146231,10041,2.8062756330529166,ludlow16,,
concentrationTheory,PL,10.51901923231075,30,749894209.3324559,0.8915571589234189,,0.5365571787913174,1.4619839702841377,4637,2.770757309687118,ludlow16,,
concentrationTheory,PL,10.51901923231075,30,1333521432.163324,0.9953964898608899,,0.5975193818510172,1.609577460889802,1877,2.7365476339894332,ludlow16,,
concentrationTheory,PL,10.51901923231075,30,2371373705.6616554,1.0196908277509849,,0.6226836065655968,1.6684009466314462,778,2.7016854402182373,ludlow16,,
concentrationTheory,PL,10.51901923231075,30,4216965034.2858224,1.1270172165779209,,0.7542721667103617,1.7728959073771784,286,2.668056070415349,ludlow16,,
concentrationTheory,PL,10.51901923231075,30,7498942093.324558,1.2297952495380369,,0.7927133253556397,1.7876147361461263,95,2.6339585230341864,ludlow16,,
concentrationTheory,PL,10.51901923231075,30,13335214321.63324,1.1619439018176954,,0.7527738720881353,1.7320575175319337,25,2.6006347568254373,ludlow16,,
concentrationTheory,PL,10.51901923231075,30,23713737056.616554,1.9597129950654892,,0.9242129942991655,2.0774063756598635,6,2.567395578738803,ludlow16,,
concentrationTheory,PL,10.51901923231075,30,42169650342.85822,1.1922615050712546,,0.8707996024297384,1.2913478511867582,4,2.5345201842826,ludlow16,,
concentrationTheory,PL,10.51901923231075,30,74989420933.24559,1.1286515651065976,,1.1286515651065976,1.1286515651065976,1,2.5023599033189634,ludlow16,,
concentrationTheory,PL,2.0333177828202462,44,237137370.56616554,0.7140285568325545,,0.40317242108717766,1.1361216302527122,91037,6.873974500442361,diemer19,,
concentrationTheory,PL,2.0333177828202462,44,421696503.42858225,0.7909563896554093,,0.4667057448776019,1.189698744497502,62993,6.611683388681611,diemer19,,
concentrationTheory,PL,2.0333177828202462,44,749894209.3324559,0.847245321135985,,0.5160437278417837,1.233491427531323,37378,6.35496448260701,diemer19,,
concentrationTheory,PL,2.0333177828202462,44,1333521432.163324,0.8884792345032587,,0.550013275815025,1.2670249137713319,22189,6.104694086137291,diemer19,,
concentrationTheory,PL,2.0333177828202462,44,2371373705.6616554,0.9143246606708175,,0.575391227786044,1.2875817062915238,13008,5.86078391825614,diemer19,,
concentrationTheory,PL,2.0333177828202462,44,4216965034.2858224,0.9487519350769674,,0.5870008974716778,1.3193338606842004,7595,5.623307651409737,diemer19,,
concentrationTheory,PL,2.0333177828202462,44,7498942093.324558,0.9644789276722912,,0.6016494663325153,1.3340225261197525,4408,5.392494468078682,diemer19,,
concentrationTheory,PL,2.0333177828202462,44,13335214321.63324,0.9563870293832365,,0.5920776379412478,1.3523515528281307,2675,5.168579050684423,diemer19,,
concentrationTheory,PL,2.0333177828202462,44,23713737056.616554,0.9627756951233498,,0.6080899807141994,1.3800897409190822,1464,4.951868638802007,diemer19,,
concentrationTheory,PL,2.0333177828202462,44,42169650342.85822,0.9799575524336549,,0.6296137134863923,1.3915091080469701,866,4.742917328231562,diemer19,,
concentrationTheory,PL,2.0333177828202462,44,74989420933.24559,1.0124078051169814,,0.6305473664240407,1.3774452656321863,471,4.542549645180256,diemer19,,
concentrationTheory,PL,2.0333177828202462,44,133352143216.3324,0.9707113614872738,,0.6153645792139663,1.4504518589042439,306,4.353083472628463,diemer19,,
concentrationTheory,PL,2.0333177828202462,44,237137370566.16553,0.9631411877395665,,0.6522511998936456,1.4169566292751916,155,4.17723024617532,diemer19,,
concentrationTheory,PL,2.0333177828202462,44,421696503428.5823,0.9590879211844194,,0.5812173425275171,1.3105410812956604,85,4.016094086518526,diemer19,,
concentrationTheory,PL,2.0333177828202462,44,749894209332.4558,0.9845040865030912,,0.6211740699339237,1.39571332905699,43,3.8712150974847277,diemer19,,
concentrationTheory,PL,2.0333177828202462,44,1333521432163.324,0.9469272447309838,,0.579528103091269,1.3630588708581444,28,3.744492771521762,diemer19,,
concentrationTheory,PL,2.0333177828202462,44,2371373705661.6553,0.9261335621706239,,0.5969960072550946,1.5831713713989157,19,3.6383737966098884,diemer19,,
concentrationTheory,PL,2.0333177828202462,44,4216965034285.8223,1.1742168735165188,,0.6994395297228848,1.4346126072512202,7,3.5561587576997438,diemer19,,
concentrationTheory,PL,2.0333177828202462,44,7498942093324.559,0.5204407357387337,,0.5204407357387337,0.5204407357387337,1,3.5021875579875594,diemer19,,
concentrationTheory,PL,2.0333177828202462,44,237137370.56616554,0.7381466184707312,,0.4167905561176982,1.174496918250229,91037,6.6493755704297905,ishiyama21_fit,,
concentrationTheory,PL,2.0333177828202462,44,421696503.42858225,0.8171382770367513,,0.48215443131900504,1.2290796243456663,62993,6.399838766115036,ishiyama21_fit,,
concentrationTheory,PL,2.0333177828202462,44,749894209.3324559,0.8748753253364042,,0.5328727264944417,1.2737175255381847,37378,6.154264233939659,ishiyama21_fit,,
concentrationTheory,PL,2.0333177828202462,44,1333521432.163324,0.9173274482755013,,0.5678717692295101,1.3081642045367128,22189,5.912712999839149,ishiyama21_fit,,
concentrationTheory,PL,2.0333177828202462,44,2371373705.6616554,0.9441917845673999,,0.5941868283298203,1.3296415609612726,13008,5.675392812043694,ishiyama21_fit,,
concentrationTheory,PL,2.0333177828202462,44,4216965034.2858224,0.9801742090653124,,0.6064421258368806,1.363029655675287,7595,5.443036519901543,ishiyama21_fit,,
concentrationTheory,PL,2.0333177828202462,44,7498942093.324558,0.9966174356702477,,0.6216977179126304,1.3784750199949958,4408,5.218599530675013,ishiyama21_fit,,
concentrationTheory,PL,2.0333177828202462,44,13335214321.63324,0.988142653625895,,0.611736828640507,1.3972546793200076,2675,5.002478079736811,ishiyama21_fit,,
concentrationTheory,PL,2.0333177828202462,44,23713737056.616554,0.9943550817223349,,0.6280355492253392,1.425357177239432,1464,4.7946039181739835,ishiyama21_fit,,
concentrationTheory,PL,2.0333177828202462,44,42169650342.85822,1.0114621238883381,,0.6498551108572477,1.4362446152283144,866,4.595187053076521,ishiyama21_fit,,
concentrationTheory,PL,2.0333177828202462,44,74989420933.24559,1.04408067002972,,0.6502738456717232,1.4205382145432417,471,4.4047484528000656,ishiyama21_fit,,
concentrationTheory,PL,2.0333177828202462,44,133352143216.3324,1.0003409988700107,,0.634147741813768,1.4947249191830516,306,4.224147154976319,ishiyama21_fit,,
concentrationTheory,PL,2.0333177828202462,44,237137370566.16553,0.9922693071110983,,0.6719771248697293,1.459809413858807,155,4.054607425554965,ishiyama21_fit,,
concentrationTheory,PL,2.0333177828202462,44,421696503428.5823,0.9881085883881713,,0.5988041713238906,1.3501962325461923,85,3.898141736631629,ishiyama21_fit,,
concentrationTheory,PL,2.0333177828202462,44,749894209332.4558,1.013856341393813,,0.6396939114278983,1.4373254807488869,43,3.7591391675536987,ishiyama21_fit,,
concentrationTheory,PL,2.0333177828202462,44,1333521432163.324,0.9741788363358778,,0.5962063254962954,1.40228630241505,28,3.6397446657624557,ishiyama21_fit,,
concentrationTheory,PL,2.0333177828202462,44,2371373705661.6553,0.9512704120607465,,0.6131995006089064,1.626141351905747,19,3.5422315695312463,ishiyama21_fit,,
concentrationTheory,PL,2.0333177828202462,44,4216965034285.8223,1.2034088444029547,,0.7168281560056475,1.470278224403163,7,3.469894406722817,ishiyama21_fit,,
concentrationTheory,PL,2.0333177828202462,44,7498942093324.559,0.531813160804204,,0.531813160804204,0.531813160804204,1,3.4272959071148956,ishiyama21_fit,,
concentrationTheory,PL,2.0333177828202462,44,237137370.56616554,0.6594504869184051,,0.3723552046397505,1.0492801094569955,91037,7.442884931650585,ludlow16,,
concentrationTheory,PL,2.0333177828202462,44,421696503.42858225,0.7224899421819931,,0.4263069507277437,1.0867165223868567,62993,7.238236710759552,ludlow16,,
concentrationTheory,PL,2.0333177828202462,44,749894209.3324559,0.7655341073998324,,0.4662747196325153,1.11452932864173,37378,7.0332776447568826,ludlow16,,
concentrationTheory,PL,2.0333177828202462,44,1333521432.163324,0.7943590360808507,,0.4917481451914472,1.1328038406621046,22189,6.8280131302941225,ludlow16,,
concentrationTheory,PL,2.0333177828202462,44,2371373705.6616554,0.808824639385461,,0.5089992891345171,1.139013147153319,13008,6.62524236575681,ludlow16,,
concentrationTheory,PL,2.0333177828202462,44,4216965034.2858224,0.8307566026151012,,0.5139961809680267,1.1552496235258325,7595,6.4220061556103305,ludlow16,,
concentrationTheory,PL,2.0333177828202462,44,7498942093.324558,0.8364333620103648,,0.521773645268523,1.1569158376667361,4408,6.218005543861653,ludlow16,,
concentrationTheory,PL,2.0333177828202462,44,13335214321.63324,0.8216243974960225,,0.5086491322012827,1.161794331853053,2675,6.01632811718013,ludlow16,,
concentrationTheory,PL,2.0333177828202462,44,23713737056.616554,0.8200526027378385,,0.5179459493102313,1.1755034841292753,1464,5.8136987248929515,ludlow16,,
concentrationTheory,PL,2.0333177828202462,44,42169650342.85822,0.8279282426604642,,0.5319362803696633,1.1756322379579347,866,5.613841172314099,ludlow16,,
concentrationTheory,PL,2.0333177828202462,44,74989420933.24559,0.8494666315674375,,0.5290644191922819,1.1557534266835152,471,5.41388271770716,ludlow16,,
concentrationTheory,PL,2.0333177828202462,44,133352143216.3324,0.8098562492990979,,0.5133934451021401,1.2100996741619938,306,5.217700780897872,ludlow16,,
concentrationTheory,PL,2.0333177828202462,44,237137370566.16553,0.8009776669754044,,0.5424320452942646,1.1783844669604835,155,5.022939673156308,ludlow16,,
concentrationTheory,PL,2.0333177828202462,44,421696503428.5823,0.7973399961672957,,0.4831964029856085,1.0895214063867211,85,4.830796582681301,ludlow16,,
concentrationTheory,PL,2.0333177828202462,44,749894209332.4558,0.8208867709284603,,0.5179395224896784,1.1637560712428865,43,4.642817034187925,ludlow16,,
concentrationTheory,PL,2.0333177828202462,44,1333521432163.324,0.7954120543254628,,0.4867994258102921,1.1449596182480049,28,4.457767774287904,ludlow16,,
concentrationTheory,PL,2.0333177828202462,44,2371373705661.6553,0.7879550743649448,,0.5079246153111543,1.346963296265102,19,4.2764114279971235,ludlow16,,
concentrationTheory,PL,2.0333177828202462,44,4216965034285.8223,1.0186031673148368,,0.6067459396894007,1.2444898200445857,7,4.099439067328098,ludlow16,,
concentrationTheory,PL,2.0333177828202462,44,7498942093324.559,0.4640042777135992,,0.4640042777135992,0.4640042777135992,1,3.928155745363864,ludlow16,,
concentrationTheory,kp1,19.40664523021168,24,237137370.56616554,0.8049092907155936,,0.4779072114379045,1.2855170980473245,38154,3.3430555284155847,diemer19,,
concentrationTheory,kp1,19.40664523021168,24,421696503.42858225,0.8672608026679931,,0.5377646520731236,1.3339415349672865,16169,3.3634505798788896,diemer19,,
concentrationTheory,kp1,19.40664523021168,24,749894209.3324559,0.9075319782856978,,0.5839360887761226,1.3632270834878326,5050,3.423807107445101,diemer19,,
concentrationTheory,kp1,19.40664523021168,24,1333521432.163324,0.9488888048270996,,0.6243897509362686,1.429974100143891,1378,3.5277389655772016,diemer19,,
concentrationTheory,kp1,19.40664523021168,24,2371373705.6616554,0.9591261870109387,,0.6128719472682511,1.4497693458618985,328,3.679607464170774,diemer19,,
concentrationTheory,kp1,19.40664523021168,24,4216965034.2858224,1.0071448815740967,,0.7135757530142118,1.4091831645315476,39,3.88501918346114,diemer19,,
concentrationTheory,kp1,19.40664523021168,24,7498942093.324558,0.9438979652980749,,0.8244858261595338,1.1092285691205988,9,4.150996137278794,diemer19,,
concentrationTheory,kp1,19.40664523021168,24,13335214321.63324,0.8955394068264385,,0.8955394068264385,0.8955394068264385,1,4.485722584111405,diemer19,,
concentrationTheory,kp1,19.40664523021168,24,237137370.56616554,0.8929239863724667,,0.5301650972048046,1.4260849824678816,38154,3.013533621301322,ishiyama21_fit,,
concentrationTheory,kp1,19.40664523021168,24,421696503.42858225,0.9538672753090796,,0.5914669518701824,1.467151718913741,16169,3.058065755211811,ishiyama21_fit,,
concentrationTheory,kp1,19.40664523021168,24,749894209.3324559,0.9889574101031214,,0.636327904513777,1.4855383150412178,5050,3.1419092528608354,ishiyama21_fit,,
concentrationTheory,kp1,19.40664523021168,24,1333521432.163324,1.0240337418079657,,0.6738367759690426,1.5432174149484776,1378,3.2688688605890435,ishiyama21_fit,,
concentrationTheory,kp1,19.40664523021168,24,2371373705.6616554,1.024730596265026,,0.6547925022415637,1.548933838269684,328,3.4440348416164057,ishiyama21_fit,,
concentrationTheory,kp1,19.40664523021168,24,4216965034.2858224,1.0644614879857366,,0.754185342884223,1.48937976611396,39,3.6758278524891956,ishiyama21_fit,,
concentrationTheory,kp1,19.40664523021168,24,7498942093.324558,0.9863445824061168,,0.8615625393855757,1.159110020389428,9,3.9723610570047008,ishiyama21_fit,,
concentrationTheory,kp1,19.40664523021168,24,13335214321.63324,0.9252304027699403,,0.9252304027699403,0.9252304027699403,1,4.34177403826834,ishiyama21_fit,,
concentrationTheory,kp1,19.40664523021168,24,237137370.56616554,0.7208179125577752,,0.427978758002307,1.151215126797703,38154,3.733059913358013,ludlow16,,
concentrationTheory,kp1,19.40664523021168,24,421696503.42858225,0.8228563967354553,,0.5102306970813097,1.2656427242442156,16169,3.5449549413634704,ludlow16,,
concentrationTheory,kp1,19.40664523021168,24,749894209.3324559,0.9207402237928792,,0.5924347107592592,1.3830675281570757,5050,3.3746917503924037,ludlow16,,
concentrationTheory,kp1,19.40664523021168,24,1333521432.163324,1.0392324651260887,,0.6838378709539089,1.5661218697060921,1378,3.221061815445113,ludlow16,,
concentrationTheory,kp1,19.40664523021168,24,2371373705.6616554,1.144848266644757,,0.7315464805438078,1.730497973178339,328,3.0826861337269302,ludlow16,,
concentrationTheory,kp1,19.40664523021168,24,4216965034.2858224,1.3227924202369508,,0.9372162978943057,1.850832827402609,39,2.957967649027782,ludlow16,,
concentrationTheory,kp1,19.40664523021168,24,7498942093.324558,1.3766393996031174,,1.2024813215346972,1.6177678176629928,9,2.846146063426056,ludlow16,,
concentrationTheory,kp1,19.40664523021168,24,13335214321.63324,1.4631398395957171,,1.4631398395957171,1.4631398395957171,1,2.745562135245439,ludlow16,,
concentrationTheory,kp1,14.331814598205613,27,237137370.56616554,0.786558156715165,,0.46203455276022637,1.2418849790234812,102036,3.6590547851540283,diemer19,,
concentrationTheory,kp1,14.331814598205613,27,421696503.42858225,0.8527577994345167,,0.5254156241418432,1.29752586344168,55124,3.548782728858633,diemer19,,
concentrationTheory,kp1,14.331814598205613,27,749894209.3324559,0.9036332729511403,,0.5720511216720694,1.3418886835168695,23722,3.475997209622412,diemer19,,
concentrationTheory,kp1,14.331814598205613,27,1333521432.163324,0.9389133377061242,,0.6182922840377102,1.3816112624688561,9208,3.442440364386889,diemer19,,
concentrationTheory,kp1,14.331814598205613,27,2371373705.6616554,0.9681757367959773,,0.630360251601865,1.4174913302735828,3215,3.4502249270118384,diemer19,,
concentrationTheory,kp1,14.331814598205613,27,4216965034.2858224,0.9700561733861693,,0.6588985202942411,1.4198066040884623,972,3.502446902443545,diemer19,,
concentrationTheory,kp1,14.331814598205613,27,7498942093.324558,0.884850666675068,,0.6058935307704535,1.3756641449052376,236,3.603349952216272,diemer19,,
concentrationTheory,kp1,14.331814598205613,27,13335214321.63324,0.925780083771623,,0.554309087347173,1.2015245897667328,56,3.758658706106262,diemer19,,
concentrationTheory,kp1,14.331814598205613,27,23713737056.616554,0.8604621146773029,,0.6327341867658798,1.16650503409677,8,3.97523696202335,diemer19,,
concentrationTheory,kp1,14.331814598205613,27,42169650342.85822,0.5651318032989329,,0.4092061104774635,0.7776812135636344,3,4.257925050725839,diemer19,,
concentrationTheory,kp1,14.331814598205613,27,237137370.56616554,0.8903527327083365,,0.5230048447704442,1.405764691832447,102036,3.2324934617495664,ishiyama21_fit,,
concentrationTheory,kp1,14.331814598205613,27,421696503.42858225,0.9593361283420271,,0.5910824749640434,1.4596916487696956,55124,3.154527449896866,ishiyama21_fit,,
concentrationTheory,kp1,14.331814598205613,27,749894209.3324559,1.0092991695203513,,0.6389436282499789,1.4988017533253948,23722,3.1120869115475833,ishiyama21_fit,,
concentrationTheory,kp1,14.331814598205613,27,1333521432.163324,1.0403147021465684,,0.6850670104225707,1.530823401134285,9208,3.106899446592082,ishiyama21_fit,,
concentrationTheory,kp1,14.331814598205613,27,2371373705.6616554,1.0632082261606342,,0.6922340433418871,1.5566269485803492,3215,3.141834288551533,ishiyama21_fit,,
concentrationTheory,kp1,14.331814598205613,27,4216965034.2858224,1.0540589899404533,,0.715956382556958,1.5427559311253458,972,3.223320774356818,ishiyama21_fit,,
concentrationTheory,kp1,14.331814598205613,27,7498942093.324558,0.9499974325617553,,0.6505021924214436,1.4769468509731547,236,3.3562476046743175,ishiyama21_fit,,
concentrationTheory,kp1,14.331814598205613,27,13335214321.63324,0.981476729585849,,0.5876573494785047,1.2738105361663201,56,3.545363091060051,ishiyama21_fit,,
concentrationTheory,kp1,14.331814598205613,27,23713737056.616554,0.9010382891754131,,0.6625715640718645,1.2215130478245857,8,3.796221363485345,ishiyama21_fit,,
concentrationTheory,kp1,14.331814598205613,27,42169650342.85822,0.585297437291977,,0.4238078380805388,0.8054312616487804,3,4.111223984444016,ishiyama21_fit,,
concentrationTheory,kp1,14.331814598205613,27,237137370.56616554,0.6232413393659889,,0.3661001173749537,0.9840264843193057,102036,4.617889099042034,ludlow16,,
concentrationTheory,kp1,14.331814598205613,27,421696503.42858225,0.6973704141487133,,0.42967570821513007,1.0610939581637624,55124,4.339518983217666,ludlow16,,
concentrationTheory,kp1,14.331814598205613,27,749894209.3324559,0.768721237135839,,0.4866441499221718,1.1415453146416465,23722,4.0860413158392905,ludlow16,,
concentrationTheory,kp1,14.331814598205613,27,1333521432.163324,0.8380002230394522,,0.5518390794117632,1.2331175834942756,9208,3.8569836660158185,ludlow16,,
concentrationTheory,kp1,14.331814598205613,27,2371373705.6616554,0.9153565441169222,,0.5959707101981925,1.3401595558352115,3215,3.6493146657340634,ludlow16,,
concentrationTheory,kp1,14.331814598205613,27,4216965034.2858224,0.9811819713815025,,0.6664555793979714,1.4360906935081372,972,3.462732030113491,ludlow16,,
concentrationTheory,kp1,14.331814598205613,27,7498942093.324558,0.9678799319677579,,0.6627470729557114,1.5047485063039527,236,3.2942377480643494,ludlow16,,
concentrationTheory,kp1,14.331814598205613,27,13335214321.63324,1.1073543036747096,,0.6630263106754329,1.4371808691635242,56,3.1423469076345154,ludlow16,,
concentrationTheory,kp1,14.331814598205613,27,23713737056.616554,1.1381210548555483,,0.8369085492569519,1.5429196907738567,8,3.0054279271022963,ludlow16,,
concentrationTheory,kp1,14.331814598205613,27,42169650342.85822,0.8349683635323208,,0.6045919808764706,1.149004898412312,3,2.8818922576283317,ludlow16,,
concentrationTheory,kp1,10.51901923231075,30,237137370.56616554,0.7795894503837724,,0.4474654473381973,1.2404472413685126,161619,4.47085535781274,diemer19,,
concentrationTheory,kp1,10.51901923231075,30,421696503.42858225,0.8535680252919343,,0.5111010811138624,1.2984003735523129,98149,4.215933558696414,diemer19,,
concentrationTheory,kp1,10.51901923231075,30,749894209.3324559,0.9024904923207885,,0.5594485068996737,1.3417329088687127,49027,4.001013407826243,diemer19,,
concentrationTheory,kp1,10.51901923231075,30,1333521432.163324,0.9444662437543255,,0.6020837263638366,1.3793565827991974,23293,3.826348033007528,diemer19,,
concentrationTheory,kp1,10.51901923231075,30,2371373705.6616554,0.9726332284072259,,0.6278116666904959,1.4174006614254135,10842,3.69219088656562,diemer19,,
concentrationTheory,kp1,10.51901923231075,30,4216965034.2858224,0.9751293370518895,,0.6416498657877204,1.433749787545934,4517,3.599600985689929,diemer19,,
concentrationTheory,kp1,10.51901923231075,30,7498942093.324558,0.982631178033284,,0.6479711181031367,1.4456748024500905,1676,3.5506005338001803,diemer19,,
concentrationTheory,kp1,10.51901923231075,30,13335214321.63324,0.9994155883370076,,0.6840207321302163,1.393109019177055,573,3.5491678048961344,diemer19,,
concentrationTheory,kp1,10.51901923231075,30,23713737056.616554,0.9125473278502885,,0.6458887351166392,1.4602854445131979,180,3.6008902814381294,diemer19,,
concentrationTheory,kp1,10.51901923231075,30,42169650342.85822,1.0212081047236619,,0.5067083369659158,1.3439140480779699,39,3.707945639439364,diemer19,,
concentrationTheory,kp1,10.51901923231075,30,74989420933.24559,1.0617723435517012,,0.8467052495070662,1.4445544104230663,11,3.873014222817465,diemer19,,
concentrationTheory,kp1,10.51901923231075,30,133352143216.3324,1.0057407698747316,,1.0057407698747316,1.0057407698747316,1,4.09930864743157,diemer19,,
concentrationTheory,kp1,10.51901923231075,30,237137370.56616554,0.8926357211170296,,0.5123512665070824,1.4203213207432865,161619,3.904651795450182,ishiyama21_fit,,
concentrationTheory,kp1,10.51901923231075,30,421696503.42858225,0.9739964786556545,,0.5832114588309942,1.481589462412925,98149,3.694660259373212,ishiyama21_fit,,
concentrationTheory,kp1,10.51901923231075,30,749894209.3324559,1.0254306006185585,,0.6356583513362668,1.5245080079158162,49027,3.5213270971560977,ishiyama21_fit,,
concentrationTheory,kp1,10.51901923231075,30,1333521432.163324,1.0677191693209969,,0.6806557041355791,1.55936273479659,23293,3.384650812562971,ishiyama21_fit,,
concentrationTheory,kp1,10.51901923231075,30,2371373705.6616554,1.0929509180805819,,0.7054738800305418,1.5927374358058903,10842,3.285735418204101,ishiyama21_fit,,
concentrationTheory,kp1,10.51901923231075,30,4216965034.2858224,1.0866966020475817,,0.7150628151173123,1.597789096391118,4517,3.230042788588252,ishiyama21_fit,,
concentrationTheory,kp1,10.51901923231075,30,7498942093.324558,1.0835461282497652,,0.7145169132975985,1.594143733601317,1676,3.219919018020297,ishiyama21_fit,,
concentrationTheory,kp1,10.51901923231075,30,13335214321.63324,1.0889923155600165,,0.7453288998753945,1.5179721372422665,573,3.257225582912342,ishiyama21_fit,,
concentrationTheory,kp1,10.51901923231075,30,23713737056.616554,0.9823895143814662,,0.695322096148631,1.572048993966259,180,3.3448879045470723,ishiyama21_fit,,
concentrationTheory,kp1,10.51901923231075,30,42169650342.85822,1.0874860514778355,,0.5395944725361095,1.4311360974415523,39,3.481961109960421,ishiyama21_fit,,
concentrationTheory,kp1,10.51901923231075,30,74989420933.24559,1.1226268396116672,,0.8952333747525616,1.5273477052488098,11,3.66306883362281,ishiyama21_fit,,
concentrationTheory,kp1,10.51901923231075,30,133352143216.3324,1.0579998306625633,,1.0579998306625633,1.0579998306625633,1,3.8968265547264584,ishiyama21_fit,,
concentrationTheory,kp1,10.51901923231075,30,237137370.56616554,0.5899582369923833,,0.33862172749605235,0.938714687890633,161619,5.907929498385116,ludlow16,,
concentrationTheory,kp1,10.51901923231075,30,421696503.42858225,0.6537705278615046,,0.391465956654261,0.9944794936555263,98149,5.504356542699373,ludlow16,,
concentrationTheory,kp1,10.51901923231075,30,749894209.3324559,0.7031227574429768,,0.43586162975203446,1.0453328324930704,49027,5.1354852648245055,ludlow16,,
concentrationTheory,kp1,10.51901923231075,30,1333521432.163324,0.7530102741365561,,0.4800332831803395,1.0997425110895391,23293,4.799212810443023,ludlow16,,
concentrationTheory,kp1,10.51901923231075,30,2371373705.6616554,0.799212021416852,,0.5158723931594054,1.1646770999490275,10842,4.493360266940968,ludlow16,,
concentrationTheory,kp1,10.51901923231075,30,4216965034.2858224,0.8324592430588528,,0.5477707841273128,1.2239794430600415,4517,4.2165145646403674,ludlow16,,
concentrationTheory,kp1,10.51901923231075,30,7498942093.324558,0.8797466500692032,,0.5801265349973675,1.2943081727677934,1676,3.965835828961929,ludlow16,,
concentrationTheory,kp1,10.51901923231075,30,13335214321.63324,0.9489092502278179,,0.6494531480602601,1.3227070402939798,573,3.7380746672934593,ludlow16,,
concentrationTheory,kp1,10.51901923231075,30,23713737056.616554,0.9300294265600062,,0.6582623296450495,1.488260820152599,180,3.5332030475235983,ludlow16,,
concentrationTheory,kp1,10.51901923231075,30,42169650342.85822,1.1312388766712935,,0.5613039763960859,1.4887149945817186,39,3.3472896104953396,ludlow16,,
concentrationTheory,kp1,10.51901923231075,30,74989420933.24559,1.293410561839981,,1.031424032777578,1.7597010724010649,11,3.1793921507181366,ludlow16,,
concentrationTheory,kp1,10.51901923231075,30,133352143216.3324,1.3612315813830287,,1.3612315813830287,1.3612315813830287,1,3.0287585826014354,ludlow16,,
concentrationTheory,kp1,2.0333177828202462,44,237137370.56616554,0.882415416143471,,0.4895181925358485,1.5071597206075955,162608,19.56404687186774,diemer19,,
concentrationTheory,kp1,2.0333177828202462,44,421696503.42858225,0.9339022413219649,,0.5429151762932289,1.5058316539169898,112085,17.89543962075464,diemer19,,
concentrationTheory,kp1,2.0333177828202462,44,749894209.3324559,0.9702762027859069,,0.5824110753402139,1.485796301692628,66757,16.347524737546113,diemer19,,
concentrationTheory,kp1,2.0333177828202462,44,1333521432.163324,0.9937284824670811,,0.6052640603535137,1.4722626171675064,39833,14.913978337358294,diemer19,,
concentrationTheory,kp1,2.0333177828202462,44,2371373705.6616554,1.0060310756074866,,0.61953848415021,1.4478765271590086,23359,13.585851209716335,diemer19,,
concentrationTheory,kp1,2.0333177828202462,44,4216965034.2858224,1.0089500637208628,,0.6142469351148429,1.4304669516501365,13846,12.355614417871022,diemer19,,
concentrationTheory,kp1,2.0333177828202462,44,7498942093.324558,1.0196583204523353,,0.6242916903774893,1.43261178390817,8125,11.217586669735416,diemer19,,
concentrationTheory,kp1,2.0333177828202462,44,13335214321.63324,1.011116663437922,,0.6164124750663031,1.4062580325543275,4664,10.176119670665736,diemer19,,
concentrationTheory,kp1,2.0333177828202462,44,23713737056.616554,1.0223357105598756,,0.6200686928263961,1.4572898328148423,2672,9.245097574416272,diemer19,,
concentrationTheory,kp1,2.0333177828202462,44,42169650342.85822,1.0137088684049083,,0.6137545261346885,1.4208548744368499,1552,8.415356175631509,diemer19,,
concentrationTheory,kp1,2.0333177828202462,44,74989420933.24559,1.0040144030745208,,0.587568123491789,1.4384547035592512,885,7.678267050830434,diemer19,,
concentrationTheory,kp1,2.0333177828202462,44,133352143216.3324,0.9542045027341175,,0.5441670963939371,1.3849111162852326,471,7.026673586456259,diemer19,,
concentrationTheory,kp1,2.0333177828202462,44,237137370566.16553,0.9757611630980112,,0.6479427417891076,1.4003628202164666,283,6.450977065469878,diemer19,,
concentrationTheory,kp1,2.0333177828202462,44,421696503428.5823,0.9174532507685159,,0.5211767283010319,1.2693542724010867,139,5.9113897765873595,diemer19,,
concentrationTheory,kp1,2.0333177828202462,44,749894209332.4558,0.8671387383828992,,0.5175953652501202,1.3062091844112291,62,5.415322855496905,diemer19,,
concentrationTheory,kp1,2.0333177828202462,44,1333521432163.324,0.9824830420928565,,0.5891162546196571,1.4491431246207662,35,4.974092427797495,diemer19,,
concentrationTheory,kp1,2.0333177828202462,44,2371373705661.6553,0.9661144200291445,,0.6791489742381215,1.2172025207455721,24,4.591734231853953,diemer19,,
concentrationTheory,kp1,2.0333177828202462,44,4216965034285.8223,1.1191685004226586,,1.0423851448488226,1.252792062122577,5,4.270431696372737,diemer19,,
concentrationTheory,kp1,2.0333177828202462,44,7498942093324.559,0.3954756203511976,,0.3954756203511976,0.3954756203511976,1,4.012145383962757,diemer19,,
concentrationTheory,kp1,2.0333177828202462,44,237137370.56616554,1.004484285953363,,0.5572356546529389,1.7156525464940926,162608,17.18654716982907,ishiyama21_fit,,
concentrationTheory,kp1,2.0333177828202462,44,421696503.42858225,1.0629038820394423,,0.6179090518974953,1.7138349602637348,112085,15.723520681096241,ishiyama21_fit,,
concentrationTheory,kp1,2.0333177828202462,44,749894209.3324559,1.1041669803308236,,0.6627793988177696,1.6908249538803215,66757,14.365231445829474,ishiyama21_fit,,
concentrationTheory,kp1,2.0333177828202462,44,1333521432.163324,1.131109164502631,,0.6889404275806416,1.6757995450613046,39833,13.102577121498962,ishiyama21_fit,,
concentrationTheory,kp1,2.0333177828202462,44,2371373705.6616554,1.1456658746815347,,0.7055290005969477,1.6488384585106788,23359,11.929995304567736,ishiyama21_fit,,
concentrationTheory,kp1,2.0333177828202462,44,4216965034.2858224,1.1474620603769488,,0.6985727828271402,1.6268461786783848,13846,10.864148266589444,ishiyama21_fit,,
concentrationTheory,kp1,2.0333177828202462,44,7498942093.324558,1.1554748126895857,,0.707446121444477,1.6234328690946689,8125,9.89905228359463,ishiyama21_fit,,
concentrationTheory,kp1,2.0333177828202462,44,13335214321.63324,1.140308993810152,,0.6951726884066296,1.5859383393872049,4664,9.023207064050906,ishiyama21_fit,,
concentrationTheory,kp1,2.0333177828202462,44,23713737056.616554,1.1484369791231803,,0.6965518362343257,1.637041058057399,2672,8.229962609835532,ishiyama21_fit,,
concentrationTheory,kp1,2.0333177828202462,44,42169650342.85822,1.1391082706502555,,0.6896781498707336,1.5966196896466942,1552,7.488946754072765,ishiyama21_fit,,
concentrationTheory,kp1,2.0333177828202462,44,74989420933.24559,1.142058729018376,,0.6683542609268108,1.6362312587018233,885,6.7501701215596945,ishiyama21_fit,,
concentrationTheory,kp1,2.0333177828202462,44,133352143216.3324,1.1087463614236615,,0.6322997705465389,1.60920972042855,471,6.047265460091516,ishiyama21_fit,,
concentrationTheory,kp1,2.0333177828202462,44,237137370566.16553,1.1644072610428302,,0.773210967819031,1.6710981105021523,283,5.405851625215819,ishiyama21_fit,,
concentrationTheory,kp1,2.0333177828202462,44,421696503428.5823,1.1203743304722629,,0.6364498981706928,1.5501083481716271,139,4.840724764555922,ishiyama21_fit,,
concentrationTheory,kp1,2.0333177828202462,44,749894209332.4558,1.0746331586555449,,0.6414488450850373,1.6187671471423728,62,4.36971090183607,ishiyama21_fit,,
concentrationTheory,kp1,2.0333177828202462,44,1333521432163.324,1.2149067183628417,,0.7284820856648756,1.7919634665864228,35,4.022499329577331,ishiyama21_fit,,
concentrationTheory,kp1,2.0333177828202462,44,2371373705661.6553,1.1756295831464032,,0.8264317444447048,1.4811695824038111,24,3.773416999649549,ishiyama21_fit,,
concentrationTheory,kp1,2.0333177828202462,44,4216965034285.8223,1.3265942418625025,,1.2355799242359218,1.484983481249892,5,3.6027087160251896,ishiyama21_fit,,
concentrationTheory,kp1,2.0333177828202462,44,7498942093324.559,0.45348492741394564,,0.45348492741394564,0.45348492741394564,1,3.498916036107864,ishiyama21_fit,,
concentrationTheory,kp1,2.0333177828202462,44,237137370.56616554,0.7784505246944676,,0.4318438763144429,1.3295883705578786,162608,22.17689630136135,ludlow16,,
concentrationTheory,kp1,2.0333177828202462,44,421696503.42858225,0.8179264842245156,,0.475493774111804,1.3188313894384303,112085,20.43287690715875,ludlow16,,
concentrationTheory,kp1,2.0333177828202462,44,749894209.3324559,0.8434883468731011,,0.5063063009571707,1.2916444438258725,66757,18.80478169745388,ludlow16,,
concentrationTheory,kp1,2.0333177828202462,44,1333521432.163324,0.8571245202611065,,0.5220607807012119,1.2698764418074964,39833,17.29088914200613,ludlow16,,
concentrationTheory,kp1,2.0333177828202462,44,2371373705.6616554,0.86033417536582,,0.5298147778853706,1.2381900402755344,23359,15.886604178826861,ludlow16,,
concentrationTheory,kp1,2.0333177828202462,44,4216965034.2858224,0.8549883148279499,,0.5205153067787186,1.2121834096506783,13846,14.58054775488945,ludlow16,,
concentrationTheory,kp1,2.0333177828202462,44,7498942093.324558,0.855611967005403,,0.5238533638915968,1.2021279695349554,8125,13.368332870826585,ludlow16,,
concentrationTheory,kp1,2.0333177828202462,44,13335214321.63324,0.8402014653875371,,0.5122165261058067,1.1685496860943407,4664,12.246163083520335,ludlow16,,
concentrationTheory,kp1,2.0333177828202462,44,23713737056.616554,0.8436253854059454,,0.5116770201418023,1.202546956110249,2672,11.203543138271279,ludlow16,,
concentrationTheory,kp1,2.0333177828202462,44,42169650342.85822,0.8334477424953267,,0.5046146287130266,1.1681936741623358,1552,10.235460186721312,ludlow16,,
concentrationTheory,kp1,2.0333177828202462,44,74989420933.24559,0.8255658443338127,,0.48313666864610594,1.1827908725644993,885,9.33794773923466,ludlow16,,
concentrationTheory,kp1,2.0333177828202462,44,133352143216.3324,0.7880784991513202,,0.4494281753909946,1.1437995428157834,471,8.50788796123727,ludlow16,,
concentrationTheory,kp1,2.0333177828202462,44,237137370566.16553,0.8130260595232237,,0.5398804072924119,1.1668136719119058,283,7.74220310750283,ludlow16,,
concentrationTheory,kp1,2.0333177828202462,44,421696503428.5823,0.7705459026272248,,0.4377232215381277,1.066098717031855,139,7.03841750192732,ludlow16,,
concentrationTheory,kp1,2.0333177828202462,44,749894209332.4558,0.7340465097870574,,0.438152575275722,1.1057265122959825,62,6.397191685052627,ludlow16,,
concentrationTheory,kp1,2.0333177828202462,44,1333521432163.324,0.8396536303902012,,0.503472915786492,1.2384725571963877,35,5.820211195707534,ludlow16,,
concentrationTheory,kp1,2.0333177828202462,44,2371373705661.6553,0.8357724302874359,,0.5875225304152804,1.052985327436507,24,5.307833201449214,ludlow16,,
concentrationTheory,kp1,2.0333177828202462,44,4216965034285.8223,0.9837440928160158,,0.9162518676114763,1.1011986042981456,5,4.85830885561487,ludlow16,,
concentrationTheory,kp1,2.0333177828202462,44,7498942093324.559,0.35514683412881454,,0.35514683412881454,0.35514683412881454,1,4.467745541232545,ludlow16,,
concentrationTheory,kp10,19.40664523021168,24,237137370.56616554,0.8182449263245551,,0.48122955543607854,1.371420869187006,300,3.8416832549689737,diemer19,,
concentrationTheory,kp10,19.40664523021168,24,421696503.42858225,0.9078042223613104,,0.5748657384329013,1.356168628500227,61,4.01091695572328,diemer19,,
concentrationTheory,kp10,19.40664523021168,24,749894209.3324559,1.196274230863759,,0.437995250956727,1.6906636680823968,11,4.207963522528901,diemer19,,
concentrationTheory,kp10,19.40664523021168,24,1333521432.163324,1.5975890338139842,,1.5975890338139842,1.5975890338139842,1,4.435243102942966,diemer19,,
concentrationTheory,kp10,19.40664523021168,24,237137370.56616554,0.8894814715677369,,0.5231254840208908,1.4908170079863234,300,3.534011592601209,ishiyama21_fit,,
concentrationTheory,kp10,19.40664523021168,24,421696503.42858225,0.9805698084913045,,0.620944442819532,1.4648731296615503,61,3.713277031798859,ishiyama21_fit,,
concentrationTheory,kp10,19.40664523021168,24,749894209.3324559,1.2841399332779186,,0.47016576787205944,1.8148420102296645,11,3.9200387714495006,ishiyama21_fit,,
concentrationTheory,kp10,19.40664523021168,24,1333521432.163324,1.705578178521125,,1.705578178521125,1.705578178521125,1,4.154424483610986,ishiyama21_fit,,
concentrationTheory,kp10,19.40664523021168,24,237137370.56616554,1.1698240481768072,,0.6880017077176035,1.960685683873276,300,2.6871031047989415,ludlow16,,
concentrationTheory,kp10,19.40664523021168,24,421696503.42858225,1.394456544489575,,0.8830376323602742,2.083178479303127,61,2.6111443646879366,ludlow16,,
concentrationTheory,kp10,19.40664523021168,24,749894209.3324559,1.979166459647234,,0.7246377860638314,2.797105162080453,11,2.5434335257041756,ludlow16,,
concentrationTheory,kp10,19.40664523021168,24,1333521432.163324,2.853293049409635,,2.853293049409635,2.853293049409635,1,2.483339643303329,ludlow16,,
concentrationTheory,kp10,14.331814598205613,27,237137370.56616554,0.7665042612182332,,0.44003367914098873,1.2857036640715696,7782,3.397434500866961,diemer19,,
concentrationTheory,kp10,14.331814598205613,27,421696503.42858225,0.8086689557864656,,0.4943629515971223,1.3022802012553598,2754,3.4465048917869425,diemer19,,
concentrationTheory,kp10,14.331814598205613,27,749894209.3324559,0.8844721392629362,,0.516609260678011,1.4654811409621378,843,3.520746813796529,diemer19,,
concentrationTheory,kp10,14.331814598205613,27,1333521432.163324,0.9528126776608016,,0.5845906726855566,1.3854876645803853,205,3.6228767463493434,diemer19,,
concentrationTheory,kp10,14.331814598205613,27,2371373705.6616554,1.0186707215093094,,0.6036740978317118,1.4219227025062657,41,3.753043790233386,diemer19,,
concentrationTheory,kp10,14.331814598205613,27,4216965034.2858224,1.0956235429447991,,0.6984842562773097,1.541449541582875,8,3.910651509722578,diemer19,,
concentrationTheory,kp10,14.331814598205613,27,7498942093.324558,0.7216222278936807,,0.7097613632965508,1.410369361908102,3,4.095510201205217,diemer19,,
concentrationTheory,kp10,14.331814598205613,27,237137370.56616554,0.863127410924258,,0.4955029598828311,1.4477754801026126,7782,3.017107311347905,ishiyama21_fit,,
concentrationTheory,kp10,14.331814598205613,27,421696503.42858225,0.9028522612305457,,0.5519399570421086,1.4539529631327168,2754,3.0869740616871577,ishiyama21_fit,,
concentrationTheory,kp10,14.331814598205613,27,749894209.3324559,0.9785542324642865,,0.5715614501865383,1.6213656817727935,843,3.182248221807606,ishiyama21_fit,,
concentrationTheory,kp10,14.331814598205613,27,1333521432.163324,1.0453498078304353,,0.6413660960637027,1.520046172639342,205,3.3021701134555546,ishiyama21_fit,,
concentrationTheory,kp10,14.331814598205613,27,2371373705.6616554,1.1093259549609884,,0.6573972638284538,1.5484648047028977,41,3.44634127467749,ishiyama21_fit,,
concentrationTheory,kp10,14.331814598205613,27,4216965034.2858224,1.1852653285855406,,0.755632878518807,1.6675679426270855,8,3.6148883789740074,ishiyama21_fit,,
concentrationTheory,kp10,14.331814598205613,27,7498942093.324558,0.7752948241432408,,0.7625517758049717,1.515269380780021,3,3.8119836528264677,ishiyama21_fit,,
concentrationTheory,kp10,14.331814598205613,27,237137370.56616554,0.8526605123132002,,0.4894941375734817,1.4302187220040803,7782,3.054144040351441,ludlow16,,
concentrationTheory,kp10,14.331814598205613,27,421696503.42858225,0.9480989502227655,,0.5796005795504089,1.5268182151314418,2754,2.9396525661160573,ludlow16,,
concentrationTheory,kp10,14.331814598205613,27,749894209.3324559,1.0974704350169464,,0.6410189364727212,1.818397837405171,843,2.83743631431283,ludlow16,,
concentrationTheory,kp10,14.331814598205613,27,1333521432.163324,1.256330448595874,,0.7708115973677957,1.8268337313055614,205,2.747623364045805,ludlow16,,
concentrationTheory,kp10,14.331814598205613,27,2371373705.6616554,1.4330198183153138,,0.8492213702919849,2.000296435127617,41,2.667873658682269,ludlow16,,
concentrationTheory,kp10,14.331814598205613,27,4216965034.2858224,1.6498345455331755,,1.0518060358761512,2.3211774886329137,8,2.5969888155784906,ludlow16,,
concentrationTheory,kp10,14.331814598205613,27,7498942093.324558,1.166283100956842,,1.147113616692552,2.2794336001842943,3,2.5340427151266502,ludlow16,,
concentrationTheory,kp10,10.51901923231075,30,237137370.56616554,0.7081898226663164,,0.40888235727598743,1.145363930083418,40407,3.4140960596345056,diemer19,,
concentrationTheory,kp10,10.51901923231075,30,421696503.42858225,0.7677494187852353,,0.463000782559616,1.209838843268012,19670,3.349258134895629,diemer19,,
concentrationTheory,kp10,10.51901923231075,30,749894209.3324559,0.8097997332361301,,0.4945623086877033,1.2627789062501125,7796,3.310211796375741,diemer19,,
concentrationTheory,kp10,10.51901923231075,30,1333521432.163324,0.8614954876951728,,0.538362552604273,1.3039875034370993,2840,3.3003859231022363,diemer19,,
concentrationTheory,kp10,10.51901923231075,30,2371373705.6616554,0.8699781228127671,,0.5310412367092151,1.3625574823805038,1001,3.3192649858685273,diemer19,,
concentrationTheory,kp10,10.51901923231075,30,4216965034.2858224,0.8805870562390103,,0.5811126870764085,1.4098034997936366,331,3.3651270848470487,diemer19,,
concentrationTheory,kp10,10.51901923231075,30,7498942093.324558,0.8759134389378946,,0.5238730553632778,1.454213807520988,99,3.4367618393324886,diemer19,,
concentrationTheory,kp10,10.51901923231075,30,13335214321.63324,0.8655699404446462,,0.49449834042087354,1.213415092264584,26,3.533847941106366,diemer19,,
concentrationTheory,kp10,10.51901923231075,30,23713737056.616554,1.374290207706061,,1.0893939659553502,1.6166241174129992,5,3.657350061721171,diemer19,,
concentrationTheory,kp10,10.51901923231075,30,42169650342.85822,0.6711822581476754,,0.5419581648737738,0.8690830709250653,4,3.8094080091328504,diemer19,,
concentrationTheory,kp10,10.51901923231075,30,74989420933.24559,2.150295721618193,,2.150295721618193,2.150295721618193,1,3.993384651789423,diemer19,,
concentrationTheory,kp10,10.51901923231075,30,237137370.56616554,0.828165521743488,,0.4781518456030211,1.3394020732639678,40407,2.9194986021009655,ishiyama21_fit,,
concentrationTheory,kp10,10.51901923231075,30,421696503.42858225,0.8900551773154551,,0.5367587829246803,1.4025713335893237,19670,2.8890242447480117,ishiyama21_fit,,
concentrationTheory,kp10,10.51901923231075,30,749894209.3324559,0.9290519931012716,,0.5673922572966552,1.448737523053518,7796,2.885316052885283,ishiyama21_fit,,
concentrationTheory,kp10,10.51901923231075,30,1333521432.163324,0.9782429812422597,,0.6113199615911904,1.480700295108588,2840,2.906504452293244,ishiyama21_fit,,
concentrationTheory,kp10,10.51901923231075,30,2371373705.6616554,0.9784730753696593,,0.5972673776565771,1.5324819960325866,1001,2.951218581495563,ishiyama21_fit,,
concentrationTheory,kp10,10.51901923231075,30,4216965034.2858224,0.9816237485178657,,0.6477883250243978,1.5715613650417048,331,3.018760862285406,ishiyama21_fit,,
concentrationTheory,kp10,10.51901923231075,30,7498942093.324558,0.9670023957500662,,0.5783522401705214,1.605442014351064,99,3.113028359319903,ishiyama21_fit,,
concentrationTheory,kp10,10.51901923231075,30,13335214321.63324,0.9456274585050095,,0.5402350370981254,1.3256451919071233,26,3.234669768113199,ishiyama21_fit,,
concentrationTheory,kp10,10.51901923231075,30,23713737056.616554,1.4852528808867802,,1.177353602087172,1.7471532680907103,5,3.38411084109502,ishiyama21_fit,,
concentrationTheory,kp10,10.51901923231075,30,42169650342.85822,0.7175225106102395,,0.5793764337262751,0.9290869348960152,4,3.563382377510512,ishiyama21_fit,,
concentrationTheory,kp10,10.51901923231075,30,74989420933.24559,2.2740249077431467,,2.2740249077431467,2.2740249077431467,1,3.7761054869186417,ishiyama21_fit,,
concentrationTheory,kp10,10.51901923231075,30,237137370.56616554,0.6703878975032308,,0.38705693734541086,1.084226421206915,40407,3.606610578805501,ludlow16,,
concentrationTheory,kp10,10.51901923231075,30,421696503.42858225,0.748757461174937,,0.45154744762929433,1.1799108388118265,19670,3.4342108356327548,ludlow16,,
concentrationTheory,kp10,10.51901923231075,30,749894209.3324559,0.817025425585206,,0.4989751961503175,1.2740464474791058,7796,3.280936609457585,ludlow16,,
concentrationTheory,kp10,10.51901923231075,30,1333521432.163324,0.904038984441362,,0.5649486761906731,1.368382719548988,2840,3.1450718711673713,ludlow16,,
concentrationTheory,kp10,10.51901923231075,30,2371373705.6616554,0.9547530840248988,,0.5827885152482583,1.4953318070320751,1001,3.024538982739479,ludlow16,,
concentrationTheory,kp10,10.51901923231075,30,4216965034.2858224,1.0154668069283077,,0.6701218699844748,1.6257434721402806,331,2.918152846846164,ludlow16,,
concentrationTheory,kp10,10.51901923231075,30,7498942093.324558,1.0661768951212431,,0.6376672885418545,1.7700940449380416,99,2.8234581852929006,ludlow16,,
concentrationTheory,kp10,10.51901923231075,30,13335214321.63324,1.1163663069580196,,0.637777792755759,1.5649985773104225,26,2.739954200390336,ludlow16,,
concentrationTheory,kp10,10.51901923231075,30,23713737056.616554,1.885440033007045,,1.4945802448501813,2.217906969142197,5,2.665828818729544,ludlow16,,
concentrationTheory,kp10,10.51901923231075,30,42169650342.85822,0.983226601707468,,0.7939239725839315,1.2731349556011828,4,2.600425034611029,ludlow16,,
concentrationTheory,kp10,10.51901923231075,30,74989420933.24559,3.376747198071399,,3.376747198071399,3.376747198071399,1,2.542967367063464,ludlow16,,
concentrationTheory,kp10,2.0333177828202462,44,237137370.56616554,0.6894733870091337,,0.38445930958606966,1.1019446953401089,148481,11.134028975362723,diemer19,,
concentrationTheory,kp10,2.0333177828202462,44,421696503.42858225,0.7537378549510643,,0.4365037416418196,1.1469826823779559,97209,10.150642165375178,diemer19,,
concentrationTheory,kp10,2.0333177828202462,44,749894209.3324559,0.7999430876537053,,0.4718725116762306,1.1772531567220161,53911,9.246775292245548,diemer19,,
concentrationTheory,kp10,2.0333177828202462,44,1333521432.163324,0.8279869971377732,,0.49588220677679357,1.1995746196360235,29543,8.442381277817898,diemer19,,
concentrationTheory,kp10,2.0333177828202462,44,2371373705.6616554,0.8506127108824227,,0.5074695998142104,1.222533807612055,16288,7.733153876173278,diemer19,,
concentrationTheory,kp10,2.0333177828202462,44,4216965034.2858224,0.8729061871737757,,0.5244871497695497,1.2447313380467275,8855,7.106459358211601,diemer19,,
concentrationTheory,kp10,2.0333177828202462,44,7498942093.324558,0.877564231001817,,0.5335348253854115,1.2448380413720714,4880,6.551645259442935,diemer19,,
concentrationTheory,kp10,2.0333177828202462,44,13335214321.63324,0.8736430608043467,,0.5284063454856249,1.256374723952818,2741,6.057946420432964,diemer19,,
concentrationTheory,kp10,2.0333177828202462,44,23713737056.616554,0.8828944356185487,,0.5528928018945539,1.2931543095972766,1483,5.6153732447227735,diemer19,,
concentrationTheory,kp10,2.0333177828202462,44,42169650342.85822,0.9250726444424561,,0.581828530320869,1.3161590703786747,869,5.216334734728461,diemer19,,
concentrationTheory,kp10,2.0333177828202462,44,74989420933.24559,0.9363997795703328,,0.5846128415177582,1.347354503234004,479,4.855264126600073,diemer19,,
concentrationTheory,kp10,2.0333177828202462,44,133352143216.3324,0.9427883243479406,,0.5966017144140059,1.3696929322613258,312,4.538671636698351,diemer19,,
concentrationTheory,kp10,2.0333177828202462,44,237137370566.16553,0.9706533381854416,,0.6018176886396039,1.3117211444048749,154,4.271418117468889,diemer19,,
concentrationTheory,kp10,2.0333177828202462,44,421696503428.5823,0.9445130515485348,,0.5872672400810515,1.2876962975938175,84,4.046997244374632,diemer19,,
concentrationTheory,kp10,2.0333177828202462,44,749894209332.4558,0.9793603919018434,,0.6184527022024133,1.4065443924474843,44,3.8610657827408486,diemer19,,
concentrationTheory,kp10,2.0333177828202462,44,1333521432163.324,0.9977664993754887,,0.5993403217242883,1.4183835160275076,28,3.711357682644838,diemer19,,
concentrationTheory,kp10,2.0333177828202462,44,2371373705661.6553,0.9162431293772635,,0.6040835787567042,1.5522952160429258,19,3.5969726790678673,diemer19,,
concentrationTheory,kp10,2.0333177828202462,44,4216965034285.8223,1.2259155034216884,,0.6872551975526056,1.472967773720596,7,3.5180028063340885,diemer19,,
concentrationTheory,kp10,2.0333177828202462,44,7498942093324.559,0.5308385845658656,,0.5308385845658656,0.5308385845658656,1,3.4757810761821113,diemer19,,
concentrationTheory,kp10,2.0333177828202462,44,237137370.56616554,0.8587808305237943,,0.4788673376084284,1.372538807858195,148481,8.938970684777615,ishiyama21_fit,,
concentrationTheory,kp10,2.0333177828202462,44,421696503.42858225,0.9390572882615338,,0.543825704453696,1.4289881293897757,97209,8.147451010438118,ishiyama21_fit,,
concentrationTheory,kp10,2.0333177828202462,44,749894209.3324559,0.9928856861284511,,0.5856859941061578,1.4612012108101748,53911,7.449894868523615,ishiyama21_fit,,
concentrationTheory,kp10,2.0333177828202462,44,1333521432.163324,1.0229312212684794,,0.6126344895958425,1.4820067644888006,29543,6.833481838832201,ishiyama21_fit,,
concentrationTheory,kp10,2.0333177828202462,44,2371373705.6616554,1.0461754577472329,,0.6241409681354049,1.5036042248453996,16288,6.287586784388095,ishiyama21_fit,,
concentrationTheory,kp10,2.0333177828202462,44,4216965034.2858224,1.0686642237152197,,0.6421086950612953,1.5238749233918538,8855,5.804697308118129,ishiyama21_fit,,
concentrationTheory,kp10,2.0333177828202462,44,7498942093.324558,1.0647600844234266,,0.6473447363182613,1.5103781708510353,4880,5.399798149846235,ishiyama21_fit,,
concentrationTheory,kp10,2.0333177828202462,44,13335214321.63324,1.0450753088669233,,0.6320938716175563,1.5029092104030752,2741,5.064211935763684,ishiyama21_fit,,
concentrationTheory,kp10,2.0333177828202462,44,23713737056.616554,1.0367354309237635,,0.6492322684367305,1.518481526584772,1483,4.782108958376655,ishiyama21_fit,,
concentrationTheory,kp10,2.0333177828202462,44,42169650342.85822,1.0623935186484268,,0.6681971013748658,1.5115341203537471,869,4.542091496841269,ishiyama21_fit,,
concentrationTheory,kp10,2.0333177828202462,44,74989420933.24559,1.0485442894211954,,0.6546268697083797,1.5087155091388338,479,4.335981134772799,ishiyama21_fit,,
concentrationTheory,kp10,2.0333177828202462,44,133352143216.3324,1.0291083880691692,,0.6512255325865837,1.495099641421716,312,4.157974686375562,ishiyama21_fit,,
concentrationTheory,kp10,2.0333177828202462,44,237137370566.16553,1.0354558075177012,,0.6419960620891665,1.39929388112639,154,4.004097735900791,ishiyama21_fit,,
concentrationTheory,kp10,2.0333177828202462,44,421696503428.5823,0.9875545953786591,,0.6140290604841715,1.3463767324929483,84,3.870613062589367,ishiyama21_fit,,
concentrationTheory,kp10,2.0333177828202462,44,749894209332.4558,1.008617031907929,,0.63692787050485,1.4485623904007228,44,3.749069050510596,ishiyama21_fit,,
concentrationTheory,kp10,2.0333177828202462,44,1333521432163.324,1.0171613595317237,,0.6109904640502845,1.4459544456573163,28,3.64059087404546,ishiyama21_fit,,
concentrationTheory,kp10,2.0333177828202462,44,2371373705661.6553,0.9286552489722016,,0.6122669499433046,1.5733237763130261,19,3.5488966517996987,ishiyama21_fit,,
concentrationTheory,kp10,2.0333177828202462,44,4216965034285.8223,1.2398057890370608,,0.6950421706009196,1.4896572951616023,7,3.478588517251267,ishiyama21_fit,,
concentrationTheory,kp10,2.0333177828202462,44,7498942093324.559,0.5370829600845015,,0.5370829600845015,0.5370829600845015,1,3.4353700338045337,ishiyama21_fit,,
concentrationTheory,kp10,2.0333177828202462,44,237137370.56616554,0.6630097488453497,,0.36970284146230553,1.059649421521809,148481,11.578437092471441,ludlow16,,
concentrationTheory,kp10,2.0333177828202462,44,421696503.42858225,0.7156330179323032,,0.4144365151862493,1.0889975514889267,97209,10.69112668139841,ludlow16,,
concentrationTheory,kp10,2.0333177828202462,44,749894209.3324559,0.7486475724058158,,0.4416141795632012,1.1017630272574537,53911,9.880341900192922,ludlow16,,
concentrationTheory,kp10,2.0333177828202462,44,1333521432.163324,0.76414561983348,,0.45764754467369395,1.1070822300676224,29543,9.14770920814265,ludlow16,,
concentrationTheory,kp10,2.0333177828202462,44,2371373705.6616554,0.7753598307141776,,0.46257425732135077,1.114377429334544,16288,8.483698434859335,ludlow16,,
concentrationTheory,kp10,2.0333177828202462,44,4216965034.2858224,0.7869480565010896,,0.47283906247393226,1.1221582819951637,8855,7.8826960578093725,ludlow16,,
concentrationTheory,kp10,2.0333177828202462,44,7498942093.324558,0.7834126204770185,,0.476293245445721,1.1112825678269407,4880,7.33903103373403,ludlow16,,
concentrationTheory,kp10,2.0333177828202462,44,13335214321.63324,0.7727695968950372,,0.467394954435692,1.1113099073713861,2741,6.848720335531849,ludlow16,,
concentrationTheory,kp10,2.0333177828202462,44,23713737056.616554,0.7736099861864987,,0.4844558710312868,1.133087996962729,1483,6.408632101721358,ludlow16,,
concentrationTheory,kp10,2.0333177828202462,44,42169650342.85822,0.8022318456062333,,0.5045672667004346,1.141385734930732,869,6.015079797419103,ludlow16,,
concentrationTheory,kp10,2.0333177828202462,44,74989420933.24559,0.8027157730645852,,0.5011512809600824,1.1550010318795672,479,5.66385813068887,ludlow16,,
concentrationTheory,kp10,2.0333177828202462,44,133352143216.3324,0.7992147466437068,,0.5057475529964462,1.1611077073891665,312,5.354013605352007,ludlow16,,
concentrationTheory,kp10,2.0333177828202462,44,237137370566.16553,0.8162462793984925,,0.5060833048249695,1.1030585911653856,154,5.079430509088835,ludlow16,,
concentrationTheory,kp10,2.0333177828202462,44,421696503428.5823,0.7902063935442994,,0.491324420631699,1.0773232255855913,84,4.837270045042361,ludlow16,,
concentrationTheory,kp10,2.0333177828202462,44,749894209332.4558,0.8181286548653146,,0.5166370638781058,1.1749855122962172,44,4.62198075529623,ludlow16,,
concentrationTheory,kp10,2.0333177828202462,44,1333521432163.324,0.8364833286911324,,0.5024604330257021,1.189110042870686,28,4.426948196011455,ludlow16,,
concentrationTheory,kp10,2.0333177828202462,44,2371373705661.6553,0.7761190984579666,,0.5116991194865156,1.3148976783429576,19,4.246386295997266,ludlow16,,
concentrationTheory,kp10,2.0333177828202462,44,4216965034285.8223,1.0581077401424543,,0.5931812118811307,1.271342599064963,7,4.075931039674025,ludlow16,,
concentrationTheory,kp10,2.0333177828202462,44,7498942093324.559,0.4715809327755165,,0.4715809327755165,0.4715809327755165,1,3.912538821029122,ludlow16,,
resolution,PL-25-1024,19.40664523021168,24,12057116.789805343,2.0069362139160893,,1.9915887891045239,2.022283638727655,17100,,,1890437.5610873103,94521878.05436552
resolution,PL-25-1024,19.40664523021168,24,17956700.963566124,0.9642683002067013,,0.9536301118754249,0.9749064885379777,8216,,,1890437.5610873103,94521878.05436552
resolution,PL-25-1024,19.40664523021168,24,26325348.017253082,0.5716834092389048,,0.5634922282128172,0.5798745902649924,4871,,,1890437.5610873103,94521878.05436552
resolution,PL-25-1024,19.40664523021168,24,38357049.13916438,0.3113685248841746,,0.3053233887673952,0.31741366100095403,2653,,,1890437.5610873103,94521878.05436552
resolution,PL-25-1024,19.40664523021168,24,55555244.32010202,0.17804223605325778,,0.17347103577361556,0.1826134363329,1517,,,1890437.5610873103,94521878.05436552
resolution,PL-25-1024,19.40664523021168,24,81018600.32508875,0.08837561222683131,,0.08515502588120245,0.09159619857246017,753,,,1890437.5610873103,94521878.05436552
resolution,PL-25-1024,19.40664523021168,24,117128807.1607687,0.04800215856676521,,0.04562860458562408,0.050375712547906334,409,,,1890437.5610873103,94521878.05436552
resolution,PL-25-1024,19.40664523021168,24,174364847.183896,0.019834632757416218,,0.01830889177607651,0.021360373738755926,169,,,1890437.5610873103,94521878.05436552
resolution,PL-25-1024,19.40664523021168,24,259786978.5572007,0.009037081197165968,,0.00800721021442438,0.010066952179907556,77,,,1890437.5610873103,94521878.05436552
resolution,PL-25-1024,19.40664523021168,24,371667385.47244406,0.003520940726168597,,0.0028781078397148766,0.0041637736126223165,30,,,1890437.5610873103,94521878.05436552
resolution,PL-25-1024,19.40664523021168,24,574364225.8205299,0.0021125644357011582,,0.001614628222975218,0.0026105006484270984,18,,,1890437.5610873103,94521878.05436552
resolution,PL-25-1024,19.40664523021168,24,820365557.3801283,0.0005868234543614265,,0.00032438802741274747,0.0008492588813101055,5,,,1890437.5610873103,94521878.05436552
resolution,PL-25-1024,19.40664523021168,24,1161139590.1745996,0.00035209407261685595,,0.00014881246501144256,0.0005553756802222693,3,,,1890437.5610873103,94521878.05436552
resolution,PL-25-1024,14.331814598205613,27,12106475.623401238,22.32252947452704,,22.27134474270919,22.373714206344893,190198,,,1890437.5610873103,94521878.05436552
resolution,PL-25-1024,14.331814598205613,27,18002536.442615733,12.002300112054321,,11.964768175754582,12.03983204835406,102265,,,1890437.5610873103,94521878.05436552
resolution,PL-25-1024,14.331814598205613,27,26410580.217367392,7.718606259906757,,7.688508222800347,7.748704297013167,65766,,,1890437.5610873103,94521878.05436552
resolution,PL-25-1024,14.331814598205613,27,38606197.65639443,4.4164333175241195,,4.3936663824851365,4.4392002525631025,37630,,,1890437.5610873103,94521878.05436552
resolution,PL-25-1024,14.331814598205613,27,55905511.30048959,2.877430126115834,,2.859053273902841,2.895806978328827,24517,,,1890437.5610873103,94521878.05436552
resolution,PL-25-1024,14.331814598205613,27,81556945.44485512,1.778896619551238,,1.7644474101663827,1.793345828936093,15157,,,1890437.5610873103,94521878.05436552
resolution,PL-25-1024,14.331814598205613,27,118953076.72484758,1.086210214023012,,1.0749193891642548,1.0975010388817694,9255,,,1890437.5610873103,94521878.05436552
resolution,PL-25-1024,14.331814598205613,27,175663367.50226346,0.6058365342827368,,0.5974042263207829,0.6142688422446906,5162,,,1890437.5610873103,94521878.05436552
resolution,PL-25-1024,14.331814598205613,27,257024689.0599321,0.32333972335314604,,0.3171794744395004,0.3294999722667917,2755,,,1890437.5610873103,94521878.05436552
resolution,PL-25-1024,14.331814598205613,27,378136943.0771344,0.17804223605325872,,0.17347103577361647,0.18261343633290097,1517,,,1890437.5610873103,94521878.05436552
resolution,PL-25-1024,14.331814598205613,27,554698255.6258922,0.09541749367916898,,0.0920710560733762,0.09876393128496175,813,,,1890437.5610873103,94521878.05436552
resolution,PL-25-1024,14.331814598205613,27,816319588.9014163,0.04847161733025383,,0.046086484968298855,0.05085674969220881,413,,,1890437.5610873103,94521878.05436552
resolution,PL-25-1024,14.331814598205613,27,1182662656.6713438,0.021595103120500496,,0.020003090996773838,0.023187115244227154,184,,,1890437.5610873103,94521878.05436552
resolution,PL-25-1024,14.331814598205613,27,1736200181.383749,0.011736469087228656,,0.01056282217850579,0.012910115995951522,100,,,1890437.5610873103,94521878.05436552
resolution,PL-25-1024,14.331814598205613,27,2538131905.6264777,0.0038730347987854566,,0.0031988259795780365,0.004547243617992877,33,,,1890437.5610873103,94521878.05436552
resolution,PL-25-1024,14.331814598205613,27,3909402603.0487375,0.0024646585083179916,,0.0019268259284806514,0.003002491088155332,21,,,1890437.5610873103,94521878.05436552
resolution,PL-25-1024,14.331814598205613,27,4679101530.671883,0.00011736469087228531,,0.0,0.00023472938174457061,1,,,1890437.5610873103,94521878.05436552
resolution,PL-25-1024,14.331814598205613,27,8570729089.342769,0.00046945876348914627,,0.00023472938174457314,0.0007041881452337194,4,,,1890437.5610873103,94521878.05436552
resolution,PL-25-1024,14.331814598205613,27,12532071006.61327,0.00023472938174457314,,6.875064416925967e-05,0.0004007081193198866,2,,,1890437.5610873103,94521878.05436552
resolution,PL-25-1024,14.331814598205613,27,15296204801.324242,0.00011736469087228531,,0.0,0.00023472938174457061,1,,,1890437.5610873103,94521878.05436552
resolution,PL-25-1024,10.51901923231075,30,12128662.265714463,77.35084262505227,,77.25556273350426,77.44612251660027,659064,,,1890437.5610873103,94521878.05436552
resolution,PL-25-1024,10.51901923231075,30,18009177.448757716,43.61776580984896,,43.54621732558261,43.68931429411531,371643,,,1890437.5610873103,94521878.05436552
resolution,PL-25-1024,10.51901923231075,30,26455015.403558597,28.799534669695884,,28.74139648530925,28.85767285408252,245385,,,1890437.5610873103,94521878.05436552
resolution,PL-25-1024,10.51901923231075,30,38647321.60102246,17.527477664248927,,17.48212232280125,17.572833005696605,149342,,,1890437.5610873103,94521878.05436552
resolution,PL-25-1024,10.51901923231075,30,56066383.18131971,12.316720118901175,,12.27869975528751,12.35474048251484,104944,,,1890437.5610873103,94521878.05436552
resolution,PL-25-1024,10.51901923231075,30,81645281.34481663,8.007910222906942,,7.977253316542397,8.038567129271486,68231,,,1890437.5610873103,94521878.05436552
resolution,PL-25-1024,10.51901923231075,30,119674741.38470747,5.450298879418116,,5.425007128922263,5.475590629913969,46439,,,1890437.5610873103,94521878.05436552
resolution,PL-25-1024,10.51901923231075,30,176161863.9279191,3.365432510762781,,3.3455583328860183,3.385306688639544,28675,,,1890437.5610873103,94521878.05436552
resolution,PL-25-1024,10.51901923231075,30,258119640.78780228,2.1227751638070242,,2.1069910309232838,2.1385592966907647,18087,,,1890437.5610873103,94521878.05436552
resolution,PL-25-1024,10.51901923231075,30,379871153.14844215,1.279861953962285,,1.267605910449553,1.2921179974750172,10905,,,1890437.5610873103,94521878.05436552
resolution,PL-25-1024,10.51901923231075,30,557608071.5322155,0.7801231002280888,,0.770554458396533,0.7896917420596447,6647,,,1890437.5610873103,94521878.05436552
resolution,PL-25-1024,10.51901923231075,30,816753742.1965371,0.456196553420573,,0.44887935672585394,0.4635137501152921,3887,,,1890437.5610873103,94521878.05436552
resolution,PL-25-1024,10.51901923231075,30,1193978340.0786786,0.25456401450198685,,0.24909804460916513,0.26002998439480857,2169,,,1890437.5610873103,94521878.05436552
resolution,PL-25-1024,10.51901923231075,30,1752520752.3639562,0.14459329915465705,,0.14047381522369065,0.14871278308562344,1232,,,1890437.5610873103,94521878.05436552
resolution,PL-25-1024,10.51901923231075,30,2565582665.0333395,0.08274210706496203,,0.07962585902961554,0.08585835510030852,705,,,1890437.5610873103,94521878.05436552
resolution,PL-25-1024,10.51901923231075,30,3789201365.6742096,0.04166446525966128,,0.03945314504640423,0.04387578547291834,355,,,1890437.5610873103,94521878.05436552
resolution,PL-25-1024,10.51901923231075,30,5481704110.086273,0.023355573483584777,,0.021699940776114347,0.025011206191055207,199,,,1890437.5610873103,94521878.05436552
resolution,PL-25-1024,10.51901923231075,30,8250981671.665868,0.011384375014611797,,0.010228466863258888,0.012540283165964705,97,,,1890437.5610873103,94521878.05436552
resolution,PL-25-1024,10.51901923231075,30,12042790238.787785,0.005398775780125182,,0.004602769718261845,0.00619478184198852,46,,,1890437.5610873103,94521878.05436552
resolution,PL-25-1024,10.51901923231075,30,17842265736.7936,0.001525740981339709,,0.0011025765704707037,0.0019489053922087142,13,,,1890437.5610873103,94521878.05436552
resolution,PL-25-1024,10.51901923231075,30,26051088464.25692,0.001525740981339709,,0.0011025765704707037,0.0019489053922087142,13,,,1890437.5610873103,94521878.05436552
resolution,PL-25-1024,10.51901923231075,30,41373708366.926834,0.00046945876348914627,,0.00023472938174457314,0.0007041881452337194,4,,,1890437.5610873103,94521878.05436552
resolution,PL-25-1024,10.51901923231075,30,58243482012.87118,0.00023472938174457314,,6.875064416925967e-05,0.0004007081193198866,2,,,1890437.5610873103,94521878.05436552
resolution,PL-25-1024,3.4410805658271224,40,12128638.14176973,212.07318445389492,,211.9154191099954,212.23094979779444,1806959,,,1890437.5610873103,94521878.05436552
resolution,PL-25-1024,3.4410805658271224,40,18004056.47393376,118.64279235588513,,118.52479034467738,118.76079436709288,1010890,,,1890437.5610873103,94521878.05436552
resolution,PL-25-1024,3.4410805658271224,40,26452240.523992155,77.83872764500835,,77.74314774017502,77.93430754984168,663221,,,1890437.5610873103,94521878.05436552
resolution,PL-25-1024,3.4410805658271224,40,38693759.454471834,47.937490622094316,,47.86248283071198,48.01249841347665,408449,,,1890437.5610873103,94521878.05436552
resolution,PL-25-1024,3.4410805658271224,40,56153817.52217777,34.78255188098328,,34.718659444425725,34.84644431754083,296363,,,1890437.5610873103,94521878.05436552
resolution,PL-25-1024,3.4410805658271224,40,81874133.11780204,24.191444811977323,,24.138160466789344,24.244729157165303,206122,,,1890437.5610873103,94521878.05436552
resolution,PL-25-1024,3.4410805658271224,40,120018971.4390748,17.908678180202205,,17.862832280946648,17.954524079457762,152590,,,1890437.5610873103,94521878.05436552
resolution,PL-25-1024,3.4410805658271224,40,176740079.98113748,12.269891607243068,,12.231943589699057,12.307839624787078,104545,,,1890437.5610873103,94521878.05436552
resolution,PL-25-1024,3.4410805658271224,40,259614653.7643623,8.766555584705351,,8.734479361638824,8.798631807771878,74695,,,1890437.5610873103,94521878.05436552
resolution,PL-25-1024,3.4410805658271224,40,381536237.594003,5.97409749478113,,5.9476182934012565,6.000576696161004,50902,,,1890437.5610873103,94521878.05436552
resolution,PL-25-1024,3.4410805658271224,40,559359158.203586,4.229354000273719,,4.207074484461395,4.251633516086042,36036,,,1890437.5610873103,94521878.05436552
resolution,PL-25-1024,3.4410805658271224,40,821811618.5800495,2.9401028710416193,,2.921526965556488,2.9586787765267504,25051,,,1890437.5610873103,94521878.05436552
resolution,PL-25-1024,3.4410805658271224,40,1204753685.1380136,2.024775646928666,,2.0093601622496977,2.0401911316076347,17252,,,1890437.5610873103,94521878.05436552
resolution,PL-25-1024,3.4410805658271224,40,1766145410.371253,1.3991044798885282,,1.3862902118727518,1.4119187479043045,11921,,,1890437.5610873103,94521878.05436552
resolution,PL-25-1024,3.4410805658271224,40,2590340550.4144664,0.9592216184991981,,0.9486113051799236,0.9698319318184725,8173,,,1890437.5610873103,94521878.05436552
resolution,PL-25-1024,3.4410805658271224,40,3812015503.032125,0.6708565730259829,,0.6619833056281843,0.6797298404237815,5716,,,1890437.5610873103,94521878.05436552
resolution,PL-25-1024,3.4410805658271224,40,5589921371.129108,0.4538492596031273,,0.4465509119780866,0.46114760722816794,3867,,,1890437.5610873103,94521878.05436552
resolution,PL-25-1024,3.4410805658271224,40,8219726723.868859,0.312894265865516,,0.3068343369229444,0.3189541948080876,2666,,,1890437.5610873103,94521878.05436552
resolution,PL-25-1024,3.4410805658271224,40,11989024088.009304,0.2062097618626075,,0.20129023495894566,0.21112928876626935,1757,,,1890437.5610873103,94521878.05436552
resolution,PL-25-1024,3.4410805658271224,40,17727791964.948696,0.14283282879157122,,0.13873849968932053,0.1469271578938219,1217,,,1890437.5610873103,94521878.05436552
resolution,PL-25-1024,3.4410805658271224,40,25860925883.421116,0.09647377589701853,,0.09310886655419283,0.09983868523984422,822,,,1890437.5610873103,94521878.05436552
resolution,PL-25-1024,3.4410805658271224,40,37894205978.113815,0.06748469725156478,,0.06467039083051895,0.0702990036726106,575,,,1890437.5610873103,94521878.05436552
resolution,PL-25-1024,3.4410805658271224,40,56009762451.01242,0.04142973587791716,,0.03922465353382381,0.043634818222010506,353,,,1890437.5610873103,94521878.05436552
resolution,PL-25-1024,3.4410805658271224,40,81234628254.40244,0.02981063148156047,,0.027940146103766522,0.031681116859354416,254,,,1890437.5610873103,94521878.05436552
resolution,PL-25-1024,3.4410805658271224,40,120847481847.30884,0.01830889177607651,,0.016843007256916374,0.019774776295236645,156,,,1890437.5610873103,94521878.05436552
resolution,PL-25-1024,3.4410805658271224,40,175604939712.1726,0.010445457487633505,,0.009338241208374697,0.011552673766892313,89,,,1890437.5610873103,94521878.05436552
resolution,PL-25-1024,3.4410805658271224,40,264748643125.5269,0.007980798979315487,,0.007012984944946682,0.008948613013684293,68,,,1890437.5610873103,94521878.05436552
resolution,PL-25-1024,3.4410805658271224,40,376495369612.7184,0.0039903994896577,,0.0033060516230280154,0.004674747356287385,34,,,1890437.5610873103,94521878.05436552
resolution,PL-25-1024,3.4410805658271224,40,544530360945.4344,0.0031688466535517035,,0.002559001830735463,0.003778691476367944,27,,,1890437.5610873103,94521878.05436552
resolution,PL-25-1024,3.4410805658271224,40,790465061467.3561,0.0022299291265734447,,0.001718348299521257,0.0027415099536256325,19,,,1890437.5610873103,94521878.05436552
resolution,PL-25-1024,3.4410805658271224,40,1157604759419.7869,0.000821552836106006,,0.0005110350513579634,0.0011320706208540485,7,,,1890437.5610873103,94521878.05436552
resolution,PL-25-1024,3.4410805658271224,40,1705707001154.1501,0.0010562822178505678,,0.0007041881452337119,0.0014083762904674238,9,,,1890437.5610873103,94521878.05436552
resolution,PL-25-1024,2.0333177828202462,44,12127813.390903458,217.51057321731707,,217.35079818426402,217.67034825037013,1853288,,,1890437.5610873103,94521878.05436552
resolution,PL-25-1024,2.0333177828202462,44,17999835.905280184,121.56552525267767,,121.44607861064866,121.68497189470669,1035793,,,1890437.5610873103,94521878.05436552
resolution,PL-25-1024,2.0333177828202462,44,26441501.69198842,79.04359356150324,,78.9472767565117,79.13991036649479,673487,,,1890437.5610873103,94521878.05436552
resolution,PL-25-1024,2.0333177828202462,44,38667362.089740135,47.975282052555194,,47.90024470087212,48.050319404238266,408771,,,1890437.5610873103,94521878.05436552
resolution,PL-25-1024,2.0333177828202462,44,56093475.43965003,34.20464814312814,,34.1412887085054,34.26800757775088,291439,,,1890437.5610873103,94521878.05436552
resolution,PL-25-1024,2.0333177828202462,44,81869082.28360818,23.52903849669414,,23.476488726669082,23.5815882667192,200478,,,1890437.5610873103,94521878.05436552
resolution,PL-25-1024,2.0333177828202462,44,119945728.41219889,17.39309509320025,,17.347913955222932,17.43827623117757,148197,,,1890437.5610873103,94521878.05436552
resolution,PL-25-1024,2.0333177828202462,44,176726513.4716884,11.817450723930408,,11.780208926832087,11.85469252102873,100690,,,1890437.5610873103,94521878.05436552
resolution,PL-25-1024,2.0333177828202462,44,259569271.9148427,8.474904327887723,,8.443366183893271,8.506442471882174,72210,,,1890437.5610873103,94521878.05436552
resolution,PL-25-1024,2.0333177828202462,44,381353073.8553924,5.8550896982366325,,5.828875564787993,5.881303831685272,49888,,,1890437.5610873103,94521878.05436552
resolution,PL-25-1024,2.0333177828202462,44,559812230.3140458,4.172080031128043,,4.149951884275046,4.194208177981039,35548,,,1890437.5610873103,94521878.05436552
resolution,PL-25-1024,2.0333177828202462,44,821272750.3995078,2.871679256263077,,2.8533207773447224,2.8900377351814313,24468,,,1890437.5610873103,94521878.05436552
resolution,PL-25-1024,2.0333177828202462,44,1204969652.069447,2.018203224239818,,2.0028127792322703,2.0335936692473657,17196,,,1890437.5610873103,94521878.05436552
resolution,PL-25-1024,2.0333177828202462,44,1768526967.130835,1.4067331847952267,,1.3938840289718553,1.4195823406185981,11986,,,1890437.5610873103,94521878.05436552
resolution,PL-25-1024,2.0333177828202462,44,2596822356.41441,1.001825001285838,,0.9909816216658099,1.012668380905866,8536,,,1890437.5610873103,94521878.05436552
resolution,PL-25-1024,2.0333177828202462,44,3802681553.488506,0.7007845691984156,,0.6917155359350495,0.7098536024617816,5971,,,1890437.5610873103,94521878.05436552
resolution,PL-25-1024,2.0333177828202462,44,5596810980.526231,0.48530299675689975,,0.477755981704989,0.4928500118088105,4135,,,1890437.5610873103,94521878.05436552
resolution,PL-25-1024,2.0333177828202462,44,8197416933.9783745,0.3286211344424024,,0.3224107787474415,0.33483149013736324,2800,,,1890437.5610873103,94521878.05436552
resolution,PL-25-1024,2.0333177828202462,44,12039428323.73035,0.24247545134214404,,0.23714084204146524,0.24781006064282285,2066,,,1890437.5610873103,94521878.05436552
resolution,PL-25-1024,2.0333177828202462,44,17548231402.508636,0.1646626612938163,,0.16026657413124132,0.16905874845639127,1403,,,1890437.5610873103,94521878.05436552
resolution,PL-25-1024,2.0333177828202462,44,26157161762.907024,0.11337429138262761,,0.1097265333504952,0.11702204941476002,966,,,1890437.5610873103,94521878.05436552
resolution,PL-25-1024,2.0333177828202462,44,38367360737.64208,0.07793015473919827,,0.07490587821073805,0.0809544312676585,664,,,1890437.5610873103,94521878.05436552
resolution,PL-25-1024,2.0333177828202462,44,55772337723.71957,0.057156604454803556,,0.054566591479324945,0.059746617430282166,487,,,1890437.5610873103,94521878.05436552
resolution,PL-25-1024,2.0333177828202462,44,82096448533.51425,0.035209407261685595,,0.03317659118563146,0.03724222333773973,300,,,1890437.5610873103,94521878.05436552
resolution,PL-25-1024,2.0333177828202462,44,118104888825.70146,0.025585502610158198,,0.023852633715909916,0.02731837150440648,218,,,1890437.5610873103,94521878.05436552
resolution,PL-25-1024,2.0333177828202462,44,174990442697.32916,0.021125644357011582,,0.01955103179531949,0.022700256918703674,180,,,1890437.5610873103,94521878.05436552
resolution,PL-25-1024,2.0333177828202462,44,260136557385.82278,0.01267538661420695,,0.011455696968574456,0.013895076259839443,108,,,1890437.5610873103,94521878.05436552
resolution,PL-25-1024,2.0333177828202462,44,377080151493.36487,0.008098163670187687,,0.007123259328323958,0.009073068012051416,69,,,1890437.5610873103,94521878.05436552
resolution,PL-25-1024,2.0333177828202462,44,556177439469.8805,0.005046681707508268,,0.004277069962189549,0.005816293452826987,43,,,1890437.5610873103,94521878.05436552
resolution,PL-25-1024,2.0333177828202462,44,811159454500.7452,0.0031688466535517374,,0.002559001830735491,0.003778691476367984,27,,,1890437.5610873103,94521878.05436552
resolution,PL-25-1024,2.0333177828202462,44,1198373532105.7793,0.003286211344424024,,0.0026651757749279388,0.003907246913920109,28,,,1890437.5610873103,94521878.05436552
resolution,PL-25-1024,2.0333177828202462,44,1696274277300.5999,0.0014083762904674238,,0.001001813075256597,0.0018149395056782506,12,,,1890437.5610873103,94521878.05436552
resolution,PL-25-1024,2.0333177828202462,44,2604533781408.8164,0.0017604703630842797,,0.001305918869903137,0.0022150218562654225,15,,,1890437.5610873103,94521878.05436552
resolution,PL-25-1024,2.0333177828202462,44,3594553274790.5767,0.000821552836106006,,0.0005110350513579634,0.0011320706208540485,7,,,1890437.5610873103,94521878.05436552
resolution,PL-25-1024,2.0333177828202462,44,5940851018421.244,0.00011736469087228657,,0.0,0.00023472938174457314,1,,,1890437.5610873103,94521878.05436552
resolution,PL-25-1024,2.0333177828202462,44,8280486597611.449,0.00023472938174457061,,6.875064416925891e-05,0.0004007081193198823,2,,,1890437.5610873103,94521878.05436552
resolution,PL-25-1024,1.0717968600643704,48,12132753.589251045,211.00669150793846,,210.84932335639306,211.16405965948385,1797872,,,1890437.5610873103,94521878.05436552
resolution,PL-25-1024,1.0717968600643704,48,17999254.080010023,118.45219209790854,,118.3342849102196,118.57009928559748,1009266,,,1890437.5610873103,94521878.05436552
resolution,PL-25-1024,1.0717968600643704,48,26440899.048783742,76.71132242448917,,76.61643722731515,76.80620762166319,653615,,,1890437.5610873103,94521878.05436552
resolution,PL-25-1024,1.0717968600643704,48,38659307.6281974,45.97104522652917,,45.89759199302589,46.04449846003245,391694,,,1890437.5610873103,94521878.05436552
resolution,PL-25-1024,1.0717968600643704,48,56071071.41451867,32.37293741268437,,32.31129781670851,32.434577008660234,275832,,,1890437.5610873103,94521878.05436552
resolution,PL-25-1024,1.0717968600643704,48,81868763.31788751,21.696858307486885,,21.646395994141596,21.747320620832173,184867,,,1890437.5610873103,94521878.05436552
resolution,PL-25-1024,1.0717968600643704,48,119967945.43835932,15.881085780692585,,15.837913118933466,15.924258442451704,135314,,,1890437.5610873103,94521878.05436552
resolution,PL-25-1024,1.0717968600643704,48,176644384.05271995,10.76210742360682,,10.726567426267119,10.79764742094652,91698,,,1890437.5610873103,94521878.05436552
resolution,PL-25-1024,1.0717968600643704,48,259449229.28838214,7.7336289403383685,,7.703501627648655,7.763756253028082,65894,,,1890437.5610873103,94521878.05436552
resolution,PL-25-1024,1.0717968600643704,48,381277951.46177894,5.327300683383959,,5.3022959438754365,5.352305422892482,45391,,,1890437.5610873103,94521878.05436552
resolution,PL-25-1024,1.0717968600643704,48,559505193.5602556,3.8078973953513375,,3.7867570854983863,3.8290377052042888,32445,,,1890437.5610873103,94521878.05436552
resolution,PL-25-1024,1.0717968600643704,48,822089290.1262566,2.6919939145376084,,2.6742190718207297,2.709768757254487,22937,,,1890437.5610873103,94521878.05436552
resolution,PL-25-1024,1.0717968600643704,48,1207030100.760843,1.8574135977447874,,1.8426489517036087,1.8721782437859662,15826,,,1890437.5610873103,94521878.05436552
resolution,PL-25-1024,1.0717968600643704,48,1766111075.382764,1.2994618573379568,,1.287112325395944,1.3118113892799697,11072,,,1890437.5610873103,94521878.05436552
resolution,PL-25-1024,1.0717968600643704,48,2598416376.2990155,0.9321103749076999,,0.9216510801891304,0.9425696696262693,7942,,,1890437.5610873103,94521878.05436552
resolution,PL-25-1024,1.0717968600643704,48,3824111124.0581756,0.6547776103764797,,0.6460113242853275,0.663543896467632,5579,,,1890437.5610873103,94521878.05436552
resolution,PL-25-1024,1.0717968600643704,48,5582663279.419897,0.4544360830574887,,0.44713301860417504,0.4617391475108024,3872,,,1890437.5610873103,94521878.05436552
resolution,PL-25-1024,1.0717968600643704,48,8216836972.596935,0.3164152065916846,,0.31032127740692017,0.322509135776449,2696,,,1890437.5610873103,94521878.05436552
resolution,PL-25-1024,1.0717968600643704,48,12088428480.960361,0.23038688818229852,,0.22518695684500728,0.23558681951958976,1963,,,1890437.5610873103,94521878.05436552
resolution,PL-25-1024,1.0717968600643704,48,17688732655.195175,0.15914652082281888,,0.15482469456303358,0.1634683470826042,1356,,,1890437.5610873103,94521878.05436552
resolution,PL-25-1024,1.0717968600643704,48,26047252770.778862,0.11396111483698904,,0.11030392862156273,0.11761830105241534,971,,,1890437.5610873103,94521878.05436552
resolution,PL-25-1024,1.0717968600643704,48,38123316400.64757,0.07922116633879343,,0.0761719422247122,0.08227039045287467,675,,,1890437.5610873103,94521878.05436552
resolution,PL-25-1024,1.0717968600643704,48,56253719515.39017,0.05433985187386868,,0.051814464791217305,0.056865238956520056,463,,,1890437.5610873103,94521878.05436552
resolution,PL-25-1024,1.0717968600643704,48,81072904271.77228,0.03708724231564216,,0.035000921935240126,0.03917356269604419,316,,,1890437.5610873103,94521878.05436552
resolution,PL-25-1024,1.0717968600643704,48,120574479176.88945,0.027932796427603903,,0.02612218216224416,0.029743410692963646,238,,,1890437.5610873103,94521878.05436552
resolution,PL-25-1024,1.0717968600643704,48,179107381229.63467,0.01983463275741643,,0.018308891776076704,0.021360373738756155,169,,,1890437.5610873103,94521878.05436552
resolution,PL-25-1024,1.0717968600643704,48,261430767802.31183,0.013496939450312955,,0.012238343356918435,0.014755535543707475,115,,,1890437.5610873103,94521878.05436552
resolution,PL-25-1024,1.0717968600643704,48,375938326142.8964,0.008684987124549112,,0.007675377878799805,0.00969459637029842,74,,,1890437.5610873103,94521878.05436552
resolution,PL-25-1024,1.0717968600643704,48,563903213264.9637,0.007276610834081689,,0.006352480334022353,0.008200741334141027,62,,,1890437.5610873103,94521878.05436552
resolution,PL-25-1024,1.0717968600643704,48,815738556802.637,0.0044598582531468894,,0.003736373709279641,0.0051833427970141375,38,,,1890437.5610873103,94521878.05436552
resolution,PL-25-1024,1.0717968600643704,48,1209061921661.1138,0.0039903994896577435,,0.003306051623028051,0.004674747356287436,34,,,1890437.5610873103,94521878.05436552
resolution,PL-25-1024,1.0717968600643704,48,1805865821055.645,0.0024646585083179916,,0.0019268259284806514,0.003002491088155332,21,,,1890437.5610873103,94521878.05436552
resolution,PL-25-1024,1.0717968600643704,48,2640845833903.6787,0.001525740981339709,,0.0011025765704707037,0.0019489053922087142,13,,,1890437.5610873103,94521878.05436552
resolution,PL-25-1024,1.0717968600643704,48,3745413391324.5615,0.0012910115995951523,,0.0009017569563357286,0.001680266242854576,11,,,1890437.5610873103,94521878.05436552
resolution,PL-25-1024,1.0717968600643704,48,5663490784854.031,0.0005868234543614328,,0.00032438802741275094,0.0008492588813101146,5,,,1890437.5610873103,94521878.05436552
resolution,PL-25-1024,1.0717968600643704,48,7877853459181.528,0.0010562822178505678,,0.0007041881452337119,0.0014083762904674238,9,,,1890437.5610873103,94521878.05436552
resolution,PL-25-1024,1.0717968600643704,48,10754894875269.81,0.00023472938174457061,,6.875064416925891e-05,0.0004007081193198823,2,,,1890437.5610873103,94521878.05436552
resolution,PL-25-1024,1.0717968600643704,48,18664082413894.344,0.00023472938174457314,,6.875064416925967e-05,0.0004007081193198866,2,,,1890437.5610873103,94521878.05436552
resolution,PL-25-512,19.40664523021168,24,10291422.443974603,9.193880424171391,,9.161031726573166,9.226729121769617,78336,,,15123500.488698483,756175024.4349241
resolution,PL-25-512,19.40664523021168,24,21901164.17065432,0.5376476488859419,,0.5297040445334008,0.5455912532384829,4581,,,15123500.488698483,756175024.4349241
resolution,PL-25-512,19.40664523021168,24,34162458.2159424,0.23754613432550672,,0.23226602744940852,0.24282624120160493,2024,,,15123500.488698483,756175024.4349241
resolution,PL-25-512,19.40664523021168,24,51623254.17120342,0.10644977462116334,,0.10291516786908507,0.10998438137324161,907,,,15123500.488698483,756175024.4349241
resolution,PL-25-512,19.40664523021168,24,82244333.28887746,0.04272074747751208,,0.04048157188780698,0.04495992306721718,364,,,15123500.488698483,756175024.4349241
resolution,PL-25-512,19.40664523021168,24,124347954.68748711,0.015609503886014113,,0.01425598824212528,0.016963019529902947,133,,,15123500.488698483,756175024.4349241
resolution,PL-25-512,19.40664523021168,24,176811401.63836694,0.008450257742804543,,0.007454385317352673,0.009446130168256413,72,,,15123500.488698483,756175024.4349241
resolution,PL-25-512,19.40664523021168,24,252403736.62874815,0.0039903994896577,,0.0033060516230280154,0.004674747356287385,34,,,15123500.488698483,756175024.4349241
resolution,PL-25-512,19.40664523021168,24,386203406.15701467,0.0017604703630842984,,0.001305918869903151,0.002215021856265446,15,,,15123500.488698483,756175024.4349241
resolution,PL-25-512,19.40664523021168,24,536000976.6004402,0.0011736469087228656,,0.000802507168684866,0.0015447866487608652,10,,,15123500.488698483,756175024.4349241
resolution,PL-25-512,19.40664523021168,24,756675601.6892699,0.00046945876348914123,,0.00023472938174457061,0.0007041881452337119,4,,,15123500.488698483,756175024.4349241
resolution,PL-25-512,19.40664523021168,24,1357978697.733155,0.00011736469087228531,,0.0,0.00023472938174457061,1,,,15123500.488698483,756175024.4349241
resolution,PL-25-512,14.331814598205613,27,10291422.443973614,92.40333368818642,,92.29919489285115,92.5074724835217,787318,,,15123500.488698483,756175024.4349241
resolution,PL-25-512,14.331814598205613,27,21901164.170622878,10.35567349911615,,10.320811049130556,10.390535949101745,88235,,,15123500.488698483,756175024.4349241
resolution,PL-25-512,14.331814598205613,27,34162458.21591263,4.4326296448644955,,4.409821001590052,4.455438288138939,37768,,,15123500.488698483,756175024.4349241
resolution,PL-25-512,14.331814598205613,27,51579499.288189255,2.7887024198163863,,2.7706111181098603,2.8067937215229124,23761,,,15123500.488698483,756175024.4349241
resolution,PL-25-512,14.331814598205613,27,83119188.27117185,1.2685949436385386,,1.256392966200341,1.2807969210767363,10809,,,15123500.488698483,756175024.4349241
resolution,PL-25-512,14.331814598205613,27,124395682.27929592,0.5090106643131068,,0.501281506579705,0.5167398220465086,4337,,,15123500.488698483,756175024.4349241
resolution,PL-25-512,14.331814598205613,27,178121302.79580456,0.3581970365422148,,0.3517132348437399,0.3646808382406897,3052,,,15123500.488698483,756175024.4349241
resolution,PL-25-512,14.331814598205613,27,260155229.8691297,0.20163253891858615,,0.1967679175972525,0.2064971602399198,1718,,,15123500.488698483,756175024.4349241
resolution,PL-25-512,14.331814598205613,27,374715024.4779337,0.11583894989094684,,0.11215175549073937,0.11952614429115431,987,,,15123500.488698483,756175024.4349241
resolution,PL-25-512,14.331814598205613,27,552524461.0373994,0.07206192019558395,,0.0691537377756835,0.07497010261548441,614,,,15123500.488698483,756175024.4349241
resolution,PL-25-512,14.331814598205613,27,809108380.7237728,0.03732197169738673,,0.03522905945101614,0.03941488394375731,318,,,15123500.488698483,756175024.4349241
resolution,PL-25-512,14.331814598205613,27,1212049379.619695,0.0167831507947368,,0.01537967321925252,0.018186628370221083,143,,,15123500.488698483,756175024.4349241
resolution,PL-25-512,14.331814598205613,27,1765610941.0548906,0.008332893051932347,,0.007343960588559915,0.009321825515304777,71,,,15123500.488698483,756175024.4349241
resolution,PL-25-512,14.331814598205613,27,2555212292.566612,0.0028167525809348775,,0.0022417853680217086,0.0033917197938480464,24,,,15123500.488698483,756175024.4349241
resolution,PL-25-512,14.331814598205613,27,3789784967.019347,0.0012910115995951384,,0.0009017569563357188,0.001680266242854558,11,,,15123500.488698483,756175024.4349241
resolution,PL-25-512,14.331814598205613,27,5117919828.510161,0.0005868234543614265,,0.00032438802741274747,0.0008492588813101055,5,,,15123500.488698483,756175024.4349241
resolution,PL-25-512,14.331814598205613,27,8285261839.270505,0.0005868234543614328,,0.00032438802741275094,0.0008492588813101146,5,,,15123500.488698483,756175024.4349241
resolution,PL-25-512,14.331814598205613,27,11969661083.4707,0.00011736469087228657,,0.0,0.00023472938174457314,1,,,15123500.488698483,756175024.4349241
resolution,PL-25-512,14.331814598205613,27,15935878740.720718,0.00011736469087228531,,0.0,0.00023472938174457061,1,,,15123500.488698483,756175024.4349241
resolution,PL-25-512,10.51901923231075,30,10291422.443973614,300.6293035752878,,300.4414651732469,300.8171419773287,2561497,,,15123500.488698483,756175024.4349241
resolution,PL-25-512,10.51901923231075,30,21901164.170623638,49.50067093982229,,49.42445000475309,49.576891874891494,421768,,,15123500.488698483,756175024.4349241
resolution,PL-25-512,10.51901923231075,30,34162458.215880215,20.7740197431581,,20.724642254306087,20.823397232010112,177004,,,15123500.488698483,756175024.4349241
resolution,PL-25-512,10.51901923231075,30,51632962.25030823,15.404350406369273,,15.361830683609924,15.446870129128623,131252,,,15123500.488698483,756175024.4349241
resolution,PL-25-512,10.51901923231075,30,83264232.57285964,7.748651620770062,,7.718495060917374,7.778808180622749,66022,,,15123500.488698483,756175024.4349241
resolution,PL-25-512,10.51901923231075,30,124702251.66623779,3.2424343147286607,,3.2229266931149985,3.261941936342323,27627,,,15123500.488698483,756175024.4349241
resolution,PL-25-512,10.51901923231075,30,177675554.5949623,2.4774512596230704,,2.4603994180440263,2.4945031012021146,21109,,,15123500.488698483,756175024.4349241
resolution,PL-25-512,10.51901923231075,30,259979194.5472947,1.5205769349413285,,1.5072179663465262,1.5339359035361309,12956,,,15123500.488698483,756175024.4349241
resolution,PL-25-512,10.51901923231075,30,378687295.9002644,0.9703712641320653,,0.9596994637475843,0.9810430645165463,8268,,,15123500.488698483,756175024.4349241
resolution,PL-25-512,10.51901923231075,30,552804098.7904894,0.6628757740466745,,0.6540554446703011,0.671696103423048,5648,,,15123500.488698483,756175024.4349241
resolution,PL-25-512,10.51901923231075,30,816278634.1285882,0.3992746783475146,,0.39242918718928593,0.4061201695057433,3402,,,15123500.488698483,756175024.4349241
resolution,PL-25-512,10.51901923231075,30,1202778348.8543096,0.22170190105774695,,0.2166009232021353,0.2268028789133586,1889,,,15123500.488698483,756175024.4349241
resolution,PL-25-512,10.51901923231075,30,1761521250.7113442,0.12781014835992008,,0.12393711356113463,0.13168318315870553,1089,,,15123500.488698483,756175024.4349241
resolution,PL-25-512,10.51901923231075,30,2592905288.157054,0.07663914313960313,,0.07364002171103501,0.07963826456817125,653,,,15123500.488698483,756175024.4349241
resolution,PL-25-512,10.51901923231075,30,3804890355.5724654,0.03826088922436501,,0.03614181455925376,0.04037996388947626,326,,,15123500.488698483,756175024.4349241
resolution,PL-25-512,10.51901923231075,30,5497753356.766542,0.020069362139160787,,0.01853461965800424,0.021604104620317335,171,,,15123500.488698483,756175024.4349241
resolution,PL-25-512,10.51901923231075,30,8032061958.783157,0.010562822178505791,,0.009449402958391792,0.01167624139861979,90,,,15123500.488698483,756175024.4349241
resolution,PL-25-512,10.51901923231075,30,11923315332.198208,0.005398775780125182,,0.004602769718261845,0.00619478184198852,46,,,15123500.488698483,756175024.4349241
resolution,PL-25-512,10.51901923231075,30,18618325121.864193,0.001525740981339709,,0.0011025765704707037,0.0019489053922087142,13,,,15123500.488698483,756175024.4349241
resolution,PL-25-512,10.51901923231075,30,25530954259.428787,0.0010562822178505678,,0.0007041881452337119,0.0014083762904674238,9,,,15123500.488698483,756175024.4349241
resolution,PL-25-512,10.51901923231075,30,41562110910.24114,0.00046945876348914627,,0.00023472938174457314,0.0007041881452337194,4,,,15123500.488698483,756175024.4349241
resolution,PL-25-512,10.51901923231075,30,57316999298.87495,0.00023472938174457314,,6.875064416925967e-05,0.0004007081193198866,2,,,15123500.488698483,756175024.4349241
resolution,PL-25-512,3.4410805658271224,40,10291422.443973571,774.6591870445253,,774.3576615298191,774.9607125592315,6600445,,,15123500.488698483,756175024.4349241
resolution,PL-25-512,3.4410805658271224,40,21901164.17062476,200.21805966419444,,200.06476735949673,200.37135196889216,1705948,,,15123500.488698483,756175024.4349241
resolution,PL-25-512,3.4410805658271224,40,34162458.2158842,84.00882417354617,,83.90952830414733,84.10812004294502,715793,,,15123500.488698483,756175024.4349241
resolution,PL-25-512,3.4410805658271224,40,51679086.82701541,69.90804338869538,,69.81746339144543,69.99862338594532,595648,,,15123500.488698483,756175024.4349241
resolution,PL-25-512,3.4410805658271224,40,83302928.65883711,36.779512096175225,,36.71381113676365,36.8452130555868,313378,,,15123500.488698483,756175024.4349241
resolution,PL-25-512,3.4410805658271224,40,124853030.32083368,15.447188518537741,,15.404609715063193,15.48976732201229,131617,,,15123500.488698483,756175024.4349241
resolution,PL-25-512,3.4410805658271224,40,177753333.90194336,11.941974660945903,,11.904537164174796,11.97941215771701,101751,,,15123500.488698483,756175024.4349241
resolution,PL-25-512,3.4410805658271224,40,260727085.06548822,7.728230164558243,,7.698113369505428,7.758346959611059,65848,,,15123500.488698483,756175024.4349241
resolution,PL-25-512,3.4410805658271224,40,379494038.3078204,5.323427648585174,,5.298432000156754,5.348423297013594,45358,,,15123500.488698483,756175024.4349241
resolution,PL-25-512,3.4410805658271224,40,554804463.4818842,3.939228484437426,,3.91772670931649,3.960730259558362,33564,,,15123500.488698483,756175024.4349241
resolution,PL-25-512,3.4410805658271224,40,818920728.6415641,2.814992110571763,,2.7968157336262554,2.8331684875172707,23985,,,15123500.488698483,756175024.4349241
resolution,PL-25-512,3.4410805658271224,40,1205156014.7326412,1.95717358498623,,1.9420176266600366,1.9723295433124233,16676,,,15123500.488698483,756175024.4349241
resolution,PL-25-512,3.4410805658271224,40,1769981020.3531227,1.3616651435002687,,1.3490234897857234,1.374306797214814,11602,,,15123500.488698483,756175024.4349241
resolution,PL-25-512,3.4410805658271224,40,2589271805.916966,0.9472504200302249,,0.9367065235623392,0.9577943164981105,8071,,,15123500.488698483,756175024.4349241
resolution,PL-25-512,3.4410805658271224,40,3806676425.061878,0.6768421722604694,,0.6679294076884258,0.685754936832513,5767,,,15123500.488698483,756175024.4349241
resolution,PL-25-512,3.4410805658271224,40,5580567986.264703,0.4608911410554644,,0.4535363911415823,0.46824589096934655,3927,,,15123500.488698483,756175024.4349241
resolution,PL-25-512,3.4410805658271224,40,8188536207.179869,0.3083170429214968,,0.3023016015882995,0.3143324842546941,2627,,,15123500.488698483,756175024.4349241
resolution,PL-25-512,3.4410805658271224,40,11987537561.69111,0.2132516433149447,,0.20824882279091372,0.21825446383897568,1817,,,15123500.488698483,756175024.4349241
resolution,PL-25-512,3.4410805658271224,40,17763474071.54023,0.1414244525011038,,0.13735035908666493,0.14549854591554268,1205,,,15123500.488698483,756175024.4349241
resolution,PL-25-512,3.4410805658271224,40,25793495857.77567,0.09823424626010281,,0.09483877398877016,0.10162971853143546,837,,,15123500.488698483,756175024.4349241
resolution,PL-25-512,3.4410805658271224,40,38046192412.21777,0.06947989699639365,,0.06662429082032173,0.07233550317246557,592,,,15123500.488698483,756175024.4349241
resolution,PL-25-512,3.4410805658271224,40,55803877909.21005,0.0410776418053003,,0.03888194949255664,0.04327333411804395,350,,,15123500.488698483,756175024.4349241
resolution,PL-25-512,3.4410805658271224,40,80788626945.7536,0.03110164308115561,,0.029191084334128974,0.03301220182818224,265,,,15123500.488698483,756175024.4349241
resolution,PL-25-512,3.4410805658271224,40,120757722554.82213,0.018660985848693364,,0.017181073406856352,0.020140898290530375,159,,,15123500.488698483,756175024.4349241
resolution,PL-25-512,3.4410805658271224,40,175976844873.74765,0.010797551560250364,,0.009671828991832035,0.011923274128668693,92,,,15123500.488698483,756175024.4349241
resolution,PL-25-512,3.4410805658271224,40,266290027138.92377,0.008098163670187774,,0.0071232593283240345,0.009073068012051513,69,,,15123500.488698483,756175024.4349241
resolution,PL-25-512,3.4410805658271224,40,375702643812.1978,0.004225128871402271,,0.0035209407261685595,0.004929317016635983,36,,,15123500.488698483,756175024.4349241
resolution,PL-25-512,3.4410805658271224,40,547491251957.18933,0.0029341172718071328,,0.002347293817445706,0.0035209407261685595,25,,,15123500.488698483,756175024.4349241
resolution,PL-25-512,3.4410805658271224,40,804185365356.7047,0.0022299291265734447,,0.001718348299521257,0.0027415099536256325,19,,,15123500.488698483,756175024.4349241
resolution,PL-25-512,3.4410805658271224,40,1134654665173.0159,0.0009389175269782925,,0.0006069600518276656,0.0012708750021289195,8,,,15123500.488698483,756175024.4349241
resolution,PL-25-512,3.4410805658271224,40,1749595862843.7632,0.0009389175269782825,,0.0006069600518276591,0.0012708750021289059,8,,,15123500.488698483,756175024.4349241
resolution,PL-25-512,2.0333177828202462,44,10291422.443973571,767.0832962487193,,766.7832487625817,767.3833437348569,6535895,,,15123500.488698483,756175024.4349241
resolution,PL-25-512,2.0333177828202462,44,21901164.170624938,208.96970993315907,,208.81310321105565,209.12631665526249,1780516,,,15123500.488698483,756175024.4349241
resolution,PL-25-512,2.0333177828202462,44,34162458.21588511,87.61145072456186,,87.510048107085,87.71285334203873,746489,,,15123500.488698483,756175024.4349241
resolution,PL-25-512,2.0333177828202462,44,51671537.21955259,73.18932541610275,,73.09664401261418,73.28200681959132,623606,,,15123500.488698483,756175024.4349241
resolution,PL-25-512,2.0333177828202462,44,83223309.14592087,38.87376764010029,,38.806222042744714,38.941313237455866,331222,,,15123500.488698483,756175024.4349241
resolution,PL-25-512,2.0333177828202462,44,124794224.84716383,16.11968819723594,,16.0761924247721,16.163183969699784,137347,,,15123500.488698483,756175024.4349241
resolution,PL-25-512,2.0333177828202462,44,177765509.6625446,12.549806394973468,,12.511427961601935,12.588184828345,106930,,,15123500.488698483,756175024.4349241
resolution,PL-25-512,2.0333177828202462,44,260285963.4362779,8.021172432975467,,7.990490151068323,8.05185471488261,68344,,,15123500.488698483,756175024.4349241
resolution,PL-25-512,2.0333177828202462,44,379020690.6782829,5.464734736395407,,5.439409513730323,5.490059959060491,46562,,,15123500.488698483,756175024.4349241
resolution,PL-25-512,2.0333177828202462,44,554951274.2942516,3.9765504561348135,,3.954947062535142,3.998153849734485,33882,,,15123500.488698483,756175024.4349241
resolution,PL-25-512,2.0333177828202462,44,816436534.0893482,2.787411408216776,,2.769324294620095,2.805498521813457,23750,,,15123500.488698483,756175024.4349241
resolution,PL-25-512,2.0333177828202462,44,1202962934.6628618,2.000011697154614,,1.984690771772069,2.0153326225371586,17041,,,15123500.488698483,756175024.4349241
resolution,PL-25-512,2.0333177828202462,44,1770507814.515842,1.3741058007327311,,1.361406529000509,1.3868050724649532,11708,,,15123500.488698483,756175024.4349241
resolution,PL-25-512,2.0333177828202462,44,2590595839.9672794,1.0047591185576452,,0.9938998716523285,1.0156183654629618,8561,,,15123500.488698483,756175024.4349241
resolution,PL-25-512,2.0333177828202462,44,3806344419.789147,0.691512758619505,,0.6825039195627997,0.7005215976762104,5892,,,15123500.488698483,756175024.4349241
resolution,PL-25-512,2.0333177828202462,44,5590609889.087126,0.4984478421345957,,0.490799301299372,0.5060963829698194,4247,,,15123500.488698483,756175024.4349241
resolution,PL-25-512,2.0333177828202462,44,8222864518.064583,0.33836240378480215,,0.33206067394903427,0.34466413362057,2883,,,15123500.488698483,756175024.4349241
resolution,PL-25-512,2.0333177828202462,44,12095672296.31291,0.24153653381516574,,0.23621226291432115,0.24686080471601032,2058,,,15123500.488698483,756175024.4349241
resolution,PL-25-512,2.0333177828202462,44,17571445187.66071,0.17405183656359913,,0.16953215294701263,0.17857152018018563,1483,,,15123500.488698483,756175024.4349241
resolution,PL-25-512,2.0333177828202462,44,26062126152.11358,0.1126701032373939,,0.10903369129194476,0.11630651518284305,960,,,15123500.488698483,756175024.4349241
resolution,PL-25-512,2.0333177828202462,44,38181374901.09607,0.07816488412094286,,0.0751360563836949,0.08119371185819081,666,,,15123500.488698483,756175024.4349241
resolution,PL-25-512,2.0333177828202462,44,55765741782.40314,0.058917074817887854,,0.056287477078099356,0.06154667255767635,502,,,15123500.488698483,756175024.4349241
resolution,PL-25-512,2.0333177828202462,44,82203307732.74347,0.03603096009779159,,0.03397456458775249,0.038087355607830685,307,,,15123500.488698483,756175024.4349241
resolution,PL-25-512,2.0333177828202462,44,119744074607.64404,0.027932796427603903,,0.02612218216224416,0.029743410692963646,238,,,15123500.488698483,756175024.4349241
resolution,PL-25-512,2.0333177828202462,44,177982069676.7183,0.02018672683003329,,0.018647503339395837,0.021725950320670744,172,,,15123500.488698483,756175024.4349241
resolution,PL-25-512,2.0333177828202462,44,263290000828.13205,0.011736469087228656,,0.01056282217850579,0.012910115995951522,100,,,15123500.488698483,756175024.4349241
resolution,PL-25-512,2.0333177828202462,44,378714571969.4584,0.008802351815421399,,0.007785943777394331,0.009818759853448466,75,,,15123500.488698483,756175024.4349241
resolution,PL-25-512,2.0333177828202462,44,547805260680.73706,0.00551614047099741,,0.00471152868809418,0.006320752253900639,47,,,15123500.488698483,756175024.4349241
resolution,PL-25-512,2.0333177828202462,44,799774847467.1965,0.003520940726168597,,0.0028781078397148766,0.0041637736126223165,30,,,15123500.488698483,756175024.4349241
resolution,PL-25-512,2.0333177828202462,44,1204926442963.6711,0.0028167525809348775,,0.0022417853680217086,0.0033917197938480464,24,,,15123500.488698483,756175024.4349241
resolution,PL-25-512,2.0333177828202462,44,1718298465103.269,0.0016431056722119944,,0.0012039672096632679,0.002082244134760721,14,,,15123500.488698483,756175024.4349241
resolution,PL-25-512,2.0333177828202462,44,2589500870603.0757,0.001525740981339709,,0.0011025765704707037,0.0019489053922087142,13,,,15123500.488698483,756175024.4349241
resolution,PL-25-512,2.0333177828202462,44,3633416828965.285,0.0009389175269782925,,0.0006069600518276656,0.0012708750021289195,8,,,15123500.488698483,756175024.4349241
resolution,PL-25-512,2.0333177828202462,44,6052664179666.114,0.00011736469087228657,,0.0,0.00023472938174457314,1,,,15123500.488698483,756175024.4349241
resolution,PL-25-512,2.0333177828202462,44,8327527933610.375,0.00023472938174457061,,6.875064416925891e-05,0.0004007081193198823,2,,,15123500.488698483,756175024.4349241
resolution,PL-25-512,1.0717968600643704,48,10291422.443973571,714.0333996922282,,713.7439134071863,714.3228859772701,6083886,,,15123500.488698483,756175024.4349241
resolution,PL-25-512,1.0717968600643704,48,21901164.170624983,201.750373068223,,201.59649529150226,201.90425084494376,1719004,,,15123500.488698483,756175024.4349241
resolution,PL-25-512,1.0717968600643704,48,34162458.21588211,85.07907278961055,,84.97914642133043,85.17899915789067,724912,,,15123500.488698483,756175024.4349241
resolution,PL-25-512,1.0717968600643704,48,51682440.342650115,71.48366436365582,,71.39206928643843,71.57525944087321,609073,,,15123500.488698483,756175024.4349241
resolution,PL-25-512,1.0717968600643704,48,83296438.02883224,38.31511171154821,,38.24805322035013,38.382170202746295,326462,,,15123500.488698483,756175024.4349241
resolution,PL-25-512,1.0717968600643704,48,124724983.82197255,15.962419511467079,,15.919136438198917,16.005702584735243,136007,,,15123500.488698483,756175024.4349241
resolution,PL-25-512,1.0717968600643704,48,177646400.58824342,12.422817799449655,,12.384634031029092,12.461001567870218,105848,,,15123500.488698483,756175024.4349241
resolution,PL-25-512,1.0717968600643704,48,260294997.35716665,7.767547336000459,,7.737354028928766,7.797740643072152,66183,,,15123500.488698483,756175024.4349241
resolution,PL-25-512,1.0717968600643704,48,379096061.63237774,5.192566018262575,,5.167879505637918,5.217252530887231,44243,,,15123500.488698483,756175024.4349241
resolution,PL-25-512,1.0717968600643704,48,554224399.6576653,3.7529707200231073,,3.7319834322419703,3.7739580078042443,31977,,,15123500.488698483,756175024.4349241
resolution,PL-25-512,1.0717968600643704,48,817668164.449718,2.6132422069623047,,2.5957292870517206,2.630755126872889,22266,,,15123500.488698483,756175024.4349241
resolution,PL-25-512,1.0717968600643704,48,1206095981.8523002,1.815397038412509,,1.8008003431624278,1.8299937336625904,15468,,,15123500.488698483,756175024.4349241
resolution,PL-25-512,1.0717968600643704,48,1769704494.03829,1.2567411098604446,,1.2445962742557415,1.2688859454651478,10708,,,15123500.488698483,756175024.4349241
resolution,PL-25-512,1.0717968600643704,48,2594767637.4847946,0.919904447056982,,0.9095138599195348,0.9302950341944293,7838,,,15123500.488698483,756175024.4349241
resolution,PL-25-512,1.0717968600643704,48,3814706192.2188973,0.6485572817602486,,0.6398327345005473,0.6572818290199499,5526,,,15123500.488698483,756175024.4349241
resolution,PL-25-512,1.0717968600643704,48,5579542006.651038,0.4621821526550596,,0.4548171091743292,0.46954719613578993,3938,,,15123500.488698483,756175024.4349241
resolution,PL-25-512,1.0717968600643704,48,8203235154.977986,0.31841040633651346,,0.3122972942886115,0.3245235183844154,2713,,,15123500.488698483,756175024.4349241
resolution,PL-25-512,1.0717968600643704,48,12032585974.73408,0.23390782890846712,,0.22866831366061738,0.23914734415631686,1993,,,15123500.488698483,756175024.4349241
resolution,PL-25-512,1.0717968600643704,48,17675232996.71956,0.16266746154898745,,0.15829808901512446,0.16703683408285044,1386,,,15123500.488698483,756175024.4349241
resolution,PL-25-512,1.0717968600643704,48,26019007750.02052,0.1166605027270516,,0.11296025627045363,0.12036074918364957,994,,,15123500.488698483,756175024.4349241
resolution,PL-25-512,1.0717968600643704,48,38010688301.124825,0.08074690732013316,,0.07766846033885826,0.08382535430140807,688,,,15123500.488698483,756175024.4349241
resolution,PL-25-512,1.0717968600643704,48,56355844242.86836,0.0558655928552084,,0.05330499760491043,0.05842618810550638,476,,,15123500.488698483,756175024.4349241
resolution,PL-25-512,1.0717968600643704,48,80769974092.43164,0.03685251293389759,,0.0347728053130158,0.03893222055477938,314,,,15123500.488698483,756175024.4349241
resolution,PL-25-512,1.0717968600643704,48,121025266354.34334,0.0295759020998159,,0.027712795391327663,0.031439008808304136,252,,,15123500.488698483,756175024.4349241
resolution,PL-25-512,1.0717968600643704,48,180549748997.15704,0.018660985848693565,,0.017181073406856536,0.020140898290530593,159,,,15123500.488698483,756175024.4349241
resolution,PL-25-512,1.0717968600643704,48,259398511879.28183,0.0139663982138021,,0.012686100588653113,0.015246695838951089,119,,,15123500.488698483,756175024.4349241
resolution,PL-25-512,1.0717968600643704,48,376930522977.252,0.009037081197165968,,0.00800721021442438,0.010066952179907556,77,,,15123500.488698483,756175024.4349241
resolution,PL-25-512,1.0717968600643704,48,565274482113.1191,0.007393975524953975,,0.0064624221707098575,0.008325528879198093,63,,,15123500.488698483,756175024.4349241
resolution,PL-25-512,1.0717968600643704,48,815439446546.8684,0.004577222944019176,,0.0038442806844390994,0.005310165203599252,39,,,15123500.488698483,756175024.4349241
resolution,PL-25-512,1.0717968600643704,48,1209559553354.6064,0.0039903994896577435,,0.003306051623028051,0.004674747356287436,34,,,15123500.488698483,756175024.4349241
resolution,PL-25-512,1.0717968600643704,48,1792178933653.6426,0.002229929126573421,,0.0017183482995212387,0.002741509953625603,19,,,15123500.488698483,756175024.4349241
resolution,PL-25-512,1.0717968600643704,48,2588924940252.669,0.001525740981339709,,0.0011025765704707037,0.0019489053922087142,13,,,15123500.488698483,756175024.4349241
resolution,PL-25-512,1.0717968600643704,48,3743592775937.2056,0.0015257409813397252,,0.0011025765704707157,0.0019489053922087348,13,,,15123500.488698483,756175024.4349241
resolution,PL-25-512,1.0717968600643704,48,5446265620466.785,0.00046945876348914627,,0.00023472938174457314,0.0007041881452337194,4,,,15123500.488698483,756175024.4349241
resolution,PL-25-512,1.0717968600643704,48,7881560794152.818,0.001173646908722853,,0.0008025071686848575,0.0015447866487608487,10,,,15123500.488698483,756175024.4349241
resolution,PL-25-512,1.0717968600643704,48,10896612976501.46,0.00023472938174457061,,6.875064416925891e-05,0.0004007081193198823,2,,,15123500.488698483,756175024.4349241
resolution,PL-25-512,1.0717968600643704,48,18802603645685.004,0.00023472938174457314,,6.875064416925967e-05,0.0004007081193198866,2,,,15123500.488698483,756175024.4349241
resolution,PL-25-256,19.40664523021168,24,82331379.55185057,0.14412384039116713,,0.1400110493710889,0.14823663141124535,1228,,,120988003.90958786,6049400195.479393
resolution,PL-25-256,19.40664523021168,24,175209313.36482257,0.002699387890062562,,0.0021365266058534036,0.0032622491742717204,23,,,120988003.90958786,6049400195.479393
resolution,PL-25-256,19.40664523021168,24,273299665.72721905,0.0017604703630842797,,0.001305918869903137,0.0022150218562654225,15,,,120988003.90958786,6049400195.479393
resolution,PL-25-256,19.40664523021168,24,374620729.368088,0.00011736469087228657,,0.0,0.00023472938174457314,1,,,120988003.90958786,6049400195.479393
resolution,PL-25-256,19.40664523021168,24,478184213.6815177,0.00023472938174457314,,6.875064416925967e-05,0.0004007081193198866,2,,,120988003.90958786,6049400195.479393
resolution,PL-25-256,19.40664523021168,24,1124956130.0706046,0.00011736469087228531,,0.0,0.00023472938174457061,1,,,120988003.90958786,6049400195.479393
resolution,PL-25-256,14.331814598205613,27,82331379.55180545,3.7661155654007836,,3.745091555575763,3.787139575225804,32089,,,120988003.90958786,6049400195.479393
resolution,PL-25-256,14.331814598205613,27,175209313.3647459,0.26864777740666107,,0.26303264042268115,0.274262914390641,2289,,,120988003.90958786,6049400195.479393
resolution,PL-25-256,14.331814598205613,27,273299665.7270514,0.11865570247188045,,0.11492394821404861,0.1223874567297123,1011,,,120988003.90958786,6049400195.479393
resolution,PL-25-256,14.331814598205613,27,374620729.36816466,0.04307284155012917,,0.04082445752298392,0.04532122557727442,367,,,120988003.90958786,6049400195.479393
resolution,PL-25-256,14.331814598205613,27,518330244.5327733,0.04060818304181115,,0.03842507359664185,0.04279129248698045,346,,,120988003.90958786,6049400195.479393
resolution,PL-25-256,14.331814598205613,27,780333548.6099793,0.021712467811372784,,0.020116135429706545,0.023308800193039023,185,,,120988003.90958786,6049400195.479393
resolution,PL-25-256,14.331814598205613,27,1159325428.1477616,0.009154445888038255,,0.00811790900410374,0.01019098277197277,78,,,120988003.90958786,6049400195.479393
resolution,PL-25-256,14.331814598205613,27,1766518718.8357604,0.0038730347987854566,,0.0031988259795780365,0.004547243617992877,33,,,120988003.90958786,6049400195.479393
resolution,PL-25-256,14.331814598205613,27,2656962094.557394,0.0015257409813397252,,0.0011025765704707157,0.0019489053922087348,13,,,120988003.90958786,6049400195.479393
resolution,PL-25-256,14.331814598205613,27,3862990271.5326505,0.0009389175269782825,,0.0006069600518276591,0.0012708750021289059,8,,,120988003.90958786,6049400195.479393
resolution,PL-25-256,14.331814598205613,27,5093389994.65162,0.00046945876348914123,,0.00023472938174457061,0.0007041881452337119,4,,,120988003.90958786,6049400195.479393
resolution,PL-25-256,14.331814598205613,27,7924514561.406488,0.00023472938174457314,,6.875064416925967e-05,0.0004007081193198866,2,,,120988003.90958786,6049400195.479393
resolution,PL-25-256,14.331814598205613,27,12517182853.85719,0.00023472938174457314,,6.875064416925967e-05,0.0004007081193198866,2,,,120988003.90958786,6049400195.479393
resolution,PL-25-256,10.51901923231075,30,82331379.55179922,21.673268004621555,,21.62283313176998,21.72370287747313,184666,,,120988003.90958786,6049400195.479393
resolution,PL-25-256,10.51901923231075,30,175209313.36488777,2.779665338619205,,2.7616033740750185,2.797727303163392,23684,,,120988003.90958786,6049400195.479393
resolution,PL-25-256,10.51901923231075,30,273299665.72753876,1.2173065737273432,,1.2053537995839776,1.2292593478707088,10372,,,120988003.90958786,6049400195.479393
resolution,PL-25-256,10.51901923231075,30,374620729.36740005,0.513587887257126,,0.5058240554954452,0.5213517190188068,4376,,,120988003.90958786,6049400195.479393
resolution,PL-25-256,10.51901923231075,30,517056667.8780877,0.4794347622132906,,0.4719335148063195,0.48693600962026173,4085,,,120988003.90958786,6049400195.479393
resolution,PL-25-256,10.51901923231075,30,775176168.3890685,0.2866045751101207,,0.2808048115493898,0.29240433867085164,2442,,,120988003.90958786,6049400195.479393
resolution,PL-25-256,10.51901923231075,30,1194815470.9516134,0.15855969736845746,,0.1542458464361173,0.16287354830079762,1351,,,120988003.90958786,6049400195.479393
resolution,PL-25-256,10.51901923231075,30,1809182411.3890183,0.0733529317951791,,0.07041881452337194,0.07628704906698626,625,,,120988003.90958786,6049400195.479393
resolution,PL-25-256,10.51901923231075,30,2602316107.5193934,0.0507015464568278,,0.04826216716556281,0.05314092574809279,432,,,120988003.90958786,6049400195.479393
resolution,PL-25-256,10.51901923231075,30,3793393577.4496593,0.026876514209753337,,0.025100464159233282,0.02865256426027339,229,,,120988003.90958786,6049400195.479393
resolution,PL-25-256,10.51901923231075,30,5474976910.710079,0.01607896264950309,,0.014705244162728615,0.017452681136277563,137,,,120988003.90958786,6049400195.479393
resolution,PL-25-256,10.51901923231075,30,8129574118.91165,0.00856762243367692,,0.007564858075296069,0.00957038679205777,73,,,120988003.90958786,6049400195.479393
resolution,PL-25-256,10.51901923231075,30,11973306335.713821,0.00410776418053003,,0.0034134253056107592,0.004802103055449301,35,,,120988003.90958786,6049400195.479393
resolution,PL-25-256,10.51901923231075,30,17239371381.349236,0.001173646908722853,,0.0008025071686848575,0.0015447866487608487,10,,,120988003.90958786,6049400195.479393
resolution,PL-25-256,10.51901923231075,30,26620190085.23668,0.001173646908722853,,0.0008025071686848575,0.0015447866487608487,10,,,120988003.90958786,6049400195.479393
resolution,PL-25-256,10.51901923231075,30,41982958566.759796,0.00046945876348914627,,0.00023472938174457314,0.0007041881452337194,4,,,120988003.90958786,6049400195.479393
resolution,PL-25-256,10.51901923231075,30,57544586414.42571,0.00023472938174457314,,6.875064416925967e-05,0.0004007081193198866,2,,,120988003.90958786,6049400195.479393
resolution,PL-25-256,3.4410805658271224,40,82331379.5517903,96.54947612263166,,96.44302660680836,96.65592563845496,822645,,,120988003.90958786,6049400195.479393
resolution,PL-25-256,3.4410805658271224,40,175209313.3649888,23.981948838770165,,23.928895714338353,24.035001963201978,204337,,,120988003.90958786,6049400195.479393
resolution,PL-25-256,3.4410805658271224,40,273299665.727086,10.12329141118897,,10.08882233857185,10.157760483806088,86255,,,120988003.90958786,6049400195.479393
resolution,PL-25-256,3.4410805658271224,40,374620729.36769575,5.291269723286168,,5.266349686460445,5.31618976011189,45084,,,120988003.90958786,6049400195.479393
resolution,PL-25-256,3.4410805658271224,40,519094264.8197704,5.1910402772812345,,5.1663573917641665,5.2157231627983025,44230,,,120988003.90958786,6049400195.479393
resolution,PL-25-256,3.4410805658271224,40,776628366.8128998,3.2556965247971945,,3.23614904884231,3.275244000752079,27740,,,120988003.90958786,6049400195.479393
resolution,PL-25-256,3.4410805658271224,40,1194593467.572964,2.162913888085346,,2.1469812260397707,2.178846550130921,18429,,,120988003.90958786,6049400195.479393
resolution,PL-25-256,3.4410805658271224,40,1811653601.937213,1.1277573145918016,,1.116252581278681,1.1392620479049222,9609,,,120988003.90958786,6049400195.479393
resolution,PL-25-256,3.4410805658271224,40,2639771204.427746,0.8035960384025461,,0.7938845091391752,0.813307567665917,6847,,,120988003.90958786,6049400195.479393
resolution,PL-25-256,3.4410805658271224,40,3828165976.1966715,0.5540787056080589,,0.5460146324435468,0.5621427787725711,4721,,,120988003.90958786,6049400195.479393
resolution,PL-25-256,3.4410805658271224,40,5572898986.297532,0.42814639230209683,,0.4210577204250369,0.43523506417915675,3648,,,120988003.90958786,6049400195.479393
resolution,PL-25-256,3.4410805658271224,40,8216703786.643313,0.29317699779897183,,0.28731111101882156,0.2990428845791221,2498,,,120988003.90958786,6049400195.479393
resolution,PL-25-256,3.4410805658271224,40,12002538354.590668,0.20667922062609664,,0.20175409698922142,0.21160434426297187,1761,,,120988003.90958786,6049400195.479393
resolution,PL-25-256,3.4410805658271224,40,17734667866.56087,0.1388424293019135,,0.134805698100189,0.14287916050363803,1183,,,120988003.90958786,6049400195.479393
resolution,PL-25-256,3.4410805658271224,40,25873128546.236725,0.09377438800695596,,0.0904568886384294,0.09709188737548252,799,,,120988003.90958786,6049400195.479393
resolution,PL-25-256,3.4410805658271224,40,38003703003.745,0.06830625008767079,,0.06547486492733237,0.0711376352480092,582,,,120988003.90958786,6049400195.479393
resolution,PL-25-256,3.4410805658271224,40,55556236849.55555,0.04213392402315087,,0.03991018056487752,0.04435766748142422,359,,,120988003.90958786,6049400195.479393
resolution,PL-25-256,3.4410805658271224,40,81343877296.78935,0.029693266790688184,,0.027826467101948815,0.03156006647942756,253,,,120988003.90958786,6049400195.479393
resolution,PL-25-256,3.4410805658271224,40,121949384014.8266,0.01830889177607651,,0.016843007256916374,0.019774776295236645,156,,,120988003.90958786,6049400195.479393
resolution,PL-25-256,3.4410805658271224,40,178736922245.23425,0.01091491625112265,,0.009783092160678422,0.01204674034156688,93,,,120988003.90958786,6049400195.479393
resolution,PL-25-256,3.4410805658271224,40,263010371985.17017,0.008450257742804633,,0.007454385317352753,0.009446130168256513,72,,,120988003.90958786,6049400195.479393
resolution,PL-25-256,3.4410805658271224,40,370742116526.04095,0.004342493562274556,,0.0036285920182565854,0.005056395106292527,37,,,120988003.90958786,6049400195.479393
resolution,PL-25-256,3.4410805658271224,40,554301074082.4008,0.003051481962679418,,0.00245303711371485,0.003649926811643986,26,,,120988003.90958786,6049400195.479393
resolution,PL-25-256,3.4410805658271224,40,807737199553.3865,0.0019951997448288718,,0.0015112927276444694,0.002479106762013274,17,,,120988003.90958786,6049400195.479393
resolution,PL-25-256,3.4410805658271224,40,1172565606404.8965,0.0010562822178505791,,0.0007041881452337195,0.0014083762904674388,9,,,120988003.90958786,6049400195.479393
resolution,PL-25-256,3.4410805658271224,40,1746707232548.6174,0.0009389175269782825,,0.0006069600518276591,0.0012708750021289059,8,,,120988003.90958786,6049400195.479393
resolution,PL-25-256,2.0333177828202462,44,82331379.55178827,100.1036310563171,,99.9952399509896,100.2120221616446,852928,,,120988003.90958786,6049400195.479393
resolution,PL-25-256,2.0333177828202462,44,175209313.3649888,26.53674342967807,,26.480935932964982,26.592550926391155,226105,,,120988003.90958786,6049400195.479393
resolution,PL-25-256,2.0333177828202462,44,273299665.7270547,11.175348500168136,,11.139132601420316,11.211564398915955,95219,,,120988003.90958786,6049400195.479393
resolution,PL-25-256,2.0333177828202462,44,374620729.36789495,5.83443351264311,,5.808265660503007,5.8606013647832125,49712,,,120988003.90958786,6049400195.479393
resolution,PL-25-256,2.0333177828202462,44,519158990.7080718,5.754625522849955,,5.7286372592377965,5.780613786462114,49032,,,120988003.90958786,6049400195.479393
resolution,PL-25-256,2.0333177828202462,44,777593490.232403,3.55485912183065,,3.534433281776244,3.575284961885056,30289,,,120988003.90958786,6049400195.479393
resolution,PL-25-256,2.0333177828202462,44,1193056482.0615158,2.369827838093185,,2.3531504848367972,2.3865051913495727,20192,,,120988003.90958786,6049400195.479393
resolution,PL-25-256,2.0333177828202462,44,1810068689.5230258,1.2259915608519054,,1.2139962234014035,1.2379868983024074,10446,,,120988003.90958786,6049400195.479393
resolution,PL-25-256,2.0333177828202462,44,2638413567.679449,0.8668556067827086,,0.8567690692042845,0.8769421443611326,7386,,,120988003.90958786,6049400195.479393
resolution,PL-25-256,2.0333177828202462,44,3827758559.182415,0.5864713602888098,,0.578174913464672,0.5947678071129475,4997,,,120988003.90958786,6049400195.479393
resolution,PL-25-256,2.0333177828202462,44,5573017226.298789,0.4728623395244375,,0.4654126856866118,0.4803119933622632,4029,,,120988003.90958786,6049400195.479393
resolution,PL-25-256,2.0333177828202462,44,8171874036.198106,0.3127769011746437,,0.3067181088594744,0.31883569348981294,2665,,,120988003.90958786,6049400195.479393
resolution,PL-25-256,2.0333177828202462,44,12082425699.84533,0.24693530959529092,,0.24155186401870118,0.2523187551718807,2104,,,120988003.90958786,6049400195.479393
resolution,PL-25-256,2.0333177828202462,44,17670926715.282173,0.16912251954696314,,0.16466729651930545,0.17357774257462083,1441,,,120988003.90958786,6049400195.479393
resolution,PL-25-256,2.0333177828202462,44,26013032846.80322,0.1095012565838422,,0.10591634638565181,0.1130861667820326,933,,,120988003.90958786,6049400195.479393
resolution,PL-25-256,2.0333177828202462,44,37990299850.60715,0.07605231968524169,,0.07306470240888605,0.07903993696159733,648,,,120988003.90958786,6049400195.479393
resolution,PL-25-256,2.0333177828202462,44,55675636847.079155,0.05903443950876014,,0.056402223950762595,0.061666655066757683,503,,,120988003.90958786,6049400195.479393
resolution,PL-25-256,2.0333177828202462,44,81735604382.56369,0.03849561860610958,,0.03637005365117561,0.04062118356104355,328,,,120988003.90958786,6049400195.479393
resolution,PL-25-256,2.0333177828202462,44,120448322894.92851,0.029341172718071327,,0.02748547401788135,0.031196871418261305,250,,,120988003.90958786,6049400195.479393
resolution,PL-25-256,2.0333177828202462,44,177001335234.25742,0.019365173993927284,,0.017857597243149625,0.020872750744704942,165,,,120988003.90958786,6049400195.479393
resolution,PL-25-256,2.0333177828202462,44,263871422029.39468,0.011501739705484083,,0.010339888542456889,0.012663590868511277,98,,,120988003.90958786,6049400195.479393
resolution,PL-25-256,2.0333177828202462,44,383988948490.2847,0.009623904651527395,,0.008561122174060411,0.01068668712899438,82,,,120988003.90958786,6049400195.479393
resolution,PL-25-256,2.0333177828202462,44,554324920710.5525,0.005164046398380554,,0.0043855371118617145,0.005942555684899393,44,,,120988003.90958786,6049400195.479393
resolution,PL-25-256,2.0333177828202462,44,822839057478.6288,0.0034035760352963103,,0.0027715478324106526,0.004035604238181968,29,,,120988003.90958786,6049400195.479393
resolution,PL-25-256,2.0333177828202462,44,1221934262472.2795,0.002699387890062591,,0.0021365266058534266,0.0032622491742717555,23,,,120988003.90958786,6049400195.479393
resolution,PL-25-256,2.0333177828202462,44,1740694688821.662,0.0016431056722119944,,0.0012039672096632679,0.002082244134760721,14,,,120988003.90958786,6049400195.479393
resolution,PL-25-256,2.0333177828202462,44,2624449939955.507,0.0016431056722119944,,0.0012039672096632679,0.002082244134760721,14,,,120988003.90958786,6049400195.479393
resolution,PL-25-256,2.0333177828202462,44,3666358232360.849,0.0009389175269782925,,0.0006069600518276656,0.0012708750021289195,8,,,120988003.90958786,6049400195.479393
resolution,PL-25-256,2.0333177828202462,44,6056433590444.245,0.00011736469087228657,,0.0,0.00023472938174457314,1,,,120988003.90958786,6049400195.479393
resolution,PL-25-256,2.0333177828202462,44,8452582718860.327,0.00023472938174457061,,6.875064416925891e-05,0.0004007081193198823,2,,,120988003.90958786,6049400195.479393
resolution,PL-25-256,1.0717968600643704,48,82331379.55178995,95.16152128837601,,95.05583967914835,95.26720289760367,810819,,,120988003.90958786,6049400195.479393
resolution,PL-25-256,1.0717968600643704,48,175209313.36498666,26.42219549138672,,26.366508573659,26.47788240911444,225129,,,120988003.90958786,6049400195.479393
resolution,PL-25-256,1.0717968600643704,48,273299665.7270536,11.155631232101591,,11.119447296286912,11.19181516791627,95051,,,120988003.90958786,6049400195.479393
resolution,PL-25-256,1.0717968600643704,48,374620729.36789036,5.8372502652240446,,5.811076097177625,5.863424433270464,49736,,,120988003.90958786,6049400195.479393
resolution,PL-25-256,1.0717968600643704,48,519736534.3133634,5.779858931387497,,5.753813752241103,5.80590411053389,49247,,,120988003.90958786,6049400195.479393
resolution,PL-25-256,1.0717968600643704,48,776469323.6260804,3.5946457520363544,,3.574105925175275,3.615185578897434,30628,,,120988003.90958786,6049400195.479393
resolution,PL-25-256,1.0717968600643704,48,1190962141.863702,2.3533967813710652,,2.3367773443846493,2.370016218357481,20052,,,120988003.90958786,6049400195.479393
resolution,PL-25-256,1.0717968600643704,48,1809191123.0951905,1.2072132103123396,,1.1953100928532348,1.2191163277714445,10286,,,120988003.90958786,6049400195.479393
resolution,PL-25-256,1.0717968600643704,48,2633550834.737882,0.8594616312577545,,0.8494182031244348,0.8695050593910743,7323,,,120988003.90958786,6049400195.479393
resolution,PL-25-256,1.0717968600643704,48,3826975527.746304,0.5662846334587767,,0.5581322214873651,0.5744370454301883,4825,,,120988003.90958786,6049400195.479393
resolution,PL-25-256,1.0717968600643704,48,5579851321.399092,0.44798102505951304,,0.4407300144732044,0.45523203564582165,3817,,,120988003.90958786,6049400195.479393
resolution,PL-25-256,1.0717968600643704,48,8208393341.416114,0.3100775132845811,,0.30404492250672355,0.31611010406243867,2642,,,120988003.90958786,6049400195.479393
resolution,PL-25-256,1.0717968600643704,48,12069782198.86487,0.22580966523827936,,0.2206616479930999,0.23095768248345883,1924,,,120988003.90958786,6049400195.479393
resolution,PL-25-256,1.0717968600643704,48,17804347926.01169,0.1582076032958406,,0.1538985446452231,0.1625166619464581,1348,,,120988003.90958786,6049400195.479393
resolution,PL-25-256,1.0717968600643704,48,26046775704.470516,0.11795151432664674,,0.11423085000197772,0.12167217865131577,1005,,,120988003.90958786,6049400195.479393
resolution,PL-25-256,1.0717968600643704,48,37982819290.75782,0.07757806066658142,,0.0745606238224031,0.08059549751075974,661,,,120988003.90958786,6049400195.479393
resolution,PL-25-256,1.0717968600643704,48,55997915415.06762,0.05633505161869755,,0.053763720072882666,0.05890638316451243,480,,,120988003.90958786,6049400195.479393
resolution,PL-25-256,1.0717968600643704,48,81650290268.81786,0.03743933638825901,,0.03534313598236469,0.039535536794153336,319,,,120988003.90958786,6049400195.479393
resolution,PL-25-256,1.0717968600643704,48,120362603809.33653,0.029927996172432754,,0.028053832353764678,0.03180215999110083,255,,,120988003.90958786,6049400195.479393
resolution,PL-25-256,1.0717968600643704,48,179930221643.1038,0.019365173993927284,,0.017857597243149625,0.020872750744704942,165,,,120988003.90958786,6049400195.479393
resolution,PL-25-256,1.0717968600643704,48,258751840539.35068,0.013379574759440668,,0.0121264627709718,0.014632686747909537,114,,,120988003.90958786,6049400195.479393
resolution,PL-25-256,1.0717968600643704,48,370761324073.70294,0.009975998724144251,,0.00889394973893078,0.011058047709357723,85,,,120988003.90958786,6049400195.479393
resolution,PL-25-256,1.0717968600643704,48,574100760120.8804,0.007746069597570831,,0.006792594341576157,0.008699544853565505,66,,,120988003.90958786,6049400195.479393
resolution,PL-25-256,1.0717968600643704,48,830976639875.5409,0.004577222944019176,,0.0038442806844390994,0.005310165203599252,39,,,120988003.90958786,6049400195.479393
resolution,PL-25-256,1.0717968600643704,48,1208858841314.3792,0.0039903994896577435,,0.003306051623028051,0.004674747356287436,34,,,120988003.90958786,6049400195.479393
resolution,PL-25-256,1.0717968600643704,48,1804568093333.0474,0.002699387890062562,,0.0021365266058534036,0.0032622491742717204,23,,,120988003.90958786,6049400195.479393
resolution,PL-25-256,1.0717968600643704,48,2558682663250.602,0.001173646908722853,,0.0008025071686848575,0.0015447866487608487,10,,,120988003.90958786,6049400195.479393
resolution,PL-25-256,1.0717968600643704,48,3769055652500.7666,0.0012910115995951523,,0.0009017569563357286,0.001680266242854576,11,,,120988003.90958786,6049400195.479393
resolution,PL-25-256,1.0717968600643704,48,5714651852614.372,0.0009389175269782925,,0.0006069600518276656,0.0012708750021289195,8,,,120988003.90958786,6049400195.479393
resolution,PL-25-256,1.0717968600643704,48,7750650673414.236,0.0008215528361059972,,0.0005110350513579579,0.0011320706208540364,7,,,120988003.90958786,6049400195.479393
resolution,PL-25-256,1.0717968600643704,48,10667781603635.688,0.00035209407261685595,,0.00014881246501144256,0.0005553756802222693,3,,,120988003.90958786,6049400195.479393
resolution,PL-25-256,1.0717968600643704,48,19049699421120.66,0.00023472938174457314,,6.875064416925967e-05,0.0004007081193198866,2,,,120988003.90958786,6049400195.479393
resolution,PL-50-512,19.40664523021168,24,82331379.55186926,0.13805021763852635,,0.1366270951421299,0.1394733401349228,9410,,,120988003.90958786,6049400195.479393
resolution,PL-50-512,19.40664523021168,24,175209313.36486843,0.0034329172080143455,,0.0032085003896526326,0.0036573340263760584,234,,,120988003.90958786,6049400195.479393
resolution,PL-50-512,19.40664523021168,24,273299665.7271732,0.001921846813033672,,0.0017539342773508113,0.0020897593487165327,131,,,120988003.90958786,6049400195.479393
resolution,PL-50-512,19.40664523021168,24,374620729.36804205,0.00046945876348914627,,0.00038646939470148955,0.000552448132276803,32,,,120988003.90958786,6049400195.479393
resolution,PL-50-512,19.40664523021168,24,514610419.9957466,0.0003814352453349313,,0.00030662963921435955,0.00045624085145550306,26,,,120988003.90958786,6049400195.479393
resolution,PL-50-512,19.40664523021168,24,734771234.3137097,0.00017604703630842797,,0.00012522663440707463,0.00022686743820978132,12,,,120988003.90958786,6049400195.479393
resolution,PL-50-512,14.331814598205613,27,82331379.55179282,3.84056879117289,,3.8330625673473757,3.8480750149984044,261787,,,120988003.90958786,6049400195.479393
resolution,PL-50-512,14.331814598205613,27,175209313.3649451,0.2867659515600701,,0.28471484828202853,0.2888170548381117,19547,,,120988003.90958786,6049400195.479393
resolution,PL-50-512,14.331814598205613,27,273299665.72753876,0.13420652401245825,,0.13280335317450917,0.13560969485040733,9148,,,120988003.90958786,6049400195.479393
resolution,PL-50-512,14.331814598205613,27,374620729.3676375,0.04273541806387134,,0.04194361402163897,0.04352722210610371,2913,,,120988003.90958786,6049400195.479393
resolution,PL-50-512,14.331814598205613,27,513275411.0936752,0.03647107768856305,,0.03573960513621596,0.03720255024091014,2486,,,120988003.90958786,6049400195.479393
resolution,PL-50-512,14.331814598205613,27,771912917.6052954,0.020480138557213787,,0.01993200021578106,0.021028276898646513,1396,,,120988003.90958786,6049400195.479393
resolution,PL-50-512,14.331814598205613,27,1193978726.8199666,0.010738869214814106,,0.010341949187334614,0.011135789242293597,732,,,120988003.90958786,6049400195.479393
resolution,PL-50-512,14.331814598205613,27,1799193084.0054088,0.0042251288714023165,,0.003976160765039346,0.004474096977765287,288,,,120988003.90958786,6049400195.479393
resolution,PL-50-512,14.331814598205613,27,2623055135.1423492,0.0022592702992915163,,0.0020772131103805568,0.002441327488202476,154,,,120988003.90958786,6049400195.479393
resolution,PL-50-512,14.331814598205613,27,3858698172.116812,0.0008508940088240685,,0.0007391661517836708,0.0009626218658644662,58,,,120988003.90958786,6049400195.479393
resolution,PL-50-512,14.331814598205613,27,5475404703.614762,0.00048412934984817693,,0.00039985324744725033,0.0005684054522491035,33,,,120988003.90958786,6049400195.479393
resolution,PL-50-512,14.331814598205613,27,8087624798.421125,0.00019071762266746565,,0.00013782207130883946,0.00024361317402609185,13,,,120988003.90958786,6049400195.479393
resolution,PL-50-512,14.331814598205613,27,11846822081.251951,4.401175907710746e-05,,1.8601558126430516e-05,6.942196002778441e-05,3,,,120988003.90958786,6049400195.479393
resolution,PL-50-512,14.331814598205613,27,15176646156.265604,2.9341172718071327e-05,,8.593830521157364e-06,5.008851491498529e-05,2,,,120988003.90958786,6049400195.479393
resolution,PL-50-512,14.331814598205613,27,26285532421.173885,1.4670586359035663e-05,,0.0,2.9341172718071327e-05,1,,,120988003.90958786,6049400195.479393
resolution,PL-50-512,10.51901923231075,30,82331379.55178928,21.913366820973533,,21.895436903506788,21.931296738440277,1493694,,,120988003.90958786,6049400195.479393
resolution,PL-50-512,10.51901923231075,30,175209313.36499742,2.8302348497988015,,2.823791154835481,2.836678544762122,192919,,,120988003.90958786,6049400195.479393
resolution,PL-50-512,10.51901923231075,30,273299665.72714525,1.2461929582682845,,1.2419171681174122,1.2504687484191568,84945,,,120988003.90958786,6049400195.479393
resolution,PL-50-512,10.51901923231075,30,374620729.36779535,0.5232411330813715,,0.5204705276909433,0.5260117384717998,35666,,,120988003.90958786,6049400195.479393
resolution,PL-50-512,10.51901923231075,30,516613095.3225845,0.48484820857977484,,0.4821811863610835,0.4875152307984662,33049,,,120988003.90958786,6049400195.479393
resolution,PL-50-512,10.51901923231075,30,773801991.0846363,0.28270219913861727,,0.2806656807796643,0.28473871749757024,19270,,,120988003.90958786,6049400195.479393
resolution,PL-50-512,10.51901923231075,30,1190489041.5742996,0.17463866001796055,,0.17303801903903374,0.17623930099688737,11904,,,120988003.90958786,6049400195.479393
resolution,PL-50-512,10.51901923231075,30,1802462473.3242412,0.08208193067880541,,0.08098457474177322,0.08317928661583761,5595,,,120988003.90958786,6049400195.479393
resolution,PL-50-512,10.51901923231075,30,2621263480.807329,0.051126993461239834,,0.05026093170082607,0.051993055221653595,3485,,,120988003.90958786,6049400195.479393
resolution,PL-50-512,10.51901923231075,30,3794483817.2877474,0.027125914177856942,,0.026495078964418408,0.027756749391295476,1849,,,120988003.90958786,6049400195.479393
resolution,PL-50-512,10.51901923231075,30,5500666946.73282,0.016812491967454872,,0.016315854156450576,0.017309129778459168,1146,,,120988003.90958786,6049400195.479393
resolution,PL-50-512,10.51901923231075,30,8139048238.34693,0.009051751783525101,,0.008687341978167505,0.009416161588882697,617,,,120988003.90958786,6049400195.479393
resolution,PL-50-512,10.51901923231075,30,11833140263.839075,0.004958658189354107,,0.004688942740794223,0.005228373637913992,338,,,120988003.90958786,6049400195.479393
resolution,PL-50-512,10.51901923231075,30,17695995042.634483,0.002083223262983064,,0.0019084030502365251,0.002258043475729603,142,,,120988003.90958786,6049400195.479393
resolution,PL-50-512,10.51901923231075,30,25763677159.07326,0.0008949057679011755,,0.0007803248255451565,0.0010094867102571944,61,,,120988003.90958786,6049400195.479393
resolution,PL-50-512,10.51901923231075,30,39033575098.93525,0.00039610583169396717,,0.00031987522884193635,0.000472336434545998,27,,,120988003.90958786,6049400195.479393
resolution,PL-50-512,10.51901923231075,30,54525525161.51798,0.00010269410451325075,,6.387938141974543e-05,0.00014150882760675606,7,,,120988003.90958786,6049400195.479393
resolution,PL-50-512,10.51901923231075,30,87351830005.73442,5.8682345436142654e-05,,2.9341172718071327e-05,8.802351815421399e-05,4,,,120988003.90958786,6049400195.479393
resolution,PL-50-512,10.51901923231075,30,131216046190.50026,2.9341172718071327e-05,,8.593830521157364e-06,5.008851491498529e-05,2,,,120988003.90958786,6049400195.479393
resolution,PL-50-512,10.51901923231075,30,166226542135.12537,1.4670586359035821e-05,,0.0,2.9341172718071642e-05,1,,,120988003.90958786,6049400195.479393
resolution,PL-50-512,3.4410805658271224,40,82331379.55178861,95.96566013847384,,95.9281385113161,96.00318176563157,6541365,,,120988003.90958786,6049400195.479393
resolution,PL-50-512,3.4410805658271224,40,175209313.36499956,23.788121051794583,,23.76943989325959,23.806802210329575,1621484,,,120988003.90958786,6049400195.479393
resolution,PL-50-512,3.4410805658271224,40,273299665.7270793,10.108635495416292,,10.096457662685978,10.120813328146607,689041,,,120988003.90958786,6049400195.479393
resolution,PL-50-512,3.4410805658271224,40,374620729.3676329,5.255194751429299,,5.246414273741018,5.263975229117579,358213,,,120988003.90958786,6049400195.479393
resolution,PL-50-512,3.4410805658271224,40,519193653.68457276,5.161669763390445,,5.152967768100821,5.170371758680069,351838,,,120988003.90958786,6049400195.479393
resolution,PL-50-512,3.4410805658271224,40,776632893.7354264,3.2308885632640654,,3.2240038679415557,3.237773258586575,220229,,,120988003.90958786,6049400195.479393
resolution,PL-50-512,3.4410805658271224,40,1194376105.0554016,2.1344822917215347,,2.1288863908295843,2.140078192613485,145494,,,120988003.90958786,6049400195.479393
resolution,PL-50-512,3.4410805658271224,40,1811034618.8746483,1.1112822461106044,,1.1072445286662023,1.1153199635550066,75749,,,120988003.90958786,6049400195.479393
resolution,PL-50-512,3.4410805658271224,40,2638261853.2896667,0.8104472022322158,,0.8069990526313738,0.8138953518330577,55243,,,120988003.90958786,6049400195.479393
resolution,PL-50-512,3.4410805658271224,40,3830114886.5724077,0.5380877664767101,,0.5352781289472702,0.5408974040061499,36678,,,120988003.90958786,6049400195.479393
resolution,PL-50-512,3.4410805658271224,40,5572411073.069468,0.42527095737572584,,0.4227731634878779,0.4277687512635738,28988,,,120988003.90958786,6049400195.479393
resolution,PL-50-512,3.4410805658271224,40,8210426275.119195,0.285474939960478,,0.28342845889288154,0.2875214210280745,19459,,,120988003.90958786,6049400195.479393
resolution,PL-50-512,3.4410805658271224,40,12050090862.213383,0.2044492914995232,,0.202717416507791,0.20618116649125542,13936,,,120988003.90958786,6049400195.479393
resolution,PL-50-512,3.4410805658271224,40,17716601406.032536,0.13941458216991592,,0.13798444453058445,0.1408447198092474,9503,,,120988003.90958786,6049400195.479393
resolution,PL-50-512,3.4410805658271224,40,25944410514.74159,0.09710461111045705,,0.09591105274022269,0.09829816948069142,6619,,,120988003.90958786,6049400195.479393
resolution,PL-50-512,3.4410805658271224,40,38104962872.888954,0.0639784271117552,,0.06300961286740375,0.06494724135610666,4361,,,120988003.90958786,6049400195.479393
resolution,PL-50-512,3.4410805658271224,40,55883058828.52116,0.042838112168384596,,0.04204535733615439,0.043630867000614804,2920,,,120988003.90958786,6049400195.479393
resolution,PL-50-512,3.4410805658271224,40,82058950433.79666,0.027815431736731618,,0.027176629190237334,0.028454234283225903,1896,,,120988003.90958786,6049400195.479393
resolution,PL-50-512,3.4410805658271224,40,120726172700.06894,0.019306491648490933,,0.018774290978612374,0.019838692318369492,1316,,,120988003.90958786,6049400195.479393
resolution,PL-50-512,3.4410805658271224,40,175583970187.852,0.01217658667799973,,0.011753931184225096,0.012599242171774366,830,,,120988003.90958786,6049400195.479393
resolution,PL-50-512,3.4410805658271224,40,257807674615.80203,0.007760740183929949,,0.007423316697672125,0.008098163670187774,529,,,120988003.90958786,6049400195.479393
resolution,PL-50-512,3.4410805658271224,40,377114398636.56006,0.004723928807609484,,0.004460674547385701,0.004987183067833267,322,,,120988003.90958786,6049400195.479393
resolution,PL-50-512,3.4410805658271224,40,551967644427.2302,0.0026407055446264196,,0.0024438789744149103,0.002837532114837929,180,,,120988003.90958786,6049400195.479393
resolution,PL-50-512,3.4410805658271224,40,826159945271.1987,0.0014817292222626178,,0.001334291654065395,0.0016291667904598406,101,,,120988003.90958786,6049400195.479393
resolution,PL-50-512,3.4410805658271224,40,1197798171630.0771,0.0010269410451325075,,0.000904198113408294,0.001149683976856721,70,,,120988003.90958786,6049400195.479393
resolution,PL-50-512,3.4410805658271224,40,1749409332807.8708,0.0004547881771301056,,0.0003731058092184466,0.0005364705450417646,31,,,120988003.90958786,6049400195.479393
resolution,PL-50-512,3.4410805658271224,40,2568524688773.299,0.0003667646589758916,,0.00029341172718071325,0.00044011759077106994,25,,,120988003.90958786,6049400195.479393
resolution,PL-50-512,3.4410805658271224,40,3679422642477.7305,0.0002200587953855373,,0.00016323985873789386,0.00027687773203318073,15,,,120988003.90958786,6049400195.479393
resolution,PL-50-512,3.4410805658271224,40,5562829219552.675,4.401175907710746e-05,,1.8601558126430516e-05,6.942196002778441e-05,3,,,120988003.90958786,6049400195.479393
resolution,PL-50-512,3.4410805658271224,40,7262356060535.006,1.4670586359035663e-05,,0.0,2.9341172718071327e-05,1,,,120988003.90958786,6049400195.479393
resolution,PL-50-512,2.0333177828202462,44,82331379.55178827,98.94192600489049,,98.90382697511302,98.98002503466796,6744238,,,120988003.90958786,6049400195.479393
resolution,PL-50-512,2.0333177828202462,44,175209313.36499885,26.17882513427668,,26.15922771825031,26.198422550303047,1784443,,,120988003.90958786,6049400195.479393
resolution,PL-50-512,2.0333177828202462,44,273299665.727067,11.103814721081477,,11.091051513303636,11.116577928859318,756876,,,120988003.90958786,6049400195.479393
resolution,PL-50-512,2.0333177828202462,44,374620729.36765283,5.80551778692945,,5.796289008567604,5.814746565291295,395725,,,120988003.90958786,6049400195.479393
resolution,PL-50-512,2.0333177828202462,44,519315535.82604927,5.712755669381266,,5.703600917861114,5.721910420901419,389402,,,120988003.90958786,6049400195.479393
resolution,PL-50-512,2.0333177828202462,44,776709328.2436972,3.556106121671168,,3.5488832301476942,3.563329013194642,242397,,,120988003.90958786,6049400195.479393
resolution,PL-50-512,2.0333177828202462,44,1194370435.9002593,2.3351172307677066,,2.329264236748194,2.340970224787219,159170,,,120988003.90958786,6049400195.479393
resolution,PL-50-512,2.0333177828202462,44,1809187024.7522202,1.2036042460680167,,1.1994021537279982,1.2078063384080353,82042,,,120988003.90958786,6049400195.479393
resolution,PL-50-512,2.0333177828202462,44,2640226803.4068556,0.8684400301094845,,0.8648706429829087,0.8720094172360602,59196,,,120988003.90958786,6049400195.479393
resolution,PL-50-512,2.0333177828202462,44,3830541670.552953,0.5847108899257254,,0.5817820588268526,0.5876397210245982,39856,,,120988003.90958786,6049400195.479393
resolution,PL-50-512,2.0333177828202462,44,5567854209.557461,0.45995222352848614,,0.45735457674412433,0.46254987031284794,31352,,,120988003.90958786,6049400195.479393
resolution,PL-50-512,2.0333177828202462,44,8213862785.912332,0.3199068061451351,,0.3177404219625868,0.32207319032768345,21806,,,120988003.90958786,6049400195.479393
resolution,PL-50-512,2.0333177828202462,44,12040626118.330305,0.22969737062342385,,0.2278616704539587,0.231533070792889,15657,,,120988003.90958786,6049400195.479393
resolution,PL-50-512,2.0333177828202462,44,17706673328.582573,0.16299021444888623,,0.16144387618810688,0.16453655270966558,11110,,,120988003.90958786,6049400195.479393
resolution,PL-50-512,2.0333177828202462,44,25911198920.6078,0.11186322098764694,,0.11058216710747672,0.11314427486781715,7625,,,120988003.90958786,6049400195.479393
resolution,PL-50-512,2.0333177828202462,44,38089212469.829185,0.07969062510228257,,0.07860937203404712,0.08077187817051802,5432,,,120988003.90958786,6049400195.479393
resolution,PL-50-512,2.0333177828202462,44,55863521354.88601,0.05439853421930482,,0.05350519307837977,0.05529187536022988,3708,,,120988003.90958786,6049400195.479393
resolution,PL-50-512,2.0333177828202462,44,82675714547.97783,0.03823154805164694,,0.03748262934622471,0.03898046675706917,2606,,,120988003.90958786,6049400195.479393
resolution,PL-50-512,2.0333177828202462,44,119932236706.82297,0.026377714273546123,,0.025755639892781228,0.02699978865431102,1798,,,120988003.90958786,6049400195.479393
resolution,PL-50-512,2.0333177828202462,44,176819745082.69376,0.018103503567050202,,0.01758815027805175,0.018618856856048655,1234,,,120988003.90958786,6049400195.479393
resolution,PL-50-512,2.0333177828202462,44,259177718994.4761,0.012572692509693699,,0.0121432175148115,0.013002167504575897,857,,,120988003.90958786,6049400195.479393
resolution,PL-50-512,2.0333177828202462,44,379120565534.56836,0.008376904811009365,,0.008026342255320179,0.008727467366698551,571,,,120988003.90958786,6049400195.479393
resolution,PL-50-512,2.0333177828202462,44,558160569775.329,0.005736199266382944,,0.005446107200462299,0.00602629133230359,391,,,120988003.90958786,6049400195.479393
resolution,PL-50-512,2.0333177828202462,44,821923687777.7899,0.003843693626067385,,0.0036062294408122247,0.004081157811322546,262,,,120988003.90958786,6049400195.479393
resolution,PL-50-512,2.0333177828202462,44,1206762827288.4028,0.002538011440113197,,0.0023450500035192457,0.002730972876707148,173,,,120988003.90958786,6049400195.479393
resolution,PL-50-512,2.0333177828202462,44,1748193500356.142,0.001393705704108388,,0.0012507145159491076,0.0015366968922676683,95,,,120988003.90958786,6049400195.479393
resolution,PL-50-512,2.0333177828202462,44,2625514687565.1562,0.0009682586996963539,,0.0008490742926970196,0.001087443106695688,66,,,120988003.90958786,6049400195.479393
resolution,PL-50-512,2.0333177828202462,44,3958216224853.993,0.0006161646270795044,,0.0005210883609929938,0.000711240893166015,42,,,120988003.90958786,6049400195.479393
resolution,PL-50-512,2.0333177828202462,44,5561571325702.352,0.000410776418053003,,0.00033314697186599234,0.0004884058642400137,28,,,120988003.90958786,6049400195.479393
resolution,PL-50-512,2.0333177828202462,44,8199975352768.946,0.00022005879538553497,,0.00016323985873789213,0.0002768777320331778,15,,,120988003.90958786,6049400195.479393
resolution,PL-50-512,2.0333177828202462,44,12118729235656.621,0.0002053882090264993,,0.00015049590120790849,0.0002602805168450901,14,,,120988003.90958786,6049400195.479393
resolution,PL-50-512,2.0333177828202462,44,17566176479505.111,5.8682345436143284e-05,,2.9341172718071642e-05,8.802351815421492e-05,4,,,120988003.90958786,6049400195.479393
resolution,PL-50-512,1.0717968600643704,48,82331379.55178861,93.80547497945126,,93.76837806149793,93.8425718974046,6394119,,,120988003.90958786,6049400195.479393
resolution,PL-50-512,1.0717968600643704,48,175209313.36499813,25.928574272164248,,25.909070749712484,25.94807779461601,1767385,,,120988003.90958786,6049400195.479393
resolution,PL-50-512,1.0717968600643704,48,273299665.727067,11.007722380429794,,10.995014519012608,11.020430241846979,750326,,,120988003.90958786,6049400195.479393
resolution,PL-50-512,1.0717968600643704,48,374620729.3676498,5.773374532216803,,5.7641713376813195,5.782577726752286,393534,,,120988003.90958786,6049400195.479393
resolution,PL-50-512,1.0717968600643704,48,519637383.07575184,5.719460127347346,,5.71030000541992,5.728620249274772,389859,,,120988003.90958786,6049400195.479393
resolution,PL-50-512,1.0717968600643704,48,776619247.3781846,3.577569189514437,,3.5703245337082445,3.5848138453206295,243860,,,120988003.90958786,6049400195.479393
resolution,PL-50-512,1.0717968600643704,48,1192955451.5997562,2.3650598975264985,,2.359169497245452,2.370950297807545,161211,,,120988003.90958786,6049400195.479393
resolution,PL-50-512,1.0717968600643704,48,1809365173.1132348,1.2010368934551856,,1.196839285152137,1.2052345017582342,81867,,,120988003.90958786,6049400195.479393
resolution,PL-50-512,1.0717968600643704,48,2638153546.8214974,0.8562341022587666,,0.852689887770232,0.8597783167473012,58364,,,120988003.90958786,6049400195.479393
resolution,PL-50-512,1.0717968600643704,48,3831444609.249747,0.5605484341923936,,0.557680756697932,0.5634161116868552,38209,,,120988003.90958786,6049400195.479393
resolution,PL-50-512,1.0717968600643704,48,5575650129.505724,0.4397801672848121,,0.43724012143421354,0.4423202131354107,29977,,,120988003.90958786,6049400195.479393
resolution,PL-50-512,1.0717968600643704,48,8207047028.999856,0.3041799375682487,,0.30206747501407616,0.3062924001224212,20734,,,120988003.90958786,6049400195.479393
resolution,PL-50-512,1.0717968600643704,48,12064256026.136717,0.2173153957363976,,0.21552985820380444,0.21910093326899077,14813,,,120988003.90958786,6049400195.479393
resolution,PL-50-512,1.0717968600643704,48,17718078654.17878,0.15533216836946961,,0.15382259426052347,0.15684174247841576,10588,,,120988003.90958786,6049400195.479393
resolution,PL-50-512,1.0717968600643704,48,26002216680.33501,0.10989736241553616,,0.10862761490285998,0.11116710992821234,7491,,,120988003.90958786,6049400195.479393
resolution,PL-50-512,1.0717968600643704,48,38034259491.19234,0.08052684852474762,,0.07943993726548892,0.08161375978400631,5489,,,120988003.90958786,6049400195.479393
resolution,PL-50-512,1.0717968600643704,48,55908648165.947174,0.05494134591458915,,0.05404355876836704,0.05583913306081126,3745,,,120988003.90958786,6049400195.479393
resolution,PL-50-512,1.0717968600643704,48,81905442208.16487,0.03846627743339151,,0.037715063186324005,0.039217491680459016,2622,,,120988003.90958786,6049400195.479393
resolution,PL-50-512,1.0717968600643704,48,120166359881.99538,0.028945066886377366,,0.028293421965101474,0.029596711807653258,1973,,,120988003.90958786,6049400195.479393
resolution,PL-50-512,1.0717968600643704,48,175972342288.18,0.01937984458028632,,0.018846633849393005,0.019913055311179633,1321,,,120988003.90958786,6049400195.479393
resolution,PL-50-512,1.0717968600643704,48,259722005501.62915,0.013849033522929814,,0.013398285874808026,0.014299781171051603,944,,,120988003.90958786,6049400195.479393
resolution,PL-50-512,1.0717968600643704,48,380950579961.9634,0.009550551719732217,,0.009176236085833808,0.009924867353630627,651,,,120988003.90958786,6049400195.479393
resolution,PL-50-512,1.0717968600643704,48,558097815092.99,0.0066751167933612274,,0.006362182491352555,0.0069880510953699,455,,,120988003.90958786,6049400195.479393
resolution,PL-50-512,1.0717968600643704,48,819426262750.8971,0.004606564116737248,,0.0043466006641270215,0.004866527569347474,314,,,120988003.90958786,6049400195.479393
resolution,PL-50-512,1.0717968600643704,48,1211775620055.8684,0.0029194466854481284,,0.002712492597014322,0.0031264007738819348,199,,,120988003.90958786,6049400195.479393
resolution,PL-50-512,1.0717968600643704,48,1753063134286.391,0.002611364371908348,,0.0024156343370823397,0.0028070944067343563,178,,,120988003.90958786,6049400195.479393
resolution,PL-50-512,1.0717968600643704,48,2658034640023.882,0.0014230468768264594,,0.0012785583579073474,0.0015675353957455714,97,,,120988003.90958786,6049400195.479393
resolution,PL-50-512,1.0717968600643704,48,3820264358603.8955,0.0011149645632867224,,0.0009870693565236755,0.0012428597700497692,76,,,120988003.90958786,6049400195.479393
resolution,PL-50-512,1.0717968600643704,48,5646508390513.761,0.0006161646270795044,,0.0005210883609929938,0.000711240893166015,42,,,120988003.90958786,6049400195.479393
resolution,PL-50-512,1.0717968600643704,48,8261216731883.028,0.0004107764180529986,,0.00033314697186598877,0.0004884058642400085,28,,,120988003.90958786,6049400195.479393
resolution,PL-50-512,1.0717968600643704,48,11834047913478.78,0.0003227528998987846,,0.0002539417504345131,0.00039156404936305613,22,,,120988003.90958786,6049400195.479393
resolution,PL-50-512,1.0717968600643704,48,18203177344161.75,0.0002053882090265015,,0.00015049590120791008,0.00026028051684509287,14,,,120988003.90958786,6049400195.479393
resolution,PL-50-512,1.0717968600643704,48,26267350046886.74,0.00019071762266746565,,0.00013782207130883946,0.00024361317402609185,13,,,120988003.90958786,6049400195.479393
resolution,PL-50-512,1.0717968600643704,48,35161114010244.03,4.4011759077106994e-05,,1.860155812643032e-05,6.942196002778367e-05,3,,,120988003.90958786,6049400195.479393
resolution,PL-50-512,1.0717968600643704,48,55916307797191.586,2.9341172718071327e-05,,8.593830521157364e-06,5.008851491498529e-05,2,,,120988003.90958786,6049400195.479393
resolution,PL-50-512,1.0717968600643704,48,76126290266415.08,1.4670586359035821e-05,,0.0,2.9341172718071642e-05,1,,,120988003.90958786,6049400195.479393
