model,snapshot,redshift,log10_M_FOF_Msun,dn_dlog10M,poisson_err,source_file
BT_deep,0024,19.40664523,8.0722709909e+00,2.9036024522e-01,5.8376399702e-03,/project/tkcastrosim/HNHuang/project_big_sim/analysis/_used_by_article_nonlinear_evolution_pps/HALOMASS/output/fof_reed07_highz_cache/BT_deep_snap0024_fof_reed07_input.npz
BT_deep,0024,19.40664523,8.2385893743e+00,1.0633240993e-01,3.5326576994e-03,/project/tkcastrosim/HNHuang/project_big_sim/analysis/_used_by_article_nonlinear_evolution_pps/HALOMASS/output/fof_reed07_highz_cache/BT_deep_snap0024_fof_reed07_input.npz
BT_deep,0024,19.40664523,8.4019112010e+00,3.8730347988e-02,2.1320354873e-03,/project/tkcastrosim/HNHuang/project_big_sim/analysis/_used_by_article_nonlinear_evolution_pps/HALOMASS/output/fof_reed07_highz_cache/BT_deep_snap0024_fof_reed07_input.npz
BT_deep,0024,19.40664523,8.5672255038e+00,1.4787951050e-02,1.3174153876e-03,/project/tkcastrosim/HNHuang/project_big_sim/analysis/_used_by_article_nonlinear_evolution_pps/HALOMASS/output/fof_reed07_highz_cache/BT_deep_snap0024_fof_reed07_input.npz
BT_deep,0024,19.40664523,8.7387480476e+00,4.8119523258e-03,7.5150069674e-04,/project/tkcastrosim/HNHuang/project_big_sim/analysis/_used_by_article_nonlinear_evolution_pps/HALOMASS/output/fof_reed07_highz_cache/BT_deep_snap0024_fof_reed07_input.npz
BT_deep,0024,19.40664523,8.9094322494e+00,1.2910115996e-03,3.8925464326e-04,/project/tkcastrosim/HNHuang/project_big_sim/analysis/_used_by_article_nonlinear_evolution_pps/HALOMASS/output/fof_reed07_highz_cache/BT_deep_snap0024_fof_reed07_input.npz
BT_deep,0024,19.40664523,9.0717372328e+00,5.8682345436e-04,2.6243542695e-04,/project/tkcastrosim/HNHuang/project_big_sim/analysis/_used_by_article_nonlinear_evolution_pps/HALOMASS/output/fof_reed07_highz_cache/BT_deep_snap0024_fof_reed07_input.npz
BT_deep,0024,19.40664523,9.2500000000e+00,0.0000000000e+00,0.0000000000e+00,/project/tkcastrosim/HNHuang/project_big_sim/analysis/_used_by_article_nonlinear_evolution_pps/HALOMASS/output/fof_reed07_highz_cache/BT_deep_snap0024_fof_reed07_input.npz
BT_deep,0024,19.40664523,9.4166666667e+00,0.0000000000e+00,0.0000000000e+00,/project/tkcastrosim/HNHuang/project_big_sim/analysis/_used_by_article_nonlinear_evolution_pps/HALOMASS/output/fof_reed07_highz_cache/BT_deep_snap0024_fof_reed07_input.npz
BT_deep,0024,19.40664523,9.5833333333e+00,0.0000000000e+00,0.0000000000e+00,/project/tkcastrosim/HNHuang/project_big_sim/analysis/_used_by_article_nonlinear_evolution_pps/HALOMASS/output/fof_reed07_highz_cache/BT_deep_snap0024_fof_reed07_input.npz
BT_deep,0024,19.40664523,9.7500000000e+00,0.0000000000e+00,0.0000000000e+00,/project/tkcastrosim/HNHuang/project_big_sim/analysis/_used_by_article_nonlinear_evolution_pps/HALOMASS/output/fof_reed07_highz_cache/BT_deep_snap0024_fof_reed07_input.npz
BT_deep,0024,19.40664523,9.9166666667e+00,0.0000000000e+00,0.0000000000e+00,/project/tkcastrosim/HNHuang/project_big_sim/analysis/_used_by_article_nonlinear_evolution_pps/HALOMASS/output/fof_reed07_highz_cache/BT_deep_snap0024_fof_reed07_input.npz
BT_deep,0024,19.40664523,1.0083333333e+01,0.0000000000e+00,0.0000000000e+00,/project/tkcastrosim/HNHuang/project_big_sim/analysis/_used_by_article_nonlinear_evolution_pps/HALOMASS/output/fof_reed07_highz_cache/BT_deep_snap0024_fof_reed07_input.npz
BT_deep,0024,19.40664523,1.0250000000e+01,0.0000000000e+00,0.0000000000e+00,/project/tkcastrosim/HNHuang/project_big_sim/analysis/_used_by_article_nonlinear_evolution_pps/HALOMASS/output/fof_reed07_highz_cache/BT_deep_snap0024_fof_reed07_input.npz
BT_deep,0024,19.40664523,1.0416666667e+01,0.0000000000e+00,0.0000000000e+00,/project/tkcastrosim/HNHuang/project_big_sim/analysis/_used_by_article_nonlinear_evolution_pps/HALOMASS/output/fof_reed07_highz_cache/BT_deep_snap0024_fof_reed07_input.npz
BT_deep,0024,19.40664523,1.0583333333e+01,0.0000000000e+00,0.0000000000e+00,/project/tkcastrosim/HNHuang/project_big_sim/analysis/_used_by_article_nonlinear_evolution_pps/HALOMASS/output/fof_reed07_highz_cache/BT_deep_snap0024_fof_reed07_input.npz
BT_deep,0024,19.40664523,1.0750000000e+01,0.0000000000e+00,0.0000000000e+00,/project/tkcastrosim/HNHuang/project_big_sim/analysis/_used_by_article_nonlinear_evolution_pps/HALOMASS/output/fof_reed07_highz_cache/BT_deep_snap0024_fof_reed07_input.npz
BT_deep,0024,19.40664523,1.0916666667e+01,0.0000000000e+00,0.0000000000e+00,/project/tkcastrosim/HNHuang/project_big_sim/analysis/_used_by_article_nonlinear_evolution_pps/HALOMASS/output/fof_reed07_highz_cache/BT_deep_snap0024_fof_reed07_input.npz
BT_deep,0024,19.40664523,1.1083333333e+01,0.0000000000e+00,0.0000000000e+00,/project/tkcastrosim/HNHuang/project_big_sim/analysis/_used_by_article_nonlinear_evolution_pps/HALOMASS/output/fof_reed07_highz_cache/BT_deep_snap0024_fof_reed07_input.npz
BT_deep,0024,19.40664523,1.1250000000e+01,0.0000000000e+00,0.0000000000e+00,/project/tkcastrosim/HNHuang/project_big_sim/analysis/_used_by_article_nonlinear_evolution_pps/HALOMASS/output/fof_reed07_highz_cache/BT_deep_snap0024_fof_reed07_input.npz
BT_deep,0024,19.40664523,1.1416666667e+01,0.0000000000e+00,0.0000000000e+00,/project/tkcastrosim/HNHuang/project_big_sim/analysis/_used_by_article_nonlinear_evolution_pps/HALOMASS/output/fof_reed07_highz_cache/BT_deep_snap0024_fof_reed07_input.npz
BT_deep,0024,19.40664523,1.1583333333e+01,0.0000000000e+00,0.0000000000e+00,/project/tkcastrosim/HNHuang/project_big_sim/analysis/_used_by_article_nonlinear_evolution_pps/HALOMASS/output/fof_reed07_highz_cache/BT_deep_snap0024_fof_reed07_input.npz
BT_deep,0024,19.40664523,1.1750000000e+01,0.0000000000e+00,0.0000000000e+00,/project/tkcastrosim/HNHuang/project_big_sim/analysis/_used_by_article_nonlinear_evolution_pps/HALOMASS/output/fof_reed07_highz_cache/BT_deep_snap0024_fof_reed07_input.npz
BT_deep,0024,19.40664523,1.1916666667e+01,0.0000000000e+00,0.0000000000e+00,/project/tkcastrosim/HNHuang/project_big_sim/analysis/_used_by_article_nonlinear_evolution_pps/HALOMASS/output/fof_reed07_highz_cache/BT_deep_snap0024_fof_reed07_input.npz
BT_deep,0024,19.40664523,1.2083333333e+01,0.0000000000e+00,0.0000000000e+00,/project/tkcastrosim/HNHuang/project_big_sim/analysis/_used_by_article_nonlinear_evolution_pps/HALOMASS/output/fof_reed07_highz_cache/BT_deep_snap0024_fof_reed07_input.npz
BT_deep,0024,19.40664523,1.2250000000e+01,0.0000000000e+00,0.0000000000e+00,/project/tkcastrosim/HNHuang/project_big_sim/analysis/_used_by_article_nonlinear_evolution_pps/HALOMASS/output/fof_reed07_highz_cache/BT_deep_snap0024_fof_reed07_input.npz
BT_deep,0024,19.40664523,1.2416666667e+01,0.0000000000e+00,0.0000000000e+00,/project/tkcastrosim/HNHuang/project_big_sim/analysis/_used_by_article_nonlinear_evolution_pps/HALOMASS/output/fof_reed07_highz_cache/BT_deep_snap0024_fof_reed07_input.npz
BT_deep,0024,19.40664523,1.2583333333e+01,0.0000000000e+00,0.0000000000e+00,/project/tkcastrosim/HNHuang/project_big_sim/analysis/_used_by_article_nonlinear_evolution_pps/HALOMASS/output/fof_reed07_highz_cache/BT_deep_snap0024_fof_reed07_input.npz
BT_deep,0024,19.40664523,1.2750000000e+01,0.0000000000e+00,0.0000000000e+00,/project/tkcastrosim/HNHuang/project_big_sim/analysis/_used_by_article_nonlinear_evolution_pps/HALOMASS/output/fof_reed07_highz_cache/BT_deep_snap0024_fof_reed07_input.npz
BT_deep,0024,19.40664523,1.2916666667e+01,0.0000000000e+00,0.0000000000e+00,/project/tkcastrosim/HNHuang/project_big_sim/analysis/_used_by_article_nonlinear_evolution_pps/HALOMASS/output/fof_reed07_highz_cache/BT_deep_snap0024_fof_reed07_input.npz
BT_deep,0027,14.3318146,8.0754287210e+00,3.5286867958e+00,2.0350509452e-02,/project/tkcastrosim/HNHuang/project_big_sim/analysis/_used_by_article_nonlinear_evolution_pps/HALOMASS/output/fof_reed07_highz_cache/BT_deep_snap0027_fof_reed07_input.npz
BT_deep,0027,14.3318146,8.2428325006e+00,1.7602356337e+00,1.4373222012e-02,/project/tkcastrosim/HNHuang/project_big_sim/analysis/_used_by_article_nonlinear_evolution_pps/HALOMASS/output/fof_reed07_highz_cache/BT_deep_snap0027_fof_reed07_input.npz
BT_deep,0027,14.3318146,8.4083824358e+00,8.7542322922e-01,1.0136260488e-02,/project/tkcastrosim/HNHuang/project_big_sim/analysis/_used_by_article_nonlinear_evolution_pps/HALOMASS/output/fof_reed07_highz_cache/BT_deep_snap0027_fof_reed07_input.npz
BT_deep,0027,14.3318146,8.5753677649e+00,4.0842912424e-01,6.9235220740e-03,/project/tkcastrosim/HNHuang/project_big_sim/analysis/_used_by_article_nonlinear_evolution_pps/HALOMASS/output/fof_reed07_highz_cache/BT_deep_snap0027_fof_reed07_input.npz
BT_deep,0027,14.3318146,8.7421712302e+00,1.8790087009e-01,4.6960544644e-03,/project/tkcastrosim/HNHuang/project_big_sim/analysis/_used_by_article_nonlinear_evolution_pps/HALOMASS/output/fof_reed07_highz_cache/BT_deep_snap0027_fof_reed07_input.npz
BT_deep,0027,14.3318146,8.9080655961e+00,8.7554059391e-02,3.2055818684e-03,/project/tkcastrosim/HNHuang/project_big_sim/analysis/_used_by_article_nonlinear_evolution_pps/HALOMASS/output/fof_reed07_highz_cache/BT_deep_snap0027_fof_reed07_input.npz
BT_deep,0027,14.3318146,9.0697723398e+00,3.8260889224e-02,2.1190746651e-03,/project/tkcastrosim/HNHuang/project_big_sim/analysis/_used_by_article_nonlinear_evolution_pps/HALOMASS/output/fof_reed07_highz_cache/BT_deep_snap0027_fof_reed07_input.npz
BT_deep,0027,14.3318146,9.2445204944e+00,1.5374774504e-02,1.3433002855e-03,/project/tkcastrosim/HNHuang/project_big_sim/analysis/_used_by_article_nonlinear_evolution_pps/HALOMASS/output/fof_reed07_highz_cache/BT_deep_snap0027_fof_reed07_input.npz
BT_deep,0027,14.3318146,9.4065046735e+00,4.5772229440e-03,7.3294225958e-04,/project/tkcastrosim/HNHuang/project_big_sim/analysis/_used_by_article_nonlinear_evolution_pps/HALOMASS/output/fof_reed07_highz_cache/BT_deep_snap0027_fof_reed07_input.npz
BT_deep,0027,14.3318146,9.5819315823e+00,1.8778350540e-03,4.6945876349e-04,/project/tkcastrosim/HNHuang/project_big_sim/analysis/_used_by_article_nonlinear_evolution_pps/HALOMASS/output/fof_reed07_highz_cache/BT_deep_snap0027_fof_reed07_input.npz
BT_deep,0027,14.3318146,9.7205418259e+00,4.6945876349e-04,2.3472938174e-04,/project/tkcastrosim/HNHuang/project_big_sim/analysis/_used_by_article_nonlinear_evolution_pps/HALOMASS/output/fof_reed07_highz_cache/BT_deep_snap0027_fof_reed07_input.npz
BT_deep,0027,14.3318146,9.8841481069e+00,2.3472938174e-04,1.6597873758e-04,/project/tkcastrosim/HNHuang/project_big_sim/analysis/_used_by_article_nonlinear_evolution_pps/HALOMASS/output/fof_reed07_highz_cache/BT_deep_snap0027_fof_reed07_input.npz
BT_deep,0027,14.3318146,1.0108997159e+01,3.5209407262e-04,2.0328160761e-04,/project/tkcastrosim/HNHuang/project_big_sim/analysis/_used_by_article_nonlinear_evolution_pps/HALOMASS/output/fof_reed07_highz_cache/BT_deep_snap0027_fof_reed07_input.npz
BT_deep,0027,14.3318146,1.0207057668e+01,2.3472938174e-04,1.6597873758e-04,/project/tkcastrosim/HNHuang/project_big_sim/analysis/_used_by_article_nonlinear_evolution_pps/HALOMASS/output/fof_reed07_highz_cache/BT_deep_snap0027_fof_reed07_input.npz
BT_deep,0027,14.3318146,1.0416666667e+01,0.0000000000e+00,0.0000000000e+00,/project/tkcastrosim/HNHuang/project_big_sim/analysis/_used_by_article_nonlinear_evolution_pps/HALOMASS/output/fof_reed07_highz_cache/BT_deep_snap0027_fof_reed07_input.npz
BT_deep,0027,14.3318146,1.0583333333e+01,0.0000000000e+00,0.0000000000e+00,/project/tkcastrosim/HNHuang/project_big_sim/analysis/_used_by_article_nonlinear_evolution_pps/HALOMASS/output/fof_reed07_highz_cache/BT_deep_snap0027_fof_reed07_input.npz
BT_deep,0027,14.3318146,1.0750000000e+01,0.0000000000e+00,0.0000000000e+00,/project/tkcastrosim/HNHuang/project_big_sim/analysis/_used_by_article_nonlinear_evolution_pps/HALOMASS/output/fof_reed07_highz_cache/BT_deep_snap0027_fof_reed07_input.npz
BT_deep,0027,14.3318146,1.0916666667e+01,0.0000000000e+00,0.0000000000e+00,/project/tkcastrosim/HNHuang/project_big_sim/analysis/_used_by_article_nonlinear_evolution_pps/HALOMASS/output/fof_reed07_highz_cache/BT_deep_snap0027_fof_reed07_input.npz
BT_deep,0027,14.3318146,1.1083333333e+01,0.0000000000e+00,0.0000000000e+00,/project/tkcastrosim/HNHuang/project_big_sim/analysis/_used_by_article_nonlinear_evolution_pps/HALOMASS/output/fof_reed07_highz_cache/BT_deep_snap0027_fof_reed07_input.npz
BT_deep,0027,14.3318146,1.1250000000e+01,0.0000000000e+00,0.0000000000e+00,/project/tkcastrosim/HNHuang/project_big_sim/analysis/_used_by_article_nonlinear_evolution_pps/HALOMASS/output/fof_reed07_highz_cache/BT_deep_snap0027_fof_reed07_input.npz
BT_deep,0027,14.3318146,1.1416666667e+01,0.0000000000e+00,0.0000000000e+00,/project/tkcastrosim/HNHuang/project_big_sim/analysis/_used_by_article_nonlinear_evolution_pps/HALOMASS/output/fof_reed07_highz_cache/BT_deep_snap0027_fof_reed07_input.npz
BT_deep,0027,14.3318146,1.1583333333e+01,0.0000000000e+00,0.0000000000e+00,/project/tkcastrosim/HNHuang/project_big_sim/analysis/_used_by_article_nonlinear_evolution_pps/HALOMASS/output/fof_reed07_highz_cache/BT_deep_snap0027_fof_reed07_input.npz
BT_deep,0027,14.3318146,1.1750000000e+01,0.0000000000e+00,0.0000000000e+00,/project/tkcastrosim/HNHuang/project_big_sim/analysis/_used_by_article_nonlinear_evolution_pps/HALOMASS/output/fof_reed07_highz_cache/BT_deep_snap0027_fof_reed07_input.npz
BT_deep,0027,14.3318146,1.1916666667e+01,0.0000000000e+00,0.0000000000e+00,/project/tkcastrosim/HNHuang/project_big_sim/analysis/_used_by_article_nonlinear_evolution_pps/HALOMASS/output/fof_reed07_highz_cache/BT_deep_snap0027_fof_reed07_input.npz
BT_deep,0027,14.3318146,1.2083333333e+01,0.0000000000e+00,0.0000000000e+00,/project/tkcastrosim/HNHuang/project_big_sim/analysis/_used_by_article_nonlinear_evolution_pps/HALOMASS/output/fof_reed07_highz_cache/BT_deep_snap0027_fof_reed07_input.npz
BT_deep,0027,14.3318146,1.2250000000e+01,0.0000000000e+00,0.0000000000e+00,/project/tkcastrosim/HNHuang/project_big_sim/analysis/_used_by_article_nonlinear_evolution_pps/HALOMASS/output/fof_reed07_highz_cache/BT_deep_snap0027_fof_reed07_input.npz
BT_deep,0027,14.3318146,1.2416666667e+01,0.0000000000e+00,0.0000000000e+00,/project/tkcastrosim/HNHuang/project_big_sim/analysis/_used_by_article_nonlinear_evolution_pps/HALOMASS/output/fof_reed07_highz_cache/BT_deep_snap0027_fof_reed07_input.npz
BT_deep,0027,14.3318146,1.2583333333e+01,0.0000000000e+00,0.0000000000e+00,/project/tkcastrosim/HNHuang/project_big_sim/analysis/_used_by_article_nonlinear_evolution_pps/HALOMASS/output/fof_reed07_highz_cache/BT_deep_snap0027_fof_reed07_input.npz
BT_deep,0027,14.3318146,1.2750000000e+01,0.0000000000e+00,0.0000000000e+00,/project/tkcastrosim/HNHuang/project_big_sim/analysis/_used_by_article_nonlinear_evolution_pps/HALOMASS/output/fof_reed07_highz_cache/BT_deep_snap0027_fof_reed07_input.npz
BT_deep,0027,14.3318146,1.2916666667e+01,0.0000000000e+00,0.0000000000e+00,/project/tkcastrosim/HNHuang/project_big_sim/analysis/_used_by_article_nonlinear_evolution_pps/HALOMASS/output/fof_reed07_highz_cache/BT_deep_snap0027_fof_reed07_input.npz
BT_deep,0030,10.51901923,8.0768154667e+00,1.2464130171e+01,3.8247206231e-02,/project/tkcastrosim/HNHuang/project_big_sim/analysis/_used_by_article_nonlinear_evolution_pps/HALOMASS/output/fof_reed07_highz_cache/BT_deep_snap0030_fof_reed07_input.npz
BT_deep,0030,10.51901923,8.2448022512e+00,7.2432792619e+00,2.9156564123e-02,/project/tkcastrosim/HNHuang/project_big_sim/analysis/_used_by_article_nonlinear_evolution_pps/HALOMASS/output/fof_reed07_highz_cache/BT_deep_snap0030_fof_reed07_input.npz
BT_deep,0030,10.51901923,8.4113827822e+00,4.3084578019e+00,2.2486903256e-02,/project/tkcastrosim/HNHuang/project_big_sim/analysis/_used_by_article_nonlinear_evolution_pps/HALOMASS/output/fof_reed07_highz_cache/BT_deep_snap0030_fof_reed07_input.npz
BT_deep,0030,10.51901923,8.5784089431e+00,2.3740529670e+00,1.6692213532e-02,/project/tkcastrosim/HNHuang/project_big_sim/analysis/_used_by_article_nonlinear_evolution_pps/HALOMASS/output/fof_reed07_highz_cache/BT_deep_snap0030_fof_reed07_input.npz
BT_deep,0030,10.51901923,8.7441068690e+00,1.3228174308e+00,1.2460018413e-02,/project/tkcastrosim/HNHuang/project_big_sim/analysis/_used_by_article_nonlinear_evolution_pps/HALOMASS/output/fof_reed07_highz_cache/BT_deep_snap0030_fof_reed07_input.npz
BT_deep,0030,10.51901923,8.9115923706e+00,7.2590061305e-01,9.2301192329e-03,/project/tkcastrosim/HNHuang/project_big_sim/analysis/_used_by_article_nonlinear_evolution_pps/HALOMASS/output/fof_reed07_highz_cache/BT_deep_snap0030_fof_reed07_input.npz
BT_deep,0030,10.51901923,9.0752634249e+00,3.8037896312e-01,6.6815461849e-03,/project/tkcastrosim/HNHuang/project_big_sim/analysis/_used_by_article_nonlinear_evolution_pps/HALOMASS/output/fof_reed07_highz_cache/BT_deep_snap0030_fof_reed07_input.npz
BT_deep,0030,10.51901923,9.2437623498e+00,1.9294755179e-01,4.7587004288e-03,/project/tkcastrosim/HNHuang/project_big_sim/analysis/_used_by_article_nonlinear_evolution_pps/HALOMASS/output/fof_reed07_highz_cache/BT_deep_snap0030_fof_reed07_input.npz
BT_deep,0030,10.51901923,9.4097082851e+00,1.0234201044e-01,3.4657377885e-03,/project/tkcastrosim/HNHuang/project_big_sim/analysis/_used_by_article_nonlinear_evolution_pps/HALOMASS/output/fof_reed07_highz_cache/BT_deep_snap0030_fof_reed07_input.npz
BT_deep,0030,10.51901923,9.5751153486e+00,5.0232087693e-02,2.4280596047e-03,/project/tkcastrosim/HNHuang/project_big_sim/analysis/_used_by_article_nonlinear_evolution_pps/HALOMASS/output/fof_reed07_highz_cache/BT_deep_snap0030_fof_reed07_input.npz
BT_deep,0030,10.51901923,9.7383613478e+00,2.3355573484e-02,1.6556327075e-03,/project/tkcastrosim/HNHuang/project_big_sim/analysis/_used_by_article_nonlinear_evolution_pps/HALOMASS/output/fof_reed07_highz_cache/BT_deep_snap0030_fof_reed07_input.npz
BT_deep,0030,10.51901923,9.9102221409e+00,1.1149645633e-02,1.1439295053e-03,/project/tkcastrosim/HNHuang/project_big_sim/analysis/_used_by_article_nonlinear_evolution_pps/HALOMASS/output/fof_reed07_highz_cache/BT_deep_snap0030_fof_reed07_input.npz
BT_deep,0030,10.51901923,1.0080504446e+01,5.5161404710e-03,8.0461178290e-04,/project/tkcastrosim/HNHuang/project_big_sim/analysis/_used_by_article_nonlinear_evolution_pps/HALOMASS/output/fof_reed07_highz_cache/BT_deep_snap0030_fof_reed07_input.npz
BT_deep,0030,10.51901923,1.0246155745e+01,1.7604703631e-03,4.5455149318e-04,/project/tkcastrosim/HNHuang/project_big_sim/analysis/_used_by_article_nonlinear_evolution_pps/HALOMASS/output/fof_reed07_highz_cache/BT_deep_snap0030_fof_reed07_input.npz
BT_deep,0030,10.51901923,1.0422138712e+01,1.0562822179e-03,3.5209407262e-04,/project/tkcastrosim/HNHuang/project_big_sim/analysis/_used_by_article_nonlinear_evolution_pps/HALOMASS/output/fof_reed07_highz_cache/BT_deep_snap0030_fof_reed07_input.npz
BT_deep,0030,10.51901923,1.0612886162e+01,4.6945876349e-04,2.3472938174e-04,/project/tkcastrosim/HNHuang/project_big_sim/analysis/_used_by_article_nonlinear_evolution_pps/HALOMASS/output/fof_reed07_highz_cache/BT_deep_snap0030_fof_reed07_input.npz
BT_deep,0030,10.51901923,1.0765908808e+01,2.3472938174e-04,1.6597873758e-04,/project/tkcastrosim/HNHuang/project_big_sim/analysis/_used_by_article_nonlinear_evolution_pps/HALOMASS/output/fof_reed07_highz_cache/BT_deep_snap0030_fof_reed07_input.npz
BT_deep,0030,10.51901923,1.0916666667e+01,0.0000000000e+00,0.0000000000e+00,/project/tkcastrosim/HNHuang/project_big_sim/analysis/_used_by_article_nonlinear_evolution_pps/HALOMASS/output/fof_reed07_highz_cache/BT_deep_snap0030_fof_reed07_input.npz
BT_deep,0030,10.51901923,1.1083333333e+01,0.0000000000e+00,0.0000000000e+00,/project/tkcastrosim/HNHuang/project_big_sim/analysis/_used_by_article_nonlinear_evolution_pps/HALOMASS/output/fof_reed07_highz_cache/BT_deep_snap0030_fof_reed07_input.npz
BT_deep,0030,10.51901923,1.1250000000e+01,0.0000000000e+00,0.0000000000e+00,/project/tkcastrosim/HNHuang/project_big_sim/analysis/_used_by_article_nonlinear_evolution_pps/HALOMASS/output/fof_reed07_highz_cache/BT_deep_snap0030_fof_reed07_input.npz
BT_deep,0030,10.51901923,1.1416666667e+01,0.0000000000e+00,0.0000000000e+00,/project/tkcastrosim/HNHuang/project_big_sim/analysis/_used_by_article_nonlinear_evolution_pps/HALOMASS/output/fof_reed07_highz_cache/BT_deep_snap0030_fof_reed07_input.npz
BT_deep,0030,10.51901923,1.1583333333e+01,0.0000000000e+00,0.0000000000e+00,/project/tkcastrosim/HNHuang/project_big_sim/analysis/_used_by_article_nonlinear_evolution_pps/HALOMASS/output/fof_reed07_highz_cache/BT_deep_snap0030_fof_reed07_input.npz
BT_deep,0030,10.51901923,1.1750000000e+01,0.0000000000e+00,0.0000000000e+00,/project/tkcastrosim/HNHuang/project_big_sim/analysis/_used_by_article_nonlinear_evolution_pps/HALOMASS/output/fof_reed07_highz_cache/BT_deep_snap0030_fof_reed07_input.npz
BT_deep,0030,10.51901923,1.1916666667e+01,0.0000000000e+00,0.0000000000e+00,/project/tkcastrosim/HNHuang/project_big_sim/analysis/_used_by_article_nonlinear_evolution_pps/HALOMASS/output/fof_reed07_highz_cache/BT_deep_snap0030_fof_reed07_input.npz
BT_deep,0030,10.51901923,1.2083333333e+01,0.0000000000e+00,0.0000000000e+00,/project/tkcastrosim/HNHuang/project_big_sim/analysis/_used_by_article_nonlinear_evolution_pps/HALOMASS/output/fof_reed07_highz_cache/BT_deep_snap0030_fof_reed07_input.npz
BT_deep,0030,10.51901923,1.2250000000e+01,0.0000000000e+00,0.0000000000e+00,/project/tkcastrosim/HNHuang/project_big_sim/analysis/_used_by_article_nonlinear_evolution_pps/HALOMASS/output/fof_reed07_highz_cache/BT_deep_snap0030_fof_reed07_input.npz
BT_deep,0030,10.51901923,1.2416666667e+01,0.0000000000e+00,0.0000000000e+00,/project/tkcastrosim/HNHuang/project_big_sim/analysis/_used_by_article_nonlinear_evolution_pps/HALOMASS/output/fof_reed07_highz_cache/BT_deep_snap0030_fof_reed07_input.npz
BT_deep,0030,10.51901923,1.2583333333e+01,0.0000000000e+00,0.0000000000e+00,/project/tkcastrosim/HNHuang/project_big_sim/analysis/_used_by_article_nonlinear_evolution_pps/HALOMASS/output/fof_reed07_highz_cache/BT_deep_snap0030_fof_reed07_input.npz
BT_deep,0030,10.51901923,1.2750000000e+01,0.0000000000e+00,0.0000000000e+00,/project/tkcastrosim/HNHuang/project_big_sim/analysis/_used_by_article_nonlinear_evolution_pps/HALOMASS/output/fof_reed07_highz_cache/BT_deep_snap0030_fof_reed07_input.npz
BT_deep,0030,10.51901923,1.2916666667e+01,0.0000000000e+00,0.0000000000e+00,/project/tkcastrosim/HNHuang/project_big_sim/analysis/_used_by_article_nonlinear_evolution_pps/HALOMASS/output/fof_reed07_highz_cache/BT_deep_snap0030_fof_reed07_input.npz
BT_deep,0032,8.519850605,8.0777659307e+00,1.9310599413e+01,4.7606538738e-02,/project/tkcastrosim/HNHuang/project_big_sim/analysis/_used_by_article_nonlinear_evolution_pps/HALOMASS/output/fof_reed07_highz_cache/BT_deep_snap0032_fof_reed07_input.npz
BT_deep,0032,8.519850605,8.2459311669e+00,1.1817802818e+01,3.7242351893e-02,/project/tkcastrosim/HNHuang/project_big_sim/analysis/_used_by_article_nonlinear_evolution_pps/HALOMASS/output/fof_reed07_highz_cache/BT_deep_snap0032_fof_reed07_input.npz
BT_deep,0032,8.519850605,8.4123137150e+00,7.4714362209e+00,2.9612206984e-02,/project/tkcastrosim/HNHuang/project_big_sim/analysis/_used_by_article_nonlinear_evolution_pps/HALOMASS/output/fof_reed07_highz_cache/BT_deep_snap0032_fof_reed07_input.npz
BT_deep,0032,8.519850605,8.5793869669e+00,4.4962413073e+00,2.2971721118e-02,/project/tkcastrosim/HNHuang/project_big_sim/analysis/_used_by_article_nonlinear_evolution_pps/HALOMASS/output/fof_reed07_highz_cache/BT_deep_snap0032_fof_reed07_input.npz
BT_deep,0032,8.519850605,8.7457638729e+00,2.6980968785e+00,1.7794979800e-02,/project/tkcastrosim/HNHuang/project_big_sim/analysis/_used_by_article_nonlinear_evolution_pps/HALOMASS/output/fof_reed07_highz_cache/BT_deep_snap0032_fof_reed07_input.npz
BT_deep,0032,8.519850605,8.9123447609e+00,1.5974508075e+00,1.3692491380e-02,/project/tkcastrosim/HNHuang/project_big_sim/analysis/_used_by_article_nonlinear_evolution_pps/HALOMASS/output/fof_reed07_highz_cache/BT_deep_snap0032_fof_reed07_input.npz
BT_deep,0032,8.519850605,9.0781987599e+00,9.1333202437e-01,1.0353401890e-02,/project/tkcastrosim/HNHuang/project_big_sim/analysis/_used_by_article_nonlinear_evolution_pps/HALOMASS/output/fof_reed07_highz_cache/BT_deep_snap0032_fof_reed07_input.npz
BT_deep,0032,8.519850605,9.2448267313e+00,5.3940811925e-01,7.9565989700e-03,/project/tkcastrosim/HNHuang/project_big_sim/analysis/_used_by_article_nonlinear_evolution_pps/HALOMASS/output/fof_reed07_highz_cache/BT_deep_snap0032_fof_reed07_input.npz
BT_deep,0032,8.519850605,9.4100019348e+00,2.9200335089e-01,5.8541338395e-03,/project/tkcastrosim/HNHuang/project_big_sim/analysis/_used_by_article_nonlinear_evolution_pps/HALOMASS/output/fof_reed07_highz_cache/BT_deep_snap0032_fof_reed07_input.npz
BT_deep,0032,8.519850605,9.5769592579e+00,1.6078962650e-01,4.3440792821e-03,/project/tkcastrosim/HNHuang/project_big_sim/analysis/_used_by_article_nonlinear_evolution_pps/HALOMASS/output/fof_reed07_highz_cache/BT_deep_snap0032_fof_reed07_input.npz
BT_deep,0032,8.519850605,9.7452665347e+00,8.6967235936e-02,3.1948212410e-03,/project/tkcastrosim/HNHuang/project_big_sim/analysis/_used_by_article_nonlinear_evolution_pps/HALOMASS/output/fof_reed07_highz_cache/BT_deep_snap0032_fof_reed07_input.npz
BT_deep,0032,8.519850605,9.9098805028e+00,4.5654864749e-02,2.3147935303e-03,/project/tkcastrosim/HNHuang/project_big_sim/analysis/_used_by_article_nonlinear_evolution_pps/HALOMASS/output/fof_reed07_highz_cache/BT_deep_snap0032_fof_reed07_input.npz
BT_deep,0032,8.519850605,1.0071847097e+01,2.5585502610e-02,1.7328688942e-03,/project/tkcastrosim/HNHuang/project_big_sim/analysis/_used_by_article_nonlinear_evolution_pps/HALOMASS/output/fof_reed07_highz_cache/BT_deep_snap0032_fof_reed07_input.npz
BT_deep,0032,8.519850605,1.0240806040e+01,1.2205927851e-02,1.1968896979e-03,/project/tkcastrosim/HNHuang/project_big_sim/analysis/_used_by_article_nonlinear_evolution_pps/HALOMASS/output/fof_reed07_highz_cache/BT_deep_snap0032_fof_reed07_input.npz
BT_deep,0032,8.519850605,1.0405886947e+01,7.7460695976e-03,9.5347525599e-04,/project/tkcastrosim/HNHuang/project_big_sim/analysis/_used_by_article_nonlinear_evolution_pps/HALOMASS/output/fof_reed07_highz_cache/BT_deep_snap0032_fof_reed07_input.npz
BT_deep,0032,8.519850605,1.0576116421e+01,3.1688466536e-03,6.0984482282e-04,/project/tkcastrosim/HNHuang/project_big_sim/analysis/_used_by_article_nonlinear_evolution_pps/HALOMASS/output/fof_reed07_highz_cache/BT_deep_snap0032_fof_reed07_input.npz
BT_deep,0032,8.519850605,1.0729425788e+01,1.5257409813e-03,4.2316441087e-04,/project/tkcastrosim/HNHuang/project_big_sim/analysis/_used_by_article_nonlinear_evolution_pps/HALOMASS/output/fof_reed07_highz_cache/BT_deep_snap0032_fof_reed07_input.npz
BT_deep,0032,8.519850605,1.0903123743e+01,9.3891752698e-04,3.3195747515e-04,/project/tkcastrosim/HNHuang/project_big_sim/analysis/_used_by_article_nonlinear_evolution_pps/HALOMASS/output/fof_reed07_highz_cache/BT_deep_snap0032_fof_reed07_input.npz
BT_deep,0032,8.519850605,1.1048852289e+01,4.6945876349e-04,2.3472938174e-04,/project/tkcastrosim/HNHuang/project_big_sim/analysis/_used_by_article_nonlinear_evolution_pps/HALOMASS/output/fof_reed07_highz_cache/BT_deep_snap0032_fof_reed07_input.npz
BT_deep,0032,8.519850605,1.1250000000e+01,0.0000000000e+00,0.0000000000e+00,/project/tkcastrosim/HNHuang/project_big_sim/analysis/_used_by_article_nonlinear_evolution_pps/HALOMASS/output/fof_reed07_highz_cache/BT_deep_snap0032_fof_reed07_input.npz
BT_deep,0032,8.519850605,1.1416666667e+01,0.0000000000e+00,0.0000000000e+00,/project/tkcastrosim/HNHuang/project_big_sim/analysis/_used_by_article_nonlinear_evolution_pps/HALOMASS/output/fof_reed07_highz_cache/BT_deep_snap0032_fof_reed07_input.npz
BT_deep,0032,8.519850605,1.1583333333e+01,0.0000000000e+00,0.0000000000e+00,/project/tkcastrosim/HNHuang/project_big_sim/analysis/_used_by_article_nonlinear_evolution_pps/HALOMASS/output/fof_reed07_highz_cache/BT_deep_snap0032_fof_reed07_input.npz
BT_deep,0032,8.519850605,1.1750000000e+01,0.0000000000e+00,0.0000000000e+00,/project/tkcastrosim/HNHuang/project_big_sim/analysis/_used_by_article_nonlinear_evolution_pps/HALOMASS/output/fof_reed07_highz_cache/BT_deep_snap0032_fof_reed07_input.npz
BT_deep,0032,8.519850605,1.1916666667e+01,0.0000000000e+00,0.0000000000e+00,/project/tkcastrosim/HNHuang/project_big_sim/analysis/_used_by_article_nonlinear_evolution_pps/HALOMASS/output/fof_reed07_highz_cache/BT_deep_snap0032_fof_reed07_input.npz
BT_deep,0032,8.519850605,1.2083333333e+01,0.0000000000e+00,0.0000000000e+00,/project/tkcastrosim/HNHuang/project_big_sim/analysis/_used_by_article_nonlinear_evolution_pps/HALOMASS/output/fof_reed07_highz_cache/BT_deep_snap0032_fof_reed07_input.npz
BT_deep,0032,8.519850605,1.2250000000e+01,0.0000000000e+00,0.0000000000e+00,/project/tkcastrosim/HNHuang/project_big_sim/analysis/_used_by_article_nonlinear_evolution_pps/HALOMASS/output/fof_reed07_highz_cache/BT_deep_snap0032_fof_reed07_input.npz
BT_deep,0032,8.519850605,1.2416666667e+01,0.0000000000e+00,0.0000000000e+00,/project/tkcastrosim/HNHuang/project_big_sim/analysis/_used_by_article_nonlinear_evolution_pps/HALOMASS/output/fof_reed07_highz_cache/BT_deep_snap0032_fof_reed07_input.npz
BT_deep,0032,8.519850605,1.2583333333e+01,0.0000000000e+00,0.0000000000e+00,/project/tkcastrosim/HNHuang/project_big_sim/analysis/_used_by_article_nonlinear_evolution_pps/HALOMASS/output/fof_reed07_highz_cache/BT_deep_snap0032_fof_reed07_input.npz
BT_deep,0032,8.519850605,1.2750000000e+01,0.0000000000e+00,0.0000000000e+00,/project/tkcastrosim/HNHuang/project_big_sim/analysis/_used_by_article_nonlinear_evolution_pps/HALOMASS/output/fof_reed07_highz_cache/BT_deep_snap0032_fof_reed07_input.npz
BT_deep,0032,8.519850605,1.2916666667e+01,0.0000000000e+00,0.0000000000e+00,/project/tkcastrosim/HNHuang/project_big_sim/analysis/_used_by_article_nonlinear_evolution_pps/HALOMASS/output/fof_reed07_highz_cache/BT_deep_snap0032_fof_reed07_input.npz
BT_deep,0040,3.441080566,8.0787716744e+00,2.9142826390e+01,5.8483662765e-02,/project/tkcastrosim/HNHuang/project_big_sim/analysis/_used_by_article_nonlinear_evolution_pps/HALOMASS/output/fof_reed07_highz_cache/BT_deep_snap0040_fof_reed07_input.npz
BT_deep,0040,3.441080566,8.2467185131e+00,1.9376206275e+01,4.7687340665e-02,/project/tkcastrosim/HNHuang/project_big_sim/analysis/_used_by_article_nonlinear_evolution_pps/HALOMASS/output/fof_reed07_highz_cache/BT_deep_snap0040_fof_reed07_input.npz
BT_deep,0040,3.441080566,8.4138836131e+00,1.3420769766e+01,3.9687838123e-02,/project/tkcastrosim/HNHuang/project_big_sim/analysis/_used_by_article_nonlinear_evolution_pps/HALOMASS/output/fof_reed07_highz_cache/BT_deep_snap0040_fof_reed07_input.npz
BT_deep,0040,3.441080566,8.5807867297e+00,8.8890843220e+00,3.2299607329e-02,/project/tkcastrosim/HNHuang/project_big_sim/analysis/_used_by_article_nonlinear_evolution_pps/HALOMASS/output/fof_reed07_highz_cache/BT_deep_snap0040_fof_reed07_input.npz
BT_deep,0040,3.441080566,8.7466961453e+00,6.0082506198e+00,2.6554782558e-02,/project/tkcastrosim/HNHuang/project_big_sim/analysis/_used_by_article_nonlinear_evolution_pps/HALOMASS/output/fof_reed07_highz_cache/BT_deep_snap0040_fof_reed07_input.npz
BT_deep,0040,3.441080566,8.9142633922e+00,4.0213837680e+00,2.1724835162e-02,/project/tkcastrosim/HNHuang/project_big_sim/analysis/_used_by_article_nonlinear_evolution_pps/HALOMASS/output/fof_reed07_highz_cache/BT_deep_snap0040_fof_reed07_input.npz
BT_deep,0040,3.441080566,9.0797330652e+00,2.6753281284e+00,1.7719736419e-02,/project/tkcastrosim/HNHuang/project_big_sim/analysis/_used_by_article_nonlinear_evolution_pps/HALOMASS/output/fof_reed07_highz_cache/BT_deep_snap0040_fof_reed07_input.npz
BT_deep,0040,3.441080566,9.2469670479e+00,1.7738499378e+00,1.4428698819e-02,/project/tkcastrosim/HNHuang/project_big_sim/analysis/_used_by_article_nonlinear_evolution_pps/HALOMASS/output/fof_reed07_highz_cache/BT_deep_snap0040_fof_reed07_input.npz
BT_deep,0040,3.441080566,9.4138335955e+00,1.1593284164e+00,1.1664656927e-02,/project/tkcastrosim/HNHuang/project_big_sim/analysis/_used_by_article_nonlinear_evolution_pps/HALOMASS/output/fof_reed07_highz_cache/BT_deep_snap0040_fof_reed07_input.npz
BT_deep,0040,3.441080566,9.5800515540e+00,7.5794117365e-01,9.4316240142e-03,/project/tkcastrosim/HNHuang/project_big_sim/analysis/_used_by_article_nonlinear_evolution_pps/HALOMASS/output/fof_reed07_highz_cache/BT_deep_snap0040_fof_reed07_input.npz
BT_deep,0040,3.441080566,9.7460541873e+00,5.1182741689e-01,7.7505139548e-03,/project/tkcastrosim/HNHuang/project_big_sim/analysis/_used_by_article_nonlinear_evolution_pps/HALOMASS/output/fof_reed07_highz_cache/BT_deep_snap0040_fof_reed07_input.npz
BT_deep,0040,3.441080566,9.9139995426e+00,3.2744748753e-01,6.1992558546e-03,/project/tkcastrosim/HNHuang/project_big_sim/analysis/_used_by_article_nonlinear_evolution_pps/HALOMASS/output/fof_reed07_highz_cache/BT_deep_snap0040_fof_reed07_input.npz
BT_deep,0040,3.441080566,1.0079504455e+01,2.1888514848e-01,5.0684699651e-03,/project/tkcastrosim/HNHuang/project_big_sim/analysis/_used_by_article_nonlinear_evolution_pps/HALOMASS/output/fof_reed07_highz_cache/BT_deep_snap0040_fof_reed07_input.npz
BT_deep,0040,3.441080566,1.0249198931e+01,1.4787951050e-01,4.1660332495e-03,/project/tkcastrosim/HNHuang/project_big_sim/analysis/_used_by_article_nonlinear_evolution_pps/HALOMASS/output/fof_reed07_highz_cache/BT_deep_snap0040_fof_reed07_input.npz
BT_deep,0040,3.441080566,1.0411159460e+01,9.6004317134e-02,3.3567122312e-03,/project/tkcastrosim/HNHuang/project_big_sim/analysis/_used_by_article_nonlinear_evolution_pps/HALOMASS/output/fof_reed07_highz_cache/BT_deep_snap0040_fof_reed07_input.npz
BT_deep,0040,3.441080566,1.0581039546e+01,6.7954156015e-02,2.8240783477e-03,/project/tkcastrosim/HNHuang/project_big_sim/analysis/_used_by_article_nonlinear_evolution_pps/HALOMASS/output/fof_reed07_highz_cache/BT_deep_snap0040_fof_reed07_input.npz
BT_deep,0040,3.441080566,1.0751518739e+01,4.1077641805e-02,2.1956923127e-03,/project/tkcastrosim/HNHuang/project_big_sim/analysis/_used_by_article_nonlinear_evolution_pps/HALOMASS/output/fof_reed07_highz_cache/BT_deep_snap0040_fof_reed07_input.npz
BT_deep,0040,3.441080566,1.0913549229e+01,2.6993878901e-02,1.7799236648e-03,/project/tkcastrosim/HNHuang/project_big_sim/analysis/_used_by_article_nonlinear_evolution_pps/HALOMASS/output/fof_reed07_highz_cache/BT_deep_snap0040_fof_reed07_input.npz
BT_deep,0040,3.441080566,1.1080488054e+01,1.9482538685e-02,1.5121382642e-03,/project/tkcastrosim/HNHuang/project_big_sim/analysis/_used_by_article_nonlinear_evolution_pps/HALOMASS/output/fof_reed07_highz_cache/BT_deep_snap0040_fof_reed07_input.npz
BT_deep,0040,3.441080566,1.1245352470e+01,9.8586340333e-03,1.0756651597e-03,/project/tkcastrosim/HNHuang/project_big_sim/analysis/_used_by_article_nonlinear_evolution_pps/HALOMASS/output/fof_reed07_highz_cache/BT_deep_snap0040_fof_reed07_input.npz
BT_deep,0040,3.441080566,1.1424474833e+01,7.9807989793e-03,9.6781403437e-04,/project/tkcastrosim/HNHuang/project_big_sim/analysis/_used_by_article_nonlinear_evolution_pps/HALOMASS/output/fof_reed07_highz_cache/BT_deep_snap0040_fof_reed07_input.npz
BT_deep,0040,3.441080566,1.1581187171e+01,3.8730347988e-03,6.7420881921e-04,/project/tkcastrosim/HNHuang/project_big_sim/analysis/_used_by_article_nonlinear_evolution_pps/HALOMASS/output/fof_reed07_highz_cache/BT_deep_snap0040_fof_reed07_input.npz
BT_deep,0040,3.441080566,1.1741944543e+01,3.2862113444e-03,6.2103556950e-04,/project/tkcastrosim/HNHuang/project_big_sim/analysis/_used_by_article_nonlinear_evolution_pps/HALOMASS/output/fof_reed07_highz_cache/BT_deep_snap0040_fof_reed07_input.npz
BT_deep,0040,3.441080566,1.1913057514e+01,1.8778350540e-03,4.6945876349e-04,/project/tkcastrosim/HNHuang/project_big_sim/analysis/_used_by_article_nonlinear_evolution_pps/HALOMASS/output/fof_reed07_highz_cache/BT_deep_snap0040_fof_reed07_input.npz
BT_deep,0040,3.441080566,1.2063568357e+01,9.3891752698e-04,3.3195747515e-04,/project/tkcastrosim/HNHuang/project_big_sim/analysis/_used_by_article_nonlinear_evolution_pps/HALOMASS/output/fof_reed07_highz_cache/BT_deep_snap0040_fof_reed07_input.npz
BT_deep,0040,3.441080566,1.2245084140e+01,9.3891752698e-04,3.3195747515e-04,/project/tkcastrosim/HNHuang/project_big_sim/analysis/_used_by_article_nonlinear_evolution_pps/HALOMASS/output/fof_reed07_highz_cache/BT_deep_snap0040_fof_reed07_input.npz
BT_deep,0040,3.441080566,1.2416666667e+01,0.0000000000e+00,0.0000000000e+00,/project/tkcastrosim/HNHuang/project_big_sim/analysis/_used_by_article_nonlinear_evolution_pps/HALOMASS/output/fof_reed07_highz_cache/BT_deep_snap0040_fof_reed07_input.npz
BT_deep,0040,3.441080566,1.2583333333e+01,0.0000000000e+00,0.0000000000e+00,/project/tkcastrosim/HNHuang/project_big_sim/analysis/_used_by_article_nonlinear_evolution_pps/HALOMASS/output/fof_reed07_highz_cache/BT_deep_snap0040_fof_reed07_input.npz
BT_deep,0040,3.441080566,1.2750000000e+01,0.0000000000e+00,0.0000000000e+00,/project/tkcastrosim/HNHuang/project_big_sim/analysis/_used_by_article_nonlinear_evolution_pps/HALOMASS/output/fof_reed07_highz_cache/BT_deep_snap0040_fof_reed07_input.npz
BT_deep,0040,3.441080566,1.2916666667e+01,0.0000000000e+00,0.0000000000e+00,/project/tkcastrosim/HNHuang/project_big_sim/analysis/_used_by_article_nonlinear_evolution_pps/HALOMASS/output/fof_reed07_highz_cache/BT_deep_snap0040_fof_reed07_input.npz
BT_deep,0042,2.670314517,8.0789090722e+00,2.8509643883e+01,5.7844840230e-02,/project/tkcastrosim/HNHuang/project_big_sim/analysis/_used_by_article_nonlinear_evolution_pps/HALOMASS/output/fof_reed07_highz_cache/BT_deep_snap0042_fof_reed07_input.npz
BT_deep,0042,2.670314517,8.2469369977e+00,1.8981743549e+01,4.7199432876e-02,/project/tkcastrosim/HNHuang/project_big_sim/analysis/_used_by_article_nonlinear_evolution_pps/HALOMASS/output/fof_reed07_highz_cache/BT_deep_snap0042_fof_reed07_input.npz
BT_deep,0042,2.670314517,8.4138403438e+00,1.3187448760e+01,3.9341337638e-02,/project/tkcastrosim/HNHuang/project_big_sim/analysis/_used_by_article_nonlinear_evolution_pps/HALOMASS/output/fof_reed07_highz_cache/BT_deep_snap0042_fof_reed07_input.npz
BT_deep,0042,2.670314517,8.5809188698e+00,8.8218343541e+00,3.2177194749e-02,/project/tkcastrosim/HNHuang/project_big_sim/analysis/_used_by_article_nonlinear_evolution_pps/HALOMASS/output/fof_reed07_highz_cache/BT_deep_snap0042_fof_reed07_input.npz
BT_deep,0042,2.670314517,8.7470664837e+00,6.0591868957e+00,2.6667107022e-02,/project/tkcastrosim/HNHuang/project_big_sim/analysis/_used_by_article_nonlinear_evolution_pps/HALOMASS/output/fof_reed07_highz_cache/BT_deep_snap0042_fof_reed07_input.npz
BT_deep,0042,2.670314517,8.9141585325e+00,3.9936857010e+00,2.1649888862e-02,/project/tkcastrosim/HNHuang/project_big_sim/analysis/_used_by_article_nonlinear_evolution_pps/HALOMASS/output/fof_reed07_highz_cache/BT_deep_snap0042_fof_reed07_input.npz
BT_deep,0042,2.670314517,9.0802621008e+00,2.7023220073e+00,1.7808907519e-02,/project/tkcastrosim/HNHuang/project_big_sim/analysis/_used_by_article_nonlinear_evolution_pps/HALOMASS/output/fof_reed07_highz_cache/BT_deep_snap0042_fof_reed07_input.npz
BT_deep,0042,2.670314517,9.2468188964e+00,1.8067120513e+00,1.4561737582e-02,/project/tkcastrosim/HNHuang/project_big_sim/analysis/_used_by_article_nonlinear_evolution_pps/HALOMASS/output/fof_reed07_highz_cache/BT_deep_snap0042_fof_reed07_input.npz
BT_deep,0042,2.670314517,9.4140630921e+00,1.2083868572e+00,1.1908902130e-02,/project/tkcastrosim/HNHuang/project_big_sim/analysis/_used_by_article_nonlinear_evolution_pps/HALOMASS/output/fof_reed07_highz_cache/BT_deep_snap0042_fof_reed07_input.npz
BT_deep,0042,2.670314517,9.5795484059e+00,7.8352667626e-01,9.5894924866e-03,/project/tkcastrosim/HNHuang/project_big_sim/analysis/_used_by_article_nonlinear_evolution_pps/HALOMASS/output/fof_reed07_highz_cache/BT_deep_snap0042_fof_reed07_input.npz
BT_deep,0042,2.670314517,9.7464436645e+00,5.4398534219e-01,7.9902860728e-03,/project/tkcastrosim/HNHuang/project_big_sim/analysis/_used_by_article_nonlinear_evolution_pps/HALOMASS/output/fof_reed07_highz_cache/BT_deep_snap0042_fof_reed07_input.npz
BT_deep,0042,2.670314517,9.9127969709e+00,3.5092042571e-01,6.4176060400e-03,/project/tkcastrosim/HNHuang/project_big_sim/analysis/_used_by_article_nonlinear_evolution_pps/HALOMASS/output/fof_reed07_highz_cache/BT_deep_snap0042_fof_reed07_input.npz
BT_deep,0042,2.670314517,1.0080726575e+01,2.4646585083e-01,5.3783257984e-03,/project/tkcastrosim/HNHuang/project_big_sim/analysis/_used_by_article_nonlinear_evolution_pps/HALOMASS/output/fof_reed07_highz_cache/BT_deep_snap0042_fof_reed07_input.npz
BT_deep,0042,2.670314517,1.0247109881e+01,1.5632976824e-01,4.2834092641e-03,/project/tkcastrosim/HNHuang/project_big_sim/analysis/_used_by_article_nonlinear_evolution_pps/HALOMASS/output/fof_reed07_highz_cache/BT_deep_snap0042_fof_reed07_input.npz
BT_deep,0042,2.670314517,1.0415503172e+01,1.1020544473e-01,3.5964187678e-03,/project/tkcastrosim/HNHuang/project_big_sim/analysis/_used_by_article_nonlinear_evolution_pps/HALOMASS/output/fof_reed07_highz_cache/BT_deep_snap0042_fof_reed07_input.npz
BT_deep,0042,2.670314517,1.0579387982e+01,7.8751707575e-02,3.0401759514e-03,/project/tkcastrosim/HNHuang/project_big_sim/analysis/_used_by_article_nonlinear_evolution_pps/HALOMASS/output/fof_reed07_highz_cache/BT_deep_snap0042_fof_reed07_input.npz
BT_deep,0042,2.670314517,1.0743880496e+01,5.1640463984e-02,2.4618625250e-03,/project/tkcastrosim/HNHuang/project_big_sim/analysis/_used_by_article_nonlinear_evolution_pps/HALOMASS/output/fof_reed07_highz_cache/BT_deep_snap0042_fof_reed07_input.npz
BT_deep,0042,2.670314517,1.0918141300e+01,3.1923195917e-02,1.9356280687e-03,/project/tkcastrosim/HNHuang/project_big_sim/analysis/_used_by_article_nonlinear_evolution_pps/HALOMASS/output/fof_reed07_highz_cache/BT_deep_snap0042_fof_reed07_input.npz
BT_deep,0042,2.670314517,1.1080354298e+01,2.4646585083e-02,1.7007759521e-03,/project/tkcastrosim/HNHuang/project_big_sim/analysis/_used_by_article_nonlinear_evolution_pps/HALOMASS/output/fof_reed07_highz_cache/BT_deep_snap0042_fof_reed07_input.npz
BT_deep,0042,2.670314517,1.1240324281e+01,1.6313692031e-02,1.3837092983e-03,/project/tkcastrosim/HNHuang/project_big_sim/analysis/_used_by_article_nonlinear_evolution_pps/HALOMASS/output/fof_reed07_highz_cache/BT_deep_snap0042_fof_reed07_input.npz
BT_deep,0042,2.670314517,1.1407140691e+01,9.9759987241e-03,1.0820489852e-03,/project/tkcastrosim/HNHuang/project_big_sim/analysis/_used_by_article_nonlinear_evolution_pps/HALOMASS/output/fof_reed07_highz_cache/BT_deep_snap0042_fof_reed07_input.npz
BT_deep,0042,2.670314517,1.1570421270e+01,5.9855992345e-03,8.3815153990e-04,/project/tkcastrosim/HNHuang/project_big_sim/analysis/_used_by_article_nonlinear_evolution_pps/HALOMASS/output/fof_reed07_highz_cache/BT_deep_snap0042_fof_reed07_input.npz
BT_deep,0042,2.670314517,1.1754113397e+01,3.4035760353e-03,6.3202820289e-04,/project/tkcastrosim/HNHuang/project_big_sim/analysis/_used_by_article_nonlinear_evolution_pps/HALOMASS/output/fof_reed07_highz_cache/BT_deep_snap0042_fof_reed07_input.npz
BT_deep,0042,2.670314517,1.1897134721e+01,2.3472938174e-03,5.2487085390e-04,/project/tkcastrosim/HNHuang/project_big_sim/analysis/_used_by_article_nonlinear_evolution_pps/HALOMASS/output/fof_reed07_highz_cache/BT_deep_snap0042_fof_reed07_input.npz
BT_deep,0042,2.670314517,1.2080475230e+01,2.2299291266e-03,5.1158082705e-04,/project/tkcastrosim/HNHuang/project_big_sim/analysis/_used_by_article_nonlinear_evolution_pps/HALOMASS/output/fof_reed07_highz_cache/BT_deep_snap0042_fof_reed07_input.npz
BT_deep,0042,2.670314517,1.2249241911e+01,1.8778350540e-03,4.6945876349e-04,/project/tkcastrosim/HNHuang/project_big_sim/analysis/_used_by_article_nonlinear_evolution_pps/HALOMASS/output/fof_reed07_highz_cache/BT_deep_snap0042_fof_reed07_input.npz
BT_deep,0042,2.670314517,1.2407754663e+01,1.1736469087e-03,3.7113974004e-04,/project/tkcastrosim/HNHuang/project_big_sim/analysis/_used_by_article_nonlinear_evolution_pps/HALOMASS/output/fof_reed07_highz_cache/BT_deep_snap0042_fof_reed07_input.npz
BT_deep,0042,2.670314517,1.2583333333e+01,0.0000000000e+00,0.0000000000e+00,/project/tkcastrosim/HNHuang/project_big_sim/analysis/_used_by_article_nonlinear_evolution_pps/HALOMASS/output/fof_reed07_highz_cache/BT_deep_snap0042_fof_reed07_input.npz
BT_deep,0042,2.670314517,1.2750000000e+01,0.0000000000e+00,0.0000000000e+00,/project/tkcastrosim/HNHuang/project_big_sim/analysis/_used_by_article_nonlinear_evolution_pps/HALOMASS/output/fof_reed07_highz_cache/BT_deep_snap0042_fof_reed07_input.npz
BT_deep,0042,2.670314517,1.2916666667e+01,0.0000000000e+00,0.0000000000e+00,/project/tkcastrosim/HNHuang/project_big_sim/analysis/_used_by_article_nonlinear_evolution_pps/HALOMASS/output/fof_reed07_highz_cache/BT_deep_snap0042_fof_reed07_input.npz
BT_deep,0046,1.506874201,8.0790742240e+00,2.5870229350e+01,5.5102191159e-02,/project/tkcastrosim/HNHuang/project_big_sim/analysis/_used_by_article_nonlinear_evolution_pps/HALOMASS/output/fof_reed07_highz_cache/BT_deep_snap0046_fof_reed07_input.npz
BT_deep,0046,1.506874201,8.2468447097e+00,1.7229019255e+01,4.4967527383e-02,/project/tkcastrosim/HNHuang/project_big_sim/analysis/_used_by_article_nonlinear_evolution_pps/HALOMASS/output/fof_reed07_highz_cache/BT_deep_snap0046_fof_reed07_input.npz
BT_deep,0046,1.506874201,8.4139346593e+00,1.2125885132e+01,3.7724670443e-02,/project/tkcastrosim/HNHuang/project_big_sim/analysis/_used_by_article_nonlinear_evolution_pps/HALOMASS/output/fof_reed07_highz_cache/BT_deep_snap0046_fof_reed07_input.npz
BT_deep,0046,1.506874201,8.5810798000e+00,8.1931117051e+00,3.1009386040e-02,/project/tkcastrosim/HNHuang/project_big_sim/analysis/_used_by_article_nonlinear_evolution_pps/HALOMASS/output/fof_reed07_highz_cache/BT_deep_snap0046_fof_reed07_input.npz
BT_deep,0046,1.506874201,8.7475766254e+00,5.6441853487e+00,2.5737677997e-02,/project/tkcastrosim/HNHuang/project_big_sim/analysis/_used_by_article_nonlinear_evolution_pps/HALOMASS/output/fof_reed07_highz_cache/BT_deep_snap0046_fof_reed07_input.npz
BT_deep,0046,1.506874201,8.9142247544e+00,3.7826639868e+00,2.1070149252e-02,/project/tkcastrosim/HNHuang/project_big_sim/analysis/_used_by_article_nonlinear_evolution_pps/HALOMASS/output/fof_reed07_highz_cache/BT_deep_snap0046_fof_reed07_input.npz
BT_deep,0046,1.506874201,9.0804085631e+00,2.5503347327e+00,1.7300845283e-02,/project/tkcastrosim/HNHuang/project_big_sim/analysis/_used_by_article_nonlinear_evolution_pps/HALOMASS/output/fof_reed07_highz_cache/BT_deep_snap0046_fof_reed07_input.npz
BT_deep,0046,1.506874201,9.2466527470e+00,1.7286645319e+00,1.4243741728e-02,/project/tkcastrosim/HNHuang/project_big_sim/analysis/_used_by_article_nonlinear_evolution_pps/HALOMASS/output/fof_reed07_highz_cache/BT_deep_snap0046_fof_reed07_input.npz
BT_deep,0046,1.506874201,9.4135820220e+00,1.1796325080e+00,1.1766359022e-02,/project/tkcastrosim/HNHuang/project_big_sim/analysis/_used_by_article_nonlinear_evolution_pps/HALOMASS/output/fof_reed07_highz_cache/BT_deep_snap0046_fof_reed07_input.npz
BT_deep,0046,1.506874201,9.5808094193e+00,7.8599133477e-01,9.6045629798e-03,/project/tkcastrosim/HNHuang/project_big_sim/analysis/_used_by_article_nonlinear_evolution_pps/HALOMASS/output/fof_reed07_highz_cache/BT_deep_snap0046_fof_reed07_input.npz
BT_deep,0046,1.506874201,9.7455512738e+00,5.3013630867e-01,7.8879201306e-03,/project/tkcastrosim/HNHuang/project_big_sim/analysis/_used_by_article_nonlinear_evolution_pps/HALOMASS/output/fof_reed07_highz_cache/BT_deep_snap0046_fof_reed07_input.npz
BT_deep,0046,1.506874201,9.9127149591e+00,3.5925331876e-01,6.4933546570e-03,/project/tkcastrosim/HNHuang/project_big_sim/analysis/_used_by_article_nonlinear_evolution_pps/HALOMASS/output/fof_reed07_highz_cache/BT_deep_snap0046_fof_reed07_input.npz
BT_deep,0046,1.506874201,1.0079017468e+01,2.4857841527e-01,5.4013265838e-03,/project/tkcastrosim/HNHuang/project_big_sim/analysis/_used_by_article_nonlinear_evolution_pps/HALOMASS/output/fof_reed07_highz_cache/BT_deep_snap0046_fof_reed07_input.npz
BT_deep,0046,1.506874201,1.0248819069e+01,1.6747941387e-01,4.4335278996e-03,/project/tkcastrosim/HNHuang/project_big_sim/analysis/_used_by_article_nonlinear_evolution_pps/HALOMASS/output/fof_reed07_highz_cache/BT_deep_snap0046_fof_reed07_input.npz
BT_deep,0046,1.506874201,1.0414097721e+01,1.1619104396e-01,3.6927937875e-03,/project/tkcastrosim/HNHuang/project_big_sim/analysis/_used_by_article_nonlinear_evolution_pps/HALOMASS/output/fof_reed07_highz_cache/BT_deep_snap0046_fof_reed07_input.npz
BT_deep,0046,1.506874201,1.0579431394e+01,7.6991237212e-02,3.0060027870e-03,/project/tkcastrosim/HNHuang/project_big_sim/analysis/_used_by_article_nonlinear_evolution_pps/HALOMASS/output/fof_reed07_highz_cache/BT_deep_snap0046_fof_reed07_input.npz
BT_deep,0046,1.506874201,1.0745186735e+01,5.7039239764e-02,2.5873524581e-03,/project/tkcastrosim/HNHuang/project_big_sim/analysis/_used_by_article_nonlinear_evolution_pps/HALOMASS/output/fof_reed07_highz_cache/BT_deep_snap0046_fof_reed07_input.npz
BT_deep,0046,1.506874201,1.0914740461e+01,3.8612983297e-02,2.1288026795e-03,/project/tkcastrosim/HNHuang/project_big_sim/analysis/_used_by_article_nonlinear_evolution_pps/HALOMASS/output/fof_reed07_highz_cache/BT_deep_snap0046_fof_reed07_input.npz
BT_deep,0046,1.506874201,1.1081537277e+01,2.5937596683e-02,1.7447515630e-03,/project/tkcastrosim/HNHuang/project_big_sim/analysis/_used_by_article_nonlinear_evolution_pps/HALOMASS/output/fof_reed07_highz_cache/BT_deep_snap0046_fof_reed07_input.npz
BT_deep,0046,1.506874201,1.1252961910e+01,2.0186726830e-02,1.5392234906e-03,/project/tkcastrosim/HNHuang/project_big_sim/analysis/_used_by_article_nonlinear_evolution_pps/HALOMASS/output/fof_reed07_highz_cache/BT_deep_snap0046_fof_reed07_input.npz
BT_deep,0046,1.506874201,1.1406298315e+01,1.3379574759e-02,1.2531119885e-03,/project/tkcastrosim/HNHuang/project_big_sim/analysis/_used_by_article_nonlinear_evolution_pps/HALOMASS/output/fof_reed07_highz_cache/BT_deep_snap0046_fof_reed07_input.npz
BT_deep,0046,1.506874201,1.1585527243e+01,8.5676224337e-03,1.0027643584e-03,/project/tkcastrosim/HNHuang/project_big_sim/analysis/_used_by_article_nonlinear_evolution_pps/HALOMASS/output/fof_reed07_highz_cache/BT_deep_snap0046_fof_reed07_input.npz
BT_deep,0046,1.506874201,1.1742148417e+01,6.3376933071e-03,8.6245081937e-04,/project/tkcastrosim/HNHuang/project_big_sim/analysis/_used_by_article_nonlinear_evolution_pps/HALOMASS/output/fof_reed07_highz_cache/BT_deep_snap0046_fof_reed07_input.npz
BT_deep,0046,1.506874201,1.1915504791e+01,4.5772229440e-03,7.3294225958e-04,/project/tkcastrosim/HNHuang/project_big_sim/analysis/_used_by_article_nonlinear_evolution_pps/HALOMASS/output/fof_reed07_highz_cache/BT_deep_snap0046_fof_reed07_input.npz
BT_deep,0046,1.506874201,1.2084967550e+01,3.7556701079e-03,6.6391495030e-04,/project/tkcastrosim/HNHuang/project_big_sim/analysis/_used_by_article_nonlinear_evolution_pps/HALOMASS/output/fof_reed07_highz_cache/BT_deep_snap0046_fof_reed07_input.npz
BT_deep,0046,1.506874201,1.2237161839e+01,2.3472938174e-03,5.2487085390e-04,/project/tkcastrosim/HNHuang/project_big_sim/analysis/_used_by_article_nonlinear_evolution_pps/HALOMASS/output/fof_reed07_highz_cache/BT_deep_snap0046_fof_reed07_input.npz
BT_deep,0046,1.506874201,1.2439018803e+01,1.6431056722e-03,4.3913846255e-04,/project/tkcastrosim/HNHuang/project_big_sim/analysis/_used_by_article_nonlinear_evolution_pps/HALOMASS/output/fof_reed07_highz_cache/BT_deep_snap0046_fof_reed07_input.npz
BT_deep,0046,1.506874201,1.2599059355e+01,1.5257409813e-03,4.2316441087e-04,/project/tkcastrosim/HNHuang/project_big_sim/analysis/_used_by_article_nonlinear_evolution_pps/HALOMASS/output/fof_reed07_highz_cache/BT_deep_snap0046_fof_reed07_input.npz
BT_deep,0046,1.506874201,1.2744678273e+01,3.5209407262e-04,2.0328160761e-04,/project/tkcastrosim/HNHuang/project_big_sim/analysis/_used_by_article_nonlinear_evolution_pps/HALOMASS/output/fof_reed07_highz_cache/BT_deep_snap0046_fof_reed07_input.npz
BT_deep,0046,1.506874201,1.2933080264e+01,1.1736469087e-04,1.1736469087e-04,/project/tkcastrosim/HNHuang/project_big_sim/analysis/_used_by_article_nonlinear_evolution_pps/HALOMASS/output/fof_reed07_highz_cache/BT_deep_snap0046_fof_reed07_input.npz
BT_deep,0052,0.4150651322,8.0788660347e+00,2.1611416813e+01,5.0362855891e-02,/project/tkcastrosim/HNHuang/project_big_sim/analysis/_used_by_article_nonlinear_evolution_pps/HALOMASS/output/fof_reed07_highz_cache/BT_deep_snap0052_fof_reed07_input.npz
BT_deep,0052,0.4150651322,8.2470878187e+00,1.4567070702e+01,4.1348031994e-02,/project/tkcastrosim/HNHuang/project_big_sim/analysis/_used_by_article_nonlinear_evolution_pps/HALOMASS/output/fof_reed07_highz_cache/BT_deep_snap0052_fof_reed07_input.npz
BT_deep,0052,0.4150651322,8.4139708799e+00,1.0230797468e+01,3.4651614424e-02,/project/tkcastrosim/HNHuang/project_big_sim/analysis/_used_by_article_nonlinear_evolution_pps/HALOMASS/output/fof_reed07_highz_cache/BT_deep_snap0052_fof_reed07_input.npz
BT_deep,0052,0.4150651322,8.5812259042e+00,6.9870721417e+00,2.8636263060e-02,/project/tkcastrosim/HNHuang/project_big_sim/analysis/_used_by_article_nonlinear_evolution_pps/HALOMASS/output/fof_reed07_highz_cache/BT_deep_snap0052_fof_reed07_input.npz
BT_deep,0052,0.4150651322,8.7474606700e+00,4.8289702059e+00,2.3806524220e-02,/project/tkcastrosim/HNHuang/project_big_sim/analysis/_used_by_article_nonlinear_evolution_pps/HALOMASS/output/fof_reed07_highz_cache/BT_deep_snap0052_fof_reed07_input.npz
BT_deep,0052,0.4150651322,8.9144108843e+00,3.2898496498e+00,1.9649737585e-02,/project/tkcastrosim/HNHuang/project_big_sim/analysis/_used_by_article_nonlinear_evolution_pps/HALOMASS/output/fof_reed07_highz_cache/BT_deep_snap0052_fof_reed07_input.npz
BT_deep,0052,0.4150651322,9.0801219056e+00,2.2591529346e+00,1.6283267049e-02,/project/tkcastrosim/HNHuang/project_big_sim/analysis/_used_by_article_nonlinear_evolution_pps/HALOMASS/output/fof_reed07_highz_cache/BT_deep_snap0052_fof_reed07_input.npz
BT_deep,0052,0.4150651322,9.2474990843e+00,1.5071973602e+00,1.3300065874e-02,/project/tkcastrosim/HNHuang/project_big_sim/analysis/_used_by_article_nonlinear_evolution_pps/HALOMASS/output/fof_reed07_highz_cache/BT_deep_snap0052_fof_reed07_input.npz
BT_deep,0052,0.4150651322,9.4147587202e+00,1.0263542217e+00,1.0975324412e-02,/project/tkcastrosim/HNHuang/project_big_sim/analysis/_used_by_article_nonlinear_evolution_pps/HALOMASS/output/fof_reed07_highz_cache/BT_deep_snap0052_fof_reed07_input.npz
BT_deep,0052,0.4150651322,9.5809251730e+00,7.0993901509e-01,9.1280760867e-03,/project/tkcastrosim/HNHuang/project_big_sim/analysis/_used_by_article_nonlinear_evolution_pps/HALOMASS/output/fof_reed07_highz_cache/BT_deep_snap0052_fof_reed07_input.npz
BT_deep,0052,0.4150651322,9.7461887899e+00,4.7251024545e-01,7.4468798091e-03,/project/tkcastrosim/HNHuang/project_big_sim/analysis/_used_by_article_nonlinear_evolution_pps/HALOMASS/output/fof_reed07_highz_cache/BT_deep_snap0052_fof_reed07_input.npz
BT_deep,0052,0.4150651322,9.9135815494e+00,3.3014687542e-01,6.2247558969e-03,/project/tkcastrosim/HNHuang/project_big_sim/analysis/_used_by_article_nonlinear_evolution_pps/HALOMASS/output/fof_reed07_highz_cache/BT_deep_snap0052_fof_reed07_input.npz
BT_deep,0052,0.4150651322,1.0082377241e+01,2.2017616008e-01,5.0833952202e-03,/project/tkcastrosim/HNHuang/project_big_sim/analysis/_used_by_article_nonlinear_evolution_pps/HALOMASS/output/fof_reed07_highz_cache/BT_deep_snap0052_fof_reed07_input.npz
BT_deep,0052,0.4150651322,1.0249635166e+01,1.5151781592e-01,4.2169706694e-03,/project/tkcastrosim/HNHuang/project_big_sim/analysis/_used_by_article_nonlinear_evolution_pps/HALOMASS/output/fof_reed07_highz_cache/BT_deep_snap0052_fof_reed07_input.npz
BT_deep,0052,0.4150651322,1.0414254401e+01,1.0292883389e-01,3.4756597607e-03,/project/tkcastrosim/HNHuang/project_big_sim/analysis/_used_by_article_nonlinear_evolution_pps/HALOMASS/output/fof_reed07_highz_cache/BT_deep_snap0052_fof_reed07_input.npz
BT_deep,0052,0.4150651322,1.0581581585e+01,7.6521778449e-02,2.9968241311e-03,/project/tkcastrosim/HNHuang/project_big_sim/analysis/_used_by_article_nonlinear_evolution_pps/HALOMASS/output/fof_reed07_highz_cache/BT_deep_snap0052_fof_reed07_input.npz
BT_deep,0052,0.4150651322,1.0747174863e+01,5.1405734602e-02,2.4562610103e-03,/project/tkcastrosim/HNHuang/project_big_sim/analysis/_used_by_article_nonlinear_evolution_pps/HALOMASS/output/fof_reed07_highz_cache/BT_deep_snap0052_fof_reed07_input.npz
BT_deep,0052,0.4150651322,1.0915016104e+01,3.5913595407e-02,2.0530435999e-03,/project/tkcastrosim/HNHuang/project_big_sim/analysis/_used_by_article_nonlinear_evolution_pps/HALOMASS/output/fof_reed07_highz_cache/BT_deep_snap0052_fof_reed07_input.npz
BT_deep,0052,0.4150651322,1.1080705756e+01,2.7698067046e-02,1.8029905925e-03,/project/tkcastrosim/HNHuang/project_big_sim/analysis/_used_by_article_nonlinear_evolution_pps/HALOMASS/output/fof_reed07_highz_cache/BT_deep_snap0052_fof_reed07_input.npz
BT_deep,0052,0.4150651322,1.1248787393e+01,1.7369974249e-02,1.4278030880e-03,/project/tkcastrosim/HNHuang/project_big_sim/analysis/_used_by_article_nonlinear_evolution_pps/HALOMASS/output/fof_reed07_highz_cache/BT_deep_snap0052_fof_reed07_input.npz
BT_deep,0052,0.4150651322,1.1414595309e+01,1.3144845378e-02,1.2420711390e-03,/project/tkcastrosim/HNHuang/project_big_sim/analysis/_used_by_article_nonlinear_evolution_pps/HALOMASS/output/fof_reed07_highz_cache/BT_deep_snap0052_fof_reed07_input.npz
BT_deep,0052,0.4150651322,1.1587560045e+01,9.0370811972e-03,1.0298709827e-03,/project/tkcastrosim/HNHuang/project_big_sim/analysis/_used_by_article_nonlinear_evolution_pps/HALOMASS/output/fof_reed07_highz_cache/BT_deep_snap0052_fof_reed07_input.npz
BT_deep,0052,0.4150651322,1.1752224339e+01,6.4550579980e-03,8.7039984289e-04,/project/tkcastrosim/HNHuang/project_big_sim/analysis/_used_by_article_nonlinear_evolution_pps/HALOMASS/output/fof_reed07_highz_cache/BT_deep_snap0052_fof_reed07_input.npz
BT_deep,0052,0.4150651322,1.1916415229e+01,5.7508698527e-03,8.2155283611e-04,/project/tkcastrosim/HNHuang/project_big_sim/analysis/_used_by_article_nonlinear_evolution_pps/HALOMASS/output/fof_reed07_highz_cache/BT_deep_snap0052_fof_reed07_input.npz
BT_deep,0052,0.4150651322,1.2097055615e+01,3.5209407262e-03,6.4283288645e-04,/project/tkcastrosim/HNHuang/project_big_sim/analysis/_used_by_article_nonlinear_evolution_pps/HALOMASS/output/fof_reed07_highz_cache/BT_deep_snap0052_fof_reed07_input.npz
BT_deep,0052,0.4150651322,1.2238666273e+01,2.6993878901e-03,5.6286128421e-04,/project/tkcastrosim/HNHuang/project_big_sim/analysis/_used_by_article_nonlinear_evolution_pps/HALOMASS/output/fof_reed07_highz_cache/BT_deep_snap0052_fof_reed07_input.npz
BT_deep,0052,0.4150651322,1.2402734852e+01,1.7604703631e-03,4.5455149318e-04,/project/tkcastrosim/HNHuang/project_big_sim/analysis/_used_by_article_nonlinear_evolution_pps/HALOMASS/output/fof_reed07_highz_cache/BT_deep_snap0052_fof_reed07_input.npz
BT_deep,0052,0.4150651322,1.2578192653e+01,8.2155283611e-04,3.1051778475e-04,/project/tkcastrosim/HNHuang/project_big_sim/analysis/_used_by_article_nonlinear_evolution_pps/HALOMASS/output/fof_reed07_highz_cache/BT_deep_snap0052_fof_reed07_input.npz
BT_deep,0052,0.4150651322,1.2745082407e+01,1.4083762905e-03,4.0656321521e-04,/project/tkcastrosim/HNHuang/project_big_sim/analysis/_used_by_article_nonlinear_evolution_pps/HALOMASS/output/fof_reed07_highz_cache/BT_deep_snap0052_fof_reed07_input.npz
BT_deep,0052,0.4150651322,1.2938349569e+01,8.2155283611e-04,3.1051778475e-04,/project/tkcastrosim/HNHuang/project_big_sim/analysis/_used_by_article_nonlinear_evolution_pps/HALOMASS/output/fof_reed07_highz_cache/BT_deep_snap0052_fof_reed07_input.npz
BT_deep,0056,-2.220446049e-16,8.0790769940e+00,1.9407777377e+01,4.7726175128e-02,/project/tkcastrosim/HNHuang/project_big_sim/analysis/_used_by_article_nonlinear_evolution_pps/HALOMASS/output/fof_reed07_highz_cache/BT_deep_snap0056_fof_reed07_input.npz
BT_deep,0056,-2.220446049e-16,8.2471353472e+00,1.3190148148e+01,3.9345363895e-02,/project/tkcastrosim/HNHuang/project_big_sim/analysis/_used_by_article_nonlinear_evolution_pps/HALOMASS/output/fof_reed07_highz_cache/BT_deep_snap0056_fof_reed07_input.npz
BT_deep,0056,-2.220446049e-16,8.4139545508e+00,9.2502154758e+00,3.2949183295e-02,/project/tkcastrosim/HNHuang/project_big_sim/analysis/_used_by_article_nonlinear_evolution_pps/HALOMASS/output/fof_reed07_highz_cache/BT_deep_snap0056_fof_reed07_input.npz
BT_deep,0056,-2.220446049e-16,8.5811428872e+00,6.2885175016e+00,2.7167074053e-02,/project/tkcastrosim/HNHuang/project_big_sim/analysis/_used_by_article_nonlinear_evolution_pps/HALOMASS/output/fof_reed07_highz_cache/BT_deep_snap0056_fof_reed07_input.npz
BT_deep,0056,-2.220446049e-16,8.7470931617e+00,4.4483565134e+00,2.2849069720e-02,/project/tkcastrosim/HNHuang/project_big_sim/analysis/_used_by_article_nonlinear_evolution_pps/HALOMASS/output/fof_reed07_highz_cache/BT_deep_snap0056_fof_reed07_input.npz
BT_deep,0056,-2.220446049e-16,8.9141483782e+00,3.0149815438e+00,1.8810964273e-02,/project/tkcastrosim/HNHuang/project_big_sim/analysis/_used_by_article_nonlinear_evolution_pps/HALOMASS/output/fof_reed07_highz_cache/BT_deep_snap0056_fof_reed07_input.npz
BT_deep,0056,-2.220446049e-16,9.0806008302e+00,2.0755945581e+00,1.5607738904e-02,/project/tkcastrosim/HNHuang/project_big_sim/analysis/_used_by_article_nonlinear_evolution_pps/HALOMASS/output/fof_reed07_highz_cache/BT_deep_snap0056_fof_reed07_input.npz
BT_deep,0056,-2.220446049e-16,9.2472440215e+00,1.4048553497e+00,1.2840576850e-02,/project/tkcastrosim/HNHuang/project_big_sim/analysis/_used_by_article_nonlinear_evolution_pps/HALOMASS/output/fof_reed07_highz_cache/BT_deep_snap0056_fof_reed07_input.npz
BT_deep,0056,-2.220446049e-16,9.4142583759e+00,9.4513785559e-01,1.0532132370e-02,/project/tkcastrosim/HNHuang/project_big_sim/analysis/_used_by_article_nonlinear_evolution_pps/HALOMASS/output/fof_reed07_highz_cache/BT_deep_snap0056_fof_reed07_input.npz
BT_deep,0056,-2.220446049e-16,9.5802456965e+00,6.5407342223e-01,8.7615709212e-03,/project/tkcastrosim/HNHuang/project_big_sim/analysis/_used_by_article_nonlinear_evolution_pps/HALOMASS/output/fof_reed07_highz_cache/BT_deep_snap0056_fof_reed07_input.npz
BT_deep,0056,-2.220446049e-16,9.7466037138e+00,4.5220615393e-01,7.2851242588e-03,/project/tkcastrosim/HNHuang/project_big_sim/analysis/_used_by_article_nonlinear_evolution_pps/HALOMASS/output/fof_reed07_highz_cache/BT_deep_snap0056_fof_reed07_input.npz
BT_deep,0056,-2.220446049e-16,9.9129630675e+00,3.0456137281e-01,5.9786914431e-03,/project/tkcastrosim/HNHuang/project_big_sim/analysis/_used_by_article_nonlinear_evolution_pps/HALOMASS/output/fof_reed07_highz_cache/BT_deep_snap0056_fof_reed07_input.npz
BT_deep,0056,-2.220446049e-16,1.0079531245e+01,2.0996543197e-01,4.9641240936e-03,/project/tkcastrosim/HNHuang/project_big_sim/analysis/_used_by_article_nonlinear_evolution_pps/HALOMASS/output/fof_reed07_highz_cache/BT_deep_snap0056_fof_reed07_input.npz
BT_deep,0056,-2.220446049e-16,1.0246233007e+01,1.4611904014e-01,4.1411611869e-03,/project/tkcastrosim/HNHuang/project_big_sim/analysis/_used_by_article_nonlinear_evolution_pps/HALOMASS/output/fof_reed07_highz_cache/BT_deep_snap0056_fof_reed07_input.npz
BT_deep,0056,-2.220446049e-16,1.0414180245e+01,1.0339829266e-01,3.4835769913e-03,/project/tkcastrosim/HNHuang/project_big_sim/analysis/_used_by_article_nonlinear_evolution_pps/HALOMASS/output/fof_reed07_highz_cache/BT_deep_snap0056_fof_reed07_input.npz
BT_deep,0056,-2.220446049e-16,1.0583144608e+01,6.9949355760e-02,2.8652372529e-03,/project/tkcastrosim/HNHuang/project_big_sim/analysis/_used_by_article_nonlinear_evolution_pps/HALOMASS/output/fof_reed07_highz_cache/BT_deep_snap0056_fof_reed07_input.npz
BT_deep,0056,-2.220446049e-16,1.0743714479e+01,5.1875193366e-02,2.4674513234e-03,/project/tkcastrosim/HNHuang/project_big_sim/analysis/_used_by_article_nonlinear_evolution_pps/HALOMASS/output/fof_reed07_highz_cache/BT_deep_snap0056_fof_reed07_input.npz
BT_deep,0056,-2.220446049e-16,1.0911181344e+01,3.4270489735e-02,2.0055287168e-03,/project/tkcastrosim/HNHuang/project_big_sim/analysis/_used_by_article_nonlinear_evolution_pps/HALOMASS/output/fof_reed07_highz_cache/BT_deep_snap0056_fof_reed07_input.npz
BT_deep,0056,-2.220446049e-16,1.1081646110e+01,2.7932796428e-02,1.8106142654e-03,/project/tkcastrosim/HNHuang/project_big_sim/analysis/_used_by_article_nonlinear_evolution_pps/HALOMASS/output/fof_reed07_highz_cache/BT_deep_snap0056_fof_reed07_input.npz
BT_deep,0056,-2.220446049e-16,1.1243002358e+01,1.7487338940e-02,1.4326186265e-03,/project/tkcastrosim/HNHuang/project_big_sim/analysis/_used_by_article_nonlinear_evolution_pps/HALOMASS/output/fof_reed07_highz_cache/BT_deep_snap0056_fof_reed07_input.npz
BT_deep,0056,-2.220446049e-16,1.1416792720e+01,1.1736469087e-02,1.1736469087e-03,/project/tkcastrosim/HNHuang/project_big_sim/analysis/_used_by_article_nonlinear_evolution_pps/HALOMASS/output/fof_reed07_highz_cache/BT_deep_snap0056_fof_reed07_input.npz
BT_deep,0056,-2.220446049e-16,1.1580853100e+01,8.2155283611e-03,9.8194345379e-04,/project/tkcastrosim/HNHuang/project_big_sim/analysis/_used_by_article_nonlinear_evolution_pps/HALOMASS/output/fof_reed07_highz_cache/BT_deep_snap0056_fof_reed07_input.npz
BT_deep,0056,-2.220446049e-16,1.1738947654e+01,6.6897873797e-03,8.8608398463e-04,/project/tkcastrosim/HNHuang/project_big_sim/analysis/_used_by_article_nonlinear_evolution_pps/HALOMASS/output/fof_reed07_highz_cache/BT_deep_snap0056_fof_reed07_input.npz
BT_deep,0056,-2.220446049e-16,1.1920506614e+01,5.9855992345e-03,8.3815153990e-04,/project/tkcastrosim/HNHuang/project_big_sim/analysis/_used_by_article_nonlinear_evolution_pps/HALOMASS/output/fof_reed07_highz_cache/BT_deep_snap0056_fof_reed07_input.npz
BT_deep,0056,-2.220446049e-16,1.2071698237e+01,3.0514819627e-03,5.9844484896e-04,/project/tkcastrosim/HNHuang/project_big_sim/analysis/_used_by_article_nonlinear_evolution_pps/HALOMASS/output/fof_reed07_highz_cache/BT_deep_snap0056_fof_reed07_input.npz
BT_deep,0056,-2.220446049e-16,1.2235729951e+01,2.5820231992e-03,5.5048919571e-04,/project/tkcastrosim/HNHuang/project_big_sim/analysis/_used_by_article_nonlinear_evolution_pps/HALOMASS/output/fof_reed07_highz_cache/BT_deep_snap0056_fof_reed07_input.npz
BT_deep,0056,-2.220446049e-16,1.2397759218e+01,1.2910115996e-03,3.8925464326e-04,/project/tkcastrosim/HNHuang/project_big_sim/analysis/_used_by_article_nonlinear_evolution_pps/HALOMASS/output/fof_reed07_highz_cache/BT_deep_snap0056_fof_reed07_input.npz
BT_deep,0056,-2.220446049e-16,1.2571396344e+01,1.1736469087e-03,3.7113974004e-04,/project/tkcastrosim/HNHuang/project_big_sim/analysis/_used_by_article_nonlinear_evolution_pps/HALOMASS/output/fof_reed07_highz_cache/BT_deep_snap0056_fof_reed07_input.npz
BT_deep,0056,-2.220446049e-16,1.2752698091e+01,1.0562822179e-03,3.5209407262e-04,/project/tkcastrosim/HNHuang/project_big_sim/analysis/_used_by_article_nonlinear_evolution_pps/HALOMASS/output/fof_reed07_highz_cache/BT_deep_snap0056_fof_reed07_input.npz
BT_deep,0056,-2.220446049e-16,1.2923352955e+01,7.0418814523e-04,2.8748360646e-04,/project/tkcastrosim/HNHuang/project_big_sim/analysis/_used_by_article_nonlinear_evolution_pps/HALOMASS/output/fof_reed07_highz_cache/BT_deep_snap0056_fof_reed07_input.npz
BT_soft,0024,19.40664523,8.0762712158e+00,1.2944738580e+01,3.8977624887e-02,/project/tkcastrosim/HNHuang/project_big_sim/analysis/_used_by_article_nonlinear_evolution_pps/HALOMASS/output/fof_reed07_highz_cache/BT_soft_snap0024_fof_reed07_input.npz
BT_soft,0024,19.40664523,8.2439869783e+00,7.0993901509e+00,2.8865511089e-02,/project/tkcastrosim/HNHuang/project_big_sim/analysis/_used_by_article_nonlinear_evolution_pps/HALOMASS/output/fof_reed07_highz_cache/BT_soft_snap0024_fof_reed07_input.npz
BT_soft,0024,19.40664523,8.4103209611e+00,3.9556595412e+00,2.1546571868e-02,/project/tkcastrosim/HNHuang/project_big_sim/analysis/_used_by_article_nonlinear_evolution_pps/HALOMASS/output/fof_reed07_highz_cache/BT_soft_snap0024_fof_reed07_input.npz
BT_soft,0024,19.40664523,8.5766439905e+00,1.9887446868e+00,1.5277709429e-02,/project/tkcastrosim/HNHuang/project_big_sim/analysis/_used_by_article_nonlinear_evolution_pps/HALOMASS/output/fof_reed07_highz_cache/BT_soft_snap0024_fof_reed07_input.npz
BT_soft,0024,19.40664523,8.7425940008e+00,1.0013555425e+00,1.0840838699e-02,/project/tkcastrosim/HNHuang/project_big_sim/analysis/_used_by_article_nonlinear_evolution_pps/HALOMASS/output/fof_reed07_highz_cache/BT_soft_snap0024_fof_reed07_input.npz
BT_soft,0024,19.40664523,8.9096244188e+00,4.6851984596e-01,7.4153682908e-03,/project/tkcastrosim/HNHuang/project_big_sim/analysis/_used_by_article_nonlinear_evolution_pps/HALOMASS/output/fof_reed07_highz_cache/BT_soft_snap0024_fof_reed07_input.npz
BT_soft,0024,19.40664523,9.0738065899e+00,1.9435592808e-01,4.7760363712e-03,/project/tkcastrosim/HNHuang/project_big_sim/analysis/_used_by_article_nonlinear_evolution_pps/HALOMASS/output/fof_reed07_highz_cache/BT_soft_snap0024_fof_reed07_input.npz
BT_soft,0024,19.40664523,9.2391906188e+00,7.9338531030e-02,3.0514819627e-03,/project/tkcastrosim/HNHuang/project_big_sim/analysis/_used_by_article_nonlinear_evolution_pps/HALOMASS/output/fof_reed07_highz_cache/BT_soft_snap0024_fof_reed07_input.npz
BT_soft,0024,19.40664523,9.4041021562e+00,3.1336372463e-02,1.9177548506e-03,/project/tkcastrosim/HNHuang/project_big_sim/analysis/_used_by_article_nonlinear_evolution_pps/HALOMASS/output/fof_reed07_highz_cache/BT_soft_snap0024_fof_reed07_input.npz
BT_soft,0024,19.40664523,9.5696896761e+00,7.7460695976e-03,9.5347525599e-04,/project/tkcastrosim/HNHuang/project_big_sim/analysis/_used_by_article_nonlinear_evolution_pps/HALOMASS/output/fof_reed07_highz_cache/BT_soft_snap0024_fof_reed07_input.npz
BT_soft,0024,19.40664523,9.7302829184e+00,2.9341172718e-03,5.8682345436e-04,/project/tkcastrosim/HNHuang/project_big_sim/analysis/_used_by_article_nonlinear_evolution_pps/HALOMASS/output/fof_reed07_highz_cache/BT_soft_snap0024_fof_reed07_input.npz
BT_soft,0024,19.40664523,9.8978460012e+00,7.0418814523e-04,2.8748360646e-04,/project/tkcastrosim/HNHuang/project_big_sim/analysis/_used_by_article_nonlinear_evolution_pps/HALOMASS/output/fof_reed07_highz_cache/BT_soft_snap0024_fof_reed07_input.npz
BT_soft,0024,19.40664523,1.0068076377e+01,3.5209407262e-04,2.0328160761e-04,/project/tkcastrosim/HNHuang/project_big_sim/analysis/_used_by_article_nonlinear_evolution_pps/HALOMASS/output/fof_reed07_highz_cache/BT_soft_snap0024_fof_reed07_input.npz
BT_soft,0024,19.40664523,1.0250000000e+01,0.0000000000e+00,0.0000000000e+00,/project/tkcastrosim/HNHuang/project_big_sim/analysis/_used_by_article_nonlinear_evolution_pps/HALOMASS/output/fof_reed07_highz_cache/BT_soft_snap0024_fof_reed07_input.npz
BT_soft,0024,19.40664523,1.0416666667e+01,0.0000000000e+00,0.0000000000e+00,/project/tkcastrosim/HNHuang/project_big_sim/analysis/_used_by_article_nonlinear_evolution_pps/HALOMASS/output/fof_reed07_highz_cache/BT_soft_snap0024_fof_reed07_input.npz
BT_soft,0024,19.40664523,1.0583333333e+01,0.0000000000e+00,0.0000000000e+00,/project/tkcastrosim/HNHuang/project_big_sim/analysis/_used_by_article_nonlinear_evolution_pps/HALOMASS/output/fof_reed07_highz_cache/BT_soft_snap0024_fof_reed07_input.npz
BT_soft,0024,19.40664523,1.0750000000e+01,0.0000000000e+00,0.0000000000e+00,/project/tkcastrosim/HNHuang/project_big_sim/analysis/_used_by_article_nonlinear_evolution_pps/HALOMASS/output/fof_reed07_highz_cache/BT_soft_snap0024_fof_reed07_input.npz
BT_soft,0024,19.40664523,1.0916666667e+01,0.0000000000e+00,0.0000000000e+00,/project/tkcastrosim/HNHuang/project_big_sim/analysis/_used_by_article_nonlinear_evolution_pps/HALOMASS/output/fof_reed07_highz_cache/BT_soft_snap0024_fof_reed07_input.npz
BT_soft,0024,19.40664523,1.1083333333e+01,0.0000000000e+00,0.0000000000e+00,/project/tkcastrosim/HNHuang/project_big_sim/analysis/_used_by_article_nonlinear_evolution_pps/HALOMASS/output/fof_reed07_highz_cache/BT_soft_snap0024_fof_reed07_input.npz
BT_soft,0024,19.40664523,1.1250000000e+01,0.0000000000e+00,0.0000000000e+00,/project/tkcastrosim/HNHuang/project_big_sim/analysis/_used_by_article_nonlinear_evolution_pps/HALOMASS/output/fof_reed07_highz_cache/BT_soft_snap0024_fof_reed07_input.npz
BT_soft,0024,19.40664523,1.1416666667e+01,0.0000000000e+00,0.0000000000e+00,/project/tkcastrosim/HNHuang/project_big_sim/analysis/_used_by_article_nonlinear_evolution_pps/HALOMASS/output/fof_reed07_highz_cache/BT_soft_snap0024_fof_reed07_input.npz
BT_soft,0024,19.40664523,1.1583333333e+01,0.0000000000e+00,0.0000000000e+00,/project/tkcastrosim/HNHuang/project_big_sim/analysis/_used_by_article_nonlinear_evolution_pps/HALOMASS/output/fof_reed07_highz_cache/BT_soft_snap0024_fof_reed07_input.npz
BT_soft,0024,19.40664523,1.1750000000e+01,0.0000000000e+00,0.0000000000e+00,/project/tkcastrosim/HNHuang/project_big_sim/analysis/_used_by_article_nonlinear_evolution_pps/HALOMASS/output/fof_reed07_highz_cache/BT_soft_snap0024_fof_reed07_input.npz
BT_soft,0024,19.40664523,1.1916666667e+01,0.0000000000e+00,0.0000000000e+00,/project/tkcastrosim/HNHuang/project_big_sim/analysis/_used_by_article_nonlinear_evolution_pps/HALOMASS/output/fof_reed07_highz_cache/BT_soft_snap0024_fof_reed07_input.npz
BT_soft,0024,19.40664523,1.2083333333e+01,0.0000000000e+00,0.0000000000e+00,/project/tkcastrosim/HNHuang/project_big_sim/analysis/_used_by_article_nonlinear_evolution_pps/HALOMASS/output/fof_reed07_highz_cache/BT_soft_snap0024_fof_reed07_input.npz
BT_soft,0024,19.40664523,1.2250000000e+01,0.0000000000e+00,0.0000000000e+00,/project/tkcastrosim/HNHuang/project_big_sim/analysis/_used_by_article_nonlinear_evolution_pps/HALOMASS/output/fof_reed07_highz_cache/BT_soft_snap0024_fof_reed07_input.npz
BT_soft,0024,19.40664523,1.2416666667e+01,0.0000000000e+00,0.0000000000e+00,/project/tkcastrosim/HNHuang/project_big_sim/analysis/_used_by_article_nonlinear_evolution_pps/HALOMASS/output/fof_reed07_highz_cache/BT_soft_snap0024_fof_reed07_input.npz
BT_soft,0024,19.40664523,1.2583333333e+01,0.0000000000e+00,0.0000000000e+00,/project/tkcastrosim/HNHuang/project_big_sim/analysis/_used_by_article_nonlinear_evolution_pps/HALOMASS/output/fof_reed07_highz_cache/BT_soft_snap0024_fof_reed07_input.npz
BT_soft,0024,19.40664523,1.2750000000e+01,0.0000000000e+00,0.0000000000e+00,/project/tkcastrosim/HNHuang/project_big_sim/analysis/_used_by_article_nonlinear_evolution_pps/HALOMASS/output/fof_reed07_highz_cache/BT_soft_snap0024_fof_reed07_input.npz
BT_soft,0024,19.40664523,1.2916666667e+01,0.0000000000e+00,0.0000000000e+00,/project/tkcastrosim/HNHuang/project_big_sim/analysis/_used_by_article_nonlinear_evolution_pps/HALOMASS/output/fof_reed07_highz_cache/BT_soft_snap0024_fof_reed07_input.npz
BT_soft,0027,14.3318146,8.0777941645e+00,2.5637612533e+01,5.4853901134e-02,/project/tkcastrosim/HNHuang/project_big_sim/analysis/_used_by_article_nonlinear_evolution_pps/HALOMASS/output/fof_reed07_highz_cache/BT_soft_snap0027_fof_reed07_input.npz
BT_soft,0027,14.3318146,8.2456484427e+00,1.5825454917e+01,4.3096979294e-02,/project/tkcastrosim/HNHuang/project_big_sim/analysis/_used_by_article_nonlinear_evolution_pps/HALOMASS/output/fof_reed07_highz_cache/BT_soft_snap0027_fof_reed07_input.npz
BT_soft,0027,14.3318146,8.4124018756e+00,9.9713041365e+00,3.4209341233e-02,/project/tkcastrosim/HNHuang/project_big_sim/analysis/_used_by_article_nonlinear_evolution_pps/HALOMASS/output/fof_reed07_highz_cache/BT_soft_snap0027_fof_reed07_input.npz
BT_soft,0027,14.3318146,8.5791393811e+00,5.8885386351e+00,2.6288904819e-02,/project/tkcastrosim/HNHuang/project_big_sim/analysis/_used_by_article_nonlinear_evolution_pps/HALOMASS/output/fof_reed07_highz_cache/BT_soft_snap0027_fof_reed07_input.npz
BT_soft,0027,14.3318146,8.7453054758e+00,3.4967635998e+00,2.0258247184e-02,/project/tkcastrosim/HNHuang/project_big_sim/analysis/_used_by_article_nonlinear_evolution_pps/HALOMASS/output/fof_reed07_highz_cache/BT_soft_snap0027_fof_reed07_input.npz
BT_soft,0027,14.3318146,8.9117676505e+00,1.9937913685e+00,1.5297081670e-02,/project/tkcastrosim/HNHuang/project_big_sim/analysis/_used_by_article_nonlinear_evolution_pps/HALOMASS/output/fof_reed07_highz_cache/BT_soft_snap0027_fof_reed07_input.npz
BT_soft,0027,14.3318146,9.0775951409e+00,1.1002939769e+00,1.1363787330e-02,/project/tkcastrosim/HNHuang/project_big_sim/analysis/_used_by_article_nonlinear_evolution_pps/HALOMASS/output/fof_reed07_highz_cache/BT_soft_snap0027_fof_reed07_input.npz
BT_soft,0027,14.3318146,9.2431711108e+00,5.6205950459e-01,8.1219418865e-03,/project/tkcastrosim/HNHuang/project_big_sim/analysis/_used_by_article_nonlinear_evolution_pps/HALOMASS/output/fof_reed07_highz_cache/BT_soft_snap0027_fof_reed07_input.npz
BT_soft,0027,14.3318146,9.4092087953e+00,2.8695666918e-01,5.8033249756e-03,/project/tkcastrosim/HNHuang/project_big_sim/analysis/_used_by_article_nonlinear_evolution_pps/HALOMASS/output/fof_reed07_highz_cache/BT_soft_snap0027_fof_reed07_input.npz
BT_soft,0027,14.3318146,9.5740858672e+00,1.3144845378e-01,3.9277738152e-03,/project/tkcastrosim/HNHuang/project_big_sim/analysis/_used_by_article_nonlinear_evolution_pps/HALOMASS/output/fof_reed07_highz_cache/BT_soft_snap0027_fof_reed07_input.npz
BT_soft,0027,14.3318146,9.7428121494e+00,6.0560180490e-02,2.6660132900e-03,/project/tkcastrosim/HNHuang/project_big_sim/analysis/_used_by_article_nonlinear_evolution_pps/HALOMASS/output/fof_reed07_highz_cache/BT_soft_snap0027_fof_reed07_input.npz
BT_soft,0027,14.3318146,9.9056241095e+00,2.2064561884e-02,1.6092235658e-03,/project/tkcastrosim/HNHuang/project_big_sim/analysis/_used_by_article_nonlinear_evolution_pps/HALOMASS/output/fof_reed07_highz_cache/BT_soft_snap0027_fof_reed07_input.npz
BT_soft,0027,14.3318146,1.0078401989e+01,8.8023518154e-03,1.0164080380e-03,/project/tkcastrosim/HNHuang/project_big_sim/analysis/_used_by_article_nonlinear_evolution_pps/HALOMASS/output/fof_reed07_highz_cache/BT_soft_snap0027_fof_reed07_input.npz
BT_soft,0027,14.3318146,1.0226977976e+01,2.9341172718e-03,5.8682345436e-04,/project/tkcastrosim/HNHuang/project_big_sim/analysis/_used_by_article_nonlinear_evolution_pps/HALOMASS/output/fof_reed07_highz_cache/BT_soft_snap0027_fof_reed07_input.npz
BT_soft,0027,14.3318146,1.0415646248e+01,5.8682345436e-04,2.6243542695e-04,/project/tkcastrosim/HNHuang/project_big_sim/analysis/_used_by_article_nonlinear_evolution_pps/HALOMASS/output/fof_reed07_highz_cache/BT_soft_snap0027_fof_reed07_input.npz
BT_soft,0027,14.3318146,1.0572458589e+01,4.6945876349e-04,2.3472938174e-04,/project/tkcastrosim/HNHuang/project_big_sim/analysis/_used_by_article_nonlinear_evolution_pps/HALOMASS/output/fof_reed07_highz_cache/BT_soft_snap0027_fof_reed07_input.npz
BT_soft,0027,14.3318146,1.0677348255e+01,1.1736469087e-04,1.1736469087e-04,/project/tkcastrosim/HNHuang/project_big_sim/analysis/_used_by_article_nonlinear_evolution_pps/HALOMASS/output/fof_reed07_highz_cache/BT_soft_snap0027_fof_reed07_input.npz
BT_soft,0027,14.3318146,1.0916666667e+01,0.0000000000e+00,0.0000000000e+00,/project/tkcastrosim/HNHuang/project_big_sim/analysis/_used_by_article_nonlinear_evolution_pps/HALOMASS/output/fof_reed07_highz_cache/BT_soft_snap0027_fof_reed07_input.npz
BT_soft,0027,14.3318146,1.1083333333e+01,0.0000000000e+00,0.0000000000e+00,/project/tkcastrosim/HNHuang/project_big_sim/analysis/_used_by_article_nonlinear_evolution_pps/HALOMASS/output/fof_reed07_highz_cache/BT_soft_snap0027_fof_reed07_input.npz
BT_soft,0027,14.3318146,1.1250000000e+01,0.0000000000e+00,0.0000000000e+00,/project/tkcastrosim/HNHuang/project_big_sim/analysis/_used_by_article_nonlinear_evolution_pps/HALOMASS/output/fof_reed07_highz_cache/BT_soft_snap0027_fof_reed07_input.npz
BT_soft,0027,14.3318146,1.1416666667e+01,0.0000000000e+00,0.0000000000e+00,/project/tkcastrosim/HNHuang/project_big_sim/analysis/_used_by_article_nonlinear_evolution_pps/HALOMASS/output/fof_reed07_highz_cache/BT_soft_snap0027_fof_reed07_input.npz
BT_soft,0027,14.3318146,1.1583333333e+01,0.0000000000e+00,0.0000000000e+00,/project/tkcastrosim/HNHuang/project_big_sim/analysis/_used_by_article_nonlinear_evolution_pps/HALOMASS/output/fof_reed07_highz_cache/BT_soft_snap0027_fof_reed07_input.npz
BT_soft,0027,14.3318146,1.1750000000e+01,0.0000000000e+00,0.0000000000e+00,/project/tkcastrosim/HNHuang/project_big_sim/analysis/_used_by_article_nonlinear_evolution_pps/HALOMASS/output/fof_reed07_highz_cache/BT_soft_snap0027_fof_reed07_input.npz
BT_soft,0027,14.3318146,1.1916666667e+01,0.0000000000e+00,0.0000000000e+00,/project/tkcastrosim/HNHuang/project_big_sim/analysis/_used_by_article_nonlinear_evolution_pps/HALOMASS/output/fof_reed07_highz_cache/BT_soft_snap0027_fof_reed07_input.npz
BT_soft,0027,14.3318146,1.2083333333e+01,0.0000000000e+00,0.0000000000e+00,/project/tkcastrosim/HNHuang/project_big_sim/analysis/_used_by_article_nonlinear_evolution_pps/HALOMASS/output/fof_reed07_highz_cache/BT_soft_snap0027_fof_reed07_input.npz
BT_soft,0027,14.3318146,1.2250000000e+01,0.0000000000e+00,0.0000000000e+00,/project/tkcastrosim/HNHuang/project_big_sim/analysis/_used_by_article_nonlinear_evolution_pps/HALOMASS/output/fof_reed07_highz_cache/BT_soft_snap0027_fof_reed07_input.npz
BT_soft,0027,14.3318146,1.2416666667e+01,0.0000000000e+00,0.0000000000e+00,/project/tkcastrosim/HNHuang/project_big_sim/analysis/_used_by_article_nonlinear_evolution_pps/HALOMASS/output/fof_reed07_highz_cache/BT_soft_snap0027_fof_reed07_input.npz
BT_soft,0027,14.3318146,1.2583333333e+01,0.0000000000e+00,0.0000000000e+00,/project/tkcastrosim/HNHuang/project_big_sim/analysis/_used_by_article_nonlinear_evolution_pps/HALOMASS/output/fof_reed07_highz_cache/BT_soft_snap0027_fof_reed07_input.npz
BT_soft,0027,14.3318146,1.2750000000e+01,0.0000000000e+00,0.0000000000e+00,/project/tkcastrosim/HNHuang/project_big_sim/analysis/_used_by_article_nonlinear_evolution_pps/HALOMASS/output/fof_reed07_highz_cache/BT_soft_snap0027_fof_reed07_input.npz
BT_soft,0027,14.3318146,1.2916666667e+01,0.0000000000e+00,0.0000000000e+00,/project/tkcastrosim/HNHuang/project_big_sim/analysis/_used_by_article_nonlinear_evolution_pps/HALOMASS/output/fof_reed07_highz_cache/BT_soft_snap0027_fof_reed07_input.npz
BT_soft,0030,10.51901923,8.0786234682e+00,3.3619819889e+01,6.2815442117e-02,/project/tkcastrosim/HNHuang/project_big_sim/analysis/_used_by_article_nonlinear_evolution_pps/HALOMASS/output/fof_reed07_highz_cache/BT_soft_snap0030_fof_reed07_input.npz
BT_soft,0030,10.51901923,8.2467331688e+00,2.2027474642e+01,5.0845331664e-02,/project/tkcastrosim/HNHuang/project_big_sim/analysis/_used_by_article_nonlinear_evolution_pps/HALOMASS/output/fof_reed07_highz_cache/BT_soft_snap0030_fof_reed07_input.npz
BT_soft,0030,10.51901923,8.4135368223e+00,1.4927262938e+01,4.1856105890e-02,/project/tkcastrosim/HNHuang/project_big_sim/analysis/_used_by_article_nonlinear_evolution_pps/HALOMASS/output/fof_reed07_highz_cache/BT_soft_snap0030_fof_reed07_input.npz
BT_soft,0030,10.51901923,8.5802861862e+00,9.5800102571e+00,3.3531402332e-02,/project/tkcastrosim/HNHuang/project_big_sim/analysis/_used_by_article_nonlinear_evolution_pps/HALOMASS/output/fof_reed07_highz_cache/BT_soft_snap0030_fof_reed07_input.npz
BT_soft,0030,10.51901923,8.7462352575e+00,6.2391069668e+00,2.7060134155e-02,/project/tkcastrosim/HNHuang/project_big_sim/analysis/_used_by_article_nonlinear_evolution_pps/HALOMASS/output/fof_reed07_highz_cache/BT_soft_snap0030_fof_reed07_input.npz
BT_soft,0030,10.51901923,8.9129604524e+00,3.9186896635e+00,2.1445647600e-02,/project/tkcastrosim/HNHuang/project_big_sim/analysis/_used_by_article_nonlinear_evolution_pps/HALOMASS/output/fof_reed07_highz_cache/BT_soft_snap0030_fof_reed07_input.npz
BT_soft,0030,10.51901923,9.0791536893e+00,2.4168910791e+00,1.6842139840e-02,/project/tkcastrosim/HNHuang/project_big_sim/analysis/_used_by_article_nonlinear_evolution_pps/HALOMASS/output/fof_reed07_highz_cache/BT_soft_snap0030_fof_reed07_input.npz
BT_soft,0030,10.51901923,9.2452614293e+00,1.4776214581e+00,1.3168925000e-02,/project/tkcastrosim/HNHuang/project_big_sim/analysis/_used_by_article_nonlinear_evolution_pps/HALOMASS/output/fof_reed07_highz_cache/BT_soft_snap0030_fof_reed07_input.npz
BT_soft,0030,10.51901923,9.4117492813e+00,8.8798125114e-01,1.0208704376e-02,/project/tkcastrosim/HNHuang/project_big_sim/analysis/_used_by_article_nonlinear_evolution_pps/HALOMASS/output/fof_reed07_highz_cache/BT_soft_snap0030_fof_reed07_input.npz
BT_soft,0030,10.51901923,9.5787614756e+00,5.0138195941e-01,7.6710194026e-03,/project/tkcastrosim/HNHuang/project_big_sim/analysis/_used_by_article_nonlinear_evolution_pps/HALOMASS/output/fof_reed07_highz_cache/BT_soft_snap0030_fof_reed07_input.npz
BT_soft,0030,10.51901923,9.7442443510e+00,2.7275554159e-01,5.6579033062e-03,/project/tkcastrosim/HNHuang/project_big_sim/analysis/_used_by_article_nonlinear_evolution_pps/HALOMASS/output/fof_reed07_highz_cache/BT_soft_snap0030_fof_reed07_input.npz
BT_soft,0030,10.51901923,9.9099377161e+00,1.4635376952e-01,4.1444860860e-03,/project/tkcastrosim/HNHuang/project_big_sim/analysis/_used_by_article_nonlinear_evolution_pps/HALOMASS/output/fof_reed07_highz_cache/BT_soft_snap0030_fof_reed07_input.npz
BT_soft,0030,10.51901923,1.0077069531e+01,7.1592461432e-02,2.8986940343e-03,/project/tkcastrosim/HNHuang/project_big_sim/analysis/_used_by_article_nonlinear_evolution_pps/HALOMASS/output/fof_reed07_highz_cache/BT_soft_snap0030_fof_reed07_input.npz
BT_soft,0030,10.51901923,1.0236959319e+01,3.2510019372e-02,1.9533377521e-03,/project/tkcastrosim/HNHuang/project_big_sim/analysis/_used_by_article_nonlinear_evolution_pps/HALOMASS/output/fof_reed07_highz_cache/BT_soft_snap0030_fof_reed07_input.npz
BT_soft,0030,10.51901923,1.0410891646e+01,1.5844233268e-02,1.3636544795e-03,/project/tkcastrosim/HNHuang/project_big_sim/analysis/_used_by_article_nonlinear_evolution_pps/HALOMASS/output/fof_reed07_highz_cache/BT_soft_snap0030_fof_reed07_input.npz
BT_soft,0030,10.51901923,1.0571371985e+01,6.1029639254e-03,8.4632882174e-04,/project/tkcastrosim/HNHuang/project_big_sim/analysis/_used_by_article_nonlinear_evolution_pps/HALOMASS/output/fof_reed07_highz_cache/BT_soft_snap0030_fof_reed07_input.npz
BT_soft,0030,10.51901923,1.0744374187e+01,2.9341172718e-03,5.8682345436e-04,/project/tkcastrosim/HNHuang/project_big_sim/analysis/_used_by_article_nonlinear_evolution_pps/HALOMASS/output/fof_reed07_highz_cache/BT_soft_snap0030_fof_reed07_input.npz
BT_soft,0030,10.51901923,1.0918990694e+01,8.2155283611e-04,3.1051778475e-04,/project/tkcastrosim/HNHuang/project_big_sim/analysis/_used_by_article_nonlinear_evolution_pps/HALOMASS/output/fof_reed07_highz_cache/BT_soft_snap0030_fof_reed07_input.npz
BT_soft,0030,10.51901923,1.1058422926e+01,2.3472938174e-04,1.6597873758e-04,/project/tkcastrosim/HNHuang/project_big_sim/analysis/_used_by_article_nonlinear_evolution_pps/HALOMASS/output/fof_reed07_highz_cache/BT_soft_snap0030_fof_reed07_input.npz
BT_soft,0030,10.51901923,1.1250000000e+01,0.0000000000e+00,0.0000000000e+00,/project/tkcastrosim/HNHuang/project_big_sim/analysis/_used_by_article_nonlinear_evolution_pps/HALOMASS/output/fof_reed07_highz_cache/BT_soft_snap0030_fof_reed07_input.npz
BT_soft,0030,10.51901923,1.1416666667e+01,0.0000000000e+00,0.0000000000e+00,/project/tkcastrosim/HNHuang/project_big_sim/analysis/_used_by_article_nonlinear_evolution_pps/HALOMASS/output/fof_reed07_highz_cache/BT_soft_snap0030_fof_reed07_input.npz
BT_soft,0030,10.51901923,1.1583333333e+01,0.0000000000e+00,0.0000000000e+00,/project/tkcastrosim/HNHuang/project_big_sim/analysis/_used_by_article_nonlinear_evolution_pps/HALOMASS/output/fof_reed07_highz_cache/BT_soft_snap0030_fof_reed07_input.npz
BT_soft,0030,10.51901923,1.1750000000e+01,0.0000000000e+00,0.0000000000e+00,/project/tkcastrosim/HNHuang/project_big_sim/analysis/_used_by_article_nonlinear_evolution_pps/HALOMASS/output/fof_reed07_highz_cache/BT_soft_snap0030_fof_reed07_input.npz
BT_soft,0030,10.51901923,1.1916666667e+01,0.0000000000e+00,0.0000000000e+00,/project/tkcastrosim/HNHuang/project_big_sim/analysis/_used_by_article_nonlinear_evolution_pps/HALOMASS/output/fof_reed07_highz_cache/BT_soft_snap0030_fof_reed07_input.npz
BT_soft,0030,10.51901923,1.2083333333e+01,0.0000000000e+00,0.0000000000e+00,/project/tkcastrosim/HNHuang/project_big_sim/analysis/_used_by_article_nonlinear_evolution_pps/HALOMASS/output/fof_reed07_highz_cache/BT_soft_snap0030_fof_reed07_input.npz
BT_soft,0030,10.51901923,1.2250000000e+01,0.0000000000e+00,0.0000000000e+00,/project/tkcastrosim/HNHuang/project_big_sim/analysis/_used_by_article_nonlinear_evolution_pps/HALOMASS/output/fof_reed07_highz_cache/BT_soft_snap0030_fof_reed07_input.npz
BT_soft,0030,10.51901923,1.2416666667e+01,0.0000000000e+00,0.0000000000e+00,/project/tkcastrosim/HNHuang/project_big_sim/analysis/_used_by_article_nonlinear_evolution_pps/HALOMASS/output/fof_reed07_highz_cache/BT_soft_snap0030_fof_reed07_input.npz
BT_soft,0030,10.51901923,1.2583333333e+01,0.0000000000e+00,0.0000000000e+00,/project/tkcastrosim/HNHuang/project_big_sim/analysis/_used_by_article_nonlinear_evolution_pps/HALOMASS/output/fof_reed07_highz_cache/BT_soft_snap0030_fof_reed07_input.npz
BT_soft,0030,10.51901923,1.2750000000e+01,0.0000000000e+00,0.0000000000e+00,/project/tkcastrosim/HNHuang/project_big_sim/analysis/_used_by_article_nonlinear_evolution_pps/HALOMASS/output/fof_reed07_highz_cache/BT_soft_snap0030_fof_reed07_input.npz
BT_soft,0030,10.51901923,1.2916666667e+01,0.0000000000e+00,0.0000000000e+00,/project/tkcastrosim/HNHuang/project_big_sim/analysis/_used_by_article_nonlinear_evolution_pps/HALOMASS/output/fof_reed07_highz_cache/BT_soft_snap0030_fof_reed07_input.npz
BT_soft,0032,8.519850605,8.0788791042e+00,3.5500471695e+01,6.4548446041e-02,/project/tkcastrosim/HNHuang/project_big_sim/analysis/_used_by_article_nonlinear_evolution_pps/HALOMASS/output/fof_reed07_highz_cache/BT_soft_snap0032_fof_reed07_input.npz
BT_soft,0032,8.519850605,8.2471128106e+00,2.3771396583e+01,5.2819718019e-02,/project/tkcastrosim/HNHuang/project_big_sim/analysis/_used_by_article_nonlinear_evolution_pps/HALOMASS/output/fof_reed07_highz_cache/BT_soft_snap0032_fof_reed07_input.npz
BT_soft,0032,8.519850605,8.4137710240e+00,1.6495137843e+01,4.3999394926e-02,/project/tkcastrosim/HNHuang/project_big_sim/analysis/_used_by_article_nonlinear_evolution_pps/HALOMASS/output/fof_reed07_highz_cache/BT_soft_snap0032_fof_reed07_input.npz
BT_soft,0032,8.519850605,8.5808386562e+00,1.0929469473e+01,3.5815273363e-02,/project/tkcastrosim/HNHuang/project_big_sim/analysis/_used_by_article_nonlinear_evolution_pps/HALOMASS/output/fof_reed07_highz_cache/BT_soft_snap0032_fof_reed07_input.npz
BT_soft,0032,8.519850605,8.7469458573e+00,7.4505453060e+00,2.9570778594e-02,/project/tkcastrosim/HNHuang/project_big_sim/analysis/_used_by_article_nonlinear_evolution_pps/HALOMASS/output/fof_reed07_highz_cache/BT_soft_snap0032_fof_reed07_input.npz
BT_soft,0032,8.519850605,8.9138362155e+00,4.8715735887e+00,2.3911309632e-02,/project/tkcastrosim/HNHuang/project_big_sim/analysis/_used_by_article_nonlinear_evolution_pps/HALOMASS/output/fof_reed07_highz_cache/BT_soft_snap0032_fof_reed07_input.npz
BT_soft,0032,8.519850605,9.0795997461e+00,3.1541760672e+00,1.9240293633e-02,/project/tkcastrosim/HNHuang/project_big_sim/analysis/_used_by_article_nonlinear_evolution_pps/HALOMASS/output/fof_reed07_highz_cache/BT_soft_snap0032_fof_reed07_input.npz
BT_soft,0032,8.519850605,9.2457190782e+00,2.0501264202e+00,1.5511687644e-02,/project/tkcastrosim/HNHuang/project_big_sim/analysis/_used_by_article_nonlinear_evolution_pps/HALOMASS/output/fof_reed07_highz_cache/BT_soft_snap0032_fof_reed07_input.npz
BT_soft,0032,8.519850605,9.4127472896e+00,1.2804487774e+00,1.2258852921e-02,/project/tkcastrosim/HNHuang/project_big_sim/analysis/_used_by_article_nonlinear_evolution_pps/HALOMASS/output/fof_reed07_highz_cache/BT_soft_snap0032_fof_reed07_input.npz
BT_soft,0032,8.519850605,9.5787809405e+00,8.0148347397e-01,9.6987555986e-03,/project/tkcastrosim/HNHuang/project_big_sim/analysis/_used_by_article_nonlinear_evolution_pps/HALOMASS/output/fof_reed07_highz_cache/BT_soft_snap0032_fof_reed07_input.npz
BT_soft,0032,8.519850605,9.7454132418e+00,4.7873057407e-01,7.4957365106e-03,/project/tkcastrosim/HNHuang/project_big_sim/analysis/_used_by_article_nonlinear_evolution_pps/HALOMASS/output/fof_reed07_highz_cache/BT_soft_snap0032_fof_reed07_input.npz
BT_soft,0032,8.519850605,9.9118047978e+00,2.8507883413e-01,5.7843054243e-03,/project/tkcastrosim/HNHuang/project_big_sim/analysis/_used_by_article_nonlinear_evolution_pps/HALOMASS/output/fof_reed07_highz_cache/BT_soft_snap0032_fof_reed07_input.npz
BT_soft,0032,8.519850605,1.0077489301e+01,1.5902915613e-01,4.3202323721e-03,/project/tkcastrosim/HNHuang/project_big_sim/analysis/_used_by_article_nonlinear_evolution_pps/HALOMASS/output/fof_reed07_highz_cache/BT_soft_snap0032_fof_reed07_input.npz
BT_soft,0032,8.519850605,1.0243833602e+01,8.5441494955e-02,3.1666724875e-03,/project/tkcastrosim/HNHuang/project_big_sim/analysis/_used_by_article_nonlinear_evolution_pps/HALOMASS/output/fof_reed07_highz_cache/BT_soft_snap0032_fof_reed07_input.npz
BT_soft,0032,8.519850605,1.0409325964e+01,4.2838112168e-02,2.2422492708e-03,/project/tkcastrosim/HNHuang/project_big_sim/analysis/_used_by_article_nonlinear_evolution_pps/HALOMASS/output/fof_reed07_highz_cache/BT_soft_snap0032_fof_reed07_input.npz
BT_soft,0032,8.519850605,1.0582859690e+01,2.0890914975e-02,1.5658402786e-03,/project/tkcastrosim/HNHuang/project_big_sim/analysis/_used_by_article_nonlinear_evolution_pps/HALOMASS/output/fof_reed07_highz_cache/BT_soft_snap0032_fof_reed07_input.npz
BT_soft,0032,8.519850605,1.0751174710e+01,9.9759987241e-03,1.0820489852e-03,/project/tkcastrosim/HNHuang/project_big_sim/analysis/_used_by_article_nonlinear_evolution_pps/HALOMASS/output/fof_reed07_highz_cache/BT_soft_snap0032_fof_reed07_input.npz
BT_soft,0032,8.519850605,1.0889764808e+01,3.5209407262e-03,6.4283288645e-04,/project/tkcastrosim/HNHuang/project_big_sim/analysis/_used_by_article_nonlinear_evolution_pps/HALOMASS/output/fof_reed07_highz_cache/BT_soft_snap0032_fof_reed07_input.npz
BT_soft,0032,8.519850605,1.1077112639e+01,2.5820231992e-03,5.5048919571e-04,/project/tkcastrosim/HNHuang/project_big_sim/analysis/_used_by_article_nonlinear_evolution_pps/HALOMASS/output/fof_reed07_highz_cache/BT_soft_snap0032_fof_reed07_input.npz
BT_soft,0032,8.519850605,1.1232524771e+01,8.2155283611e-04,3.1051778475e-04,/project/tkcastrosim/HNHuang/project_big_sim/analysis/_used_by_article_nonlinear_evolution_pps/HALOMASS/output/fof_reed07_highz_cache/BT_soft_snap0032_fof_reed07_input.npz
BT_soft,0032,8.519850605,1.1416666667e+01,0.0000000000e+00,0.0000000000e+00,/project/tkcastrosim/HNHuang/project_big_sim/analysis/_used_by_article_nonlinear_evolution_pps/HALOMASS/output/fof_reed07_highz_cache/BT_soft_snap0032_fof_reed07_input.npz
BT_soft,0032,8.519850605,1.1583333333e+01,0.0000000000e+00,0.0000000000e+00,/project/tkcastrosim/HNHuang/project_big_sim/analysis/_used_by_article_nonlinear_evolution_pps/HALOMASS/output/fof_reed07_highz_cache/BT_soft_snap0032_fof_reed07_input.npz
BT_soft,0032,8.519850605,1.1750000000e+01,0.0000000000e+00,0.0000000000e+00,/project/tkcastrosim/HNHuang/project_big_sim/analysis/_used_by_article_nonlinear_evolution_pps/HALOMASS/output/fof_reed07_highz_cache/BT_soft_snap0032_fof_reed07_input.npz
BT_soft,0032,8.519850605,1.1916666667e+01,0.0000000000e+00,0.0000000000e+00,/project/tkcastrosim/HNHuang/project_big_sim/analysis/_used_by_article_nonlinear_evolution_pps/HALOMASS/output/fof_reed07_highz_cache/BT_soft_snap0032_fof_reed07_input.npz
BT_soft,0032,8.519850605,1.2083333333e+01,0.0000000000e+00,0.0000000000e+00,/project/tkcastrosim/HNHuang/project_big_sim/analysis/_used_by_article_nonlinear_evolution_pps/HALOMASS/output/fof_reed07_highz_cache/BT_soft_snap0032_fof_reed07_input.npz
BT_soft,0032,8.519850605,1.2250000000e+01,0.0000000000e+00,0.0000000000e+00,/project/tkcastrosim/HNHuang/project_big_sim/analysis/_used_by_article_nonlinear_evolution_pps/HALOMASS/output/fof_reed07_highz_cache/BT_soft_snap0032_fof_reed07_input.npz
BT_soft,0032,8.519850605,1.2416666667e+01,0.0000000000e+00,0.0000000000e+00,/project/tkcastrosim/HNHuang/project_big_sim/analysis/_used_by_article_nonlinear_evolution_pps/HALOMASS/output/fof_reed07_highz_cache/BT_soft_snap0032_fof_reed07_input.npz
BT_soft,0032,8.519850605,1.2583333333e+01,0.0000000000e+00,0.0000000000e+00,/project/tkcastrosim/HNHuang/project_big_sim/analysis/_used_by_article_nonlinear_evolution_pps/HALOMASS/output/fof_reed07_highz_cache/BT_soft_snap0032_fof_reed07_input.npz
BT_soft,0032,8.519850605,1.2750000000e+01,0.0000000000e+00,0.0000000000e+00,/project/tkcastrosim/HNHuang/project_big_sim/analysis/_used_by_article_nonlinear_evolution_pps/HALOMASS/output/fof_reed07_highz_cache/BT_soft_snap0032_fof_reed07_input.npz
BT_soft,0032,8.519850605,1.2916666667e+01,0.0000000000e+00,0.0000000000e+00,/project/tkcastrosim/HNHuang/project_big_sim/analysis/_used_by_article_nonlinear_evolution_pps/HALOMASS/output/fof_reed07_highz_cache/BT_soft_snap0032_fof_reed07_input.npz
BT_soft,0040,3.441080566,8.0791922783e+00,3.0297812313e+01,5.9631312045e-02,/project/tkcastrosim/HNHuang/project_big_sim/analysis/_used_by_article_nonlinear_evolution_pps/HALOMASS/output/fof_reed07_highz_cache/BT_soft_snap0040_fof_reed07_input.npz
BT_soft,0040,3.441080566,8.2473283145e+00,2.0876127024e+01,4.9498688819e-02,/project/tkcastrosim/HNHuang/project_big_sim/analysis/_used_by_article_nonlinear_evolution_pps/HALOMASS/output/fof_reed07_highz_cache/BT_soft_snap0040_fof_reed07_input.npz
BT_soft,0040,3.441080566,8.4143422583e+00,1.5011648151e+01,4.1974247399e-02,/project/tkcastrosim/HNHuang/project_big_sim/analysis/_used_by_article_nonlinear_evolution_pps/HALOMASS/output/fof_reed07_highz_cache/BT_soft_snap0040_fof_reed07_input.npz
BT_soft,0040,3.441080566,8.5817850923e+00,1.0329383808e+01,3.4818169647e-02,/project/tkcastrosim/HNHuang/project_big_sim/analysis/_used_by_article_nonlinear_evolution_pps/HALOMASS/output/fof_reed07_highz_cache/BT_soft_snap0040_fof_reed07_input.npz
BT_soft,0040,3.441080566,8.7478954610e+00,7.4361094490e+00,2.9542117168e-02,/project/tkcastrosim/HNHuang/project_big_sim/analysis/_used_by_article_nonlinear_evolution_pps/HALOMASS/output/fof_reed07_highz_cache/BT_soft_snap0040_fof_reed07_input.npz
BT_soft,0040,3.441080566,8.9150104888e+00,5.1996078997e+00,2.4703246220e-02,/project/tkcastrosim/HNHuang/project_big_sim/analysis/_used_by_article_nonlinear_evolution_pps/HALOMASS/output/fof_reed07_highz_cache/BT_soft_snap0040_fof_reed07_input.npz
BT_soft,0040,3.441080566,9.0804281516e+00,3.6574358617e+00,2.0718441768e-02,/project/tkcastrosim/HNHuang/project_big_sim/analysis/_used_by_article_nonlinear_evolution_pps/HALOMASS/output/fof_reed07_highz_cache/BT_soft_snap0040_fof_reed07_input.npz
BT_soft,0040,3.441080566,9.2470632519e+00,2.5560856025e+00,1.7320340545e-02,/project/tkcastrosim/HNHuang/project_big_sim/analysis/_used_by_article_nonlinear_evolution_pps/HALOMASS/output/fof_reed07_highz_cache/BT_soft_snap0040_fof_reed07_input.npz
BT_soft,0040,3.441080566,9.4145578495e+00,1.7507290937e+00,1.4334356591e-02,/project/tkcastrosim/HNHuang/project_big_sim/analysis/_used_by_article_nonlinear_evolution_pps/HALOMASS/output/fof_reed07_highz_cache/BT_soft_snap0040_fof_reed07_input.npz
BT_soft,0040,3.441080566,9.5821669521e+00,1.2331508070e+00,1.2030310190e-02,/project/tkcastrosim/HNHuang/project_big_sim/analysis/_used_by_article_nonlinear_evolution_pps/HALOMASS/output/fof_reed07_highz_cache/BT_soft_snap0040_fof_reed07_input.npz
BT_soft,0040,3.441080566,9.7470915512e+00,8.4537786835e-01,9.9607987727e-03,/project/tkcastrosim/HNHuang/project_big_sim/analysis/_used_by_article_nonlinear_evolution_pps/HALOMASS/output/fof_reed07_highz_cache/BT_soft_snap0040_fof_reed07_input.npz
BT_soft,0040,3.441080566,9.9140269231e+00,5.7062712702e-01,8.1836102281e-03,/project/tkcastrosim/HNHuang/project_big_sim/analysis/_used_by_article_nonlinear_evolution_pps/HALOMASS/output/fof_reed07_highz_cache/BT_soft_snap0040_fof_reed07_input.npz
BT_soft,0040,3.441080566,1.0079504475e+01,3.9915731366e-01,6.8444849862e-03,/project/tkcastrosim/HNHuang/project_big_sim/analysis/_used_by_article_nonlinear_evolution_pps/HALOMASS/output/fof_reed07_highz_cache/BT_soft_snap0040_fof_reed07_input.npz
BT_soft,0040,3.441080566,1.0246636012e+01,2.6923460086e-01,5.6212663789e-03,/project/tkcastrosim/HNHuang/project_big_sim/analysis/_used_by_article_nonlinear_evolution_pps/HALOMASS/output/fof_reed07_highz_cache/BT_soft_snap0040_fof_reed07_input.npz
BT_soft,0040,3.441080566,1.0411004396e+01,1.8402783529e-01,4.6474046521e-03,/project/tkcastrosim/HNHuang/project_big_sim/analysis/_used_by_article_nonlinear_evolution_pps/HALOMASS/output/fof_reed07_highz_cache/BT_soft_snap0040_fof_reed07_input.npz
BT_soft,0040,3.441080566,1.0579740035e+01,1.2335029011e-01,3.8048611890e-03,/project/tkcastrosim/HNHuang/project_big_sim/analysis/_used_by_article_nonlinear_evolution_pps/HALOMASS/output/fof_reed07_highz_cache/BT_soft_snap0040_fof_reed07_input.npz
BT_soft,0040,3.441080566,1.0747550470e+01,7.9690625102e-02,3.0582455069e-03,/project/tkcastrosim/HNHuang/project_big_sim/analysis/_used_by_article_nonlinear_evolution_pps/HALOMASS/output/fof_reed07_highz_cache/BT_soft_snap0040_fof_reed07_input.npz
BT_soft,0040,3.441080566,1.0913865528e+01,5.1992558056e-02,2.4702409809e-03,/project/tkcastrosim/HNHuang/project_big_sim/analysis/_used_by_article_nonlinear_evolution_pps/HALOMASS/output/fof_reed07_highz_cache/BT_soft_snap0040_fof_reed07_input.npz
BT_soft,0040,3.441080566,1.1081158616e+01,3.2744748753e-02,1.9603768299e-03,/project/tkcastrosim/HNHuang/project_big_sim/analysis/_used_by_article_nonlinear_evolution_pps/HALOMASS/output/fof_reed07_highz_cache/BT_soft_snap0040_fof_reed07_input.npz
BT_soft,0040,3.441080566,1.1240177160e+01,2.0421456212e-02,1.5481466001e-03,/project/tkcastrosim/HNHuang/project_big_sim/analysis/_used_by_article_nonlinear_evolution_pps/HALOMASS/output/fof_reed07_highz_cache/BT_soft_snap0040_fof_reed07_input.npz
BT_soft,0040,3.441080566,1.1415331584e+01,1.1853833778e-02,1.1795005456e-03,/project/tkcastrosim/HNHuang/project_big_sim/analysis/_used_by_article_nonlinear_evolution_pps/HALOMASS/output/fof_reed07_highz_cache/BT_soft_snap0040_fof_reed07_input.npz
BT_soft,0040,3.441080566,1.1572420861e+01,7.0418814523e-03,9.0910298636e-04,/project/tkcastrosim/HNHuang/project_big_sim/analysis/_used_by_article_nonlinear_evolution_pps/HALOMASS/output/fof_reed07_highz_cache/BT_soft_snap0040_fof_reed07_input.npz
BT_soft,0040,3.441080566,1.1747442375e+01,4.8119523258e-03,7.5150069674e-04,/project/tkcastrosim/HNHuang/project_big_sim/analysis/_used_by_article_nonlinear_evolution_pps/HALOMASS/output/fof_reed07_highz_cache/BT_soft_snap0040_fof_reed07_input.npz
BT_soft,0040,3.441080566,1.1910065017e+01,2.3472938174e-03,5.2487085390e-04,/project/tkcastrosim/HNHuang/project_big_sim/analysis/_used_by_article_nonlinear_evolution_pps/HALOMASS/output/fof_reed07_highz_cache/BT_soft_snap0040_fof_reed07_input.npz
BT_soft,0040,3.441080566,1.2064864420e+01,1.1736469087e-03,3.7113974004e-04,/project/tkcastrosim/HNHuang/project_big_sim/analysis/_used_by_article_nonlinear_evolution_pps/HALOMASS/output/fof_reed07_highz_cache/BT_soft_snap0040_fof_reed07_input.npz
BT_soft,0040,3.441080566,1.2243319279e+01,1.1736469087e-03,3.7113974004e-04,/project/tkcastrosim/HNHuang/project_big_sim/analysis/_used_by_article_nonlinear_evolution_pps/HALOMASS/output/fof_reed07_highz_cache/BT_soft_snap0040_fof_reed07_input.npz
BT_soft,0040,3.441080566,1.2346505230e+01,1.1736469087e-04,1.1736469087e-04,/project/tkcastrosim/HNHuang/project_big_sim/analysis/_used_by_article_nonlinear_evolution_pps/HALOMASS/output/fof_reed07_highz_cache/BT_soft_snap0040_fof_reed07_input.npz
BT_soft,0040,3.441080566,1.2583333333e+01,0.0000000000e+00,0.0000000000e+00,/project/tkcastrosim/HNHuang/project_big_sim/analysis/_used_by_article_nonlinear_evolution_pps/HALOMASS/output/fof_reed07_highz_cache/BT_soft_snap0040_fof_reed07_input.npz
BT_soft,0040,3.441080566,1.2750000000e+01,0.0000000000e+00,0.0000000000e+00,/project/tkcastrosim/HNHuang/project_big_sim/analysis/_used_by_article_nonlinear_evolution_pps/HALOMASS/output/fof_reed07_highz_cache/BT_soft_snap0040_fof_reed07_input.npz
BT_soft,0040,3.441080566,1.2916666667e+01,0.0000000000e+00,0.0000000000e+00,/project/tkcastrosim/HNHuang/project_big_sim/analysis/_used_by_article_nonlinear_evolution_pps/HALOMASS/output/fof_reed07_highz_cache/BT_soft_snap0040_fof_reed07_input.npz
BT_soft,0042,2.670314517,8.0792016732e+00,2.8064010152e+01,5.7390973821e-02,/project/tkcastrosim/HNHuang/project_big_sim/analysis/_used_by_article_nonlinear_evolution_pps/HALOMASS/output/fof_reed07_highz_cache/BT_soft_snap0042_fof_reed07_input.npz
BT_soft,0042,2.670314517,8.2475278325e+00,1.9451671771e+01,4.7780115575e-02,/project/tkcastrosim/HNHuang/project_big_sim/analysis/_used_by_article_nonlinear_evolution_pps/HALOMASS/output/fof_reed07_highz_cache/BT_soft_snap0042_fof_reed07_input.npz
BT_soft,0042,2.670314517,8.4144074111e+00,1.3941751629e+01,4.0450826569e-02,/project/tkcastrosim/HNHuang/project_big_sim/analysis/_used_by_article_nonlinear_evolution_pps/HALOMASS/output/fof_reed07_highz_cache/BT_soft_snap0042_fof_reed07_input.npz
BT_soft,0042,2.670314517,8.5811121884e+00,9.7175616748e+00,3.3771269180e-02,/project/tkcastrosim/HNHuang/project_big_sim/analysis/_used_by_article_nonlinear_evolution_pps/HALOMASS/output/fof_reed07_highz_cache/BT_soft_snap0042_fof_reed07_input.npz
BT_soft,0042,2.670314517,8.7479765227e+00,6.9873068711e+00,2.8636744070e-02,/project/tkcastrosim/HNHuang/project_big_sim/analysis/_used_by_article_nonlinear_evolution_pps/HALOMASS/output/fof_reed07_highz_cache/BT_soft_snap0042_fof_reed07_input.npz
BT_soft,0042,2.670314517,8.9150555806e+00,4.9260308053e+00,2.4044585309e-02,/project/tkcastrosim/HNHuang/project_big_sim/analysis/_used_by_article_nonlinear_evolution_pps/HALOMASS/output/fof_reed07_highz_cache/BT_soft_snap0042_fof_reed07_input.npz
BT_soft,0042,2.670314517,9.0810148407e+00,3.4628452042e+00,2.0159755875e-02,/project/tkcastrosim/HNHuang/project_big_sim/analysis/_used_by_article_nonlinear_evolution_pps/HALOMASS/output/fof_reed07_highz_cache/BT_soft_snap0042_fof_reed07_input.npz
BT_soft,0042,2.670314517,9.2479156190e+00,2.4184168201e+00,1.6847455075e-02,/project/tkcastrosim/HNHuang/project_big_sim/analysis/_used_by_article_nonlinear_evolution_pps/HALOMASS/output/fof_reed07_highz_cache/BT_soft_snap0042_fof_reed07_input.npz
BT_soft,0042,2.670314517,9.4145070240e+00,1.6691606336e+00,1.3996446755e-02,/project/tkcastrosim/HNHuang/project_big_sim/analysis/_used_by_article_nonlinear_evolution_pps/HALOMASS/output/fof_reed07_highz_cache/BT_soft_snap0042_fof_reed07_input.npz
BT_soft,0042,2.670314517,9.5813287994e+00,1.1920731652e+00,1.1828241565e-02,/project/tkcastrosim/HNHuang/project_big_sim/analysis/_used_by_article_nonlinear_evolution_pps/HALOMASS/output/fof_reed07_highz_cache/BT_soft_snap0042_fof_reed07_input.npz
BT_soft,0042,2.670314517,9.7461608659e+00,8.3047255261e-01,9.8725961335e-03,/project/tkcastrosim/HNHuang/project_big_sim/analysis/_used_by_article_nonlinear_evolution_pps/HALOMASS/output/fof_reed07_highz_cache/BT_soft_snap0042_fof_reed07_input.npz
BT_soft,0042,2.670314517,9.9141791503e+00,5.8189413734e-01,8.2640078382e-03,/project/tkcastrosim/HNHuang/project_big_sim/analysis/_used_by_article_nonlinear_evolution_pps/HALOMASS/output/fof_reed07_highz_cache/BT_soft_snap0042_fof_reed07_input.npz
BT_soft,0042,2.670314517,1.0082150680e+01,3.9117651468e-01,6.7757147757e-03,/project/tkcastrosim/HNHuang/project_big_sim/analysis/_used_by_article_nonlinear_evolution_pps/HALOMASS/output/fof_reed07_highz_cache/BT_soft_snap0042_fof_reed07_input.npz
BT_soft,0042,2.670314517,1.0245787057e+01,2.7545492948e-01,5.6858317463e-03,/project/tkcastrosim/HNHuang/project_big_sim/analysis/_used_by_article_nonlinear_evolution_pps/HALOMASS/output/fof_reed07_highz_cache/BT_soft_snap0042_fof_reed07_input.npz
BT_soft,0042,2.670314517,1.0413030132e+01,1.8578830565e-01,4.6695810369e-03,/project/tkcastrosim/HNHuang/project_big_sim/analysis/_used_by_article_nonlinear_evolution_pps/HALOMASS/output/fof_reed07_highz_cache/BT_soft_snap0042_fof_reed07_input.npz
BT_soft,0042,2.670314517,1.0579142982e+01,1.2522812516e-01,3.8337136302e-03,/project/tkcastrosim/HNHuang/project_big_sim/analysis/_used_by_article_nonlinear_evolution_pps/HALOMASS/output/fof_reed07_highz_cache/BT_soft_snap0042_fof_reed07_input.npz
BT_soft,0042,2.670314517,1.0747486080e+01,8.7436694700e-02,3.2034326346e-03,/project/tkcastrosim/HNHuang/project_big_sim/analysis/_used_by_article_nonlinear_evolution_pps/HALOMASS/output/fof_reed07_highz_cache/BT_soft_snap0042_fof_reed07_input.npz
BT_soft,0042,2.670314517,1.0912178734e+01,5.9973357036e-02,2.6530651159e-03,/project/tkcastrosim/HNHuang/project_big_sim/analysis/_used_by_article_nonlinear_evolution_pps/HALOMASS/output/fof_reed07_highz_cache/BT_soft_snap0042_fof_reed07_input.npz
BT_soft,0042,2.670314517,1.1081147623e+01,3.9669265515e-02,2.1577235885e-03,/project/tkcastrosim/HNHuang/project_big_sim/analysis/_used_by_article_nonlinear_evolution_pps/HALOMASS/output/fof_reed07_highz_cache/BT_soft_snap0042_fof_reed07_input.npz
BT_soft,0042,2.670314517,1.1249899636e+01,2.5585502610e-02,1.7328688942e-03,/project/tkcastrosim/HNHuang/project_big_sim/analysis/_used_by_article_nonlinear_evolution_pps/HALOMASS/output/fof_reed07_highz_cache/BT_soft_snap0042_fof_reed07_input.npz
BT_soft,0042,2.670314517,1.1412199518e+01,1.6078962650e-02,1.3737184868e-03,/project/tkcastrosim/HNHuang/project_big_sim/analysis/_used_by_article_nonlinear_evolution_pps/HALOMASS/output/fof_reed07_highz_cache/BT_soft_snap0042_fof_reed07_input.npz
BT_soft,0042,2.670314517,1.1578882180e+01,1.0914916251e-02,1.1318240904e-03,/project/tkcastrosim/HNHuang/project_big_sim/analysis/_used_by_article_nonlinear_evolution_pps/HALOMASS/output/fof_reed07_highz_cache/BT_soft_snap0042_fof_reed07_input.npz
BT_soft,0042,2.670314517,1.1753871952e+01,4.9293170166e-03,7.6061012869e-04,/project/tkcastrosim/HNHuang/project_big_sim/analysis/_used_by_article_nonlinear_evolution_pps/HALOMASS/output/fof_reed07_highz_cache/BT_soft_snap0042_fof_reed07_input.npz
BT_soft,0042,2.670314517,1.1909704142e+01,3.4035760353e-03,6.3202820289e-04,/project/tkcastrosim/HNHuang/project_big_sim/analysis/_used_by_article_nonlinear_evolution_pps/HALOMASS/output/fof_reed07_highz_cache/BT_soft_snap0042_fof_reed07_input.npz
BT_soft,0042,2.670314517,1.2092265118e+01,2.6993878901e-03,5.6286128421e-04,/project/tkcastrosim/HNHuang/project_big_sim/analysis/_used_by_article_nonlinear_evolution_pps/HALOMASS/output/fof_reed07_highz_cache/BT_soft_snap0042_fof_reed07_input.npz
BT_soft,0042,2.670314517,1.2271995515e+01,1.5257409813e-03,4.2316441087e-04,/project/tkcastrosim/HNHuang/project_big_sim/analysis/_used_by_article_nonlinear_evolution_pps/HALOMASS/output/fof_reed07_highz_cache/BT_soft_snap0042_fof_reed07_input.npz
BT_soft,0042,2.670314517,1.2391382714e+01,1.2910115996e-03,3.8925464326e-04,/project/tkcastrosim/HNHuang/project_big_sim/analysis/_used_by_article_nonlinear_evolution_pps/HALOMASS/output/fof_reed07_highz_cache/BT_soft_snap0042_fof_reed07_input.npz
BT_soft,0042,2.670314517,1.2507344847e+01,1.1736469087e-04,1.1736469087e-04,/project/tkcastrosim/HNHuang/project_big_sim/analysis/_used_by_article_nonlinear_evolution_pps/HALOMASS/output/fof_reed07_highz_cache/BT_soft_snap0042_fof_reed07_input.npz
BT_soft,0042,2.670314517,1.2750000000e+01,0.0000000000e+00,0.0000000000e+00,/project/tkcastrosim/HNHuang/project_big_sim/analysis/_used_by_article_nonlinear_evolution_pps/HALOMASS/output/fof_reed07_highz_cache/BT_soft_snap0042_fof_reed07_input.npz
BT_soft,0042,2.670314517,1.2916666667e+01,0.0000000000e+00,0.0000000000e+00,/project/tkcastrosim/HNHuang/project_big_sim/analysis/_used_by_article_nonlinear_evolution_pps/HALOMASS/output/fof_reed07_highz_cache/BT_soft_snap0042_fof_reed07_input.npz
BT_soft,0046,1.506874201,8.0792953449e+00,2.4074080121e+01,5.3154933651e-02,/project/tkcastrosim/HNHuang/project_big_sim/analysis/_used_by_article_nonlinear_evolution_pps/HALOMASS/output/fof_reed07_highz_cache/BT_soft_snap0046_fof_reed07_input.npz
BT_soft,0046,1.506874201,8.2473303640e+00,1.6616140840e+01,4.4160482709e-02,/project/tkcastrosim/HNHuang/project_big_sim/analysis/_used_by_article_nonlinear_evolution_pps/HALOMASS/output/fof_reed07_highz_cache/BT_soft_snap0046_fof_reed07_input.npz
BT_soft,0046,1.506874201,8.4144649768e+00,1.1982934938e+01,3.7501646027e-02,/project/tkcastrosim/HNHuang/project_big_sim/analysis/_used_by_article_nonlinear_evolution_pps/HALOMASS/output/fof_reed07_highz_cache/BT_soft_snap0046_fof_reed07_input.npz
BT_soft,0046,1.506874201,8.5812924188e+00,8.4423943085e+00,3.1477595179e-02,/project/tkcastrosim/HNHuang/project_big_sim/analysis/_used_by_article_nonlinear_evolution_pps/HALOMASS/output/fof_reed07_highz_cache/BT_soft_snap0046_fof_reed07_input.npz
BT_soft,0046,1.506874201,8.7480642776e+00,6.0594216250e+00,2.6667623552e-02,/project/tkcastrosim/HNHuang/project_big_sim/analysis/_used_by_article_nonlinear_evolution_pps/HALOMASS/output/fof_reed07_highz_cache/BT_soft_snap0046_fof_reed07_input.npz
BT_soft,0046,1.506874201,8.9148653044e+00,4.2801729114e+00,2.2412968804e-02,/project/tkcastrosim/HNHuang/project_big_sim/analysis/_used_by_article_nonlinear_evolution_pps/HALOMASS/output/fof_reed07_highz_cache/BT_soft_snap0046_fof_reed07_input.npz
BT_soft,0046,1.506874201,9.0808285551e+00,3.0341119884e+00,1.8870548895e-02,/project/tkcastrosim/HNHuang/project_big_sim/analysis/_used_by_article_nonlinear_evolution_pps/HALOMASS/output/fof_reed07_highz_cache/BT_soft_snap0046_fof_reed07_input.npz
BT_soft,0046,1.506874201,9.2473048407e+00,2.1622096999e+00,1.5930068206e-02,/project/tkcastrosim/HNHuang/project_big_sim/analysis/_used_by_article_nonlinear_evolution_pps/HALOMASS/output/fof_reed07_highz_cache/BT_soft_snap0046_fof_reed07_input.npz
BT_soft,0046,1.506874201,9.4145420501e+00,1.5277361811e+00,1.3390380302e-02,/project/tkcastrosim/HNHuang/project_big_sim/analysis/_used_by_article_nonlinear_evolution_pps/HALOMASS/output/fof_reed07_highz_cache/BT_soft_snap0046_fof_reed07_input.npz
BT_soft,0046,1.506874201,9.5818166021e+00,1.0691923338e+00,1.1202027841e-02,/project/tkcastrosim/HNHuang/project_big_sim/analysis/_used_by_article_nonlinear_evolution_pps/HALOMASS/output/fof_reed07_highz_cache/BT_soft_snap0046_fof_reed07_input.npz
BT_soft,0046,1.506874201,9.7479405410e+00,7.5371604478e-01,9.4052990703e-03,/project/tkcastrosim/HNHuang/project_big_sim/analysis/_used_by_article_nonlinear_evolution_pps/HALOMASS/output/fof_reed07_highz_cache/BT_soft_snap0046_fof_reed07_input.npz
BT_soft,0046,1.506874201,9.9152639558e+00,5.2638063856e-01,7.8599300840e-03,/project/tkcastrosim/HNHuang/project_big_sim/analysis/_used_by_article_nonlinear_evolution_pps/HALOMASS/output/fof_reed07_highz_cache/BT_soft_snap0046_fof_reed07_input.npz
BT_soft,0046,1.506874201,1.0081437126e+01,3.6559101207e-01,6.5503798452e-03,/project/tkcastrosim/HNHuang/project_big_sim/analysis/_used_by_article_nonlinear_evolution_pps/HALOMASS/output/fof_reed07_highz_cache/BT_soft_snap0046_fof_reed07_input.npz
BT_soft,0046,1.506874201,1.0248732365e+01,2.6008015497e-01,5.5248734818e-03,/project/tkcastrosim/HNHuang/project_big_sim/analysis/_used_by_article_nonlinear_evolution_pps/HALOMASS/output/fof_reed07_highz_cache/BT_soft_snap0046_fof_reed07_input.npz
BT_soft,0046,1.506874201,1.0414667467e+01,1.7475602471e-01,4.5288173752e-03,/project/tkcastrosim/HNHuang/project_big_sim/analysis/_used_by_article_nonlinear_evolution_pps/HALOMASS/output/fof_reed07_highz_cache/BT_soft_snap0046_fof_reed07_input.npz
BT_soft,0046,1.506874201,1.0581936895e+01,1.2945325403e-01,3.8978508363e-03,/project/tkcastrosim/HNHuang/project_big_sim/analysis/_used_by_article_nonlinear_evolution_pps/HALOMASS/output/fof_reed07_highz_cache/BT_soft_snap0046_fof_reed07_input.npz
BT_soft,0046,1.506874201,1.0745326654e+01,8.4033118665e-02,3.1404650922e-03,/project/tkcastrosim/HNHuang/project_big_sim/analysis/_used_by_article_nonlinear_evolution_pps/HALOMASS/output/fof_reed07_highz_cache/BT_soft_snap0046_fof_reed07_input.npz
BT_soft,0046,1.506874201,1.0916446530e+01,5.9386533581e-02,2.6400534380e-03,/project/tkcastrosim/HNHuang/project_big_sim/analysis/_used_by_article_nonlinear_evolution_pps/HALOMASS/output/fof_reed07_highz_cache/BT_soft_snap0046_fof_reed07_input.npz
BT_soft,0046,1.506874201,1.1080670312e+01,4.2486018096e-02,2.2330155351e-03,/project/tkcastrosim/HNHuang/project_big_sim/analysis/_used_by_article_nonlinear_evolution_pps/HALOMASS/output/fof_reed07_highz_cache/BT_soft_snap0046_fof_reed07_input.npz
BT_soft,0046,1.506874201,1.1247485242e+01,2.8754349264e-02,1.8370479886e-03,/project/tkcastrosim/HNHuang/project_big_sim/analysis/_used_by_article_nonlinear_evolution_pps/HALOMASS/output/fof_reed07_highz_cache/BT_soft_snap0046_fof_reed07_input.npz
BT_soft,0046,1.506874201,1.1408805404e+01,1.8543621158e-02,1.4752512887e-03,/project/tkcastrosim/HNHuang/project_big_sim/analysis/_used_by_article_nonlinear_evolution_pps/HALOMASS/output/fof_reed07_highz_cache/BT_soft_snap0046_fof_reed07_input.npz
BT_soft,0046,1.506874201,1.1578814333e+01,1.2675386614e-02,1.2196896456e-03,/project/tkcastrosim/HNHuang/project_big_sim/analysis/_used_by_article_nonlinear_evolution_pps/HALOMASS/output/fof_reed07_highz_cache/BT_soft_snap0046_fof_reed07_input.npz
BT_soft,0046,1.506874201,1.1743816288e+01,8.2155283611e-03,9.8194345379e-04,/project/tkcastrosim/HNHuang/project_big_sim/analysis/_used_by_article_nonlinear_evolution_pps/HALOMASS/output/fof_reed07_highz_cache/BT_soft_snap0046_fof_reed07_input.npz
BT_soft,0046,1.506874201,1.1905607209e+01,6.4550579980e-03,8.7039984289e-04,/project/tkcastrosim/HNHuang/project_big_sim/analysis/_used_by_article_nonlinear_evolution_pps/HALOMASS/output/fof_reed07_highz_cache/BT_soft_snap0046_fof_reed07_input.npz
BT_soft,0046,1.506874201,1.2083344119e+01,4.8119523258e-03,7.5150069674e-04,/project/tkcastrosim/HNHuang/project_big_sim/analysis/_used_by_article_nonlinear_evolution_pps/HALOMASS/output/fof_reed07_highz_cache/BT_soft_snap0046_fof_reed07_input.npz
BT_soft,0046,1.506874201,1.2242475253e+01,3.0514819627e-03,5.9844484896e-04,/project/tkcastrosim/HNHuang/project_big_sim/analysis/_used_by_article_nonlinear_evolution_pps/HALOMASS/output/fof_reed07_highz_cache/BT_soft_snap0046_fof_reed07_input.npz
BT_soft,0046,1.506874201,1.2441817029e+01,1.2910115996e-03,3.8925464326e-04,/project/tkcastrosim/HNHuang/project_big_sim/analysis/_used_by_article_nonlinear_evolution_pps/HALOMASS/output/fof_reed07_highz_cache/BT_soft_snap0046_fof_reed07_input.npz
BT_soft,0046,1.506874201,1.2582904400e+01,1.4083762905e-03,4.0656321521e-04,/project/tkcastrosim/HNHuang/project_big_sim/analysis/_used_by_article_nonlinear_evolution_pps/HALOMASS/output/fof_reed07_highz_cache/BT_soft_snap0046_fof_reed07_input.npz
BT_soft,0046,1.506874201,1.2718697757e+01,7.0418814523e-04,2.8748360646e-04,/project/tkcastrosim/HNHuang/project_big_sim/analysis/_used_by_article_nonlinear_evolution_pps/HALOMASS/output/fof_reed07_highz_cache/BT_soft_snap0046_fof_reed07_input.npz
BT_soft,0046,1.506874201,1.2943547372e+01,1.1736469087e-04,1.1736469087e-04,/project/tkcastrosim/HNHuang/project_big_sim/analysis/_used_by_article_nonlinear_evolution_pps/HALOMASS/output/fof_reed07_highz_cache/BT_soft_snap0046_fof_reed07_input.npz
BT_soft,0052,0.4150651322,8.0791974230e+00,1.9431015586e+01,4.7754739425e-02,/project/tkcastrosim/HNHuang/project_big_sim/analysis/_used_by_article_nonlinear_evolution_pps/HALOMASS/output/fof_reed07_highz_cache/BT_soft_snap0052_fof_reed07_input.npz
BT_soft,0052,0.4150651322,8.2475320789e+00,1.3305752369e+01,3.9517407729e-02,/project/tkcastrosim/HNHuang/project_big_sim/analysis/_used_by_article_nonlinear_evolution_pps/HALOMASS/output/fof_reed07_highz_cache/BT_soft_snap0052_fof_reed07_input.npz
BT_soft,0052,0.4150651322,8.4147200053e+00,9.7017174416e+00,3.3743726357e-02,/project/tkcastrosim/HNHuang/project_big_sim/analysis/_used_by_article_nonlinear_evolution_pps/HALOMASS/output/fof_reed07_highz_cache/BT_soft_snap0052_fof_reed07_input.npz
BT_soft,0052,0.4150651322,8.5813327120e+00,6.7894300023e+00,2.8228343087e-02,/project/tkcastrosim/HNHuang/project_big_sim/analysis/_used_by_article_nonlinear_evolution_pps/HALOMASS/output/fof_reed07_highz_cache/BT_soft_snap0052_fof_reed07_input.npz
BT_soft,0052,0.4150651322,8.7481529777e+00,4.9458654380e+00,2.4092944366e-02,/project/tkcastrosim/HNHuang/project_big_sim/analysis/_used_by_article_nonlinear_evolution_pps/HALOMASS/output/fof_reed07_highz_cache/BT_soft_snap0052_fof_reed07_input.npz
BT_soft,0052,0.4150651322,8.9146084476e+00,3.4862007777e+00,2.0227626568e-02,/project/tkcastrosim/HNHuang/project_big_sim/analysis/_used_by_article_nonlinear_evolution_pps/HALOMASS/output/fof_reed07_highz_cache/BT_soft_snap0052_fof_reed07_input.npz
BT_soft,0052,0.4150651322,9.0810507416e+00,2.4843757764e+00,1.7075655039e-02,/project/tkcastrosim/HNHuang/project_big_sim/analysis/_used_by_article_nonlinear_evolution_pps/HALOMASS/output/fof_reed07_highz_cache/BT_soft_snap0052_fof_reed07_input.npz
BT_soft,0052,0.4150651322,9.2475100089e+00,1.7901636299e+00,1.4494895689e-02,/project/tkcastrosim/HNHuang/project_big_sim/analysis/_used_by_article_nonlinear_evolution_pps/HALOMASS/output/fof_reed07_highz_cache/BT_soft_snap0052_fof_reed07_input.npz
BT_soft,0052,0.4150651322,9.4148863369e+00,1.2500513225e+00,1.2112468247e-02,/project/tkcastrosim/HNHuang/project_big_sim/analysis/_used_by_article_nonlinear_evolution_pps/HALOMASS/output/fof_reed07_highz_cache/BT_soft_snap0052_fof_reed07_input.npz
BT_soft,0052,0.4150651322,9.5818777799e+00,8.8516449856e-01,1.0192500073e-02,/project/tkcastrosim/HNHuang/project_big_sim/analysis/_used_by_article_nonlinear_evolution_pps/HALOMASS/output/fof_reed07_highz_cache/BT_soft_snap0052_fof_reed07_input.npz
BT_soft,0052,0.4150651322,9.7483479047e+00,6.3916810649e-01,8.6611643117e-03,/project/tkcastrosim/HNHuang/project_big_sim/analysis/_used_by_article_nonlinear_evolution_pps/HALOMASS/output/fof_reed07_highz_cache/BT_soft_snap0052_fof_reed07_input.npz
BT_soft,0052,0.4150651322,9.9146828651e+00,4.5126723640e-01,7.2775572620e-03,/project/tkcastrosim/HNHuang/project_big_sim/analysis/_used_by_article_nonlinear_evolution_pps/HALOMASS/output/fof_reed07_highz_cache/BT_soft_snap0052_fof_reed07_input.npz
BT_soft,0052,0.4150651322,1.0082742424e+01,3.1172061896e-01,6.0485530569e-03,/project/tkcastrosim/HNHuang/project_big_sim/analysis/_used_by_article_nonlinear_evolution_pps/HALOMASS/output/fof_reed07_highz_cache/BT_soft_snap0052_fof_reed07_input.npz
BT_soft,0052,0.4150651322,1.0248654567e+01,2.2193663044e-01,5.1036775001e-03,/project/tkcastrosim/HNHuang/project_big_sim/analysis/_used_by_article_nonlinear_evolution_pps/HALOMASS/output/fof_reed07_highz_cache/BT_soft_snap0052_fof_reed07_input.npz
BT_soft,0052,0.4150651322,1.0415904919e+01,1.5057889839e-01,4.2038846156e-03,/project/tkcastrosim/HNHuang/project_big_sim/analysis/_used_by_article_nonlinear_evolution_pps/HALOMASS/output/fof_reed07_highz_cache/BT_soft_snap0052_fof_reed07_input.npz
BT_soft,0052,0.4150651322,1.0582005294e+01,1.0715396277e-01,3.5462785728e-03,/project/tkcastrosim/HNHuang/project_big_sim/analysis/_used_by_article_nonlinear_evolution_pps/HALOMASS/output/fof_reed07_highz_cache/BT_soft_snap0052_fof_reed07_input.npz
BT_soft,0052,0.4150651322,1.0749352726e+01,7.6873872521e-02,3.0037107525e-03,/project/tkcastrosim/HNHuang/project_big_sim/analysis/_used_by_article_nonlinear_evolution_pps/HALOMASS/output/fof_reed07_highz_cache/BT_soft_snap0052_fof_reed07_input.npz
BT_soft,0052,0.4150651322,1.0915457044e+01,5.3283569656e-02,2.5007218320e-03,/project/tkcastrosim/HNHuang/project_big_sim/analysis/_used_by_article_nonlinear_evolution_pps/HALOMASS/output/fof_reed07_highz_cache/BT_soft_snap0052_fof_reed07_input.npz
BT_soft,0052,0.4150651322,1.1082692146e+01,3.9082442060e-02,2.1417046321e-03,/project/tkcastrosim/HNHuang/project_big_sim/analysis/_used_by_article_nonlinear_evolution_pps/HALOMASS/output/fof_reed07_highz_cache/BT_soft_snap0052_fof_reed07_input.npz
BT_soft,0052,0.4150651322,1.1251423594e+01,2.7932796428e-02,1.8106142654e-03,/project/tkcastrosim/HNHuang/project_big_sim/analysis/_used_by_article_nonlinear_evolution_pps/HALOMASS/output/fof_reed07_highz_cache/BT_soft_snap0052_fof_reed07_input.npz
BT_soft,0052,0.4150651322,1.1410206116e+01,1.7017880176e-02,1.4132580253e-03,/project/tkcastrosim/HNHuang/project_big_sim/analysis/_used_by_article_nonlinear_evolution_pps/HALOMASS/output/fof_reed07_highz_cache/BT_soft_snap0052_fof_reed07_input.npz
BT_soft,0052,0.4150651322,1.1578931672e+01,1.3027480687e-02,1.2365137458e-03,/project/tkcastrosim/HNHuang/project_big_sim/analysis/_used_by_article_nonlinear_evolution_pps/HALOMASS/output/fof_reed07_highz_cache/BT_soft_snap0052_fof_reed07_input.npz
BT_soft,0052,0.4150651322,1.1745145723e+01,1.0093363415e-02,1.0883953680e-03,/project/tkcastrosim/HNHuang/project_big_sim/analysis/_used_by_article_nonlinear_evolution_pps/HALOMASS/output/fof_reed07_highz_cache/BT_soft_snap0052_fof_reed07_input.npz
BT_soft,0052,0.4150651322,1.1918673637e+01,6.4550579980e-03,8.7039984289e-04,/project/tkcastrosim/HNHuang/project_big_sim/analysis/_used_by_article_nonlinear_evolution_pps/HALOMASS/output/fof_reed07_highz_cache/BT_soft_snap0052_fof_reed07_input.npz
BT_soft,0052,0.4150651322,1.2084740139e+01,4.8119523258e-03,7.5150069674e-04,/project/tkcastrosim/HNHuang/project_big_sim/analysis/_used_by_article_nonlinear_evolution_pps/HALOMASS/output/fof_reed07_highz_cache/BT_soft_snap0052_fof_reed07_input.npz
BT_soft,0052,0.4150651322,1.2255093618e+01,2.8167525809e-03,5.7496721291e-04,/project/tkcastrosim/HNHuang/project_big_sim/analysis/_used_by_article_nonlinear_evolution_pps/HALOMASS/output/fof_reed07_highz_cache/BT_soft_snap0052_fof_reed07_input.npz
BT_soft,0052,0.4150651322,1.2401651956e+01,1.7604703631e-03,4.5455149318e-04,/project/tkcastrosim/HNHuang/project_big_sim/analysis/_used_by_article_nonlinear_evolution_pps/HALOMASS/output/fof_reed07_highz_cache/BT_soft_snap0052_fof_reed07_input.npz
BT_soft,0052,0.4150651322,1.2573570538e+01,1.1736469087e-03,3.7113974004e-04,/project/tkcastrosim/HNHuang/project_big_sim/analysis/_used_by_article_nonlinear_evolution_pps/HALOMASS/output/fof_reed07_highz_cache/BT_soft_snap0052_fof_reed07_input.npz
BT_soft,0052,0.4150651322,1.2745210249e+01,1.5257409813e-03,4.2316441087e-04,/project/tkcastrosim/HNHuang/project_big_sim/analysis/_used_by_article_nonlinear_evolution_pps/HALOMASS/output/fof_reed07_highz_cache/BT_soft_snap0052_fof_reed07_input.npz
BT_soft,0052,0.4150651322,1.2914766322e+01,7.0418814523e-04,2.8748360646e-04,/project/tkcastrosim/HNHuang/project_big_sim/analysis/_used_by_article_nonlinear_evolution_pps/HALOMASS/output/fof_reed07_highz_cache/BT_soft_snap0052_fof_reed07_input.npz
BT_soft,0056,-2.220446049e-16,8.0792537737e+00,1.7212001375e+01,4.4945313668e-02,/project/tkcastrosim/HNHuang/project_big_sim/analysis/_used_by_article_nonlinear_evolution_pps/HALOMASS/output/fof_reed07_highz_cache/BT_soft_snap0056_fof_reed07_input.npz
BT_soft,0056,-2.220446049e-16,8.2474592366e+00,1.1817568089e+01,3.7241982031e-02,/project/tkcastrosim/HNHuang/project_big_sim/analysis/_used_by_article_nonlinear_evolution_pps/HALOMASS/output/fof_reed07_highz_cache/BT_soft_snap0056_fof_reed07_input.npz
BT_soft,0056,-2.220446049e-16,8.4149146720e+00,8.6177371567e+00,3.1802799522e-02,/project/tkcastrosim/HNHuang/project_big_sim/analysis/_used_by_article_nonlinear_evolution_pps/HALOMASS/output/fof_reed07_highz_cache/BT_soft_snap0056_fof_reed07_input.npz
BT_soft,0056,-2.220446049e-16,8.5813749347e+00,6.0593042604e+00,2.6667365288e-02,/project/tkcastrosim/HNHuang/project_big_sim/analysis/_used_by_article_nonlinear_evolution_pps/HALOMASS/output/fof_reed07_highz_cache/BT_soft_snap0056_fof_reed07_input.npz
BT_soft,0056,-2.220446049e-16,8.7479936678e+00,4.4501169838e+00,2.2853590618e-02,/project/tkcastrosim/HNHuang/project_big_sim/analysis/_used_by_article_nonlinear_evolution_pps/HALOMASS/output/fof_reed07_highz_cache/BT_soft_snap0056_fof_reed07_input.npz
BT_soft,0056,-2.220446049e-16,8.9152075043e+00,3.1159151780e+00,1.9123242969e-02,/project/tkcastrosim/HNHuang/project_big_sim/analysis/_used_by_article_nonlinear_evolution_pps/HALOMASS/output/fof_reed07_highz_cache/BT_soft_snap0056_fof_reed07_input.npz
BT_soft,0056,-2.220446049e-16,9.0817306593e+00,2.2505853122e+00,1.6252361350e-02,/project/tkcastrosim/HNHuang/project_big_sim/analysis/_used_by_article_nonlinear_evolution_pps/HALOMASS/output/fof_reed07_highz_cache/BT_soft_snap0056_fof_reed07_input.npz
BT_soft,0056,-2.220446049e-16,9.2482065576e+00,1.6238578629e+00,1.3805201053e-02,/project/tkcastrosim/HNHuang/project_big_sim/analysis/_used_by_article_nonlinear_evolution_pps/HALOMASS/output/fof_reed07_highz_cache/BT_soft_snap0056_fof_reed07_input.npz
BT_soft,0056,-2.220446049e-16,9.4153317112e+00,1.1209501625e+00,1.1469959429e-02,/project/tkcastrosim/HNHuang/project_big_sim/analysis/_used_by_article_nonlinear_evolution_pps/HALOMASS/output/fof_reed07_highz_cache/BT_soft_snap0056_fof_reed07_input.npz
BT_soft,0056,-2.220446049e-16,9.5814993377e+00,8.1016846109e-01,9.7511625456e-03,/project/tkcastrosim/HNHuang/project_big_sim/analysis/_used_by_article_nonlinear_evolution_pps/HALOMASS/output/fof_reed07_highz_cache/BT_soft_snap0056_fof_reed07_input.npz
BT_soft,0056,-2.220446049e-16,9.7479784279e+00,5.8330251364e-01,8.2740026105e-03,/project/tkcastrosim/HNHuang/project_big_sim/analysis/_used_by_article_nonlinear_evolution_pps/HALOMASS/output/fof_reed07_highz_cache/BT_soft_snap0056_fof_reed07_input.npz
BT_soft,0056,-2.220446049e-16,9.9145529222e+00,4.1817039358e-01,7.0056005434e-03,/project/tkcastrosim/HNHuang/project_big_sim/analysis/_used_by_article_nonlinear_evolution_pps/HALOMASS/output/fof_reed07_highz_cache/BT_soft_snap0056_fof_reed07_input.npz
BT_soft,0056,-2.220446049e-16,1.0081515802e+01,2.8578302227e-01,5.7914450758e-03,/project/tkcastrosim/HNHuang/project_big_sim/analysis/_used_by_article_nonlinear_evolution_pps/HALOMASS/output/fof_reed07_highz_cache/BT_soft_snap0056_fof_reed07_input.npz
BT_soft,0056,-2.220446049e-16,1.0247533985e+01,2.0409719743e-01,4.8942624045e-03,/project/tkcastrosim/HNHuang/project_big_sim/analysis/_used_by_article_nonlinear_evolution_pps/HALOMASS/output/fof_reed07_highz_cache/BT_soft_snap0056_fof_reed07_input.npz
BT_soft,0056,-2.220446049e-16,1.0414422279e+01,1.3954661745e-01,4.0469551046e-03,/project/tkcastrosim/HNHuang/project_big_sim/analysis/_used_by_article_nonlinear_evolution_pps/HALOMASS/output/fof_reed07_highz_cache/BT_soft_snap0056_fof_reed07_input.npz
BT_soft,0056,-2.220446049e-16,1.0582429765e+01,1.0140309291e-01,3.4498032775e-03,/project/tkcastrosim/HNHuang/project_big_sim/analysis/_used_by_article_nonlinear_evolution_pps/HALOMASS/output/fof_reed07_highz_cache/BT_soft_snap0056_fof_reed07_input.npz
BT_soft,0056,-2.220446049e-16,1.0746664160e+01,7.1005637978e-02,2.8867896964e-03,/project/tkcastrosim/HNHuang/project_big_sim/analysis/_used_by_article_nonlinear_evolution_pps/HALOMASS/output/fof_reed07_highz_cache/BT_soft_snap0056_fof_reed07_input.npz
BT_soft,0056,-2.220446049e-16,1.0910657510e+01,4.8941076094e-02,2.3966548076e-03,/project/tkcastrosim/HNHuang/project_big_sim/analysis/_used_by_article_nonlinear_evolution_pps/HALOMASS/output/fof_reed07_highz_cache/BT_soft_snap0056_fof_reed07_input.npz
BT_soft,0056,-2.220446049e-16,1.1081530314e+01,3.6500418861e-02,2.0697488679e-03,/project/tkcastrosim/HNHuang/project_big_sim/analysis/_used_by_article_nonlinear_evolution_pps/HALOMASS/output/fof_reed07_highz_cache/BT_soft_snap0056_fof_reed07_input.npz
BT_soft,0056,-2.220446049e-16,1.1241514492e+01,2.8519619882e-02,1.8295344684e-03,/project/tkcastrosim/HNHuang/project_big_sim/analysis/_used_by_article_nonlinear_evolution_pps/HALOMASS/output/fof_reed07_highz_cache/BT_soft_snap0056_fof_reed07_input.npz
BT_soft,0056,-2.220446049e-16,1.1408528951e+01,1.8660985849e-02,1.4799124418e-03,/project/tkcastrosim/HNHuang/project_big_sim/analysis/_used_by_article_nonlinear_evolution_pps/HALOMASS/output/fof_reed07_highz_cache/BT_soft_snap0056_fof_reed07_input.npz
BT_soft,0056,-2.220446049e-16,1.1581115959e+01,1.2205927851e-02,1.1968896979e-03,/project/tkcastrosim/HNHuang/project_big_sim/analysis/_used_by_article_nonlinear_evolution_pps/HALOMASS/output/fof_reed07_highz_cache/BT_soft_snap0056_fof_reed07_input.npz
BT_soft,0056,-2.220446049e-16,1.1759458403e+01,9.0370811972e-03,1.0298709827e-03,/project/tkcastrosim/HNHuang/project_big_sim/analysis/_used_by_article_nonlinear_evolution_pps/HALOMASS/output/fof_reed07_highz_cache/BT_soft_snap0056_fof_reed07_input.npz
BT_soft,0056,-2.220446049e-16,1.1920340617e+01,6.1029639254e-03,8.4632882174e-04,/project/tkcastrosim/HNHuang/project_big_sim/analysis/_used_by_article_nonlinear_evolution_pps/HALOMASS/output/fof_reed07_highz_cache/BT_soft_snap0056_fof_reed07_input.npz
BT_soft,0056,-2.220446049e-16,1.2084242258e+01,4.5772229440e-03,7.3294225958e-04,/project/tkcastrosim/HNHuang/project_big_sim/analysis/_used_by_article_nonlinear_evolution_pps/HALOMASS/output/fof_reed07_highz_cache/BT_soft_snap0056_fof_reed07_input.npz
BT_soft,0056,-2.220446049e-16,1.2247220799e+01,2.8167525809e-03,5.7496721291e-04,/project/tkcastrosim/HNHuang/project_big_sim/analysis/_used_by_article_nonlinear_evolution_pps/HALOMASS/output/fof_reed07_highz_cache/BT_soft_snap0056_fof_reed07_input.npz
BT_soft,0056,-2.220446049e-16,1.2415477982e+01,1.6431056722e-03,4.3913846255e-04,/project/tkcastrosim/HNHuang/project_big_sim/analysis/_used_by_article_nonlinear_evolution_pps/HALOMASS/output/fof_reed07_highz_cache/BT_soft_snap0056_fof_reed07_input.npz
BT_soft,0056,-2.220446049e-16,1.2572688224e+01,1.1736469087e-03,3.7113974004e-04,/project/tkcastrosim/HNHuang/project_big_sim/analysis/_used_by_article_nonlinear_evolution_pps/HALOMASS/output/fof_reed07_highz_cache/BT_soft_snap0056_fof_reed07_input.npz
BT_soft,0056,-2.220446049e-16,1.2737317034e+01,1.4083762905e-03,4.0656321521e-04,/project/tkcastrosim/HNHuang/project_big_sim/analysis/_used_by_article_nonlinear_evolution_pps/HALOMASS/output/fof_reed07_highz_cache/BT_soft_snap0056_fof_reed07_input.npz
BT_soft,0056,-2.220446049e-16,1.2907852999e+01,7.0418814523e-04,2.8748360646e-04,/project/tkcastrosim/HNHuang/project_big_sim/analysis/_used_by_article_nonlinear_evolution_pps/HALOMASS/output/fof_reed07_highz_cache/BT_soft_snap0056_fof_reed07_input.npz
PL,0024,19.40664523,8.0686637205e+00,4.8002158567e-02,2.3735539811e-03,/project/tkcastrosim/HNHuang/project_big_sim/analysis/_used_by_article_nonlinear_evolution_pps/HALOMASS/output/fof_reed07_highz_cache/PL_snap0024_fof_reed07_input.npz
PL,0024,19.40664523,8.2414589335e+00,1.9834632757e-02,1.5257409813e-03,/project/tkcastrosim/HNHuang/project_big_sim/analysis/_used_by_article_nonlinear_evolution_pps/HALOMASS/output/fof_reed07_highz_cache/PL_snap0024_fof_reed07_input.npz
PL,0024,19.40664523,8.4146173789e+00,9.0370811972e-03,1.0298709827e-03,/project/tkcastrosim/HNHuang/project_big_sim/analysis/_used_by_article_nonlinear_evolution_pps/HALOMASS/output/fof_reed07_highz_cache/PL_snap0024_fof_reed07_input.npz
PL,0024,19.40664523,8.5701544526e+00,3.5209407262e-03,6.4283288645e-04,/project/tkcastrosim/HNHuang/project_big_sim/analysis/_used_by_article_nonlinear_evolution_pps/HALOMASS/output/fof_reed07_highz_cache/PL_snap0024_fof_reed07_input.npz
PL,0024,19.40664523,8.7591873821e+00,2.1125644357e-03,4.9793621273e-04,/project/tkcastrosim/HNHuang/project_big_sim/analysis/_used_by_article_nonlinear_evolution_pps/HALOMASS/output/fof_reed07_highz_cache/PL_snap0024_fof_reed07_input.npz
PL,0024,19.40664523,8.9140074185e+00,5.8682345436e-04,2.6243542695e-04,/project/tkcastrosim/HNHuang/project_big_sim/analysis/_used_by_article_nonlinear_evolution_pps/HALOMASS/output/fof_reed07_highz_cache/PL_snap0024_fof_reed07_input.npz
PL,0024,19.40664523,9.0648844330e+00,3.5209407262e-04,2.0328160761e-04,/project/tkcastrosim/HNHuang/project_big_sim/analysis/_used_by_article_nonlinear_evolution_pps/HALOMASS/output/fof_reed07_highz_cache/PL_snap0024_fof_reed07_input.npz
PL,0024,19.40664523,9.2500000000e+00,0.0000000000e+00,0.0000000000e+00,/project/tkcastrosim/HNHuang/project_big_sim/analysis/_used_by_article_nonlinear_evolution_pps/HALOMASS/output/fof_reed07_highz_cache/PL_snap0024_fof_reed07_input.npz
PL,0024,19.40664523,9.4166666667e+00,0.0000000000e+00,0.0000000000e+00,/project/tkcastrosim/HNHuang/project_big_sim/analysis/_used_by_article_nonlinear_evolution_pps/HALOMASS/output/fof_reed07_highz_cache/PL_snap0024_fof_reed07_input.npz
PL,0024,19.40664523,9.5833333333e+00,0.0000000000e+00,0.0000000000e+00,/project/tkcastrosim/HNHuang/project_big_sim/analysis/_used_by_article_nonlinear_evolution_pps/HALOMASS/output/fof_reed07_highz_cache/PL_snap0024_fof_reed07_input.npz
PL,0024,19.40664523,9.7500000000e+00,0.0000000000e+00,0.0000000000e+00,/project/tkcastrosim/HNHuang/project_big_sim/analysis/_used_by_article_nonlinear_evolution_pps/HALOMASS/output/fof_reed07_highz_cache/PL_snap0024_fof_reed07_input.npz
PL,0024,19.40664523,9.9166666667e+00,0.0000000000e+00,0.0000000000e+00,/project/tkcastrosim/HNHuang/project_big_sim/analysis/_used_by_article_nonlinear_evolution_pps/HALOMASS/output/fof_reed07_highz_cache/PL_snap0024_fof_reed07_input.npz
PL,0024,19.40664523,1.0083333333e+01,0.0000000000e+00,0.0000000000e+00,/project/tkcastrosim/HNHuang/project_big_sim/analysis/_used_by_article_nonlinear_evolution_pps/HALOMASS/output/fof_reed07_highz_cache/PL_snap0024_fof_reed07_input.npz
PL,0024,19.40664523,1.0250000000e+01,0.0000000000e+00,0.0000000000e+00,/project/tkcastrosim/HNHuang/project_big_sim/analysis/_used_by_article_nonlinear_evolution_pps/HALOMASS/output/fof_reed07_highz_cache/PL_snap0024_fof_reed07_input.npz
PL,0024,19.40664523,1.0416666667e+01,0.0000000000e+00,0.0000000000e+00,/project/tkcastrosim/HNHuang/project_big_sim/analysis/_used_by_article_nonlinear_evolution_pps/HALOMASS/output/fof_reed07_highz_cache/PL_snap0024_fof_reed07_input.npz
PL,0024,19.40664523,1.0583333333e+01,0.0000000000e+00,0.0000000000e+00,/project/tkcastrosim/HNHuang/project_big_sim/analysis/_used_by_article_nonlinear_evolution_pps/HALOMASS/output/fof_reed07_highz_cache/PL_snap0024_fof_reed07_input.npz
PL,0024,19.40664523,1.0750000000e+01,0.0000000000e+00,0.0000000000e+00,/project/tkcastrosim/HNHuang/project_big_sim/analysis/_used_by_article_nonlinear_evolution_pps/HALOMASS/output/fof_reed07_highz_cache/PL_snap0024_fof_reed07_input.npz
PL,0024,19.40664523,1.0916666667e+01,0.0000000000e+00,0.0000000000e+00,/project/tkcastrosim/HNHuang/project_big_sim/analysis/_used_by_article_nonlinear_evolution_pps/HALOMASS/output/fof_reed07_highz_cache/PL_snap0024_fof_reed07_input.npz
PL,0024,19.40664523,1.1083333333e+01,0.0000000000e+00,0.0000000000e+00,/project/tkcastrosim/HNHuang/project_big_sim/analysis/_used_by_article_nonlinear_evolution_pps/HALOMASS/output/fof_reed07_highz_cache/PL_snap0024_fof_reed07_input.npz
PL,0024,19.40664523,1.1250000000e+01,0.0000000000e+00,0.0000000000e+00,/project/tkcastrosim/HNHuang/project_big_sim/analysis/_used_by_article_nonlinear_evolution_pps/HALOMASS/output/fof_reed07_highz_cache/PL_snap0024_fof_reed07_input.npz
PL,0024,19.40664523,1.1416666667e+01,0.0000000000e+00,0.0000000000e+00,/project/tkcastrosim/HNHuang/project_big_sim/analysis/_used_by_article_nonlinear_evolution_pps/HALOMASS/output/fof_reed07_highz_cache/PL_snap0024_fof_reed07_input.npz
PL,0024,19.40664523,1.1583333333e+01,0.0000000000e+00,0.0000000000e+00,/project/tkcastrosim/HNHuang/project_big_sim/analysis/_used_by_article_nonlinear_evolution_pps/HALOMASS/output/fof_reed07_highz_cache/PL_snap0024_fof_reed07_input.npz
PL,0024,19.40664523,1.1750000000e+01,0.0000000000e+00,0.0000000000e+00,/project/tkcastrosim/HNHuang/project_big_sim/analysis/_used_by_article_nonlinear_evolution_pps/HALOMASS/output/fof_reed07_highz_cache/PL_snap0024_fof_reed07_input.npz
PL,0024,19.40664523,1.1916666667e+01,0.0000000000e+00,0.0000000000e+00,/project/tkcastrosim/HNHuang/project_big_sim/analysis/_used_by_article_nonlinear_evolution_pps/HALOMASS/output/fof_reed07_highz_cache/PL_snap0024_fof_reed07_input.npz
PL,0024,19.40664523,1.2083333333e+01,0.0000000000e+00,0.0000000000e+00,/project/tkcastrosim/HNHuang/project_big_sim/analysis/_used_by_article_nonlinear_evolution_pps/HALOMASS/output/fof_reed07_highz_cache/PL_snap0024_fof_reed07_input.npz
PL,0024,19.40664523,1.2250000000e+01,0.0000000000e+00,0.0000000000e+00,/project/tkcastrosim/HNHuang/project_big_sim/analysis/_used_by_article_nonlinear_evolution_pps/HALOMASS/output/fof_reed07_highz_cache/PL_snap0024_fof_reed07_input.npz
PL,0024,19.40664523,1.2416666667e+01,0.0000000000e+00,0.0000000000e+00,/project/tkcastrosim/HNHuang/project_big_sim/analysis/_used_by_article_nonlinear_evolution_pps/HALOMASS/output/fof_reed07_highz_cache/PL_snap0024_fof_reed07_input.npz
PL,0024,19.40664523,1.2583333333e+01,0.0000000000e+00,0.0000000000e+00,/project/tkcastrosim/HNHuang/project_big_sim/analysis/_used_by_article_nonlinear_evolution_pps/HALOMASS/output/fof_reed07_highz_cache/PL_snap0024_fof_reed07_input.npz
PL,0024,19.40664523,1.2750000000e+01,0.0000000000e+00,0.0000000000e+00,/project/tkcastrosim/HNHuang/project_big_sim/analysis/_used_by_article_nonlinear_evolution_pps/HALOMASS/output/fof_reed07_highz_cache/PL_snap0024_fof_reed07_input.npz
PL,0024,19.40664523,1.2916666667e+01,0.0000000000e+00,0.0000000000e+00,/project/tkcastrosim/HNHuang/project_big_sim/analysis/_used_by_article_nonlinear_evolution_pps/HALOMASS/output/fof_reed07_highz_cache/PL_snap0024_fof_reed07_input.npz
PL,0027,14.3318146,8.0753756796e+00,1.0862102140e+00,1.1290824859e-02,/project/tkcastrosim/HNHuang/project_big_sim/analysis/_used_by_article_nonlinear_evolution_pps/HALOMASS/output/fof_reed07_highz_cache/PL_snap0027_fof_reed07_input.npz
PL,0027,14.3318146,8.2446812040e+00,6.0583653428e-01,8.4323079620e-03,/project/tkcastrosim/HNHuang/project_big_sim/analysis/_used_by_article_nonlinear_evolution_pps/HALOMASS/output/fof_reed07_highz_cache/PL_snap0027_fof_reed07_input.npz
PL,0027,14.3318146,8.4099748424e+00,3.2333972335e-01,6.1602489136e-03,/project/tkcastrosim/HNHuang/project_big_sim/analysis/_used_by_article_nonlinear_evolution_pps/HALOMASS/output/fof_reed07_highz_cache/PL_snap0027_fof_reed07_input.npz
PL,0027,14.3318146,8.5776491090e+00,1.7804223605e-01,4.5712002796e-03,/project/tkcastrosim/HNHuang/project_big_sim/analysis/_used_by_article_nonlinear_evolution_pps/HALOMASS/output/fof_reed07_highz_cache/PL_snap0027_fof_reed07_input.npz
PL,0027,14.3318146,8.7440568001e+00,9.5417493679e-02,3.3464376058e-03,/project/tkcastrosim/HNHuang/project_big_sim/analysis/_used_by_article_nonlinear_evolution_pps/HALOMASS/output/fof_reed07_highz_cache/PL_snap0027_fof_reed07_input.npz
PL,0027,14.3318146,8.9118602182e+00,4.8471617330e-02,2.3851323620e-03,/project/tkcastrosim/HNHuang/project_big_sim/analysis/_used_by_article_nonlinear_evolution_pps/HALOMASS/output/fof_reed07_highz_cache/PL_snap0027_fof_reed07_input.npz
PL,0027,14.3318146,9.0728608839e+00,2.1595103121e-02,1.5920121237e-03,/project/tkcastrosim/HNHuang/project_big_sim/analysis/_used_by_article_nonlinear_evolution_pps/HALOMASS/output/fof_reed07_highz_cache/PL_snap0027_fof_reed07_input.npz
PL,0027,14.3318146,9.2395997973e+00,1.1736469087e-02,1.1736469087e-03,/project/tkcastrosim/HNHuang/project_big_sim/analysis/_used_by_article_nonlinear_evolution_pps/HALOMASS/output/fof_reed07_highz_cache/PL_snap0027_fof_reed07_input.npz
PL,0027,14.3318146,9.4045141884e+00,3.8730347988e-03,6.7420881921e-04,/project/tkcastrosim/HNHuang/project_big_sim/analysis/_used_by_article_nonlinear_evolution_pps/HALOMASS/output/fof_reed07_highz_cache/PL_snap0027_fof_reed07_input.npz
PL,0027,14.3318146,9.5921103978e+00,2.4646585083e-03,5.3783257984e-04,/project/tkcastrosim/HNHuang/project_big_sim/analysis/_used_by_article_nonlinear_evolution_pps/HALOMASS/output/fof_reed07_highz_cache/PL_snap0027_fof_reed07_input.npz
PL,0027,14.3318146,9.6701624689e+00,1.1736469087e-04,1.1736469087e-04,/project/tkcastrosim/HNHuang/project_big_sim/analysis/_used_by_article_nonlinear_evolution_pps/HALOMASS/output/fof_reed07_highz_cache/PL_snap0027_fof_reed07_input.npz
PL,0027,14.3318146,9.9330177678e+00,4.6945876349e-04,2.3472938174e-04,/project/tkcastrosim/HNHuang/project_big_sim/analysis/_used_by_article_nonlinear_evolution_pps/HALOMASS/output/fof_reed07_highz_cache/PL_snap0027_fof_reed07_input.npz
PL,0027,14.3318146,1.0098022847e+01,2.3472938174e-04,1.6597873758e-04,/project/tkcastrosim/HNHuang/project_big_sim/analysis/_used_by_article_nonlinear_evolution_pps/HALOMASS/output/fof_reed07_highz_cache/PL_snap0027_fof_reed07_input.npz
PL,0027,14.3318146,1.0184583690e+01,1.1736469087e-04,1.1736469087e-04,/project/tkcastrosim/HNHuang/project_big_sim/analysis/_used_by_article_nonlinear_evolution_pps/HALOMASS/output/fof_reed07_highz_cache/PL_snap0027_fof_reed07_input.npz
PL,0027,14.3318146,1.0416666667e+01,0.0000000000e+00,0.0000000000e+00,/project/tkcastrosim/HNHuang/project_big_sim/analysis/_used_by_article_nonlinear_evolution_pps/HALOMASS/output/fof_reed07_highz_cache/PL_snap0027_fof_reed07_input.npz
PL,0027,14.3318146,1.0583333333e+01,0.0000000000e+00,0.0000000000e+00,/project/tkcastrosim/HNHuang/project_big_sim/analysis/_used_by_article_nonlinear_evolution_pps/HALOMASS/output/fof_reed07_highz_cache/PL_snap0027_fof_reed07_input.npz
PL,0027,14.3318146,1.0750000000e+01,0.0000000000e+00,0.0000000000e+00,/project/tkcastrosim/HNHuang/project_big_sim/analysis/_used_by_article_nonlinear_evolution_pps/HALOMASS/output/fof_reed07_highz_cache/PL_snap0027_fof_reed07_input.npz
PL,0027,14.3318146,1.0916666667e+01,0.0000000000e+00,0.0000000000e+00,/project/tkcastrosim/HNHuang/project_big_sim/analysis/_used_by_article_nonlinear_evolution_pps/HALOMASS/output/fof_reed07_highz_cache/PL_snap0027_fof_reed07_input.npz
PL,0027,14.3318146,1.1083333333e+01,0.0000000000e+00,0.0000000000e+00,/project/tkcastrosim/HNHuang/project_big_sim/analysis/_used_by_article_nonlinear_evolution_pps/HALOMASS/output/fof_reed07_highz_cache/PL_snap0027_fof_reed07_input.npz
PL,0027,14.3318146,1.1250000000e+01,0.0000000000e+00,0.0000000000e+00,/project/tkcastrosim/HNHuang/project_big_sim/analysis/_used_by_article_nonlinear_evolution_pps/HALOMASS/output/fof_reed07_highz_cache/PL_snap0027_fof_reed07_input.npz
PL,0027,14.3318146,1.1416666667e+01,0.0000000000e+00,0.0000000000e+00,/project/tkcastrosim/HNHuang/project_big_sim/analysis/_used_by_article_nonlinear_evolution_pps/HALOMASS/output/fof_reed07_highz_cache/PL_snap0027_fof_reed07_input.npz
PL,0027,14.3318146,1.1583333333e+01,0.0000000000e+00,0.0000000000e+00,/project/tkcastrosim/HNHuang/project_big_sim/analysis/_used_by_article_nonlinear_evolution_pps/HALOMASS/output/fof_reed07_highz_cache/PL_snap0027_fof_reed07_input.npz
PL,0027,14.3318146,1.1750000000e+01,0.0000000000e+00,0.0000000000e+00,/project/tkcastrosim/HNHuang/project_big_sim/analysis/_used_by_article_nonlinear_evolution_pps/HALOMASS/output/fof_reed07_highz_cache/PL_snap0027_fof_reed07_input.npz
PL,0027,14.3318146,1.1916666667e+01,0.0000000000e+00,0.0000000000e+00,/project/tkcastrosim/HNHuang/project_big_sim/analysis/_used_by_article_nonlinear_evolution_pps/HALOMASS/output/fof_reed07_highz_cache/PL_snap0027_fof_reed07_input.npz
PL,0027,14.3318146,1.2083333333e+01,0.0000000000e+00,0.0000000000e+00,/project/tkcastrosim/HNHuang/project_big_sim/analysis/_used_by_article_nonlinear_evolution_pps/HALOMASS/output/fof_reed07_highz_cache/PL_snap0027_fof_reed07_input.npz
PL,0027,14.3318146,1.2250000000e+01,0.0000000000e+00,0.0000000000e+00,/project/tkcastrosim/HNHuang/project_big_sim/analysis/_used_by_article_nonlinear_evolution_pps/HALOMASS/output/fof_reed07_highz_cache/PL_snap0027_fof_reed07_input.npz
PL,0027,14.3318146,1.2416666667e+01,0.0000000000e+00,0.0000000000e+00,/project/tkcastrosim/HNHuang/project_big_sim/analysis/_used_by_article_nonlinear_evolution_pps/HALOMASS/output/fof_reed07_highz_cache/PL_snap0027_fof_reed07_input.npz
PL,0027,14.3318146,1.2583333333e+01,0.0000000000e+00,0.0000000000e+00,/project/tkcastrosim/HNHuang/project_big_sim/analysis/_used_by_article_nonlinear_evolution_pps/HALOMASS/output/fof_reed07_highz_cache/PL_snap0027_fof_reed07_input.npz
PL,0027,14.3318146,1.2750000000e+01,0.0000000000e+00,0.0000000000e+00,/project/tkcastrosim/HNHuang/project_big_sim/analysis/_used_by_article_nonlinear_evolution_pps/HALOMASS/output/fof_reed07_highz_cache/PL_snap0027_fof_reed07_input.npz
PL,0027,14.3318146,1.2916666667e+01,0.0000000000e+00,0.0000000000e+00,/project/tkcastrosim/HNHuang/project_big_sim/analysis/_used_by_article_nonlinear_evolution_pps/HALOMASS/output/fof_reed07_highz_cache/PL_snap0027_fof_reed07_input.npz
PL,0030,10.51901923,8.0780024977e+00,5.4502988794e+00,2.5291750496e-02,/project/tkcastrosim/HNHuang/project_big_sim/analysis/_used_by_article_nonlinear_evolution_pps/HALOMASS/output/fof_reed07_highz_cache/PL_snap0030_fof_reed07_input.npz
PL,0030,10.51901923,8.2459118968e+00,3.3654325108e+00,1.9874177877e-02,/project/tkcastrosim/HNHuang/project_big_sim/analysis/_used_by_article_nonlinear_evolution_pps/HALOMASS/output/fof_reed07_highz_cache/PL_snap0030_fof_reed07_input.npz
PL,0030,10.51901923,8.4118210520e+00,2.1227751638e+00,1.5784132884e-02,/project/tkcastrosim/HNHuang/project_big_sim/analysis/_used_by_article_nonlinear_evolution_pps/HALOMASS/output/fof_reed07_highz_cache/PL_snap0030_fof_reed07_input.npz
PL,0030,10.51901923,8.5796363151e+00,1.2798619540e+00,1.2256043513e-02,/project/tkcastrosim/HNHuang/project_big_sim/analysis/_used_by_article_nonlinear_evolution_pps/HALOMASS/output/fof_reed07_highz_cache/PL_snap0030_fof_reed07_input.npz
PL,0030,10.51901923,8.7463290517e+00,7.8012310023e-01,9.5686418316e-03,/project/tkcastrosim/HNHuang/project_big_sim/analysis/_used_by_article_nonlinear_evolution_pps/HALOMASS/output/fof_reed07_highz_cache/PL_snap0030_fof_reed07_input.npz
PL,0030,10.51901923,8.9120911330e+00,4.5619655342e-01,7.3171966947e-03,/project/tkcastrosim/HNHuang/project_big_sim/analysis/_used_by_article_nonlinear_evolution_pps/HALOMASS/output/fof_reed07_highz_cache/PL_snap0030_fof_reed07_input.npz
PL,0030,10.51901923,9.0769964483e+00,2.5456401450e-01,5.4659698928e-03,/project/tkcastrosim/HNHuang/project_big_sim/analysis/_used_by_article_nonlinear_evolution_pps/HALOMASS/output/fof_reed07_highz_cache/PL_snap0030_fof_reed07_input.npz
PL,0030,10.51901923,9.2436631693e+00,1.4459329915e-01,4.1194839310e-03,/project/tkcastrosim/HNHuang/project_big_sim/analysis/_used_by_article_nonlinear_evolution_pps/HALOMASS/output/fof_reed07_highz_cache/PL_snap0030_fof_reed07_input.npz
PL,0030,10.51901923,9.4091860125e+00,8.2742107065e-02,3.1162480353e-03,/project/tkcastrosim/HNHuang/project_big_sim/analysis/_used_by_article_nonlinear_evolution_pps/HALOMASS/output/fof_reed07_highz_cache/PL_snap0030_fof_reed07_input.npz
PL,0030,10.51901923,9.5785476852e+00,4.1664465260e-02,2.2113202133e-03,/project/tkcastrosim/HNHuang/project_big_sim/analysis/_used_by_article_nonlinear_evolution_pps/HALOMASS/output/fof_reed07_highz_cache/PL_snap0030_fof_reed07_input.npz
PL,0030,10.51901923,9.7389155896e+00,2.3355573484e-02,1.6556327075e-03,/project/tkcastrosim/HNHuang/project_big_sim/analysis/_used_by_article_nonlinear_evolution_pps/HALOMASS/output/fof_reed07_highz_cache/PL_snap0030_fof_reed07_input.npz
PL,0030,10.51901923,9.9165056224e+00,1.1384375015e-02,1.1559081514e-03,/project/tkcastrosim/HNHuang/project_big_sim/analysis/_used_by_article_nonlinear_evolution_pps/HALOMASS/output/fof_reed07_highz_cache/PL_snap0030_fof_reed07_input.npz
PL,0030,10.51901923,1.0080727122e+01,5.3987757801e-03,7.9600606186e-04,/project/tkcastrosim/HNHuang/project_big_sim/analysis/_used_by_article_nonlinear_evolution_pps/HALOMASS/output/fof_reed07_highz_cache/PL_snap0030_fof_reed07_input.npz
PL,0030,10.51901923,1.0251450003e+01,1.5257409813e-03,4.2316441087e-04,/project/tkcastrosim/HNHuang/project_big_sim/analysis/_used_by_article_nonlinear_evolution_pps/HALOMASS/output/fof_reed07_highz_cache/PL_snap0030_fof_reed07_input.npz
PL,0030,10.51901923,1.0415825874e+01,1.5257409813e-03,4.2316441087e-04,/project/tkcastrosim/HNHuang/project_big_sim/analysis/_used_by_article_nonlinear_evolution_pps/HALOMASS/output/fof_reed07_highz_cache/PL_snap0030_fof_reed07_input.npz
PL,0030,10.51901923,1.0616724449e+01,4.6945876349e-04,2.3472938174e-04,/project/tkcastrosim/HNHuang/project_big_sim/analysis/_used_by_article_nonlinear_evolution_pps/HALOMASS/output/fof_reed07_highz_cache/PL_snap0030_fof_reed07_input.npz
PL,0030,10.51901923,1.0765247331e+01,2.3472938174e-04,1.6597873758e-04,/project/tkcastrosim/HNHuang/project_big_sim/analysis/_used_by_article_nonlinear_evolution_pps/HALOMASS/output/fof_reed07_highz_cache/PL_snap0030_fof_reed07_input.npz
PL,0030,10.51901923,1.0916666667e+01,0.0000000000e+00,0.0000000000e+00,/project/tkcastrosim/HNHuang/project_big_sim/analysis/_used_by_article_nonlinear_evolution_pps/HALOMASS/output/fof_reed07_highz_cache/PL_snap0030_fof_reed07_input.npz
PL,0030,10.51901923,1.1083333333e+01,0.0000000000e+00,0.0000000000e+00,/project/tkcastrosim/HNHuang/project_big_sim/analysis/_used_by_article_nonlinear_evolution_pps/HALOMASS/output/fof_reed07_highz_cache/PL_snap0030_fof_reed07_input.npz
PL,0030,10.51901923,1.1250000000e+01,0.0000000000e+00,0.0000000000e+00,/project/tkcastrosim/HNHuang/project_big_sim/analysis/_used_by_article_nonlinear_evolution_pps/HALOMASS/output/fof_reed07_highz_cache/PL_snap0030_fof_reed07_input.npz
PL,0030,10.51901923,1.1416666667e+01,0.0000000000e+00,0.0000000000e+00,/project/tkcastrosim/HNHuang/project_big_sim/analysis/_used_by_article_nonlinear_evolution_pps/HALOMASS/output/fof_reed07_highz_cache/PL_snap0030_fof_reed07_input.npz
PL,0030,10.51901923,1.1583333333e+01,0.0000000000e+00,0.0000000000e+00,/project/tkcastrosim/HNHuang/project_big_sim/analysis/_used_by_article_nonlinear_evolution_pps/HALOMASS/output/fof_reed07_highz_cache/PL_snap0030_fof_reed07_input.npz
PL,0030,10.51901923,1.1750000000e+01,0.0000000000e+00,0.0000000000e+00,/project/tkcastrosim/HNHuang/project_big_sim/analysis/_used_by_article_nonlinear_evolution_pps/HALOMASS/output/fof_reed07_highz_cache/PL_snap0030_fof_reed07_input.npz
PL,0030,10.51901923,1.1916666667e+01,0.0000000000e+00,0.0000000000e+00,/project/tkcastrosim/HNHuang/project_big_sim/analysis/_used_by_article_nonlinear_evolution_pps/HALOMASS/output/fof_reed07_highz_cache/PL_snap0030_fof_reed07_input.npz
PL,0030,10.51901923,1.2083333333e+01,0.0000000000e+00,0.0000000000e+00,/project/tkcastrosim/HNHuang/project_big_sim/analysis/_used_by_article_nonlinear_evolution_pps/HALOMASS/output/fof_reed07_highz_cache/PL_snap0030_fof_reed07_input.npz
PL,0030,10.51901923,1.2250000000e+01,0.0000000000e+00,0.0000000000e+00,/project/tkcastrosim/HNHuang/project_big_sim/analysis/_used_by_article_nonlinear_evolution_pps/HALOMASS/output/fof_reed07_highz_cache/PL_snap0030_fof_reed07_input.npz
PL,0030,10.51901923,1.2416666667e+01,0.0000000000e+00,0.0000000000e+00,/project/tkcastrosim/HNHuang/project_big_sim/analysis/_used_by_article_nonlinear_evolution_pps/HALOMASS/output/fof_reed07_highz_cache/PL_snap0030_fof_reed07_input.npz
PL,0030,10.51901923,1.2583333333e+01,0.0000000000e+00,0.0000000000e+00,/project/tkcastrosim/HNHuang/project_big_sim/analysis/_used_by_article_nonlinear_evolution_pps/HALOMASS/output/fof_reed07_highz_cache/PL_snap0030_fof_reed07_input.npz
PL,0030,10.51901923,1.2750000000e+01,0.0000000000e+00,0.0000000000e+00,/project/tkcastrosim/HNHuang/project_big_sim/analysis/_used_by_article_nonlinear_evolution_pps/HALOMASS/output/fof_reed07_highz_cache/PL_snap0030_fof_reed07_input.npz
PL,0030,10.51901923,1.2916666667e+01,0.0000000000e+00,0.0000000000e+00,/project/tkcastrosim/HNHuang/project_big_sim/analysis/_used_by_article_nonlinear_evolution_pps/HALOMASS/output/fof_reed07_highz_cache/PL_snap0030_fof_reed07_input.npz
PL,0032,8.519850605,8.0781061002e+00,9.6223789105e+00,3.3605468696e-02,/project/tkcastrosim/HNHuang/project_big_sim/analysis/_used_by_article_nonlinear_evolution_pps/HALOMASS/output/fof_reed07_highz_cache/PL_snap0032_fof_reed07_input.npz
PL,0032,8.519850605,8.2463650613e+00,6.2296004268e+00,2.7039510505e-02,/project/tkcastrosim/HNHuang/project_big_sim/analysis/_used_by_article_nonlinear_evolution_pps/HALOMASS/output/fof_reed07_highz_cache/PL_snap0032_fof_reed07_input.npz
PL,0032,8.519850605,8.4129238246e+00,4.1525974924e+00,2.2076420023e-02,/project/tkcastrosim/HNHuang/project_big_sim/analysis/_used_by_article_nonlinear_evolution_pps/HALOMASS/output/fof_reed07_highz_cache/PL_snap0032_fof_reed07_input.npz
PL,0032,8.519850605,8.5798999995e+00,2.6333115691e+00,1.7580039769e-02,/project/tkcastrosim/HNHuang/project_big_sim/analysis/_used_by_article_nonlinear_evolution_pps/HALOMASS/output/fof_reed07_highz_cache/PL_snap0032_fof_reed07_input.npz
PL,0032,8.519850605,8.7465562138e+00,1.6873521607e+00,1.4072510960e-02,/project/tkcastrosim/HNHuang/project_big_sim/analysis/_used_by_article_nonlinear_evolution_pps/HALOMASS/output/fof_reed07_highz_cache/PL_snap0032_fof_reed07_input.npz
PL,0032,8.519850605,8.9130673520e+00,1.0661408519e+00,1.1186031088e-02,/project/tkcastrosim/HNHuang/project_big_sim/analysis/_used_by_article_nonlinear_evolution_pps/HALOMASS/output/fof_reed07_highz_cache/PL_snap0032_fof_reed07_input.npz
PL,0032,8.519850605,9.0805008109e+00,6.5571652790e-01,8.7725690420e-03,/project/tkcastrosim/HNHuang/project_big_sim/analysis/_used_by_article_nonlinear_evolution_pps/HALOMASS/output/fof_reed07_highz_cache/PL_snap0032_fof_reed07_input.npz
PL,0032,8.519850605,9.2446937160e+00,4.0619919511e-01,6.9045957859e-03,/project/tkcastrosim/HNHuang/project_big_sim/analysis/_used_by_article_nonlinear_evolution_pps/HALOMASS/output/fof_reed07_highz_cache/PL_snap0032_fof_reed07_input.npz
PL,0032,8.519850605,9.4112289787e+00,2.3942396938e-01,5.3009357809e-03,/project/tkcastrosim/HNHuang/project_big_sim/analysis/_used_by_article_nonlinear_evolution_pps/HALOMASS/output/fof_reed07_highz_cache/PL_snap0032_fof_reed07_input.npz
PL,0032,8.519850605,9.5778123208e+00,1.4248073472e-01,4.0892795680e-03,/project/tkcastrosim/HNHuang/project_big_sim/analysis/_used_by_article_nonlinear_evolution_pps/HALOMASS/output/fof_reed07_highz_cache/PL_snap0032_fof_reed07_input.npz
PL,0032,8.519850605,9.7456687618e+00,8.0160083866e-02,3.0672403661e-03,/project/tkcastrosim/HNHuang/project_big_sim/analysis/_used_by_article_nonlinear_evolution_pps/HALOMASS/output/fof_reed07_highz_cache/PL_snap0032_fof_reed07_input.npz
PL,0032,8.519850605,9.9113186579e+00,4.5654864749e-02,2.3147935303e-03,/project/tkcastrosim/HNHuang/project_big_sim/analysis/_used_by_article_nonlinear_evolution_pps/HALOMASS/output/fof_reed07_highz_cache/PL_snap0032_fof_reed07_input.npz
PL,0032,8.519850605,1.0077506037e+01,2.4294491011e-02,1.6885838526e-03,/project/tkcastrosim/HNHuang/project_big_sim/analysis/_used_by_article_nonlinear_evolution_pps/HALOMASS/output/fof_reed07_highz_cache/PL_snap0032_fof_reed07_input.npz
PL,0032,8.519850605,1.0246253448e+01,1.2205927851e-02,1.1968896979e-03,/project/tkcastrosim/HNHuang/project_big_sim/analysis/_used_by_article_nonlinear_evolution_pps/HALOMASS/output/fof_reed07_highz_cache/PL_snap0032_fof_reed07_input.npz
PL,0032,8.519850605,1.0404597871e+01,8.3328930519e-03,9.8893246337e-04,/project/tkcastrosim/HNHuang/project_big_sim/analysis/_used_by_article_nonlinear_evolution_pps/HALOMASS/output/fof_reed07_highz_cache/PL_snap0032_fof_reed07_input.npz
PL,0032,8.519850605,1.0579772922e+01,3.7556701079e-03,6.6391495030e-04,/project/tkcastrosim/HNHuang/project_big_sim/analysis/_used_by_article_nonlinear_evolution_pps/HALOMASS/output/fof_reed07_highz_cache/PL_snap0032_fof_reed07_input.npz
PL,0032,8.519850605,1.0735015152e+01,1.5257409813e-03,4.2316441087e-04,/project/tkcastrosim/HNHuang/project_big_sim/analysis/_used_by_article_nonlinear_evolution_pps/HALOMASS/output/fof_reed07_highz_cache/PL_snap0032_fof_reed07_input.npz
PL,0032,8.519850605,1.0925432499e+01,5.8682345436e-04,2.6243542695e-04,/project/tkcastrosim/HNHuang/project_big_sim/analysis/_used_by_article_nonlinear_evolution_pps/HALOMASS/output/fof_reed07_highz_cache/PL_snap0032_fof_reed07_input.npz
PL,0032,8.519850605,1.1050140798e+01,4.6945876349e-04,2.3472938174e-04,/project/tkcastrosim/HNHuang/project_big_sim/analysis/_used_by_article_nonlinear_evolution_pps/HALOMASS/output/fof_reed07_highz_cache/PL_snap0032_fof_reed07_input.npz
PL,0032,8.519850605,1.1250000000e+01,0.0000000000e+00,0.0000000000e+00,/project/tkcastrosim/HNHuang/project_big_sim/analysis/_used_by_article_nonlinear_evolution_pps/HALOMASS/output/fof_reed07_highz_cache/PL_snap0032_fof_reed07_input.npz
PL,0032,8.519850605,1.1416666667e+01,0.0000000000e+00,0.0000000000e+00,/project/tkcastrosim/HNHuang/project_big_sim/analysis/_used_by_article_nonlinear_evolution_pps/HALOMASS/output/fof_reed07_highz_cache/PL_snap0032_fof_reed07_input.npz
PL,0032,8.519850605,1.1583333333e+01,0.0000000000e+00,0.0000000000e+00,/project/tkcastrosim/HNHuang/project_big_sim/analysis/_used_by_article_nonlinear_evolution_pps/HALOMASS/output/fof_reed07_highz_cache/PL_snap0032_fof_reed07_input.npz
PL,0032,8.519850605,1.1750000000e+01,0.0000000000e+00,0.0000000000e+00,/project/tkcastrosim/HNHuang/project_big_sim/analysis/_used_by_article_nonlinear_evolution_pps/HALOMASS/output/fof_reed07_highz_cache/PL_snap0032_fof_reed07_input.npz
PL,0032,8.519850605,1.1916666667e+01,0.0000000000e+00,0.0000000000e+00,/project/tkcastrosim/HNHuang/project_big_sim/analysis/_used_by_article_nonlinear_evolution_pps/HALOMASS/output/fof_reed07_highz_cache/PL_snap0032_fof_reed07_input.npz
PL,0032,8.519850605,1.2083333333e+01,0.0000000000e+00,0.0000000000e+00,/project/tkcastrosim/HNHuang/project_big_sim/analysis/_used_by_article_nonlinear_evolution_pps/HALOMASS/output/fof_reed07_highz_cache/PL_snap0032_fof_reed07_input.npz
PL,0032,8.519850605,1.2250000000e+01,0.0000000000e+00,0.0000000000e+00,/project/tkcastrosim/HNHuang/project_big_sim/analysis/_used_by_article_nonlinear_evolution_pps/HALOMASS/output/fof_reed07_highz_cache/PL_snap0032_fof_reed07_input.npz
PL,0032,8.519850605,1.2416666667e+01,0.0000000000e+00,0.0000000000e+00,/project/tkcastrosim/HNHuang/project_big_sim/analysis/_used_by_article_nonlinear_evolution_pps/HALOMASS/output/fof_reed07_highz_cache/PL_snap0032_fof_reed07_input.npz
PL,0032,8.519850605,1.2583333333e+01,0.0000000000e+00,0.0000000000e+00,/project/tkcastrosim/HNHuang/project_big_sim/analysis/_used_by_article_nonlinear_evolution_pps/HALOMASS/output/fof_reed07_highz_cache/PL_snap0032_fof_reed07_input.npz
PL,0032,8.519850605,1.2750000000e+01,0.0000000000e+00,0.0000000000e+00,/project/tkcastrosim/HNHuang/project_big_sim/analysis/_used_by_article_nonlinear_evolution_pps/HALOMASS/output/fof_reed07_highz_cache/PL_snap0032_fof_reed07_input.npz
PL,0032,8.519850605,1.2916666667e+01,0.0000000000e+00,0.0000000000e+00,/project/tkcastrosim/HNHuang/project_big_sim/analysis/_used_by_article_nonlinear_evolution_pps/HALOMASS/output/fof_reed07_highz_cache/PL_snap0032_fof_reed07_input.npz
PL,0040,3.441080566,8.0792499005e+00,1.7908678180e+01,4.5845899256e-02,/project/tkcastrosim/HNHuang/project_big_sim/analysis/_used_by_article_nonlinear_evolution_pps/HALOMASS/output/fof_reed07_highz_cache/PL_snap0040_fof_reed07_input.npz
PL,0040,3.441080566,8.2473350472e+00,1.2269891607e+01,3.7948017544e-02,/project/tkcastrosim/HNHuang/project_big_sim/analysis/_used_by_article_nonlinear_evolution_pps/HALOMASS/output/fof_reed07_highz_cache/PL_snap0040_fof_reed07_input.npz
PL,0040,3.441080566,8.4143292023e+00,8.7665555847e+00,3.2076223067e-02,/project/tkcastrosim/HNHuang/project_big_sim/analysis/_used_by_article_nonlinear_evolution_pps/HALOMASS/output/fof_reed07_highz_cache/PL_snap0040_fof_reed07_input.npz
PL,0040,3.441080566,8.5815357927e+00,5.9740974948e+00,2.6479201380e-02,/project/tkcastrosim/HNHuang/project_big_sim/analysis/_used_by_article_nonlinear_evolution_pps/HALOMASS/output/fof_reed07_highz_cache/PL_snap0040_fof_reed07_input.npz
PL,0040,3.441080566,8.7476907530e+00,4.2293540003e+00,2.2279515812e-02,/project/tkcastrosim/HNHuang/project_big_sim/analysis/_used_by_article_nonlinear_evolution_pps/HALOMASS/output/fof_reed07_highz_cache/PL_snap0040_fof_reed07_input.npz
PL,0040,3.441080566,8.9147722769e+00,2.9401028710e+00,1.8575905485e-02,/project/tkcastrosim/HNHuang/project_big_sim/analysis/_used_by_article_nonlinear_evolution_pps/HALOMASS/output/fof_reed07_highz_cache/PL_snap0040_fof_reed07_input.npz
PL,0040,3.441080566,9.0808982634e+00,2.0247756469e+00,1.5415484679e-02,/project/tkcastrosim/HNHuang/project_big_sim/analysis/_used_by_article_nonlinear_evolution_pps/HALOMASS/output/fof_reed07_highz_cache/PL_snap0040_fof_reed07_input.npz
PL,0040,3.441080566,9.2470264571e+00,1.3991044799e+00,1.2814268016e-02,/project/tkcastrosim/HNHuang/project_big_sim/analysis/_used_by_article_nonlinear_evolution_pps/HALOMASS/output/fof_reed07_highz_cache/PL_snap0040_fof_reed07_input.npz
PL,0040,3.441080566,9.4133568643e+00,9.5922161850e-01,1.0610313319e-02,/project/tkcastrosim/HNHuang/project_big_sim/analysis/_used_by_article_nonlinear_evolution_pps/HALOMASS/output/fof_reed07_highz_cache/PL_snap0040_fof_reed07_input.npz
PL,0040,3.441080566,9.5811546582e+00,6.7085657303e-01,8.8732673978e-03,/project/tkcastrosim/HNHuang/project_big_sim/analysis/_used_by_article_nonlinear_evolution_pps/HALOMASS/output/fof_reed07_highz_cache/PL_snap0040_fof_reed07_input.npz
PL,0040,3.441080566,9.7474056991e+00,4.5384925960e-01,7.2983476250e-03,/project/tkcastrosim/HNHuang/project_big_sim/analysis/_used_by_article_nonlinear_evolution_pps/HALOMASS/output/fof_reed07_highz_cache/PL_snap0040_fof_reed07_input.npz
PL,0040,3.441080566,9.9148573791e+00,3.1289426587e-01,6.0599289426e-03,/project/tkcastrosim/HNHuang/project_big_sim/analysis/_used_by_article_nonlinear_evolution_pps/HALOMASS/output/fof_reed07_highz_cache/PL_snap0040_fof_reed07_input.npz
PL,0040,3.441080566,1.0078783833e+01,2.0620976186e-01,4.9195269037e-03,/project/tkcastrosim/HNHuang/project_big_sim/analysis/_used_by_article_nonlinear_evolution_pps/HALOMASS/output/fof_reed07_highz_cache/PL_snap0040_fof_reed07_input.npz
PL,0040,3.441080566,1.0248654647e+01,1.4283282879e-01,4.0943291023e-03,/project/tkcastrosim/HNHuang/project_big_sim/analysis/_used_by_article_nonlinear_evolution_pps/HALOMASS/output/fof_reed07_highz_cache/PL_snap0040_fof_reed07_input.npz
PL,0040,3.441080566,1.0412644070e+01,9.6473775897e-02,3.3649093428e-03,/project/tkcastrosim/HNHuang/project_big_sim/analysis/_used_by_article_nonlinear_evolution_pps/HALOMASS/output/fof_reed07_highz_cache/PL_snap0040_fof_reed07_input.npz
PL,0040,3.441080566,1.0578572811e+01,6.7484697252e-02,2.8143064210e-03,/project/tkcastrosim/HNHuang/project_big_sim/analysis/_used_by_article_nonlinear_evolution_pps/HALOMASS/output/fof_reed07_highz_cache/PL_snap0040_fof_reed07_input.npz
PL,0040,3.441080566,1.0748263731e+01,4.1429735878e-02,2.2050823441e-03,/project/tkcastrosim/HNHuang/project_big_sim/analysis/_used_by_article_nonlinear_evolution_pps/HALOMASS/output/fof_reed07_highz_cache/PL_snap0040_fof_reed07_input.npz
PL,0040,3.441080566,1.0909741197e+01,2.9810631482e-02,1.8704853778e-03,/project/tkcastrosim/HNHuang/project_big_sim/analysis/_used_by_article_nonlinear_evolution_pps/HALOMASS/output/fof_reed07_highz_cache/PL_snap0040_fof_reed07_input.npz
PL,0040,3.441080566,1.1082237605e+01,1.8308891776e-02,1.4658845192e-03,/project/tkcastrosim/HNHuang/project_big_sim/analysis/_used_by_article_nonlinear_evolution_pps/HALOMASS/output/fof_reed07_highz_cache/PL_snap0040_fof_reed07_input.npz
PL,0040,3.441080566,1.1244536728e+01,1.0445457488e-02,1.1072162793e-03,/project/tkcastrosim/HNHuang/project_big_sim/analysis/_used_by_article_nonlinear_evolution_pps/HALOMASS/output/fof_reed07_highz_cache/PL_snap0040_fof_reed07_input.npz
PL,0040,3.441080566,1.1422833743e+01,7.9807989793e-03,9.6781403437e-04,/project/tkcastrosim/HNHuang/project_big_sim/analysis/_used_by_article_nonlinear_evolution_pps/HALOMASS/output/fof_reed07_highz_cache/PL_snap0040_fof_reed07_input.npz
PL,0040,3.441080566,1.1575759639e+01,3.9903994897e-03,6.8434786663e-04,/project/tkcastrosim/HNHuang/project_big_sim/analysis/_used_by_article_nonlinear_evolution_pps/HALOMASS/output/fof_reed07_highz_cache/PL_snap0040_fof_reed07_input.npz
PL,0040,3.441080566,1.1736022099e+01,3.1688466536e-03,6.0984482282e-04,/project/tkcastrosim/HNHuang/project_big_sim/analysis/_used_by_article_nonlinear_evolution_pps/HALOMASS/output/fof_reed07_highz_cache/PL_snap0040_fof_reed07_input.npz
PL,0040,3.441080566,1.1897882679e+01,2.2299291266e-03,5.1158082705e-04,/project/tkcastrosim/HNHuang/project_big_sim/analysis/_used_by_article_nonlinear_evolution_pps/HALOMASS/output/fof_reed07_highz_cache/PL_snap0040_fof_reed07_input.npz
PL,0040,3.441080566,1.2063560304e+01,8.2155283611e-04,3.1051778475e-04,/project/tkcastrosim/HNHuang/project_big_sim/analysis/_used_by_article_nonlinear_evolution_pps/HALOMASS/output/fof_reed07_highz_cache/PL_snap0040_fof_reed07_input.npz
PL,0040,3.441080566,1.2231904432e+01,1.0562822179e-03,3.5209407262e-04,/project/tkcastrosim/HNHuang/project_big_sim/analysis/_used_by_article_nonlinear_evolution_pps/HALOMASS/output/fof_reed07_highz_cache/PL_snap0040_fof_reed07_input.npz
PL,0040,3.441080566,1.2416666667e+01,0.0000000000e+00,0.0000000000e+00,/project/tkcastrosim/HNHuang/project_big_sim/analysis/_used_by_article_nonlinear_evolution_pps/HALOMASS/output/fof_reed07_highz_cache/PL_snap0040_fof_reed07_input.npz
PL,0040,3.441080566,1.2583333333e+01,0.0000000000e+00,0.0000000000e+00,/project/tkcastrosim/HNHuang/project_big_sim/analysis/_used_by_article_nonlinear_evolution_pps/HALOMASS/output/fof_reed07_highz_cache/PL_snap0040_fof_reed07_input.npz
PL,0040,3.441080566,1.2750000000e+01,0.0000000000e+00,0.0000000000e+00,/project/tkcastrosim/HNHuang/project_big_sim/analysis/_used_by_article_nonlinear_evolution_pps/HALOMASS/output/fof_reed07_highz_cache/PL_snap0040_fof_reed07_input.npz
PL,0040,3.441080566,1.2916666667e+01,0.0000000000e+00,0.0000000000e+00,/project/tkcastrosim/HNHuang/project_big_sim/analysis/_used_by_article_nonlinear_evolution_pps/HALOMASS/output/fof_reed07_highz_cache/PL_snap0040_fof_reed07_input.npz
PL,0042,2.670314517,8.0790063886e+00,1.7841310848e+01,4.5759588420e-02,/project/tkcastrosim/HNHuang/project_big_sim/analysis/_used_by_article_nonlinear_evolution_pps/HALOMASS/output/fof_reed07_highz_cache/PL_snap0042_fof_reed07_input.npz
PL,0042,2.670314517,8.2469748976e+00,1.2181281266e+01,3.7810743317e-02,/project/tkcastrosim/HNHuang/project_big_sim/analysis/_used_by_article_nonlinear_evolution_pps/HALOMASS/output/fof_reed07_highz_cache/PL_snap0042_fof_reed07_input.npz
PL,0042,2.670314517,8.4145309974e+00,8.7610394442e+00,3.2066129890e-02,/project/tkcastrosim/HNHuang/project_big_sim/analysis/_used_by_article_nonlinear_evolution_pps/HALOMASS/output/fof_reed07_highz_cache/PL_snap0042_fof_reed07_input.npz
PL,0042,2.670314517,8.5815979909e+00,6.0030865734e+00,2.6543368286e-02,/project/tkcastrosim/HNHuang/project_big_sim/analysis/_used_by_article_nonlinear_evolution_pps/HALOMASS/output/fof_reed07_highz_cache/PL_snap0042_fof_reed07_input.npz
PL,0042,2.670314517,8.7478965286e+00,4.2464892451e+00,2.2324602965e-02,/project/tkcastrosim/HNHuang/project_big_sim/analysis/_used_by_article_nonlinear_evolution_pps/HALOMASS/output/fof_reed07_highz_cache/PL_snap0042_fof_reed07_input.npz
PL,0042,2.670314517,8.9149920584e+00,2.9339999071e+00,1.8556615858e-02,/project/tkcastrosim/HNHuang/project_big_sim/analysis/_used_by_article_nonlinear_evolution_pps/HALOMASS/output/fof_reed07_highz_cache/PL_snap0042_fof_reed07_input.npz
PL,0042,2.670314517,9.0804431865e+00,2.0649143712e+00,1.5567531495e-02,/project/tkcastrosim/HNHuang/project_big_sim/analysis/_used_by_article_nonlinear_evolution_pps/HALOMASS/output/fof_reed07_highz_cache/PL_snap0042_fof_reed07_input.npz
PL,0042,2.670314517,9.2478072702e+00,1.4295019348e+00,1.2952723755e-02,/project/tkcastrosim/HNHuang/project_big_sim/analysis/_used_by_article_nonlinear_evolution_pps/HALOMASS/output/fof_reed07_highz_cache/PL_snap0042_fof_reed07_input.npz
PL,0042,2.670314517,9.4149417240e+00,1.0045243892e+00,1.0857978376e-02,/project/tkcastrosim/HNHuang/project_big_sim/analysis/_used_by_article_nonlinear_evolution_pps/HALOMASS/output/fof_reed07_highz_cache/PL_snap0042_fof_reed07_input.npz
PL,0042,2.670314517,9.5810110033e+00,6.8071520706e-01,8.9382285632e-03,/project/tkcastrosim/HNHuang/project_big_sim/analysis/_used_by_article_nonlinear_evolution_pps/HALOMASS/output/fof_reed07_highz_cache/PL_snap0042_fof_reed07_input.npz
PL,0042,2.670314517,9.7477802217e+00,4.8330779701e-01,7.5314852581e-03,/project/tkcastrosim/HNHuang/project_big_sim/analysis/_used_by_article_nonlinear_evolution_pps/HALOMASS/output/fof_reed07_highz_cache/PL_snap0042_fof_reed07_input.npz
PL,0042,2.670314517,9.9149360255e+00,3.2251817052e-01,6.1524178486e-03,/project/tkcastrosim/HNHuang/project_big_sim/analysis/_used_by_article_nonlinear_evolution_pps/HALOMASS/output/fof_reed07_highz_cache/PL_snap0042_fof_reed07_input.npz
PL,0042,2.670314517,1.0080603082e+01,2.3684194618e-01,5.2722748220e-03,/project/tkcastrosim/HNHuang/project_big_sim/analysis/_used_by_article_nonlinear_evolution_pps/HALOMASS/output/fof_reed07_highz_cache/PL_snap0042_fof_reed07_input.npz
PL,0042,2.670314517,1.0248648536e+01,1.5280882752e-01,4.2348979685e-03,/project/tkcastrosim/HNHuang/project_big_sim/analysis/_used_by_article_nonlinear_evolution_pps/HALOMASS/output/fof_reed07_highz_cache/PL_snap0042_fof_reed07_input.npz
PL,0042,2.670314517,1.0415705748e+01,1.1184855040e-01,3.6231299373e-03,/project/tkcastrosim/HNHuang/project_big_sim/analysis/_used_by_article_nonlinear_evolution_pps/HALOMASS/output/fof_reed07_highz_cache/PL_snap0042_fof_reed07_input.npz
PL,0042,2.670314517,1.0580974175e+01,7.8634342884e-02,3.0379096999e-03,/project/tkcastrosim/HNHuang/project_big_sim/analysis/_used_by_article_nonlinear_evolution_pps/HALOMASS/output/fof_reed07_highz_cache/PL_snap0042_fof_reed07_input.npz
PL,0042,2.670314517,1.0744937153e+01,5.0584181766e-02,2.4365542998e-03,/project/tkcastrosim/HNHuang/project_big_sim/analysis/_used_by_article_nonlinear_evolution_pps/HALOMASS/output/fof_reed07_highz_cache/PL_snap0042_fof_reed07_input.npz
PL,0042,2.670314517,1.0919304687e+01,3.3214207517e-02,1.9743796995e-03,/project/tkcastrosim/HNHuang/project_big_sim/analysis/_used_by_article_nonlinear_evolution_pps/HALOMASS/output/fof_reed07_highz_cache/PL_snap0042_fof_reed07_input.npz
PL,0042,2.670314517,1.1081771147e+01,2.3472938174e-02,1.6597873758e-03,/project/tkcastrosim/HNHuang/project_big_sim/analysis/_used_by_article_nonlinear_evolution_pps/HALOMASS/output/fof_reed07_highz_cache/PL_snap0042_fof_reed07_input.npz
PL,0042,2.670314517,1.1241792218e+01,1.7722068322e-02,1.4422014666e-03,/project/tkcastrosim/HNHuang/project_big_sim/analysis/_used_by_article_nonlinear_evolution_pps/HALOMASS/output/fof_reed07_highz_cache/PL_snap0042_fof_reed07_input.npz
PL,0042,2.670314517,1.1412848705e+01,9.9759987241e-03,1.0820489852e-03,/project/tkcastrosim/HNHuang/project_big_sim/analysis/_used_by_article_nonlinear_evolution_pps/HALOMASS/output/fof_reed07_highz_cache/PL_snap0042_fof_reed07_input.npz
PL,0042,2.670314517,1.1573250699e+01,5.9855992345e-03,8.3815153990e-04,/project/tkcastrosim/HNHuang/project_big_sim/analysis/_used_by_article_nonlinear_evolution_pps/HALOMASS/output/fof_reed07_highz_cache/PL_snap0042_fof_reed07_input.npz
PL,0042,2.670314517,1.1759186427e+01,3.1688466536e-03,6.0984482282e-04,/project/tkcastrosim/HNHuang/project_big_sim/analysis/_used_by_article_nonlinear_evolution_pps/HALOMASS/output/fof_reed07_highz_cache/PL_snap0042_fof_reed07_input.npz
PL,0042,2.670314517,1.1900960863e+01,2.3472938174e-03,5.2487085390e-04,/project/tkcastrosim/HNHuang/project_big_sim/analysis/_used_by_article_nonlinear_evolution_pps/HALOMASS/output/fof_reed07_highz_cache/PL_snap0042_fof_reed07_input.npz
PL,0042,2.670314517,1.2085156839e+01,2.4646585083e-03,5.3783257984e-04,/project/tkcastrosim/HNHuang/project_big_sim/analysis/_used_by_article_nonlinear_evolution_pps/HALOMASS/output/fof_reed07_highz_cache/PL_snap0042_fof_reed07_input.npz
PL,0042,2.670314517,1.2262263509e+01,1.8778350540e-03,4.6945876349e-04,/project/tkcastrosim/HNHuang/project_big_sim/analysis/_used_by_article_nonlinear_evolution_pps/HALOMASS/output/fof_reed07_highz_cache/PL_snap0042_fof_reed07_input.npz
PL,0042,2.670314517,1.2420431544e+01,1.0562822179e-03,3.5209407262e-04,/project/tkcastrosim/HNHuang/project_big_sim/analysis/_used_by_article_nonlinear_evolution_pps/HALOMASS/output/fof_reed07_highz_cache/PL_snap0042_fof_reed07_input.npz
PL,0042,2.670314517,1.2583333333e+01,0.0000000000e+00,0.0000000000e+00,/project/tkcastrosim/HNHuang/project_big_sim/analysis/_used_by_article_nonlinear_evolution_pps/HALOMASS/output/fof_reed07_highz_cache/PL_snap0042_fof_reed07_input.npz
PL,0042,2.670314517,1.2750000000e+01,0.0000000000e+00,0.0000000000e+00,/project/tkcastrosim/HNHuang/project_big_sim/analysis/_used_by_article_nonlinear_evolution_pps/HALOMASS/output/fof_reed07_highz_cache/PL_snap0042_fof_reed07_input.npz
PL,0042,2.670314517,1.2916666667e+01,0.0000000000e+00,0.0000000000e+00,/project/tkcastrosim/HNHuang/project_big_sim/analysis/_used_by_article_nonlinear_evolution_pps/HALOMASS/output/fof_reed07_highz_cache/PL_snap0042_fof_reed07_input.npz
PL,0046,1.506874201,8.0792467895e+00,1.6628816226e+01,4.4177323096e-02,/project/tkcastrosim/HNHuang/project_big_sim/analysis/_used_by_article_nonlinear_evolution_pps/HALOMASS/output/fof_reed07_highz_cache/PL_snap0046_fof_reed07_input.npz
PL,0046,1.506874201,8.2471531346e+00,1.1283910839e+01,3.6391382324e-02,/project/tkcastrosim/HNHuang/project_big_sim/analysis/_used_by_article_nonlinear_evolution_pps/HALOMASS/output/fof_reed07_highz_cache/PL_snap0046_fof_reed07_input.npz
PL,0046,1.506874201,8.4142035633e+00,8.1055576457e+00,3.0843253192e-02,/project/tkcastrosim/HNHuang/project_big_sim/analysis/_used_by_article_nonlinear_evolution_pps/HALOMASS/output/fof_reed07_highz_cache/PL_snap0046_fof_reed07_input.npz
PL,0046,1.506874201,8.5815832529e+00,5.6405470433e+00,2.5729381261e-02,/project/tkcastrosim/HNHuang/project_big_sim/analysis/_used_by_article_nonlinear_evolution_pps/HALOMASS/output/fof_reed07_highz_cache/PL_snap0046_fof_reed07_input.npz
PL,0046,1.506874201,8.7479601057e+00,3.9923946894e+00,2.1646389273e-02,/project/tkcastrosim/HNHuang/project_big_sim/analysis/_used_by_article_nonlinear_evolution_pps/HALOMASS/output/fof_reed07_highz_cache/PL_snap0046_fof_reed07_input.npz
PL,0046,1.506874201,8.9145771580e+00,2.7734450100e+00,1.8041743714e-02,/project/tkcastrosim/HNHuang/project_big_sim/analysis/_used_by_article_nonlinear_evolution_pps/HALOMASS/output/fof_reed07_highz_cache/PL_snap0046_fof_reed07_input.npz
PL,0046,1.506874201,9.0811470266e+00,1.9571735850e+00,1.5155958326e-02,/project/tkcastrosim/HNHuang/project_big_sim/analysis/_used_by_article_nonlinear_evolution_pps/HALOMASS/output/fof_reed07_highz_cache/PL_snap0046_fof_reed07_input.npz
PL,0046,1.506874201,9.2477195003e+00,1.3683549309e+00,1.2672669548e-02,/project/tkcastrosim/HNHuang/project_big_sim/analysis/_used_by_article_nonlinear_evolution_pps/HALOMASS/output/fof_reed07_highz_cache/PL_snap0046_fof_reed07_input.npz
PL,0046,1.506874201,9.4139759109e+00,9.5886952443e-01,1.0608365818e-02,/project/tkcastrosim/HNHuang/project_big_sim/analysis/_used_by_article_nonlinear_evolution_pps/HALOMASS/output/fof_reed07_highz_cache/PL_snap0046_fof_reed07_input.npz
PL,0046,1.506874201,9.5809968330e+00,6.8083257175e-01,8.9389990670e-03,/project/tkcastrosim/HNHuang/project_big_sim/analysis/_used_by_article_nonlinear_evolution_pps/HALOMASS/output/fof_reed07_highz_cache/PL_snap0046_fof_reed07_input.npz
PL,0046,1.506874201,9.7469717213e+00,4.6887194003e-01,7.4181541033e-03,/project/tkcastrosim/HNHuang/project_big_sim/analysis/_used_by_article_nonlinear_evolution_pps/HALOMASS/output/fof_reed07_highz_cache/PL_snap0046_fof_reed07_input.npz
PL,0046,1.506874201,9.9136486119e+00,3.3284626331e-01,6.2501519023e-03,/project/tkcastrosim/HNHuang/project_big_sim/analysis/_used_by_article_nonlinear_evolution_pps/HALOMASS/output/fof_reed07_highz_cache/PL_snap0046_fof_reed07_input.npz
PL,0046,1.506874201,1.0079649183e+01,2.3156053509e-01,5.2131593702e-03,/project/tkcastrosim/HNHuang/project_big_sim/analysis/_used_by_article_nonlinear_evolution_pps/HALOMASS/output/fof_reed07_highz_cache/PL_snap0046_fof_reed07_input.npz
PL,0046,1.506874201,1.0249072364e+01,1.6395847315e-01,4.3866770473e-03,/project/tkcastrosim/HNHuang/project_big_sim/analysis/_used_by_article_nonlinear_evolution_pps/HALOMASS/output/fof_reed07_highz_cache/PL_snap0046_fof_reed07_input.npz
PL,0046,1.506874201,1.0413200845e+01,1.1384375015e-01,3.6553025242e-03,/project/tkcastrosim/HNHuang/project_big_sim/analysis/_used_by_article_nonlinear_evolution_pps/HALOMASS/output/fof_reed07_highz_cache/PL_snap0046_fof_reed07_input.npz
PL,0046,1.506874201,1.0579077471e+01,7.6169684376e-02,2.9899216479e-03,/project/tkcastrosim/HNHuang/project_big_sim/analysis/_used_by_article_nonlinear_evolution_pps/HALOMASS/output/fof_reed07_highz_cache/PL_snap0046_fof_reed07_input.npz
PL,0046,1.506874201,1.0744444810e+01,5.6452416310e-02,2.5740086226e-03,/project/tkcastrosim/HNHuang/project_big_sim/analysis/_used_by_article_nonlinear_evolution_pps/HALOMASS/output/fof_reed07_highz_cache/PL_snap0046_fof_reed07_input.npz
PL,0046,1.506874201,1.0914404057e+01,3.9082442060e-02,2.1417046321e-03,/project/tkcastrosim/HNHuang/project_big_sim/analysis/_used_by_article_nonlinear_evolution_pps/HALOMASS/output/fof_reed07_highz_cache/PL_snap0046_fof_reed07_input.npz
PL,0046,1.506874201,1.1082945440e+01,2.6407055446e-02,1.7604703631e-03,/project/tkcastrosim/HNHuang/project_big_sim/analysis/_used_by_article_nonlinear_evolution_pps/HALOMASS/output/fof_reed07_highz_cache/PL_snap0046_fof_reed07_input.npz
PL,0046,1.506874201,1.1256613504e+01,2.0421456212e-02,1.5481466001e-03,/project/tkcastrosim/HNHuang/project_big_sim/analysis/_used_by_article_nonlinear_evolution_pps/HALOMASS/output/fof_reed07_highz_cache/PL_snap0046_fof_reed07_input.npz
PL,0046,1.506874201,1.1402338774e+01,1.2205927851e-02,1.1968896979e-03,/project/tkcastrosim/HNHuang/project_big_sim/analysis/_used_by_article_nonlinear_evolution_pps/HALOMASS/output/fof_reed07_highz_cache/PL_snap0046_fof_reed07_input.npz
PL,0046,1.506874201,1.1582027847e+01,9.2718105789e-03,1.0431601902e-03,/project/tkcastrosim/HNHuang/project_big_sim/analysis/_used_by_article_nonlinear_evolution_pps/HALOMASS/output/fof_reed07_highz_cache/PL_snap0046_fof_reed07_input.npz
PL,0046,1.506874201,1.1740554156e+01,5.9855992345e-03,8.3815153990e-04,/project/tkcastrosim/HNHuang/project_big_sim/analysis/_used_by_article_nonlinear_evolution_pps/HALOMASS/output/fof_reed07_highz_cache/PL_snap0046_fof_reed07_input.npz
PL,0046,1.506874201,1.1909027840e+01,4.5772229440e-03,7.3294225958e-04,/project/tkcastrosim/HNHuang/project_big_sim/analysis/_used_by_article_nonlinear_evolution_pps/HALOMASS/output/fof_reed07_highz_cache/PL_snap0046_fof_reed07_input.npz
PL,0046,1.506874201,1.2087528811e+01,4.2251288714e-03,7.0418814523e-04,/project/tkcastrosim/HNHuang/project_big_sim/analysis/_used_by_article_nonlinear_evolution_pps/HALOMASS/output/fof_reed07_highz_cache/PL_snap0046_fof_reed07_input.npz
PL,0046,1.506874201,1.2239728541e+01,2.4646585083e-03,5.3783257984e-04,/project/tkcastrosim/HNHuang/project_big_sim/analysis/_used_by_article_nonlinear_evolution_pps/HALOMASS/output/fof_reed07_highz_cache/PL_snap0046_fof_reed07_input.npz
PL,0046,1.506874201,1.2437424088e+01,1.6431056722e-03,4.3913846255e-04,/project/tkcastrosim/HNHuang/project_big_sim/analysis/_used_by_article_nonlinear_evolution_pps/HALOMASS/output/fof_reed07_highz_cache/PL_snap0046_fof_reed07_input.npz
PL,0046,1.506874201,1.2593418245e+01,1.4083762905e-03,4.0656321521e-04,/project/tkcastrosim/HNHuang/project_big_sim/analysis/_used_by_article_nonlinear_evolution_pps/HALOMASS/output/fof_reed07_highz_cache/PL_snap0046_fof_reed07_input.npz
PL,0046,1.506874201,1.2738923501e+01,4.6945876349e-04,2.3472938174e-04,/project/tkcastrosim/HNHuang/project_big_sim/analysis/_used_by_article_nonlinear_evolution_pps/HALOMASS/output/fof_reed07_highz_cache/PL_snap0046_fof_reed07_input.npz
PL,0046,1.506874201,1.2939046535e+01,1.1736469087e-04,1.1736469087e-04,/project/tkcastrosim/HNHuang/project_big_sim/analysis/_used_by_article_nonlinear_evolution_pps/HALOMASS/output/fof_reed07_highz_cache/PL_snap0046_fof_reed07_input.npz
PL,0052,0.4150651322,8.0790115687e+00,1.4261687776e+01,4.0912327936e-02,/project/tkcastrosim/HNHuang/project_big_sim/analysis/_used_by_article_nonlinear_evolution_pps/HALOMASS/output/fof_reed07_highz_cache/PL_snap0052_fof_reed07_input.npz
PL,0052,0.4150651322,8.2470662189e+00,9.7202610627e+00,3.3775959421e-02,/project/tkcastrosim/HNHuang/project_big_sim/analysis/_used_by_article_nonlinear_evolution_pps/HALOMASS/output/fof_reed07_highz_cache/PL_snap0052_fof_reed07_input.npz
PL,0052,0.4150651322,8.4143912368e+00,6.9119587395e+00,2.8481922351e-02,/project/tkcastrosim/HNHuang/project_big_sim/analysis/_used_by_article_nonlinear_evolution_pps/HALOMASS/output/fof_reed07_highz_cache/PL_snap0052_fof_reed07_input.npz
PL,0052,0.4150651322,8.5812145613e+00,4.7801464945e+00,2.3685869536e-02,/project/tkcastrosim/HNHuang/project_big_sim/analysis/_used_by_article_nonlinear_evolution_pps/HALOMASS/output/fof_reed07_highz_cache/PL_snap0052_fof_reed07_input.npz
PL,0052,0.4150651322,8.7479368326e+00,3.4444189477e+00,2.0106047972e-02,/project/tkcastrosim/HNHuang/project_big_sim/analysis/_used_by_article_nonlinear_evolution_pps/HALOMASS/output/fof_reed07_highz_cache/PL_snap0052_fof_reed07_input.npz
PL,0052,0.4150651322,8.9148940621e+00,2.4032767750e+00,1.6794637114e-02,/project/tkcastrosim/HNHuang/project_big_sim/analysis/_used_by_article_nonlinear_evolution_pps/HALOMASS/output/fof_reed07_highz_cache/PL_snap0052_fof_reed07_input.npz
PL,0052,0.4150651322,9.0810213469e+00,1.7044874055e+00,1.4143784410e-02,/project/tkcastrosim/HNHuang/project_big_sim/analysis/_used_by_article_nonlinear_evolution_pps/HALOMASS/output/fof_reed07_highz_cache/PL_snap0052_fof_reed07_input.npz
PL,0052,0.4150651322,9.2470213745e+00,1.1872612129e+00,1.1804344337e-02,/project/tkcastrosim/HNHuang/project_big_sim/analysis/_used_by_article_nonlinear_evolution_pps/HALOMASS/output/fof_reed07_highz_cache/PL_snap0052_fof_reed07_input.npz
PL,0052,0.4150651322,9.4146377842e+00,8.4643415057e-01,9.9670197364e-03,/project/tkcastrosim/HNHuang/project_big_sim/analysis/_used_by_article_nonlinear_evolution_pps/HALOMASS/output/fof_reed07_highz_cache/PL_snap0052_fof_reed07_input.npz
PL,0052,0.4150651322,9.5811150145e+00,6.0900538094e-01,8.4543319235e-03,/project/tkcastrosim/HNHuang/project_big_sim/analysis/_used_by_article_nonlinear_evolution_pps/HALOMASS/output/fof_reed07_highz_cache/PL_snap0052_fof_reed07_input.npz
PL,0052,0.4150651322,9.7466679558e+00,4.1582309976e-01,6.9859107897e-03,/project/tkcastrosim/HNHuang/project_big_sim/analysis/_used_by_article_nonlinear_evolution_pps/HALOMASS/output/fof_reed07_highz_cache/PL_snap0052_fof_reed07_input.npz
PL,0052,0.4150651322,9.9137588809e+00,2.9939732642e-01,5.9277883450e-03,/project/tkcastrosim/HNHuang/project_big_sim/analysis/_used_by_article_nonlinear_evolution_pps/HALOMASS/output/fof_reed07_highz_cache/PL_snap0052_fof_reed07_input.npz
PL,0052,0.4150651322,1.0081218121e+01,2.0879178506e-01,4.9502306320e-03,/project/tkcastrosim/HNHuang/project_big_sim/analysis/_used_by_article_nonlinear_evolution_pps/HALOMASS/output/fof_reed07_highz_cache/PL_snap0052_fof_reed07_input.npz
PL,0052,0.4150651322,1.0247554102e+01,1.4729268704e-01,4.1577590939e-03,/project/tkcastrosim/HNHuang/project_big_sim/analysis/_used_by_article_nonlinear_evolution_pps/HALOMASS/output/fof_reed07_highz_cache/PL_snap0052_fof_reed07_input.npz
PL,0052,0.4150651322,1.0415185539e+01,1.0363302204e-01,3.4875288667e-03,/project/tkcastrosim/HNHuang/project_big_sim/analysis/_used_by_article_nonlinear_evolution_pps/HALOMASS/output/fof_reed07_highz_cache/PL_snap0052_fof_reed07_input.npz
PL,0052,0.4150651322,1.0581225432e+01,7.6169684376e-02,2.9899216479e-03,/project/tkcastrosim/HNHuang/project_big_sim/analysis/_used_by_article_nonlinear_evolution_pps/HALOMASS/output/fof_reed07_highz_cache/PL_snap0052_fof_reed07_input.npz
PL,0052,0.4150651322,1.0746111124e+01,5.1640463984e-02,2.4618625250e-03,/project/tkcastrosim/HNHuang/project_big_sim/analysis/_used_by_article_nonlinear_evolution_pps/HALOMASS/output/fof_reed07_highz_cache/PL_snap0052_fof_reed07_input.npz
PL,0052,0.4150651322,1.0915736219e+01,3.6735148243e-02,2.0763933437e-03,/project/tkcastrosim/HNHuang/project_big_sim/analysis/_used_by_article_nonlinear_evolution_pps/HALOMASS/output/fof_reed07_highz_cache/PL_snap0052_fof_reed07_input.npz
PL,0052,0.4150651322,1.1080067226e+01,2.6524420137e-02,1.7643781822e-03,/project/tkcastrosim/HNHuang/project_big_sim/analysis/_used_by_article_nonlinear_evolution_pps/HALOMASS/output/fof_reed07_highz_cache/PL_snap0052_fof_reed07_input.npz
PL,0052,0.4150651322,1.1244294662e+01,1.8308891776e-02,1.4658845192e-03,/project/tkcastrosim/HNHuang/project_big_sim/analysis/_used_by_article_nonlinear_evolution_pps/HALOMASS/output/fof_reed07_highz_cache/PL_snap0052_fof_reed07_input.npz
PL,0052,0.4150651322,1.1413328394e+01,1.2792751305e-02,1.2253233460e-03,/project/tkcastrosim/HNHuang/project_big_sim/analysis/_used_by_article_nonlinear_evolution_pps/HALOMASS/output/fof_reed07_highz_cache/PL_snap0052_fof_reed07_input.npz
PL,0052,0.4150651322,1.1584587099e+01,9.3891752698e-03,1.0497417078e-03,/project/tkcastrosim/HNHuang/project_big_sim/analysis/_used_by_article_nonlinear_evolution_pps/HALOMASS/output/fof_reed07_highz_cache/PL_snap0052_fof_reed07_input.npz
PL,0052,0.4150651322,1.1754463604e+01,6.4550579980e-03,8.7039984289e-04,/project/tkcastrosim/HNHuang/project_big_sim/analysis/_used_by_article_nonlinear_evolution_pps/HALOMASS/output/fof_reed07_highz_cache/PL_snap0052_fof_reed07_input.npz
PL,0052,0.4150651322,1.1920644960e+01,5.8682345436e-03,8.2989368788e-04,/project/tkcastrosim/HNHuang/project_big_sim/analysis/_used_by_article_nonlinear_evolution_pps/HALOMASS/output/fof_reed07_highz_cache/PL_snap0052_fof_reed07_input.npz
PL,0052,0.4150651322,1.2092404779e+01,3.1688466536e-03,6.0984482282e-04,/project/tkcastrosim/HNHuang/project_big_sim/analysis/_used_by_article_nonlinear_evolution_pps/HALOMASS/output/fof_reed07_highz_cache/PL_snap0052_fof_reed07_input.npz
PL,0052,0.4150651322,1.2230522985e+01,2.9341172718e-03,5.8682345436e-04,/project/tkcastrosim/HNHuang/project_big_sim/analysis/_used_by_article_nonlinear_evolution_pps/HALOMASS/output/fof_reed07_highz_cache/PL_snap0052_fof_reed07_input.npz
PL,0052,0.4150651322,1.2402733590e+01,1.8778350540e-03,4.6945876349e-04,/project/tkcastrosim/HNHuang/project_big_sim/analysis/_used_by_article_nonlinear_evolution_pps/HALOMASS/output/fof_reed07_highz_cache/PL_snap0052_fof_reed07_input.npz
PL,0052,0.4150651322,1.2585190731e+01,8.2155283611e-04,3.1051778475e-04,/project/tkcastrosim/HNHuang/project_big_sim/analysis/_used_by_article_nonlinear_evolution_pps/HALOMASS/output/fof_reed07_highz_cache/PL_snap0052_fof_reed07_input.npz
PL,0052,0.4150651322,1.2742086499e+01,1.2910115996e-03,3.8925464326e-04,/project/tkcastrosim/HNHuang/project_big_sim/analysis/_used_by_article_nonlinear_evolution_pps/HALOMASS/output/fof_reed07_highz_cache/PL_snap0052_fof_reed07_input.npz
PL,0052,0.4150651322,1.2925098474e+01,8.2155283611e-04,3.1051778475e-04,/project/tkcastrosim/HNHuang/project_big_sim/analysis/_used_by_article_nonlinear_evolution_pps/HALOMASS/output/fof_reed07_highz_cache/PL_snap0052_fof_reed07_input.npz
PL,0056,-2.220446049e-16,8.0789859094e+00,1.2908707620e+01,3.8923341061e-02,/project/tkcastrosim/HNHuang/project_big_sim/analysis/_used_by_article_nonlinear_evolution_pps/HALOMASS/output/fof_reed07_highz_cache/PL_snap0056_fof_reed07_input.npz
PL,0056,-2.220446049e-16,8.2473042801e+00,8.7532933746e+00,3.2051951127e-02,/project/tkcastrosim/HNHuang/project_big_sim/analysis/_used_by_article_nonlinear_evolution_pps/HALOMASS/output/fof_reed07_highz_cache/PL_snap0056_fof_reed07_input.npz
PL,0056,-2.220446049e-16,8.4144741986e+00,6.2713822568e+00,2.7130035752e-02,/project/tkcastrosim/HNHuang/project_big_sim/analysis/_used_by_article_nonlinear_evolution_pps/HALOMASS/output/fof_reed07_highz_cache/PL_snap0056_fof_reed07_input.npz
PL,0056,-2.220446049e-16,8.5814134574e+00,4.3846274863e+00,2.2684806579e-02,/project/tkcastrosim/HNHuang/project_big_sim/analysis/_used_by_article_nonlinear_evolution_pps/HALOMASS/output/fof_reed07_highz_cache/PL_snap0056_fof_reed07_input.npz
PL,0056,-2.220446049e-16,8.7484688437e+00,3.1304683996e+00,1.9167849541e-02,/project/tkcastrosim/HNHuang/project_big_sim/analysis/_used_by_article_nonlinear_evolution_pps/HALOMASS/output/fof_reed07_highz_cache/PL_snap0056_fof_reed07_input.npz
PL,0056,-2.220446049e-16,8.9153269523e+00,2.2055172709e+00,1.6088811414e-02,/project/tkcastrosim/HNHuang/project_big_sim/analysis/_used_by_article_nonlinear_evolution_pps/HALOMASS/output/fof_reed07_highz_cache/PL_snap0056_fof_reed07_input.npz
PL,0056,-2.220446049e-16,9.0815316917e+00,1.5840712327e+00,1.3635029540e-02,/project/tkcastrosim/HNHuang/project_big_sim/analysis/_used_by_article_nonlinear_evolution_pps/HALOMASS/output/fof_reed07_highz_cache/PL_snap0056_fof_reed07_input.npz
PL,0056,-2.220446049e-16,9.2476533748e+00,1.0990029653e+00,1.1357118618e-02,/project/tkcastrosim/HNHuang/project_big_sim/analysis/_used_by_article_nonlinear_evolution_pps/HALOMASS/output/fof_reed07_highz_cache/PL_snap0056_fof_reed07_input.npz
PL,0056,-2.220446049e-16,9.4159486584e+00,7.7261176001e-01,9.5224650369e-03,/project/tkcastrosim/HNHuang/project_big_sim/analysis/_used_by_article_nonlinear_evolution_pps/HALOMASS/output/fof_reed07_highz_cache/PL_snap0056_fof_reed07_input.npz
PL,0056,-2.220446049e-16,9.5815714526e+00,5.6475889248e-01,8.1414220400e-03,/project/tkcastrosim/HNHuang/project_big_sim/analysis/_used_by_article_nonlinear_evolution_pps/HALOMASS/output/fof_reed07_highz_cache/PL_snap0056_fof_reed07_input.npz
PL,0056,-2.220446049e-16,9.7473396014e+00,3.9340644380e-01,6.7950000489e-03,/project/tkcastrosim/HNHuang/project_big_sim/analysis/_used_by_article_nonlinear_evolution_pps/HALOMASS/output/fof_reed07_highz_cache/PL_snap0056_fof_reed07_input.npz
PL,0056,-2.220446049e-16,9.9142210909e+00,2.8296626969e-01,5.7628333977e-03,/project/tkcastrosim/HNHuang/project_big_sim/analysis/_used_by_article_nonlinear_evolution_pps/HALOMASS/output/fof_reed07_highz_cache/PL_snap0056_fof_reed07_input.npz
PL,0056,-2.220446049e-16,1.0081418877e+01,1.9506011623e-01,4.7846807880e-03,/project/tkcastrosim/HNHuang/project_big_sim/analysis/_used_by_article_nonlinear_evolution_pps/HALOMASS/output/fof_reed07_highz_cache/PL_snap0056_fof_reed07_input.npz
PL,0056,-2.220446049e-16,1.0248389895e+01,1.4165918188e-01,4.0774730031e-03,/project/tkcastrosim/HNHuang/project_big_sim/analysis/_used_by_article_nonlinear_evolution_pps/HALOMASS/output/fof_reed07_highz_cache/PL_snap0056_fof_reed07_input.npz
PL,0056,-2.220446049e-16,1.0414444387e+01,9.8468975642e-02,3.3995265680e-03,/project/tkcastrosim/HNHuang/project_big_sim/analysis/_used_by_article_nonlinear_evolution_pps/HALOMASS/output/fof_reed07_highz_cache/PL_snap0056_fof_reed07_input.npz
PL,0056,-2.220446049e-16,1.0583515148e+01,7.1709826123e-02,2.9010690401e-03,/project/tkcastrosim/HNHuang/project_big_sim/analysis/_used_by_article_nonlinear_evolution_pps/HALOMASS/output/fof_reed07_highz_cache/PL_snap0056_fof_reed07_input.npz
PL,0056,-2.220446049e-16,1.0745917054e+01,5.1757828675e-02,2.4646585083e-03,/project/tkcastrosim/HNHuang/project_big_sim/analysis/_used_by_article_nonlinear_evolution_pps/HALOMASS/output/fof_reed07_highz_cache/PL_snap0056_fof_reed07_input.npz
PL,0056,-2.220446049e-16,1.0911364335e+01,3.3801030971e-02,1.9917448509e-03,/project/tkcastrosim/HNHuang/project_big_sim/analysis/_used_by_article_nonlinear_evolution_pps/HALOMASS/output/fof_reed07_highz_cache/PL_snap0056_fof_reed07_input.npz
PL,0056,-2.220446049e-16,1.1080622107e+01,2.6993878901e-02,1.7799236648e-03,/project/tkcastrosim/HNHuang/project_big_sim/analysis/_used_by_article_nonlinear_evolution_pps/HALOMASS/output/fof_reed07_highz_cache/PL_snap0056_fof_reed07_input.npz
PL,0056,-2.220446049e-16,1.1244301394e+01,1.8308891776e-02,1.4658845192e-03,/project/tkcastrosim/HNHuang/project_big_sim/analysis/_used_by_article_nonlinear_evolution_pps/HALOMASS/output/fof_reed07_highz_cache/PL_snap0056_fof_reed07_input.npz
PL,0056,-2.220446049e-16,1.1414754592e+01,1.1267010324e-02,1.1499344258e-03,/project/tkcastrosim/HNHuang/project_big_sim/analysis/_used_by_article_nonlinear_evolution_pps/HALOMASS/output/fof_reed07_highz_cache/PL_snap0056_fof_reed07_input.npz
PL,0056,-2.220446049e-16,1.1580285239e+01,8.9197165063e-03,1.0231616541e-03,/project/tkcastrosim/HNHuang/project_big_sim/analysis/_used_by_article_nonlinear_evolution_pps/HALOMASS/output/fof_reed07_highz_cache/PL_snap0056_fof_reed07_input.npz
PL,0056,-2.220446049e-16,1.1743854147e+01,6.8071520706e-03,8.9382285632e-04,/project/tkcastrosim/HNHuang/project_big_sim/analysis/_used_by_article_nonlinear_evolution_pps/HALOMASS/output/fof_reed07_highz_cache/PL_snap0056_fof_reed07_input.npz
PL,0056,-2.220446049e-16,1.1924161170e+01,5.5161404710e-03,8.0461178290e-04,/project/tkcastrosim/HNHuang/project_big_sim/analysis/_used_by_article_nonlinear_evolution_pps/HALOMASS/output/fof_reed07_highz_cache/PL_snap0056_fof_reed07_input.npz
PL,0056,-2.220446049e-16,1.2066046670e+01,3.1688466536e-03,6.0984482282e-04,/project/tkcastrosim/HNHuang/project_big_sim/analysis/_used_by_article_nonlinear_evolution_pps/HALOMASS/output/fof_reed07_highz_cache/PL_snap0056_fof_reed07_input.npz
PL,0056,-2.220446049e-16,1.2238068946e+01,2.6993878901e-03,5.6286128421e-04,/project/tkcastrosim/HNHuang/project_big_sim/analysis/_used_by_article_nonlinear_evolution_pps/HALOMASS/output/fof_reed07_highz_cache/PL_snap0056_fof_reed07_input.npz
PL,0056,-2.220446049e-16,1.2404941683e+01,1.2910115996e-03,3.8925464326e-04,/project/tkcastrosim/HNHuang/project_big_sim/analysis/_used_by_article_nonlinear_evolution_pps/HALOMASS/output/fof_reed07_highz_cache/PL_snap0056_fof_reed07_input.npz
PL,0056,-2.220446049e-16,1.2586503576e+01,1.1736469087e-03,3.7113974004e-04,/project/tkcastrosim/HNHuang/project_big_sim/analysis/_used_by_article_nonlinear_evolution_pps/HALOMASS/output/fof_reed07_highz_cache/PL_snap0056_fof_reed07_input.npz
PL,0056,-2.220446049e-16,1.2756456165e+01,1.0562822179e-03,3.5209407262e-04,/project/tkcastrosim/HNHuang/project_big_sim/analysis/_used_by_article_nonlinear_evolution_pps/HALOMASS/output/fof_reed07_highz_cache/PL_snap0056_fof_reed07_input.npz
PL,0056,-2.220446049e-16,1.2928098115e+01,7.0418814523e-04,2.8748360646e-04,/project/tkcastrosim/HNHuang/project_big_sim/analysis/_used_by_article_nonlinear_evolution_pps/HALOMASS/output/fof_reed07_highz_cache/PL_snap0056_fof_reed07_input.npz
