model,snapshot,redshift,reference_model,log10_M_FOF_Msun,dn_dlog10M,poisson_err,reed07_dndlog10M_interp,sim_over_reed07,sim_over_reed07_minus_1,ratio_err,residual_err,source_file
PL,0056,-2.2204460493e-16,Reed07_FOF,8.0789859094e+00,1.2908707620e+01,3.8923341061e-02,1.1540620919e+01,1.1185453288e+00,1.1854532875e-01,3.3727250323e-03,3.3727250323e-03,/oss06/data/project/tkcastrosim/HNHuang/project_big_sim/analysis/_used_by_article_nonlinear_evolution_pps/HALOMASS/output/fof_reed07_highz_cache/PL_snap0056_fof_reed07_input.npz
PL,0056,-2.2204460493e-16,Reed07_FOF,8.2473042801e+00,8.7532933746e+00,3.2051951127e-02,8.1443149354e+00,1.0747734394e+00,7.4773439397e-02,3.9354999630e-03,3.9354999630e-03,/oss06/data/project/tkcastrosim/HNHuang/project_big_sim/analysis/_used_by_article_nonlinear_evolution_pps/HALOMASS/output/fof_reed07_highz_cache/PL_snap0056_fof_reed07_input.npz
PL,0056,-2.2204460493e-16,Reed07_FOF,8.4144741986e+00,6.2713822568e+00,2.7130035752e-02,5.7648307547e+00,1.0878692755e+00,8.7869275549e-02,4.7061287497e-03,4.7061287497e-03,/oss06/data/project/tkcastrosim/HNHuang/project_big_sim/analysis/_used_by_article_nonlinear_evolution_pps/HALOMASS/output/fof_reed07_highz_cache/PL_snap0056_fof_reed07_input.npz
PL,0056,-2.2204460493e-16,Reed07_FOF,8.5814134574e+00,4.3846274863e+00,2.2684806579e-02,4.0848578735e+00,1.0733855674e+00,7.3385567407e-02,5.5533894401e-03,5.5533894401e-03,/oss06/data/project/tkcastrosim/HNHuang/project_big_sim/analysis/_used_by_article_nonlinear_evolution_pps/HALOMASS/output/fof_reed07_highz_cache/PL_snap0056_fof_reed07_input.npz
PL,0056,-2.2204460493e-16,Reed07_FOF,8.7484688437e+00,3.1304683996e+00,1.9167849541e-02,2.8954873354e+00,1.0811542366e+00,8.1154236600e-02,6.6199044653e-03,6.6199044653e-03,/oss06/data/project/tkcastrosim/HNHuang/project_big_sim/analysis/_used_by_article_nonlinear_evolution_pps/HALOMASS/output/fof_reed07_highz_cache/PL_snap0056_fof_reed07_input.npz
PL,0056,-2.2204460493e-16,Reed07_FOF,8.9153269523e+00,2.2055172709e+00,1.6088811414e-02,2.0543501605e+00,1.0735839066e+00,7.3583906631e-02,7.8315818420e-03,7.8315818420e-03,/oss06/data/project/tkcastrosim/HNHuang/project_big_sim/analysis/_used_by_article_nonlinear_evolution_pps/HALOMASS/output/fof_reed07_highz_cache/PL_snap0056_fof_reed07_input.npz
PL,0056,-2.2204460493e-16,Reed07_FOF,9.0815316917e+00,1.5840712327e+00,1.3635029540e-02,1.4602260781e+00,1.0848123153e+00,8.4812315346e-02,9.3376154174e-03,9.3376154174e-03,/oss06/data/project/tkcastrosim/HNHuang/project_big_sim/analysis/_used_by_article_nonlinear_evolution_pps/HALOMASS/output/fof_reed07_highz_cache/PL_snap0056_fof_reed07_input.npz
PL,0056,-2.2204460493e-16,Reed07_FOF,9.2476533748e+00,1.0990029653e+00,1.1357118618e-02,1.0386106506e+00,1.0581472130e+00,5.8147213029e-02,1.0934914456e-02,1.0934914456e-02,/oss06/data/project/tkcastrosim/HNHuang/project_big_sim/analysis/_used_by_article_nonlinear_evolution_pps/HALOMASS/output/fof_reed07_highz_cache/PL_snap0056_fof_reed07_input.npz
PL,0056,-2.2204460493e-16,Reed07_FOF,9.4159486584e+00,7.7261176001e-01,9.5224650369e-03,7.3576848962e-01,1.0500745424e+00,5.0074542353e-02,1.2942202841e-02,1.2942202841e-02,/oss06/data/project/tkcastrosim/HNHuang/project_big_sim/analysis/_used_by_article_nonlinear_evolution_pps/HALOMASS/output/fof_reed07_highz_cache/PL_snap0056_fof_reed07_input.npz
PL,0056,-2.2204460493e-16,Reed07_FOF,9.5815714526e+00,5.6475889248e-01,8.1414220400e-03,5.2429551298e-01,1.0771766656e+00,7.7176665627e-02,1.5528307678e-02,1.5528307678e-02,/oss06/data/project/tkcastrosim/HNHuang/project_big_sim/analysis/_used_by_article_nonlinear_evolution_pps/HALOMASS/output/fof_reed07_highz_cache/PL_snap0056_fof_reed07_input.npz
PL,0056,-2.2204460493e-16,Reed07_FOF,9.7473396014e+00,3.9340644380e-01,6.7950000489e-03,3.7364040865e-01,1.0529012245e+00,5.2901224550e-02,1.8185934636e-02,1.8185934636e-02,/oss06/data/project/tkcastrosim/HNHuang/project_big_sim/analysis/_used_by_article_nonlinear_evolution_pps/HALOMASS/output/fof_reed07_highz_cache/PL_snap0056_fof_reed07_input.npz
PL,0056,-2.2204460493e-16,Reed07_FOF,9.9142210909e+00,2.8296626969e-01,5.7628333977e-03,2.6584443995e-01,1.0644054461e+00,6.4405446065e-02,2.1677464455e-02,2.1677464455e-02,/oss06/data/project/tkcastrosim/HNHuang/project_big_sim/analysis/_used_by_article_nonlinear_evolution_pps/HALOMASS/output/fof_reed07_highz_cache/PL_snap0056_fof_reed07_input.npz
PL,0056,-2.2204460493e-16,Reed07_FOF,1.0081418877e+01,1.9506011623e-01,4.7846807880e-03,1.8917689641e-01,1.0310990397e+00,3.1099039724e-02,2.5292098976e-02,2.5292098976e-02,/oss06/data/project/tkcastrosim/HNHuang/project_big_sim/analysis/_used_by_article_nonlinear_evolution_pps/HALOMASS/output/fof_reed07_highz_cache/PL_snap0056_fof_reed07_input.npz
PL,0056,-2.2204460493e-16,Reed07_FOF,1.0248389895e+01,1.4165918188e-01,4.0774730031e-03,1.3479007962e-01,1.0509614824e+00,5.0961482359e-02,3.0250542285e-02,3.0250542285e-02,/oss06/data/project/tkcastrosim/HNHuang/project_big_sim/analysis/_used_by_article_nonlinear_evolution_pps/HALOMASS/output/fof_reed07_highz_cache/PL_snap0056_fof_reed07_input.npz
PL,0056,-2.2204460493e-16,Reed07_FOF,1.0414444387e+01,9.8468975642e-02,3.3995265680e-03,9.6283599283e-02,1.0226972857e+00,2.2697285671e-02,3.5307431310e-02,3.5307431310e-02,/oss06/data/project/tkcastrosim/HNHuang/project_big_sim/analysis/_used_by_article_nonlinear_evolution_pps/HALOMASS/output/fof_reed07_highz_cache/PL_snap0056_fof_reed07_input.npz
PL,0056,-2.2204460493e-16,Reed07_FOF,1.0583515148e+01,7.1709826123e-02,2.9010690401e-03,6.8399961348e-02,1.0483898632e+00,4.8389863240e-02,4.2413314027e-02,4.2413314027e-02,/oss06/data/project/tkcastrosim/HNHuang/project_big_sim/analysis/_used_by_article_nonlinear_evolution_pps/HALOMASS/output/fof_reed07_highz_cache/PL_snap0056_fof_reed07_input.npz
PL,0056,-2.2204460493e-16,Reed07_FOF,1.0745917054e+01,5.1757828675e-02,2.4646585083e-03,4.9277888350e-02,1.0503256208e+00,5.0325620834e-02,5.0015505754e-02,5.0015505754e-02,/oss06/data/project/tkcastrosim/HNHuang/project_big_sim/analysis/_used_by_article_nonlinear_evolution_pps/HALOMASS/output/fof_reed07_highz_cache/PL_snap0056_fof_reed07_input.npz
PL,0056,-2.2204460493e-16,Reed07_FOF,1.0911364335e+01,3.3801030971e-02,1.9917448509e-03,3.5299354007e-02,9.5755381146e-01,-4.2446188541e-02,5.6424399453e-02,5.6424399453e-02,/oss06/data/project/tkcastrosim/HNHuang/project_big_sim/analysis/_used_by_article_nonlinear_evolution_pps/HALOMASS/output/fof_reed07_highz_cache/PL_snap0056_fof_reed07_input.npz
PL,0056,-2.2204460493e-16,Reed07_FOF,1.1080622107e+01,2.6993878901e-02,1.7799236648e-03,2.5101474117e-02,1.0753901853e+00,7.5390185261e-02,7.0909128944e-02,7.0909128944e-02,/oss06/data/project/tkcastrosim/HNHuang/project_big_sim/analysis/_used_by_article_nonlinear_evolution_pps/HALOMASS/output/fof_reed07_highz_cache/PL_snap0056_fof_reed07_input.npz
PL,0056,-2.2204460493e-16,Reed07_FOF,1.1244301394e+01,1.8308891776e-02,1.4658845192e-03,1.8056272285e-02,1.0139906780e+00,1.3990677997e-02,8.1184227622e-02,8.1184227622e-02,/oss06/data/project/tkcastrosim/HNHuang/project_big_sim/analysis/_used_by_article_nonlinear_evolution_pps/HALOMASS/output/fof_reed07_highz_cache/PL_snap0056_fof_reed07_input.npz
PL,0056,-2.2204460493e-16,Reed07_FOF,1.1414754592e+01,1.1267010324e-02,1.1499344258e-03,1.2814341000e-02,8.7925007803e-01,-1.2074992197e-01,8.9738085312e-02,8.9738085312e-02,/oss06/data/project/tkcastrosim/HNHuang/project_big_sim/analysis/_used_by_article_nonlinear_evolution_pps/HALOMASS/output/fof_reed07_highz_cache/PL_snap0056_fof_reed07_input.npz
PL,0056,-2.2204460493e-16,Reed07_FOF,1.1580285239e+01,8.9197165063e-03,1.0231616541e-03,9.1848079766e-03,9.7113804981e-01,-2.8861950189e-02,1.1139717419e-01,1.1139717419e-01,/oss06/data/project/tkcastrosim/HNHuang/project_big_sim/analysis/_used_by_article_nonlinear_evolution_pps/HALOMASS/output/fof_reed07_highz_cache/PL_snap0056_fof_reed07_input.npz
PL,0056,-2.2204460493e-16,Reed07_FOF,1.1743854147e+01,6.8071520706e-03,8.9382285632e-04,6.6083935517e-03,1.0300766771e+00,3.0076677076e-02,1.3525569404e-01,1.3525569404e-01,/oss06/data/project/tkcastrosim/HNHuang/project_big_sim/analysis/_used_by_article_nonlinear_evolution_pps/HALOMASS/output/fof_reed07_highz_cache/PL_snap0056_fof_reed07_input.npz
PL,0056,-2.2204460493e-16,Reed07_FOF,1.1924161170e+01,5.5161404710e-03,8.0461178290e-04,4.5974406390e-03,1.1998285360e+00,1.9982853596e-01,1.7501297920e-01,1.7501297920e-01,/oss06/data/project/tkcastrosim/HNHuang/project_big_sim/analysis/_used_by_article_nonlinear_evolution_pps/HALOMASS/output/fof_reed07_highz_cache/PL_snap0056_fof_reed07_input.npz
PL,0056,-2.2204460493e-16,Reed07_FOF,1.2066046670e+01,3.1688466536e-03,6.0984482282e-04,3.4557352802e-03,9.1698188565e-01,-8.3018114349e-02,1.7647324617e-01,1.7647324617e-01,/oss06/data/project/tkcastrosim/HNHuang/project_big_sim/analysis/_used_by_article_nonlinear_evolution_pps/HALOMASS/output/fof_reed07_highz_cache/PL_snap0056_fof_reed07_input.npz
PL,0056,-2.2204460493e-16,Reed07_FOF,1.2238068946e+01,2.6993878901e-03,5.6286128421e-04,2.4440003257e-03,1.1044957162e+00,1.0449571617e-01,2.3030327708e-01,2.3030327708e-01,/oss06/data/project/tkcastrosim/HNHuang/project_big_sim/analysis/_used_by_article_nonlinear_evolution_pps/HALOMASS/output/fof_reed07_highz_cache/PL_snap0056_fof_reed07_input.npz
PL,0056,-2.2204460493e-16,Reed07_FOF,1.2404941683e+01,1.2910115996e-03,3.8925464326e-04,1.7451672152e-03,7.3976383945e-01,-2.6023616055e-01,2.2304718990e-01,2.2304718990e-01,/oss06/data/project/tkcastrosim/HNHuang/project_big_sim/analysis/_used_by_article_nonlinear_evolution_pps/HALOMASS/output/fof_reed07_highz_cache/PL_snap0056_fof_reed07_input.npz
PL,0056,-2.2204460493e-16,Reed07_FOF,1.2586503576e+01,1.1736469087e-03,3.7113974004e-04,1.2079056360e-03,9.7163791089e-01,-2.8362089113e-02,3.0725888594e-01,3.0725888594e-01,/oss06/data/project/tkcastrosim/HNHuang/project_big_sim/analysis/_used_by_article_nonlinear_evolution_pps/HALOMASS/output/fof_reed07_highz_cache/PL_snap0056_fof_reed07_input.npz
PL,0056,-2.2204460493e-16,Reed07_FOF,1.2756456165e+01,1.0562822179e-03,3.5209407262e-04,8.5391002960e-04,1.2369947433e+00,2.3699474328e-01,4.1233158109e-01,4.1233158109e-01,/oss06/data/project/tkcastrosim/HNHuang/project_big_sim/analysis/_used_by_article_nonlinear_evolution_pps/HALOMASS/output/fof_reed07_highz_cache/PL_snap0056_fof_reed07_input.npz
PL,0056,-2.2204460493e-16,Reed07_FOF,1.2928098115e+01,7.0418814523e-04,2.8748360646e-04,5.9942244865e-04,1.1747777328e+00,1.7477773284e-01,4.7960100111e-01,4.7960100111e-01,/oss06/data/project/tkcastrosim/HNHuang/project_big_sim/analysis/_used_by_article_nonlinear_evolution_pps/HALOMASS/output/fof_reed07_highz_cache/PL_snap0056_fof_reed07_input.npz
PL,0040,3.4410805658e+00,Reed07_FOF,8.0792499005e+00,1.7908678180e+01,4.5845899256e-02,1.8094429936e+01,9.8973431292e-01,-1.0265687083e-02,2.5337023282e-03,2.5337023282e-03,/oss06/data/project/tkcastrosim/HNHuang/project_big_sim/analysis/_used_by_article_nonlinear_evolution_pps/HALOMASS/output/fof_reed07_highz_cache/PL_snap0040_fof_reed07_input.npz
PL,0040,3.4410805658e+00,Reed07_FOF,8.2473350472e+00,1.2269891607e+01,3.7948017544e-02,1.2638670379e+01,9.7082139493e-01,-2.9178605070e-02,3.0025324189e-03,3.0025324189e-03,/oss06/data/project/tkcastrosim/HNHuang/project_big_sim/analysis/_used_by_article_nonlinear_evolution_pps/HALOMASS/output/fof_reed07_highz_cache/PL_snap0040_fof_reed07_input.npz
PL,0040,3.4410805658e+00,Reed07_FOF,8.4143292023e+00,8.7665555847e+00,3.2076223067e-02,8.8412599427e+00,9.9155048506e-01,-8.4495149439e-03,3.6280149294e-03,3.6280149294e-03,/oss06/data/project/tkcastrosim/HNHuang/project_big_sim/analysis/_used_by_article_nonlinear_evolution_pps/HALOMASS/output/fof_reed07_highz_cache/PL_snap0040_fof_reed07_input.npz
PL,0040,3.4410805658e+00,Reed07_FOF,8.5815357927e+00,5.9740974948e+00,2.6479201380e-02,6.1756942109e+00,9.6735642840e-01,-3.2643571600e-02,4.2876477486e-03,4.2876477486e-03,/oss06/data/project/tkcastrosim/HNHuang/project_big_sim/analysis/_used_by_article_nonlinear_evolution_pps/HALOMASS/output/fof_reed07_highz_cache/PL_snap0040_fof_reed07_input.npz
PL,0040,3.4410805658e+00,Reed07_FOF,8.7476907530e+00,4.2293540003e+00,2.2279515812e-02,4.3174812686e+00,9.7958826851e-01,-2.0411731485e-02,5.1603039889e-03,5.1603039889e-03,/oss06/data/project/tkcastrosim/HNHuang/project_big_sim/analysis/_used_by_article_nonlinear_evolution_pps/HALOMASS/output/fof_reed07_highz_cache/PL_snap0040_fof_reed07_input.npz
PL,0040,3.4410805658e+00,Reed07_FOF,8.9147722769e+00,2.9401028710e+00,1.8575905485e-02,3.0073095886e+00,9.7765221185e-01,-2.2347788154e-02,6.1769182512e-03,6.1769182512e-03,/oss06/data/project/tkcastrosim/HNHuang/project_big_sim/analysis/_used_by_article_nonlinear_evolution_pps/HALOMASS/output/fof_reed07_highz_cache/PL_snap0040_fof_reed07_input.npz
PL,0040,3.4410805658e+00,Reed07_FOF,9.0808982634e+00,2.0247756469e+00,1.5415484679e-02,2.0949752238e+00,9.6649145245e-01,-3.3508547554e-02,7.3583135989e-03,7.3583135989e-03,/oss06/data/project/tkcastrosim/HNHuang/project_big_sim/analysis/_used_by_article_nonlinear_evolution_pps/HALOMASS/output/fof_reed07_highz_cache/PL_snap0040_fof_reed07_input.npz
PL,0040,3.4410805658e+00,Reed07_FOF,9.2470264571e+00,1.3991044799e+00,1.2814268016e-02,1.4556785343e+00,9.6113561263e-01,-3.8864387369e-02,8.8029518287e-03,8.8029518287e-03,/oss06/data/project/tkcastrosim/HNHuang/project_big_sim/analysis/_used_by_article_nonlinear_evolution_pps/HALOMASS/output/fof_reed07_highz_cache/PL_snap0040_fof_reed07_input.npz
PL,0040,3.4410805658e+00,Reed07_FOF,9.4133568643e+00,9.5922161850e-01,1.0610313319e-02,1.0080534639e+00,9.5155827827e-01,-4.8441721726e-02,1.0525546213e-02,1.0525546213e-02,/oss06/data/project/tkcastrosim/HNHuang/project_big_sim/analysis/_used_by_article_nonlinear_evolution_pps/HALOMASS/output/fof_reed07_highz_cache/PL_snap0040_fof_reed07_input.npz
PL,0040,3.4410805658e+00,Reed07_FOF,9.5811546582e+00,6.7085657303e-01,8.8732673978e-03,6.9345485853e-01,9.6741203090e-01,-3.2587969101e-02,1.2795739029e-02,1.2795739029e-02,/oss06/data/project/tkcastrosim/HNHuang/project_big_sim/analysis/_used_by_article_nonlinear_evolution_pps/HALOMASS/output/fof_reed07_highz_cache/PL_snap0040_fof_reed07_input.npz
PL,0040,3.4410805658e+00,Reed07_FOF,9.7474056991e+00,4.5384925960e-01,7.2983476250e-03,4.7662140241e-01,9.5222173681e-01,-4.7778263187e-02,1.5312672885e-02,1.5312672885e-02,/oss06/data/project/tkcastrosim/HNHuang/project_big_sim/analysis/_used_by_article_nonlinear_evolution_pps/HALOMASS/output/fof_reed07_highz_cache/PL_snap0040_fof_reed07_input.npz
PL,0040,3.4410805658e+00,Reed07_FOF,9.9148573791e+00,3.1289426587e-01,6.0599289426e-03,3.2521087946e-01,9.6212730149e-01,-3.7872698510e-02,1.8633844454e-02,1.8633844454e-02,/oss06/data/project/tkcastrosim/HNHuang/project_big_sim/analysis/_used_by_article_nonlinear_evolution_pps/HALOMASS/output/fof_reed07_highz_cache/PL_snap0040_fof_reed07_input.npz
PL,0040,3.4410805658e+00,Reed07_FOF,1.0078783833e+01,2.0620976186e-01,4.9195269037e-03,2.2261446882e-01,9.2630889156e-01,-7.3691108435e-02,2.2098864147e-02,2.2098864147e-02,/oss06/data/project/tkcastrosim/HNHuang/project_big_sim/analysis/_used_by_article_nonlinear_evolution_pps/HALOMASS/output/fof_reed07_highz_cache/PL_snap0040_fof_reed07_input.npz
PL,0040,3.4410805658e+00,Reed07_FOF,1.0248654647e+01,1.4283282879e-01,4.0943291023e-03,1.4930623693e-01,9.5664341776e-01,-4.3356582242e-02,2.7422358144e-02,2.7422358144e-02,/oss06/data/project/tkcastrosim/HNHuang/project_big_sim/analysis/_used_by_article_nonlinear_evolution_pps/HALOMASS/output/fof_reed07_highz_cache/PL_snap0040_fof_reed07_input.npz
PL,0040,3.4410805658e+00,Reed07_FOF,1.0412644070e+01,9.6473775897e-02,3.3649093428e-03,1.0079448356e-01,9.5713349078e-01,-4.2866509216e-02,3.3383864118e-02,3.3383864118e-02,/oss06/data/project/tkcastrosim/HNHuang/project_big_sim/analysis/_used_by_article_nonlinear_evolution_pps/HALOMASS/output/fof_reed07_highz_cache/PL_snap0040_fof_reed07_input.npz
PL,0040,3.4410805658e+00,Reed07_FOF,1.0578572811e+01,6.7484697252e-02,2.8143064210e-03,6.7174965131e-02,1.0046108267e+00,4.6108266721e-03,4.1895167576e-02,4.1895167576e-02,/oss06/data/project/tkcastrosim/HNHuang/project_big_sim/analysis/_used_by_article_nonlinear_evolution_pps/HALOMASS/output/fof_reed07_highz_cache/PL_snap0040_fof_reed07_input.npz
PL,0040,3.4410805658e+00,Reed07_FOF,1.0748263731e+01,4.1429735878e-02,2.2050823441e-03,4.3870713790e-02,9.4435974023e-01,-5.5640259774e-02,5.0263197327e-02,5.0263197327e-02,/oss06/data/project/tkcastrosim/HNHuang/project_big_sim/analysis/_used_by_article_nonlinear_evolution_pps/HALOMASS/output/fof_reed07_highz_cache/PL_snap0040_fof_reed07_input.npz
PL,0040,3.4410805658e+00,Reed07_FOF,1.0909741197e+01,2.9810631482e-02,1.8704853778e-03,2.8913764631e-02,1.0310186813e+00,3.1018681306e-02,6.4691865679e-02,6.4691865679e-02,/oss06/data/project/tkcastrosim/HNHuang/project_big_sim/analysis/_used_by_article_nonlinear_evolution_pps/HALOMASS/output/fof_reed07_highz_cache/PL_snap0040_fof_reed07_input.npz
PL,0040,3.4410805658e+00,Reed07_FOF,1.1082237605e+01,1.8308891776e-02,1.4658845192e-03,1.8267078871e-02,1.0022889760e+00,2.2889759839e-03,8.0247341652e-02,8.0247341652e-02,/oss06/data/project/tkcastrosim/HNHuang/project_big_sim/analysis/_used_by_article_nonlinear_evolution_pps/HALOMASS/output/fof_reed07_highz_cache/PL_snap0040_fof_reed07_input.npz
PL,0040,3.4410805658e+00,Reed07_FOF,1.1244536728e+01,1.0445457488e-02,1.1072162793e-03,1.1668195383e-02,8.9520762595e-01,-1.0479237405e-01,9.4891818567e-02,9.4891818567e-02,/oss06/data/project/tkcastrosim/HNHuang/project_big_sim/analysis/_used_by_article_nonlinear_evolution_pps/HALOMASS/output/fof_reed07_highz_cache/PL_snap0040_fof_reed07_input.npz
PL,0040,3.4410805658e+00,Reed07_FOF,1.1422833743e+01,7.9807989793e-03,9.6781403437e-04,6.9921721848e-03,1.1413905105e+00,1.4139051048e-01,1.3841393043e-01,1.3841393043e-01,/oss06/data/project/tkcastrosim/HNHuang/project_big_sim/analysis/_used_by_article_nonlinear_evolution_pps/HALOMASS/output/fof_reed07_highz_cache/PL_snap0040_fof_reed07_input.npz
PL,0040,3.4410805658e+00,Reed07_FOF,1.1575759639e+01,3.9903994897e-03,6.8434786663e-04,4.4281845493e-03,9.0113667243e-01,-9.8863327570e-02,1.5454366434e-01,1.5454366434e-01,/oss06/data/project/tkcastrosim/HNHuang/project_big_sim/analysis/_used_by_article_nonlinear_evolution_pps/HALOMASS/output/fof_reed07_highz_cache/PL_snap0040_fof_reed07_input.npz
PL,0040,3.4410805658e+00,Reed07_FOF,1.1736022099e+01,3.1688466536e-03,6.0984482282e-04,2.6825215261e-03,1.1812940261e+00,1.8129402605e-01,2.2734014131e-01,2.2734014131e-01,/oss06/data/project/tkcastrosim/HNHuang/project_big_sim/analysis/_used_by_article_nonlinear_evolution_pps/HALOMASS/output/fof_reed07_highz_cache/PL_snap0040_fof_reed07_input.npz
PL,0040,3.4410805658e+00,Reed07_FOF,1.1897882679e+01,2.2299291266e-03,5.1158082705e-04,1.5793273053e-03,1.4119486943e+00,4.1194869430e-01,3.2392324589e-01,3.2392324589e-01,/oss06/data/project/tkcastrosim/HNHuang/project_big_sim/analysis/_used_by_article_nonlinear_evolution_pps/HALOMASS/output/fof_reed07_highz_cache/PL_snap0040_fof_reed07_input.npz
PL,0040,3.4410805658e+00,Reed07_FOF,1.2063560304e+01,8.2155283611e-04,3.1051778475e-04,8.9177429754e-04,9.2125646408e-01,-7.8743535923e-02,3.4820221395e-01,3.4820221395e-01,/oss06/data/project/tkcastrosim/HNHuang/project_big_sim/analysis/_used_by_article_nonlinear_evolution_pps/HALOMASS/output/fof_reed07_highz_cache/PL_snap0040_fof_reed07_input.npz
PL,0040,3.4410805658e+00,Reed07_FOF,1.2231904432e+01,1.0562822179e-03,3.5209407262e-04,4.7899483888e-04,2.2052058438e+00,1.2052058438e+00,7.3506861460e-01,7.3506861460e-01,/oss06/data/project/tkcastrosim/HNHuang/project_big_sim/analysis/_used_by_article_nonlinear_evolution_pps/HALOMASS/output/fof_reed07_highz_cache/PL_snap0040_fof_reed07_input.npz
PL,0032,8.5198506052e+00,Reed07_FOF,8.0781061002e+00,9.6223789105e+00,3.3605468696e-02,8.9572811897e+00,1.0742521873e+00,7.4252187328e-02,3.7517487711e-03,3.7517487711e-03,/oss06/data/project/tkcastrosim/HNHuang/project_big_sim/analysis/_used_by_article_nonlinear_evolution_pps/HALOMASS/output/fof_reed07_highz_cache/PL_snap0032_fof_reed07_input.npz
PL,0032,8.5198506052e+00,Reed07_FOF,8.2463650613e+00,6.2296004268e+00,2.7039510505e-02,5.7438110278e+00,1.0845761458e+00,8.4576145817e-02,4.7075905482e-03,4.7075905482e-03,/oss06/data/project/tkcastrosim/HNHuang/project_big_sim/analysis/_used_by_article_nonlinear_evolution_pps/HALOMASS/output/fof_reed07_highz_cache/PL_snap0032_fof_reed07_input.npz
PL,0032,8.5198506052e+00,Reed07_FOF,8.4129238246e+00,4.1525974924e+00,2.2076420023e-02,3.6691491952e+00,1.1317603268e+00,1.3176032685e-01,6.0167681520e-03,6.0167681520e-03,/oss06/data/project/tkcastrosim/HNHuang/project_big_sim/analysis/_used_by_article_nonlinear_evolution_pps/HALOMASS/output/fof_reed07_highz_cache/PL_snap0032_fof_reed07_input.npz
PL,0032,8.5198506052e+00,Reed07_FOF,8.5798999995e+00,2.6333115691e+00,1.7580039769e-02,2.3206176014e+00,1.1347460123e+00,1.3474601225e-01,7.5755866709e-03,7.5755866709e-03,/oss06/data/project/tkcastrosim/HNHuang/project_big_sim/analysis/_used_by_article_nonlinear_evolution_pps/HALOMASS/output/fof_reed07_highz_cache/PL_snap0032_fof_reed07_input.npz
PL,0032,8.5198506052e+00,Reed07_FOF,8.7465562138e+00,1.6873521607e+00,1.4072510960e-02,1.4533904494e+00,1.1609765025e+00,1.6097650248e-01,9.6825398614e-03,9.6825398614e-03,/oss06/data/project/tkcastrosim/HNHuang/project_big_sim/analysis/_used_by_article_nonlinear_evolution_pps/HALOMASS/output/fof_reed07_highz_cache/PL_snap0032_fof_reed07_input.npz
PL,0032,8.5198506052e+00,Reed07_FOF,8.9130673520e+00,1.0661408519e+00,1.1186031088e-02,9.0039553527e-01,1.1840805625e+00,1.8408056251e-01,1.2423463522e-02,1.2423463522e-02,/oss06/data/project/tkcastrosim/HNHuang/project_big_sim/analysis/_used_by_article_nonlinear_evolution_pps/HALOMASS/output/fof_reed07_highz_cache/PL_snap0032_fof_reed07_input.npz
PL,0032,8.5198506052e+00,Reed07_FOF,9.0805008109e+00,6.5571652790e-01,8.7725690420e-03,5.4947240704e-01,1.1933566081e+00,1.9335660809e-01,1.5965440538e-02,1.5965440538e-02,/oss06/data/project/tkcastrosim/HNHuang/project_big_sim/analysis/_used_by_article_nonlinear_evolution_pps/HALOMASS/output/fof_reed07_highz_cache/PL_snap0032_fof_reed07_input.npz
PL,0032,8.5198506052e+00,Reed07_FOF,9.2446937160e+00,4.0619919511e-01,6.9045957859e-03,3.3344770473e-01,1.2181796106e+00,2.1817961061e-01,2.0706682601e-02,2.0706682601e-02,/oss06/data/project/tkcastrosim/HNHuang/project_big_sim/analysis/_used_by_article_nonlinear_evolution_pps/HALOMASS/output/fof_reed07_highz_cache/PL_snap0032_fof_reed07_input.npz
PL,0032,8.5198506052e+00,Reed07_FOF,9.4112289787e+00,2.3942396938e-01,5.3009357809e-03,1.9754757697e-01,1.2119813012e+00,2.1198130117e-01,2.6833717033e-02,2.6833717033e-02,/oss06/data/project/tkcastrosim/HNHuang/project_big_sim/analysis/_used_by_article_nonlinear_evolution_pps/HALOMASS/output/fof_reed07_highz_cache/PL_snap0032_fof_reed07_input.npz
PL,0032,8.5198506052e+00,Reed07_FOF,9.5778123208e+00,1.4248073472e-01,4.0892795680e-03,1.1478020605e-01,1.2413354151e+00,2.4133541507e-01,3.5627045017e-02,3.5627045017e-02,/oss06/data/project/tkcastrosim/HNHuang/project_big_sim/analysis/_used_by_article_nonlinear_evolution_pps/HALOMASS/output/fof_reed07_highz_cache/PL_snap0032_fof_reed07_input.npz
PL,0032,8.5198506052e+00,Reed07_FOF,9.7456687618e+00,8.0160083866e-02,3.0672403661e-03,6.4736288960e-02,1.2382557782e+00,2.3825577822e-01,4.7380540580e-02,4.7380540580e-02,/oss06/data/project/tkcastrosim/HNHuang/project_big_sim/analysis/_used_by_article_nonlinear_evolution_pps/HALOMASS/output/fof_reed07_highz_cache/PL_snap0032_fof_reed07_input.npz
PL,0032,8.5198506052e+00,Reed07_FOF,9.9113186579e+00,4.5654864749e-02,2.3147935303e-03,3.5777920318e-02,1.2760625644e+00,2.7606256439e-01,6.4698940290e-02,6.4698940290e-02,/oss06/data/project/tkcastrosim/HNHuang/project_big_sim/analysis/_used_by_article_nonlinear_evolution_pps/HALOMASS/output/fof_reed07_highz_cache/PL_snap0032_fof_reed07_input.npz
PL,0032,8.5198506052e+00,Reed07_FOF,1.0077506037e+01,2.4294491011e-02,1.6885838526e-03,1.9124031825e-02,1.2703644939e+00,2.7036449392e-01,8.8296436029e-02,8.8296436029e-02,/oss06/data/project/tkcastrosim/HNHuang/project_big_sim/analysis/_used_by_article_nonlinear_evolution_pps/HALOMASS/output/fof_reed07_highz_cache/PL_snap0032_fof_reed07_input.npz
PL,0032,8.5198506052e+00,Reed07_FOF,1.0246253448e+01,1.2205927851e-02,1.1968896979e-03,9.7066191559e-03,1.2574849857e+00,2.5748498572e-01,1.2330654770e-01,1.2330654770e-01,/oss06/data/project/tkcastrosim/HNHuang/project_big_sim/analysis/_used_by_article_nonlinear_evolution_pps/HALOMASS/output/fof_reed07_highz_cache/PL_snap0032_fof_reed07_input.npz
PL,0032,8.5198506052e+00,Reed07_FOF,1.0404597871e+01,8.3328930519e-03,9.8893246337e-04,4.9256369089e-03,1.6917392016e+00,6.9173920165e-01,2.0077250550e-01,2.0077250550e-01,/oss06/data/project/tkcastrosim/HNHuang/project_big_sim/analysis/_used_by_article_nonlinear_evolution_pps/HALOMASS/output/fof_reed07_highz_cache/PL_snap0032_fof_reed07_input.npz
PL,0032,8.5198506052e+00,Reed07_FOF,1.0579772922e+01,3.7556701079e-03,6.6391495030e-04,2.2050502618e-03,1.7032129258e+00,7.0321292581e-01,3.0108835241e-01,3.0108835241e-01,/oss06/data/project/tkcastrosim/HNHuang/project_big_sim/analysis/_used_by_article_nonlinear_evolution_pps/HALOMASS/output/fof_reed07_highz_cache/PL_snap0032_fof_reed07_input.npz
PL,0032,8.5198506052e+00,Reed07_FOF,1.0735015152e+01,1.5257409813e-03,4.2316441087e-04,1.0209267512e-03,1.4944666495e+00,4.9446664953e-01,4.1449047187e-01,4.1449047187e-01,/oss06/data/project/tkcastrosim/HNHuang/project_big_sim/analysis/_used_by_article_nonlinear_evolution_pps/HALOMASS/output/fof_reed07_highz_cache/PL_snap0032_fof_reed07_input.npz
PL,0032,8.5198506052e+00,Reed07_FOF,1.0925432499e+01,5.8682345436e-04,2.6243542695e-04,3.6746111736e-04,1.5969674794e+00,5.9696747936e-01,7.1418556834e-01,7.1418556834e-01,/oss06/data/project/tkcastrosim/HNHuang/project_big_sim/analysis/_used_by_article_nonlinear_evolution_pps/HALOMASS/output/fof_reed07_highz_cache/PL_snap0032_fof_reed07_input.npz
PL,0032,8.5198506052e+00,Reed07_FOF,1.1050140798e+01,4.6945876349e-04,2.3472938174e-04,1.7883574549e-04,2.6250834932e+00,1.6250834932e+00,1.3125417466e+00,1.3125417466e+00,/oss06/data/project/tkcastrosim/HNHuang/project_big_sim/analysis/_used_by_article_nonlinear_evolution_pps/HALOMASS/output/fof_reed07_highz_cache/PL_snap0032_fof_reed07_input.npz
PL,0030,1.0519019232e+01,Reed07_FOF,8.0780024977e+00,5.4502988794e+00,2.5291750496e-02,4.7170109618e+00,1.1554560554e+00,1.5545605544e-01,5.3618171975e-03,5.3618171975e-03,/oss06/data/project/tkcastrosim/HNHuang/project_big_sim/analysis/_used_by_article_nonlinear_evolution_pps/HALOMASS/output/fof_reed07_highz_cache/PL_snap0030_fof_reed07_input.npz
PL,0030,1.0519019232e+01,Reed07_FOF,8.2459118968e+00,3.3654325108e+00,1.9874177877e-02,2.8900069236e+00,1.1645067295e+00,1.6450672947e-01,6.8768616830e-03,6.8768616830e-03,/oss06/data/project/tkcastrosim/HNHuang/project_big_sim/analysis/_used_by_article_nonlinear_evolution_pps/HALOMASS/output/fof_reed07_highz_cache/PL_snap0030_fof_reed07_input.npz
PL,0030,1.0519019232e+01,Reed07_FOF,8.4118210520e+00,2.1227751638e+00,1.5784132884e-02,1.7588710743e+00,1.2068963978e+00,2.0689639780e-01,8.9740135671e-03,8.9740135671e-03,/oss06/data/project/tkcastrosim/HNHuang/project_big_sim/analysis/_used_by_article_nonlinear_evolution_pps/HALOMASS/output/fof_reed07_highz_cache/PL_snap0030_fof_reed07_input.npz
PL,0030,1.0519019232e+01,Reed07_FOF,8.5796363151e+00,1.2798619540e+00,1.2256043513e-02,1.0493611719e+00,1.2196581961e+00,2.1965819607e-01,1.1679528308e-02,1.1679528308e-02,/oss06/data/project/tkcastrosim/HNHuang/project_big_sim/analysis/_used_by_article_nonlinear_evolution_pps/HALOMASS/output/fof_reed07_highz_cache/PL_snap0030_fof_reed07_input.npz
PL,0030,1.0519019232e+01,Reed07_FOF,8.7463290517e+00,7.8012310023e-01,9.5686418316e-03,6.1695848230e-01,1.2644661231e+00,2.6446612311e-01,1.5509377221e-02,1.5509377221e-02,/oss06/data/project/tkcastrosim/HNHuang/project_big_sim/analysis/_used_by_article_nonlinear_evolution_pps/HALOMASS/output/fof_reed07_highz_cache/PL_snap0030_fof_reed07_input.npz
PL,0030,1.0519019232e+01,Reed07_FOF,8.9120911330e+00,4.5619655342e-01,7.3171966947e-03,3.5663309966e-01,1.2791761445e+00,2.7917614449e-01,2.0517435711e-02,2.0517435711e-02,/oss06/data/project/tkcastrosim/HNHuang/project_big_sim/analysis/_used_by_article_nonlinear_evolution_pps/HALOMASS/output/fof_reed07_highz_cache/PL_snap0030_fof_reed07_input.npz
PL,0030,1.0519019232e+01,Reed07_FOF,9.0769964483e+00,2.5456401450e-01,5.4659698928e-03,2.0223080418e-01,1.2587796183e+00,2.5877961831e-01,2.7028374410e-02,2.7028374410e-02,/oss06/data/project/tkcastrosim/HNHuang/project_big_sim/analysis/_used_by_article_nonlinear_evolution_pps/HALOMASS/output/fof_reed07_highz_cache/PL_snap0030_fof_reed07_input.npz
PL,0030,1.0519019232e+01,Reed07_FOF,9.2436631693e+00,1.4459329915e-01,4.1194839310e-03,1.1072930002e-01,1.3058269052e+00,3.0582690517e-01,3.7203196718e-02,3.7203196718e-02,/oss06/data/project/tkcastrosim/HNHuang/project_big_sim/analysis/_used_by_article_nonlinear_evolution_pps/HALOMASS/output/fof_reed07_highz_cache/PL_snap0030_fof_reed07_input.npz
PL,0030,1.0519019232e+01,Reed07_FOF,9.4091860125e+00,8.2742107065e-02,3.1162480353e-03,5.9027460461e-02,1.4017561728e+00,4.0175617278e-01,5.2793191694e-02,5.2793191694e-02,/oss06/data/project/tkcastrosim/HNHuang/project_big_sim/analysis/_used_by_article_nonlinear_evolution_pps/HALOMASS/output/fof_reed07_highz_cache/PL_snap0030_fof_reed07_input.npz
PL,0030,1.0519019232e+01,Reed07_FOF,9.5785476852e+00,4.1664465260e-02,2.2113202133e-03,2.9927631652e-02,1.3921738193e+00,3.9217381932e-01,7.3888914399e-02,7.3888914399e-02,/oss06/data/project/tkcastrosim/HNHuang/project_big_sim/analysis/_used_by_article_nonlinear_evolution_pps/HALOMASS/output/fof_reed07_highz_cache/PL_snap0030_fof_reed07_input.npz
PL,0030,1.0519019232e+01,Reed07_FOF,9.7389155896e+00,2.3355573484e-02,1.6556327075e-03,1.5094745111e-02,1.5472651781e+00,5.4726517814e-01,1.0968272039e-01,1.0968272039e-01,/oss06/data/project/tkcastrosim/HNHuang/project_big_sim/analysis/_used_by_article_nonlinear_evolution_pps/HALOMASS/output/fof_reed07_highz_cache/PL_snap0030_fof_reed07_input.npz
PL,0030,1.0519019232e+01,Reed07_FOF,9.9165056224e+00,1.1384375015e-02,1.1559081514e-03,6.7403890055e-03,1.6889789307e+00,6.8897893065e-01,1.7148982802e-01,1.7148982802e-01,/oss06/data/project/tkcastrosim/HNHuang/project_big_sim/analysis/_used_by_article_nonlinear_evolution_pps/HALOMASS/output/fof_reed07_highz_cache/PL_snap0030_fof_reed07_input.npz
PL,0030,1.0519019232e+01,Reed07_FOF,1.0080727122e+01,5.3987757801e-03,7.9600606186e-04,3.0445744187e-03,1.7732448079e+00,7.7324480789e-01,2.6145068322e-01,2.6145068322e-01,/oss06/data/project/tkcastrosim/HNHuang/project_big_sim/analysis/_used_by_article_nonlinear_evolution_pps/HALOMASS/output/fof_reed07_highz_cache/PL_snap0030_fof_reed07_input.npz
PL,0030,1.0519019232e+01,Reed07_FOF,1.0251450003e+01,1.5257409813e-03,4.2316441087e-04,1.2547276118e-03,1.2159937879e+00,2.1599378785e-01,3.3725599637e-01,3.3725599637e-01,/oss06/data/project/tkcastrosim/HNHuang/project_big_sim/analysis/_used_by_article_nonlinear_evolution_pps/HALOMASS/output/fof_reed07_highz_cache/PL_snap0030_fof_reed07_input.npz
PL,0030,1.0519019232e+01,Reed07_FOF,1.0415825874e+01,1.5257409813e-03,4.2316441087e-04,5.0234035695e-04,3.0372653923e+00,2.0372653923e+00,8.4238585455e-01,8.4238585455e-01,/oss06/data/project/tkcastrosim/HNHuang/project_big_sim/analysis/_used_by_article_nonlinear_evolution_pps/HALOMASS/output/fof_reed07_highz_cache/PL_snap0030_fof_reed07_input.npz
PL,0030,1.0519019232e+01,Reed07_FOF,1.0616724449e+01,4.6945876349e-04,2.3472938174e-04,1.4995298487e-04,3.1307063604e+00,2.1307063604e+00,1.5653531802e+00,1.5653531802e+00,/oss06/data/project/tkcastrosim/HNHuang/project_big_sim/analysis/_used_by_article_nonlinear_evolution_pps/HALOMASS/output/fof_reed07_highz_cache/PL_snap0030_fof_reed07_input.npz
PL,0030,1.0519019232e+01,Reed07_FOF,1.0765247331e+01,2.3472938174e-04,1.6597873758e-04,5.7251021991e-05,4.1000033463e+00,3.1000033463e+00,2.8991401691e+00,2.8991401691e+00,/oss06/data/project/tkcastrosim/HNHuang/project_big_sim/analysis/_used_by_article_nonlinear_evolution_pps/HALOMASS/output/fof_reed07_highz_cache/PL_snap0030_fof_reed07_input.npz
PL,0027,1.4331814598e+01,Reed07_FOF,8.0753756796e+00,1.0862102140e+00,1.1290824859e-02,8.4773749944e-01,1.2813049024e+00,2.8130490245e-01,1.3318774817e-02,1.3318774817e-02,/oss06/data/project/tkcastrosim/HNHuang/project_big_sim/analysis/_used_by_article_nonlinear_evolution_pps/HALOMASS/output/fof_reed07_highz_cache/PL_snap0027_fof_reed07_input.npz
PL,0027,1.4331814598e+01,Reed07_FOF,8.2446812040e+00,6.0583653428e-01,8.4323079620e-03,4.4713048922e-01,1.3549434648e+00,3.5494346481e-01,1.8858718350e-02,1.8858718350e-02,/oss06/data/project/tkcastrosim/HNHuang/project_big_sim/analysis/_used_by_article_nonlinear_evolution_pps/HALOMASS/output/fof_reed07_highz_cache/PL_snap0027_fof_reed07_input.npz
PL,0027,1.4331814598e+01,Reed07_FOF,8.4099748424e+00,3.2333972335e-01,6.1602489136e-03,2.3260259416e-01,1.3900950870e+00,3.9009508697e-01,2.6484007782e-02,2.6484007782e-02,/oss06/data/project/tkcastrosim/HNHuang/project_big_sim/analysis/_used_by_article_nonlinear_evolution_pps/HALOMASS/output/fof_reed07_highz_cache/PL_snap0027_fof_reed07_input.npz
PL,0027,1.4331814598e+01,Reed07_FOF,8.5776491090e+00,1.7804223605e-01,4.5712002796e-03,1.1615494482e-01,1.5327994544e+00,5.3279945443e-01,3.9354332152e-02,3.9354332152e-02,/oss06/data/project/tkcastrosim/HNHuang/project_big_sim/analysis/_used_by_article_nonlinear_evolution_pps/HALOMASS/output/fof_reed07_highz_cache/PL_snap0027_fof_reed07_input.npz
PL,0027,1.4331814598e+01,Reed07_FOF,8.7440568001e+00,9.5417493679e-02,3.3464376058e-03,5.6136276911e-02,1.6997474526e+00,6.9974745264e-01,5.9612745803e-02,5.9612745803e-02,/oss06/data/project/tkcastrosim/HNHuang/project_big_sim/analysis/_used_by_article_nonlinear_evolution_pps/HALOMASS/output/fof_reed07_highz_cache/PL_snap0027_fof_reed07_input.npz
PL,0027,1.4331814598e+01,Reed07_FOF,8.9118602182e+00,4.8471617330e-02,2.3851323620e-03,2.5932098050e-02,1.8691745357e+00,8.6917453565e-01,9.1976066009e-02,9.1976066009e-02,/oss06/data/project/tkcastrosim/HNHuang/project_big_sim/analysis/_used_by_article_nonlinear_evolution_pps/HALOMASS/output/fof_reed07_highz_cache/PL_snap0027_fof_reed07_input.npz
PL,0027,1.4331814598e+01,Reed07_FOF,9.0728608839e+00,2.1595103121e-02,1.5920121237e-03,1.1893175369e-02,1.8157558810e+00,8.1575588100e-01,1.3385929950e-01,1.3385929950e-01,/oss06/data/project/tkcastrosim/HNHuang/project_big_sim/analysis/_used_by_article_nonlinear_evolution_pps/HALOMASS/output/fof_reed07_highz_cache/PL_snap0027_fof_reed07_input.npz
PL,0027,1.4331814598e+01,Reed07_FOF,9.2395997973e+00,1.1736469087e-02,1.1736469087e-03,5.0494934189e-03,2.3242864410e+00,1.3242864410e+00,2.3242864410e-01,2.3242864410e-01,/oss06/data/project/tkcastrosim/HNHuang/project_big_sim/analysis/_used_by_article_nonlinear_evolution_pps/HALOMASS/output/fof_reed07_highz_cache/PL_snap0027_fof_reed07_input.npz
PL,0027,1.4331814598e+01,Reed07_FOF,9.4045141884e+00,3.8730347988e-03,6.7420881921e-04,2.0622342438e-03,1.8780770470e+00,8.7807704698e-01,3.2693125004e-01,3.2693125004e-01,/oss06/data/project/tkcastrosim/HNHuang/project_big_sim/analysis/_used_by_article_nonlinear_evolution_pps/HALOMASS/output/fof_reed07_highz_cache/PL_snap0027_fof_reed07_input.npz
PL,0027,1.4331814598e+01,Reed07_FOF,9.5921103978e+00,2.4646585083e-03,5.3783257984e-04,6.9741626768e-04,3.5339848273e+00,2.5339848273e+00,7.7117871314e-01,7.7117871314e-01,/oss06/data/project/tkcastrosim/HNHuang/project_big_sim/analysis/_used_by_article_nonlinear_evolution_pps/HALOMASS/output/fof_reed07_highz_cache/PL_snap0027_fof_reed07_input.npz
PL,0027,1.4331814598e+01,Reed07_FOF,9.6701624689e+00,1.1736469087e-04,1.1736469087e-04,4.3497055866e-04,2.6982214896e-01,-7.3017785104e-01,2.6982214896e-01,2.6982214896e-01,/oss06/data/project/tkcastrosim/HNHuang/project_big_sim/analysis/_used_by_article_nonlinear_evolution_pps/HALOMASS/output/fof_reed07_highz_cache/PL_snap0027_fof_reed07_input.npz
PL,0027,1.4331814598e+01,Reed07_FOF,9.9330177678e+00,4.6945876349e-04,2.3472938174e-04,7.8893476757e-05,5.9505396743e+00,4.9505396743e+00,2.9752698372e+00,2.9752698372e+00,/oss06/data/project/tkcastrosim/HNHuang/project_big_sim/analysis/_used_by_article_nonlinear_evolution_pps/HALOMASS/output/fof_reed07_highz_cache/PL_snap0027_fof_reed07_input.npz
PL,0027,1.4331814598e+01,Reed07_FOF,1.0098022847e+01,2.3472938174e-04,1.6597873758e-04,2.4592038368e-05,9.5449339430e+00,8.5449339430e+00,6.7492875171e+00,6.7492875171e+00,/oss06/data/project/tkcastrosim/HNHuang/project_big_sim/analysis/_used_by_article_nonlinear_evolution_pps/HALOMASS/output/fof_reed07_highz_cache/PL_snap0027_fof_reed07_input.npz
PL,0027,1.4331814598e+01,Reed07_FOF,1.0184583690e+01,1.1736469087e-04,1.1736469087e-04,1.2912575575e-05,9.0891774607e+00,8.0891774607e+00,9.0891774607e+00,9.0891774607e+00,/oss06/data/project/tkcastrosim/HNHuang/project_big_sim/analysis/_used_by_article_nonlinear_evolution_pps/HALOMASS/output/fof_reed07_highz_cache/PL_snap0027_fof_reed07_input.npz
PL,0024,1.9406645230e+01,Reed07_FOF,8.0686637205e+00,4.8002158567e-02,2.3735539811e-03,2.5558295873e-02,1.8781439422e+00,8.7814394220e-01,9.2868241018e-02,9.2868241018e-02,/oss06/data/project/tkcastrosim/HNHuang/project_big_sim/analysis/_used_by_article_nonlinear_evolution_pps/HALOMASS/output/fof_reed07_highz_cache/PL_snap0024_fof_reed07_input.npz
PL,0024,1.9406645230e+01,Reed07_FOF,8.2414589335e+00,1.9834632757e-02,1.5257409813e-03,1.0288975618e-02,1.9277558325e+00,9.2775583248e-01,1.4828891019e-01,1.4828891019e-01,/oss06/data/project/tkcastrosim/HNHuang/project_big_sim/analysis/_used_by_article_nonlinear_evolution_pps/HALOMASS/output/fof_reed07_highz_cache/PL_snap0024_fof_reed07_input.npz
PL,0024,1.9406645230e+01,Reed07_FOF,8.4146173789e+00,9.0370811972e-03,1.0298709827e-03,3.9451583297e-03,2.2906764297e+00,1.2906764297e+00,2.6104680641e-01,2.6104680641e-01,/oss06/data/project/tkcastrosim/HNHuang/project_big_sim/analysis/_used_by_article_nonlinear_evolution_pps/HALOMASS/output/fof_reed07_highz_cache/PL_snap0024_fof_reed07_input.npz
PL,0024,1.9406645230e+01,Reed07_FOF,8.5701544526e+00,3.5209407262e-03,6.4283288645e-04,1.5984012619e-03,2.2027890055e+00,1.2027890055e+00,4.0217240925e-01,4.0217240925e-01,/oss06/data/project/tkcastrosim/HNHuang/project_big_sim/analysis/_used_by_article_nonlinear_evolution_pps/HALOMASS/output/fof_reed07_highz_cache/PL_snap0024_fof_reed07_input.npz
PL,0024,1.9406645230e+01,Reed07_FOF,8.7591873821e+00,2.1125644357e-03,4.9793621273e-04,4.9842918789e-04,4.2384444712e+00,3.2384444712e+00,9.9901094242e-01,9.9901094242e-01,/oss06/data/project/tkcastrosim/HNHuang/project_big_sim/analysis/_used_by_article_nonlinear_evolution_pps/HALOMASS/output/fof_reed07_highz_cache/PL_snap0024_fof_reed07_input.npz
PL,0024,1.9406645230e+01,Reed07_FOF,8.9140074185e+00,5.8682345436e-04,2.6243542695e-04,1.8091532861e-04,3.2436358979e+00,2.2436358979e+00,1.4505980724e+00,1.4505980724e+00,/oss06/data/project/tkcastrosim/HNHuang/project_big_sim/analysis/_used_by_article_nonlinear_evolution_pps/HALOMASS/output/fof_reed07_highz_cache/PL_snap0024_fof_reed07_input.npz
PL,0024,1.9406645230e+01,Reed07_FOF,9.0648844330e+00,3.5209407262e-04,2.0328160761e-04,6.3948357072e-05,5.5059127199e+00,4.5059127199e+00,3.1788401909e+00,3.1788401909e+00,/oss06/data/project/tkcastrosim/HNHuang/project_big_sim/analysis/_used_by_article_nonlinear_evolution_pps/HALOMASS/output/fof_reed07_highz_cache/PL_snap0024_fof_reed07_input.npz
BTKP1,0056,-2.2204460493e-16,Reed07_FOF,8.0792537737e+00,1.7212001375e+01,4.4945313668e-02,1.6808761090e+01,1.0239898874e+00,2.3989887352e-02,2.6739218570e-03,2.6739218570e-03,/oss06/data/project/tkcastrosim/HNHuang/project_big_sim/analysis/_used_by_article_nonlinear_evolution_pps/HALOMASS/output/fof_reed07_highz_cache/BT_soft_snap0056_fof_reed07_input.npz
BTKP1,0056,-2.2204460493e-16,Reed07_FOF,8.2474592366e+00,1.1817568089e+01,3.7241982031e-02,1.1880750540e+01,9.9468194786e-01,-5.3180521447e-03,3.1346489354e-03,3.1346489354e-03,/oss06/data/project/tkcastrosim/HNHuang/project_big_sim/analysis/_used_by_article_nonlinear_evolution_pps/HALOMASS/output/fof_reed07_highz_cache/BT_soft_snap0056_fof_reed07_input.npz
BTKP1,0056,-2.2204460493e-16,Reed07_FOF,8.4149146720e+00,8.6177371567e+00,3.1802799522e-02,8.4169534527e+00,1.0238546768e+00,2.3854676766e-02,3.7784216938e-03,3.7784216938e-03,/oss06/data/project/tkcastrosim/HNHuang/project_big_sim/analysis/_used_by_article_nonlinear_evolution_pps/HALOMASS/output/fof_reed07_highz_cache/BT_soft_snap0056_fof_reed07_input.npz
BTKP1,0056,-2.2204460493e-16,Reed07_FOF,8.5813749347e+00,6.0593042604e+00,2.6667365288e-02,5.9795553430e+00,1.0133369311e+00,1.3336931063e-02,4.4597572493e-03,4.4597572493e-03,/oss06/data/project/tkcastrosim/HNHuang/project_big_sim/analysis/_used_by_article_nonlinear_evolution_pps/HALOMASS/output/fof_reed07_highz_cache/BT_soft_snap0056_fof_reed07_input.npz
BTKP1,0056,-2.2204460493e-16,Reed07_FOF,8.7479936678e+00,4.4501169838e+00,2.2853590618e-02,4.2498740626e+00,1.0471173777e+00,4.7117377667e-02,5.3774747868e-03,5.3774747868e-03,/oss06/data/project/tkcastrosim/HNHuang/project_big_sim/analysis/_used_by_article_nonlinear_evolution_pps/HALOMASS/output/fof_reed07_highz_cache/BT_soft_snap0056_fof_reed07_input.npz
BTKP1,0056,-2.2204460493e-16,Reed07_FOF,8.9152075043e+00,3.1159151780e+00,1.9123242969e-02,3.0190236750e+00,1.0320936546e+00,3.2093654584e-02,6.3342474348e-03,6.3342474348e-03,/oss06/data/project/tkcastrosim/HNHuang/project_big_sim/analysis/_used_by_article_nonlinear_evolution_pps/HALOMASS/output/fof_reed07_highz_cache/BT_soft_snap0056_fof_reed07_input.npz
BTKP1,0056,-2.2204460493e-16,Reed07_FOF,9.0817306593e+00,2.2505853122e+00,1.6252361350e-02,2.1491312961e+00,1.0472069884e+00,4.7206988356e-02,7.5622933691e-03,7.5622933691e-03,/oss06/data/project/tkcastrosim/HNHuang/project_big_sim/analysis/_used_by_article_nonlinear_evolution_pps/HALOMASS/output/fof_reed07_highz_cache/BT_soft_snap0056_fof_reed07_input.npz
BTKP1,0056,-2.2204460493e-16,Reed07_FOF,9.2482065576e+00,1.6238578629e+00,1.3805201053e-02,1.5311121455e+00,1.0605740851e+00,6.0574085138e-02,9.0164532321e-03,9.0164532321e-03,/oss06/data/project/tkcastrosim/HNHuang/project_big_sim/analysis/_used_by_article_nonlinear_evolution_pps/HALOMASS/output/fof_reed07_highz_cache/BT_soft_snap0056_fof_reed07_input.npz
BTKP1,0056,-2.2204460493e-16,Reed07_FOF,9.4153317112e+00,1.1209501625e+00,1.1469959429e-02,1.0900740046e+00,1.0283248273e+00,2.8324827280e-02,1.0522184164e-02,1.0522184164e-02,/oss06/data/project/tkcastrosim/HNHuang/project_big_sim/analysis/_used_by_article_nonlinear_evolution_pps/HALOMASS/output/fof_reed07_highz_cache/BT_soft_snap0056_fof_reed07_input.npz
BTKP1,0056,-2.2204460493e-16,Reed07_FOF,9.5814993377e+00,8.1016846109e-01,9.7511625456e-03,7.7804195569e-01,1.0412914820e+00,4.1291481994e-02,1.2532952078e-02,1.2532952078e-02,/oss06/data/project/tkcastrosim/HNHuang/project_big_sim/analysis/_used_by_article_nonlinear_evolution_pps/HALOMASS/output/fof_reed07_highz_cache/BT_soft_snap0056_fof_reed07_input.npz
BTKP1,0056,-2.2204460493e-16,Reed07_FOF,9.7479784279e+00,5.8330251364e-01,8.2740026105e-03,5.5528259374e-01,1.0504606487e+00,5.0460648711e-02,1.4900525793e-02,1.4900525793e-02,/oss06/data/project/tkcastrosim/HNHuang/project_big_sim/analysis/_used_by_article_nonlinear_evolution_pps/HALOMASS/output/fof_reed07_highz_cache/BT_soft_snap0056_fof_reed07_input.npz
BTKP1,0056,-2.2204460493e-16,Reed07_FOF,9.9145529222e+00,4.1817039358e-01,7.0056005434e-03,3.9588053448e-01,1.0563045090e+00,5.6304508962e-02,1.7696249079e-02,1.7696249079e-02,/oss06/data/project/tkcastrosim/HNHuang/project_big_sim/analysis/_used_by_article_nonlinear_evolution_pps/HALOMASS/output/fof_reed07_highz_cache/BT_soft_snap0056_fof_reed07_input.npz
BTKP1,0056,-2.2204460493e-16,Reed07_FOF,1.0081515802e+01,2.8578302227e-01,5.7914450758e-03,2.8150369281e-01,1.0152016815e+00,1.5201681463e-02,2.0573247257e-02,2.0573247257e-02,/oss06/data/project/tkcastrosim/HNHuang/project_big_sim/analysis/_used_by_article_nonlinear_evolution_pps/HALOMASS/output/fof_reed07_highz_cache/BT_soft_snap0056_fof_reed07_input.npz
BTKP1,0056,-2.2204460493e-16,Reed07_FOF,1.0247533985e+01,2.0409719743e-01,4.8942624045e-03,2.0014113860e-01,1.0197663452e+00,1.9766345153e-02,2.4454054967e-02,2.4454054967e-02,/oss06/data/project/tkcastrosim/HNHuang/project_big_sim/analysis/_used_by_article_nonlinear_evolution_pps/HALOMASS/output/fof_reed07_highz_cache/BT_soft_snap0056_fof_reed07_input.npz
BTKP1,0056,-2.2204460493e-16,Reed07_FOF,1.0414422279e+01,1.3954661745e-01,4.0469551046e-03,1.4174339675e-01,9.8450171680e-01,-1.5498283205e-02,2.8551277854e-02,2.8551277854e-02,/oss06/data/project/tkcastrosim/HNHuang/project_big_sim/analysis/_used_by_article_nonlinear_evolution_pps/HALOMASS/output/fof_reed07_highz_cache/BT_soft_snap0056_fof_reed07_input.npz
BTKP1,0056,-2.2204460493e-16,Reed07_FOF,1.0582429765e+01,1.0140309291e-01,3.4498032775e-03,9.9937466138e-02,1.0146654386e+00,1.4665438624e-02,3.4519619226e-02,3.4519619226e-02,/oss06/data/project/tkcastrosim/HNHuang/project_big_sim/analysis/_used_by_article_nonlinear_evolution_pps/HALOMASS/output/fof_reed07_highz_cache/BT_soft_snap0056_fof_reed07_input.npz
BTKP1,0056,-2.2204460493e-16,Reed07_FOF,1.0746664160e+01,7.1005637978e-02,2.8867896964e-03,7.0847142831e-02,1.0022371424e+00,2.2371423895e-03,4.0746734181e-02,4.0746734181e-02,/oss06/data/project/tkcastrosim/HNHuang/project_big_sim/analysis/_used_by_article_nonlinear_evolution_pps/HALOMASS/output/fof_reed07_highz_cache/BT_soft_snap0056_fof_reed07_input.npz
BTKP1,0056,-2.2204460493e-16,Reed07_FOF,1.0910657510e+01,4.8941076094e-02,2.3966548076e-03,5.0130036562e-02,9.7628247356e-01,-2.3717526444e-02,4.7808758421e-02,4.7808758421e-02,/oss06/data/project/tkcastrosim/HNHuang/project_big_sim/analysis/_used_by_article_nonlinear_evolution_pps/HALOMASS/output/fof_reed07_highz_cache/BT_soft_snap0056_fof_reed07_input.npz
BTKP1,0056,-2.2204460493e-16,Reed07_FOF,1.1081530314e+01,3.6500418861e-02,2.0697488679e-03,3.4868848014e-02,1.0467916476e+00,4.6791647551e-02,5.9358108621e-02,5.9358108621e-02,/oss06/data/project/tkcastrosim/HNHuang/project_big_sim/analysis/_used_by_article_nonlinear_evolution_pps/HALOMASS/output/fof_reed07_highz_cache/BT_soft_snap0056_fof_reed07_input.npz
BTKP1,0056,-2.2204460493e-16,Reed07_FOF,1.1241514492e+01,2.8519619882e-02,1.8295344684e-03,2.4751985902e-02,1.1522154220e+00,1.5221542203e-01,7.3914653786e-02,7.3914653786e-02,/oss06/data/project/tkcastrosim/HNHuang/project_big_sim/analysis/_used_by_article_nonlinear_evolution_pps/HALOMASS/output/fof_reed07_highz_cache/BT_soft_snap0056_fof_reed07_input.npz
BTKP1,0056,-2.2204460493e-16,Reed07_FOF,1.1408528951e+01,1.8660985849e-02,1.4799124418e-03,1.7258004738e-02,1.0812945142e+00,8.1294514151e-02,8.5752232908e-02,8.5752232908e-02,/oss06/data/project/tkcastrosim/HNHuang/project_big_sim/analysis/_used_by_article_nonlinear_evolution_pps/HALOMASS/output/fof_reed07_highz_cache/BT_soft_snap0056_fof_reed07_input.npz
BTKP1,0056,-2.2204460493e-16,Reed07_FOF,1.1581115959e+01,1.2205927851e-02,1.1968896979e-03,1.1850320328e-02,1.0300082625e+00,3.0008262504e-02,1.0100061980e-01,1.0100061980e-01,/oss06/data/project/tkcastrosim/HNHuang/project_big_sim/analysis/_used_by_article_nonlinear_evolution_pps/HALOMASS/output/fof_reed07_highz_cache/BT_soft_snap0056_fof_reed07_input.npz
BTKP1,0056,-2.2204460493e-16,Reed07_FOF,1.1759458403e+01,9.0370811972e-03,1.0298709827e-03,8.0048914852e-03,1.1289448725e+00,1.2894487250e-01,1.2865520846e-01,1.2865520846e-01,/oss06/data/project/tkcastrosim/HNHuang/project_big_sim/analysis/_used_by_article_nonlinear_evolution_pps/HALOMASS/output/fof_reed07_highz_cache/BT_soft_snap0056_fof_reed07_input.npz
BTKP1,0056,-2.2204460493e-16,Reed07_FOF,1.1920340617e+01,6.1029639254e-03,8.4632882174e-04,5.6185470460e-03,1.0862174643e+00,8.6217464304e-02,1.5063126015e-01,1.5063126015e-01,/oss06/data/project/tkcastrosim/HNHuang/project_big_sim/analysis/_used_by_article_nonlinear_evolution_pps/HALOMASS/output/fof_reed07_highz_cache/BT_soft_snap0056_fof_reed07_input.npz
BTKP1,0056,-2.2204460493e-16,Reed07_FOF,1.2084242258e+01,4.5772229440e-03,7.3294225958e-04,3.9246267648e-03,1.1662823546e+00,1.6628235457e-01,1.8675464025e-01,1.8675464025e-01,/oss06/data/project/tkcastrosim/HNHuang/project_big_sim/analysis/_used_by_article_nonlinear_evolution_pps/HALOMASS/output/fof_reed07_highz_cache/BT_soft_snap0056_fof_reed07_input.npz
BTKP1,0056,-2.2204460493e-16,Reed07_FOF,1.2247220799e+01,2.8167525809e-03,5.7496721291e-04,2.7522878618e-03,1.0234222299e+00,2.3422229922e-02,2.0890518789e-01,2.0890518789e-01,/oss06/data/project/tkcastrosim/HNHuang/project_big_sim/analysis/_used_by_article_nonlinear_evolution_pps/HALOMASS/output/fof_reed07_highz_cache/BT_soft_snap0056_fof_reed07_input.npz
BTKP1,0056,-2.2204460493e-16,Reed07_FOF,1.2415477982e+01,1.6431056722e-03,4.3913846255e-04,1.9112500541e-03,8.5970209322e-01,-1.4029790678e-01,2.2976504911e-01,2.2976504911e-01,/oss06/data/project/tkcastrosim/HNHuang/project_big_sim/analysis/_used_by_article_nonlinear_evolution_pps/HALOMASS/output/fof_reed07_highz_cache/BT_soft_snap0056_fof_reed07_input.npz
BTKP1,0056,-2.2204460493e-16,Reed07_FOF,1.2572688224e+01,1.1736469087e-03,3.7113974004e-04,1.3608377054e-03,8.6244443701e-01,-1.3755556299e-01,2.7272887763e-01,2.7272887763e-01,/oss06/data/project/tkcastrosim/HNHuang/project_big_sim/analysis/_used_by_article_nonlinear_evolution_pps/HALOMASS/output/fof_reed07_highz_cache/BT_soft_snap0056_fof_reed07_input.npz
BTKP1,0056,-2.2204460493e-16,Reed07_FOF,1.2737317034e+01,1.4083762905e-03,4.0656321521e-04,9.5406035600e-04,1.4761920266e+00,4.7619202664e-01,4.2613993198e-01,4.2613993198e-01,/oss06/data/project/tkcastrosim/HNHuang/project_big_sim/analysis/_used_by_article_nonlinear_evolution_pps/HALOMASS/output/fof_reed07_highz_cache/BT_soft_snap0056_fof_reed07_input.npz
BTKP1,0056,-2.2204460493e-16,Reed07_FOF,1.2907852999e+01,7.0418814523e-04,2.8748360646e-04,6.6008085513e-04,1.0668210413e+00,6.6821041326e-02,4.3552786635e-01,4.3552786635e-01,/oss06/data/project/tkcastrosim/HNHuang/project_big_sim/analysis/_used_by_article_nonlinear_evolution_pps/HALOMASS/output/fof_reed07_highz_cache/BT_soft_snap0056_fof_reed07_input.npz
BTKP1,0040,3.4410805658e+00,Reed07_FOF,8.0791922783e+00,3.0297812313e+01,5.9631312045e-02,3.1289826134e+01,9.6829596250e-01,-3.1704037499e-02,1.9057731989e-03,1.9057731989e-03,/oss06/data/project/tkcastrosim/HNHuang/project_big_sim/analysis/_used_by_article_nonlinear_evolution_pps/HALOMASS/output/fof_reed07_highz_cache/BT_soft_snap0040_fof_reed07_input.npz
BTKP1,0040,3.4410805658e+00,Reed07_FOF,8.2473283145e+00,2.0876127024e+01,4.9498688819e-02,2.2005719836e+01,9.4866821807e-01,-5.1331781931e-02,2.2493555852e-03,2.2493555852e-03,/oss06/data/project/tkcastrosim/HNHuang/project_big_sim/analysis/_used_by_article_nonlinear_evolution_pps/HALOMASS/output/fof_reed07_highz_cache/BT_soft_snap0040_fof_reed07_input.npz
BTKP1,0040,3.4410805658e+00,Reed07_FOF,8.4143422583e+00,1.5011648151e+01,4.1974247399e-02,1.5509632459e+01,9.6789193365e-01,-3.2108066352e-02,2.7063341127e-03,2.7063341127e-03,/oss06/data/project/tkcastrosim/HNHuang/project_big_sim/analysis/_used_by_article_nonlinear_evolution_pps/HALOMASS/output/fof_reed07_highz_cache/BT_soft_snap0040_fof_reed07_input.npz
BTKP1,0040,3.4410805658e+00,Reed07_FOF,8.5817850923e+00,1.0329383808e+01,3.4818169647e-02,1.0917861279e+01,9.4609956517e-01,-5.3900434826e-02,3.1891016710e-03,3.1891016710e-03,/oss06/data/project/tkcastrosim/HNHuang/project_big_sim/analysis/_used_by_article_nonlinear_evolution_pps/HALOMASS/output/fof_reed07_highz_cache/BT_soft_snap0040_fof_reed07_input.npz
BTKP1,0040,3.4410805658e+00,Reed07_FOF,8.7478954610e+00,7.4361094490e+00,2.9542117168e-02,7.7029583594e+00,9.6535760705e-01,-3.4642392953e-02,3.8351651132e-03,3.8351651132e-03,/oss06/data/project/tkcastrosim/HNHuang/project_big_sim/analysis/_used_by_article_nonlinear_evolution_pps/HALOMASS/output/fof_reed07_highz_cache/BT_soft_snap0040_fof_reed07_input.npz
BTKP1,0040,3.4410805658e+00,Reed07_FOF,8.9150104888e+00,5.1996078997e+00,2.4703246220e-02,5.4192271504e+00,9.5947406436e-01,-4.0525935640e-02,4.5584445040e-03,4.5584445040e-03,/oss06/data/project/tkcastrosim/HNHuang/project_big_sim/analysis/_used_by_article_nonlinear_evolution_pps/HALOMASS/output/fof_reed07_highz_cache/BT_soft_snap0040_fof_reed07_input.npz
BTKP1,0040,3.4410805658e+00,Reed07_FOF,9.0804281516e+00,3.6574358617e+00,2.0718441768e-02,3.8224900917e+00,9.5682023339e-01,-4.3179766614e-02,5.4201427004e-03,5.4201427004e-03,/oss06/data/project/tkcastrosim/HNHuang/project_big_sim/analysis/_used_by_article_nonlinear_evolution_pps/HALOMASS/output/fof_reed07_highz_cache/BT_soft_snap0040_fof_reed07_input.npz
BTKP1,0040,3.4410805658e+00,Reed07_FOF,9.2470632519e+00,2.5560856025e+00,1.7320340545e-02,2.6853519883e+00,9.5186240526e-01,-4.8137594740e-02,6.4499330517e-03,6.4499330517e-03,/oss06/data/project/tkcastrosim/HNHuang/project_big_sim/analysis/_used_by_article_nonlinear_evolution_pps/HALOMASS/output/fof_reed07_highz_cache/BT_soft_snap0040_fof_reed07_input.npz
BTKP1,0040,3.4410805658e+00,Reed07_FOF,9.4145578495e+00,1.7507290937e+00,1.4334356591e-02,1.8794177278e+00,9.3152739160e-01,-6.8472608397e-02,7.6270199962e-03,7.6270199962e-03,/oss06/data/project/tkcastrosim/HNHuang/project_big_sim/analysis/_used_by_article_nonlinear_evolution_pps/HALOMASS/output/fof_reed07_highz_cache/BT_soft_snap0040_fof_reed07_input.npz
BTKP1,0040,3.4410805658e+00,Reed07_FOF,9.5821669521e+00,1.2331508070e+00,1.2030310190e-02,1.3117705952e+00,9.4006590140e-01,-5.9934098602e-02,9.1710473111e-03,9.1710473111e-03,/oss06/data/project/tkcastrosim/HNHuang/project_big_sim/analysis/_used_by_article_nonlinear_evolution_pps/HALOMASS/output/fof_reed07_highz_cache/BT_soft_snap0040_fof_reed07_input.npz
BTKP1,0040,3.4410805658e+00,Reed07_FOF,9.7470915512e+00,8.4537786835e-01,9.9607987727e-03,9.1760448750e-01,9.2128785317e-01,-7.8712146828e-02,1.0855220205e-02,1.0855220205e-02,/oss06/data/project/tkcastrosim/HNHuang/project_big_sim/analysis/_used_by_article_nonlinear_evolution_pps/HALOMASS/output/fof_reed07_highz_cache/BT_soft_snap0040_fof_reed07_input.npz
BTKP1,0040,3.4410805658e+00,Reed07_FOF,9.9140269231e+00,5.7062712702e-01,8.1836102281e-03,6.3533484422e-01,8.9815178911e-01,-1.0184821089e-01,1.2880782949e-02,1.2880782949e-02,/oss06/data/project/tkcastrosim/HNHuang/project_big_sim/analysis/_used_by_article_nonlinear_evolution_pps/HALOMASS/output/fof_reed07_highz_cache/BT_soft_snap0040_fof_reed07_input.npz
BTKP1,0040,3.4410805658e+00,Reed07_FOF,1.0079504475e+01,3.9915731366e-01,6.8444849862e-03,4.3792475872e-01,9.1147464425e-01,-8.8525355754e-02,1.5629362921e-02,1.5629362921e-02,/oss06/data/project/tkcastrosim/HNHuang/project_big_sim/analysis/_used_by_article_nonlinear_evolution_pps/HALOMASS/output/fof_reed07_highz_cache/BT_soft_snap0040_fof_reed07_input.npz
BTKP1,0040,3.4410805658e+00,Reed07_FOF,1.0246636012e+01,2.6923460086e-01,5.6212663789e-03,2.9767633345e-01,9.0445416920e-01,-9.5545830798e-02,1.8883820268e-02,1.8883820268e-02,/oss06/data/project/tkcastrosim/HNHuang/project_big_sim/analysis/_used_by_article_nonlinear_evolution_pps/HALOMASS/output/fof_reed07_highz_cache/BT_soft_snap0040_fof_reed07_input.npz
BTKP1,0040,3.4410805658e+00,Reed07_FOF,1.0411004396e+01,1.8402783529e-01,4.6474046521e-03,2.0135688076e-01,9.1393864762e-01,-8.6061352378e-02,2.3080436262e-02,2.3080436262e-02,/oss06/data/project/tkcastrosim/HNHuang/project_big_sim/analysis/_used_by_article_nonlinear_evolution_pps/HALOMASS/output/fof_reed07_highz_cache/BT_soft_snap0040_fof_reed07_input.npz
BTKP1,0040,3.4410805658e+00,Reed07_FOF,1.0579740035e+01,1.2335029011e-01,3.8048611890e-03,1.3302685318e-01,9.2725857343e-01,-7.2741426565e-02,2.8602203977e-02,2.8602203977e-02,/oss06/data/project/tkcastrosim/HNHuang/project_big_sim/analysis/_used_by_article_nonlinear_evolution_pps/HALOMASS/output/fof_reed07_highz_cache/BT_soft_snap0040_fof_reed07_input.npz
BTKP1,0040,3.4410805658e+00,Reed07_FOF,1.0747550470e+01,7.9690625102e-02,3.0582455069e-03,8.6598078399e-02,9.2023548992e-01,-7.9764510075e-02,3.5315396871e-02,3.5315396871e-02,/oss06/data/project/tkcastrosim/HNHuang/project_big_sim/analysis/_used_by_article_nonlinear_evolution_pps/HALOMASS/output/fof_reed07_highz_cache/BT_soft_snap0040_fof_reed07_input.npz
BTKP1,0040,3.4410805658e+00,Reed07_FOF,1.0913865528e+01,5.1992558056e-02,2.4702409809e-03,5.5547529926e-02,9.3600126100e-01,-6.3998738995e-02,4.4470761963e-02,4.4470761963e-02,/oss06/data/project/tkcastrosim/HNHuang/project_big_sim/analysis/_used_by_article_nonlinear_evolution_pps/HALOMASS/output/fof_reed07_highz_cache/BT_soft_snap0040_fof_reed07_input.npz
BTKP1,0040,3.4410805658e+00,Reed07_FOF,1.1081158616e+01,3.2744748753e-02,1.9603768299e-03,3.4813230515e-02,9.4058345832e-01,-5.9416541681e-02,5.6311258704e-02,5.6311258704e-02,/oss06/data/project/tkcastrosim/HNHuang/project_big_sim/analysis/_used_by_article_nonlinear_evolution_pps/HALOMASS/output/fof_reed07_highz_cache/BT_soft_snap0040_fof_reed07_input.npz
BTKP1,0040,3.4410805658e+00,Reed07_FOF,1.1240177160e+01,2.0421456212e-02,1.5481466001e-03,2.1804988536e-02,9.3654973393e-01,-6.3450266068e-02,7.0999652101e-02,7.0999652101e-02,/oss06/data/project/tkcastrosim/HNHuang/project_big_sim/analysis/_used_by_article_nonlinear_evolution_pps/HALOMASS/output/fof_reed07_highz_cache/BT_soft_snap0040_fof_reed07_input.npz
BTKP1,0040,3.4410805658e+00,Reed07_FOF,1.1415331584e+01,1.1853833778e-02,1.1795005456e-03,1.2667981616e-02,9.3573184250e-01,-6.4268157496e-02,9.3108798336e-02,9.3108798336e-02,/oss06/data/project/tkcastrosim/HNHuang/project_big_sim/analysis/_used_by_article_nonlinear_evolution_pps/HALOMASS/output/fof_reed07_highz_cache/BT_soft_snap0040_fof_reed07_input.npz
BTKP1,0040,3.4410805658e+00,Reed07_FOF,1.1572420861e+01,7.0418814523e-03,9.0910298636e-04,7.5865485188e-03,9.2820621062e-01,-7.1793789376e-02,1.1983090652e-01,1.1983090652e-01,/oss06/data/project/tkcastrosim/HNHuang/project_big_sim/analysis/_used_by_article_nonlinear_evolution_pps/HALOMASS/output/fof_reed07_highz_cache/BT_soft_snap0040_fof_reed07_input.npz
BTKP1,0040,3.4410805658e+00,Reed07_FOF,1.1747442375e+01,4.8119523258e-03,7.5150069674e-04,4.1411414421e-03,1.1619869529e+00,1.6198695289e-01,1.8147187370e-01,1.8147187370e-01,/oss06/data/project/tkcastrosim/HNHuang/project_big_sim/analysis/_used_by_article_nonlinear_evolution_pps/HALOMASS/output/fof_reed07_highz_cache/BT_soft_snap0040_fof_reed07_input.npz
BTKP1,0040,3.4410805658e+00,Reed07_FOF,1.1910065017e+01,2.3472938174e-03,5.2487085390e-04,2.2947605043e-03,1.0228927215e+00,2.2892721521e-02,2.2872576590e-01,2.2872576590e-01,/oss06/data/project/tkcastrosim/HNHuang/project_big_sim/analysis/_used_by_article_nonlinear_evolution_pps/HALOMASS/output/fof_reed07_highz_cache/BT_soft_snap0040_fof_reed07_input.npz
BTKP1,0040,3.4410805658e+00,Reed07_FOF,1.2064864420e+01,1.1736469087e-03,3.7113974004e-04,1.2764673576e-03,9.1944921409e-01,-8.0550785914e-02,2.9075537094e-01,2.9075537094e-01,/oss06/data/project/tkcastrosim/HNHuang/project_big_sim/analysis/_used_by_article_nonlinear_evolution_pps/HALOMASS/output/fof_reed07_highz_cache/BT_soft_snap0040_fof_reed07_input.npz
BTKP1,0040,3.4410805658e+00,Reed07_FOF,1.2243319279e+01,1.1736469087e-03,3.7113974004e-04,6.2375063911e-04,1.8815963225e+00,8.8159632252e-01,5.9501300162e-01,5.9501300162e-01,/oss06/data/project/tkcastrosim/HNHuang/project_big_sim/analysis/_used_by_article_nonlinear_evolution_pps/HALOMASS/output/fof_reed07_highz_cache/BT_soft_snap0040_fof_reed07_input.npz
BTKP1,0040,3.4410805658e+00,Reed07_FOF,1.2346505230e+01,1.1736469087e-04,1.1736469087e-04,4.0313708644e-04,2.9112848909e-01,-7.0887151091e-01,2.9112848909e-01,2.9112848909e-01,/oss06/data/project/tkcastrosim/HNHuang/project_big_sim/analysis/_used_by_article_nonlinear_evolution_pps/HALOMASS/output/fof_reed07_highz_cache/BT_soft_snap0040_fof_reed07_input.npz
BTKP1,0032,8.5198506052e+00,Reed07_FOF,8.0788791042e+00,3.5500471695e+01,6.4548446041e-02,3.7974409862e+01,9.3485249210e-01,-6.5147507901e-02,1.6997879961e-03,1.6997879961e-03,/oss06/data/project/tkcastrosim/HNHuang/project_big_sim/analysis/_used_by_article_nonlinear_evolution_pps/HALOMASS/output/fof_reed07_highz_cache/BT_soft_snap0032_fof_reed07_input.npz
BTKP1,0032,8.5198506052e+00,Reed07_FOF,8.2471128106e+00,2.3771396583e+01,5.2819718019e-02,2.5810849141e+01,9.2098467794e-01,-7.9015322059e-02,2.0464153554e-03,2.0464153554e-03,/oss06/data/project/tkcastrosim/HNHuang/project_big_sim/analysis/_used_by_article_nonlinear_evolution_pps/HALOMASS/output/fof_reed07_highz_cache/BT_soft_snap0032_fof_reed07_input.npz
BTKP1,0032,8.5198506052e+00,Reed07_FOF,8.4137710240e+00,1.6495137843e+01,4.3999394926e-02,1.7483203300e+01,9.4348487289e-01,-5.6515127111e-02,2.5166666640e-03,2.5166666640e-03,/oss06/data/project/tkcastrosim/HNHuang/project_big_sim/analysis/_used_by_article_nonlinear_evolution_pps/HALOMASS/output/fof_reed07_highz_cache/BT_soft_snap0032_fof_reed07_input.npz
BTKP1,0032,8.5198506052e+00,Reed07_FOF,8.5808386562e+00,1.0929469473e+01,3.5815273363e-02,1.1733371169e+01,9.3148587186e-01,-6.8514128142e-02,3.0524282279e-03,3.0524282279e-03,/oss06/data/project/tkcastrosim/HNHuang/project_big_sim/analysis/_used_by_article_nonlinear_evolution_pps/HALOMASS/output/fof_reed07_highz_cache/BT_soft_snap0032_fof_reed07_input.npz
BTKP1,0032,8.5198506052e+00,Reed07_FOF,8.7469458573e+00,7.4505453060e+00,2.9570778594e-02,7.8067764960e+00,9.5436897801e-01,-4.5631021995e-02,3.7878346600e-03,3.7878346600e-03,/oss06/data/project/tkcastrosim/HNHuang/project_big_sim/analysis/_used_by_article_nonlinear_evolution_pps/HALOMASS/output/fof_reed07_highz_cache/BT_soft_snap0032_fof_reed07_input.npz
BTKP1,0032,8.5198506052e+00,Reed07_FOF,8.9138362155e+00,4.8715735887e+00,2.3911309632e-02,5.1188756917e+00,9.5168819915e-01,-4.8311800850e-02,4.6712034188e-03,4.6712034188e-03,/oss06/data/project/tkcastrosim/HNHuang/project_big_sim/analysis/_used_by_article_nonlinear_evolution_pps/HALOMASS/output/fof_reed07_highz_cache/BT_soft_snap0032_fof_reed07_input.npz
BTKP1,0032,8.5198506052e+00,Reed07_FOF,9.0795997461e+00,3.1541760672e+00,1.9240293633e-02,3.3179179640e+00,9.5064920273e-01,-4.9350797268e-02,5.7989057722e-03,5.7989057722e-03,/oss06/data/project/tkcastrosim/HNHuang/project_big_sim/analysis/_used_by_article_nonlinear_evolution_pps/HALOMASS/output/fof_reed07_highz_cache/BT_soft_snap0032_fof_reed07_input.npz
BTKP1,0032,8.5198506052e+00,Reed07_FOF,9.2457190782e+00,2.0501264202e+00,1.5511687644e-02,2.1086813073e+00,9.7223151410e-01,-2.7768485904e-02,7.3561080993e-03,7.3561080993e-03,/oss06/data/project/tkcastrosim/HNHuang/project_big_sim/analysis/_used_by_article_nonlinear_evolution_pps/HALOMASS/output/fof_reed07_highz_cache/BT_soft_snap0032_fof_reed07_input.npz
BTKP1,0032,8.5198506052e+00,Reed07_FOF,9.4127472896e+00,1.2804487774e+00,1.2258852921e-02,1.3091058960e+00,9.7810939614e-01,-2.1890603859e-02,9.3642943314e-03,9.3642943314e-03,/oss06/data/project/tkcastrosim/HNHuang/project_big_sim/analysis/_used_by_article_nonlinear_evolution_pps/HALOMASS/output/fof_reed07_highz_cache/BT_soft_snap0032_fof_reed07_input.npz
BTKP1,0032,8.5198506052e+00,Reed07_FOF,9.5787809405e+00,8.0148347397e-01,9.6987555986e-03,7.9642293765e-01,1.0063540816e+00,6.3540815733e-03,1.2177895864e-02,1.2177895864e-02,/oss06/data/project/tkcastrosim/HNHuang/project_big_sim/analysis/_used_by_article_nonlinear_evolution_pps/HALOMASS/output/fof_reed07_highz_cache/BT_soft_snap0032_fof_reed07_input.npz
BTKP1,0032,8.5198506052e+00,Reed07_FOF,9.7454132418e+00,4.7873057407e-01,7.4957365106e-03,4.6986065762e-01,1.0188777594e+00,1.8877759400e-02,1.5953105222e-02,1.5953105222e-02,/oss06/data/project/tkcastrosim/HNHuang/project_big_sim/analysis/_used_by_article_nonlinear_evolution_pps/HALOMASS/output/fof_reed07_highz_cache/BT_soft_snap0032_fof_reed07_input.npz
BTKP1,0032,8.5198506052e+00,Reed07_FOF,9.9118047978e+00,2.8507883413e-01,5.7843054243e-03,2.6876481554e-01,1.0606999787e+00,6.0699978719e-02,2.1521810482e-02,2.1521810482e-02,/oss06/data/project/tkcastrosim/HNHuang/project_big_sim/analysis/_used_by_article_nonlinear_evolution_pps/HALOMASS/output/fof_reed07_highz_cache/BT_soft_snap0032_fof_reed07_input.npz
BTKP1,0032,8.5198506052e+00,Reed07_FOF,1.0077489301e+01,1.5902915613e-01,4.3202323721e-03,1.4889842404e-01,1.0680378732e+00,6.8037873189e-02,2.9014627925e-02,2.9014627925e-02,/oss06/data/project/tkcastrosim/HNHuang/project_big_sim/analysis/_used_by_article_nonlinear_evolution_pps/HALOMASS/output/fof_reed07_highz_cache/BT_soft_snap0032_fof_reed07_input.npz
BTKP1,0032,8.5198506052e+00,Reed07_FOF,1.0243833602e+01,8.5441494955e-02,3.1666724875e-03,7.8828411102e-02,1.0838921369e+00,8.3892136867e-02,4.0171715289e-02,4.0171715289e-02,/oss06/data/project/tkcastrosim/HNHuang/project_big_sim/analysis/_used_by_article_nonlinear_evolution_pps/HALOMASS/output/fof_reed07_highz_cache/BT_soft_snap0032_fof_reed07_input.npz
BTKP1,0032,8.5198506052e+00,Reed07_FOF,1.0409325964e+01,4.2838112168e-02,2.2422492708e-03,3.9926923490e-02,1.0729129225e+00,7.2912922517e-02,5.6158829050e-02,5.6158829050e-02,/oss06/data/project/tkcastrosim/HNHuang/project_big_sim/analysis/_used_by_article_nonlinear_evolution_pps/HALOMASS/output/fof_reed07_highz_cache/BT_soft_snap0032_fof_reed07_input.npz
BTKP1,0032,8.5198506052e+00,Reed07_FOF,1.0582859690e+01,2.0890914975e-02,1.5658402786e-03,1.8387583779e-02,1.1361424767e+00,1.3614247669e-01,8.5157478949e-02,8.5157478949e-02,/oss06/data/project/tkcastrosim/HNHuang/project_big_sim/analysis/_used_by_article_nonlinear_evolution_pps/HALOMASS/output/fof_reed07_highz_cache/BT_soft_snap0032_fof_reed07_input.npz
BTKP1,0032,8.5198506052e+00,Reed07_FOF,1.0751174710e+01,9.9759987241e-03,1.0820489852e-03,7.9890984274e-03,1.2487014417e+00,2.4870144169e-01,1.3544068771e-01,1.3544068771e-01,/oss06/data/project/tkcastrosim/HNHuang/project_big_sim/analysis/_used_by_article_nonlinear_evolution_pps/HALOMASS/output/fof_reed07_highz_cache/BT_soft_snap0032_fof_reed07_input.npz
BTKP1,0032,8.5198506052e+00,Reed07_FOF,1.0889764808e+01,3.5209407262e-03,6.4283288645e-04,3.7495387271e-03,9.3903303378e-01,-6.0966966224e-02,1.7144319161e-01,1.7144319161e-01,/oss06/data/project/tkcastrosim/HNHuang/project_big_sim/analysis/_used_by_article_nonlinear_evolution_pps/HALOMASS/output/fof_reed07_highz_cache/BT_soft_snap0032_fof_reed07_input.npz
BTKP1,0032,8.5198506052e+00,Reed07_FOF,1.1077112639e+01,2.5820231992e-03,5.5048919571e-04,1.2008897437e-03,2.1500918071e+00,1.1500918071e+00,4.5840111351e-01,4.5840111351e-01,/oss06/data/project/tkcastrosim/HNHuang/project_big_sim/analysis/_used_by_article_nonlinear_evolution_pps/HALOMASS/output/fof_reed07_highz_cache/BT_soft_snap0032_fof_reed07_input.npz
BTKP1,0032,8.5198506052e+00,Reed07_FOF,1.1232524771e+01,8.2155283611e-04,3.1051778475e-04,4.1460413085e-04,1.9815355781e+00,9.8153557808e-01,7.4895005052e-01,7.4895005052e-01,/oss06/data/project/tkcastrosim/HNHuang/project_big_sim/analysis/_used_by_article_nonlinear_evolution_pps/HALOMASS/output/fof_reed07_highz_cache/BT_soft_snap0032_fof_reed07_input.npz
BTKP1,0030,1.0519019232e+01,Reed07_FOF,8.0786234682e+00,3.3619819889e+01,6.2815442117e-02,3.5856739836e+01,9.3761507717e-01,-6.2384922826e-02,1.7518447691e-03,1.7518447691e-03,/oss06/data/project/tkcastrosim/HNHuang/project_big_sim/analysis/_used_by_article_nonlinear_evolution_pps/HALOMASS/output/fof_reed07_highz_cache/BT_soft_snap0030_fof_reed07_input.npz
BTKP1,0030,1.0519019232e+01,Reed07_FOF,8.2467331688e+00,2.2027474642e+01,5.0845331664e-02,2.3685343624e+01,9.3000443615e-01,-6.9995563850e-02,2.1467001903e-03,2.1467001903e-03,/oss06/data/project/tkcastrosim/HNHuang/project_big_sim/analysis/_used_by_article_nonlinear_evolution_pps/HALOMASS/output/fof_reed07_highz_cache/BT_soft_snap0030_fof_reed07_input.npz
BTKP1,0030,1.0519019232e+01,Reed07_FOF,8.4135368223e+00,1.4927262938e+01,4.1856105890e-02,1.5505890964e+01,9.6268334223e-01,-3.7316657768e-02,2.6993680006e-03,2.6993680006e-03,/oss06/data/project/tkcastrosim/HNHuang/project_big_sim/analysis/_used_by_article_nonlinear_evolution_pps/HALOMASS/output/fof_reed07_highz_cache/BT_soft_snap0030_fof_reed07_input.npz
BTKP1,0030,1.0519019232e+01,Reed07_FOF,8.5802861862e+00,9.5800102571e+00,3.3531402332e-02,1.0012970327e+01,9.5676007665e-01,-4.3239923350e-02,3.3487967345e-03,3.3487967345e-03,/oss06/data/project/tkcastrosim/HNHuang/project_big_sim/analysis/_used_by_article_nonlinear_evolution_pps/HALOMASS/output/fof_reed07_highz_cache/BT_soft_snap0030_fof_reed07_input.npz
BTKP1,0030,1.0519019232e+01,Reed07_FOF,8.7462352575e+00,6.2391069668e+00,2.7060134155e-02,6.3659222095e+00,9.8007904612e-01,-1.9920953878e-02,4.2507798971e-03,4.2507798971e-03,/oss06/data/project/tkcastrosim/HNHuang/project_big_sim/analysis/_used_by_article_nonlinear_evolution_pps/HALOMASS/output/fof_reed07_highz_cache/BT_soft_snap0030_fof_reed07_input.npz
BTKP1,0030,1.0519019232e+01,Reed07_FOF,8.9129604524e+00,3.9186896635e+00,2.1445647600e-02,3.9601876495e+00,9.8952120716e-01,-1.0478792842e-02,5.4153109645e-03,5.4153109645e-03,/oss06/data/project/tkcastrosim/HNHuang/project_big_sim/analysis/_used_by_article_nonlinear_evolution_pps/HALOMASS/output/fof_reed07_highz_cache/BT_soft_snap0030_fof_reed07_input.npz
BTKP1,0030,1.0519019232e+01,Reed07_FOF,9.0791536893e+00,2.4168910791e+00,1.6842139840e-02,2.4147819861e+00,1.0008734093e+00,8.7340930548e-04,6.9746005795e-03,6.9746005795e-03,/oss06/data/project/tkcastrosim/HNHuang/project_big_sim/analysis/_used_by_article_nonlinear_evolution_pps/HALOMASS/output/fof_reed07_highz_cache/BT_soft_snap0030_fof_reed07_input.npz
BTKP1,0030,1.0519019232e+01,Reed07_FOF,9.2452614293e+00,1.4776214581e+00,1.3168925000e-02,1.4341081297e+00,1.0303417347e+00,3.0341734660e-02,9.1826583553e-03,9.1826583553e-03,/oss06/data/project/tkcastrosim/HNHuang/project_big_sim/analysis/_used_by_article_nonlinear_evolution_pps/HALOMASS/output/fof_reed07_highz_cache/BT_soft_snap0030_fof_reed07_input.npz
BTKP1,0030,1.0519019232e+01,Reed07_FOF,9.4117492813e+00,8.8798125114e-01,1.0208704376e-02,8.2719317232e-01,1.0734871622e+00,7.3487162191e-02,1.2341378916e-02,1.2341378916e-02,/oss06/data/project/tkcastrosim/HNHuang/project_big_sim/analysis/_used_by_article_nonlinear_evolution_pps/HALOMASS/output/fof_reed07_highz_cache/BT_soft_snap0030_fof_reed07_input.npz
BTKP1,0030,1.0519019232e+01,Reed07_FOF,9.5787614756e+00,5.0138195941e-01,7.6710194026e-03,4.6203459473e-01,1.0851610791e+00,8.5161079123e-02,1.6602694885e-02,1.6602694885e-02,/oss06/data/project/tkcastrosim/HNHuang/project_big_sim/analysis/_used_by_article_nonlinear_evolution_pps/HALOMASS/output/fof_reed07_highz_cache/BT_soft_snap0030_fof_reed07_input.npz
BTKP1,0030,1.0519019232e+01,Reed07_FOF,9.7442443510e+00,2.7275554159e-01,5.6579033062e-03,2.4976714937e-01,1.0920392945e+00,9.2039294478e-02,2.2652712017e-02,2.2652712017e-02,/oss06/data/project/tkcastrosim/HNHuang/project_big_sim/analysis/_used_by_article_nonlinear_evolution_pps/HALOMASS/output/fof_reed07_highz_cache/BT_soft_snap0030_fof_reed07_input.npz
BTKP1,0030,1.0519019232e+01,Reed07_FOF,9.9099377161e+00,1.4635376952e-01,4.1444860860e-03,1.2903863486e-01,1.1341856621e+00,1.3418566209e-01,3.2118179880e-02,3.2118179880e-02,/oss06/data/project/tkcastrosim/HNHuang/project_big_sim/analysis/_used_by_article_nonlinear_evolution_pps/HALOMASS/output/fof_reed07_highz_cache/BT_soft_snap0030_fof_reed07_input.npz
BTKP1,0030,1.0519019232e+01,Reed07_FOF,1.0077069531e+01,7.1592461432e-02,2.8986940343e-03,6.2727002457e-02,1.1413340129e+00,1.4133401292e-01,4.6211263424e-02,4.6211263424e-02,/oss06/data/project/tkcastrosim/HNHuang/project_big_sim/analysis/_used_by_article_nonlinear_evolution_pps/HALOMASS/output/fof_reed07_highz_cache/BT_soft_snap0030_fof_reed07_input.npz
BTKP1,0030,1.0519019232e+01,Reed07_FOF,1.0236959319e+01,3.2510019372e-02,1.9533377521e-03,2.9245165723e-02,1.1116373790e+00,1.1163737897e-01,6.6791816829e-02,6.6791816829e-02,/oss06/data/project/tkcastrosim/HNHuang/project_big_sim/analysis/_used_by_article_nonlinear_evolution_pps/HALOMASS/output/fof_reed07_highz_cache/BT_soft_snap0030_fof_reed07_input.npz
BTKP1,0030,1.0519019232e+01,Reed07_FOF,1.0410891646e+01,1.5844233268e-02,1.3636544795e-03,1.1631726181e-02,1.3621566585e+00,3.6215665852e-01,1.1723577896e-01,1.1723577896e-01,/oss06/data/project/tkcastrosim/HNHuang/project_big_sim/analysis/_used_by_article_nonlinear_evolution_pps/HALOMASS/output/fof_reed07_highz_cache/BT_soft_snap0030_fof_reed07_input.npz
BTKP1,0030,1.0519019232e+01,Reed07_FOF,1.0571371985e+01,6.1029639254e-03,8.4632882174e-04,4.5083476566e-03,1.3537030394e+00,3.5370303939e-01,1.8772483539e-01,1.8772483539e-01,/oss06/data/project/tkcastrosim/HNHuang/project_big_sim/analysis/_used_by_article_nonlinear_evolution_pps/HALOMASS/output/fof_reed07_highz_cache/BT_soft_snap0030_fof_reed07_input.npz
BTKP1,0030,1.0519019232e+01,Reed07_FOF,1.0744374187e+01,2.9341172718e-03,5.8682345436e-04,1.4193940215e-03,2.0671619208e+00,1.0671619208e+00,4.1343238415e-01,4.1343238415e-01,/oss06/data/project/tkcastrosim/HNHuang/project_big_sim/analysis/_used_by_article_nonlinear_evolution_pps/HALOMASS/output/fof_reed07_highz_cache/BT_soft_snap0030_fof_reed07_input.npz
BTKP1,0030,1.0519019232e+01,Reed07_FOF,1.0918990694e+01,8.2155283611e-04,3.1051778475e-04,3.8492168922e-04,2.1343376045e+00,1.1343376045e+00,8.0670378792e-01,8.0670378792e-01,/oss06/data/project/tkcastrosim/HNHuang/project_big_sim/analysis/_used_by_article_nonlinear_evolution_pps/HALOMASS/output/fof_reed07_highz_cache/BT_soft_snap0030_fof_reed07_input.npz
BTKP1,0030,1.0519019232e+01,Reed07_FOF,1.1058422926e+01,2.3472938174e-04,1.6597873758e-04,1.2248736891e-04,1.9163558156e+00,9.1635581559e-01,1.3550681924e+00,1.3550681924e+00,/oss06/data/project/tkcastrosim/HNHuang/project_big_sim/analysis/_used_by_article_nonlinear_evolution_pps/HALOMASS/output/fof_reed07_highz_cache/BT_soft_snap0030_fof_reed07_input.npz
BTKP1,0027,1.4331814598e+01,Reed07_FOF,8.0777941645e+00,2.5637612533e+01,5.4853901134e-02,2.6257012424e+01,9.7641011549e-01,-2.3589884513e-02,2.0891143383e-03,2.0891143383e-03,/oss06/data/project/tkcastrosim/HNHuang/project_big_sim/analysis/_used_by_article_nonlinear_evolution_pps/HALOMASS/output/fof_reed07_highz_cache/BT_soft_snap0027_fof_reed07_input.npz
BTKP1,0027,1.4331814598e+01,Reed07_FOF,8.2456484427e+00,1.5825454917e+01,4.3096979294e-02,1.6070259755e+01,9.8476659112e-01,-1.5233408881e-02,2.6817848592e-03,2.6817848592e-03,/oss06/data/project/tkcastrosim/HNHuang/project_big_sim/analysis/_used_by_article_nonlinear_evolution_pps/HALOMASS/output/fof_reed07_highz_cache/BT_soft_snap0027_fof_reed07_input.npz
BTKP1,0027,1.4331814598e+01,Reed07_FOF,8.4124018756e+00,9.9713041365e+00,3.4209341233e-02,9.6529793420e+00,1.0329768441e+00,3.2976844061e-02,3.5439153054e-03,3.5439153054e-03,/oss06/data/project/tkcastrosim/HNHuang/project_big_sim/analysis/_used_by_article_nonlinear_evolution_pps/HALOMASS/output/fof_reed07_highz_cache/BT_soft_snap0027_fof_reed07_input.npz
BTKP1,0027,1.4331814598e+01,Reed07_FOF,8.5791393811e+00,5.8885386351e+00,2.6288904819e-02,5.6639915149e+00,1.0396446781e+00,3.9644678071e-02,4.6414096402e-03,4.6414096402e-03,/oss06/data/project/tkcastrosim/HNHuang/project_big_sim/analysis/_used_by_article_nonlinear_evolution_pps/HALOMASS/output/fof_reed07_highz_cache/BT_soft_snap0027_fof_reed07_input.npz
BTKP1,0027,1.4331814598e+01,Reed07_FOF,8.7453054758e+00,3.4967635998e+00,2.0258247184e-02,3.2364084577e+00,1.0804456995e+00,8.0445699479e-02,6.2594840696e-03,6.2594840696e-03,/oss06/data/project/tkcastrosim/HNHuang/project_big_sim/analysis/_used_by_article_nonlinear_evolution_pps/HALOMASS/output/fof_reed07_highz_cache/BT_soft_snap0027_fof_reed07_input.npz
BTKP1,0027,1.4331814598e+01,Reed07_FOF,8.9117676505e+00,1.9937913685e+00,1.5297081670e-02,1.7927024772e+00,1.1121708113e+00,1.1217081133e-01,8.5329729082e-03,8.5329729082e-03,/oss06/data/project/tkcastrosim/HNHuang/project_big_sim/analysis/_used_by_article_nonlinear_evolution_pps/HALOMASS/output/fof_reed07_highz_cache/BT_soft_snap0027_fof_reed07_input.npz
BTKP1,0027,1.4331814598e+01,Reed07_FOF,9.0775951409e+00,1.1002939769e+00,1.1363787330e-02,9.6226665321e-01,1.1434397869e+00,1.4343978694e-01,1.1809395339e-02,1.1809395339e-02,/oss06/data/project/tkcastrosim/HNHuang/project_big_sim/analysis/_used_by_article_nonlinear_evolution_pps/HALOMASS/output/fof_reed07_highz_cache/BT_soft_snap0027_fof_reed07_input.npz
BTKP1,0027,1.4331814598e+01,Reed07_FOF,9.2431711108e+00,5.6205950459e-01,8.1219418865e-03,4.9380324409e-01,1.1382256219e+00,1.3822562188e-01,1.6447728896e-02,1.6447728896e-02,/oss06/data/project/tkcastrosim/HNHuang/project_big_sim/analysis/_used_by_article_nonlinear_evolution_pps/HALOMASS/output/fof_reed07_highz_cache/BT_soft_snap0027_fof_reed07_input.npz
BTKP1,0027,1.4331814598e+01,Reed07_FOF,9.4092087953e+00,2.8695666918e-01,5.8033249756e-03,2.3941803121e-01,1.1985591383e+00,1.9855913832e-01,2.4239297877e-02,2.4239297877e-02,/oss06/data/project/tkcastrosim/HNHuang/project_big_sim/analysis/_used_by_article_nonlinear_evolution_pps/HALOMASS/output/fof_reed07_highz_cache/BT_soft_snap0027_fof_reed07_input.npz
BTKP1,0027,1.4331814598e+01,Reed07_FOF,9.5740858672e+00,1.3144845378e-01,3.9277738152e-03,1.0918497415e-01,1.2039060759e+00,2.0390607595e-01,3.5973574623e-02,3.5973574623e-02,/oss06/data/project/tkcastrosim/HNHuang/project_big_sim/analysis/_used_by_article_nonlinear_evolution_pps/HALOMASS/output/fof_reed07_highz_cache/BT_soft_snap0027_fof_reed07_input.npz
BTKP1,0027,1.4331814598e+01,Reed07_FOF,9.7428121494e+00,6.0560180490e-02,2.6660132900e-03,4.4419308934e-02,1.3633751165e+00,3.6337511646e-01,6.0019242847e-02,6.0019242847e-02,/oss06/data/project/tkcastrosim/HNHuang/project_big_sim/analysis/_used_by_article_nonlinear_evolution_pps/HALOMASS/output/fof_reed07_highz_cache/BT_soft_snap0027_fof_reed07_input.npz
BTKP1,0027,1.4331814598e+01,Reed07_FOF,9.9056241095e+00,2.2064561884e-02,1.6092235658e-03,1.6853805834e-02,1.3091738508e+00,3.0917385081e-01,9.5481316309e-02,9.5481316309e-02,/oss06/data/project/tkcastrosim/HNHuang/project_big_sim/analysis/_used_by_article_nonlinear_evolution_pps/HALOMASS/output/fof_reed07_highz_cache/BT_soft_snap0027_fof_reed07_input.npz
BTKP1,0027,1.4331814598e+01,Reed07_FOF,1.0078401989e+01,8.8023518154e-03,1.0164080380e-03,5.3315122547e-03,1.6510047047e+00,6.5100470466e-01,1.9064160213e-01,1.9064160213e-01,/oss06/data/project/tkcastrosim/HNHuang/project_big_sim/analysis/_used_by_article_nonlinear_evolution_pps/HALOMASS/output/fof_reed07_highz_cache/BT_soft_snap0027_fof_reed07_input.npz
BTKP1,0027,1.4331814598e+01,Reed07_FOF,1.0226977976e+01,2.9341172718e-03,5.8682345436e-04,1.7552400590e-03,1.6716330378e+00,6.7163303778e-01,3.3432660756e-01,3.3432660756e-01,/oss06/data/project/tkcastrosim/HNHuang/project_big_sim/analysis/_used_by_article_nonlinear_evolution_pps/HALOMASS/output/fof_reed07_highz_cache/BT_soft_snap0027_fof_reed07_input.npz
BTKP1,0027,1.4331814598e+01,Reed07_FOF,1.0415646248e+01,5.8682345436e-04,2.6243542695e-04,3.6599854010e-04,1.6033491669e+00,6.0334916693e-01,7.1703954579e-01,7.1703954579e-01,/oss06/data/project/tkcastrosim/HNHuang/project_big_sim/analysis/_used_by_article_nonlinear_evolution_pps/HALOMASS/output/fof_reed07_highz_cache/BT_soft_snap0027_fof_reed07_input.npz
BTKP1,0027,1.4331814598e+01,Reed07_FOF,1.0572458589e+01,4.6945876349e-04,2.3472938174e-04,8.6315583457e-05,5.4388645096e+00,4.4388645096e+00,2.7194322548e+00,2.7194322548e+00,/oss06/data/project/tkcastrosim/HNHuang/project_big_sim/analysis/_used_by_article_nonlinear_evolution_pps/HALOMASS/output/fof_reed07_highz_cache/BT_soft_snap0027_fof_reed07_input.npz
BTKP1,0027,1.4331814598e+01,Reed07_FOF,1.0677348255e+01,1.1736469087e-04,1.1736469087e-04,3.0087159377e-05,3.9008232516e+00,2.9008232516e+00,3.9008232516e+00,3.9008232516e+00,/oss06/data/project/tkcastrosim/HNHuang/project_big_sim/analysis/_used_by_article_nonlinear_evolution_pps/HALOMASS/output/fof_reed07_highz_cache/BT_soft_snap0027_fof_reed07_input.npz
BTKP1,0024,1.9406645230e+01,Reed07_FOF,8.0762712158e+00,1.2944738580e+01,3.8977624887e-02,1.2223554422e+01,1.0589995457e+00,5.8999545662e-02,3.1887308339e-03,3.1887308339e-03,/oss06/data/project/tkcastrosim/HNHuang/project_big_sim/analysis/_used_by_article_nonlinear_evolution_pps/HALOMASS/output/fof_reed07_highz_cache/BT_soft_snap0024_fof_reed07_input.npz
BTKP1,0024,1.9406645230e+01,Reed07_FOF,8.2439869783e+00,7.0993901509e+00,2.8865511089e-02,6.6299769262e+00,1.0708016378e+00,7.0801637751e-02,4.3537875637e-03,4.3537875637e-03,/oss06/data/project/tkcastrosim/HNHuang/project_big_sim/analysis/_used_by_article_nonlinear_evolution_pps/HALOMASS/output/fof_reed07_highz_cache/BT_soft_snap0024_fof_reed07_input.npz
BTKP1,0024,1.9406645230e+01,Reed07_FOF,8.4103209611e+00,3.9556595412e+00,2.1546571868e-02,3.4845830256e+00,1.1351887764e+00,1.3518877641e-01,6.1834003406e-03,6.1834003406e-03,/oss06/data/project/tkcastrosim/HNHuang/project_big_sim/analysis/_used_by_article_nonlinear_evolution_pps/HALOMASS/output/fof_reed07_highz_cache/BT_soft_snap0024_fof_reed07_input.npz
BTKP1,0024,1.9406645230e+01,Reed07_FOF,8.5766439905e+00,1.9887446868e+00,1.5277709429e-02,1.7529096670e+00,1.1345391746e+00,1.3453917463e-01,8.7156284869e-03,8.7156284869e-03,/oss06/data/project/tkcastrosim/HNHuang/project_big_sim/analysis/_used_by_article_nonlinear_evolution_pps/HALOMASS/output/fof_reed07_highz_cache/BT_soft_snap0024_fof_reed07_input.npz
BTKP1,0024,1.9406645230e+01,Reed07_FOF,8.7425940008e+00,1.0013555425e+00,1.0840838699e-02,8.3041933003e-01,1.2058432485e+00,2.0584324848e-01,1.3054656012e-02,1.3054656012e-02,/oss06/data/project/tkcastrosim/HNHuang/project_big_sim/analysis/_used_by_article_nonlinear_evolution_pps/HALOMASS/output/fof_reed07_highz_cache/BT_soft_snap0024_fof_reed07_input.npz
BTKP1,0024,1.9406645230e+01,Reed07_FOF,8.9096244188e+00,4.6851984596e-01,7.4153682908e-03,3.6441519327e-01,1.2856759395e+00,2.8567593947e-01,2.0348680373e-02,2.0348680373e-02,/oss06/data/project/tkcastrosim/HNHuang/project_big_sim/analysis/_used_by_article_nonlinear_evolution_pps/HALOMASS/output/fof_reed07_highz_cache/BT_soft_snap0024_fof_reed07_input.npz
BTKP1,0024,1.9406645230e+01,Reed07_FOF,9.0738065899e+00,1.9435592808e-01,4.7760363712e-03,1.4956290716e-01,1.2994928474e+00,2.9949284738e-01,3.1933294571e-02,3.1933294571e-02,/oss06/data/project/tkcastrosim/HNHuang/project_big_sim/analysis/_used_by_article_nonlinear_evolution_pps/HALOMASS/output/fof_reed07_highz_cache/BT_soft_snap0024_fof_reed07_input.npz
BTKP1,0024,1.9406645230e+01,Reed07_FOF,9.2391906188e+00,7.9338531030e-02,3.0514819627e-03,5.4825456581e-02,1.4471111775e+00,4.4711117750e-01,5.5658122212e-02,5.5658122212e-02,/oss06/data/project/tkcastrosim/HNHuang/project_big_sim/analysis/_used_by_article_nonlinear_evolution_pps/HALOMASS/output/fof_reed07_highz_cache/BT_soft_snap0024_fof_reed07_input.npz
BTKP1,0024,1.9406645230e+01,Reed07_FOF,9.4041021562e+00,3.1336372463e-02,1.9177548506e-03,1.8101212044e-02,1.7311753703e+00,7.3117537033e-01,1.0594621211e-01,1.0594621211e-01,/oss06/data/project/tkcastrosim/HNHuang/project_big_sim/analysis/_used_by_article_nonlinear_evolution_pps/HALOMASS/output/fof_reed07_highz_cache/BT_soft_snap0024_fof_reed07_input.npz
BTKP1,0024,1.9406645230e+01,Reed07_FOF,9.5696896761e+00,7.7460695976e-03,9.5347525599e-04,5.2891931635e-03,1.4645087366e+00,4.6450873662e-01,1.8026856394e-01,1.8026856394e-01,/oss06/data/project/tkcastrosim/HNHuang/project_big_sim/analysis/_used_by_article_nonlinear_evolution_pps/HALOMASS/output/fof_reed07_highz_cache/BT_soft_snap0024_fof_reed07_input.npz
BTKP1,0024,1.9406645230e+01,Reed07_FOF,9.7302829184e+00,2.9341172718e-03,5.8682345436e-04,1.3958329137e-03,2.1020547968e+00,1.1020547968e+00,4.2041095936e-01,4.2041095936e-01,/oss06/data/project/tkcastrosim/HNHuang/project_big_sim/analysis/_used_by_article_nonlinear_evolution_pps/HALOMASS/output/fof_reed07_highz_cache/BT_soft_snap0024_fof_reed07_input.npz
BTKP1,0024,1.9406645230e+01,Reed07_FOF,9.8978460012e+00,7.0418814523e-04,2.8748360646e-04,3.0111085842e-04,2.3386341792e+00,1.3386341792e+00,9.5474340569e-01,9.5474340569e-01,/oss06/data/project/tkcastrosim/HNHuang/project_big_sim/analysis/_used_by_article_nonlinear_evolution_pps/HALOMASS/output/fof_reed07_highz_cache/BT_soft_snap0024_fof_reed07_input.npz
BTKP1,0024,1.9406645230e+01,Reed07_FOF,1.0068076377e+01,3.5209407262e-04,2.0328160761e-04,5.3265255761e-05,6.6102014829e+00,5.6102014829e+00,3.8164016055e+00,3.8164016055e+00,/oss06/data/project/tkcastrosim/HNHuang/project_big_sim/analysis/_used_by_article_nonlinear_evolution_pps/HALOMASS/output/fof_reed07_highz_cache/BT_soft_snap0024_fof_reed07_input.npz
BTKP10,0056,-2.2204460493e-16,Reed07_FOF,8.0790769940e+00,1.9407777377e+01,4.7726175128e-02,1.7012996657e+01,1.1407618404e+00,1.4076184035e-01,2.8052774058e-03,2.8052774058e-03,/oss06/data/project/tkcastrosim/HNHuang/project_big_sim/analysis/_used_by_article_nonlinear_evolution_pps/HALOMASS/output/fof_reed07_highz_cache/BT_deep_snap0056_fof_reed07_input.npz
BTKP10,0056,-2.2204460493e-16,Reed07_FOF,8.2471353472e+00,1.3190148148e+01,3.9345363895e-02,1.1721462581e+01,1.1252988317e+00,1.2529883171e-01,3.3566940663e-03,3.3566940663e-03,/oss06/data/project/tkcastrosim/HNHuang/project_big_sim/analysis/_used_by_article_nonlinear_evolution_pps/HALOMASS/output/fof_reed07_highz_cache/BT_deep_snap0056_fof_reed07_input.npz
BTKP10,0056,-2.2204460493e-16,Reed07_FOF,8.4139545508e+00,9.2502154758e+00,3.2949183295e-02,8.0973188289e+00,1.1423800484e+00,1.4238004841e-01,4.0691473303e-03,4.0691473303e-03,/oss06/data/project/tkcastrosim/HNHuang/project_big_sim/analysis/_used_by_article_nonlinear_evolution_pps/HALOMASS/output/fof_reed07_highz_cache/BT_deep_snap0056_fof_reed07_input.npz
BTKP10,0056,-2.2204460493e-16,Reed07_FOF,8.5811428872e+00,6.2885175016e+00,2.7167074053e-02,5.5887051375e+00,1.1252190529e+00,1.2521905289e-01,4.8610677045e-03,4.8610677045e-03,/oss06/data/project/tkcastrosim/HNHuang/project_big_sim/analysis/_used_by_article_nonlinear_evolution_pps/HALOMASS/output/fof_reed07_highz_cache/BT_deep_snap0056_fof_reed07_input.npz
BTKP10,0056,-2.2204460493e-16,Reed07_FOF,8.7470931617e+00,4.4483565134e+00,2.2849069720e-02,3.8675528427e+00,1.1501734286e+00,1.5017342861e-01,5.9078881788e-03,5.9078881788e-03,/oss06/data/project/tkcastrosim/HNHuang/project_big_sim/analysis/_used_by_article_nonlinear_evolution_pps/HALOMASS/output/fof_reed07_highz_cache/BT_deep_snap0056_fof_reed07_input.npz
BTKP10,0056,-2.2204460493e-16,Reed07_FOF,8.9141483782e+00,3.0149815438e+00,1.8810964273e-02,2.6696868296e+00,1.1293390335e+00,1.2933903346e-01,7.0461314279e-03,7.0461314279e-03,/oss06/data/project/tkcastrosim/HNHuang/project_big_sim/analysis/_used_by_article_nonlinear_evolution_pps/HALOMASS/output/fof_reed07_highz_cache/BT_deep_snap0056_fof_reed07_input.npz
BTKP10,0056,-2.2204460493e-16,Reed07_FOF,9.0806008302e+00,2.0755945581e+00,1.5607738904e-02,1.8451393504e+00,1.1248985382e+00,1.2489853821e-01,8.4588401955e-03,8.4588401955e-03,/oss06/data/project/tkcastrosim/HNHuang/project_big_sim/analysis/_used_by_article_nonlinear_evolution_pps/HALOMASS/output/fof_reed07_highz_cache/BT_deep_snap0056_fof_reed07_input.npz
BTKP10,0056,-2.2204460493e-16,Reed07_FOF,9.2472440215e+00,1.4048553497e+00,1.2840576850e-02,1.2745996473e+00,1.1021934242e+00,1.0219342419e-01,1.0074203988e-02,1.0074203988e-02,/oss06/data/project/tkcastrosim/HNHuang/project_big_sim/analysis/_used_by_article_nonlinear_evolution_pps/HALOMASS/output/fof_reed07_highz_cache/BT_deep_snap0056_fof_reed07_input.npz
BTKP10,0056,-2.2204460493e-16,Reed07_FOF,9.4142583759e+00,9.4513785559e-01,1.0532132370e-02,8.7967249575e-01,1.0744201509e+00,7.4420150867e-02,1.1972788078e-02,1.1972788078e-02,/oss06/data/project/tkcastrosim/HNHuang/project_big_sim/analysis/_used_by_article_nonlinear_evolution_pps/HALOMASS/output/fof_reed07_highz_cache/BT_deep_snap0056_fof_reed07_input.npz
BTKP10,0056,-2.2204460493e-16,Reed07_FOF,9.5802456965e+00,6.5407342223e-01,8.7615709212e-03,6.0844255611e-01,1.0749961778e+00,7.4996177802e-02,1.4399996899e-02,1.4399996899e-02,/oss06/data/project/tkcastrosim/HNHuang/project_big_sim/analysis/_used_by_article_nonlinear_evolution_pps/HALOMASS/output/fof_reed07_highz_cache/BT_deep_snap0056_fof_reed07_input.npz
BTKP10,0056,-2.2204460493e-16,Reed07_FOF,9.7466037138e+00,4.5220615393e-01,7.2851242588e-03,4.2047741640e-01,1.0754588387e+00,7.5458838667e-02,1.7325839569e-02,1.7325839569e-02,/oss06/data/project/tkcastrosim/HNHuang/project_big_sim/analysis/_used_by_article_nonlinear_evolution_pps/HALOMASS/output/fof_reed07_highz_cache/BT_deep_snap0056_fof_reed07_input.npz
BTKP10,0056,-2.2204460493e-16,Reed07_FOF,9.9129630675e+00,3.0456137281e-01,5.9786914431e-03,2.9118792793e-01,1.0459271955e+00,4.5927195462e-02,2.0532071798e-02,2.0532071798e-02,/oss06/data/project/tkcastrosim/HNHuang/project_big_sim/analysis/_used_by_article_nonlinear_evolution_pps/HALOMASS/output/fof_reed07_highz_cache/BT_deep_snap0056_fof_reed07_input.npz
BTKP10,0056,-2.2204460493e-16,Reed07_FOF,1.0079531245e+01,2.0996543197e-01,4.9641240936e-03,2.0228691435e-01,1.0379585483e+00,3.7958548346e-02,2.4540015895e-02,2.4540015895e-02,/oss06/data/project/tkcastrosim/HNHuang/project_big_sim/analysis/_used_by_article_nonlinear_evolution_pps/HALOMASS/output/fof_reed07_highz_cache/BT_deep_snap0056_fof_reed07_input.npz
BTKP10,0056,-2.2204460493e-16,Reed07_FOF,1.0246233007e+01,1.4611904014e-01,4.1411611869e-03,1.4106689246e-01,1.0358138440e+00,3.5813843979e-02,2.9356010576e-02,2.9356010576e-02,/oss06/data/project/tkcastrosim/HNHuang/project_big_sim/analysis/_used_by_article_nonlinear_evolution_pps/HALOMASS/output/fof_reed07_highz_cache/BT_deep_snap0056_fof_reed07_input.npz
BTKP10,0056,-2.2204460493e-16,Reed07_FOF,1.0414180245e+01,1.0339829266e-01,3.4835769913e-03,9.8497685331e-02,1.0497535278e+00,4.9753527817e-02,3.5367094969e-02,3.5367094969e-02,/oss06/data/project/tkcastrosim/HNHuang/project_big_sim/analysis/_used_by_article_nonlinear_evolution_pps/HALOMASS/output/fof_reed07_highz_cache/BT_deep_snap0056_fof_reed07_input.npz
BTKP10,0056,-2.2204460493e-16,Reed07_FOF,1.0583144608e+01,6.9949355760e-02,2.8652372529e-03,6.8890805051e-02,1.0153656313e+00,1.5365631276e-02,4.1590996807e-02,4.1590996807e-02,/oss06/data/project/tkcastrosim/HNHuang/project_big_sim/analysis/_used_by_article_nonlinear_evolution_pps/HALOMASS/output/fof_reed07_highz_cache/BT_deep_snap0056_fof_reed07_input.npz
BTKP10,0056,-2.2204460493e-16,Reed07_FOF,1.0743714479e+01,5.1875193366e-02,2.4674513234e-03,4.9233487722e-02,1.0536566830e+00,5.3656682988e-02,5.0117337559e-02,5.0117337559e-02,/oss06/data/project/tkcastrosim/HNHuang/project_big_sim/analysis/_used_by_article_nonlinear_evolution_pps/HALOMASS/output/fof_reed07_highz_cache/BT_deep_snap0056_fof_reed07_input.npz
BTKP10,0056,-2.2204460493e-16,Reed07_FOF,1.0911181344e+01,3.4270489735e-02,2.0055287168e-03,3.4805730246e-02,9.8462205769e-01,-1.5377942308e-02,5.7620647593e-02,5.7620647593e-02,/oss06/data/project/tkcastrosim/HNHuang/project_big_sim/analysis/_used_by_article_nonlinear_evolution_pps/HALOMASS/output/fof_reed07_highz_cache/BT_deep_snap0056_fof_reed07_input.npz
BTKP10,0056,-2.2204460493e-16,Reed07_FOF,1.1081646110e+01,2.7932796428e-02,1.8106142654e-03,2.4539481947e-02,1.1382797929e+00,1.3827979286e-01,7.3783720017e-02,7.3783720017e-02,/oss06/data/project/tkcastrosim/HNHuang/project_big_sim/analysis/_used_by_article_nonlinear_evolution_pps/HALOMASS/output/fof_reed07_highz_cache/BT_deep_snap0056_fof_reed07_input.npz
BTKP10,0056,-2.2204460493e-16,Reed07_FOF,1.1243002358e+01,1.7487338940e-02,1.4326186265e-03,1.7685440800e-02,9.8879859074e-01,-1.1201409257e-02,8.1005536850e-02,8.1005536850e-02,/oss06/data/project/tkcastrosim/HNHuang/project_big_sim/analysis/_used_by_article_nonlinear_evolution_pps/HALOMASS/output/fof_reed07_highz_cache/BT_deep_snap0056_fof_reed07_input.npz
BTKP10,0056,-2.2204460493e-16,Reed07_FOF,1.1416792720e+01,1.1736469087e-02,1.1736469087e-03,1.2466093587e-02,9.4147128012e-01,-5.8528719884e-02,9.4147128012e-02,9.4147128012e-02,/oss06/data/project/tkcastrosim/HNHuang/project_big_sim/analysis/_used_by_article_nonlinear_evolution_pps/HALOMASS/output/fof_reed07_highz_cache/BT_deep_snap0056_fof_reed07_input.npz
BTKP10,0056,-2.2204460493e-16,Reed07_FOF,1.1580853100e+01,8.2155283611e-03,9.8194345379e-04,8.9836686424e-03,9.1449592456e-01,-8.5504075443e-02,1.0930316921e-01,1.0930316921e-01,/oss06/data/project/tkcastrosim/HNHuang/project_big_sim/analysis/_used_by_article_nonlinear_evolution_pps/HALOMASS/output/fof_reed07_highz_cache/BT_deep_snap0056_fof_reed07_input.npz
BTKP10,0056,-2.2204460493e-16,Reed07_FOF,1.1738947654e+01,6.6897873797e-03,8.8608398463e-04,6.5659030923e-03,1.0188678215e+00,1.8867821480e-02,1.3495233971e-01,1.3495233971e-01,/oss06/data/project/tkcastrosim/HNHuang/project_big_sim/analysis/_used_by_article_nonlinear_evolution_pps/HALOMASS/output/fof_reed07_highz_cache/BT_deep_snap0056_fof_reed07_input.npz
BTKP10,0056,-2.2204460493e-16,Reed07_FOF,1.1920506614e+01,5.9855992345e-03,8.3815153990e-04,4.5830137325e-03,1.3060399955e+00,3.0603999548e-01,1.8288217946e-01,1.8288217946e-01,/oss06/data/project/tkcastrosim/HNHuang/project_big_sim/analysis/_used_by_article_nonlinear_evolution_pps/HALOMASS/output/fof_reed07_highz_cache/BT_deep_snap0056_fof_reed07_input.npz
BTKP10,0056,-2.2204460493e-16,Reed07_FOF,1.2071698237e+01,3.0514819627e-03,5.9844484896e-04,3.3950069075e-03,8.9881465512e-01,-1.0118534488e-01,1.7627205637e-01,1.7627205637e-01,/oss06/data/project/tkcastrosim/HNHuang/project_big_sim/analysis/_used_by_article_nonlinear_evolution_pps/HALOMASS/output/fof_reed07_highz_cache/BT_deep_snap0056_fof_reed07_input.npz
BTKP10,0056,-2.2204460493e-16,Reed07_FOF,1.2235729951e+01,2.5820231992e-03,5.5048919571e-04,2.4488142767e-03,1.0543973154e+00,5.4397315386e-02,2.2479826296e-01,2.2479826296e-01,/oss06/data/project/tkcastrosim/HNHuang/project_big_sim/analysis/_used_by_article_nonlinear_evolution_pps/HALOMASS/output/fof_reed07_highz_cache/BT_deep_snap0056_fof_reed07_input.npz
BTKP10,0056,-2.2204460493e-16,Reed07_FOF,1.2397759218e+01,1.2910115996e-03,3.8925464326e-04,1.7708769953e-03,7.2902386954e-01,-2.7097613046e-01,2.1980896714e-01,2.1980896714e-01,/oss06/data/project/tkcastrosim/HNHuang/project_big_sim/analysis/_used_by_article_nonlinear_evolution_pps/HALOMASS/output/fof_reed07_highz_cache/BT_deep_snap0056_fof_reed07_input.npz
BTKP10,0056,-2.2204460493e-16,Reed07_FOF,1.2571396344e+01,1.1736469087e-03,3.7113974004e-04,1.2485923132e-03,9.3997608050e-01,-6.0023919495e-02,2.9724653605e-01,2.9724653605e-01,/oss06/data/project/tkcastrosim/HNHuang/project_big_sim/analysis/_used_by_article_nonlinear_evolution_pps/HALOMASS/output/fof_reed07_highz_cache/BT_deep_snap0056_fof_reed07_input.npz
BTKP10,0056,-2.2204460493e-16,Reed07_FOF,1.2752698091e+01,1.0562822179e-03,3.5209407262e-04,8.6385196731e-04,1.2227583635e+00,2.2275836349e-01,4.0758612116e-01,4.0758612116e-01,/oss06/data/project/tkcastrosim/HNHuang/project_big_sim/analysis/_used_by_article_nonlinear_evolution_pps/HALOMASS/output/fof_reed07_highz_cache/BT_deep_snap0056_fof_reed07_input.npz
BTKP10,0056,-2.2204460493e-16,Reed07_FOF,1.2923352955e+01,7.0418814523e-04,2.8748360646e-04,6.0814159646e-04,1.1579345161e+00,1.5793451613e-01,4.7272478668e-01,4.7272478668e-01,/oss06/data/project/tkcastrosim/HNHuang/project_big_sim/analysis/_used_by_article_nonlinear_evolution_pps/HALOMASS/output/fof_reed07_highz_cache/BT_deep_snap0056_fof_reed07_input.npz
BTKP10,0040,3.4410805658e+00,Reed07_FOF,8.0787716744e+00,2.9142826390e+01,5.8483662765e-02,2.8794583404e+01,1.0120940450e+00,1.2094044952e-02,2.0310647299e-03,2.0310647299e-03,/oss06/data/project/tkcastrosim/HNHuang/project_big_sim/analysis/_used_by_article_nonlinear_evolution_pps/HALOMASS/output/fof_reed07_highz_cache/BT_deep_snap0040_fof_reed07_input.npz
BTKP10,0040,3.4410805658e+00,Reed07_FOF,8.2467185131e+00,1.9376206275e+01,4.7687340665e-02,1.9540836803e+01,9.9157505231e-01,-8.4249476884e-03,2.4403939886e-03,2.4403939886e-03,/oss06/data/project/tkcastrosim/HNHuang/project_big_sim/analysis/_used_by_article_nonlinear_evolution_pps/HALOMASS/output/fof_reed07_highz_cache/BT_deep_snap0040_fof_reed07_input.npz
BTKP10,0040,3.4410805658e+00,Reed07_FOF,8.4138836131e+00,1.3420769766e+01,3.9687838123e-02,1.3260625866e+01,1.0120766472e+00,1.2076647189e-02,2.9929083683e-03,2.9929083683e-03,/oss06/data/project/tkcastrosim/HNHuang/project_big_sim/analysis/_used_by_article_nonlinear_evolution_pps/HALOMASS/output/fof_reed07_highz_cache/BT_deep_snap0040_fof_reed07_input.npz
BTKP10,0040,3.4410805658e+00,Reed07_FOF,8.5807867297e+00,8.8890843220e+00,3.2299607329e-02,8.9863987292e+00,9.8917092262e-01,-1.0829077381e-02,3.5942771183e-03,3.5942771183e-03,/oss06/data/project/tkcastrosim/HNHuang/project_big_sim/analysis/_used_by_article_nonlinear_evolution_pps/HALOMASS/output/fof_reed07_highz_cache/BT_deep_snap0040_fof_reed07_input.npz
BTKP10,0040,3.4410805658e+00,Reed07_FOF,8.7466961453e+00,6.0082506198e+00,2.6554782558e-02,6.0891878308e+00,9.8670804494e-01,-1.3291955056e-02,4.3609728088e-03,4.3609728088e-03,/oss06/data/project/tkcastrosim/HNHuang/project_big_sim/analysis/_used_by_article_nonlinear_evolution_pps/HALOMASS/output/fof_reed07_highz_cache/BT_deep_snap0040_fof_reed07_input.npz
BTKP10,0040,3.4410805658e+00,Reed07_FOF,8.9142633922e+00,4.0213837680e+00,2.1724835162e-02,4.0991766955e+00,9.8102230442e-01,-1.8977695575e-02,5.2998045159e-03,5.2998045159e-03,/oss06/data/project/tkcastrosim/HNHuang/project_big_sim/analysis/_used_by_article_nonlinear_evolution_pps/HALOMASS/output/fof_reed07_highz_cache/BT_deep_snap0040_fof_reed07_input.npz
BTKP10,0040,3.4410805658e+00,Reed07_FOF,9.0797330652e+00,2.6753281284e+00,1.7719736419e-02,2.7654302355e+00,9.6741841256e-01,-3.2581587440e-02,6.4075875762e-03,6.4075875762e-03,/oss06/data/project/tkcastrosim/HNHuang/project_big_sim/analysis/_used_by_article_nonlinear_evolution_pps/HALOMASS/output/fof_reed07_highz_cache/BT_deep_snap0040_fof_reed07_input.npz
BTKP10,0040,3.4410805658e+00,Reed07_FOF,9.2469670479e+00,1.7738499378e+00,1.4428698819e-02,1.8513380176e+00,9.5814482335e-01,-4.1855176649e-02,7.7936598729e-03,7.7936598729e-03,/oss06/data/project/tkcastrosim/HNHuang/project_big_sim/analysis/_used_by_article_nonlinear_evolution_pps/HALOMASS/output/fof_reed07_highz_cache/BT_deep_snap0040_fof_reed07_input.npz
BTKP10,0040,3.4410805658e+00,Reed07_FOF,9.4138335955e+00,1.1593284164e+00,1.1664656927e-02,1.2358741042e+00,9.3806352318e-01,-6.1936476821e-02,9.4383860674e-03,9.4383860674e-03,/oss06/data/project/tkcastrosim/HNHuang/project_big_sim/analysis/_used_by_article_nonlinear_evolution_pps/HALOMASS/output/fof_reed07_highz_cache/BT_deep_snap0040_fof_reed07_input.npz
BTKP10,0040,3.4410805658e+00,Reed07_FOF,9.5800515540e+00,7.5794117365e-01,9.4316240142e-03,8.2304343583e-01,9.2090057542e-01,-7.9099424581e-02,1.1459448680e-02,1.1459448680e-02,/oss06/data/project/tkcastrosim/HNHuang/project_big_sim/analysis/_used_by_article_nonlinear_evolution_pps/HALOMASS/output/fof_reed07_highz_cache/BT_deep_snap0040_fof_reed07_input.npz
BTKP10,0040,3.4410805658e+00,Reed07_FOF,9.7460541873e+00,5.1182741689e-01,7.7505139548e-03,5.4580821259e-01,9.3774224186e-01,-6.2257758144e-02,1.4200068405e-02,1.4200068405e-02,/oss06/data/project/tkcastrosim/HNHuang/project_big_sim/analysis/_used_by_article_nonlinear_evolution_pps/HALOMASS/output/fof_reed07_highz_cache/BT_deep_snap0040_fof_reed07_input.npz
BTKP10,0040,3.4410805658e+00,Reed07_FOF,9.9139995426e+00,3.2744748753e-01,6.1992558546e-03,3.5922674329e-01,9.1153427089e-01,-8.8465729109e-02,1.7257222549e-02,1.7257222549e-02,/oss06/data/project/tkcastrosim/HNHuang/project_big_sim/analysis/_used_by_article_nonlinear_evolution_pps/HALOMASS/output/fof_reed07_highz_cache/BT_deep_snap0040_fof_reed07_input.npz
BTKP10,0040,3.4410805658e+00,Reed07_FOF,1.0079504455e+01,2.1888514848e-01,5.0684699651e-03,2.3749818841e-01,9.2162870775e-01,-7.8371292253e-02,2.1341088953e-02,2.1341088953e-02,/oss06/data/project/tkcastrosim/HNHuang/project_big_sim/analysis/_used_by_article_nonlinear_evolution_pps/HALOMASS/output/fof_reed07_highz_cache/BT_deep_snap0040_fof_reed07_input.npz
BTKP10,0040,3.4410805658e+00,Reed07_FOF,1.0249198931e+01,1.4787951050e-01,4.1660332495e-03,1.5500054494e-01,9.5405800382e-01,-4.5941996180e-02,2.6877539373e-02,2.6877539373e-02,/oss06/data/project/tkcastrosim/HNHuang/project_big_sim/analysis/_used_by_article_nonlinear_evolution_pps/HALOMASS/output/fof_reed07_highz_cache/BT_deep_snap0040_fof_reed07_input.npz
BTKP10,0040,3.4410805658e+00,Reed07_FOF,1.0411159460e+01,9.6004317134e-02,3.3567122312e-03,1.0281986971e-01,9.3371366257e-01,-6.6286337431e-02,3.2646532626e-02,3.2646532626e-02,/oss06/data/project/tkcastrosim/HNHuang/project_big_sim/analysis/_used_by_article_nonlinear_evolution_pps/HALOMASS/output/fof_reed07_highz_cache/BT_deep_snap0040_fof_reed07_input.npz
BTKP10,0040,3.4410805658e+00,Reed07_FOF,1.0581039546e+01,6.7954156015e-02,2.8240783477e-03,6.6563955491e-02,1.0208851850e+00,2.0885184991e-02,4.2426540414e-02,4.2426540414e-02,/oss06/data/project/tkcastrosim/HNHuang/project_big_sim/analysis/_used_by_article_nonlinear_evolution_pps/HALOMASS/output/fof_reed07_highz_cache/BT_deep_snap0040_fof_reed07_input.npz
BTKP10,0040,3.4410805658e+00,Reed07_FOF,1.0751518739e+01,4.1077641805e-02,2.1956923127e-03,4.2754713510e-02,9.6077457742e-01,-3.9225422580e-02,5.1355561352e-02,5.1355561352e-02,/oss06/data/project/tkcastrosim/HNHuang/project_big_sim/analysis/_used_by_article_nonlinear_evolution_pps/HALOMASS/output/fof_reed07_highz_cache/BT_deep_snap0040_fof_reed07_input.npz
BTKP10,0040,3.4410805658e+00,Reed07_FOF,1.0913549229e+01,2.6993878901e-02,1.7799236648e-03,2.7863534219e-02,9.6878876485e-01,-3.1211235146e-02,6.3880039439e-02,6.3880039439e-02,/oss06/data/project/tkcastrosim/HNHuang/project_big_sim/analysis/_used_by_article_nonlinear_evolution_pps/HALOMASS/output/fof_reed07_highz_cache/BT_deep_snap0040_fof_reed07_input.npz
BTKP10,0040,3.4410805658e+00,Reed07_FOF,1.1080488054e+01,1.9482538685e-02,1.5121382642e-03,1.7765404531e-02,1.0966560683e+00,9.6656068328e-02,8.5117018395e-02,8.5117018395e-02,/oss06/data/project/tkcastrosim/HNHuang/project_big_sim/analysis/_used_by_article_nonlinear_evolution_pps/HALOMASS/output/fof_reed07_highz_cache/BT_deep_snap0040_fof_reed07_input.npz
BTKP10,0040,3.4410805658e+00,Reed07_FOF,1.1245352470e+01,9.8586340333e-03,1.0756651597e-03,1.1254088283e-02,8.7600468251e-01,-1.2399531749e-01,9.5579946827e-02,9.5579946827e-02,/oss06/data/project/tkcastrosim/HNHuang/project_big_sim/analysis/_used_by_article_nonlinear_evolution_pps/HALOMASS/output/fof_reed07_highz_cache/BT_deep_snap0040_fof_reed07_input.npz
BTKP10,0040,3.4410805658e+00,Reed07_FOF,1.1424474833e+01,7.9807989793e-03,9.6781403437e-04,6.7463156392e-03,1.1829863004e+00,1.8298630040e-01,1.4345816089e-01,1.4345816089e-01,/oss06/data/project/tkcastrosim/HNHuang/project_big_sim/analysis/_used_by_article_nonlinear_evolution_pps/HALOMASS/output/fof_reed07_highz_cache/BT_deep_snap0040_fof_reed07_input.npz
BTKP10,0040,3.4410805658e+00,Reed07_FOF,1.1581187171e+01,3.8730347988e-03,6.7420881921e-04,4.2452358249e-03,9.1232500586e-01,-8.7674994141e-02,1.5881539849e-01,1.5881539849e-01,/oss06/data/project/tkcastrosim/HNHuang/project_big_sim/analysis/_used_by_article_nonlinear_evolution_pps/HALOMASS/output/fof_reed07_highz_cache/BT_deep_snap0040_fof_reed07_input.npz
BTKP10,0040,3.4410805658e+00,Reed07_FOF,1.1741944543e+01,3.2862113444e-03,6.2103556950e-04,2.5877382795e-03,1.2699164249e+00,2.6991642487e-01,2.3999164615e-01,2.3999164615e-01,/oss06/data/project/tkcastrosim/HNHuang/project_big_sim/analysis/_used_by_article_nonlinear_evolution_pps/HALOMASS/output/fof_reed07_highz_cache/BT_deep_snap0040_fof_reed07_input.npz
BTKP10,0040,3.4410805658e+00,Reed07_FOF,1.1913057514e+01,1.8778350540e-03,4.6945876349e-04,1.4879890581e-03,1.2619952034e+00,2.6199520338e-01,3.1549880085e-01,3.1549880085e-01,/oss06/data/project/tkcastrosim/HNHuang/project_big_sim/analysis/_used_by_article_nonlinear_evolution_pps/HALOMASS/output/fof_reed07_highz_cache/BT_deep_snap0040_fof_reed07_input.npz
BTKP10,0040,3.4410805658e+00,Reed07_FOF,1.2063568357e+01,9.3891752698e-04,3.3195747515e-04,8.9032884329e-04,1.0545738623e+00,5.4573862293e-02,3.7284816464e-01,3.7284816464e-01,/oss06/data/project/tkcastrosim/HNHuang/project_big_sim/analysis/_used_by_article_nonlinear_evolution_pps/HALOMASS/output/fof_reed07_highz_cache/BT_deep_snap0040_fof_reed07_input.npz
BTKP10,0040,3.4410805658e+00,Reed07_FOF,1.2245084140e+01,9.3891752698e-04,3.3195747515e-04,4.5776612832e-04,2.0510856284e+00,1.0510856284e+00,7.2516827832e-01,7.2516827832e-01,/oss06/data/project/tkcastrosim/HNHuang/project_big_sim/analysis/_used_by_article_nonlinear_evolution_pps/HALOMASS/output/fof_reed07_highz_cache/BT_deep_snap0040_fof_reed07_input.npz
BTKP10,0032,8.5198506052e+00,Reed07_FOF,8.0777659307e+00,1.9310599413e+01,4.7606538738e-02,1.9172998052e+01,1.0071768307e+00,7.1768306890e-03,2.4829991955e-03,2.4829991955e-03,/oss06/data/project/tkcastrosim/HNHuang/project_big_sim/analysis/_used_by_article_nonlinear_evolution_pps/HALOMASS/output/fof_reed07_highz_cache/BT_deep_snap0032_fof_reed07_input.npz
BTKP10,0032,8.5198506052e+00,Reed07_FOF,8.2459311669e+00,1.1817802818e+01,3.7242351893e-02,1.1703971166e+01,1.0097258999e+00,9.7258999034e-03,3.1820269689e-03,3.1820269689e-03,/oss06/data/project/tkcastrosim/HNHuang/project_big_sim/analysis/_used_by_article_nonlinear_evolution_pps/HALOMASS/output/fof_reed07_highz_cache/BT_deep_snap0032_fof_reed07_input.npz
BTKP10,0032,8.5198506052e+00,Reed07_FOF,8.4123137150e+00,7.4714362209e+00,2.9612206984e-02,7.0968004376e+00,1.0527893924e+00,5.2789392434e-02,4.1726137354e-03,4.1726137354e-03,/oss06/data/project/tkcastrosim/HNHuang/project_big_sim/analysis/_used_by_article_nonlinear_evolution_pps/HALOMASS/output/fof_reed07_highz_cache/BT_deep_snap0032_fof_reed07_input.npz
BTKP10,0032,8.5198506052e+00,Reed07_FOF,8.5793869669e+00,4.4962413073e+00,2.2971721118e-02,4.2428918892e+00,1.0597114951e+00,5.9711495078e-02,5.4141660259e-03,5.4141660259e-03,/oss06/data/project/tkcastrosim/HNHuang/project_big_sim/analysis/_used_by_article_nonlinear_evolution_pps/HALOMASS/output/fof_reed07_highz_cache/BT_deep_snap0032_fof_reed07_input.npz
BTKP10,0032,8.5198506052e+00,Reed07_FOF,8.7457638729e+00,2.6980968785e+00,1.7794979800e-02,2.5078489267e+00,1.0758610097e+00,7.5861009693e-02,7.0957144230e-03,7.0957144230e-03,/oss06/data/project/tkcastrosim/HNHuang/project_big_sim/analysis/_used_by_article_nonlinear_evolution_pps/HALOMASS/output/fof_reed07_highz_cache/BT_deep_snap0032_fof_reed07_input.npz
BTKP10,0032,8.5198506052e+00,Reed07_FOF,8.9123447609e+00,1.5974508075e+00,1.3692491380e-02,1.4618547935e+00,1.0927561442e+00,9.2756144188e-02,9.3665194667e-03,9.3665194667e-03,/oss06/data/project/tkcastrosim/HNHuang/project_big_sim/analysis/_used_by_article_nonlinear_evolution_pps/HALOMASS/output/fof_reed07_highz_cache/BT_deep_snap0032_fof_reed07_input.npz
BTKP10,0032,8.5198506052e+00,Reed07_FOF,9.0781987599e+00,9.1333202437e-01,1.0353401890e-02,8.4271022900e-01,1.0838031781e+00,8.3803178054e-02,1.2285838636e-02,1.2285838636e-02,/oss06/data/project/tkcastrosim/HNHuang/project_big_sim/analysis/_used_by_article_nonlinear_evolution_pps/HALOMASS/output/fof_reed07_highz_cache/BT_deep_snap0032_fof_reed07_input.npz
BTKP10,0032,8.5198506052e+00,Reed07_FOF,9.2448267313e+00,5.3940811925e-01,7.9565989700e-03,4.7673871297e-01,1.1314544101e+00,1.3145441008e-01,1.6689643097e-02,1.6689643097e-02,/oss06/data/project/tkcastrosim/HNHuang/project_big_sim/analysis/_used_by_article_nonlinear_evolution_pps/HALOMASS/output/fof_reed07_highz_cache/BT_deep_snap0032_fof_reed07_input.npz
BTKP10,0032,8.5198506052e+00,Reed07_FOF,9.4100019348e+00,2.9200335089e-01,5.8541338395e-03,2.6650864318e-01,1.0956618420e+00,9.5661841967e-02,2.1966018699e-02,2.1966018699e-02,/oss06/data/project/tkcastrosim/HNHuang/project_big_sim/analysis/_used_by_article_nonlinear_evolution_pps/HALOMASS/output/fof_reed07_highz_cache/BT_deep_snap0032_fof_reed07_input.npz
BTKP10,0032,8.5198506052e+00,Reed07_FOF,9.5769592579e+00,1.6078962650e-01,4.3440792821e-03,1.4527609531e-01,1.1067865374e+00,1.0678653741e-01,2.9902230459e-02,2.9902230459e-02,/oss06/data/project/tkcastrosim/HNHuang/project_big_sim/analysis/_used_by_article_nonlinear_evolution_pps/HALOMASS/output/fof_reed07_highz_cache/BT_deep_snap0032_fof_reed07_input.npz
BTKP10,0032,8.5198506052e+00,Reed07_FOF,9.7452665347e+00,8.6967235936e-02,3.1948212410e-03,7.6880902308e-02,1.1311942671e+00,1.3119426705e-01,4.1555459744e-02,4.1555459744e-02,/oss06/data/project/tkcastrosim/HNHuang/project_big_sim/analysis/_used_by_article_nonlinear_evolution_pps/HALOMASS/output/fof_reed07_highz_cache/BT_deep_snap0032_fof_reed07_input.npz
BTKP10,0032,8.5198506052e+00,Reed07_FOF,9.9098805028e+00,4.5654864749e-02,2.3147935303e-03,4.0287287877e-02,1.1332325196e+00,1.3323251961e-01,5.7457169552e-02,5.7457169552e-02,/oss06/data/project/tkcastrosim/HNHuang/project_big_sim/analysis/_used_by_article_nonlinear_evolution_pps/HALOMASS/output/fof_reed07_highz_cache/BT_deep_snap0032_fof_reed07_input.npz
BTKP10,0032,8.5198506052e+00,Reed07_FOF,1.0071847097e+01,2.5585502610e-02,1.7328688942e-03,2.0819254215e-02,1.2289346365e+00,2.2893463645e-01,8.3233956238e-02,8.3233956238e-02,/oss06/data/project/tkcastrosim/HNHuang/project_big_sim/analysis/_used_by_article_nonlinear_evolution_pps/HALOMASS/output/fof_reed07_highz_cache/BT_deep_snap0032_fof_reed07_input.npz
BTKP10,0032,8.5198506052e+00,Reed07_FOF,1.0240806040e+01,1.2205927851e-02,1.1968896979e-03,1.0095737596e-02,1.2090179379e+00,2.0901793792e-01,1.1855396265e-01,1.1855396265e-01,/oss06/data/project/tkcastrosim/HNHuang/project_big_sim/analysis/_used_by_article_nonlinear_evolution_pps/HALOMASS/output/fof_reed07_highz_cache/BT_deep_snap0032_fof_reed07_input.npz
BTKP10,0032,8.5198506052e+00,Reed07_FOF,1.0405886947e+01,7.7460695976e-03,9.5347525599e-04,4.7989670122e-03,1.6141118657e+00,6.1411186573e-01,1.9868343616e-01,1.9868343616e-01,/oss06/data/project/tkcastrosim/HNHuang/project_big_sim/analysis/_used_by_article_nonlinear_evolution_pps/HALOMASS/output/fof_reed07_highz_cache/BT_deep_snap0032_fof_reed07_input.npz
BTKP10,0032,8.5198506052e+00,Reed07_FOF,1.0576116421e+01,3.1688466536e-03,6.0984482282e-04,2.1343176731e-03,1.4847118091e+00,4.8471180906e-01,2.8573292088e-01,2.8573292088e-01,/oss06/data/project/tkcastrosim/HNHuang/project_big_sim/analysis/_used_by_article_nonlinear_evolution_pps/HALOMASS/output/fof_reed07_highz_cache/BT_deep_snap0032_fof_reed07_input.npz
BTKP10,0032,8.5198506052e+00,Reed07_FOF,1.0729425788e+01,1.5257409813e-03,4.2316441087e-04,9.8056148796e-04,1.5559870544e+00,5.5598705444e-01,4.3155316221e-01,4.3155316221e-01,/oss06/data/project/tkcastrosim/HNHuang/project_big_sim/analysis/_used_by_article_nonlinear_evolution_pps/HALOMASS/output/fof_reed07_highz_cache/BT_deep_snap0032_fof_reed07_input.npz
BTKP10,0032,8.5198506052e+00,Reed07_FOF,1.0903123743e+01,9.3891752698e-04,3.3195747515e-04,3.8414782286e-04,2.4441568352e+00,1.4441568352e+00,8.6413993624e-01,8.6413993624e-01,/oss06/data/project/tkcastrosim/HNHuang/project_big_sim/analysis/_used_by_article_nonlinear_evolution_pps/HALOMASS/output/fof_reed07_highz_cache/BT_deep_snap0032_fof_reed07_input.npz
BTKP10,0032,8.5198506052e+00,Reed07_FOF,1.1048852289e+01,4.6945876349e-04,2.3472938174e-04,1.6591547815e-04,2.8295055333e+00,1.8295055333e+00,1.4147527666e+00,1.4147527666e+00,/oss06/data/project/tkcastrosim/HNHuang/project_big_sim/analysis/_used_by_article_nonlinear_evolution_pps/HALOMASS/output/fof_reed07_highz_cache/BT_deep_snap0032_fof_reed07_input.npz
BTKP10,0030,1.0519019232e+01,Reed07_FOF,8.0768154667e+00,1.2464130171e+01,3.8247206231e-02,1.1845415261e+01,1.0522324373e+00,5.2232437261e-02,3.2288615796e-03,3.2288615796e-03,/oss06/data/project/tkcastrosim/HNHuang/project_big_sim/analysis/_used_by_article_nonlinear_evolution_pps/HALOMASS/output/fof_reed07_highz_cache/BT_deep_snap0030_fof_reed07_input.npz
BTKP10,0030,1.0519019232e+01,Reed07_FOF,8.2448022512e+00,7.2432792619e+00,2.9156564123e-02,6.8101754124e+00,1.0635965777e+00,6.3596577662e-02,4.2813235134e-03,4.2813235134e-03,/oss06/data/project/tkcastrosim/HNHuang/project_big_sim/analysis/_used_by_article_nonlinear_evolution_pps/HALOMASS/output/fof_reed07_highz_cache/BT_deep_snap0030_fof_reed07_input.npz
BTKP10,0030,1.0519019232e+01,Reed07_FOF,8.4113827822e+00,4.3084578019e+00,2.2486903256e-02,3.8742058841e+00,1.1120879816e+00,1.1208798159e-01,5.8042612935e-03,5.8042612935e-03,/oss06/data/project/tkcastrosim/HNHuang/project_big_sim/analysis/_used_by_article_nonlinear_evolution_pps/HALOMASS/output/fof_reed07_highz_cache/BT_deep_snap0030_fof_reed07_input.npz
BTKP10,0030,1.0519019232e+01,Reed07_FOF,8.5784089431e+00,2.3740529670e+00,1.6692213532e-02,2.1652847271e+00,1.0964160682e+00,9.6416068189e-02,7.7090155040e-03,7.7090155040e-03,/oss06/data/project/tkcastrosim/HNHuang/project_big_sim/analysis/_used_by_article_nonlinear_evolution_pps/HALOMASS/output/fof_reed07_highz_cache/BT_deep_snap0030_fof_reed07_input.npz
BTKP10,0030,1.0519019232e+01,Reed07_FOF,8.7441068690e+00,1.3228174308e+00,1.2460018413e-02,1.1917172457e+00,1.1100094722e+00,1.1000947217e-01,1.0455515734e-02,1.0455515734e-02,/oss06/data/project/tkcastrosim/HNHuang/project_big_sim/analysis/_used_by_article_nonlinear_evolution_pps/HALOMASS/output/fof_reed07_highz_cache/BT_deep_snap0030_fof_reed07_input.npz
BTKP10,0030,1.0519019232e+01,Reed07_FOF,8.9115923706e+00,7.2590061305e-01,9.2301192329e-03,6.3751924121e-01,1.1386332618e+00,1.3863326175e-01,1.4478181420e-02,1.4478181420e-02,/oss06/data/project/tkcastrosim/HNHuang/project_big_sim/analysis/_used_by_article_nonlinear_evolution_pps/HALOMASS/output/fof_reed07_highz_cache/BT_deep_snap0030_fof_reed07_input.npz
BTKP10,0030,1.0519019232e+01,Reed07_FOF,9.0752634249e+00,3.8037896312e-01,6.6815461849e-03,3.3779490252e-01,1.1260648408e+00,1.2606484076e-01,1.9779890505e-02,1.9779890505e-02,/oss06/data/project/tkcastrosim/HNHuang/project_big_sim/analysis/_used_by_article_nonlinear_evolution_pps/HALOMASS/output/fof_reed07_highz_cache/BT_deep_snap0030_fof_reed07_input.npz
BTKP10,0030,1.0519019232e+01,Reed07_FOF,9.2437623498e+00,1.9294755179e-01,4.7587004288e-03,1.7015075645e-01,1.1339799823e+00,1.3397998232e-01,2.7967553762e-02,2.7967553762e-02,/oss06/data/project/tkcastrosim/HNHuang/project_big_sim/analysis/_used_by_article_nonlinear_evolution_pps/HALOMASS/output/fof_reed07_highz_cache/BT_deep_snap0030_fof_reed07_input.npz
BTKP10,0030,1.0519019232e+01,Reed07_FOF,9.4097082851e+00,1.0234201044e-01,3.4657377885e-03,8.3788934761e-02,1.2214263224e+00,2.2142632238e-01,4.1362714521e-02,4.1362714521e-02,/oss06/data/project/tkcastrosim/HNHuang/project_big_sim/analysis/_used_by_article_nonlinear_evolution_pps/HALOMASS/output/fof_reed07_highz_cache/BT_deep_snap0030_fof_reed07_input.npz
BTKP10,0030,1.0519019232e+01,Reed07_FOF,9.5751153486e+00,5.0232087693e-02,2.4280596047e-03,3.9928873684e-02,1.2580391846e+00,2.5803918464e-01,6.0809619222e-02,6.0809619222e-02,/oss06/data/project/tkcastrosim/HNHuang/project_big_sim/analysis/_used_by_article_nonlinear_evolution_pps/HALOMASS/output/fof_reed07_highz_cache/BT_deep_snap0030_fof_reed07_input.npz
BTKP10,0030,1.0519019232e+01,Reed07_FOF,9.7383613478e+00,2.3355573484e-02,1.6556327075e-03,1.8425898994e-02,1.2675405141e+00,2.6754051407e-01,8.9853564701e-02,8.9853564701e-02,/oss06/data/project/tkcastrosim/HNHuang/project_big_sim/analysis/_used_by_article_nonlinear_evolution_pps/HALOMASS/output/fof_reed07_highz_cache/BT_deep_snap0030_fof_reed07_input.npz
BTKP10,0030,1.0519019232e+01,Reed07_FOF,9.9102221409e+00,1.1149645633e-02,1.1439295053e-03,7.8339663585e-03,1.4232440022e+00,4.2324400216e-01,1.4602175359e-01,1.4602175359e-01,/oss06/data/project/tkcastrosim/HNHuang/project_big_sim/analysis/_used_by_article_nonlinear_evolution_pps/HALOMASS/output/fof_reed07_highz_cache/BT_deep_snap0030_fof_reed07_input.npz
BTKP10,0030,1.0519019232e+01,Reed07_FOF,1.0080504446e+01,5.5161404710e-03,8.0461178290e-04,3.2155271304e-03,1.7154700450e+00,7.1547004497e-01,2.5022702352e-01,2.5022702352e-01,/oss06/data/project/tkcastrosim/HNHuang/project_big_sim/analysis/_used_by_article_nonlinear_evolution_pps/HALOMASS/output/fof_reed07_highz_cache/BT_deep_snap0030_fof_reed07_input.npz
BTKP10,0030,1.0519019232e+01,Reed07_FOF,1.0246155745e+01,1.7604703631e-03,4.5455149318e-04,1.2881528145e-03,1.3666626686e+00,3.6666266863e-01,3.5287078370e-01,3.5287078370e-01,/oss06/data/project/tkcastrosim/HNHuang/project_big_sim/analysis/_used_by_article_nonlinear_evolution_pps/HALOMASS/output/fof_reed07_highz_cache/BT_deep_snap0030_fof_reed07_input.npz
BTKP10,0030,1.0519019232e+01,Reed07_FOF,1.0422138712e+01,1.0562822179e-03,3.5209407262e-04,4.6131991219e-04,2.2896956969e+00,1.2896956969e+00,7.6323189898e-01,7.6323189898e-01,/oss06/data/project/tkcastrosim/HNHuang/project_big_sim/analysis/_used_by_article_nonlinear_evolution_pps/HALOMASS/output/fof_reed07_highz_cache/BT_deep_snap0030_fof_reed07_input.npz
BTKP10,0030,1.0519019232e+01,Reed07_FOF,1.0612886162e+01,4.6945876349e-04,2.3472938174e-04,1.4110960937e-04,3.3269085329e+00,2.3269085329e+00,1.6634542664e+00,1.6634542664e+00,/oss06/data/project/tkcastrosim/HNHuang/project_big_sim/analysis/_used_by_article_nonlinear_evolution_pps/HALOMASS/output/fof_reed07_highz_cache/BT_deep_snap0030_fof_reed07_input.npz
BTKP10,0030,1.0519019232e+01,Reed07_FOF,1.0765908808e+01,2.3472938174e-04,1.6597873758e-04,5.1423399591e-05,4.5646414591e+00,3.5646414591e+00,3.2276889294e+00,3.2276889294e+00,/oss06/data/project/tkcastrosim/HNHuang/project_big_sim/analysis/_used_by_article_nonlinear_evolution_pps/HALOMASS/output/fof_reed07_highz_cache/BT_deep_snap0030_fof_reed07_input.npz
BTKP10,0027,1.4331814598e+01,Reed07_FOF,8.0754287210e+00,3.5286867958e+00,2.0350509452e-02,3.2389573577e+00,1.0894514518e+00,8.9451451844e-02,6.2830433393e-03,6.2830433393e-03,/oss06/data/project/tkcastrosim/HNHuang/project_big_sim/analysis/_used_by_article_nonlinear_evolution_pps/HALOMASS/output/fof_reed07_highz_cache/BT_deep_snap0027_fof_reed07_input.npz
BTKP10,0027,1.4331814598e+01,Reed07_FOF,8.2428325006e+00,1.7602356337e+00,1.4373222012e-02,1.5915900453e+00,1.1059604443e+00,1.0596044431e-01,9.0307312830e-03,9.0307312830e-03,/oss06/data/project/tkcastrosim/HNHuang/project_big_sim/analysis/_used_by_article_nonlinear_evolution_pps/HALOMASS/output/fof_reed07_highz_cache/BT_deep_snap0027_fof_reed07_input.npz
BTKP10,0027,1.4331814598e+01,Reed07_FOF,8.4083824358e+00,8.7542322922e-01,1.0136260488e-02,7.5930563181e-01,1.1529260321e+00,1.5292603208e-01,1.3349381413e-02,1.3349381413e-02,/oss06/data/project/tkcastrosim/HNHuang/project_big_sim/analysis/_used_by_article_nonlinear_evolution_pps/HALOMASS/output/fof_reed07_highz_cache/BT_deep_snap0027_fof_reed07_input.npz
BTKP10,0027,1.4331814598e+01,Reed07_FOF,8.5753677649e+00,4.0842912424e-01,6.9235220740e-03,3.4564275346e-01,1.1816510549e+00,1.8165105487e-01,2.0030861358e-02,2.0030861358e-02,/oss06/data/project/tkcastrosim/HNHuang/project_big_sim/analysis/_used_by_article_nonlinear_evolution_pps/HALOMASS/output/fof_reed07_highz_cache/BT_deep_snap0027_fof_reed07_input.npz
BTKP10,0027,1.4331814598e+01,Reed07_FOF,8.7421712302e+00,1.8790087009e-01,4.6960544644e-03,1.5001263494e-01,1.2525669599e+00,2.5256695989e-01,3.1304392903e-02,3.1304392903e-02,/oss06/data/project/tkcastrosim/HNHuang/project_big_sim/analysis/_used_by_article_nonlinear_evolution_pps/HALOMASS/output/fof_reed07_highz_cache/BT_deep_snap0027_fof_reed07_input.npz
BTKP10,0027,1.4331814598e+01,Reed07_FOF,8.9080655961e+00,8.7554059391e-02,3.2055818684e-03,6.2444516132e-02,1.4021096617e+00,4.0210966173e-01,5.1334882020e-02,5.1334882020e-02,/oss06/data/project/tkcastrosim/HNHuang/project_big_sim/analysis/_used_by_article_nonlinear_evolution_pps/HALOMASS/output/fof_reed07_highz_cache/BT_deep_snap0027_fof_reed07_input.npz
BTKP10,0027,1.4331814598e+01,Reed07_FOF,9.0697723398e+00,3.8260889224e-02,2.1190746651e-03,2.5405989639e-02,1.5059790926e+00,5.0597909265e-01,8.3408467658e-02,8.3408467658e-02,/oss06/data/project/tkcastrosim/HNHuang/project_big_sim/analysis/_used_by_article_nonlinear_evolution_pps/HALOMASS/output/fof_reed07_highz_cache/BT_deep_snap0027_fof_reed07_input.npz
BTKP10,0027,1.4331814598e+01,Reed07_FOF,9.2445204944e+00,1.5374774504e-02,1.3433002855e-03,9.0770995273e-03,1.6937981629e+00,6.9379816294e-01,1.4798783261e-01,1.4798783261e-01,/oss06/data/project/tkcastrosim/HNHuang/project_big_sim/analysis/_used_by_article_nonlinear_evolution_pps/HALOMASS/output/fof_reed07_highz_cache/BT_deep_snap0027_fof_reed07_input.npz
BTKP10,0027,1.4331814598e+01,Reed07_FOF,9.4065046735e+00,4.5772229440e-03,7.3294225958e-04,3.3265843571e-03,1.3759527650e+00,3.7595276497e-01,2.2032877598e-01,2.2032877598e-01,/oss06/data/project/tkcastrosim/HNHuang/project_big_sim/analysis/_used_by_article_nonlinear_evolution_pps/HALOMASS/output/fof_reed07_highz_cache/BT_deep_snap0027_fof_reed07_input.npz
BTKP10,0027,1.4331814598e+01,Reed07_FOF,9.5819315823e+00,1.8778350540e-03,4.6945876349e-04,1.0612896901e-03,1.7693897072e+00,7.6938970716e-01,4.4234742679e-01,4.4234742679e-01,/oss06/data/project/tkcastrosim/HNHuang/project_big_sim/analysis/_used_by_article_nonlinear_evolution_pps/HALOMASS/output/fof_reed07_highz_cache/BT_deep_snap0027_fof_reed07_input.npz
BTKP10,0027,1.4331814598e+01,Reed07_FOF,9.7205418259e+00,4.6945876349e-04,2.3472938174e-04,4.1091617560e-04,1.1424684433e+00,1.4246844335e-01,5.7123422167e-01,5.7123422167e-01,/oss06/data/project/tkcastrosim/HNHuang/project_big_sim/analysis/_used_by_article_nonlinear_evolution_pps/HALOMASS/output/fof_reed07_highz_cache/BT_deep_snap0027_fof_reed07_input.npz
BTKP10,0027,1.4331814598e+01,Reed07_FOF,9.8841481069e+00,2.3472938174e-04,1.6597873758e-04,1.2789227320e-04,1.8353679692e+00,8.3536796923e-01,1.2978011370e+00,1.2978011370e+00,/oss06/data/project/tkcastrosim/HNHuang/project_big_sim/analysis/_used_by_article_nonlinear_evolution_pps/HALOMASS/output/fof_reed07_highz_cache/BT_deep_snap0027_fof_reed07_input.npz
BTKP10,0027,1.4331814598e+01,Reed07_FOF,1.0108997159e+01,3.5209407262e-04,2.0328160761e-04,2.3263112141e-05,1.5135295333e+01,1.4135295333e+01,8.7383668346e+00,8.7383668346e+00,/oss06/data/project/tkcastrosim/HNHuang/project_big_sim/analysis/_used_by_article_nonlinear_evolution_pps/HALOMASS/output/fof_reed07_highz_cache/BT_deep_snap0027_fof_reed07_input.npz
BTKP10,0027,1.4331814598e+01,Reed07_FOF,1.0207057668e+01,2.3472938174e-04,1.6597873758e-04,1.0634512602e-05,2.2072415590e+01,2.1072415590e+01,1.5607554741e+01,1.5607554741e+01,/oss06/data/project/tkcastrosim/HNHuang/project_big_sim/analysis/_used_by_article_nonlinear_evolution_pps/HALOMASS/output/fof_reed07_highz_cache/BT_deep_snap0027_fof_reed07_input.npz
BTKP10,0024,1.9406645230e+01,Reed07_FOF,8.0722709909e+00,2.9036024522e-01,5.8376399702e-03,2.1615616279e-01,1.3432892288e+00,3.4328922881e-01,2.7006585863e-02,2.7006585863e-02,/oss06/data/project/tkcastrosim/HNHuang/project_big_sim/analysis/_used_by_article_nonlinear_evolution_pps/HALOMASS/output/fof_reed07_highz_cache/BT_deep_snap0024_fof_reed07_input.npz
BTKP10,0024,1.9406645230e+01,Reed07_FOF,8.2385893743e+00,1.0633240993e-01,3.5326576994e-03,7.7046543927e-02,1.3801061606e+00,3.8010616064e-01,4.5850956050e-02,4.5850956050e-02,/oss06/data/project/tkcastrosim/HNHuang/project_big_sim/analysis/_used_by_article_nonlinear_evolution_pps/HALOMASS/output/fof_reed07_highz_cache/BT_deep_snap0024_fof_reed07_input.npz
BTKP10,0024,1.9406645230e+01,Reed07_FOF,8.4019112010e+00,3.8730347988e-02,2.1320354873e-03,2.6528323600e-02,1.4599621360e+00,4.5996213603e-01,8.0368270511e-02,8.0368270511e-02,/oss06/data/project/tkcastrosim/HNHuang/project_big_sim/analysis/_used_by_article_nonlinear_evolution_pps/HALOMASS/output/fof_reed07_highz_cache/BT_deep_snap0024_fof_reed07_input.npz
BTKP10,0024,1.9406645230e+01,Reed07_FOF,8.5672255038e+00,1.4787951050e-02,1.3174153876e-03,8.5262885365e-03,1.7343948644e+00,7.3439486437e-01,1.5451217514e-01,1.5451217514e-01,/oss06/data/project/tkcastrosim/HNHuang/project_big_sim/analysis/_used_by_article_nonlinear_evolution_pps/HALOMASS/output/fof_reed07_highz_cache/BT_deep_snap0024_fof_reed07_input.npz
BTKP10,0024,1.9406645230e+01,Reed07_FOF,8.7387480476e+00,4.8119523258e-03,7.5150069674e-04,2.4531910218e-03,1.9615073930e+00,9.6150739300e-01,3.0633598854e-01,3.0633598854e-01,/oss06/data/project/tkcastrosim/HNHuang/project_big_sim/analysis/_used_by_article_nonlinear_evolution_pps/HALOMASS/output/fof_reed07_highz_cache/BT_deep_snap0024_fof_reed07_input.npz
BTKP10,0024,1.9406645230e+01,Reed07_FOF,8.9094322494e+00,1.2910115996e-03,3.8925464326e-04,6.6397324881e-04,1.9443729125e+00,9.4437291247e-01,5.8625049120e-01,5.8625049120e-01,/oss06/data/project/tkcastrosim/HNHuang/project_big_sim/analysis/_used_by_article_nonlinear_evolution_pps/HALOMASS/output/fof_reed07_highz_cache/BT_deep_snap0024_fof_reed07_input.npz
BTKP10,0024,1.9406645230e+01,Reed07_FOF,9.0717372328e+00,5.8682345436e-04,2.6243542695e-04,1.7949701940e-04,3.2692657311e+00,2.2692657311e+00,1.4620600822e+00,1.4620600822e+00,/oss06/data/project/tkcastrosim/HNHuang/project_big_sim/analysis/_used_by_article_nonlinear_evolution_pps/HALOMASS/output/fof_reed07_highz_cache/BT_deep_snap0024_fof_reed07_input.npz
