model,snapshot,redshift,M_200c_Msun,log10_M_200c_Msun,dn_dlog10M,poisson_err,n_kept,n_total,source_file
BT_deep,0024,19.40664523,1.6788040181e+08,8.2250000000e+00,3.1148845210e-03,4.2001094313e-04,373,49086,/project/tkcastrosim/HNHuang/project_big_sim/analysis/_used_by_article_nonlinear_evolution_pps/HALOMASS/output/m200c_bocquet16_lowhigh_cache/BT_deep_snap0024_m200c_bocquet16_input.npz
BT_deep,0024,19.40664523,2.3713737057e+08,8.3750000000e+00,1.2233001028e-02,8.3235029281e-04,373,49086,/project/tkcastrosim/HNHuang/project_big_sim/analysis/_used_by_article_nonlinear_evolution_pps/HALOMASS/output/m200c_bocquet16_lowhigh_cache/BT_deep_snap0024_m200c_bocquet16_input.npz
BT_deep,0024,19.40664523,3.3496543916e+08,8.5250000000e+00,3.5679586331e-03,4.4952053483e-04,373,49086,/project/tkcastrosim/HNHuang/project_big_sim/analysis/_used_by_article_nonlinear_evolution_pps/HALOMASS/output/m200c_bocquet16_lowhigh_cache/BT_deep_snap0024_m200c_bocquet16_input.npz
BT_deep,0024,19.40664523,4.7315125896e+08,8.6750000000e+00,1.5291251285e-03,2.9428026818e-04,373,49086,/project/tkcastrosim/HNHuang/project_big_sim/analysis/_used_by_article_nonlinear_evolution_pps/HALOMASS/output/m200c_bocquet16_lowhigh_cache/BT_deep_snap0024_m200c_bocquet16_input.npz
BT_deep,0024,19.40664523,6.6834391757e+08,8.8250000000e+00,5.6634264018e-04,1.7909326790e-04,373,49086,/project/tkcastrosim/HNHuang/project_big_sim/analysis/_used_by_article_nonlinear_evolution_pps/HALOMASS/output/m200c_bocquet16_lowhigh_cache/BT_deep_snap0024_m200c_bocquet16_input.npz
BT_deep,0024,19.40664523,9.4406087629e+08,8.9750000000e+00,5.6634264018e-05,5.6634264018e-05,373,49086,/project/tkcastrosim/HNHuang/project_big_sim/analysis/_used_by_article_nonlinear_evolution_pps/HALOMASS/output/m200c_bocquet16_lowhigh_cache/BT_deep_snap0024_m200c_bocquet16_input.npz
BT_deep,0024,19.40664523,1.3335214322e+09,9.1250000000e+00,5.6634264018e-05,5.6634264018e-05,373,49086,/project/tkcastrosim/HNHuang/project_big_sim/analysis/_used_by_article_nonlinear_evolution_pps/HALOMASS/output/m200c_bocquet16_lowhigh_cache/BT_deep_snap0024_m200c_bocquet16_input.npz
BT_deep,0027,14.3318146,1.6788040181e+08,8.2250000000e+00,6.7394774181e-02,1.9536769012e-03,11636,387469,/project/tkcastrosim/HNHuang/project_big_sim/analysis/_used_by_article_nonlinear_evolution_pps/HALOMASS/output/m200c_bocquet16_lowhigh_cache/BT_deep_snap0027_m200c_bocquet16_input.npz
BT_deep,0027,14.3318146,2.3713737057e+08,8.3750000000e+00,3.1290430870e-01,4.2096443117e-03,11636,387469,/project/tkcastrosim/HNHuang/project_big_sim/analysis/_used_by_article_nonlinear_evolution_pps/HALOMASS/output/m200c_bocquet16_lowhigh_cache/BT_deep_snap0027_m200c_bocquet16_input.npz
BT_deep,0027,14.3318146,3.3496543916e+08,8.5250000000e+00,1.4690928086e-01,2.8844581812e-03,11636,387469,/project/tkcastrosim/HNHuang/project_big_sim/analysis/_used_by_article_nonlinear_evolution_pps/HALOMASS/output/m200c_bocquet16_lowhigh_cache/BT_deep_snap0027_m200c_bocquet16_input.npz
BT_deep,0027,14.3318146,4.7315125896e+08,8.6750000000e+00,6.9490241950e-02,1.9838167025e-03,11636,387469,/project/tkcastrosim/HNHuang/project_big_sim/analysis/_used_by_article_nonlinear_evolution_pps/HALOMASS/output/m200c_bocquet16_lowhigh_cache/BT_deep_snap0027_m200c_bocquet16_input.npz
BT_deep,0027,14.3318146,6.6834391757e+08,8.8250000000e+00,3.4830072371e-02,1.4044840741e-03,11636,387469,/project/tkcastrosim/HNHuang/project_big_sim/analysis/_used_by_article_nonlinear_evolution_pps/HALOMASS/output/m200c_bocquet16_lowhigh_cache/BT_deep_snap0027_m200c_bocquet16_input.npz
BT_deep,0027,14.3318146,9.4406087629e+08,8.9750000000e+00,1.7046913469e-02,9.8256775752e-04,11636,387469,/project/tkcastrosim/HNHuang/project_big_sim/analysis/_used_by_article_nonlinear_evolution_pps/HALOMASS/output/m200c_bocquet16_lowhigh_cache/BT_deep_snap0027_m200c_bocquet16_input.npz
BT_deep,0027,14.3318146,1.3335214322e+09,9.1250000000e+00,6.2297690420e-03,5.9398517212e-04,11636,387469,/project/tkcastrosim/HNHuang/project_big_sim/analysis/_used_by_article_nonlinear_evolution_pps/HALOMASS/output/m200c_bocquet16_lowhigh_cache/BT_deep_snap0027_m200c_bocquet16_input.npz
BT_deep,0027,14.3318146,1.8836490895e+09,9.2750000000e+00,2.4919076168e-03,3.7566920805e-04,11636,387469,/project/tkcastrosim/HNHuang/project_big_sim/analysis/_used_by_article_nonlinear_evolution_pps/HALOMASS/output/m200c_bocquet16_lowhigh_cache/BT_deep_snap0027_m200c_bocquet16_input.npz
BT_deep,0027,14.3318146,2.6607250598e+09,9.4250000000e+00,1.0760510163e-03,2.4686303360e-04,11636,387469,/project/tkcastrosim/HNHuang/project_big_sim/analysis/_used_by_article_nonlinear_evolution_pps/HALOMASS/output/m200c_bocquet16_lowhigh_cache/BT_deep_snap0027_m200c_bocquet16_input.npz
BT_deep,0027,14.3318146,3.7583740429e+09,9.5750000000e+00,3.3980558411e-04,1.3872504880e-04,11636,387469,/project/tkcastrosim/HNHuang/project_big_sim/analysis/_used_by_article_nonlinear_evolution_pps/HALOMASS/output/m200c_bocquet16_lowhigh_cache/BT_deep_snap0027_m200c_bocquet16_input.npz
BT_deep,0027,14.3318146,5.3088444423e+09,9.7250000000e+00,1.6990279205e-04,9.8093422728e-05,11636,387469,/project/tkcastrosim/HNHuang/project_big_sim/analysis/_used_by_article_nonlinear_evolution_pps/HALOMASS/output/m200c_bocquet16_lowhigh_cache/BT_deep_snap0027_m200c_bocquet16_input.npz
BT_deep,0027,14.3318146,7.4989420933e+09,9.8750000000e+00,5.6634264018e-05,5.6634264018e-05,11636,387469,/project/tkcastrosim/HNHuang/project_big_sim/analysis/_used_by_article_nonlinear_evolution_pps/HALOMASS/output/m200c_bocquet16_lowhigh_cache/BT_deep_snap0027_m200c_bocquet16_input.npz
BT_deep,0027,14.3318146,1.0592537252e+10,1.0025000000e+01,5.6634264018e-05,5.6634264018e-05,11636,387469,/project/tkcastrosim/HNHuang/project_big_sim/analysis/_used_by_article_nonlinear_evolution_pps/HALOMASS/output/m200c_bocquet16_lowhigh_cache/BT_deep_snap0027_m200c_bocquet16_input.npz
BT_deep,0030,10.51901923,1.6788040181e+08,8.2250000000e+00,3.2932824526e-01,4.3187107788e-03,72180,1142676,/project/tkcastrosim/HNHuang/project_big_sim/analysis/_used_by_article_nonlinear_evolution_pps/HALOMASS/output/m200c_bocquet16_lowhigh_cache/BT_deep_snap0030_m200c_bocquet16_input.npz
BT_deep,0030,10.51901923,2.3713737057e+08,8.3750000000e+00,1.5903467679e+00,9.4904224739e-03,72180,1142676,/project/tkcastrosim/HNHuang/project_big_sim/analysis/_used_by_article_nonlinear_evolution_pps/HALOMASS/output/m200c_bocquet16_lowhigh_cache/BT_deep_snap0030_m200c_bocquet16_input.npz
BT_deep,0030,10.51901923,3.3496543916e+08,8.5250000000e+00,9.3910936594e-01,7.2928573120e-03,72180,1142676,/project/tkcastrosim/HNHuang/project_big_sim/analysis/_used_by_article_nonlinear_evolution_pps/HALOMASS/output/m200c_bocquet16_lowhigh_cache/BT_deep_snap0030_m200c_bocquet16_input.npz
BT_deep,0030,10.51901923,4.7315125896e+08,8.6750000000e+00,5.4363230031e-01,5.5487129340e-03,72180,1142676,/project/tkcastrosim/HNHuang/project_big_sim/analysis/_used_by_article_nonlinear_evolution_pps/HALOMASS/output/m200c_bocquet16_lowhigh_cache/BT_deep_snap0030_m200c_bocquet16_input.npz
BT_deep,0030,10.51901923,6.6834391757e+08,8.8250000000e+00,3.1596255896e-01,4.2301663069e-03,72180,1142676,/project/tkcastrosim/HNHuang/project_big_sim/analysis/_used_by_article_nonlinear_evolution_pps/HALOMASS/output/m200c_bocquet16_lowhigh_cache/BT_deep_snap0030_m200c_bocquet16_input.npz
BT_deep,0030,10.51901923,9.4406087629e+08,8.9750000000e+00,1.7375392201e-01,3.1369452487e-03,72180,1142676,/project/tkcastrosim/HNHuang/project_big_sim/analysis/_used_by_article_nonlinear_evolution_pps/HALOMASS/output/m200c_bocquet16_lowhigh_cache/BT_deep_snap0030_m200c_bocquet16_input.npz
BT_deep,0030,10.51901923,1.3335214322e+09,9.1250000000e+00,9.2653655933e-02,2.2907142145e-03,72180,1142676,/project/tkcastrosim/HNHuang/project_big_sim/analysis/_used_by_article_nonlinear_evolution_pps/HALOMASS/output/m200c_bocquet16_lowhigh_cache/BT_deep_snap0030_m200c_bocquet16_input.npz
BT_deep,0030,10.51901923,1.8836490895e+09,9.2750000000e+00,4.9385078224e-02,1.6723897747e-03,72180,1142676,/project/tkcastrosim/HNHuang/project_big_sim/analysis/_used_by_article_nonlinear_evolution_pps/HALOMASS/output/m200c_bocquet16_lowhigh_cache/BT_deep_snap0030_m200c_bocquet16_input.npz
BT_deep,0030,10.51901923,2.6607250598e+09,9.4250000000e+00,2.7297715257e-02,1.2433768588e-03,72180,1142676,/project/tkcastrosim/HNHuang/project_big_sim/analysis/_used_by_article_nonlinear_evolution_pps/HALOMASS/output/m200c_bocquet16_lowhigh_cache/BT_deep_snap0030_m200c_bocquet16_input.npz
BT_deep,0030,10.51901923,3.7583740429e+09,9.5750000000e+00,1.3875394684e-02,8.8646644940e-04,72180,1142676,/project/tkcastrosim/HNHuang/project_big_sim/analysis/_used_by_article_nonlinear_evolution_pps/HALOMASS/output/m200c_bocquet16_lowhigh_cache/BT_deep_snap0030_m200c_bocquet16_input.npz
BT_deep,0030,10.51901923,5.3088444423e+09,9.7250000000e+00,6.5129403621e-03,6.0733482034e-04,72180,1142676,/project/tkcastrosim/HNHuang/project_big_sim/analysis/_used_by_article_nonlinear_evolution_pps/HALOMASS/output/m200c_bocquet16_lowhigh_cache/BT_deep_snap0030_m200c_bocquet16_input.npz
BT_deep,0030,10.51901923,7.4989420933e+09,9.8750000000e+00,3.4546901051e-03,4.4232774219e-04,72180,1142676,/project/tkcastrosim/HNHuang/project_big_sim/analysis/_used_by_article_nonlinear_evolution_pps/HALOMASS/output/m200c_bocquet16_lowhigh_cache/BT_deep_snap0030_m200c_bocquet16_input.npz
BT_deep,0030,10.51901923,1.0592537252e+10,1.0025000000e+01,1.3025880724e-03,2.7160838868e-04,72180,1142676,/project/tkcastrosim/HNHuang/project_big_sim/analysis/_used_by_article_nonlinear_evolution_pps/HALOMASS/output/m200c_bocquet16_lowhigh_cache/BT_deep_snap0030_m200c_bocquet16_input.npz
BT_deep,0030,10.51901923,1.4962356561e+10,1.0175000000e+01,6.7961116821e-04,1.9618684546e-04,72180,1142676,/project/tkcastrosim/HNHuang/project_big_sim/analysis/_used_by_article_nonlinear_evolution_pps/HALOMASS/output/m200c_bocquet16_lowhigh_cache/BT_deep_snap0030_m200c_bocquet16_input.npz
BT_deep,0030,10.51901923,2.1134890398e+10,1.0325000000e+01,2.8317132009e-04,1.2663806420e-04,72180,1142676,/project/tkcastrosim/HNHuang/project_big_sim/analysis/_used_by_article_nonlinear_evolution_pps/HALOMASS/output/m200c_bocquet16_lowhigh_cache/BT_deep_snap0030_m200c_bocquet16_input.npz
BT_deep,0030,10.51901923,4.2169650343e+10,1.0625000000e+01,2.2653705607e-04,1.1326852804e-04,72180,1142676,/project/tkcastrosim/HNHuang/project_big_sim/analysis/_used_by_article_nonlinear_evolution_pps/HALOMASS/output/m200c_bocquet16_lowhigh_cache/BT_deep_snap0030_m200c_bocquet16_input.npz
BT_deep,0030,10.51901923,5.9566214353e+10,1.0775000000e+01,5.6634264018e-05,5.6634264018e-05,72180,1142676,/project/tkcastrosim/HNHuang/project_big_sim/analysis/_used_by_article_nonlinear_evolution_pps/HALOMASS/output/m200c_bocquet16_lowhigh_cache/BT_deep_snap0030_m200c_bocquet16_input.npz
BT_deep,0032,8.519850605,1.6788040181e+08,8.2250000000e+00,5.6906108485e-01,5.6770023535e-03,144081,1694246,/project/tkcastrosim/HNHuang/project_big_sim/analysis/_used_by_article_nonlinear_evolution_pps/HALOMASS/output/m200c_bocquet16_lowhigh_cache/BT_deep_snap0032_m200c_bocquet16_input.npz
BT_deep,0032,8.519850605,2.3713737057e+08,8.3750000000e+00,2.8772471492e+00,1.2765217377e-02,144081,1694246,/project/tkcastrosim/HNHuang/project_big_sim/analysis/_used_by_article_nonlinear_evolution_pps/HALOMASS/output/m200c_bocquet16_lowhigh_cache/BT_deep_snap0032_m200c_bocquet16_input.npz
BT_deep,0032,8.519850605,3.3496543916e+08,8.5250000000e+00,1.8304194131e+00,1.0181574353e-02,144081,1694246,/project/tkcastrosim/HNHuang/project_big_sim/analysis/_used_by_article_nonlinear_evolution_pps/HALOMASS/output/m200c_bocquet16_lowhigh_cache/BT_deep_snap0032_m200c_bocquet16_input.npz
BT_deep,0032,8.519850605,4.7315125896e+08,8.6750000000e+00,1.1372726557e+00,8.0254968597e-03,144081,1694246,/project/tkcastrosim/HNHuang/project_big_sim/analysis/_used_by_article_nonlinear_evolution_pps/HALOMASS/output/m200c_bocquet16_lowhigh_cache/BT_deep_snap0032_m200c_bocquet16_input.npz
BT_deep,0032,8.519850605,6.6834391757e+08,8.8250000000e+00,7.1121308754e-01,6.3465762244e-03,144081,1694246,/project/tkcastrosim/HNHuang/project_big_sim/analysis/_used_by_article_nonlinear_evolution_pps/HALOMASS/output/m200c_bocquet16_lowhigh_cache/BT_deep_snap0032_m200c_bocquet16_input.npz
BT_deep,0032,8.519850605,9.4406087629e+08,8.9750000000e+00,4.2702235070e-01,4.9177328670e-03,144081,1694246,/project/tkcastrosim/HNHuang/project_big_sim/analysis/_used_by_article_nonlinear_evolution_pps/HALOMASS/output/m200c_bocquet16_lowhigh_cache/BT_deep_snap0032_m200c_bocquet16_input.npz
BT_deep,0032,8.519850605,1.3335214322e+09,9.1250000000e+00,2.5587360483e-01,3.8067326267e-03,144081,1694246,/project/tkcastrosim/HNHuang/project_big_sim/analysis/_used_by_article_nonlinear_evolution_pps/HALOMASS/output/m200c_bocquet16_lowhigh_cache/BT_deep_snap0032_m200c_bocquet16_input.npz
BT_deep,0032,8.519850605,1.8836490895e+09,9.2750000000e+00,1.5313904990e-01,2.9449817289e-03,144081,1694246,/project/tkcastrosim/HNHuang/project_big_sim/analysis/_used_by_article_nonlinear_evolution_pps/HALOMASS/output/m200c_bocquet16_lowhigh_cache/BT_deep_snap0032_m200c_bocquet16_input.npz
BT_deep,0032,8.519850605,2.6607250598e+09,9.4250000000e+00,8.8462720396e-02,2.2383076336e-03,144081,1694246,/project/tkcastrosim/HNHuang/project_big_sim/analysis/_used_by_article_nonlinear_evolution_pps/HALOMASS/output/m200c_bocquet16_lowhigh_cache/BT_deep_snap0032_m200c_bocquet16_input.npz
BT_deep,0032,8.519850605,3.7583740429e+09,9.5750000000e+00,5.1027471880e-02,1.6999715629e-03,144081,1694246,/project/tkcastrosim/HNHuang/project_big_sim/analysis/_used_by_article_nonlinear_evolution_pps/HALOMASS/output/m200c_bocquet16_lowhigh_cache/BT_deep_snap0032_m200c_bocquet16_input.npz
BT_deep,0032,8.519850605,5.3088444423e+09,9.7250000000e+00,2.5711955864e-02,1.2067218805e-03,144081,1694246,/project/tkcastrosim/HNHuang/project_big_sim/analysis/_used_by_article_nonlinear_evolution_pps/HALOMASS/output/m200c_bocquet16_lowhigh_cache/BT_deep_snap0032_m200c_bocquet16_input.npz
BT_deep,0032,8.519850605,7.4989420933e+09,9.8750000000e+00,1.5064714229e-02,9.2367689318e-04,144081,1694246,/project/tkcastrosim/HNHuang/project_big_sim/analysis/_used_by_article_nonlinear_evolution_pps/HALOMASS/output/m200c_bocquet16_lowhigh_cache/BT_deep_snap0032_m200c_bocquet16_input.npz
BT_deep,0032,8.519850605,1.0592537252e+10,1.0025000000e+01,8.4385053387e-03,6.9130929349e-04,144081,1694246,/project/tkcastrosim/HNHuang/project_big_sim/analysis/_used_by_article_nonlinear_evolution_pps/HALOMASS/output/m200c_bocquet16_lowhigh_cache/BT_deep_snap0032_m200c_bocquet16_input.npz
BT_deep,0032,8.519850605,1.4962356561e+10,1.0175000000e+01,4.8139124415e-03,5.2214211492e-04,144081,1694246,/project/tkcastrosim/HNHuang/project_big_sim/analysis/_used_by_article_nonlinear_evolution_pps/HALOMASS/output/m200c_bocquet16_lowhigh_cache/BT_deep_snap0032_m200c_bocquet16_input.npz
BT_deep,0032,8.519850605,2.1134890398e+10,1.0325000000e+01,2.7750789369e-03,3.9643984813e-04,144081,1694246,/project/tkcastrosim/HNHuang/project_big_sim/analysis/_used_by_article_nonlinear_evolution_pps/HALOMASS/output/m200c_bocquet16_lowhigh_cache/BT_deep_snap0032_m200c_bocquet16_input.npz
BT_deep,0032,8.519850605,2.9853826189e+10,1.0475000000e+01,1.1326852804e-03,2.5327612840e-04,144081,1694246,/project/tkcastrosim/HNHuang/project_big_sim/analysis/_used_by_article_nonlinear_evolution_pps/HALOMASS/output/m200c_bocquet16_lowhigh_cache/BT_deep_snap0032_m200c_bocquet16_input.npz
BT_deep,0032,8.519850605,4.2169650343e+10,1.0625000000e+01,5.6634264018e-04,1.7909326790e-04,144081,1694246,/project/tkcastrosim/HNHuang/project_big_sim/analysis/_used_by_article_nonlinear_evolution_pps/HALOMASS/output/m200c_bocquet16_lowhigh_cache/BT_deep_snap0032_m200c_bocquet16_input.npz
BT_deep,0032,8.519850605,5.9566214353e+10,1.0775000000e+01,3.3980558411e-04,1.3872504880e-04,144081,1694246,/project/tkcastrosim/HNHuang/project_big_sim/analysis/_used_by_article_nonlinear_evolution_pps/HALOMASS/output/m200c_bocquet16_lowhigh_cache/BT_deep_snap0032_m200c_bocquet16_input.npz
BT_deep,0032,8.519850605,8.4139514165e+10,1.0925000000e+01,2.2653705607e-04,1.1326852804e-04,144081,1694246,/project/tkcastrosim/HNHuang/project_big_sim/analysis/_used_by_article_nonlinear_evolution_pps/HALOMASS/output/m200c_bocquet16_lowhigh_cache/BT_deep_snap0032_m200c_bocquet16_input.npz
BT_deep,0032,8.519850605,1.1885022274e+11,1.1075000000e+01,1.1326852804e-04,8.0092944269e-05,144081,1694246,/project/tkcastrosim/HNHuang/project_big_sim/analysis/_used_by_article_nonlinear_evolution_pps/HALOMASS/output/m200c_bocquet16_lowhigh_cache/BT_deep_snap0032_m200c_bocquet16_input.npz
BT_deep,0040,3.441080566,1.6788040181e+08,8.2250000000e+00,1.1060105420e+00,7.9144231023e-03,357763,2524937,/project/tkcastrosim/HNHuang/project_big_sim/analysis/_used_by_article_nonlinear_evolution_pps/HALOMASS/output/m200c_bocquet16_lowhigh_cache/BT_deep_snap0040_m200c_bocquet16_input.npz
BT_deep,0040,3.441080566,2.3713737057e+08,8.3750000000e+00,5.8394456944e+00,1.8185508219e-02,357763,2524937,/project/tkcastrosim/HNHuang/project_big_sim/analysis/_used_by_article_nonlinear_evolution_pps/HALOMASS/output/m200c_bocquet16_lowhigh_cache/BT_deep_snap0040_m200c_bocquet16_input.npz
BT_deep,0040,3.441080566,3.3496543916e+08,8.5250000000e+00,4.1248999855e+00,1.5284327752e-02,357763,2524937,/project/tkcastrosim/HNHuang/project_big_sim/analysis/_used_by_article_nonlinear_evolution_pps/HALOMASS/output/m200c_bocquet16_lowhigh_cache/BT_deep_snap0040_m200c_bocquet16_input.npz
BT_deep,0040,3.441080566,4.7315125896e+08,8.6750000000e+00,2.8666565418e+00,1.2741702533e-02,357763,2524937,/project/tkcastrosim/HNHuang/project_big_sim/analysis/_used_by_article_nonlinear_evolution_pps/HALOMASS/output/m200c_bocquet16_lowhigh_cache/BT_deep_snap0040_m200c_bocquet16_input.npz
BT_deep,0040,3.441080566,6.6834391757e+08,8.8250000000e+00,1.9797073330e+00,1.0588638618e-02,357763,2524937,/project/tkcastrosim/HNHuang/project_big_sim/analysis/_used_by_article_nonlinear_evolution_pps/HALOMASS/output/m200c_bocquet16_lowhigh_cache/BT_deep_snap0040_m200c_bocquet16_input.npz
BT_deep,0040,3.441080566,9.4406087629e+08,8.9750000000e+00,1.3820459448e+00,8.8470986727e-03,357763,2524937,/project/tkcastrosim/HNHuang/project_big_sim/analysis/_used_by_article_nonlinear_evolution_pps/HALOMASS/output/m200c_bocquet16_lowhigh_cache/BT_deep_snap0040_m200c_bocquet16_input.npz
BT_deep,0040,3.441080566,1.3335214322e+09,9.1250000000e+00,9.3854302330e-01,7.2906579521e-03,357763,2524937,/project/tkcastrosim/HNHuang/project_big_sim/analysis/_used_by_article_nonlinear_evolution_pps/HALOMASS/output/m200c_bocquet16_lowhigh_cache/BT_deep_snap0040_m200c_bocquet16_input.npz
BT_deep,0040,3.441080566,1.8836490895e+09,9.2750000000e+00,6.3787171563e-01,6.0104405124e-03,357763,2524937,/project/tkcastrosim/HNHuang/project_big_sim/analysis/_used_by_article_nonlinear_evolution_pps/HALOMASS/output/m200c_bocquet16_lowhigh_cache/BT_deep_snap0040_m200c_bocquet16_input.npz
BT_deep,0040,3.441080566,2.6607250598e+09,9.4250000000e+00,4.3738642101e-01,4.9770531487e-03,357763,2524937,/project/tkcastrosim/HNHuang/project_big_sim/analysis/_used_by_article_nonlinear_evolution_pps/HALOMASS/output/m200c_bocquet16_lowhigh_cache/BT_deep_snap0040_m200c_bocquet16_input.npz
BT_deep,0040,3.441080566,3.7583740429e+09,9.5750000000e+00,3.0554185438e-01,4.1598242811e-03,357763,2524937,/project/tkcastrosim/HNHuang/project_big_sim/analysis/_used_by_article_nonlinear_evolution_pps/HALOMASS/output/m200c_bocquet16_lowhigh_cache/BT_deep_snap0040_m200c_bocquet16_input.npz
BT_deep,0040,3.441080566,5.3088444423e+09,9.7250000000e+00,2.0563901265e-01,3.4126549979e-03,357763,2524937,/project/tkcastrosim/HNHuang/project_big_sim/analysis/_used_by_article_nonlinear_evolution_pps/HALOMASS/output/m200c_bocquet16_lowhigh_cache/BT_deep_snap0040_m200c_bocquet16_input.npz
BT_deep,0040,3.441080566,7.4989420933e+09,9.8750000000e+00,1.3807433568e-01,2.7963795130e-03,357763,2524937,/project/tkcastrosim/HNHuang/project_big_sim/analysis/_used_by_article_nonlinear_evolution_pps/HALOMASS/output/m200c_bocquet16_lowhigh_cache/BT_deep_snap0040_m200c_bocquet16_input.npz
BT_deep,0040,3.441080566,1.0592537252e+10,1.0025000000e+01,9.3616438422e-02,2.3025850885e-03,357763,2524937,/project/tkcastrosim/HNHuang/project_big_sim/analysis/_used_by_article_nonlinear_evolution_pps/HALOMASS/output/m200c_bocquet16_lowhigh_cache/BT_deep_snap0040_m200c_bocquet16_input.npz
BT_deep,0040,3.441080566,1.4962356561e+10,1.0175000000e+01,6.3090570116e-02,1.8902613589e-03,357763,2524937,/project/tkcastrosim/HNHuang/project_big_sim/analysis/_used_by_article_nonlinear_evolution_pps/HALOMASS/output/m200c_bocquet16_lowhigh_cache/BT_deep_snap0040_m200c_bocquet16_input.npz
BT_deep,0040,3.441080566,2.1134890398e+10,1.0325000000e+01,4.5647216798e-02,1.6078546352e-03,357763,2524937,/project/tkcastrosim/HNHuang/project_big_sim/analysis/_used_by_article_nonlinear_evolution_pps/HALOMASS/output/m200c_bocquet16_lowhigh_cache/BT_deep_snap0040_m200c_bocquet16_input.npz
BT_deep,0040,3.441080566,2.9853826189e+10,1.0475000000e+01,3.2281530490e-02,1.3521245211e-03,357763,2524937,/project/tkcastrosim/HNHuang/project_big_sim/analysis/_used_by_article_nonlinear_evolution_pps/HALOMASS/output/m200c_bocquet16_lowhigh_cache/BT_deep_snap0040_m200c_bocquet16_input.npz
BT_deep,0040,3.441080566,4.2169650343e+10,1.0625000000e+01,2.2710339871e-02,1.1341002532e-03,357763,2524937,/project/tkcastrosim/HNHuang/project_big_sim/analysis/_used_by_article_nonlinear_evolution_pps/HALOMASS/output/m200c_bocquet16_lowhigh_cache/BT_deep_snap0040_m200c_bocquet16_input.npz
BT_deep,0040,3.441080566,5.9566214353e+10,1.0775000000e+01,1.4441737325e-02,9.0437667181e-04,357763,2524937,/project/tkcastrosim/HNHuang/project_big_sim/analysis/_used_by_article_nonlinear_evolution_pps/HALOMASS/output/m200c_bocquet16_lowhigh_cache/BT_deep_snap0040_m200c_bocquet16_input.npz
BT_deep,0040,3.441080566,8.4139514165e+10,1.0925000000e+01,8.7216766588e-03,7.0281273364e-04,357763,2524937,/project/tkcastrosim/HNHuang/project_big_sim/analysis/_used_by_article_nonlinear_evolution_pps/HALOMASS/output/m200c_bocquet16_lowhigh_cache/BT_deep_snap0040_m200c_bocquet16_input.npz
BT_deep,0040,3.441080566,1.1885022274e+11,1.1075000000e+01,6.9093802102e-03,6.2554589202e-04,357763,2524937,/project/tkcastrosim/HNHuang/project_big_sim/analysis/_used_by_article_nonlinear_evolution_pps/HALOMASS/output/m200c_bocquet16_lowhigh_cache/BT_deep_snap0040_m200c_bocquet16_input.npz
BT_deep,0040,3.441080566,1.6788040181e+11,1.1225000000e+01,3.9077642172e-03,4.7043952895e-04,357763,2524937,/project/tkcastrosim/HNHuang/project_big_sim/analysis/_used_by_article_nonlinear_evolution_pps/HALOMASS/output/m200c_bocquet16_lowhigh_cache/BT_deep_snap0040_m200c_bocquet16_input.npz
BT_deep,0040,3.441080566,2.3713737057e+11,1.1375000000e+01,3.1715187850e-03,4.2381202461e-04,357763,2524937,/project/tkcastrosim/HNHuang/project_big_sim/analysis/_used_by_article_nonlinear_evolution_pps/HALOMASS/output/m200c_bocquet16_lowhigh_cache/BT_deep_snap0040_m200c_bocquet16_input.npz
BT_deep,0040,3.441080566,3.3496543916e+11,1.1525000000e+01,2.2653705607e-03,3.5818653581e-04,357763,2524937,/project/tkcastrosim/HNHuang/project_big_sim/analysis/_used_by_article_nonlinear_evolution_pps/HALOMASS/output/m200c_bocquet16_lowhigh_cache/BT_deep_snap0040_m200c_bocquet16_input.npz
BT_deep,0040,3.441080566,4.7315125896e+11,1.1675000000e+01,1.1893195444e-03,2.5953080179e-04,357763,2524937,/project/tkcastrosim/HNHuang/project_big_sim/analysis/_used_by_article_nonlinear_evolution_pps/HALOMASS/output/m200c_bocquet16_lowhigh_cache/BT_deep_snap0040_m200c_bocquet16_input.npz
BT_deep,0040,3.441080566,6.6834391757e+11,1.1825000000e+01,1.0194167523e-03,2.4027883281e-04,357763,2524937,/project/tkcastrosim/HNHuang/project_big_sim/analysis/_used_by_article_nonlinear_evolution_pps/HALOMASS/output/m200c_bocquet16_lowhigh_cache/BT_deep_snap0040_m200c_bocquet16_input.npz
BT_deep,0040,3.441080566,9.4406087629e+11,1.1975000000e+01,5.6634264018e-04,1.7909326790e-04,357763,2524937,/project/tkcastrosim/HNHuang/project_big_sim/analysis/_used_by_article_nonlinear_evolution_pps/HALOMASS/output/m200c_bocquet16_lowhigh_cache/BT_deep_snap0040_m200c_bocquet16_input.npz
BT_deep,0040,3.441080566,1.3335214322e+12,1.2125000000e+01,1.1326852804e-04,8.0092944269e-05,357763,2524937,/project/tkcastrosim/HNHuang/project_big_sim/analysis/_used_by_article_nonlinear_evolution_pps/HALOMASS/output/m200c_bocquet16_lowhigh_cache/BT_deep_snap0040_m200c_bocquet16_input.npz
BT_deep,0040,3.441080566,1.8836490895e+12,1.2275000000e+01,1.6990279205e-04,9.8093422728e-05,357763,2524937,/project/tkcastrosim/HNHuang/project_big_sim/analysis/_used_by_article_nonlinear_evolution_pps/HALOMASS/output/m200c_bocquet16_lowhigh_cache/BT_deep_snap0040_m200c_bocquet16_input.npz
BT_deep,0042,2.670314517,1.6788040181e+08,8.2250000000e+00,1.1260590715e+00,7.9858328779e-03,367391,2449547,/project/tkcastrosim/HNHuang/project_big_sim/analysis/_used_by_article_nonlinear_evolution_pps/HALOMASS/output/m200c_bocquet16_lowhigh_cache/BT_deep_snap0042_m200c_bocquet16_input.npz
BT_deep,0042,2.670314517,2.3713737057e+08,8.3750000000e+00,5.8846398370e+00,1.8255745566e-02,367391,2449547,/project/tkcastrosim/HNHuang/project_big_sim/analysis/_used_by_article_nonlinear_evolution_pps/HALOMASS/output/m200c_bocquet16_lowhigh_cache/BT_deep_snap0042_m200c_bocquet16_input.npz
BT_deep,0042,2.670314517,3.3496543916e+08,8.5250000000e+00,4.1741151609e+00,1.5375237886e-02,367391,2449547,/project/tkcastrosim/HNHuang/project_big_sim/analysis/_used_by_article_nonlinear_evolution_pps/HALOMASS/output/m200c_bocquet16_lowhigh_cache/BT_deep_snap0042_m200c_bocquet16_input.npz
BT_deep,0042,2.670314517,4.7315125896e+08,8.6750000000e+00,2.9345043901e+00,1.2891605656e-02,367391,2449547,/project/tkcastrosim/HNHuang/project_big_sim/analysis/_used_by_article_nonlinear_evolution_pps/HALOMASS/output/m200c_bocquet16_lowhigh_cache/BT_deep_snap0042_m200c_bocquet16_input.npz
BT_deep,0042,2.670314517,6.6834391757e+08,8.8250000000e+00,2.0521991910e+00,1.0780760214e-02,367391,2449547,/project/tkcastrosim/HNHuang/project_big_sim/analysis/_used_by_article_nonlinear_evolution_pps/HALOMASS/output/m200c_bocquet16_lowhigh_cache/BT_deep_snap0042_m200c_bocquet16_input.npz
BT_deep,0042,2.670314517,9.4406087629e+08,8.9750000000e+00,1.4298452637e+00,8.9987907058e-03,367391,2449547,/project/tkcastrosim/HNHuang/project_big_sim/analysis/_used_by_article_nonlinear_evolution_pps/HALOMASS/output/m200c_bocquet16_lowhigh_cache/BT_deep_snap0042_m200c_bocquet16_input.npz
BT_deep,0042,2.670314517,1.3335214322e+09,9.1250000000e+00,9.8407697158e-01,7.4654186100e-03,367391,2449547,/project/tkcastrosim/HNHuang/project_big_sim/analysis/_used_by_article_nonlinear_evolution_pps/HALOMASS/output/m200c_bocquet16_lowhigh_cache/BT_deep_snap0042_m200c_bocquet16_input.npz
BT_deep,0042,2.670314517,1.8836490895e+09,9.2750000000e+00,6.8357556670e-01,6.2220413949e-03,367391,2449547,/project/tkcastrosim/HNHuang/project_big_sim/analysis/_used_by_article_nonlinear_evolution_pps/HALOMASS/output/m200c_bocquet16_lowhigh_cache/BT_deep_snap0042_m200c_bocquet16_input.npz
BT_deep,0042,2.670314517,2.6607250598e+09,9.4250000000e+00,4.7397215557e-01,5.1810292602e-03,367391,2449547,/project/tkcastrosim/HNHuang/project_big_sim/analysis/_used_by_article_nonlinear_evolution_pps/HALOMASS/output/m200c_bocquet16_lowhigh_cache/BT_deep_snap0042_m200c_bocquet16_input.npz
BT_deep,0042,2.670314517,3.7583740429e+09,9.5750000000e+00,3.2253213358e-01,4.2739174077e-03,367391,2449547,/project/tkcastrosim/HNHuang/project_big_sim/analysis/_used_by_article_nonlinear_evolution_pps/HALOMASS/output/m200c_bocquet16_lowhigh_cache/BT_deep_snap0042_m200c_bocquet16_input.npz
BT_deep,0042,2.670314517,5.3088444423e+09,9.7250000000e+00,2.2800954694e-01,3.5934875650e-03,367391,2449547,/project/tkcastrosim/HNHuang/project_big_sim/analysis/_used_by_article_nonlinear_evolution_pps/HALOMASS/output/m200c_bocquet16_lowhigh_cache/BT_deep_snap0042_m200c_bocquet16_input.npz
BT_deep,0042,2.670314517,7.4989420933e+09,9.8750000000e+00,1.5291251285e-01,2.9428026818e-03,367391,2449547,/project/tkcastrosim/HNHuang/project_big_sim/analysis/_used_by_article_nonlinear_evolution_pps/HALOMASS/output/m200c_bocquet16_lowhigh_cache/BT_deep_snap0042_m200c_bocquet16_input.npz
BT_deep,0042,2.670314517,1.0592537252e+10,1.0025000000e+01,1.0845461559e-01,2.4783557722e-03,367391,2449547,/project/tkcastrosim/HNHuang/project_big_sim/analysis/_used_by_article_nonlinear_evolution_pps/HALOMASS/output/m200c_bocquet16_lowhigh_cache/BT_deep_snap0042_m200c_bocquet16_input.npz
BT_deep,0042,2.670314517,1.4962356561e+10,1.0175000000e+01,7.4757228504e-02,2.0576249941e-03,367391,2449547,/project/tkcastrosim/HNHuang/project_big_sim/analysis/_used_by_article_nonlinear_evolution_pps/HALOMASS/output/m200c_bocquet16_lowhigh_cache/BT_deep_snap0042_m200c_bocquet16_input.npz
BT_deep,0042,2.670314517,2.1134890398e+10,1.0325000000e+01,5.2160157160e-02,1.7187356143e-03,367391,2449547,/project/tkcastrosim/HNHuang/project_big_sim/analysis/_used_by_article_nonlinear_evolution_pps/HALOMASS/output/m200c_bocquet16_lowhigh_cache/BT_deep_snap0042_m200c_bocquet16_input.npz
BT_deep,0042,2.670314517,2.9853826189e+10,1.0475000000e+01,3.9417447756e-02,1.4941145014e-03,367391,2449547,/project/tkcastrosim/HNHuang/project_big_sim/analysis/_used_by_article_nonlinear_evolution_pps/HALOMASS/output/m200c_bocquet16_lowhigh_cache/BT_deep_snap0042_m200c_bocquet16_input.npz
BT_deep,0042,2.670314517,4.2169650343e+10,1.0625000000e+01,2.7127812465e-02,1.2395013890e-03,367391,2449547,/project/tkcastrosim/HNHuang/project_big_sim/analysis/_used_by_article_nonlinear_evolution_pps/HALOMASS/output/m200c_bocquet16_lowhigh_cache/BT_deep_snap0042_m200c_bocquet16_input.npz
BT_deep,0042,2.670314517,5.9566214353e+10,1.0775000000e+01,1.7896427430e-02,1.0067526985e-03,367391,2449547,/project/tkcastrosim/HNHuang/project_big_sim/analysis/_used_by_article_nonlinear_evolution_pps/HALOMASS/output/m200c_bocquet16_lowhigh_cache/BT_deep_snap0042_m200c_bocquet16_input.npz
BT_deep,0042,2.670314517,8.4139514165e+10,1.0925000000e+01,1.2629440876e-02,8.4572991491e-04,367391,2449547,/project/tkcastrosim/HNHuang/project_big_sim/analysis/_used_by_article_nonlinear_evolution_pps/HALOMASS/output/m200c_bocquet16_lowhigh_cache/BT_deep_snap0042_m200c_bocquet16_input.npz
BT_deep,0042,2.670314517,1.1885022274e+11,1.1075000000e+01,9.1181165069e-03,7.1860825044e-04,367391,2449547,/project/tkcastrosim/HNHuang/project_big_sim/analysis/_used_by_article_nonlinear_evolution_pps/HALOMASS/output/m200c_bocquet16_lowhigh_cache/BT_deep_snap0042_m200c_bocquet16_input.npz
BT_deep,0042,2.670314517,1.6788040181e+11,1.1225000000e+01,6.8527459462e-03,6.2297690420e-04,367391,2449547,/project/tkcastrosim/HNHuang/project_big_sim/analysis/_used_by_article_nonlinear_evolution_pps/HALOMASS/output/m200c_bocquet16_lowhigh_cache/BT_deep_snap0042_m200c_bocquet16_input.npz
BT_deep,0042,2.670314517,2.3713737057e+11,1.1375000000e+01,3.9077642172e-03,4.7043952895e-04,367391,2449547,/project/tkcastrosim/HNHuang/project_big_sim/analysis/_used_by_article_nonlinear_evolution_pps/HALOMASS/output/m200c_bocquet16_lowhigh_cache/BT_deep_snap0042_m200c_bocquet16_input.npz
BT_deep,0042,2.670314517,3.3496543916e+11,1.1525000000e+01,3.0016159929e-03,4.1230366555e-04,367391,2449547,/project/tkcastrosim/HNHuang/project_big_sim/analysis/_used_by_article_nonlinear_evolution_pps/HALOMASS/output/m200c_bocquet16_lowhigh_cache/BT_deep_snap0042_m200c_bocquet16_input.npz
BT_deep,0042,2.670314517,4.7315125896e+11,1.1675000000e+01,1.3592223364e-03,2.7745009760e-04,367391,2449547,/project/tkcastrosim/HNHuang/project_big_sim/analysis/_used_by_article_nonlinear_evolution_pps/HALOMASS/output/m200c_bocquet16_lowhigh_cache/BT_deep_snap0042_m200c_bocquet16_input.npz
BT_deep,0042,2.670314517,6.6834391757e+11,1.1825000000e+01,1.4158566004e-03,2.8317132009e-04,367391,2449547,/project/tkcastrosim/HNHuang/project_big_sim/analysis/_used_by_article_nonlinear_evolution_pps/HALOMASS/output/m200c_bocquet16_lowhigh_cache/BT_deep_snap0042_m200c_bocquet16_input.npz
BT_deep,0042,2.670314517,9.4406087629e+11,1.1975000000e+01,7.9287969625e-04,2.1190601231e-04,367391,2449547,/project/tkcastrosim/HNHuang/project_big_sim/analysis/_used_by_article_nonlinear_evolution_pps/HALOMASS/output/m200c_bocquet16_lowhigh_cache/BT_deep_snap0042_m200c_bocquet16_input.npz
BT_deep,0042,2.670314517,1.3335214322e+12,1.2125000000e+01,6.7961116821e-04,1.9618684546e-04,367391,2449547,/project/tkcastrosim/HNHuang/project_big_sim/analysis/_used_by_article_nonlinear_evolution_pps/HALOMASS/output/m200c_bocquet16_lowhigh_cache/BT_deep_snap0042_m200c_bocquet16_input.npz
BT_deep,0042,2.670314517,1.8836490895e+12,1.2275000000e+01,6.7961116821e-04,1.9618684546e-04,367391,2449547,/project/tkcastrosim/HNHuang/project_big_sim/analysis/_used_by_article_nonlinear_evolution_pps/HALOMASS/output/m200c_bocquet16_lowhigh_cache/BT_deep_snap0042_m200c_bocquet16_input.npz
BT_deep,0042,2.670314517,2.6607250598e+12,1.2425000000e+01,2.2653705607e-04,1.1326852804e-04,367391,2449547,/project/tkcastrosim/HNHuang/project_big_sim/analysis/_used_by_article_nonlinear_evolution_pps/HALOMASS/output/m200c_bocquet16_lowhigh_cache/BT_deep_snap0042_m200c_bocquet16_input.npz
BT_deep,0046,1.506874201,1.6788040181e+08,8.2250000000e+00,1.0494895465e+00,7.7095439594e-03,355297,2201461,/project/tkcastrosim/HNHuang/project_big_sim/analysis/_used_by_article_nonlinear_evolution_pps/HALOMASS/output/m200c_bocquet16_lowhigh_cache/BT_deep_snap0046_m200c_bocquet16_input.npz
BT_deep,0046,1.506874201,2.3713737057e+08,8.3750000000e+00,5.5656190278e+00,1.7754006236e-02,355297,2201461,/project/tkcastrosim/HNHuang/project_big_sim/analysis/_used_by_article_nonlinear_evolution_pps/HALOMASS/output/m200c_bocquet16_lowhigh_cache/BT_deep_snap0046_m200c_bocquet16_input.npz
BT_deep,0046,1.506874201,3.3496543916e+08,8.5250000000e+00,3.9741962089e+00,1.5002522366e-02,355297,2201461,/project/tkcastrosim/HNHuang/project_big_sim/analysis/_used_by_article_nonlinear_evolution_pps/HALOMASS/output/m200c_bocquet16_lowhigh_cache/BT_deep_snap0046_m200c_bocquet16_input.npz
BT_deep,0046,1.506874201,4.7315125896e+08,8.6750000000e+00,2.8393588265e+00,1.2680891034e-02,355297,2201461,/project/tkcastrosim/HNHuang/project_big_sim/analysis/_used_by_article_nonlinear_evolution_pps/HALOMASS/output/m200c_bocquet16_lowhigh_cache/BT_deep_snap0046_m200c_bocquet16_input.npz
BT_deep,0046,1.506874201,6.6834391757e+08,8.8250000000e+00,1.9936959962e+00,1.0625982563e-02,355297,2201461,/project/tkcastrosim/HNHuang/project_big_sim/analysis/_used_by_article_nonlinear_evolution_pps/HALOMASS/output/m200c_bocquet16_lowhigh_cache/BT_deep_snap0046_m200c_bocquet16_input.npz
BT_deep,0046,1.506874201,9.4406087629e+08,8.9750000000e+00,1.4043598449e+00,8.9182333581e-03,355297,2201461,/project/tkcastrosim/HNHuang/project_big_sim/analysis/_used_by_article_nonlinear_evolution_pps/HALOMASS/output/m200c_bocquet16_lowhigh_cache/BT_deep_snap0046_m200c_bocquet16_input.npz
BT_deep,0046,1.506874201,1.3335214322e+09,9.1250000000e+00,9.8566273097e-01,7.4714311439e-03,355297,2201461,/project/tkcastrosim/HNHuang/project_big_sim/analysis/_used_by_article_nonlinear_evolution_pps/HALOMASS/output/m200c_bocquet16_lowhigh_cache/BT_deep_snap0046_m200c_bocquet16_input.npz
BT_deep,0046,1.506874201,1.8836490895e+09,9.2750000000e+00,6.8935226163e-01,6.2482764012e-03,355297,2201461,/project/tkcastrosim/HNHuang/project_big_sim/analysis/_used_by_article_nonlinear_evolution_pps/HALOMASS/output/m200c_bocquet16_lowhigh_cache/BT_deep_snap0046_m200c_bocquet16_input.npz
BT_deep,0046,1.506874201,2.6607250598e+09,9.4250000000e+00,4.8020192461e-01,5.2149671696e-03,355297,2201461,/project/tkcastrosim/HNHuang/project_big_sim/analysis/_used_by_article_nonlinear_evolution_pps/HALOMASS/output/m200c_bocquet16_lowhigh_cache/BT_deep_snap0046_m200c_bocquet16_input.npz
BT_deep,0046,1.506874201,3.7583740429e+09,9.5750000000e+00,3.3470850035e-01,4.3538453782e-03,355297,2201461,/project/tkcastrosim/HNHuang/project_big_sim/analysis/_used_by_article_nonlinear_evolution_pps/HALOMASS/output/m200c_bocquet16_lowhigh_cache/BT_deep_snap0046_m200c_bocquet16_input.npz
BT_deep,0046,1.506874201,5.3088444423e+09,9.7250000000e+00,2.3435258451e-01,3.6431286203e-03,355297,2201461,/project/tkcastrosim/HNHuang/project_big_sim/analysis/_used_by_article_nonlinear_evolution_pps/HALOMASS/output/m200c_bocquet16_lowhigh_cache/BT_deep_snap0046_m200c_bocquet16_input.npz
BT_deep,0046,1.506874201,7.4989420933e+09,9.8750000000e+00,1.6406946286e-01,3.0482705387e-03,355297,2201461,/project/tkcastrosim/HNHuang/project_big_sim/analysis/_used_by_article_nonlinear_evolution_pps/HALOMASS/output/m200c_bocquet16_lowhigh_cache/BT_deep_snap0046_m200c_bocquet16_input.npz
BT_deep,0046,1.506874201,1.0592537252e+10,1.0025000000e+01,1.1632677829e-01,2.5667258276e-03,355297,2201461,/project/tkcastrosim/HNHuang/project_big_sim/analysis/_used_by_article_nonlinear_evolution_pps/HALOMASS/output/m200c_bocquet16_lowhigh_cache/BT_deep_snap0046_m200c_bocquet16_input.npz
BT_deep,0046,1.506874201,1.4962356561e+10,1.0175000000e+01,8.1213534602e-02,2.1446372095e-03,355297,2201461,/project/tkcastrosim/HNHuang/project_big_sim/analysis/_used_by_article_nonlinear_evolution_pps/HALOMASS/output/m200c_bocquet16_lowhigh_cache/BT_deep_snap0046_m200c_bocquet16_input.npz
BT_deep,0046,1.506874201,2.1134890398e+10,1.0325000000e+01,6.0598662499e-02,1.8525551682e-03,355297,2201461,/project/tkcastrosim/HNHuang/project_big_sim/analysis/_used_by_article_nonlinear_evolution_pps/HALOMASS/output/m200c_bocquet16_lowhigh_cache/BT_deep_snap0046_m200c_bocquet16_input.npz
BT_deep,0046,1.506874201,2.9853826189e+10,1.0475000000e+01,4.0946572885e-02,1.5228194310e-03,355297,2201461,/project/tkcastrosim/HNHuang/project_big_sim/analysis/_used_by_article_nonlinear_evolution_pps/HALOMASS/output/m200c_bocquet16_lowhigh_cache/BT_deep_snap0046_m200c_bocquet16_input.npz
BT_deep,0046,1.506874201,4.2169650343e+10,1.0625000000e+01,2.9846257137e-02,1.3001233813e-03,355297,2201461,/project/tkcastrosim/HNHuang/project_big_sim/analysis/_used_by_article_nonlinear_evolution_pps/HALOMASS/output/m200c_bocquet16_lowhigh_cache/BT_deep_snap0046_m200c_bocquet16_input.npz
BT_deep,0046,1.506874201,5.9566214353e+10,1.0775000000e+01,2.2087362967e-02,1.1184370996e-03,355297,2201461,/project/tkcastrosim/HNHuang/project_big_sim/analysis/_used_by_article_nonlinear_evolution_pps/HALOMASS/output/m200c_bocquet16_lowhigh_cache/BT_deep_snap0046_m200c_bocquet16_input.npz
BT_deep,0046,1.506874201,8.4139514165e+10,1.0925000000e+01,1.5800959661e-02,9.4597871074e-04,355297,2201461,/project/tkcastrosim/HNHuang/project_big_sim/analysis/_used_by_article_nonlinear_evolution_pps/HALOMASS/output/m200c_bocquet16_lowhigh_cache/BT_deep_snap0046_m200c_bocquet16_input.npz
BT_deep,0046,1.506874201,1.1885022274e+11,1.1075000000e+01,1.1156950012e-02,7.9489977518e-04,355297,2201461,/project/tkcastrosim/HNHuang/project_big_sim/analysis/_used_by_article_nonlinear_evolution_pps/HALOMASS/output/m200c_bocquet16_lowhigh_cache/BT_deep_snap0046_m200c_bocquet16_input.npz
BT_deep,0046,1.506874201,1.6788040181e+11,1.1225000000e+01,8.2119682826e-03,6.8196684657e-04,355297,2201461,/project/tkcastrosim/HNHuang/project_big_sim/analysis/_used_by_article_nonlinear_evolution_pps/HALOMASS/output/m200c_bocquet16_lowhigh_cache/BT_deep_snap0046_m200c_bocquet16_input.npz
BT_deep,0046,1.506874201,2.3713737057e+11,1.1375000000e+01,6.0598662499e-03,5.8582938225e-04,355297,2201461,/project/tkcastrosim/HNHuang/project_big_sim/analysis/_used_by_article_nonlinear_evolution_pps/HALOMASS/output/m200c_bocquet16_lowhigh_cache/BT_deep_snap0046_m200c_bocquet16_input.npz
BT_deep,0046,1.506874201,3.3496543916e+11,1.1525000000e+01,3.9077642172e-03,4.7043952895e-04,355297,2201461,/project/tkcastrosim/HNHuang/project_big_sim/analysis/_used_by_article_nonlinear_evolution_pps/HALOMASS/output/m200c_bocquet16_lowhigh_cache/BT_deep_snap0046_m200c_bocquet16_input.npz
BT_deep,0046,1.506874201,4.7315125896e+11,1.1675000000e+01,3.2281530490e-03,4.2757931670e-04,355297,2201461,/project/tkcastrosim/HNHuang/project_big_sim/analysis/_used_by_article_nonlinear_evolution_pps/HALOMASS/output/m200c_bocquet16_lowhigh_cache/BT_deep_snap0046_m200c_bocquet16_input.npz
BT_deep,0046,1.506874201,6.6834391757e+11,1.1825000000e+01,1.9821992406e-03,3.3505282439e-04,355297,2201461,/project/tkcastrosim/HNHuang/project_big_sim/analysis/_used_by_article_nonlinear_evolution_pps/HALOMASS/output/m200c_bocquet16_lowhigh_cache/BT_deep_snap0046_m200c_bocquet16_input.npz
BT_deep,0046,1.506874201,9.4406087629e+11,1.1975000000e+01,1.8122964486e-03,3.2037177708e-04,355297,2201461,/project/tkcastrosim/HNHuang/project_big_sim/analysis/_used_by_article_nonlinear_evolution_pps/HALOMASS/output/m200c_bocquet16_lowhigh_cache/BT_deep_snap0046_m200c_bocquet16_input.npz
BT_deep,0046,1.506874201,1.3335214322e+12,1.2125000000e+01,1.1326852804e-03,2.5327612840e-04,355297,2201461,/project/tkcastrosim/HNHuang/project_big_sim/analysis/_used_by_article_nonlinear_evolution_pps/HALOMASS/output/m200c_bocquet16_lowhigh_cache/BT_deep_snap0046_m200c_bocquet16_input.npz
BT_deep,0046,1.506874201,1.8836490895e+12,1.2275000000e+01,8.4951396027e-04,2.1934356137e-04,355297,2201461,/project/tkcastrosim/HNHuang/project_big_sim/analysis/_used_by_article_nonlinear_evolution_pps/HALOMASS/output/m200c_bocquet16_lowhigh_cache/BT_deep_snap0046_m200c_bocquet16_input.npz
BT_deep,0046,1.506874201,2.6607250598e+12,1.2425000000e+01,6.7961116821e-04,1.9618684546e-04,355297,2201461,/project/tkcastrosim/HNHuang/project_big_sim/analysis/_used_by_article_nonlinear_evolution_pps/HALOMASS/output/m200c_bocquet16_lowhigh_cache/BT_deep_snap0046_m200c_bocquet16_input.npz
BT_deep,0046,1.506874201,3.7583740429e+12,1.2575000000e+01,6.2297690420e-04,1.8783460403e-04,355297,2201461,/project/tkcastrosim/HNHuang/project_big_sim/analysis/_used_by_article_nonlinear_evolution_pps/HALOMASS/output/m200c_bocquet16_lowhigh_cache/BT_deep_snap0046_m200c_bocquet16_input.npz
BT_deep,0046,1.506874201,5.3088444423e+12,1.2725000000e+01,2.8317132009e-04,1.2663806420e-04,355297,2201461,/project/tkcastrosim/HNHuang/project_big_sim/analysis/_used_by_article_nonlinear_evolution_pps/HALOMASS/output/m200c_bocquet16_lowhigh_cache/BT_deep_snap0046_m200c_bocquet16_input.npz
BT_deep,0046,1.506874201,7.4989420933e+12,1.2875000000e+01,5.6634264018e-05,5.6634264018e-05,355297,2201461,/project/tkcastrosim/HNHuang/project_big_sim/analysis/_used_by_article_nonlinear_evolution_pps/HALOMASS/output/m200c_bocquet16_lowhigh_cache/BT_deep_snap0046_m200c_bocquet16_input.npz
BT_deep,0046,1.506874201,1.0592537252e+13,1.3025000000e+01,5.6634264018e-05,5.6634264018e-05,355297,2201461,/project/tkcastrosim/HNHuang/project_big_sim/analysis/_used_by_article_nonlinear_evolution_pps/HALOMASS/output/m200c_bocquet16_lowhigh_cache/BT_deep_snap0046_m200c_bocquet16_input.npz
BT_deep,0046,1.506874201,1.4962356561e+13,1.3175000000e+01,5.6634264018e-05,5.6634264018e-05,355297,2201461,/project/tkcastrosim/HNHuang/project_big_sim/analysis/_used_by_article_nonlinear_evolution_pps/HALOMASS/output/m200c_bocquet16_lowhigh_cache/BT_deep_snap0046_m200c_bocquet16_input.npz
BT_deep,0052,0.4150651322,1.6788040181e+08,8.2250000000e+00,8.6967575826e-01,7.0180799727e-03,299288,1838793,/project/tkcastrosim/HNHuang/project_big_sim/analysis/_used_by_article_nonlinear_evolution_pps/HALOMASS/output/m200c_bocquet16_lowhigh_cache/BT_deep_snap0052_m200c_bocquet16_input.npz
BT_deep,0052,0.4150651322,2.3713737057e+08,8.3750000000e+00,4.5957006223e+00,1.6133013432e-02,299288,1838793,/project/tkcastrosim/HNHuang/project_big_sim/analysis/_used_by_article_nonlinear_evolution_pps/HALOMASS/output/m200c_bocquet16_lowhigh_cache/BT_deep_snap0052_m200c_bocquet16_input.npz
BT_deep,0052,0.4150651322,3.3496543916e+08,8.5250000000e+00,3.3219960245e+00,1.3716369779e-02,299288,1838793,/project/tkcastrosim/HNHuang/project_big_sim/analysis/_used_by_article_nonlinear_evolution_pps/HALOMASS/output/m200c_bocquet16_lowhigh_cache/BT_deep_snap0052_m200c_bocquet16_input.npz
BT_deep,0052,0.4150651322,4.7315125896e+08,8.6750000000e+00,2.3905889185e+00,1.1635688375e-02,299288,1838793,/project/tkcastrosim/HNHuang/project_big_sim/analysis/_used_by_article_nonlinear_evolution_pps/HALOMASS/output/m200c_bocquet16_lowhigh_cache/BT_deep_snap0052_m200c_bocquet16_input.npz
BT_deep,0052,0.4150651322,6.6834391757e+08,8.8250000000e+00,1.6832835951e+00,9.7637865372e-03,299288,1838793,/project/tkcastrosim/HNHuang/project_big_sim/analysis/_used_by_article_nonlinear_evolution_pps/HALOMASS/output/m200c_bocquet16_lowhigh_cache/BT_deep_snap0052_m200c_bocquet16_input.npz
BT_deep,0052,0.4150651322,9.4406087629e+08,8.9750000000e+00,1.2039878188e+00,8.2575398274e-03,299288,1838793,/project/tkcastrosim/HNHuang/project_big_sim/analysis/_used_by_article_nonlinear_evolution_pps/HALOMASS/output/m200c_bocquet16_lowhigh_cache/BT_deep_snap0052_m200c_bocquet16_input.npz
BT_deep,0052,0.4150651322,1.3335214322e+09,9.1250000000e+00,8.4288775138e-01,6.9091480986e-03,299288,1838793,/project/tkcastrosim/HNHuang/project_big_sim/analysis/_used_by_article_nonlinear_evolution_pps/HALOMASS/output/m200c_bocquet16_lowhigh_cache/BT_deep_snap0052_m200c_bocquet16_input.npz
BT_deep,0052,0.4150651322,1.8836490895e+09,9.2750000000e+00,5.9426333234e-01,5.8013503997e-03,299288,1838793,/project/tkcastrosim/HNHuang/project_big_sim/analysis/_used_by_article_nonlinear_evolution_pps/HALOMASS/output/m200c_bocquet16_lowhigh_cache/BT_deep_snap0052_m200c_bocquet16_input.npz
BT_deep,0052,0.4150651322,2.6607250598e+09,9.4250000000e+00,4.1835730830e-01,4.8675823827e-03,299288,1838793,/project/tkcastrosim/HNHuang/project_big_sim/analysis/_used_by_article_nonlinear_evolution_pps/HALOMASS/output/m200c_bocquet16_lowhigh_cache/BT_deep_snap0052_m200c_bocquet16_input.npz
BT_deep,0052,0.4150651322,3.7583740429e+09,9.5750000000e+00,3.0095447899e-01,4.1284785842e-03,299288,1838793,/project/tkcastrosim/HNHuang/project_big_sim/analysis/_used_by_article_nonlinear_evolution_pps/HALOMASS/output/m200c_bocquet16_lowhigh_cache/BT_deep_snap0052_m200c_bocquet16_input.npz
BT_deep,0052,0.4150651322,5.3088444423e+09,9.7250000000e+00,2.0677169793e-01,3.4220407555e-03,299288,1838793,/project/tkcastrosim/HNHuang/project_big_sim/analysis/_used_by_article_nonlinear_evolution_pps/HALOMASS/output/m200c_bocquet16_lowhigh_cache/BT_deep_snap0052_m200c_bocquet16_input.npz
BT_deep,0052,0.4150651322,7.4989420933e+09,9.8750000000e+00,1.4753225777e-01,2.8905675632e-03,299288,1838793,/project/tkcastrosim/HNHuang/project_big_sim/analysis/_used_by_article_nonlinear_evolution_pps/HALOMASS/output/m200c_bocquet16_lowhigh_cache/BT_deep_snap0052_m200c_bocquet16_input.npz
BT_deep,0052,0.4150651322,1.0592537252e+10,1.0025000000e+01,1.0279118919e-01,2.4127791750e-03,299288,1838793,/project/tkcastrosim/HNHuang/project_big_sim/analysis/_used_by_article_nonlinear_evolution_pps/HALOMASS/output/m200c_bocquet16_lowhigh_cache/BT_deep_snap0052_m200c_bocquet16_input.npz
BT_deep,0052,0.4150651322,1.4962356561e+10,1.0175000000e+01,7.3907714543e-02,2.0459005397e-03,299288,1838793,/project/tkcastrosim/HNHuang/project_big_sim/analysis/_used_by_article_nonlinear_evolution_pps/HALOMASS/output/m200c_bocquet16_lowhigh_cache/BT_deep_snap0052_m200c_bocquet16_input.npz
BT_deep,0052,0.4150651322,2.1134890398e+10,1.0325000000e+01,5.4652064777e-02,1.7593122138e-03,299288,1838793,/project/tkcastrosim/HNHuang/project_big_sim/analysis/_used_by_article_nonlinear_evolution_pps/HALOMASS/output/m200c_bocquet16_lowhigh_cache/BT_deep_snap0052_m200c_bocquet16_input.npz
BT_deep,0052,0.4150651322,2.9853826189e+10,1.0475000000e+01,3.8341396740e-02,1.4735795824e-03,299288,1838793,/project/tkcastrosim/HNHuang/project_big_sim/analysis/_used_by_article_nonlinear_evolution_pps/HALOMASS/output/m200c_bocquet16_lowhigh_cache/BT_deep_snap0052_m200c_bocquet16_input.npz
BT_deep,0052,0.4150651322,4.2169650343e+10,1.0625000000e+01,2.8543669065e-02,1.2714360738e-03,299288,1838793,/project/tkcastrosim/HNHuang/project_big_sim/analysis/_used_by_article_nonlinear_evolution_pps/HALOMASS/output/m200c_bocquet16_lowhigh_cache/BT_deep_snap0052_m200c_bocquet16_input.npz
BT_deep,0052,0.4150651322,5.9566214353e+10,1.0775000000e+01,1.9482186822e-02,1.0504091166e-03,299288,1838793,/project/tkcastrosim/HNHuang/project_big_sim/analysis/_used_by_article_nonlinear_evolution_pps/HALOMASS/output/m200c_bocquet16_lowhigh_cache/BT_deep_snap0052_m200c_bocquet16_input.npz
BT_deep,0052,0.4150651322,8.4139514165e+10,1.0925000000e+01,1.5177982757e-02,9.2714285992e-04,299288,1838793,/project/tkcastrosim/HNHuang/project_big_sim/analysis/_used_by_article_nonlinear_evolution_pps/HALOMASS/output/m200c_bocquet16_lowhigh_cache/BT_deep_snap0052_m200c_bocquet16_input.npz
BT_deep,0052,0.4150651322,1.1885022274e+11,1.1075000000e+01,1.0590607371e-02,7.7446191254e-04,299288,1838793,/project/tkcastrosim/HNHuang/project_big_sim/analysis/_used_by_article_nonlinear_evolution_pps/HALOMASS/output/m200c_bocquet16_lowhigh_cache/BT_deep_snap0052_m200c_bocquet16_input.npz
BT_deep,0052,0.4150651322,1.6788040181e+11,1.1225000000e+01,7.8155284345e-03,6.6530196212e-04,299288,1838793,/project/tkcastrosim/HNHuang/project_big_sim/analysis/_used_by_article_nonlinear_evolution_pps/HALOMASS/output/m200c_bocquet16_lowhigh_cache/BT_deep_snap0052_m200c_bocquet16_input.npz
BT_deep,0052,0.4150651322,2.3713737057e+11,1.1375000000e+01,6.1731347780e-03,5.9127907525e-04,299288,1838793,/project/tkcastrosim/HNHuang/project_big_sim/analysis/_used_by_article_nonlinear_evolution_pps/HALOMASS/output/m200c_bocquet16_lowhigh_cache/BT_deep_snap0052_m200c_bocquet16_input.npz
BT_deep,0052,0.4150651322,3.3496543916e+11,1.1525000000e+01,3.9643984813e-03,4.7383624836e-04,299288,1838793,/project/tkcastrosim/HNHuang/project_big_sim/analysis/_used_by_article_nonlinear_evolution_pps/HALOMASS/output/m200c_bocquet16_lowhigh_cache/BT_deep_snap0052_m200c_bocquet16_input.npz
BT_deep,0052,0.4150651322,4.7315125896e+11,1.1675000000e+01,2.7750789369e-03,3.9643984813e-04,299288,1838793,/project/tkcastrosim/HNHuang/project_big_sim/analysis/_used_by_article_nonlinear_evolution_pps/HALOMASS/output/m200c_bocquet16_lowhigh_cache/BT_deep_snap0052_m200c_bocquet16_input.npz
BT_deep,0052,0.4150651322,6.6834391757e+11,1.1825000000e+01,2.5485418808e-03,3.7991419260e-04,299288,1838793,/project/tkcastrosim/HNHuang/project_big_sim/analysis/_used_by_article_nonlinear_evolution_pps/HALOMASS/output/m200c_bocquet16_lowhigh_cache/BT_deep_snap0052_m200c_bocquet16_input.npz
BT_deep,0052,0.4150651322,9.4406087629e+11,1.1975000000e+01,2.2653705607e-03,3.5818653581e-04,299288,1838793,/project/tkcastrosim/HNHuang/project_big_sim/analysis/_used_by_article_nonlinear_evolution_pps/HALOMASS/output/m200c_bocquet16_lowhigh_cache/BT_deep_snap0052_m200c_bocquet16_input.npz
BT_deep,0052,0.4150651322,1.3335214322e+12,1.2125000000e+01,1.1893195444e-03,2.5953080179e-04,299288,1838793,/project/tkcastrosim/HNHuang/project_big_sim/analysis/_used_by_article_nonlinear_evolution_pps/HALOMASS/output/m200c_bocquet16_lowhigh_cache/BT_deep_snap0052_m200c_bocquet16_input.npz
BT_deep,0052,0.4150651322,1.8836490895e+12,1.2275000000e+01,1.1326852804e-03,2.5327612840e-04,299288,1838793,/project/tkcastrosim/HNHuang/project_big_sim/analysis/_used_by_article_nonlinear_evolution_pps/HALOMASS/output/m200c_bocquet16_lowhigh_cache/BT_deep_snap0052_m200c_bocquet16_input.npz
BT_deep,0052,0.4150651322,2.6607250598e+12,1.2425000000e+01,5.6634264018e-04,1.7909326790e-04,299288,1838793,/project/tkcastrosim/HNHuang/project_big_sim/analysis/_used_by_article_nonlinear_evolution_pps/HALOMASS/output/m200c_bocquet16_lowhigh_cache/BT_deep_snap0052_m200c_bocquet16_input.npz
BT_deep,0052,0.4150651322,3.7583740429e+12,1.2575000000e+01,3.9643984813e-04,1.4984017828e-04,299288,1838793,/project/tkcastrosim/HNHuang/project_big_sim/analysis/_used_by_article_nonlinear_evolution_pps/HALOMASS/output/m200c_bocquet16_lowhigh_cache/BT_deep_snap0052_m200c_bocquet16_input.npz
BT_deep,0052,0.4150651322,5.3088444423e+12,1.2725000000e+01,6.2297690420e-04,1.8783460403e-04,299288,1838793,/project/tkcastrosim/HNHuang/project_big_sim/analysis/_used_by_article_nonlinear_evolution_pps/HALOMASS/output/m200c_bocquet16_lowhigh_cache/BT_deep_snap0052_m200c_bocquet16_input.npz
BT_deep,0052,0.4150651322,7.4989420933e+12,1.2875000000e+01,2.2653705607e-04,1.1326852804e-04,299288,1838793,/project/tkcastrosim/HNHuang/project_big_sim/analysis/_used_by_article_nonlinear_evolution_pps/HALOMASS/output/m200c_bocquet16_lowhigh_cache/BT_deep_snap0052_m200c_bocquet16_input.npz
BT_deep,0052,0.4150651322,1.0592537252e+13,1.3025000000e+01,4.5307411214e-04,1.6018588854e-04,299288,1838793,/project/tkcastrosim/HNHuang/project_big_sim/analysis/_used_by_article_nonlinear_evolution_pps/HALOMASS/output/m200c_bocquet16_lowhigh_cache/BT_deep_snap0052_m200c_bocquet16_input.npz
BT_deep,0052,0.4150651322,1.4962356561e+13,1.3175000000e+01,2.2653705607e-04,1.1326852804e-04,299288,1838793,/project/tkcastrosim/HNHuang/project_big_sim/analysis/_used_by_article_nonlinear_evolution_pps/HALOMASS/output/m200c_bocquet16_lowhigh_cache/BT_deep_snap0052_m200c_bocquet16_input.npz
BT_deep,0052,0.4150651322,2.1134890398e+13,1.3325000000e+01,1.1326852804e-04,8.0092944269e-05,299288,1838793,/project/tkcastrosim/HNHuang/project_big_sim/analysis/_used_by_article_nonlinear_evolution_pps/HALOMASS/output/m200c_bocquet16_lowhigh_cache/BT_deep_snap0052_m200c_bocquet16_input.npz
BT_deep,0056,0,1.6788040181e+08,8.2250000000e+00,7.6818715714e-01,6.5958861628e-03,262448,1688882,/project/tkcastrosim/HNHuang/project_big_sim/analysis/_used_by_article_nonlinear_evolution_pps/HALOMASS/output/m200c_bocquet16_lowhigh_cache/BT_deep_snap0056_m200c_bocquet16_input.npz
BT_deep,0056,0,2.3713737057e+08,8.3750000000e+00,4.0040424661e+00,1.5058751547e-02,262448,1688882,/project/tkcastrosim/HNHuang/project_big_sim/analysis/_used_by_article_nonlinear_evolution_pps/HALOMASS/output/m200c_bocquet16_lowhigh_cache/BT_deep_snap0056_m200c_bocquet16_input.npz
BT_deep,0056,0,3.3496543916e+08,8.5250000000e+00,2.8962196276e+00,1.2807234949e-02,262448,1688882,/project/tkcastrosim/HNHuang/project_big_sim/analysis/_used_by_article_nonlinear_evolution_pps/HALOMASS/output/m200c_bocquet16_lowhigh_cache/BT_deep_snap0056_m200c_bocquet16_input.npz
BT_deep,0056,0,4.7315125896e+08,8.6750000000e+00,2.0876522402e+00,1.0873483717e-02,262448,1688882,/project/tkcastrosim/HNHuang/project_big_sim/analysis/_used_by_article_nonlinear_evolution_pps/HALOMASS/output/m200c_bocquet16_lowhigh_cache/BT_deep_snap0056_m200c_bocquet16_input.npz
BT_deep,0056,0,6.6834391757e+08,8.8250000000e+00,1.4812691754e+00,9.1591806162e-03,262448,1688882,/project/tkcastrosim/HNHuang/project_big_sim/analysis/_used_by_article_nonlinear_evolution_pps/HALOMASS/output/m200c_bocquet16_lowhigh_cache/BT_deep_snap0056_m200c_bocquet16_input.npz
BT_deep,0056,0,9.4406087629e+08,8.9750000000e+00,1.0595138112e+00,7.7462755513e-03,262448,1688882,/project/tkcastrosim/HNHuang/project_big_sim/analysis/_used_by_article_nonlinear_evolution_pps/HALOMASS/output/m200c_bocquet16_lowhigh_cache/BT_deep_snap0056_m200c_bocquet16_input.npz
BT_deep,0056,0,1.3335214322e+09,9.1250000000e+00,7.4938458148e-01,6.5146637856e-03,262448,1688882,/project/tkcastrosim/HNHuang/project_big_sim/analysis/_used_by_article_nonlinear_evolution_pps/HALOMASS/output/m200c_bocquet16_lowhigh_cache/BT_deep_snap0056_m200c_bocquet16_input.npz
BT_deep,0056,0,1.8836490895e+09,9.2750000000e+00,5.2522616450e-01,5.4539707800e-03,262448,1688882,/project/tkcastrosim/HNHuang/project_big_sim/analysis/_used_by_article_nonlinear_evolution_pps/HALOMASS/output/m200c_bocquet16_lowhigh_cache/BT_deep_snap0056_m200c_bocquet16_input.npz
BT_deep,0056,0,2.6607250598e+09,9.4250000000e+00,3.6800944759e-01,4.5652978233e-03,262448,1688882,/project/tkcastrosim/HNHuang/project_big_sim/analysis/_used_by_article_nonlinear_evolution_pps/HALOMASS/output/m200c_bocquet16_lowhigh_cache/BT_deep_snap0056_m200c_bocquet16_input.npz
BT_deep,0056,0,3.7583740429e+09,9.5750000000e+00,2.6312279063e-01,3.8602805071e-03,262448,1688882,/project/tkcastrosim/HNHuang/project_big_sim/analysis/_used_by_article_nonlinear_evolution_pps/HALOMASS/output/m200c_bocquet16_lowhigh_cache/BT_deep_snap0056_m200c_bocquet16_input.npz
BT_deep,0056,0,5.3088444423e+09,9.7250000000e+00,1.8672316847e-01,3.2519116257e-03,262448,1688882,/project/tkcastrosim/HNHuang/project_big_sim/analysis/_used_by_article_nonlinear_evolution_pps/HALOMASS/output/m200c_bocquet16_lowhigh_cache/BT_deep_snap0056_m200c_bocquet16_input.npz
BT_deep,0056,0,7.4989420933e+09,9.8750000000e+00,1.3422320572e-01,2.7571058141e-03,262448,1688882,/project/tkcastrosim/HNHuang/project_big_sim/analysis/_used_by_article_nonlinear_evolution_pps/HALOMASS/output/m200c_bocquet16_lowhigh_cache/BT_deep_snap0056_m200c_bocquet16_input.npz
BT_deep,0056,0,1.0592537252e+10,1.0025000000e+01,9.2540387405e-02,2.2893135942e-03,262448,1688882,/project/tkcastrosim/HNHuang/project_big_sim/analysis/_used_by_article_nonlinear_evolution_pps/HALOMASS/output/m200c_bocquet16_lowhigh_cache/BT_deep_snap0056_m200c_bocquet16_input.npz
BT_deep,0056,0,1.4962356561e+10,1.0175000000e+01,6.7791214029e-02,1.9594145844e-03,262448,1688882,/project/tkcastrosim/HNHuang/project_big_sim/analysis/_used_by_article_nonlinear_evolution_pps/HALOMASS/output/m200c_bocquet16_lowhigh_cache/BT_deep_snap0056_m200c_bocquet16_input.npz
BT_deep,0056,0,2.1134890398e+10,1.0325000000e+01,4.7346244719e-02,1.6375041141e-03,262448,1688882,/project/tkcastrosim/HNHuang/project_big_sim/analysis/_used_by_article_nonlinear_evolution_pps/HALOMASS/output/m200c_bocquet16_lowhigh_cache/BT_deep_snap0056_m200c_bocquet16_input.npz
BT_deep,0056,0,2.9853826189e+10,1.0475000000e+01,3.5566317803e-02,1.4192505884e-03,262448,1688882,/project/tkcastrosim/HNHuang/project_big_sim/analysis/_used_by_article_nonlinear_evolution_pps/HALOMASS/output/m200c_bocquet16_lowhigh_cache/BT_deep_snap0056_m200c_bocquet16_input.npz
BT_deep,0056,0,4.2169650343e+10,1.0625000000e+01,2.6334932768e-02,1.2212532642e-03,262448,1688882,/project/tkcastrosim/HNHuang/project_big_sim/analysis/_used_by_article_nonlinear_evolution_pps/HALOMASS/output/m200c_bocquet16_lowhigh_cache/BT_deep_snap0056_m200c_bocquet16_input.npz
BT_deep,0056,0,5.9566214353e+10,1.0775000000e+01,1.8576038598e-02,1.0256901454e-03,262448,1688882,/project/tkcastrosim/HNHuang/project_big_sim/analysis/_used_by_article_nonlinear_evolution_pps/HALOMASS/output/m200c_bocquet16_lowhigh_cache/BT_deep_snap0056_m200c_bocquet16_input.npz
BT_deep,0056,0,8.4139514165e+10,1.0925000000e+01,1.3478954836e-02,8.7371087145e-04,262448,1688882,/project/tkcastrosim/HNHuang/project_big_sim/analysis/_used_by_article_nonlinear_evolution_pps/HALOMASS/output/m200c_bocquet16_lowhigh_cache/BT_deep_snap0056_m200c_bocquet16_input.npz
BT_deep,0056,0,1.1885022274e+11,1.1075000000e+01,1.1043681483e-02,7.9085445745e-04,262448,1688882,/project/tkcastrosim/HNHuang/project_big_sim/analysis/_used_by_article_nonlinear_evolution_pps/HALOMASS/output/m200c_bocquet16_lowhigh_cache/BT_deep_snap0056_m200c_bocquet16_input.npz
BT_deep,0056,0,1.6788040181e+11,1.1225000000e+01,7.0792830022e-03,6.3319032100e-04,262448,1688882,/project/tkcastrosim/HNHuang/project_big_sim/analysis/_used_by_article_nonlinear_evolution_pps/HALOMASS/output/m200c_bocquet16_lowhigh_cache/BT_deep_snap0056_m200c_bocquet16_input.npz
BT_deep,0056,0,2.3713737057e+11,1.1375000000e+01,4.8705467055e-03,5.2520455828e-04,262448,1688882,/project/tkcastrosim/HNHuang/project_big_sim/analysis/_used_by_article_nonlinear_evolution_pps/HALOMASS/output/m200c_bocquet16_lowhigh_cache/BT_deep_snap0056_m200c_bocquet16_input.npz
BT_deep,0056,0,3.3496543916e+11,1.1525000000e+01,3.3414215771e-03,4.3501603624e-04,262448,1688882,/project/tkcastrosim/HNHuang/project_big_sim/analysis/_used_by_article_nonlinear_evolution_pps/HALOMASS/output/m200c_bocquet16_lowhigh_cache/BT_deep_snap0056_m200c_bocquet16_input.npz
BT_deep,0056,0,4.7315125896e+11,1.1675000000e+01,3.1715187850e-03,4.2381202461e-04,262448,1688882,/project/tkcastrosim/HNHuang/project_big_sim/analysis/_used_by_article_nonlinear_evolution_pps/HALOMASS/output/m200c_bocquet16_lowhigh_cache/BT_deep_snap0056_m200c_bocquet16_input.npz
BT_deep,0056,0,6.6834391757e+11,1.1825000000e+01,2.2087362967e-03,3.5368086543e-04,262448,1688882,/project/tkcastrosim/HNHuang/project_big_sim/analysis/_used_by_article_nonlinear_evolution_pps/HALOMASS/output/m200c_bocquet16_lowhigh_cache/BT_deep_snap0056_m200c_bocquet16_input.npz
BT_deep,0056,0,9.4406087629e+11,1.1975000000e+01,2.1521020327e-03,3.4911705016e-04,262448,1688882,/project/tkcastrosim/HNHuang/project_big_sim/analysis/_used_by_article_nonlinear_evolution_pps/HALOMASS/output/m200c_bocquet16_lowhigh_cache/BT_deep_snap0056_m200c_bocquet16_input.npz
BT_deep,0056,0,1.3335214322e+12,1.2125000000e+01,1.0194167523e-03,2.4027883281e-04,262448,1688882,/project/tkcastrosim/HNHuang/project_big_sim/analysis/_used_by_article_nonlinear_evolution_pps/HALOMASS/output/m200c_bocquet16_lowhigh_cache/BT_deep_snap0056_m200c_bocquet16_input.npz
BT_deep,0056,0,1.8836490895e+12,1.2275000000e+01,8.4951396027e-04,2.1934356137e-04,262448,1688882,/project/tkcastrosim/HNHuang/project_big_sim/analysis/_used_by_article_nonlinear_evolution_pps/HALOMASS/output/m200c_bocquet16_lowhigh_cache/BT_deep_snap0056_m200c_bocquet16_input.npz
BT_deep,0056,0,2.6607250598e+12,1.2425000000e+01,5.6634264018e-04,1.7909326790e-04,262448,1688882,/project/tkcastrosim/HNHuang/project_big_sim/analysis/_used_by_article_nonlinear_evolution_pps/HALOMASS/output/m200c_bocquet16_lowhigh_cache/BT_deep_snap0056_m200c_bocquet16_input.npz
BT_deep,0056,0,3.7583740429e+12,1.2575000000e+01,2.8317132009e-04,1.2663806420e-04,262448,1688882,/project/tkcastrosim/HNHuang/project_big_sim/analysis/_used_by_article_nonlinear_evolution_pps/HALOMASS/output/m200c_bocquet16_lowhigh_cache/BT_deep_snap0056_m200c_bocquet16_input.npz
BT_deep,0056,0,5.3088444423e+12,1.2725000000e+01,3.9643984813e-04,1.4984017828e-04,262448,1688882,/project/tkcastrosim/HNHuang/project_big_sim/analysis/_used_by_article_nonlinear_evolution_pps/HALOMASS/output/m200c_bocquet16_lowhigh_cache/BT_deep_snap0056_m200c_bocquet16_input.npz
BT_deep,0056,0,7.4989420933e+12,1.2875000000e+01,3.3980558411e-04,1.3872504880e-04,262448,1688882,/project/tkcastrosim/HNHuang/project_big_sim/analysis/_used_by_article_nonlinear_evolution_pps/HALOMASS/output/m200c_bocquet16_lowhigh_cache/BT_deep_snap0056_m200c_bocquet16_input.npz
BT_deep,0056,0,1.0592537252e+13,1.3025000000e+01,3.9643984813e-04,1.4984017828e-04,262448,1688882,/project/tkcastrosim/HNHuang/project_big_sim/analysis/_used_by_article_nonlinear_evolution_pps/HALOMASS/output/m200c_bocquet16_lowhigh_cache/BT_deep_snap0056_m200c_bocquet16_input.npz
BT_deep,0056,0,1.4962356561e+13,1.3175000000e+01,3.9643984813e-04,1.4984017828e-04,262448,1688882,/project/tkcastrosim/HNHuang/project_big_sim/analysis/_used_by_article_nonlinear_evolution_pps/HALOMASS/output/m200c_bocquet16_lowhigh_cache/BT_deep_snap0056_m200c_bocquet16_input.npz
BT_deep,0056,0,2.1134890398e+13,1.3325000000e+01,5.6634264018e-05,5.6634264018e-05,262448,1688882,/project/tkcastrosim/HNHuang/project_big_sim/analysis/_used_by_article_nonlinear_evolution_pps/HALOMASS/output/m200c_bocquet16_lowhigh_cache/BT_deep_snap0056_m200c_bocquet16_input.npz
BT_deep,0056,0,2.9853826189e+13,1.3475000000e+01,1.1326852804e-04,8.0092944269e-05,262448,1688882,/project/tkcastrosim/HNHuang/project_big_sim/analysis/_used_by_article_nonlinear_evolution_pps/HALOMASS/output/m200c_bocquet16_lowhigh_cache/BT_deep_snap0056_m200c_bocquet16_input.npz
BT_deep,0056,0,4.2169650343e+13,1.3625000000e+01,5.6634264018e-05,5.6634264018e-05,262448,1688882,/project/tkcastrosim/HNHuang/project_big_sim/analysis/_used_by_article_nonlinear_evolution_pps/HALOMASS/output/m200c_bocquet16_lowhigh_cache/BT_deep_snap0056_m200c_bocquet16_input.npz
BT_soft,0024,19.40664523,1.6788040181e+08,8.2250000000e+00,3.2423116150e-01,4.2851596474e-03,61128,1228981,/project/tkcastrosim/HNHuang/project_big_sim/analysis/_used_by_article_nonlinear_evolution_pps/HALOMASS/output/m200c_bocquet16_lowhigh_cache/BT_soft_snap0024_m200c_bocquet16_input.npz
BT_soft,0024,19.40664523,2.3713737057e+08,8.3750000000e+00,1.5070377655e+00,9.2385050034e-03,61128,1228981,/project/tkcastrosim/HNHuang/project_big_sim/analysis/_used_by_article_nonlinear_evolution_pps/HALOMASS/output/m200c_bocquet16_lowhigh_cache/BT_soft_snap0024_m200c_bocquet16_input.npz
BT_soft,0024,19.40664523,3.3496543916e+08,8.5250000000e+00,8.1796867521e-01,6.8062510907e-03,61128,1228981,/project/tkcastrosim/HNHuang/project_big_sim/analysis/_used_by_article_nonlinear_evolution_pps/HALOMASS/output/m200c_bocquet16_lowhigh_cache/BT_soft_snap0024_m200c_bocquet16_input.npz
BT_soft,0024,19.40664523,4.7315125896e+08,8.6750000000e+00,4.2730552202e-01,4.9193631448e-03,61128,1228981,/project/tkcastrosim/HNHuang/project_big_sim/analysis/_used_by_article_nonlinear_evolution_pps/HALOMASS/output/m200c_bocquet16_lowhigh_cache/BT_soft_snap0024_m200c_bocquet16_input.npz
BT_soft,0024,19.40664523,6.6834391757e+08,8.8250000000e+00,2.1164224463e-01,3.4621095823e-03,61128,1228981,/project/tkcastrosim/HNHuang/project_big_sim/analysis/_used_by_article_nonlinear_evolution_pps/HALOMASS/output/m200c_bocquet16_lowhigh_cache/BT_soft_snap0024_m200c_bocquet16_input.npz
BT_soft,0024,19.40664523,9.4406087629e+08,8.9750000000e+00,1.0001611026e-01,2.3799871416e-03,61128,1228981,/project/tkcastrosim/HNHuang/project_big_sim/analysis/_used_by_article_nonlinear_evolution_pps/HALOMASS/output/m200c_bocquet16_lowhigh_cache/BT_soft_snap0024_m200c_bocquet16_input.npz
BT_soft,0024,19.40664523,1.3335214322e+09,9.1250000000e+00,4.3438480502e-02,1.5684726243e-03,61128,1228981,/project/tkcastrosim/HNHuang/project_big_sim/analysis/_used_by_article_nonlinear_evolution_pps/HALOMASS/output/m200c_bocquet16_lowhigh_cache/BT_soft_snap0024_m200c_bocquet16_input.npz
BT_soft,0024,19.40664523,1.8836490895e+09,9.2750000000e+00,2.0048529462e-02,1.0655673187e-03,61128,1228981,/project/tkcastrosim/HNHuang/project_big_sim/analysis/_used_by_article_nonlinear_evolution_pps/HALOMASS/output/m200c_bocquet16_lowhigh_cache/BT_soft_snap0024_m200c_bocquet16_input.npz
BT_soft,0024,19.40664523,2.6607250598e+09,9.4250000000e+00,7.4757228504e-03,6.5067815518e-04,61128,1228981,/project/tkcastrosim/HNHuang/project_big_sim/analysis/_used_by_article_nonlinear_evolution_pps/HALOMASS/output/m200c_bocquet16_lowhigh_cache/BT_soft_snap0024_m200c_bocquet16_input.npz
BT_soft,0024,19.40664523,3.7583740429e+09,9.5750000000e+00,1.6423936565e-03,3.0498484547e-04,61128,1228981,/project/tkcastrosim/HNHuang/project_big_sim/analysis/_used_by_article_nonlinear_evolution_pps/HALOMASS/output/m200c_bocquet16_lowhigh_cache/BT_soft_snap0024_m200c_bocquet16_input.npz
BT_soft,0024,19.40664523,5.3088444423e+09,9.7250000000e+00,8.4951396027e-04,2.1934356137e-04,61128,1228981,/project/tkcastrosim/HNHuang/project_big_sim/analysis/_used_by_article_nonlinear_evolution_pps/HALOMASS/output/m200c_bocquet16_lowhigh_cache/BT_soft_snap0024_m200c_bocquet16_input.npz
BT_soft,0024,19.40664523,7.4989420933e+09,9.8750000000e+00,2.2653705607e-04,1.1326852804e-04,61128,1228981,/project/tkcastrosim/HNHuang/project_big_sim/analysis/_used_by_article_nonlinear_evolution_pps/HALOMASS/output/m200c_bocquet16_lowhigh_cache/BT_soft_snap0024_m200c_bocquet16_input.npz
BT_soft,0024,19.40664523,1.0592537252e+10,1.0025000000e+01,5.6634264018e-05,5.6634264018e-05,61128,1228981,/project/tkcastrosim/HNHuang/project_big_sim/analysis/_used_by_article_nonlinear_evolution_pps/HALOMASS/output/m200c_bocquet16_lowhigh_cache/BT_soft_snap0024_m200c_bocquet16_input.npz
BT_soft,0027,14.3318146,1.6788040181e+08,8.2250000000e+00,7.9588131224e-01,6.7137286484e-03,194580,2214354,/project/tkcastrosim/HNHuang/project_big_sim/analysis/_used_by_article_nonlinear_evolution_pps/HALOMASS/output/m200c_bocquet16_lowhigh_cache/BT_soft_snap0027_m200c_bocquet16_input.npz
BT_soft,0027,14.3318146,2.3713737057e+08,8.3750000000e+00,4.0125376057e+00,1.5074717713e-02,194580,2214354,/project/tkcastrosim/HNHuang/project_big_sim/analysis/_used_by_article_nonlinear_evolution_pps/HALOMASS/output/m200c_bocquet16_lowhigh_cache/BT_soft_snap0027_m200c_bocquet16_input.npz
BT_soft,0027,14.3318146,3.3496543916e+08,8.5250000000e+00,2.5252651983e+00,1.1958952126e-02,194580,2214354,/project/tkcastrosim/HNHuang/project_big_sim/analysis/_used_by_article_nonlinear_evolution_pps/HALOMASS/output/m200c_bocquet16_lowhigh_cache/BT_soft_snap0027_m200c_bocquet16_input.npz
BT_soft,0027,14.3318146,4.7315125896e+08,8.6750000000e+00,1.5669568168e+00,9.4203739878e-03,194580,2214354,/project/tkcastrosim/HNHuang/project_big_sim/analysis/_used_by_article_nonlinear_evolution_pps/HALOMASS/output/m200c_bocquet16_lowhigh_cache/BT_soft_snap0027_m200c_bocquet16_input.npz
BT_soft,0027,14.3318146,6.6834391757e+08,8.8250000000e+00,9.4058185681e-01,7.2985725460e-03,194580,2214354,/project/tkcastrosim/HNHuang/project_big_sim/analysis/_used_by_article_nonlinear_evolution_pps/HALOMASS/output/m200c_bocquet16_lowhigh_cache/BT_soft_snap0027_m200c_bocquet16_input.npz
BT_soft,0027,14.3318146,9.4406087629e+08,8.9750000000e+00,5.5224070844e-01,5.5924722693e-03,194580,2214354,/project/tkcastrosim/HNHuang/project_big_sim/analysis/_used_by_article_nonlinear_evolution_pps/HALOMASS/output/m200c_bocquet16_lowhigh_cache/BT_soft_snap0027_m200c_bocquet16_input.npz
BT_soft,0027,14.3318146,1.3335214322e+09,9.1250000000e+00,3.0248360412e-01,4.1389535268e-03,194580,2214354,/project/tkcastrosim/HNHuang/project_big_sim/analysis/_used_by_article_nonlinear_evolution_pps/HALOMASS/output/m200c_bocquet16_lowhigh_cache/BT_soft_snap0027_m200c_bocquet16_input.npz
BT_soft,0027,14.3318146,1.8836490895e+09,9.2750000000e+00,1.6225716641e-01,3.0313883290e-03,194580,2214354,/project/tkcastrosim/HNHuang/project_big_sim/analysis/_used_by_article_nonlinear_evolution_pps/HALOMASS/output/m200c_bocquet16_lowhigh_cache/BT_soft_snap0027_m200c_bocquet16_input.npz
BT_soft,0027,14.3318146,2.6607250598e+09,9.4250000000e+00,8.9482137148e-02,2.2511674705e-03,194580,2214354,/project/tkcastrosim/HNHuang/project_big_sim/analysis/_used_by_article_nonlinear_evolution_pps/HALOMASS/output/m200c_bocquet16_lowhigh_cache/BT_soft_snap0027_m200c_bocquet16_input.npz
BT_soft,0027,14.3318146,3.7583740429e+09,9.5750000000e+00,4.0833304357e-02,1.5207117214e-03,194580,2214354,/project/tkcastrosim/HNHuang/project_big_sim/analysis/_used_by_article_nonlinear_evolution_pps/HALOMASS/output/m200c_bocquet16_lowhigh_cache/BT_soft_snap0027_m200c_bocquet16_input.npz
BT_soft,0027,14.3318146,5.3088444423e+09,9.7250000000e+00,1.8632672862e-02,1.0272525075e-03,194580,2214354,/project/tkcastrosim/HNHuang/project_big_sim/analysis/_used_by_article_nonlinear_evolution_pps/HALOMASS/output/m200c_bocquet16_lowhigh_cache/BT_soft_snap0027_m200c_bocquet16_input.npz
BT_soft,0027,14.3318146,7.4989420933e+09,9.8750000000e+00,7.5323571144e-03,6.5313819479e-04,194580,2214354,/project/tkcastrosim/HNHuang/project_big_sim/analysis/_used_by_article_nonlinear_evolution_pps/HALOMASS/output/m200c_bocquet16_lowhigh_cache/BT_soft_snap0027_m200c_bocquet16_input.npz
BT_soft,0027,14.3318146,1.0592537252e+10,1.0025000000e+01,3.4546901051e-03,4.4232774219e-04,194580,2214354,/project/tkcastrosim/HNHuang/project_big_sim/analysis/_used_by_article_nonlinear_evolution_pps/HALOMASS/output/m200c_bocquet16_lowhigh_cache/BT_soft_snap0027_m200c_bocquet16_input.npz
BT_soft,0027,14.3318146,1.4962356561e+10,1.0175000000e+01,1.1326852804e-03,2.5327612840e-04,194580,2214354,/project/tkcastrosim/HNHuang/project_big_sim/analysis/_used_by_article_nonlinear_evolution_pps/HALOMASS/output/m200c_bocquet16_lowhigh_cache/BT_soft_snap0027_m200c_bocquet16_input.npz
BT_soft,0027,14.3318146,2.1134890398e+10,1.0325000000e+01,2.8317132009e-04,1.2663806420e-04,194580,2214354,/project/tkcastrosim/HNHuang/project_big_sim/analysis/_used_by_article_nonlinear_evolution_pps/HALOMASS/output/m200c_bocquet16_lowhigh_cache/BT_soft_snap0027_m200c_bocquet16_input.npz
BT_soft,0027,14.3318146,2.9853826189e+10,1.0475000000e+01,2.2653705607e-04,1.1326852804e-04,194580,2214354,/project/tkcastrosim/HNHuang/project_big_sim/analysis/_used_by_article_nonlinear_evolution_pps/HALOMASS/output/m200c_bocquet16_lowhigh_cache/BT_soft_snap0027_m200c_bocquet16_input.npz
BT_soft,0027,14.3318146,4.2169650343e+10,1.0625000000e+01,1.1326852804e-04,8.0092944269e-05,194580,2214354,/project/tkcastrosim/HNHuang/project_big_sim/analysis/_used_by_article_nonlinear_evolution_pps/HALOMASS/output/m200c_bocquet16_lowhigh_cache/BT_soft_snap0027_m200c_bocquet16_input.npz
BT_soft,0030,10.51901923,1.6788040181e+08,8.2250000000e+00,1.2210913665e+00,8.3159852597e-03,349927,2865459,/project/tkcastrosim/HNHuang/project_big_sim/analysis/_used_by_article_nonlinear_evolution_pps/HALOMASS/output/m200c_bocquet16_lowhigh_cache/BT_soft_snap0030_m200c_bocquet16_input.npz
BT_soft,0030,10.51901923,2.3713737057e+08,8.3750000000e+00,6.3097932570e+00,1.8903716492e-02,349927,2865459,/project/tkcastrosim/HNHuang/project_big_sim/analysis/_used_by_article_nonlinear_evolution_pps/HALOMASS/output/m200c_bocquet16_lowhigh_cache/BT_soft_snap0030_m200c_bocquet16_input.npz
BT_soft,0030,10.51901923,3.3496543916e+08,8.5250000000e+00,4.3002963011e+00,1.5605900041e-02,349927,2865459,/project/tkcastrosim/HNHuang/project_big_sim/analysis/_used_by_article_nonlinear_evolution_pps/HALOMASS/output/m200c_bocquet16_lowhigh_cache/BT_soft_snap0030_m200c_bocquet16_input.npz
BT_soft,0030,10.51901923,4.7315125896e+08,8.6750000000e+00,2.8805885707e+00,1.2772627515e-02,349927,2865459,/project/tkcastrosim/HNHuang/project_big_sim/analysis/_used_by_article_nonlinear_evolution_pps/HALOMASS/output/m200c_bocquet16_lowhigh_cache/BT_soft_snap0030_m200c_bocquet16_input.npz
BT_soft,0030,10.51901923,6.6834391757e+08,8.8250000000e+00,1.8903384644e+00,1.0346880094e-02,349927,2865459,/project/tkcastrosim/HNHuang/project_big_sim/analysis/_used_by_article_nonlinear_evolution_pps/HALOMASS/output/m200c_bocquet16_lowhigh_cache/BT_soft_snap0030_m200c_bocquet16_input.npz
BT_soft,0030,10.51901923,9.4406087629e+08,8.9750000000e+00,1.2307191914e+00,8.3487050263e-03,349927,2865459,/project/tkcastrosim/HNHuang/project_big_sim/analysis/_used_by_article_nonlinear_evolution_pps/HALOMASS/output/m200c_bocquet16_lowhigh_cache/BT_soft_snap0030_m200c_bocquet16_input.npz
BT_soft,0030,10.51901923,1.3335214322e+09,9.1250000000e+00,7.8676319574e-01,6.6751595147e-03,349927,2865459,/project/tkcastrosim/HNHuang/project_big_sim/analysis/_used_by_article_nonlinear_evolution_pps/HALOMASS/output/m200c_bocquet16_lowhigh_cache/BT_soft_snap0030_m200c_bocquet16_input.npz
BT_soft,0030,10.51901923,1.8836490895e+09,9.2750000000e+00,4.9872132894e-01,5.3145757511e-03,349927,2865459,/project/tkcastrosim/HNHuang/project_big_sim/analysis/_used_by_article_nonlinear_evolution_pps/HALOMASS/output/m200c_bocquet16_lowhigh_cache/BT_soft_snap0030_m200c_bocquet16_input.npz
BT_soft,0030,10.51901923,2.6607250598e+09,9.4250000000e+00,3.0327648382e-01,4.1443745553e-03,349927,2865459,/project/tkcastrosim/HNHuang/project_big_sim/analysis/_used_by_article_nonlinear_evolution_pps/HALOMASS/output/m200c_bocquet16_lowhigh_cache/BT_soft_snap0030_m200c_bocquet16_input.npz
BT_soft,0030,10.51901923,3.7583740429e+09,9.5750000000e+00,1.7913417709e-01,3.1851424269e-03,349927,2865459,/project/tkcastrosim/HNHuang/project_big_sim/analysis/_used_by_article_nonlinear_evolution_pps/HALOMASS/output/m200c_bocquet16_lowhigh_cache/BT_soft_snap0030_m200c_bocquet16_input.npz
BT_soft,0030,10.51901923,5.3088444423e+09,9.7250000000e+00,1.0358406889e-01,2.4220667839e-03,349927,2865459,/project/tkcastrosim/HNHuang/project_big_sim/analysis/_used_by_article_nonlinear_evolution_pps/HALOMASS/output/m200c_bocquet16_lowhigh_cache/BT_soft_snap0030_m200c_bocquet16_input.npz
BT_soft,0030,10.51901923,7.4989420933e+09,9.8750000000e+00,5.4878601833e-02,1.7629546861e-03,349927,2865459,/project/tkcastrosim/HNHuang/project_big_sim/analysis/_used_by_article_nonlinear_evolution_pps/HALOMASS/output/m200c_bocquet16_lowhigh_cache/BT_soft_snap0030_m200c_bocquet16_input.npz
BT_soft,0030,10.51901923,1.0592537252e+10,1.0025000000e+01,3.1262113738e-02,1.3306039242e-03,349927,2865459,/project/tkcastrosim/HNHuang/project_big_sim/analysis/_used_by_article_nonlinear_evolution_pps/HALOMASS/output/m200c_bocquet16_lowhigh_cache/BT_soft_snap0030_m200c_bocquet16_input.npz
BT_soft,0030,10.51901923,1.4962356561e+10,1.0175000000e+01,1.4328468797e-02,9.0082311515e-04,349927,2865459,/project/tkcastrosim/HNHuang/project_big_sim/analysis/_used_by_article_nonlinear_evolution_pps/HALOMASS/output/m200c_bocquet16_lowhigh_cache/BT_soft_snap0030_m200c_bocquet16_input.npz
BT_soft,0030,10.51901923,2.1134890398e+10,1.0325000000e+01,6.9660144742e-03,6.2810437260e-04,349927,2865459,/project/tkcastrosim/HNHuang/project_big_sim/analysis/_used_by_article_nonlinear_evolution_pps/HALOMASS/output/m200c_bocquet16_lowhigh_cache/BT_soft_snap0030_m200c_bocquet16_input.npz
BT_soft,0030,10.51901923,2.9853826189e+10,1.0475000000e+01,3.7944956892e-03,4.6357142996e-04,349927,2865459,/project/tkcastrosim/HNHuang/project_big_sim/analysis/_used_by_article_nonlinear_evolution_pps/HALOMASS/output/m200c_bocquet16_lowhigh_cache/BT_soft_snap0030_m200c_bocquet16_input.npz
BT_soft,0030,10.51901923,4.2169650343e+10,1.0625000000e+01,1.4158566004e-03,2.8317132009e-04,349927,2865459,/project/tkcastrosim/HNHuang/project_big_sim/analysis/_used_by_article_nonlinear_evolution_pps/HALOMASS/output/m200c_bocquet16_lowhigh_cache/BT_soft_snap0030_m200c_bocquet16_input.npz
BT_soft,0030,10.51901923,5.9566214353e+10,1.0775000000e+01,6.2297690420e-04,1.8783460403e-04,349927,2865459,/project/tkcastrosim/HNHuang/project_big_sim/analysis/_used_by_article_nonlinear_evolution_pps/HALOMASS/output/m200c_bocquet16_lowhigh_cache/BT_soft_snap0030_m200c_bocquet16_input.npz
BT_soft,0030,10.51901923,8.4139514165e+10,1.0925000000e+01,2.2653705607e-04,1.1326852804e-04,349927,2865459,/project/tkcastrosim/HNHuang/project_big_sim/analysis/_used_by_article_nonlinear_evolution_pps/HALOMASS/output/m200c_bocquet16_lowhigh_cache/BT_soft_snap0030_m200c_bocquet16_input.npz
BT_soft,0030,10.51901923,1.1885022274e+11,1.1075000000e+01,5.6634264018e-05,5.6634264018e-05,349927,2865459,/project/tkcastrosim/HNHuang/project_big_sim/analysis/_used_by_article_nonlinear_evolution_pps/HALOMASS/output/m200c_bocquet16_lowhigh_cache/BT_soft_snap0030_m200c_bocquet16_input.npz
BT_soft,0032,8.519850605,1.6788040181e+08,8.2250000000e+00,1.3688501613e+00,8.8047612936e-03,428105,3054506,/project/tkcastrosim/HNHuang/project_big_sim/analysis/_used_by_article_nonlinear_evolution_pps/HALOMASS/output/m200c_bocquet16_lowhigh_cache/BT_soft_snap0032_m200c_bocquet16_input.npz
BT_soft,0032,8.519850605,2.3713737057e+08,8.3750000000e+00,7.2068233648e+00,2.0202800231e-02,428105,3054506,/project/tkcastrosim/HNHuang/project_big_sim/analysis/_used_by_article_nonlinear_evolution_pps/HALOMASS/output/m200c_bocquet16_lowhigh_cache/BT_soft_snap0032_m200c_bocquet16_input.npz
BT_soft,0032,8.519850605,3.3496543916e+08,8.5250000000e+00,5.0415821829e+00,1.6897523381e-02,428105,3054506,/project/tkcastrosim/HNHuang/project_big_sim/analysis/_used_by_article_nonlinear_evolution_pps/HALOMASS/output/m200c_bocquet16_lowhigh_cache/BT_soft_snap0032_m200c_bocquet16_input.npz
BT_soft,0032,8.519850605,4.7315125896e+08,8.6750000000e+00,3.5248033239e+00,1.4128858484e-02,428105,3054506,/project/tkcastrosim/HNHuang/project_big_sim/analysis/_used_by_article_nonlinear_evolution_pps/HALOMASS/output/m200c_bocquet16_lowhigh_cache/BT_soft_snap0032_m200c_bocquet16_input.npz
BT_soft,0032,8.519850605,6.6834391757e+08,8.8250000000e+00,2.3972151273e+00,1.1651803055e-02,428105,3054506,/project/tkcastrosim/HNHuang/project_big_sim/analysis/_used_by_article_nonlinear_evolution_pps/HALOMASS/output/m200c_bocquet16_lowhigh_cache/BT_soft_snap0032_m200c_bocquet16_input.npz
BT_soft,0032,8.519850605,9.4406087629e+08,8.9750000000e+00,1.6530408982e+00,9.6756785115e-03,428105,3054506,/project/tkcastrosim/HNHuang/project_big_sim/analysis/_used_by_article_nonlinear_evolution_pps/HALOMASS/output/m200c_bocquet16_lowhigh_cache/BT_soft_snap0032_m200c_bocquet16_input.npz
BT_soft,0032,8.519850605,1.3335214322e+09,9.1250000000e+00,1.0879442118e+00,7.8495171652e-03,428105,3054506,/project/tkcastrosim/HNHuang/project_big_sim/analysis/_used_by_article_nonlinear_evolution_pps/HALOMASS/output/m200c_bocquet16_lowhigh_cache/BT_soft_snap0032_m200c_bocquet16_input.npz
BT_soft,0032,8.519850605,1.8836490895e+09,9.2750000000e+00,7.2072764389e-01,6.3888872012e-03,428105,3054506,/project/tkcastrosim/HNHuang/project_big_sim/analysis/_used_by_article_nonlinear_evolution_pps/HALOMASS/output/m200c_bocquet16_lowhigh_cache/BT_soft_snap0032_m200c_bocquet16_input.npz
BT_soft,0032,8.519850605,2.6607250598e+09,9.4250000000e+00,4.8444949441e-01,5.2379805813e-03,428105,3054506,/project/tkcastrosim/HNHuang/project_big_sim/analysis/_used_by_article_nonlinear_evolution_pps/HALOMASS/output/m200c_bocquet16_lowhigh_cache/BT_soft_snap0032_m200c_bocquet16_input.npz
BT_soft,0032,8.519850605,3.7583740429e+09,9.5750000000e+00,2.9710334904e-01,4.1019787311e-03,428105,3054506,/project/tkcastrosim/HNHuang/project_big_sim/analysis/_used_by_article_nonlinear_evolution_pps/HALOMASS/output/m200c_bocquet16_lowhigh_cache/BT_soft_snap0032_m200c_bocquet16_input.npz
BT_soft,0032,8.519850605,5.3088444423e+09,9.7250000000e+00,1.9465196543e-01,3.3202365581e-03,428105,3054506,/project/tkcastrosim/HNHuang/project_big_sim/analysis/_used_by_article_nonlinear_evolution_pps/HALOMASS/output/m200c_bocquet16_lowhigh_cache/BT_soft_snap0032_m200c_bocquet16_input.npz
BT_soft,0032,8.519850605,7.4989420933e+09,9.8750000000e+00,1.1745946357e-01,2.5791917865e-03,428105,3054506,/project/tkcastrosim/HNHuang/project_big_sim/analysis/_used_by_article_nonlinear_evolution_pps/HALOMASS/output/m200c_bocquet16_lowhigh_cache/BT_soft_snap0032_m200c_bocquet16_input.npz
BT_soft,0032,8.519850605,1.0592537252e+10,1.0025000000e+01,6.7621311237e-02,1.9569576372e-03,428105,3054506,/project/tkcastrosim/HNHuang/project_big_sim/analysis/_used_by_article_nonlinear_evolution_pps/HALOMASS/output/m200c_bocquet16_lowhigh_cache/BT_soft_snap0032_m200c_bocquet16_input.npz
BT_soft,0032,8.519850605,1.4962356561e+10,1.0175000000e+01,4.0266961717e-02,1.5101290478e-03,428105,3054506,/project/tkcastrosim/HNHuang/project_big_sim/analysis/_used_by_article_nonlinear_evolution_pps/HALOMASS/output/m200c_bocquet16_lowhigh_cache/BT_soft_snap0032_m200c_bocquet16_input.npz
BT_soft,0032,8.519850605,2.1134890398e+10,1.0325000000e+01,2.0841409159e-02,1.0864335547e-03,428105,3054506,/project/tkcastrosim/HNHuang/project_big_sim/analysis/_used_by_article_nonlinear_evolution_pps/HALOMASS/output/m200c_bocquet16_lowhigh_cache/BT_soft_snap0032_m200c_bocquet16_input.npz
BT_soft,0032,8.519850605,2.9853826189e+10,1.0475000000e+01,1.0987047219e-02,7.8882401903e-04,428105,3054506,/project/tkcastrosim/HNHuang/project_big_sim/analysis/_used_by_article_nonlinear_evolution_pps/HALOMASS/output/m200c_bocquet16_lowhigh_cache/BT_soft_snap0032_m200c_bocquet16_input.npz
BT_soft,0032,8.519850605,4.2169650343e+10,1.0625000000e+01,6.2864033060e-03,5.9667899624e-04,428105,3054506,/project/tkcastrosim/HNHuang/project_big_sim/analysis/_used_by_article_nonlinear_evolution_pps/HALOMASS/output/m200c_bocquet16_lowhigh_cache/BT_soft_snap0032_m200c_bocquet16_input.npz
BT_soft,0032,8.519850605,5.9566214353e+10,1.0775000000e+01,2.7184446729e-03,3.9237369091e-04,428105,3054506,/project/tkcastrosim/HNHuang/project_big_sim/analysis/_used_by_article_nonlinear_evolution_pps/HALOMASS/output/m200c_bocquet16_lowhigh_cache/BT_soft_snap0032_m200c_bocquet16_input.npz
BT_soft,0032,8.519850605,8.4139514165e+10,1.0925000000e+01,9.0614822429e-04,2.2653705607e-04,428105,3054506,/project/tkcastrosim/HNHuang/project_big_sim/analysis/_used_by_article_nonlinear_evolution_pps/HALOMASS/output/m200c_bocquet16_lowhigh_cache/BT_soft_snap0032_m200c_bocquet16_input.npz
BT_soft,0032,8.519850605,1.1885022274e+11,1.1075000000e+01,1.0194167523e-03,2.4027883281e-04,428105,3054506,/project/tkcastrosim/HNHuang/project_big_sim/analysis/_used_by_article_nonlinear_evolution_pps/HALOMASS/output/m200c_bocquet16_lowhigh_cache/BT_soft_snap0032_m200c_bocquet16_input.npz
BT_soft,0032,8.519850605,1.6788040181e+11,1.1225000000e+01,5.6634264018e-05,5.6634264018e-05,428105,3054506,/project/tkcastrosim/HNHuang/project_big_sim/analysis/_used_by_article_nonlinear_evolution_pps/HALOMASS/output/m200c_bocquet16_lowhigh_cache/BT_soft_snap0032_m200c_bocquet16_input.npz
BT_soft,0032,8.519850605,2.3713737057e+11,1.1375000000e+01,5.6634264018e-05,5.6634264018e-05,428105,3054506,/project/tkcastrosim/HNHuang/project_big_sim/analysis/_used_by_article_nonlinear_evolution_pps/HALOMASS/output/m200c_bocquet16_lowhigh_cache/BT_soft_snap0032_m200c_bocquet16_input.npz
BT_soft,0040,3.441080566,1.6788040181e+08,8.2250000000e+00,1.3475556780e+00,8.7360073288e-03,485623,2677445,/project/tkcastrosim/HNHuang/project_big_sim/analysis/_used_by_article_nonlinear_evolution_pps/HALOMASS/output/m200c_bocquet16_lowhigh_cache/BT_soft_snap0040_m200c_bocquet16_input.npz
BT_soft,0040,3.441080566,2.3713737057e+08,8.3750000000e+00,7.1560790642e+00,2.0131549147e-02,485623,2677445,/project/tkcastrosim/HNHuang/project_big_sim/analysis/_used_by_article_nonlinear_evolution_pps/HALOMASS/output/m200c_bocquet16_lowhigh_cache/BT_soft_snap0040_m200c_bocquet16_input.npz
BT_soft,0040,3.441080566,3.3496543916e+08,8.5250000000e+00,5.2317600414e+00,1.7213276256e-02,485623,2677445,/project/tkcastrosim/HNHuang/project_big_sim/analysis/_used_by_article_nonlinear_evolution_pps/HALOMASS/output/m200c_bocquet16_lowhigh_cache/BT_soft_snap0040_m200c_bocquet16_input.npz
BT_soft,0040,3.441080566,4.7315125896e+08,8.6750000000e+00,3.8183387144e+00,1.4705400466e-02,485623,2677445,/project/tkcastrosim/HNHuang/project_big_sim/analysis/_used_by_article_nonlinear_evolution_pps/HALOMASS/output/m200c_bocquet16_lowhigh_cache/BT_soft_snap0040_m200c_bocquet16_input.npz
BT_soft,0040,3.441080566,6.6834391757e+08,8.8250000000e+00,2.7841404191e+00,1.2556979874e-02,485623,2677445,/project/tkcastrosim/HNHuang/project_big_sim/analysis/_used_by_article_nonlinear_evolution_pps/HALOMASS/output/m200c_bocquet16_lowhigh_cache/BT_soft_snap0040_m200c_bocquet16_input.npz
BT_soft,0040,3.441080566,9.4406087629e+08,8.9750000000e+00,2.0412121437e+00,1.0751862511e-02,485623,2677445,/project/tkcastrosim/HNHuang/project_big_sim/analysis/_used_by_article_nonlinear_evolution_pps/HALOMASS/output/m200c_bocquet16_lowhigh_cache/BT_soft_snap0040_m200c_bocquet16_input.npz
BT_soft,0040,3.441080566,1.3335214322e+09,9.1250000000e+00,1.4707918365e+00,9.1267306954e-03,485623,2677445,/project/tkcastrosim/HNHuang/project_big_sim/analysis/_used_by_article_nonlinear_evolution_pps/HALOMASS/output/m200c_bocquet16_lowhigh_cache/BT_soft_snap0040_m200c_bocquet16_input.npz
BT_soft,0040,3.441080566,1.8836490895e+09,9.2750000000e+00,1.0538503848e+00,7.7255447012e-03,485623,2677445,/project/tkcastrosim/HNHuang/project_big_sim/analysis/_used_by_article_nonlinear_evolution_pps/HALOMASS/output/m200c_bocquet16_lowhigh_cache/BT_soft_snap0040_m200c_bocquet16_input.npz
BT_soft,0040,3.441080566,2.6607250598e+09,9.4250000000e+00,7.5000755839e-01,6.5173711017e-03,485623,2677445,/project/tkcastrosim/HNHuang/project_big_sim/analysis/_used_by_article_nonlinear_evolution_pps/HALOMASS/output/m200c_bocquet16_lowhigh_cache/BT_soft_snap0040_m200c_bocquet16_input.npz
BT_soft,0040,3.441080566,3.7583740429e+09,9.5750000000e+00,5.4567113381e-01,5.5591081173e-03,485623,2677445,/project/tkcastrosim/HNHuang/project_big_sim/analysis/_used_by_article_nonlinear_evolution_pps/HALOMASS/output/m200c_bocquet16_lowhigh_cache/BT_soft_snap0040_m200c_bocquet16_input.npz
BT_soft,0040,3.441080566,5.3088444423e+09,9.7250000000e+00,3.9400457477e-01,4.7237865227e-03,485623,2677445,/project/tkcastrosim/HNHuang/project_big_sim/analysis/_used_by_article_nonlinear_evolution_pps/HALOMASS/output/m200c_bocquet16_lowhigh_cache/BT_soft_snap0040_m200c_bocquet16_input.npz
BT_soft,0040,3.441080566,7.4989420933e+09,9.8750000000e+00,2.7286388404e-01,3.9310870315e-03,485623,2677445,/project/tkcastrosim/HNHuang/project_big_sim/analysis/_used_by_article_nonlinear_evolution_pps/HALOMASS/output/m200c_bocquet16_lowhigh_cache/BT_soft_snap0040_m200c_bocquet16_input.npz
BT_soft,0040,3.441080566,1.0592537252e+10,1.0025000000e+01,1.9499177101e-01,3.3231333769e-03,485623,2677445,/project/tkcastrosim/HNHuang/project_big_sim/analysis/_used_by_article_nonlinear_evolution_pps/HALOMASS/output/m200c_bocquet16_lowhigh_cache/BT_soft_snap0040_m200c_bocquet16_input.npz
BT_soft,0040,3.441080566,1.4962356561e+10,1.0175000000e+01,1.3864067832e-01,2.8021086309e-03,485623,2677445,/project/tkcastrosim/HNHuang/project_big_sim/analysis/_used_by_article_nonlinear_evolution_pps/HALOMASS/output/m200c_bocquet16_lowhigh_cache/BT_soft_snap0040_m200c_bocquet16_input.npz
BT_soft,0040,3.441080566,2.1134890398e+10,1.0325000000e+01,9.9506401879e-02,2.3739148754e-03,485623,2677445,/project/tkcastrosim/HNHuang/project_big_sim/analysis/_used_by_article_nonlinear_evolution_pps/HALOMASS/output/m200c_bocquet16_lowhigh_cache/BT_soft_snap0040_m200c_bocquet16_input.npz
BT_soft,0040,3.441080566,2.9853826189e+10,1.0475000000e+01,6.7508042709e-02,1.9553179573e-03,485623,2677445,/project/tkcastrosim/HNHuang/project_big_sim/analysis/_used_by_article_nonlinear_evolution_pps/HALOMASS/output/m200c_bocquet16_lowhigh_cache/BT_soft_snap0040_m200c_bocquet16_input.npz
BT_soft,0040,3.441080566,4.2169650343e+10,1.0625000000e+01,4.6723267815e-02,1.6266953880e-03,485623,2677445,/project/tkcastrosim/HNHuang/project_big_sim/analysis/_used_by_article_nonlinear_evolution_pps/HALOMASS/output/m200c_bocquet16_lowhigh_cache/BT_soft_snap0040_m200c_bocquet16_input.npz
BT_soft,0040,3.441080566,5.9566214353e+10,1.0775000000e+01,3.1715187850e-02,1.3402112975e-03,485623,2677445,/project/tkcastrosim/HNHuang/project_big_sim/analysis/_used_by_article_nonlinear_evolution_pps/HALOMASS/output/m200c_bocquet16_lowhigh_cache/BT_soft_snap0040_m200c_bocquet16_input.npz
BT_soft,0040,3.441080566,8.4139514165e+10,1.0925000000e+01,2.0558237838e-02,1.0790276500e-03,485623,2677445,/project/tkcastrosim/HNHuang/project_big_sim/analysis/_used_by_article_nonlinear_evolution_pps/HALOMASS/output/m200c_bocquet16_lowhigh_cache/BT_soft_snap0040_m200c_bocquet16_input.npz
BT_soft,0040,3.441080566,1.1885022274e+11,1.1075000000e+01,1.4271834533e-02,8.9904106966e-04,485623,2677445,/project/tkcastrosim/HNHuang/project_big_sim/analysis/_used_by_article_nonlinear_evolution_pps/HALOMASS/output/m200c_bocquet16_lowhigh_cache/BT_soft_snap0040_m200c_bocquet16_input.npz
BT_soft,0040,3.441080566,1.6788040181e+11,1.1225000000e+01,9.2880192989e-03,7.2527245720e-04,485623,2677445,/project/tkcastrosim/HNHuang/project_big_sim/analysis/_used_by_article_nonlinear_evolution_pps/HALOMASS/output/m200c_bocquet16_lowhigh_cache/BT_soft_snap0040_m200c_bocquet16_input.npz
BT_soft,0040,3.441080566,2.3713737057e+11,1.1375000000e+01,4.8139124415e-03,5.2214211492e-04,485623,2677445,/project/tkcastrosim/HNHuang/project_big_sim/analysis/_used_by_article_nonlinear_evolution_pps/HALOMASS/output/m200c_bocquet16_lowhigh_cache/BT_soft_snap0040_m200c_bocquet16_input.npz
BT_soft,0040,3.441080566,3.3496543916e+11,1.1525000000e+01,3.9643984813e-03,4.7383624836e-04,485623,2677445,/project/tkcastrosim/HNHuang/project_big_sim/analysis/_used_by_article_nonlinear_evolution_pps/HALOMASS/output/m200c_bocquet16_lowhigh_cache/BT_soft_snap0040_m200c_bocquet16_input.npz
BT_soft,0040,3.441080566,4.7315125896e+11,1.1675000000e+01,1.7556621846e-03,3.1532623691e-04,485623,2677445,/project/tkcastrosim/HNHuang/project_big_sim/analysis/_used_by_article_nonlinear_evolution_pps/HALOMASS/output/m200c_bocquet16_lowhigh_cache/BT_soft_snap0040_m200c_bocquet16_input.npz
BT_soft,0040,3.441080566,6.6834391757e+11,1.1825000000e+01,1.3592223364e-03,2.7745009760e-04,485623,2677445,/project/tkcastrosim/HNHuang/project_big_sim/analysis/_used_by_article_nonlinear_evolution_pps/HALOMASS/output/m200c_bocquet16_lowhigh_cache/BT_soft_snap0040_m200c_bocquet16_input.npz
BT_soft,0040,3.441080566,9.4406087629e+11,1.1975000000e+01,8.4951396027e-04,2.1934356137e-04,485623,2677445,/project/tkcastrosim/HNHuang/project_big_sim/analysis/_used_by_article_nonlinear_evolution_pps/HALOMASS/output/m200c_bocquet16_lowhigh_cache/BT_soft_snap0040_m200c_bocquet16_input.npz
BT_soft,0040,3.441080566,1.3335214322e+12,1.2125000000e+01,4.5307411214e-04,1.6018588854e-04,485623,2677445,/project/tkcastrosim/HNHuang/project_big_sim/analysis/_used_by_article_nonlinear_evolution_pps/HALOMASS/output/m200c_bocquet16_lowhigh_cache/BT_soft_snap0040_m200c_bocquet16_input.npz
BT_soft,0040,3.441080566,1.8836490895e+12,1.2275000000e+01,2.2653705607e-04,1.1326852804e-04,485623,2677445,/project/tkcastrosim/HNHuang/project_big_sim/analysis/_used_by_article_nonlinear_evolution_pps/HALOMASS/output/m200c_bocquet16_lowhigh_cache/BT_soft_snap0040_m200c_bocquet16_input.npz
BT_soft,0042,2.670314517,1.6788040181e+08,8.2250000000e+00,1.2684376112e+00,8.4756728679e-03,464120,2489203,/project/tkcastrosim/HNHuang/project_big_sim/analysis/_used_by_article_nonlinear_evolution_pps/HALOMASS/output/m200c_bocquet16_lowhigh_cache/BT_soft_snap0042_m200c_bocquet16_input.npz
BT_soft,0042,2.670314517,2.3713737057e+08,8.3750000000e+00,6.7791214029e+00,1.9594145844e-02,464120,2489203,/project/tkcastrosim/HNHuang/project_big_sim/analysis/_used_by_article_nonlinear_evolution_pps/HALOMASS/output/m200c_bocquet16_lowhigh_cache/BT_soft_snap0042_m200c_bocquet16_input.npz
BT_soft,0042,2.670314517,3.3496543916e+08,8.5250000000e+00,4.9475126703e+00,1.6739137935e-02,464120,2489203,/project/tkcastrosim/HNHuang/project_big_sim/analysis/_used_by_article_nonlinear_evolution_pps/HALOMASS/output/m200c_bocquet16_lowhigh_cache/BT_soft_snap0042_m200c_bocquet16_input.npz
BT_soft,0042,2.670314517,4.7315125896e+08,8.6750000000e+00,3.6222708923e+00,1.4322871432e-02,464120,2489203,/project/tkcastrosim/HNHuang/project_big_sim/analysis/_used_by_article_nonlinear_evolution_pps/HALOMASS/output/m200c_bocquet16_lowhigh_cache/BT_soft_snap0042_m200c_bocquet16_input.npz
BT_soft,0042,2.670314517,6.6834391757e+08,8.8250000000e+00,2.6530887322e+00,1.2257884309e-02,464120,2489203,/project/tkcastrosim/HNHuang/project_big_sim/analysis/_used_by_article_nonlinear_evolution_pps/HALOMASS/output/m200c_bocquet16_lowhigh_cache/BT_soft_snap0042_m200c_bocquet16_input.npz
BT_soft,0042,2.670314517,9.4406087629e+08,8.9750000000e+00,1.9618109056e+00,1.0540669655e-02,464120,2489203,/project/tkcastrosim/HNHuang/project_big_sim/analysis/_used_by_article_nonlinear_evolution_pps/HALOMASS/output/m200c_bocquet16_lowhigh_cache/BT_soft_snap0042_m200c_bocquet16_input.npz
BT_soft,0042,2.670314517,1.3335214322e+09,9.1250000000e+00,1.4105896139e+00,8.9379922026e-03,464120,2489203,/project/tkcastrosim/HNHuang/project_big_sim/analysis/_used_by_article_nonlinear_evolution_pps/HALOMASS/output/m200c_bocquet16_lowhigh_cache/BT_soft_snap0042_m200c_bocquet16_input.npz
BT_soft,0042,2.670314517,1.8836490895e+09,9.2750000000e+00,1.0203229005e+00,7.6016601169e-03,464120,2489203,/project/tkcastrosim/HNHuang/project_big_sim/analysis/_used_by_article_nonlinear_evolution_pps/HALOMASS/output/m200c_bocquet16_lowhigh_cache/BT_soft_snap0042_m200c_bocquet16_input.npz
BT_soft,0042,2.670314517,2.6607250598e+09,9.4250000000e+00,7.4247520127e-01,6.4845614020e-03,464120,2489203,/project/tkcastrosim/HNHuang/project_big_sim/analysis/_used_by_article_nonlinear_evolution_pps/HALOMASS/output/m200c_bocquet16_lowhigh_cache/BT_soft_snap0042_m200c_bocquet16_input.npz
BT_soft,0042,2.670314517,3.7583740429e+09,9.5750000000e+00,5.3088959090e-01,5.4832965683e-03,464120,2489203,/project/tkcastrosim/HNHuang/project_big_sim/analysis/_used_by_article_nonlinear_evolution_pps/HALOMASS/output/m200c_bocquet16_lowhigh_cache/BT_soft_snap0042_m200c_bocquet16_input.npz
BT_soft,0042,2.670314517,5.3088444423e+09,9.7250000000e+00,3.9309842655e-01,4.7183514149e-03,464120,2489203,/project/tkcastrosim/HNHuang/project_big_sim/analysis/_used_by_article_nonlinear_evolution_pps/HALOMASS/output/m200c_bocquet16_lowhigh_cache/BT_soft_snap0042_m200c_bocquet16_input.npz
BT_soft,0042,2.670314517,7.4989420933e+09,9.8750000000e+00,2.8198200055e-01,3.9962286055e-03,464120,2489203,/project/tkcastrosim/HNHuang/project_big_sim/analysis/_used_by_article_nonlinear_evolution_pps/HALOMASS/output/m200c_bocquet16_lowhigh_cache/BT_soft_snap0042_m200c_bocquet16_input.npz
BT_soft,0042,2.670314517,1.0592537252e+10,1.0025000000e+01,1.9425552558e-01,3.3168537385e-03,464120,2489203,/project/tkcastrosim/HNHuang/project_big_sim/analysis/_used_by_article_nonlinear_evolution_pps/HALOMASS/output/m200c_bocquet16_lowhigh_cache/BT_soft_snap0042_m200c_bocquet16_input.npz
BT_soft,0042,2.670314517,1.4962356561e+10,1.0175000000e+01,1.4651284101e-01,2.8805636462e-03,464120,2489203,/project/tkcastrosim/HNHuang/project_big_sim/analysis/_used_by_article_nonlinear_evolution_pps/HALOMASS/output/m200c_bocquet16_lowhigh_cache/BT_soft_snap0042_m200c_bocquet16_input.npz
BT_soft,0042,2.670314517,2.1134890398e+10,1.0325000000e+01,1.0177177244e-01,2.4007851695e-03,464120,2489203,/project/tkcastrosim/HNHuang/project_big_sim/analysis/_used_by_article_nonlinear_evolution_pps/HALOMASS/output/m200c_bocquet16_lowhigh_cache/BT_soft_snap0042_m200c_bocquet16_input.npz
BT_soft,0042,2.670314517,2.9853826189e+10,1.0475000000e+01,7.1189269871e-02,2.0079222856e-03,464120,2489203,/project/tkcastrosim/HNHuang/project_big_sim/analysis/_used_by_article_nonlinear_evolution_pps/HALOMASS/output/m200c_bocquet16_lowhigh_cache/BT_soft_snap0042_m200c_bocquet16_input.npz
BT_soft,0042,2.670314517,4.2169650343e+10,1.0625000000e+01,4.9045272640e-02,1.6666262087e-03,464120,2489203,/project/tkcastrosim/HNHuang/project_big_sim/analysis/_used_by_article_nonlinear_evolution_pps/HALOMASS/output/m200c_bocquet16_lowhigh_cache/BT_soft_snap0042_m200c_bocquet16_input.npz
BT_soft,0042,2.670314517,5.9566214353e+10,1.0775000000e+01,3.6755637348e-02,1.4427849700e-03,464120,2489203,/project/tkcastrosim/HNHuang/project_big_sim/analysis/_used_by_article_nonlinear_evolution_pps/HALOMASS/output/m200c_bocquet16_lowhigh_cache/BT_soft_snap0042_m200c_bocquet16_input.npz
BT_soft,0042,2.670314517,8.4139514165e+10,1.0925000000e+01,2.4635904848e-02,1.1812012273e-03,464120,2489203,/project/tkcastrosim/HNHuang/project_big_sim/analysis/_used_by_article_nonlinear_evolution_pps/HALOMASS/output/m200c_bocquet16_lowhigh_cache/BT_soft_snap0042_m200c_bocquet16_input.npz
BT_soft,0042,2.670314517,1.1885022274e+11,1.1075000000e+01,1.6650473621e-02,9.7107534161e-04,464120,2489203,/project/tkcastrosim/HNHuang/project_big_sim/analysis/_used_by_article_nonlinear_evolution_pps/HALOMASS/output/m200c_bocquet16_lowhigh_cache/BT_soft_snap0042_m200c_bocquet16_input.npz
BT_soft,0042,2.670314517,1.6788040181e+11,1.1225000000e+01,1.2629440876e-02,8.4572991491e-04,464120,2489203,/project/tkcastrosim/HNHuang/project_big_sim/analysis/_used_by_article_nonlinear_evolution_pps/HALOMASS/output/m200c_bocquet16_lowhigh_cache/BT_soft_snap0042_m200c_bocquet16_input.npz
BT_soft,0042,2.670314517,2.3713737057e+11,1.1375000000e+01,7.7588941705e-03,6.6288706499e-04,464120,2489203,/project/tkcastrosim/HNHuang/project_big_sim/analysis/_used_by_article_nonlinear_evolution_pps/HALOMASS/output/m200c_bocquet16_lowhigh_cache/BT_soft_snap0042_m200c_bocquet16_input.npz
BT_soft,0042,2.670314517,3.3496543916e+11,1.1525000000e+01,4.5873753855e-03,5.0970837616e-04,464120,2489203,/project/tkcastrosim/HNHuang/project_big_sim/analysis/_used_by_article_nonlinear_evolution_pps/HALOMASS/output/m200c_bocquet16_lowhigh_cache/BT_soft_snap0042_m200c_bocquet16_input.npz
BT_soft,0042,2.670314517,4.7315125896e+11,1.1675000000e+01,2.6618104088e-03,3.8826495265e-04,464120,2489203,/project/tkcastrosim/HNHuang/project_big_sim/analysis/_used_by_article_nonlinear_evolution_pps/HALOMASS/output/m200c_bocquet16_lowhigh_cache/BT_soft_snap0042_m200c_bocquet16_input.npz
BT_soft,0042,2.670314517,6.6834391757e+11,1.1825000000e+01,1.5857593925e-03,2.9968035655e-04,464120,2489203,/project/tkcastrosim/HNHuang/project_big_sim/analysis/_used_by_article_nonlinear_evolution_pps/HALOMASS/output/m200c_bocquet16_lowhigh_cache/BT_soft_snap0042_m200c_bocquet16_input.npz
BT_soft,0042,2.670314517,9.4406087629e+11,1.1975000000e+01,1.1893195444e-03,2.5953080179e-04,464120,2489203,/project/tkcastrosim/HNHuang/project_big_sim/analysis/_used_by_article_nonlinear_evolution_pps/HALOMASS/output/m200c_bocquet16_lowhigh_cache/BT_soft_snap0042_m200c_bocquet16_input.npz
BT_soft,0042,2.670314517,1.3335214322e+12,1.2125000000e+01,1.1326852804e-03,2.5327612840e-04,464120,2489203,/project/tkcastrosim/HNHuang/project_big_sim/analysis/_used_by_article_nonlinear_evolution_pps/HALOMASS/output/m200c_bocquet16_lowhigh_cache/BT_soft_snap0042_m200c_bocquet16_input.npz
BT_soft,0042,2.670314517,1.8836490895e+12,1.2275000000e+01,6.7961116821e-04,1.9618684546e-04,464120,2489203,/project/tkcastrosim/HNHuang/project_big_sim/analysis/_used_by_article_nonlinear_evolution_pps/HALOMASS/output/m200c_bocquet16_lowhigh_cache/BT_soft_snap0042_m200c_bocquet16_input.npz
BT_soft,0042,2.670314517,2.6607250598e+12,1.2425000000e+01,4.5307411214e-04,1.6018588854e-04,464120,2489203,/project/tkcastrosim/HNHuang/project_big_sim/analysis/_used_by_article_nonlinear_evolution_pps/HALOMASS/output/m200c_bocquet16_lowhigh_cache/BT_soft_snap0042_m200c_bocquet16_input.npz
BT_soft,0046,1.506874201,1.6788040181e+08,8.2250000000e+00,1.1007435555e+00,7.8955557838e-03,408930,2139196,/project/tkcastrosim/HNHuang/project_big_sim/analysis/_used_by_article_nonlinear_evolution_pps/HALOMASS/output/m200c_bocquet16_lowhigh_cache/BT_soft_snap0046_m200c_bocquet16_input.npz
BT_soft,0046,1.506874201,2.3713737057e+08,8.3750000000e+00,5.8418243334e+00,1.8189211683e-02,408930,2139196,/project/tkcastrosim/HNHuang/project_big_sim/analysis/_used_by_article_nonlinear_evolution_pps/HALOMASS/output/m200c_bocquet16_lowhigh_cache/BT_soft_snap0046_m200c_bocquet16_input.npz
BT_soft,0046,1.506874201,3.3496543916e+08,8.5250000000e+00,4.3307089009e+00,1.5660986919e-02,408930,2139196,/project/tkcastrosim/HNHuang/project_big_sim/analysis/_used_by_article_nonlinear_evolution_pps/HALOMASS/output/m200c_bocquet16_lowhigh_cache/BT_soft_snap0046_m200c_bocquet16_input.npz
BT_soft,0046,1.506874201,4.7315125896e+08,8.6750000000e+00,3.1802970959e+00,1.3420647726e-02,408930,2139196,/project/tkcastrosim/HNHuang/project_big_sim/analysis/_used_by_article_nonlinear_evolution_pps/HALOMASS/output/m200c_bocquet16_lowhigh_cache/BT_soft_snap0046_m200c_bocquet16_input.npz
BT_soft,0046,1.506874201,6.6834391757e+08,8.8250000000e+00,2.3387119326e+00,1.1508745764e-02,408930,2139196,/project/tkcastrosim/HNHuang/project_big_sim/analysis/_used_by_article_nonlinear_evolution_pps/HALOMASS/output/m200c_bocquet16_lowhigh_cache/BT_soft_snap0046_m200c_bocquet16_input.npz
BT_soft,0046,1.506874201,9.4406087629e+08,8.9750000000e+00,1.7228143114e+00,9.8777690076e-03,408930,2139196,/project/tkcastrosim/HNHuang/project_big_sim/analysis/_used_by_article_nonlinear_evolution_pps/HALOMASS/output/m200c_bocquet16_lowhigh_cache/BT_soft_snap0046_m200c_bocquet16_input.npz
BT_soft,0046,1.506874201,1.3335214322e+09,9.1250000000e+00,1.2598858373e+00,8.4470531634e-03,408930,2139196,/project/tkcastrosim/HNHuang/project_big_sim/analysis/_used_by_article_nonlinear_evolution_pps/HALOMASS/output/m200c_bocquet16_lowhigh_cache/BT_soft_snap0046_m200c_bocquet16_input.npz
BT_soft,0046,1.506874201,1.8836490895e+09,9.2750000000e+00,9.2687636492e-01,7.2452026033e-03,408930,2139196,/project/tkcastrosim/HNHuang/project_big_sim/analysis/_used_by_article_nonlinear_evolution_pps/HALOMASS/output/m200c_bocquet16_lowhigh_cache/BT_soft_snap0046_m200c_bocquet16_input.npz
BT_soft,0046,1.506874201,2.6607250598e+09,9.4250000000e+00,6.7372120476e-01,6.1770304018e-03,408930,2139196,/project/tkcastrosim/HNHuang/project_big_sim/analysis/_used_by_article_nonlinear_evolution_pps/HALOMASS/output/m200c_bocquet16_lowhigh_cache/BT_soft_snap0046_m200c_bocquet16_input.npz
BT_soft,0046,1.506874201,3.7583740429e+09,9.5750000000e+00,4.8960321243e-01,5.2657684717e-03,408930,2139196,/project/tkcastrosim/HNHuang/project_big_sim/analysis/_used_by_article_nonlinear_evolution_pps/HALOMASS/output/m200c_bocquet16_lowhigh_cache/BT_soft_snap0046_m200c_bocquet16_input.npz
BT_soft,0046,1.506874201,5.3088444423e+09,9.7250000000e+00,3.5894796535e-01,4.5087419352e-03,408930,2139196,/project/tkcastrosim/HNHuang/project_big_sim/analysis/_used_by_article_nonlinear_evolution_pps/HALOMASS/output/m200c_bocquet16_lowhigh_cache/BT_soft_snap0046_m200c_bocquet16_input.npz
BT_soft,0046,1.506874201,7.4989420933e+09,9.8750000000e+00,2.6232991093e-01,3.8544599408e-03,408930,2139196,/project/tkcastrosim/HNHuang/project_big_sim/analysis/_used_by_article_nonlinear_evolution_pps/HALOMASS/output/m200c_bocquet16_lowhigh_cache/BT_soft_snap0046_m200c_bocquet16_input.npz
BT_soft,0046,1.506874201,1.0592537252e+10,1.0025000000e+01,1.8819565933e-01,3.2647086635e-03,408930,2139196,/project/tkcastrosim/HNHuang/project_big_sim/analysis/_used_by_article_nonlinear_evolution_pps/HALOMASS/output/m200c_bocquet16_lowhigh_cache/BT_soft_snap0046_m200c_bocquet16_input.npz
BT_soft,0046,1.506874201,1.4962356561e+10,1.0175000000e+01,1.3580896511e-01,2.7733446930e-03,408930,2139196,/project/tkcastrosim/HNHuang/project_big_sim/analysis/_used_by_article_nonlinear_evolution_pps/HALOMASS/output/m200c_bocquet16_lowhigh_cache/BT_soft_snap0046_m200c_bocquet16_input.npz
BT_soft,0046,1.506874201,2.1134890398e+10,1.0325000000e+01,1.0120542980e-01,2.3940958693e-03,408930,2139196,/project/tkcastrosim/HNHuang/project_big_sim/analysis/_used_by_article_nonlinear_evolution_pps/HALOMASS/output/m200c_bocquet16_lowhigh_cache/BT_soft_snap0046_m200c_bocquet16_input.npz
BT_soft,0046,1.506874201,2.9853826189e+10,1.0475000000e+01,6.9150436366e-02,1.9789603508e-03,408930,2139196,/project/tkcastrosim/HNHuang/project_big_sim/analysis/_used_by_article_nonlinear_evolution_pps/HALOMASS/output/m200c_bocquet16_lowhigh_cache/BT_soft_snap0046_m200c_bocquet16_input.npz
BT_soft,0046,1.506874201,4.2169650343e+10,1.0625000000e+01,5.3859185081e-02,1.7465037382e-03,408930,2139196,/project/tkcastrosim/HNHuang/project_big_sim/analysis/_used_by_article_nonlinear_evolution_pps/HALOMASS/output/m200c_bocquet16_lowhigh_cache/BT_soft_snap0046_m200c_bocquet16_input.npz
BT_soft,0046,1.506874201,5.9566214353e+10,1.0775000000e+01,3.5396415011e-02,1.4158566004e-03,408930,2139196,/project/tkcastrosim/HNHuang/project_big_sim/analysis/_used_by_article_nonlinear_evolution_pps/HALOMASS/output/m200c_bocquet16_lowhigh_cache/BT_soft_snap0046_m200c_bocquet16_input.npz
BT_soft,0046,1.506874201,8.4139514165e+10,1.0925000000e+01,2.5032344696e-02,1.1906672157e-03,408930,2139196,/project/tkcastrosim/HNHuang/project_big_sim/analysis/_used_by_article_nonlinear_evolution_pps/HALOMASS/output/m200c_bocquet16_lowhigh_cache/BT_soft_snap0046_m200c_bocquet16_input.npz
BT_soft,0046,1.506874201,1.1885022274e+11,1.1075000000e+01,2.0105163726e-02,1.0670712959e-03,408930,2139196,/project/tkcastrosim/HNHuang/project_big_sim/analysis/_used_by_article_nonlinear_evolution_pps/HALOMASS/output/m200c_bocquet16_lowhigh_cache/BT_soft_snap0046_m200c_bocquet16_input.npz
BT_soft,0046,1.506874201,1.6788040181e+11,1.1225000000e+01,1.3932028948e-02,8.8827372232e-04,408930,2139196,/project/tkcastrosim/HNHuang/project_big_sim/analysis/_used_by_article_nonlinear_evolution_pps/HALOMASS/output/m200c_bocquet16_lowhigh_cache/BT_soft_snap0046_m200c_bocquet16_input.npz
BT_soft,0046,1.506874201,2.3713737057e+11,1.1375000000e+01,9.6278248830e-03,7.3842046040e-04,408930,2139196,/project/tkcastrosim/HNHuang/project_big_sim/analysis/_used_by_article_nonlinear_evolution_pps/HALOMASS/output/m200c_bocquet16_lowhigh_cache/BT_soft_snap0046_m200c_bocquet16_input.npz
BT_soft,0046,1.506874201,3.3496543916e+11,1.1525000000e+01,5.8899634579e-03,5.7755843473e-04,408930,2139196,/project/tkcastrosim/HNHuang/project_big_sim/analysis/_used_by_article_nonlinear_evolution_pps/HALOMASS/output/m200c_bocquet16_lowhigh_cache/BT_soft_snap0046_m200c_bocquet16_input.npz
BT_soft,0046,1.506874201,4.7315125896e+11,1.1675000000e+01,4.7006439135e-03,5.1596270064e-04,408930,2139196,/project/tkcastrosim/HNHuang/project_big_sim/analysis/_used_by_article_nonlinear_evolution_pps/HALOMASS/output/m200c_bocquet16_lowhigh_cache/BT_soft_snap0046_m200c_bocquet16_input.npz
BT_soft,0046,1.506874201,6.6834391757e+11,1.1825000000e+01,3.1148845210e-03,4.2001094313e-04,408930,2139196,/project/tkcastrosim/HNHuang/project_big_sim/analysis/_used_by_article_nonlinear_evolution_pps/HALOMASS/output/m200c_bocquet16_lowhigh_cache/BT_soft_snap0046_m200c_bocquet16_input.npz
BT_soft,0046,1.506874201,9.4406087629e+11,1.1975000000e+01,2.3220048247e-03,3.6263622860e-04,408930,2139196,/project/tkcastrosim/HNHuang/project_big_sim/analysis/_used_by_article_nonlinear_evolution_pps/HALOMASS/output/m200c_bocquet16_lowhigh_cache/BT_soft_snap0046_m200c_bocquet16_input.npz
BT_soft,0046,1.506874201,1.3335214322e+12,1.2125000000e+01,1.6423936565e-03,3.0498484547e-04,408930,2139196,/project/tkcastrosim/HNHuang/project_big_sim/analysis/_used_by_article_nonlinear_evolution_pps/HALOMASS/output/m200c_bocquet16_lowhigh_cache/BT_soft_snap0046_m200c_bocquet16_input.npz
BT_soft,0046,1.506874201,1.8836490895e+12,1.2275000000e+01,1.3592223364e-03,2.7745009760e-04,408930,2139196,/project/tkcastrosim/HNHuang/project_big_sim/analysis/_used_by_article_nonlinear_evolution_pps/HALOMASS/output/m200c_bocquet16_lowhigh_cache/BT_soft_snap0046_m200c_bocquet16_input.npz
BT_soft,0046,1.506874201,2.6607250598e+12,1.2425000000e+01,5.6634264018e-04,1.7909326790e-04,408930,2139196,/project/tkcastrosim/HNHuang/project_big_sim/analysis/_used_by_article_nonlinear_evolution_pps/HALOMASS/output/m200c_bocquet16_lowhigh_cache/BT_soft_snap0046_m200c_bocquet16_input.npz
BT_soft,0046,1.506874201,3.7583740429e+12,1.2575000000e+01,6.2297690420e-04,1.8783460403e-04,408930,2139196,/project/tkcastrosim/HNHuang/project_big_sim/analysis/_used_by_article_nonlinear_evolution_pps/HALOMASS/output/m200c_bocquet16_lowhigh_cache/BT_soft_snap0046_m200c_bocquet16_input.npz
BT_soft,0046,1.506874201,5.3088444423e+12,1.2725000000e+01,2.8317132009e-04,1.2663806420e-04,408930,2139196,/project/tkcastrosim/HNHuang/project_big_sim/analysis/_used_by_article_nonlinear_evolution_pps/HALOMASS/output/m200c_bocquet16_lowhigh_cache/BT_soft_snap0046_m200c_bocquet16_input.npz
BT_soft,0046,1.506874201,7.4989420933e+12,1.2875000000e+01,5.6634264018e-05,5.6634264018e-05,408930,2139196,/project/tkcastrosim/HNHuang/project_big_sim/analysis/_used_by_article_nonlinear_evolution_pps/HALOMASS/output/m200c_bocquet16_lowhigh_cache/BT_soft_snap0046_m200c_bocquet16_input.npz
BT_soft,0046,1.506874201,1.0592537252e+13,1.3025000000e+01,5.6634264018e-05,5.6634264018e-05,408930,2139196,/project/tkcastrosim/HNHuang/project_big_sim/analysis/_used_by_article_nonlinear_evolution_pps/HALOMASS/output/m200c_bocquet16_lowhigh_cache/BT_soft_snap0046_m200c_bocquet16_input.npz
BT_soft,0046,1.506874201,1.4962356561e+13,1.3175000000e+01,5.6634264018e-05,5.6634264018e-05,408930,2139196,/project/tkcastrosim/HNHuang/project_big_sim/analysis/_used_by_article_nonlinear_evolution_pps/HALOMASS/output/m200c_bocquet16_lowhigh_cache/BT_soft_snap0046_m200c_bocquet16_input.npz
BT_soft,0052,0.4150651322,1.6788040181e+08,8.2250000000e+00,8.5149615951e-01,6.9443400196e-03,324095,1748970,/project/tkcastrosim/HNHuang/project_big_sim/analysis/_used_by_article_nonlinear_evolution_pps/HALOMASS/output/m200c_bocquet16_lowhigh_cache/BT_soft_snap0052_m200c_bocquet16_input.npz
BT_soft,0052,0.4150651322,2.3713737057e+08,8.3750000000e+00,4.5736132593e+00,1.6094198360e-02,324095,1748970,/project/tkcastrosim/HNHuang/project_big_sim/analysis/_used_by_article_nonlinear_evolution_pps/HALOMASS/output/m200c_bocquet16_lowhigh_cache/BT_soft_snap0052_m200c_bocquet16_input.npz
BT_soft,0052,0.4150651322,3.3496543916e+08,8.5250000000e+00,3.4063244436e+00,1.3889372839e-02,324095,1748970,/project/tkcastrosim/HNHuang/project_big_sim/analysis/_used_by_article_nonlinear_evolution_pps/HALOMASS/output/m200c_bocquet16_lowhigh_cache/BT_soft_snap0052_m200c_bocquet16_input.npz
BT_soft,0052,0.4150651322,4.7315125896e+08,8.6750000000e+00,2.5068024282e+00,1.1915154660e-02,324095,1748970,/project/tkcastrosim/HNHuang/project_big_sim/analysis/_used_by_article_nonlinear_evolution_pps/HALOMASS/output/m200c_bocquet16_lowhigh_cache/BT_soft_snap0052_m200c_bocquet16_input.npz
BT_soft,0052,0.4150651322,6.6834391757e+08,8.8250000000e+00,1.8654193882e+00,1.0278455825e-02,324095,1748970,/project/tkcastrosim/HNHuang/project_big_sim/analysis/_used_by_article_nonlinear_evolution_pps/HALOMASS/output/m200c_bocquet16_lowhigh_cache/BT_soft_snap0052_m200c_bocquet16_input.npz
BT_soft,0052,0.4150651322,9.4406087629e+08,8.9750000000e+00,1.3725313885e+00,8.8165925974e-03,324095,1748970,/project/tkcastrosim/HNHuang/project_big_sim/analysis/_used_by_article_nonlinear_evolution_pps/HALOMASS/output/m200c_bocquet16_lowhigh_cache/BT_soft_snap0052_m200c_bocquet16_input.npz
BT_soft,0052,0.4150651322,1.3335214322e+09,9.1250000000e+00,1.0109782470e+00,7.5667700478e-03,324095,1748970,/project/tkcastrosim/HNHuang/project_big_sim/analysis/_used_by_article_nonlinear_evolution_pps/HALOMASS/output/m200c_bocquet16_lowhigh_cache/BT_soft_snap0052_m200c_bocquet16_input.npz
BT_soft,0052,0.4150651322,1.8836490895e+09,9.2750000000e+00,7.5148004925e-01,6.5237657464e-03,324095,1748970,/project/tkcastrosim/HNHuang/project_big_sim/analysis/_used_by_article_nonlinear_evolution_pps/HALOMASS/output/m200c_bocquet16_lowhigh_cache/BT_soft_snap0052_m200c_bocquet16_input.npz
BT_soft,0052,0.4150651322,2.6607250598e+09,9.4250000000e+00,5.3740253127e-01,5.5168285128e-03,324095,1748970,/project/tkcastrosim/HNHuang/project_big_sim/analysis/_used_by_article_nonlinear_evolution_pps/HALOMASS/output/m200c_bocquet16_lowhigh_cache/BT_soft_snap0052_m200c_bocquet16_input.npz
BT_soft,0052,0.4150651322,3.7583740429e+09,9.5750000000e+00,3.9683628797e-01,4.7407310728e-03,324095,1748970,/project/tkcastrosim/HNHuang/project_big_sim/analysis/_used_by_article_nonlinear_evolution_pps/HALOMASS/output/m200c_bocquet16_lowhigh_cache/BT_soft_snap0052_m200c_bocquet16_input.npz
BT_soft,0052,0.4150651322,5.3088444423e+09,9.7250000000e+00,2.9455480716e-01,4.0843475264e-03,324095,1748970,/project/tkcastrosim/HNHuang/project_big_sim/analysis/_used_by_article_nonlinear_evolution_pps/HALOMASS/output/m200c_bocquet16_lowhigh_cache/BT_soft_snap0052_m200c_bocquet16_input.npz
BT_soft,0052,0.4150651322,7.4989420933e+09,9.8750000000e+00,2.1838172205e-01,3.5168008336e-03,324095,1748970,/project/tkcastrosim/HNHuang/project_big_sim/analysis/_used_by_article_nonlinear_evolution_pps/HALOMASS/output/m200c_bocquet16_lowhigh_cache/BT_soft_snap0052_m200c_bocquet16_input.npz
BT_soft,0052,0.4150651322,1.0592537252e+10,1.0025000000e+01,1.5438500371e-01,2.9569377844e-03,324095,1748970,/project/tkcastrosim/HNHuang/project_big_sim/analysis/_used_by_article_nonlinear_evolution_pps/HALOMASS/output/m200c_bocquet16_lowhigh_cache/BT_soft_snap0052_m200c_bocquet16_input.npz
BT_soft,0052,0.4150651322,1.4962356561e+10,1.0175000000e+01,1.1451448184e-01,2.5466533723e-03,324095,1748970,/project/tkcastrosim/HNHuang/project_big_sim/analysis/_used_by_article_nonlinear_evolution_pps/HALOMASS/output/m200c_bocquet16_lowhigh_cache/BT_soft_snap0052_m200c_bocquet16_input.npz
BT_soft,0052,0.4150651322,2.1134890398e+10,1.0325000000e+01,8.1723242978e-02,2.1513567159e-03,324095,1748970,/project/tkcastrosim/HNHuang/project_big_sim/analysis/_used_by_article_nonlinear_evolution_pps/HALOMASS/output/m200c_bocquet16_lowhigh_cache/BT_soft_snap0052_m200c_bocquet16_input.npz
BT_soft,0052,0.4150651322,2.9853826189e+10,1.0475000000e+01,5.8276657674e-02,1.8167156125e-03,324095,1748970,/project/tkcastrosim/HNHuang/project_big_sim/analysis/_used_by_article_nonlinear_evolution_pps/HALOMASS/output/m200c_bocquet16_lowhigh_cache/BT_soft_snap0052_m200c_bocquet16_input.npz
BT_soft,0052,0.4150651322,4.2169650343e+10,1.0625000000e+01,4.4118091670e-02,1.5806946737e-03,324095,1748970,/project/tkcastrosim/HNHuang/project_big_sim/analysis/_used_by_article_nonlinear_evolution_pps/HALOMASS/output/m200c_bocquet16_lowhigh_cache/BT_soft_snap0052_m200c_bocquet16_input.npz
BT_soft,0052,0.4150651322,5.9566214353e+10,1.0775000000e+01,3.2111627698e-02,1.3485616045e-03,324095,1748970,/project/tkcastrosim/HNHuang/project_big_sim/analysis/_used_by_article_nonlinear_evolution_pps/HALOMASS/output/m200c_bocquet16_lowhigh_cache/BT_soft_snap0052_m200c_bocquet16_input.npz
BT_soft,0052,0.4150651322,8.4139514165e+10,1.0925000000e+01,2.2200631495e-02,1.1213012198e-03,324095,1748970,/project/tkcastrosim/HNHuang/project_big_sim/analysis/_used_by_article_nonlinear_evolution_pps/HALOMASS/output/m200c_bocquet16_lowhigh_cache/BT_soft_snap0052_m200c_bocquet16_input.npz
BT_soft,0052,0.4150651322,1.1885022274e+11,1.1075000000e+01,1.8462770070e-02,1.0225582598e-03,324095,1748970,/project/tkcastrosim/HNHuang/project_big_sim/analysis/_used_by_article_nonlinear_evolution_pps/HALOMASS/output/m200c_bocquet16_lowhigh_cache/BT_soft_snap0052_m200c_bocquet16_input.npz
BT_soft,0052,0.4150651322,1.6788040181e+11,1.1225000000e+01,1.1270218540e-02,7.9892460990e-04,324095,1748970,/project/tkcastrosim/HNHuang/project_big_sim/analysis/_used_by_article_nonlinear_evolution_pps/HALOMASS/output/m200c_bocquet16_lowhigh_cache/BT_soft_snap0052_m200c_bocquet16_input.npz
BT_soft,0052,0.4150651322,2.3713737057e+11,1.1375000000e+01,9.1181165069e-03,7.1860825044e-04,324095,1748970,/project/tkcastrosim/HNHuang/project_big_sim/analysis/_used_by_article_nonlinear_evolution_pps/HALOMASS/output/m200c_bocquet16_lowhigh_cache/BT_soft_snap0052_m200c_bocquet16_input.npz
BT_soft,0052,0.4150651322,3.3496543916e+11,1.1525000000e+01,6.3996718340e-03,6.0203048451e-04,324095,1748970,/project/tkcastrosim/HNHuang/project_big_sim/analysis/_used_by_article_nonlinear_evolution_pps/HALOMASS/output/m200c_bocquet16_lowhigh_cache/BT_soft_snap0052_m200c_bocquet16_input.npz
BT_soft,0052,0.4150651322,4.7315125896e+11,1.1675000000e+01,4.6440096495e-03,5.1284507270e-04,324095,1748970,/project/tkcastrosim/HNHuang/project_big_sim/analysis/_used_by_article_nonlinear_evolution_pps/HALOMASS/output/m200c_bocquet16_lowhigh_cache/BT_soft_snap0052_m200c_bocquet16_input.npz
BT_soft,0052,0.4150651322,6.6834391757e+11,1.1825000000e+01,3.1148845210e-03,4.2001094313e-04,324095,1748970,/project/tkcastrosim/HNHuang/project_big_sim/analysis/_used_by_article_nonlinear_evolution_pps/HALOMASS/output/m200c_bocquet16_lowhigh_cache/BT_soft_snap0052_m200c_bocquet16_input.npz
BT_soft,0052,0.4150651322,9.4406087629e+11,1.1975000000e+01,2.9449817289e-03,4.0839548573e-04,324095,1748970,/project/tkcastrosim/HNHuang/project_big_sim/analysis/_used_by_article_nonlinear_evolution_pps/HALOMASS/output/m200c_bocquet16_lowhigh_cache/BT_soft_snap0052_m200c_bocquet16_input.npz
BT_soft,0052,0.4150651322,1.3335214322e+12,1.2125000000e+01,1.5291251285e-03,2.9428026818e-04,324095,1748970,/project/tkcastrosim/HNHuang/project_big_sim/analysis/_used_by_article_nonlinear_evolution_pps/HALOMASS/output/m200c_bocquet16_lowhigh_cache/BT_soft_snap0052_m200c_bocquet16_input.npz
BT_soft,0052,0.4150651322,1.8836490895e+12,1.2275000000e+01,1.2459538084e-03,2.6563824450e-04,324095,1748970,/project/tkcastrosim/HNHuang/project_big_sim/analysis/_used_by_article_nonlinear_evolution_pps/HALOMASS/output/m200c_bocquet16_lowhigh_cache/BT_soft_snap0052_m200c_bocquet16_input.npz
BT_soft,0052,0.4150651322,2.6607250598e+12,1.2425000000e+01,7.9287969625e-04,2.1190601231e-04,324095,1748970,/project/tkcastrosim/HNHuang/project_big_sim/analysis/_used_by_article_nonlinear_evolution_pps/HALOMASS/output/m200c_bocquet16_lowhigh_cache/BT_soft_snap0052_m200c_bocquet16_input.npz
BT_soft,0052,0.4150651322,3.7583740429e+12,1.2575000000e+01,5.6634264018e-04,1.7909326790e-04,324095,1748970,/project/tkcastrosim/HNHuang/project_big_sim/analysis/_used_by_article_nonlinear_evolution_pps/HALOMASS/output/m200c_bocquet16_lowhigh_cache/BT_soft_snap0052_m200c_bocquet16_input.npz
BT_soft,0052,0.4150651322,5.3088444423e+12,1.2725000000e+01,5.0970837616e-04,1.6990279205e-04,324095,1748970,/project/tkcastrosim/HNHuang/project_big_sim/analysis/_used_by_article_nonlinear_evolution_pps/HALOMASS/output/m200c_bocquet16_lowhigh_cache/BT_soft_snap0052_m200c_bocquet16_input.npz
BT_soft,0052,0.4150651322,7.4989420933e+12,1.2875000000e+01,3.9643984813e-04,1.4984017828e-04,324095,1748970,/project/tkcastrosim/HNHuang/project_big_sim/analysis/_used_by_article_nonlinear_evolution_pps/HALOMASS/output/m200c_bocquet16_lowhigh_cache/BT_soft_snap0052_m200c_bocquet16_input.npz
BT_soft,0052,0.4150651322,1.0592537252e+13,1.3025000000e+01,3.9643984813e-04,1.4984017828e-04,324095,1748970,/project/tkcastrosim/HNHuang/project_big_sim/analysis/_used_by_article_nonlinear_evolution_pps/HALOMASS/output/m200c_bocquet16_lowhigh_cache/BT_soft_snap0052_m200c_bocquet16_input.npz
BT_soft,0052,0.4150651322,1.4962356561e+13,1.3175000000e+01,2.2653705607e-04,1.1326852804e-04,324095,1748970,/project/tkcastrosim/HNHuang/project_big_sim/analysis/_used_by_article_nonlinear_evolution_pps/HALOMASS/output/m200c_bocquet16_lowhigh_cache/BT_soft_snap0052_m200c_bocquet16_input.npz
BT_soft,0052,0.4150651322,2.1134890398e+13,1.3325000000e+01,1.1326852804e-04,8.0092944269e-05,324095,1748970,/project/tkcastrosim/HNHuang/project_big_sim/analysis/_used_by_article_nonlinear_evolution_pps/HALOMASS/output/m200c_bocquet16_lowhigh_cache/BT_soft_snap0052_m200c_bocquet16_input.npz
BT_soft,0056,0,1.6788040181e+08,8.2250000000e+00,7.2542828781e-01,6.4096877598e-03,281329,1595144,/project/tkcastrosim/HNHuang/project_big_sim/analysis/_used_by_article_nonlinear_evolution_pps/HALOMASS/output/m200c_bocquet16_lowhigh_cache/BT_soft_snap0056_m200c_bocquet16_input.npz
BT_soft,0056,0,2.3713737057e+08,8.3750000000e+00,3.9437269749e+00,1.4944901295e-02,281329,1595144,/project/tkcastrosim/HNHuang/project_big_sim/analysis/_used_by_article_nonlinear_evolution_pps/HALOMASS/output/m200c_bocquet16_lowhigh_cache/BT_soft_snap0056_m200c_bocquet16_input.npz
BT_soft,0056,0,3.3496543916e+08,8.5250000000e+00,2.9603862487e+00,1.2948331800e-02,281329,1595144,/project/tkcastrosim/HNHuang/project_big_sim/analysis/_used_by_article_nonlinear_evolution_pps/HALOMASS/output/m200c_bocquet16_lowhigh_cache/BT_soft_snap0056_m200c_bocquet16_input.npz
BT_soft,0056,0,4.7315125896e+08,8.6750000000e+00,2.1722071964e+00,1.1091499261e-02,281329,1595144,/project/tkcastrosim/HNHuang/project_big_sim/analysis/_used_by_article_nonlinear_evolution_pps/HALOMASS/output/m200c_bocquet16_lowhigh_cache/BT_soft_snap0056_m200c_bocquet16_input.npz
BT_soft,0056,0,6.6834391757e+08,8.8250000000e+00,1.6181541915e+00,9.5730335685e-03,281329,1595144,/project/tkcastrosim/HNHuang/project_big_sim/analysis/_used_by_article_nonlinear_evolution_pps/HALOMASS/output/m200c_bocquet16_lowhigh_cache/BT_soft_snap0056_m200c_bocquet16_input.npz
BT_soft,0056,0,9.4406087629e+08,8.9750000000e+00,1.1911318408e+00,8.2133352028e-03,281329,1595144,/project/tkcastrosim/HNHuang/project_big_sim/analysis/_used_by_article_nonlinear_evolution_pps/HALOMASS/output/m200c_bocquet16_lowhigh_cache/BT_soft_snap0056_m200c_bocquet16_input.npz
BT_soft,0056,0,1.3335214322e+09,9.1250000000e+00,8.7754792096e-01,7.0497716732e-03,281329,1595144,/project/tkcastrosim/HNHuang/project_big_sim/analysis/_used_by_article_nonlinear_evolution_pps/HALOMASS/output/m200c_bocquet16_lowhigh_cache/BT_soft_snap0056_m200c_bocquet16_input.npz
BT_soft,0056,0,1.8836490895e+09,9.2750000000e+00,6.5961927302e-01,6.1120415623e-03,281329,1595144,/project/tkcastrosim/HNHuang/project_big_sim/analysis/_used_by_article_nonlinear_evolution_pps/HALOMASS/output/m200c_bocquet16_lowhigh_cache/BT_soft_snap0056_m200c_bocquet16_input.npz
BT_soft,0056,0,2.6607250598e+09,9.4250000000e+00,4.7210322485e-01,5.1708044519e-03,281329,1595144,/project/tkcastrosim/HNHuang/project_big_sim/analysis/_used_by_article_nonlinear_evolution_pps/HALOMASS/output/m200c_bocquet16_lowhigh_cache/BT_soft_snap0056_m200c_bocquet16_input.npz
BT_soft,0056,0,3.7583740429e+09,9.5750000000e+00,3.5113243691e-01,4.4593864082e-03,281329,1595144,/project/tkcastrosim/HNHuang/project_big_sim/analysis/_used_by_article_nonlinear_evolution_pps/HALOMASS/output/m200c_bocquet16_lowhigh_cache/BT_soft_snap0056_m200c_bocquet16_input.npz
BT_soft,0056,0,5.3088444423e+09,9.7250000000e+00,2.5955483199e-01,3.8340183727e-03,281329,1595144,/project/tkcastrosim/HNHuang/project_big_sim/analysis/_used_by_article_nonlinear_evolution_pps/HALOMASS/output/m200c_bocquet16_lowhigh_cache/BT_soft_snap0056_m200c_bocquet16_input.npz
BT_soft,0056,0,7.4989420933e+09,9.8750000000e+00,1.9499177101e-01,3.3231333769e-03,281329,1595144,/project/tkcastrosim/HNHuang/project_big_sim/analysis/_used_by_article_nonlinear_evolution_pps/HALOMASS/output/m200c_bocquet16_lowhigh_cache/BT_soft_snap0056_m200c_bocquet16_input.npz
BT_soft,0056,0,1.0592537252e+10,1.0025000000e+01,1.3563906232e-01,2.7716093640e-03,281329,1595144,/project/tkcastrosim/HNHuang/project_big_sim/analysis/_used_by_article_nonlinear_evolution_pps/HALOMASS/output/m200c_bocquet16_lowhigh_cache/BT_soft_snap0056_m200c_bocquet16_input.npz
BT_soft,0056,0,1.4962356561e+10,1.0175000000e+01,1.0035591584e-01,2.3840267267e-03,281329,1595144,/project/tkcastrosim/HNHuang/project_big_sim/analysis/_used_by_article_nonlinear_evolution_pps/HALOMASS/output/m200c_bocquet16_lowhigh_cache/BT_soft_snap0056_m200c_bocquet16_input.npz
BT_soft,0056,0,2.1134890398e+10,1.0325000000e+01,7.3851080279e-02,2.0451165196e-03,281329,1595144,/project/tkcastrosim/HNHuang/project_big_sim/analysis/_used_by_article_nonlinear_evolution_pps/HALOMASS/output/m200c_bocquet16_lowhigh_cache/BT_soft_snap0056_m200c_bocquet16_input.npz
BT_soft,0056,0,2.9853826189e+10,1.0475000000e+01,5.2443328481e-02,1.7233947056e-03,281329,1595144,/project/tkcastrosim/HNHuang/project_big_sim/analysis/_used_by_article_nonlinear_evolution_pps/HALOMASS/output/m200c_bocquet16_lowhigh_cache/BT_soft_snap0056_m200c_bocquet16_input.npz
BT_soft,0056,0,4.2169650343e+10,1.0625000000e+01,3.9134276436e-02,1.4887380373e-03,281329,1595144,/project/tkcastrosim/HNHuang/project_big_sim/analysis/_used_by_article_nonlinear_evolution_pps/HALOMASS/output/m200c_bocquet16_lowhigh_cache/BT_soft_snap0056_m200c_bocquet16_input.npz
BT_soft,0056,0,5.9566214353e+10,1.0775000000e+01,2.8373766273e-02,1.2676463901e-03,281329,1595144,/project/tkcastrosim/HNHuang/project_big_sim/analysis/_used_by_article_nonlinear_evolution_pps/HALOMASS/output/m200c_bocquet16_lowhigh_cache/BT_soft_snap0056_m200c_bocquet16_input.npz
BT_soft,0056,0,8.4139514165e+10,1.0925000000e+01,2.0048529462e-02,1.0655673187e-03,281329,1595144,/project/tkcastrosim/HNHuang/project_big_sim/analysis/_used_by_article_nonlinear_evolution_pps/HALOMASS/output/m200c_bocquet16_lowhigh_cache/BT_soft_snap0056_m200c_bocquet16_input.npz
BT_soft,0056,0,1.1885022274e+11,1.1075000000e+01,1.5461154077e-02,9.3575161342e-04,281329,1595144,/project/tkcastrosim/HNHuang/project_big_sim/analysis/_used_by_article_nonlinear_evolution_pps/HALOMASS/output/m200c_bocquet16_lowhigh_cache/BT_soft_snap0056_m200c_bocquet16_input.npz
BT_soft,0056,0,1.6788040181e+11,1.1225000000e+01,1.2346269556e-02,8.3619488737e-04,281329,1595144,/project/tkcastrosim/HNHuang/project_big_sim/analysis/_used_by_article_nonlinear_evolution_pps/HALOMASS/output/m200c_bocquet16_lowhigh_cache/BT_soft_snap0056_m200c_bocquet16_input.npz
BT_soft,0056,0,2.3713737057e+11,1.1375000000e+01,8.4385053387e-03,6.9130929349e-04,281329,1595144,/project/tkcastrosim/HNHuang/project_big_sim/analysis/_used_by_article_nonlinear_evolution_pps/HALOMASS/output/m200c_bocquet16_lowhigh_cache/BT_soft_snap0056_m200c_bocquet16_input.npz
BT_soft,0056,0,3.3496543916e+11,1.1525000000e+01,5.5501578738e-03,5.6065060988e-04,281329,1595144,/project/tkcastrosim/HNHuang/project_big_sim/analysis/_used_by_article_nonlinear_evolution_pps/HALOMASS/output/m200c_bocquet16_lowhigh_cache/BT_soft_snap0056_m200c_bocquet16_input.npz
BT_soft,0056,0,4.7315125896e+11,1.1675000000e+01,4.0210327453e-03,4.7720879091e-04,281329,1595144,/project/tkcastrosim/HNHuang/project_big_sim/analysis/_used_by_article_nonlinear_evolution_pps/HALOMASS/output/m200c_bocquet16_lowhigh_cache/BT_soft_snap0056_m200c_bocquet16_input.npz
BT_soft,0056,0,6.6834391757e+11,1.1825000000e+01,3.1715187850e-03,4.2381202461e-04,281329,1595144,/project/tkcastrosim/HNHuang/project_big_sim/analysis/_used_by_article_nonlinear_evolution_pps/HALOMASS/output/m200c_bocquet16_lowhigh_cache/BT_soft_snap0056_m200c_bocquet16_input.npz
BT_soft,0056,0,9.4406087629e+11,1.1975000000e+01,2.3786390888e-03,3.6703197975e-04,281329,1595144,/project/tkcastrosim/HNHuang/project_big_sim/analysis/_used_by_article_nonlinear_evolution_pps/HALOMASS/output/m200c_bocquet16_lowhigh_cache/BT_soft_snap0056_m200c_bocquet16_input.npz
BT_soft,0056,0,1.3335214322e+12,1.2125000000e+01,1.5291251285e-03,2.9428026818e-04,281329,1595144,/project/tkcastrosim/HNHuang/project_big_sim/analysis/_used_by_article_nonlinear_evolution_pps/HALOMASS/output/m200c_bocquet16_lowhigh_cache/BT_soft_snap0056_m200c_bocquet16_input.npz
BT_soft,0056,0,1.8836490895e+12,1.2275000000e+01,9.6278248830e-04,2.3350905257e-04,281329,1595144,/project/tkcastrosim/HNHuang/project_big_sim/analysis/_used_by_article_nonlinear_evolution_pps/HALOMASS/output/m200c_bocquet16_lowhigh_cache/BT_soft_snap0056_m200c_bocquet16_input.npz
BT_soft,0056,0,2.6607250598e+12,1.2425000000e+01,8.4951396027e-04,2.1934356137e-04,281329,1595144,/project/tkcastrosim/HNHuang/project_big_sim/analysis/_used_by_article_nonlinear_evolution_pps/HALOMASS/output/m200c_bocquet16_lowhigh_cache/BT_soft_snap0056_m200c_bocquet16_input.npz
BT_soft,0056,0,3.7583740429e+12,1.2575000000e+01,4.5307411214e-04,1.6018588854e-04,281329,1595144,/project/tkcastrosim/HNHuang/project_big_sim/analysis/_used_by_article_nonlinear_evolution_pps/HALOMASS/output/m200c_bocquet16_lowhigh_cache/BT_soft_snap0056_m200c_bocquet16_input.npz
BT_soft,0056,0,5.3088444423e+12,1.2725000000e+01,4.5307411214e-04,1.6018588854e-04,281329,1595144,/project/tkcastrosim/HNHuang/project_big_sim/analysis/_used_by_article_nonlinear_evolution_pps/HALOMASS/output/m200c_bocquet16_lowhigh_cache/BT_soft_snap0056_m200c_bocquet16_input.npz
BT_soft,0056,0,7.4989420933e+12,1.2875000000e+01,3.9643984813e-04,1.4984017828e-04,281329,1595144,/project/tkcastrosim/HNHuang/project_big_sim/analysis/_used_by_article_nonlinear_evolution_pps/HALOMASS/output/m200c_bocquet16_lowhigh_cache/BT_soft_snap0056_m200c_bocquet16_input.npz
BT_soft,0056,0,1.0592537252e+13,1.3025000000e+01,4.5307411214e-04,1.6018588854e-04,281329,1595144,/project/tkcastrosim/HNHuang/project_big_sim/analysis/_used_by_article_nonlinear_evolution_pps/HALOMASS/output/m200c_bocquet16_lowhigh_cache/BT_soft_snap0056_m200c_bocquet16_input.npz
BT_soft,0056,0,1.4962356561e+13,1.3175000000e+01,3.3980558411e-04,1.3872504880e-04,281329,1595144,/project/tkcastrosim/HNHuang/project_big_sim/analysis/_used_by_article_nonlinear_evolution_pps/HALOMASS/output/m200c_bocquet16_lowhigh_cache/BT_soft_snap0056_m200c_bocquet16_input.npz
BT_soft,0056,0,2.1134890398e+13,1.3325000000e+01,5.6634264018e-05,5.6634264018e-05,281329,1595144,/project/tkcastrosim/HNHuang/project_big_sim/analysis/_used_by_article_nonlinear_evolution_pps/HALOMASS/output/m200c_bocquet16_lowhigh_cache/BT_soft_snap0056_m200c_bocquet16_input.npz
BT_soft,0056,0,2.9853826189e+13,1.3475000000e+01,1.1326852804e-04,8.0092944269e-05,281329,1595144,/project/tkcastrosim/HNHuang/project_big_sim/analysis/_used_by_article_nonlinear_evolution_pps/HALOMASS/output/m200c_bocquet16_lowhigh_cache/BT_soft_snap0056_m200c_bocquet16_input.npz
BT_soft,0056,0,4.2169650343e+13,1.3625000000e+01,5.6634264018e-05,5.6634264018e-05,281329,1595144,/project/tkcastrosim/HNHuang/project_big_sim/analysis/_used_by_article_nonlinear_evolution_pps/HALOMASS/output/m200c_bocquet16_lowhigh_cache/BT_soft_snap0056_m200c_bocquet16_input.npz
PL,0024,19.40664523,1.6788040181e+08,8.2250000000e+00,2.2653705607e-04,1.1326852804e-04,68,5927,/project/tkcastrosim/HNHuang/project_big_sim/analysis/_used_by_article_nonlinear_evolution_pps/HALOMASS/output/m200c_bocquet16_lowhigh_cache/PL_snap0024_m200c_bocquet16_input.npz
PL,0024,19.40664523,2.3713737057e+08,8.3750000000e+00,1.9821992406e-03,3.3505282439e-04,68,5927,/project/tkcastrosim/HNHuang/project_big_sim/analysis/_used_by_article_nonlinear_evolution_pps/HALOMASS/output/m200c_bocquet16_lowhigh_cache/PL_snap0024_m200c_bocquet16_input.npz
PL,0024,19.40664523,3.3496543916e+08,8.5250000000e+00,1.0194167523e-03,2.4027883281e-04,68,5927,/project/tkcastrosim/HNHuang/project_big_sim/analysis/_used_by_article_nonlinear_evolution_pps/HALOMASS/output/m200c_bocquet16_lowhigh_cache/PL_snap0024_m200c_bocquet16_input.npz
PL,0024,19.40664523,4.7315125896e+08,8.6750000000e+00,3.3980558411e-04,1.3872504880e-04,68,5927,/project/tkcastrosim/HNHuang/project_big_sim/analysis/_used_by_article_nonlinear_evolution_pps/HALOMASS/output/m200c_bocquet16_lowhigh_cache/PL_snap0024_m200c_bocquet16_input.npz
PL,0024,19.40664523,6.6834391757e+08,8.8250000000e+00,2.2653705607e-04,1.1326852804e-04,68,5927,/project/tkcastrosim/HNHuang/project_big_sim/analysis/_used_by_article_nonlinear_evolution_pps/HALOMASS/output/m200c_bocquet16_lowhigh_cache/PL_snap0024_m200c_bocquet16_input.npz
PL,0024,19.40664523,1.3335214322e+09,9.1250000000e+00,5.6634264018e-05,5.6634264018e-05,68,5927,/project/tkcastrosim/HNHuang/project_big_sim/analysis/_used_by_article_nonlinear_evolution_pps/HALOMASS/output/m200c_bocquet16_lowhigh_cache/PL_snap0024_m200c_bocquet16_input.npz
PL,0027,14.3318146,1.6788040181e+08,8.2250000000e+00,2.2030728703e-02,1.1170022855e-03,4181,100915,/project/tkcastrosim/HNHuang/project_big_sim/analysis/_used_by_article_nonlinear_evolution_pps/HALOMASS/output/m200c_bocquet16_lowhigh_cache/PL_snap0027_m200c_bocquet16_input.npz
PL,0027,14.3318146,2.3713737057e+08,8.3750000000e+00,9.7637471167e-02,2.3515157495e-03,4181,100915,/project/tkcastrosim/HNHuang/project_big_sim/analysis/_used_by_article_nonlinear_evolution_pps/HALOMASS/output/m200c_bocquet16_lowhigh_cache/PL_snap0027_m200c_bocquet16_input.npz
PL,0027,14.3318146,3.3496543916e+08,8.5250000000e+00,5.4991870361e-02,1.7647731029e-03,4181,100915,/project/tkcastrosim/HNHuang/project_big_sim/analysis/_used_by_article_nonlinear_evolution_pps/HALOMASS/output/m200c_bocquet16_lowhigh_cache/PL_snap0027_m200c_bocquet16_input.npz
PL,0027,14.3318146,4.7315125896e+08,8.6750000000e+00,3.0072794194e-02,1.3050481087e-03,4181,100915,/project/tkcastrosim/HNHuang/project_big_sim/analysis/_used_by_article_nonlinear_evolution_pps/HALOMASS/output/m200c_bocquet16_lowhigh_cache/PL_snap0027_m200c_bocquet16_input.npz
PL,0027,14.3318146,6.6834391757e+08,8.8250000000e+00,1.7216816261e-02,9.8745213438e-04,4181,100915,/project/tkcastrosim/HNHuang/project_big_sim/analysis/_used_by_article_nonlinear_evolution_pps/HALOMASS/output/m200c_bocquet16_lowhigh_cache/PL_snap0027_m200c_bocquet16_input.npz
PL,0027,14.3318146,9.4406087629e+08,8.9750000000e+00,8.0420654905e-03,6.7487514419e-04,4181,100915,/project/tkcastrosim/HNHuang/project_big_sim/analysis/_used_by_article_nonlinear_evolution_pps/HALOMASS/output/m200c_bocquet16_lowhigh_cache/PL_snap0027_m200c_bocquet16_input.npz
PL,0027,14.3318146,1.3335214322e+09,9.1250000000e+00,3.6245928971e-03,4.5307411214e-04,4181,100915,/project/tkcastrosim/HNHuang/project_big_sim/analysis/_used_by_article_nonlinear_evolution_pps/HALOMASS/output/m200c_bocquet16_lowhigh_cache/PL_snap0027_m200c_bocquet16_input.npz
PL,0027,14.3318146,1.8836490895e+09,9.2750000000e+00,1.6990279205e-03,3.1019863930e-04,4181,100915,/project/tkcastrosim/HNHuang/project_big_sim/analysis/_used_by_article_nonlinear_evolution_pps/HALOMASS/output/m200c_bocquet16_lowhigh_cache/PL_snap0027_m200c_bocquet16_input.npz
PL,0027,14.3318146,2.6607250598e+09,9.4250000000e+00,9.0614822429e-04,2.2653705607e-04,4181,100915,/project/tkcastrosim/HNHuang/project_big_sim/analysis/_used_by_article_nonlinear_evolution_pps/HALOMASS/output/m200c_bocquet16_lowhigh_cache/PL_snap0027_m200c_bocquet16_input.npz
PL,0027,14.3318146,3.7583740429e+09,9.5750000000e+00,2.8317132009e-04,1.2663806420e-04,4181,100915,/project/tkcastrosim/HNHuang/project_big_sim/analysis/_used_by_article_nonlinear_evolution_pps/HALOMASS/output/m200c_bocquet16_lowhigh_cache/PL_snap0027_m200c_bocquet16_input.npz
PL,0027,14.3318146,5.3088444423e+09,9.7250000000e+00,1.6990279205e-04,9.8093422728e-05,4181,100915,/project/tkcastrosim/HNHuang/project_big_sim/analysis/_used_by_article_nonlinear_evolution_pps/HALOMASS/output/m200c_bocquet16_lowhigh_cache/PL_snap0027_m200c_bocquet16_input.npz
PL,0027,14.3318146,7.4989420933e+09,9.8750000000e+00,5.6634264018e-05,5.6634264018e-05,4181,100915,/project/tkcastrosim/HNHuang/project_big_sim/analysis/_used_by_article_nonlinear_evolution_pps/HALOMASS/output/m200c_bocquet16_lowhigh_cache/PL_snap0027_m200c_bocquet16_input.npz
PL,0027,14.3318146,1.0592537252e+10,1.0025000000e+01,5.6634264018e-05,5.6634264018e-05,4181,100915,/project/tkcastrosim/HNHuang/project_big_sim/analysis/_used_by_article_nonlinear_evolution_pps/HALOMASS/output/m200c_bocquet16_lowhigh_cache/PL_snap0027_m200c_bocquet16_input.npz
PL,0030,10.51901923,1.6788040181e+08,8.2250000000e+00,1.4237853974e-01,2.8396309285e-03,36030,453009,/project/tkcastrosim/HNHuang/project_big_sim/analysis/_used_by_article_nonlinear_evolution_pps/HALOMASS/output/m200c_bocquet16_lowhigh_cache/PL_snap0030_m200c_bocquet16_input.npz
PL,0030,10.51901923,2.3713737057e+08,8.3750000000e+00,7.1829237054e-01,6.3780843327e-03,36030,453009,/project/tkcastrosim/HNHuang/project_big_sim/analysis/_used_by_article_nonlinear_evolution_pps/HALOMASS/output/m200c_bocquet16_lowhigh_cache/PL_snap0030_m200c_bocquet16_input.npz
PL,0030,10.51901923,3.3496543916e+08,8.5250000000e+00,4.5318738067e-01,5.0661557187e-03,36030,453009,/project/tkcastrosim/HNHuang/project_big_sim/analysis/_used_by_article_nonlinear_evolution_pps/HALOMASS/output/m200c_bocquet16_lowhigh_cache/PL_snap0030_m200c_bocquet16_input.npz
PL,0030,10.51901923,4.7315125896e+08,8.6750000000e+00,2.9008070030e-01,4.0532094650e-03,36030,453009,/project/tkcastrosim/HNHuang/project_big_sim/analysis/_used_by_article_nonlinear_evolution_pps/HALOMASS/output/m200c_bocquet16_lowhigh_cache/PL_snap0030_m200c_bocquet16_input.npz
PL,0030,10.51901923,6.6834391757e+08,8.8250000000e+00,1.8434452938e-01,3.2311324249e-03,36030,453009,/project/tkcastrosim/HNHuang/project_big_sim/analysis/_used_by_article_nonlinear_evolution_pps/HALOMASS/output/m200c_bocquet16_lowhigh_cache/PL_snap0030_m200c_bocquet16_input.npz
PL,0030,10.51901923,9.4406087629e+08,8.9750000000e+00,1.0811481001e-01,2.4744701846e-03,36030,453009,/project/tkcastrosim/HNHuang/project_big_sim/analysis/_used_by_article_nonlinear_evolution_pps/HALOMASS/output/m200c_bocquet16_lowhigh_cache/PL_snap0030_m200c_bocquet16_input.npz
PL,0030,10.51901923,1.3335214322e+09,9.1250000000e+00,6.2354324684e-02,1.8791996400e-03,36030,453009,/project/tkcastrosim/HNHuang/project_big_sim/analysis/_used_by_article_nonlinear_evolution_pps/HALOMASS/output/m200c_bocquet16_lowhigh_cache/PL_snap0030_m200c_bocquet16_input.npz
PL,0030,10.51901923,1.8836490895e+09,9.2750000000e+00,3.6529100292e-02,1.4383319194e-03,36030,453009,/project/tkcastrosim/HNHuang/project_big_sim/analysis/_used_by_article_nonlinear_evolution_pps/HALOMASS/output/m200c_bocquet16_lowhigh_cache/PL_snap0030_m200c_bocquet16_input.npz
PL,0030,10.51901923,2.6607250598e+09,9.4250000000e+00,2.1634288855e-02,1.1069065122e-03,36030,453009,/project/tkcastrosim/HNHuang/project_big_sim/analysis/_used_by_article_nonlinear_evolution_pps/HALOMASS/output/m200c_bocquet16_lowhigh_cache/PL_snap0030_m200c_bocquet16_input.npz
PL,0030,10.51901923,3.7583740429e+09,9.5750000000e+00,1.1326852804e-02,8.0092944269e-04,36030,453009,/project/tkcastrosim/HNHuang/project_big_sim/analysis/_used_by_article_nonlinear_evolution_pps/HALOMASS/output/m200c_bocquet16_lowhigh_cache/PL_snap0030_m200c_bocquet16_input.npz
PL,0030,10.51901923,5.3088444423e+09,9.7250000000e+00,6.3430375700e-03,5.9936071311e-04,36030,453009,/project/tkcastrosim/HNHuang/project_big_sim/analysis/_used_by_article_nonlinear_evolution_pps/HALOMASS/output/m200c_bocquet16_lowhigh_cache/PL_snap0030_m200c_bocquet16_input.npz
PL,0030,10.51901923,7.4989420933e+09,9.8750000000e+00,3.3414215771e-03,4.3501603624e-04,36030,453009,/project/tkcastrosim/HNHuang/project_big_sim/analysis/_used_by_article_nonlinear_evolution_pps/HALOMASS/output/m200c_bocquet16_lowhigh_cache/PL_snap0030_m200c_bocquet16_input.npz
PL,0030,10.51901923,1.0592537252e+10,1.0025000000e+01,1.3592223364e-03,2.7745009760e-04,36030,453009,/project/tkcastrosim/HNHuang/project_big_sim/analysis/_used_by_article_nonlinear_evolution_pps/HALOMASS/output/m200c_bocquet16_lowhigh_cache/PL_snap0030_m200c_bocquet16_input.npz
PL,0030,10.51901923,1.4962356561e+10,1.0175000000e+01,6.2297690420e-04,1.8783460403e-04,36030,453009,/project/tkcastrosim/HNHuang/project_big_sim/analysis/_used_by_article_nonlinear_evolution_pps/HALOMASS/output/m200c_bocquet16_lowhigh_cache/PL_snap0030_m200c_bocquet16_input.npz
PL,0030,10.51901923,2.1134890398e+10,1.0325000000e+01,2.8317132009e-04,1.2663806420e-04,36030,453009,/project/tkcastrosim/HNHuang/project_big_sim/analysis/_used_by_article_nonlinear_evolution_pps/HALOMASS/output/m200c_bocquet16_lowhigh_cache/PL_snap0030_m200c_bocquet16_input.npz
PL,0030,10.51901923,2.9853826189e+10,1.0475000000e+01,5.6634264018e-05,5.6634264018e-05,36030,453009,/project/tkcastrosim/HNHuang/project_big_sim/analysis/_used_by_article_nonlinear_evolution_pps/HALOMASS/output/m200c_bocquet16_lowhigh_cache/PL_snap0030_m200c_bocquet16_input.npz
PL,0030,10.51901923,4.2169650343e+10,1.0625000000e+01,2.2653705607e-04,1.1326852804e-04,36030,453009,/project/tkcastrosim/HNHuang/project_big_sim/analysis/_used_by_article_nonlinear_evolution_pps/HALOMASS/output/m200c_bocquet16_lowhigh_cache/PL_snap0030_m200c_bocquet16_input.npz
PL,0030,10.51901923,5.9566214353e+10,1.0775000000e+01,5.6634264018e-05,5.6634264018e-05,36030,453009,/project/tkcastrosim/HNHuang/project_big_sim/analysis/_used_by_article_nonlinear_evolution_pps/HALOMASS/output/m200c_bocquet16_lowhigh_cache/PL_snap0030_m200c_bocquet16_input.npz
PL,0032,8.519850605,1.6788040181e+08,8.2250000000e+00,2.8067941247e-01,3.9869878292e-03,80495,785802,/project/tkcastrosim/HNHuang/project_big_sim/analysis/_used_by_article_nonlinear_evolution_pps/HALOMASS/output/m200c_bocquet16_lowhigh_cache/PL_snap0032_m200c_bocquet16_input.npz
PL,0032,8.519850605,2.3713737057e+08,8.3750000000e+00,1.4451931492e+00,9.0469580727e-03,80495,785802,/project/tkcastrosim/HNHuang/project_big_sim/analysis/_used_by_article_nonlinear_evolution_pps/HALOMASS/output/m200c_bocquet16_lowhigh_cache/PL_snap0032_m200c_bocquet16_input.npz
PL,0032,8.519850605,3.3496543916e+08,8.5250000000e+00,9.8226467513e-01,7.4585412077e-03,80495,785802,/project/tkcastrosim/HNHuang/project_big_sim/analysis/_used_by_article_nonlinear_evolution_pps/HALOMASS/output/m200c_bocquet16_lowhigh_cache/PL_snap0032_m200c_bocquet16_input.npz
PL,0032,8.519850605,4.7315125896e+08,8.6750000000e+00,6.5446555499e-01,6.0881175278e-03,80495,785802,/project/tkcastrosim/HNHuang/project_big_sim/analysis/_used_by_article_nonlinear_evolution_pps/HALOMASS/output/m200c_bocquet16_lowhigh_cache/PL_snap0032_m200c_bocquet16_input.npz
PL,0032,8.519850605,6.6834391757e+08,8.8250000000e+00,4.3846247203e-01,4.9831716208e-03,80495,785802,/project/tkcastrosim/HNHuang/project_big_sim/analysis/_used_by_article_nonlinear_evolution_pps/HALOMASS/output/m200c_bocquet16_lowhigh_cache/PL_snap0032_m200c_bocquet16_input.npz
PL,0032,8.519850605,9.4406087629e+08,8.9750000000e+00,2.8583313050e-01,4.0234250307e-03,80495,785802,/project/tkcastrosim/HNHuang/project_big_sim/analysis/_used_by_article_nonlinear_evolution_pps/HALOMASS/output/m200c_bocquet16_lowhigh_cache/PL_snap0032_m200c_bocquet16_input.npz
PL,0032,8.519850605,1.3335214322e+09,9.1250000000e+00,1.8462770070e-01,3.2336131411e-03,80495,785802,/project/tkcastrosim/HNHuang/project_big_sim/analysis/_used_by_article_nonlinear_evolution_pps/HALOMASS/output/m200c_bocquet16_lowhigh_cache/PL_snap0032_m200c_bocquet16_input.npz
PL,0032,8.519850605,1.8836490895e+09,9.2750000000e+00,1.1128632880e-01,2.5105018077e-03,80495,785802,/project/tkcastrosim/HNHuang/project_big_sim/analysis/_used_by_article_nonlinear_evolution_pps/HALOMASS/output/m200c_bocquet16_lowhigh_cache/PL_snap0032_m200c_bocquet16_input.npz
PL,0032,8.519850605,2.6607250598e+09,9.4250000000e+00,7.4190885863e-02,2.0498161424e-03,80495,785802,/project/tkcastrosim/HNHuang/project_big_sim/analysis/_used_by_article_nonlinear_evolution_pps/HALOMASS/output/m200c_bocquet16_lowhigh_cache/PL_snap0032_m200c_bocquet16_input.npz
PL,0032,8.519850605,3.7583740429e+09,9.5750000000e+00,4.3551749030e-02,1.5705162377e-03,80495,785802,/project/tkcastrosim/HNHuang/project_big_sim/analysis/_used_by_article_nonlinear_evolution_pps/HALOMASS/output/m200c_bocquet16_lowhigh_cache/PL_snap0032_m200c_bocquet16_input.npz
PL,0032,8.519850605,5.3088444423e+09,9.7250000000e+00,2.4692539112e-02,1.1825581505e-03,80495,785802,/project/tkcastrosim/HNHuang/project_big_sim/analysis/_used_by_article_nonlinear_evolution_pps/HALOMASS/output/m200c_bocquet16_lowhigh_cache/PL_snap0032_m200c_bocquet16_input.npz
PL,0032,8.519850605,7.4989420933e+09,9.8750000000e+00,1.5291251285e-02,9.3059591791e-04,80495,785802,/project/tkcastrosim/HNHuang/project_big_sim/analysis/_used_by_article_nonlinear_evolution_pps/HALOMASS/output/m200c_bocquet16_lowhigh_cache/PL_snap0032_m200c_bocquet16_input.npz
PL,0032,8.519850605,1.0592537252e+10,1.0025000000e+01,7.8721626985e-03,6.6770812535e-04,80495,785802,/project/tkcastrosim/HNHuang/project_big_sim/analysis/_used_by_article_nonlinear_evolution_pps/HALOMASS/output/m200c_bocquet16_lowhigh_cache/PL_snap0032_m200c_bocquet16_input.npz
PL,0032,8.519850605,1.4962356561e+10,1.0175000000e+01,4.8705467055e-03,5.2520455828e-04,80495,785802,/project/tkcastrosim/HNHuang/project_big_sim/analysis/_used_by_article_nonlinear_evolution_pps/HALOMASS/output/m200c_bocquet16_lowhigh_cache/PL_snap0032_m200c_bocquet16_input.npz
PL,0032,8.519850605,2.1134890398e+10,1.0325000000e+01,3.0582502570e-03,4.1617514641e-04,80495,785802,/project/tkcastrosim/HNHuang/project_big_sim/analysis/_used_by_article_nonlinear_evolution_pps/HALOMASS/output/m200c_bocquet16_lowhigh_cache/PL_snap0032_m200c_bocquet16_input.npz
PL,0032,8.519850605,2.9853826189e+10,1.0475000000e+01,1.1326852804e-03,2.5327612840e-04,80495,785802,/project/tkcastrosim/HNHuang/project_big_sim/analysis/_used_by_article_nonlinear_evolution_pps/HALOMASS/output/m200c_bocquet16_lowhigh_cache/PL_snap0032_m200c_bocquet16_input.npz
PL,0032,8.519850605,4.2169650343e+10,1.0625000000e+01,6.7961116821e-04,1.9618684546e-04,80495,785802,/project/tkcastrosim/HNHuang/project_big_sim/analysis/_used_by_article_nonlinear_evolution_pps/HALOMASS/output/m200c_bocquet16_lowhigh_cache/PL_snap0032_m200c_bocquet16_input.npz
PL,0032,8.519850605,5.9566214353e+10,1.0775000000e+01,2.8317132009e-04,1.2663806420e-04,80495,785802,/project/tkcastrosim/HNHuang/project_big_sim/analysis/_used_by_article_nonlinear_evolution_pps/HALOMASS/output/m200c_bocquet16_lowhigh_cache/PL_snap0032_m200c_bocquet16_input.npz
PL,0032,8.519850605,8.4139514165e+10,1.0925000000e+01,2.2653705607e-04,1.1326852804e-04,80495,785802,/project/tkcastrosim/HNHuang/project_big_sim/analysis/_used_by_article_nonlinear_evolution_pps/HALOMASS/output/m200c_bocquet16_lowhigh_cache/PL_snap0032_m200c_bocquet16_input.npz
PL,0032,8.519850605,1.1885022274e+11,1.1075000000e+01,1.1326852804e-04,8.0092944269e-05,80495,785802,/project/tkcastrosim/HNHuang/project_big_sim/analysis/_used_by_article_nonlinear_evolution_pps/HALOMASS/output/m200c_bocquet16_lowhigh_cache/PL_snap0032_m200c_bocquet16_input.npz
PL,0040,3.441080566,1.6788040181e+08,8.2250000000e+00,6.4059016031e-01,6.0232343692e-03,235128,1471021,/project/tkcastrosim/HNHuang/project_big_sim/analysis/_used_by_article_nonlinear_evolution_pps/HALOMASS/output/m200c_bocquet16_lowhigh_cache/PL_snap0040_m200c_bocquet16_input.npz
PL,0040,3.441080566,2.3713737057e+08,8.3750000000e+00,3.4929748676e+00,1.4064923066e-02,235128,1471021,/project/tkcastrosim/HNHuang/project_big_sim/analysis/_used_by_article_nonlinear_evolution_pps/HALOMASS/output/m200c_bocquet16_lowhigh_cache/PL_snap0040_m200c_bocquet16_input.npz
PL,0040,3.441080566,3.3496543916e+08,8.5250000000e+00,2.5519399366e+00,1.2021948267e-02,235128,1471021,/project/tkcastrosim/HNHuang/project_big_sim/analysis/_used_by_article_nonlinear_evolution_pps/HALOMASS/output/m200c_bocquet16_lowhigh_cache/PL_snap0040_m200c_bocquet16_input.npz
PL,0040,3.441080566,4.7315125896e+08,8.6750000000e+00,1.8585100080e+00,1.0259402832e-02,235128,1471021,/project/tkcastrosim/HNHuang/project_big_sim/analysis/_used_by_article_nonlinear_evolution_pps/HALOMASS/output/m200c_bocquet16_lowhigh_cache/PL_snap0040_m200c_bocquet16_input.npz
PL,0040,3.441080566,6.6834391757e+08,8.8250000000e+00,1.3622805867e+00,8.7836073690e-03,235128,1471021,/project/tkcastrosim/HNHuang/project_big_sim/analysis/_used_by_article_nonlinear_evolution_pps/HALOMASS/output/m200c_bocquet16_lowhigh_cache/PL_snap0040_m200c_bocquet16_input.npz
PL,0040,3.441080566,9.4406087629e+08,8.9750000000e+00,9.8396370305e-01,7.4649889580e-03,235128,1471021,/project/tkcastrosim/HNHuang/project_big_sim/analysis/_used_by_article_nonlinear_evolution_pps/HALOMASS/output/m200c_bocquet16_lowhigh_cache/PL_snap0040_m200c_bocquet16_input.npz
PL,0040,3.441080566,1.3335214322e+09,9.1250000000e+00,7.0549302687e-01,6.3210029542e-03,235128,1471021,/project/tkcastrosim/HNHuang/project_big_sim/analysis/_used_by_article_nonlinear_evolution_pps/HALOMASS/output/m200c_bocquet16_lowhigh_cache/PL_snap0040_m200c_bocquet16_input.npz
PL,0040,3.441080566,1.8836490895e+09,9.2750000000e+00,4.9645595838e-01,5.3024916615e-03,235128,1471021,/project/tkcastrosim/HNHuang/project_big_sim/analysis/_used_by_article_nonlinear_evolution_pps/HALOMASS/output/m200c_bocquet16_lowhigh_cache/PL_snap0040_m200c_bocquet16_input.npz
PL,0040,3.441080566,2.6607250598e+09,9.4250000000e+00,3.5515346966e-01,4.4848473070e-03,235128,1471021,/project/tkcastrosim/HNHuang/project_big_sim/analysis/_used_by_article_nonlinear_evolution_pps/HALOMASS/output/m200c_bocquet16_lowhigh_cache/PL_snap0040_m200c_bocquet16_input.npz
PL,0040,3.441080566,3.7583740429e+09,9.5750000000e+00,2.6334932768e-01,3.8619419148e-03,235128,1471021,/project/tkcastrosim/HNHuang/project_big_sim/analysis/_used_by_article_nonlinear_evolution_pps/HALOMASS/output/m200c_bocquet16_lowhigh_cache/PL_snap0040_m200c_bocquet16_input.npz
PL,0040,3.441080566,5.3088444423e+09,9.7250000000e+00,1.8139954765e-01,3.2052191617e-03,235128,1471021,/project/tkcastrosim/HNHuang/project_big_sim/analysis/_used_by_article_nonlinear_evolution_pps/HALOMASS/output/m200c_bocquet16_lowhigh_cache/PL_snap0040_m200c_bocquet16_input.npz
PL,0040,3.441080566,7.4989420933e+09,9.8750000000e+00,1.2872968211e-01,2.7000945916e-03,235128,1471021,/project/tkcastrosim/HNHuang/project_big_sim/analysis/_used_by_article_nonlinear_evolution_pps/HALOMASS/output/m200c_bocquet16_lowhigh_cache/PL_snap0040_m200c_bocquet16_input.npz
PL,0040,3.441080566,1.0592537252e+10,1.0025000000e+01,9.0048479788e-02,2.2582801816e-03,235128,1471021,/project/tkcastrosim/HNHuang/project_big_sim/analysis/_used_by_article_nonlinear_evolution_pps/HALOMASS/output/m200c_bocquet16_lowhigh_cache/PL_snap0040_m200c_bocquet16_input.npz
PL,0040,3.441080566,1.4962356561e+10,1.0175000000e+01,6.1674713515e-02,1.8689307126e-03,235128,1471021,/project/tkcastrosim/HNHuang/project_big_sim/analysis/_used_by_article_nonlinear_evolution_pps/HALOMASS/output/m200c_bocquet16_lowhigh_cache/PL_snap0040_m200c_bocquet16_input.npz
PL,0040,3.441080566,2.1134890398e+10,1.0325000000e+01,4.5760485326e-02,1.6098482561e-03,235128,1471021,/project/tkcastrosim/HNHuang/project_big_sim/analysis/_used_by_article_nonlinear_evolution_pps/HALOMASS/output/m200c_bocquet16_lowhigh_cache/PL_snap0040_m200c_bocquet16_input.npz
PL,0040,3.441080566,2.9853826189e+10,1.0475000000e+01,3.2338164754e-02,1.3533100755e-03,235128,1471021,/project/tkcastrosim/HNHuang/project_big_sim/analysis/_used_by_article_nonlinear_evolution_pps/HALOMASS/output/m200c_bocquet16_lowhigh_cache/PL_snap0040_m200c_bocquet16_input.npz
PL,0040,3.441080566,4.2169650343e+10,1.0625000000e+01,2.2766974135e-02,1.1355134627e-03,235128,1471021,/project/tkcastrosim/HNHuang/project_big_sim/analysis/_used_by_article_nonlinear_evolution_pps/HALOMASS/output/m200c_bocquet16_lowhigh_cache/PL_snap0040_m200c_bocquet16_input.npz
PL,0040,3.441080566,5.9566214353e+10,1.0775000000e+01,1.4668274381e-02,9.1144222195e-04,235128,1471021,/project/tkcastrosim/HNHuang/project_big_sim/analysis/_used_by_article_nonlinear_evolution_pps/HALOMASS/output/m200c_bocquet16_lowhigh_cache/PL_snap0040_m200c_bocquet16_input.npz
PL,0040,3.441080566,8.4139514165e+10,1.0925000000e+01,8.7783109228e-03,7.0509090083e-04,235128,1471021,/project/tkcastrosim/HNHuang/project_big_sim/analysis/_used_by_article_nonlinear_evolution_pps/HALOMASS/output/m200c_bocquet16_lowhigh_cache/PL_snap0040_m200c_bocquet16_input.npz
PL,0040,3.441080566,1.1885022274e+11,1.1075000000e+01,6.9660144742e-03,6.2810437260e-04,235128,1471021,/project/tkcastrosim/HNHuang/project_big_sim/analysis/_used_by_article_nonlinear_evolution_pps/HALOMASS/output/m200c_bocquet16_lowhigh_cache/PL_snap0040_m200c_bocquet16_input.npz
PL,0040,3.441080566,1.6788040181e+11,1.1225000000e+01,3.8511299532e-03,4.6701810515e-04,235128,1471021,/project/tkcastrosim/HNHuang/project_big_sim/analysis/_used_by_article_nonlinear_evolution_pps/HALOMASS/output/m200c_bocquet16_lowhigh_cache/PL_snap0040_m200c_bocquet16_input.npz
PL,0040,3.441080566,2.3713737057e+11,1.1375000000e+01,3.3414215771e-03,4.3501603624e-04,235128,1471021,/project/tkcastrosim/HNHuang/project_big_sim/analysis/_used_by_article_nonlinear_evolution_pps/HALOMASS/output/m200c_bocquet16_lowhigh_cache/PL_snap0040_m200c_bocquet16_input.npz
PL,0040,3.441080566,3.3496543916e+11,1.1525000000e+01,2.2653705607e-03,3.5818653581e-04,235128,1471021,/project/tkcastrosim/HNHuang/project_big_sim/analysis/_used_by_article_nonlinear_evolution_pps/HALOMASS/output/m200c_bocquet16_lowhigh_cache/PL_snap0040_m200c_bocquet16_input.npz
PL,0040,3.441080566,4.7315125896e+11,1.1675000000e+01,1.1326852804e-03,2.5327612840e-04,235128,1471021,/project/tkcastrosim/HNHuang/project_big_sim/analysis/_used_by_article_nonlinear_evolution_pps/HALOMASS/output/m200c_bocquet16_lowhigh_cache/PL_snap0040_m200c_bocquet16_input.npz
PL,0040,3.441080566,6.6834391757e+11,1.1825000000e+01,1.0194167523e-03,2.4027883281e-04,235128,1471021,/project/tkcastrosim/HNHuang/project_big_sim/analysis/_used_by_article_nonlinear_evolution_pps/HALOMASS/output/m200c_bocquet16_lowhigh_cache/PL_snap0040_m200c_bocquet16_input.npz
PL,0040,3.441080566,9.4406087629e+11,1.1975000000e+01,5.6634264018e-04,1.7909326790e-04,235128,1471021,/project/tkcastrosim/HNHuang/project_big_sim/analysis/_used_by_article_nonlinear_evolution_pps/HALOMASS/output/m200c_bocquet16_lowhigh_cache/PL_snap0040_m200c_bocquet16_input.npz
PL,0040,3.441080566,1.3335214322e+12,1.2125000000e+01,1.6990279205e-04,9.8093422728e-05,235128,1471021,/project/tkcastrosim/HNHuang/project_big_sim/analysis/_used_by_article_nonlinear_evolution_pps/HALOMASS/output/m200c_bocquet16_lowhigh_cache/PL_snap0040_m200c_bocquet16_input.npz
PL,0040,3.441080566,1.8836490895e+12,1.2275000000e+01,1.1326852804e-04,8.0092944269e-05,235128,1471021,/project/tkcastrosim/HNHuang/project_big_sim/analysis/_used_by_article_nonlinear_evolution_pps/HALOMASS/output/m200c_bocquet16_lowhigh_cache/PL_snap0040_m200c_bocquet16_input.npz
PL,0042,2.670314517,1.6788040181e+08,8.2250000000e+00,6.5378594382e-01,6.0849556904e-03,244075,1453971,/project/tkcastrosim/HNHuang/project_big_sim/analysis/_used_by_article_nonlinear_evolution_pps/HALOMASS/output/m200c_bocquet16_lowhigh_cache/PL_snap0042_m200c_bocquet16_input.npz
PL,0042,2.670314517,2.3713737057e+08,8.3750000000e+00,3.5764537727e+00,1.4232000113e-02,244075,1453971,/project/tkcastrosim/HNHuang/project_big_sim/analysis/_used_by_article_nonlinear_evolution_pps/HALOMASS/output/m200c_bocquet16_lowhigh_cache/PL_snap0042_m200c_bocquet16_input.npz
PL,0042,2.670314517,3.3496543916e+08,8.5250000000e+00,2.6239787205e+00,1.2190451330e-02,244075,1453971,/project/tkcastrosim/HNHuang/project_big_sim/analysis/_used_by_article_nonlinear_evolution_pps/HALOMASS/output/m200c_bocquet16_lowhigh_cache/PL_snap0042_m200c_bocquet16_input.npz
PL,0042,2.670314517,4.7315125896e+08,8.6750000000e+00,1.9257348794e+00,1.0443303002e-02,244075,1453971,/project/tkcastrosim/HNHuang/project_big_sim/analysis/_used_by_article_nonlinear_evolution_pps/HALOMASS/output/m200c_bocquet16_lowhigh_cache/PL_snap0042_m200c_bocquet16_input.npz
PL,0042,2.670314517,6.6834391757e+08,8.8250000000e+00,1.3926931865e+00,8.8811121836e-03,244075,1453971,/project/tkcastrosim/HNHuang/project_big_sim/analysis/_used_by_article_nonlinear_evolution_pps/HALOMASS/output/m200c_bocquet16_lowhigh_cache/PL_snap0042_m200c_bocquet16_input.npz
PL,0042,2.670314517,9.4406087629e+08,8.9750000000e+00,1.0270623780e+00,7.6267241904e-03,244075,1453971,/project/tkcastrosim/HNHuang/project_big_sim/analysis/_used_by_article_nonlinear_evolution_pps/HALOMASS/output/m200c_bocquet16_lowhigh_cache/PL_snap0042_m200c_bocquet16_input.npz
PL,0042,2.670314517,1.3335214322e+09,9.1250000000e+00,7.3873733985e-01,6.4682181120e-03,244075,1453971,/project/tkcastrosim/HNHuang/project_big_sim/analysis/_used_by_article_nonlinear_evolution_pps/HALOMASS/output/m200c_bocquet16_lowhigh_cache/PL_snap0042_m200c_bocquet16_input.npz
PL,0042,2.670314517,1.8836490895e+09,9.2750000000e+00,5.3179573913e-01,5.4879741520e-03,244075,1453971,/project/tkcastrosim/HNHuang/project_big_sim/analysis/_used_by_article_nonlinear_evolution_pps/HALOMASS/output/m200c_bocquet16_lowhigh_cache/PL_snap0042_m200c_bocquet16_input.npz
PL,0042,2.670314517,2.6607250598e+09,9.4250000000e+00,3.8607577781e-01,4.6760151338e-03,244075,1453971,/project/tkcastrosim/HNHuang/project_big_sim/analysis/_used_by_article_nonlinear_evolution_pps/HALOMASS/output/m200c_bocquet16_lowhigh_cache/PL_snap0042_m200c_bocquet16_input.npz
PL,0042,2.670314517,3.7583740429e+09,9.5750000000e+00,2.7303378683e-01,3.9323107163e-03,244075,1453971,/project/tkcastrosim/HNHuang/project_big_sim/analysis/_used_by_article_nonlinear_evolution_pps/HALOMASS/output/m200c_bocquet16_lowhigh_cache/PL_snap0042_m200c_bocquet16_input.npz
PL,0042,2.670314517,5.3088444423e+09,9.7250000000e+00,2.0190115122e-01,3.3814971690e-03,244075,1453971,/project/tkcastrosim/HNHuang/project_big_sim/analysis/_used_by_article_nonlinear_evolution_pps/HALOMASS/output/m200c_bocquet16_lowhigh_cache/PL_snap0042_m200c_bocquet16_input.npz
PL,0042,2.670314517,7.4989420933e+09,9.8750000000e+00,1.3971672933e-01,2.8129618086e-03,244075,1453971,/project/tkcastrosim/HNHuang/project_big_sim/analysis/_used_by_article_nonlinear_evolution_pps/HALOMASS/output/m200c_bocquet16_lowhigh_cache/PL_snap0042_m200c_bocquet16_input.npz
PL,0042,2.670314517,1.0592537252e+10,1.0025000000e+01,1.0046918437e-01,2.3853717348e-03,244075,1453971,/project/tkcastrosim/HNHuang/project_big_sim/analysis/_used_by_article_nonlinear_evolution_pps/HALOMASS/output/m200c_bocquet16_lowhigh_cache/PL_snap0042_m200c_bocquet16_input.npz
PL,0042,2.670314517,1.4962356561e+10,1.0175000000e+01,7.4077617335e-02,2.0482507996e-03,244075,1453971,/project/tkcastrosim/HNHuang/project_big_sim/analysis/_used_by_article_nonlinear_evolution_pps/HALOMASS/output/m200c_bocquet16_lowhigh_cache/PL_snap0042_m200c_bocquet16_input.npz
PL,0042,2.670314517,2.1134890398e+10,1.0325000000e+01,5.1537180256e-02,1.7084408896e-03,244075,1453971,/project/tkcastrosim/HNHuang/project_big_sim/analysis/_used_by_article_nonlinear_evolution_pps/HALOMASS/output/m200c_bocquet16_lowhigh_cache/PL_snap0042_m200c_bocquet16_input.npz
PL,0042,2.670314517,2.9853826189e+10,1.0475000000e+01,3.9360813492e-02,1.4930407574e-03,244075,1453971,/project/tkcastrosim/HNHuang/project_big_sim/analysis/_used_by_article_nonlinear_evolution_pps/HALOMASS/output/m200c_bocquet16_lowhigh_cache/PL_snap0042_m200c_bocquet16_input.npz
PL,0042,2.670314517,4.2169650343e+10,1.0625000000e+01,2.7297715257e-02,1.2433768588e-03,244075,1453971,/project/tkcastrosim/HNHuang/project_big_sim/analysis/_used_by_article_nonlinear_evolution_pps/HALOMASS/output/m200c_bocquet16_lowhigh_cache/PL_snap0042_m200c_bocquet16_input.npz
PL,0042,2.670314517,5.9566214353e+10,1.0775000000e+01,1.8066330222e-02,1.0115202992e-03,244075,1453971,/project/tkcastrosim/HNHuang/project_big_sim/analysis/_used_by_article_nonlinear_evolution_pps/HALOMASS/output/m200c_bocquet16_lowhigh_cache/PL_snap0042_m200c_bocquet16_input.npz
PL,0042,2.670314517,8.4139514165e+10,1.0925000000e+01,1.3082514988e-02,8.6076629108e-04,244075,1453971,/project/tkcastrosim/HNHuang/project_big_sim/analysis/_used_by_article_nonlinear_evolution_pps/HALOMASS/output/m200c_bocquet16_lowhigh_cache/PL_snap0042_m200c_bocquet16_input.npz
PL,0042,2.670314517,1.1885022274e+11,1.1075000000e+01,9.2313850349e-03,7.2305787965e-04,244075,1453971,/project/tkcastrosim/HNHuang/project_big_sim/analysis/_used_by_article_nonlinear_evolution_pps/HALOMASS/output/m200c_bocquet16_lowhigh_cache/PL_snap0042_m200c_bocquet16_input.npz
PL,0042,2.670314517,1.6788040181e+11,1.1225000000e+01,6.9093802102e-03,6.2554589202e-04,244075,1453971,/project/tkcastrosim/HNHuang/project_big_sim/analysis/_used_by_article_nonlinear_evolution_pps/HALOMASS/output/m200c_bocquet16_lowhigh_cache/PL_snap0042_m200c_bocquet16_input.npz
PL,0042,2.670314517,2.3713737057e+11,1.1375000000e+01,3.7378614252e-03,4.6009893590e-04,244075,1453971,/project/tkcastrosim/HNHuang/project_big_sim/analysis/_used_by_article_nonlinear_evolution_pps/HALOMASS/output/m200c_bocquet16_lowhigh_cache/PL_snap0042_m200c_bocquet16_input.npz
PL,0042,2.670314517,3.3496543916e+11,1.1525000000e+01,3.1148845210e-03,4.2001094313e-04,244075,1453971,/project/tkcastrosim/HNHuang/project_big_sim/analysis/_used_by_article_nonlinear_evolution_pps/HALOMASS/output/m200c_bocquet16_lowhigh_cache/PL_snap0042_m200c_bocquet16_input.npz
PL,0042,2.670314517,4.7315125896e+11,1.1675000000e+01,1.1893195444e-03,2.5953080179e-04,244075,1453971,/project/tkcastrosim/HNHuang/project_big_sim/analysis/_used_by_article_nonlinear_evolution_pps/HALOMASS/output/m200c_bocquet16_lowhigh_cache/PL_snap0042_m200c_bocquet16_input.npz
PL,0042,2.670314517,6.6834391757e+11,1.1825000000e+01,1.5857593925e-03,2.9968035655e-04,244075,1453971,/project/tkcastrosim/HNHuang/project_big_sim/analysis/_used_by_article_nonlinear_evolution_pps/HALOMASS/output/m200c_bocquet16_lowhigh_cache/PL_snap0042_m200c_bocquet16_input.npz
PL,0042,2.670314517,9.4406087629e+11,1.1975000000e+01,7.3624543223e-04,2.0419774286e-04,244075,1453971,/project/tkcastrosim/HNHuang/project_big_sim/analysis/_used_by_article_nonlinear_evolution_pps/HALOMASS/output/m200c_bocquet16_lowhigh_cache/PL_snap0042_m200c_bocquet16_input.npz
PL,0042,2.670314517,1.3335214322e+12,1.2125000000e+01,7.3624543223e-04,2.0419774286e-04,244075,1453971,/project/tkcastrosim/HNHuang/project_big_sim/analysis/_used_by_article_nonlinear_evolution_pps/HALOMASS/output/m200c_bocquet16_lowhigh_cache/PL_snap0042_m200c_bocquet16_input.npz
PL,0042,2.670314517,1.8836490895e+12,1.2275000000e+01,6.7961116821e-04,1.9618684546e-04,244075,1453971,/project/tkcastrosim/HNHuang/project_big_sim/analysis/_used_by_article_nonlinear_evolution_pps/HALOMASS/output/m200c_bocquet16_lowhigh_cache/PL_snap0042_m200c_bocquet16_input.npz
PL,0042,2.670314517,2.6607250598e+12,1.2425000000e+01,2.2653705607e-04,1.1326852804e-04,244075,1453971,/project/tkcastrosim/HNHuang/project_big_sim/analysis/_used_by_article_nonlinear_evolution_pps/HALOMASS/output/m200c_bocquet16_lowhigh_cache/PL_snap0042_m200c_bocquet16_input.npz
PL,0046,1.506874201,1.6788040181e+08,8.2250000000e+00,6.3849469254e-01,6.0133748421e-03,239164,1333258,/project/tkcastrosim/HNHuang/project_big_sim/analysis/_used_by_article_nonlinear_evolution_pps/HALOMASS/output/m200c_bocquet16_lowhigh_cache/PL_snap0046_m200c_bocquet16_input.npz
PL,0046,1.506874201,2.3713737057e+08,8.3750000000e+00,3.4127241155e+00,1.3902414128e-02,239164,1333258,/project/tkcastrosim/HNHuang/project_big_sim/analysis/_used_by_article_nonlinear_evolution_pps/HALOMASS/output/m200c_bocquet16_lowhigh_cache/PL_snap0046_m200c_bocquet16_input.npz
PL,0046,1.506874201,3.3496543916e+08,8.5250000000e+00,2.5612279559e+00,1.2043805888e-02,239164,1333258,/project/tkcastrosim/HNHuang/project_big_sim/analysis/_used_by_article_nonlinear_evolution_pps/HALOMASS/output/m200c_bocquet16_lowhigh_cache/PL_snap0046_m200c_bocquet16_input.npz
PL,0046,1.506874201,4.7315125896e+08,8.6750000000e+00,1.8728951111e+00,1.0299030838e-02,239164,1333258,/project/tkcastrosim/HNHuang/project_big_sim/analysis/_used_by_article_nonlinear_evolution_pps/HALOMASS/output/m200c_bocquet16_lowhigh_cache/PL_snap0046_m200c_bocquet16_input.npz
PL,0046,1.506874201,6.6834391757e+08,8.8250000000e+00,1.3727579255e+00,8.8173201590e-03,239164,1333258,/project/tkcastrosim/HNHuang/project_big_sim/analysis/_used_by_article_nonlinear_evolution_pps/HALOMASS/output/m200c_bocquet16_lowhigh_cache/PL_snap0046_m200c_bocquet16_input.npz
PL,0046,1.506874201,9.4406087629e+08,8.9750000000e+00,1.0028229130e+00,7.5361885337e-03,239164,1333258,/project/tkcastrosim/HNHuang/project_big_sim/analysis/_used_by_article_nonlinear_evolution_pps/HALOMASS/output/m200c_bocquet16_lowhigh_cache/PL_snap0046_m200c_bocquet16_input.npz
PL,0046,1.506874201,1.3335214322e+09,9.1250000000e+00,7.3658523782e-01,6.4587895793e-03,239164,1333258,/project/tkcastrosim/HNHuang/project_big_sim/analysis/_used_by_article_nonlinear_evolution_pps/HALOMASS/output/m200c_bocquet16_lowhigh_cache/PL_snap0046_m200c_bocquet16_input.npz
PL,0046,1.506874201,1.8836490895e+09,9.2750000000e+00,5.2930383151e-01,5.4751011808e-03,239164,1333258,/project/tkcastrosim/HNHuang/project_big_sim/analysis/_used_by_article_nonlinear_evolution_pps/HALOMASS/output/m200c_bocquet16_lowhigh_cache/PL_snap0046_m200c_bocquet16_input.npz
PL,0046,1.506874201,2.6607250598e+09,9.4250000000e+00,3.8630231487e-01,4.6773868015e-03,239164,1333258,/project/tkcastrosim/HNHuang/project_big_sim/analysis/_used_by_article_nonlinear_evolution_pps/HALOMASS/output/m200c_bocquet16_lowhigh_cache/PL_snap0046_m200c_bocquet16_input.npz
PL,0046,1.506874201,3.7583740429e+09,9.5750000000e+00,2.8775869547e-01,4.0369545369e-03,239164,1333258,/project/tkcastrosim/HNHuang/project_big_sim/analysis/_used_by_article_nonlinear_evolution_pps/HALOMASS/output/m200c_bocquet16_lowhigh_cache/PL_snap0046_m200c_bocquet16_input.npz
PL,0046,1.506874201,5.3088444423e+09,9.7250000000e+00,2.0224095681e-01,3.3843415524e-03,239164,1333258,/project/tkcastrosim/HNHuang/project_big_sim/analysis/_used_by_article_nonlinear_evolution_pps/HALOMASS/output/m200c_bocquet16_lowhigh_cache/PL_snap0046_m200c_bocquet16_input.npz
PL,0046,1.506874201,7.4989420933e+09,9.8750000000e+00,1.4775879482e-01,2.8927859577e-03,239164,1333258,/project/tkcastrosim/HNHuang/project_big_sim/analysis/_used_by_article_nonlinear_evolution_pps/HALOMASS/output/m200c_bocquet16_lowhigh_cache/PL_snap0046_m200c_bocquet16_input.npz
PL,0046,1.506874201,1.0592537252e+10,1.0025000000e+01,1.0924749529e-01,2.4873985390e-03,239164,1333258,/project/tkcastrosim/HNHuang/project_big_sim/analysis/_used_by_article_nonlinear_evolution_pps/HALOMASS/output/m200c_bocquet16_lowhigh_cache/PL_snap0046_m200c_bocquet16_input.npz
PL,0046,1.506874201,1.4962356561e+10,1.0175000000e+01,7.8381821401e-02,2.1069164121e-03,239164,1333258,/project/tkcastrosim/HNHuang/project_big_sim/analysis/_used_by_article_nonlinear_evolution_pps/HALOMASS/output/m200c_bocquet16_lowhigh_cache/PL_snap0046_m200c_bocquet16_input.npz
PL,0046,1.506874201,2.1134890398e+10,1.0325000000e+01,5.9579245747e-02,1.8369068386e-03,239164,1333258,/project/tkcastrosim/HNHuang/project_big_sim/analysis/_used_by_article_nonlinear_evolution_pps/HALOMASS/output/m200c_bocquet16_lowhigh_cache/PL_snap0046_m200c_bocquet16_input.npz
PL,0046,1.506874201,2.9853826189e+10,1.0475000000e+01,3.9983790397e-02,1.5048098025e-03,239164,1333258,/project/tkcastrosim/HNHuang/project_big_sim/analysis/_used_by_article_nonlinear_evolution_pps/HALOMASS/output/m200c_bocquet16_lowhigh_cache/PL_snap0046_m200c_bocquet16_input.npz
PL,0046,1.506874201,4.2169650343e+10,1.0625000000e+01,2.9393183025e-02,1.2902175351e-03,239164,1333258,/project/tkcastrosim/HNHuang/project_big_sim/analysis/_used_by_article_nonlinear_evolution_pps/HALOMASS/output/m200c_bocquet16_lowhigh_cache/PL_snap0046_m200c_bocquet16_input.npz
PL,0046,1.506874201,5.9566214353e+10,1.0775000000e+01,2.1917460175e-02,1.1141271140e-03,239164,1333258,/project/tkcastrosim/HNHuang/project_big_sim/analysis/_used_by_article_nonlinear_evolution_pps/HALOMASS/output/m200c_bocquet16_lowhigh_cache/PL_snap0046_m200c_bocquet16_input.npz
PL,0046,1.506874201,8.4139514165e+10,1.0925000000e+01,1.5461154077e-02,9.3575161342e-04,239164,1333258,/project/tkcastrosim/HNHuang/project_big_sim/analysis/_used_by_article_nonlinear_evolution_pps/HALOMASS/output/m200c_bocquet16_lowhigh_cache/PL_snap0046_m200c_bocquet16_input.npz
PL,0046,1.506874201,1.1885022274e+11,1.1075000000e+01,1.1156950012e-02,7.9489977518e-04,239164,1333258,/project/tkcastrosim/HNHuang/project_big_sim/analysis/_used_by_article_nonlinear_evolution_pps/HALOMASS/output/m200c_bocquet16_lowhigh_cache/PL_snap0046_m200c_bocquet16_input.npz
PL,0046,1.506874201,1.6788040181e+11,1.1225000000e+01,8.0986997546e-03,6.7724729612e-04,239164,1333258,/project/tkcastrosim/HNHuang/project_big_sim/analysis/_used_by_article_nonlinear_evolution_pps/HALOMASS/output/m200c_bocquet16_lowhigh_cache/PL_snap0046_m200c_bocquet16_input.npz
PL,0046,1.506874201,2.3713737057e+11,1.1375000000e+01,6.1731347780e-03,5.9127907525e-04,239164,1333258,/project/tkcastrosim/HNHuang/project_big_sim/analysis/_used_by_article_nonlinear_evolution_pps/HALOMASS/output/m200c_bocquet16_lowhigh_cache/PL_snap0046_m200c_bocquet16_input.npz
PL,0046,1.506874201,3.3496543916e+11,1.1525000000e+01,3.9077642172e-03,4.7043952895e-04,239164,1333258,/project/tkcastrosim/HNHuang/project_big_sim/analysis/_used_by_article_nonlinear_evolution_pps/HALOMASS/output/m200c_bocquet16_lowhigh_cache/PL_snap0046_m200c_bocquet16_input.npz
PL,0046,1.506874201,4.7315125896e+11,1.1675000000e+01,3.1715187850e-03,4.2381202461e-04,239164,1333258,/project/tkcastrosim/HNHuang/project_big_sim/analysis/_used_by_article_nonlinear_evolution_pps/HALOMASS/output/m200c_bocquet16_lowhigh_cache/PL_snap0046_m200c_bocquet16_input.npz
PL,0046,1.506874201,6.6834391757e+11,1.1825000000e+01,2.0388335046e-03,3.3980558411e-04,239164,1333258,/project/tkcastrosim/HNHuang/project_big_sim/analysis/_used_by_article_nonlinear_evolution_pps/HALOMASS/output/m200c_bocquet16_lowhigh_cache/PL_snap0046_m200c_bocquet16_input.npz
PL,0046,1.506874201,9.4406087629e+11,1.1975000000e+01,1.7556621846e-03,3.1532623691e-04,239164,1333258,/project/tkcastrosim/HNHuang/project_big_sim/analysis/_used_by_article_nonlinear_evolution_pps/HALOMASS/output/m200c_bocquet16_lowhigh_cache/PL_snap0046_m200c_bocquet16_input.npz
PL,0046,1.506874201,1.3335214322e+12,1.2125000000e+01,1.1326852804e-03,2.5327612840e-04,239164,1333258,/project/tkcastrosim/HNHuang/project_big_sim/analysis/_used_by_article_nonlinear_evolution_pps/HALOMASS/output/m200c_bocquet16_lowhigh_cache/PL_snap0046_m200c_bocquet16_input.npz
PL,0046,1.506874201,1.8836490895e+12,1.2275000000e+01,8.4951396027e-04,2.1934356137e-04,239164,1333258,/project/tkcastrosim/HNHuang/project_big_sim/analysis/_used_by_article_nonlinear_evolution_pps/HALOMASS/output/m200c_bocquet16_lowhigh_cache/PL_snap0046_m200c_bocquet16_input.npz
PL,0046,1.506874201,2.6607250598e+12,1.2425000000e+01,7.3624543223e-04,2.0419774286e-04,239164,1333258,/project/tkcastrosim/HNHuang/project_big_sim/analysis/_used_by_article_nonlinear_evolution_pps/HALOMASS/output/m200c_bocquet16_lowhigh_cache/PL_snap0046_m200c_bocquet16_input.npz
PL,0046,1.506874201,3.7583740429e+12,1.2575000000e+01,5.6634264018e-04,1.7909326790e-04,239164,1333258,/project/tkcastrosim/HNHuang/project_big_sim/analysis/_used_by_article_nonlinear_evolution_pps/HALOMASS/output/m200c_bocquet16_lowhigh_cache/PL_snap0046_m200c_bocquet16_input.npz
PL,0046,1.506874201,5.3088444423e+12,1.2725000000e+01,2.8317132009e-04,1.2663806420e-04,239164,1333258,/project/tkcastrosim/HNHuang/project_big_sim/analysis/_used_by_article_nonlinear_evolution_pps/HALOMASS/output/m200c_bocquet16_lowhigh_cache/PL_snap0046_m200c_bocquet16_input.npz
PL,0046,1.506874201,7.4989420933e+12,1.2875000000e+01,5.6634264018e-05,5.6634264018e-05,239164,1333258,/project/tkcastrosim/HNHuang/project_big_sim/analysis/_used_by_article_nonlinear_evolution_pps/HALOMASS/output/m200c_bocquet16_lowhigh_cache/PL_snap0046_m200c_bocquet16_input.npz
PL,0046,1.506874201,1.0592537252e+13,1.3025000000e+01,5.6634264018e-05,5.6634264018e-05,239164,1333258,/project/tkcastrosim/HNHuang/project_big_sim/analysis/_used_by_article_nonlinear_evolution_pps/HALOMASS/output/m200c_bocquet16_lowhigh_cache/PL_snap0046_m200c_bocquet16_input.npz
PL,0046,1.506874201,1.4962356561e+13,1.3175000000e+01,5.6634264018e-05,5.6634264018e-05,239164,1333258,/project/tkcastrosim/HNHuang/project_big_sim/analysis/_used_by_article_nonlinear_evolution_pps/HALOMASS/output/m200c_bocquet16_lowhigh_cache/PL_snap0046_m200c_bocquet16_input.npz
PL,0052,0.4150651322,1.6788040181e+08,8.2250000000e+00,5.3881838787e-01,5.5240911321e-03,203156,1130005,/project/tkcastrosim/HNHuang/project_big_sim/analysis/_used_by_article_nonlinear_evolution_pps/HALOMASS/output/m200c_bocquet16_lowhigh_cache/PL_snap0052_m200c_bocquet16_input.npz
PL,0052,0.4150651322,2.3713737057e+08,8.3750000000e+00,2.8525546101e+00,1.2710323793e-02,203156,1130005,/project/tkcastrosim/HNHuang/project_big_sim/analysis/_used_by_article_nonlinear_evolution_pps/HALOMASS/output/m200c_bocquet16_lowhigh_cache/PL_snap0052_m200c_bocquet16_input.npz
PL,0052,0.4150651322,3.3496543916e+08,8.5250000000e+00,2.1489871482e+00,1.1032058082e-02,203156,1130005,/project/tkcastrosim/HNHuang/project_big_sim/analysis/_used_by_article_nonlinear_evolution_pps/HALOMASS/output/m200c_bocquet16_lowhigh_cache/PL_snap0052_m200c_bocquet16_input.npz
PL,0052,0.4150651322,4.7315125896e+08,8.6750000000e+00,1.5785102067e+00,9.4550390693e-03,203156,1130005,/project/tkcastrosim/HNHuang/project_big_sim/analysis/_used_by_article_nonlinear_evolution_pps/HALOMASS/output/m200c_bocquet16_lowhigh_cache/PL_snap0052_m200c_bocquet16_input.npz
PL,0052,0.4150651322,6.6834391757e+08,8.8250000000e+00,1.1734053162e+00,8.1519903384e-03,203156,1130005,/project/tkcastrosim/HNHuang/project_big_sim/analysis/_used_by_article_nonlinear_evolution_pps/HALOMASS/output/m200c_bocquet16_lowhigh_cache/PL_snap0052_m200c_bocquet16_input.npz
PL,0052,0.4150651322,9.4406087629e+08,8.9750000000e+00,8.5970812779e-01,6.9777458457e-03,203156,1130005,/project/tkcastrosim/HNHuang/project_big_sim/analysis/_used_by_article_nonlinear_evolution_pps/HALOMASS/output/m200c_bocquet16_lowhigh_cache/PL_snap0052_m200c_bocquet16_input.npz
PL,0052,0.4150651322,1.3335214322e+09,9.1250000000e+00,6.2784745090e-01,5.9630259347e-03,203156,1130005,/project/tkcastrosim/HNHuang/project_big_sim/analysis/_used_by_article_nonlinear_evolution_pps/HALOMASS/output/m200c_bocquet16_lowhigh_cache/PL_snap0052_m200c_bocquet16_input.npz
PL,0052,0.4150651322,1.8836490895e+09,9.2750000000e+00,4.5771812179e-01,5.0914171854e-03,203156,1130005,/project/tkcastrosim/HNHuang/project_big_sim/analysis/_used_by_article_nonlinear_evolution_pps/HALOMASS/output/m200c_bocquet16_lowhigh_cache/PL_snap0052_m200c_bocquet16_input.npz
PL,0052,0.4150651322,2.6607250598e+09,9.4250000000e+00,3.4093826939e-01,4.3941765966e-03,203156,1130005,/project/tkcastrosim/HNHuang/project_big_sim/analysis/_used_by_article_nonlinear_evolution_pps/HALOMASS/output/m200c_bocquet16_lowhigh_cache/PL_snap0052_m200c_bocquet16_input.npz
PL,0052,0.4150651322,3.7583740429e+09,9.5750000000e+00,2.5066325254e-01,3.7677750496e-03,203156,1130005,/project/tkcastrosim/HNHuang/project_big_sim/analysis/_used_by_article_nonlinear_evolution_pps/HALOMASS/output/m200c_bocquet16_lowhigh_cache/PL_snap0052_m200c_bocquet16_input.npz
PL,0052,0.4150651322,5.3088444423e+09,9.7250000000e+00,1.8230569587e-01,3.2132147317e-03,203156,1130005,/project/tkcastrosim/HNHuang/project_big_sim/analysis/_used_by_article_nonlinear_evolution_pps/HALOMASS/output/m200c_bocquet16_lowhigh_cache/PL_snap0052_m200c_bocquet16_input.npz
PL,0052,0.4150651322,7.4989420933e+09,9.8750000000e+00,1.3286398339e-01,2.7431102627e-03,203156,1130005,/project/tkcastrosim/HNHuang/project_big_sim/analysis/_used_by_article_nonlinear_evolution_pps/HALOMASS/output/m200c_bocquet16_lowhigh_cache/PL_snap0052_m200c_bocquet16_input.npz
PL,0052,0.4150651322,1.0592537252e+10,1.0025000000e+01,9.5938443246e-02,2.3309661354e-03,203156,1130005,/project/tkcastrosim/HNHuang/project_big_sim/analysis/_used_by_article_nonlinear_evolution_pps/HALOMASS/output/m200c_bocquet16_lowhigh_cache/PL_snap0052_m200c_bocquet16_input.npz
PL,0052,0.4150651322,1.4962356561e+10,1.0175000000e+01,7.0679561494e-02,2.0007211066e-03,203156,1130005,/project/tkcastrosim/HNHuang/project_big_sim/analysis/_used_by_article_nonlinear_evolution_pps/HALOMASS/output/m200c_bocquet16_lowhigh_cache/PL_snap0052_m200c_bocquet16_input.npz
PL,0052,0.4150651322,2.1134890398e+10,1.0325000000e+01,5.2160157160e-02,1.7187356143e-03,203156,1130005,/project/tkcastrosim/HNHuang/project_big_sim/analysis/_used_by_article_nonlinear_evolution_pps/HALOMASS/output/m200c_bocquet16_lowhigh_cache/PL_snap0052_m200c_bocquet16_input.npz
PL,0052,0.4150651322,2.9853826189e+10,1.0475000000e+01,3.8907739380e-02,1.4844228456e-03,203156,1130005,/project/tkcastrosim/HNHuang/project_big_sim/analysis/_used_by_article_nonlinear_evolution_pps/HALOMASS/output/m200c_bocquet16_lowhigh_cache/PL_snap0052_m200c_bocquet16_input.npz
PL,0052,0.4150651322,4.2169650343e+10,1.0625000000e+01,2.8033960689e-02,1.2600328294e-03,203156,1130005,/project/tkcastrosim/HNHuang/project_big_sim/analysis/_used_by_article_nonlinear_evolution_pps/HALOMASS/output/m200c_bocquet16_lowhigh_cache/PL_snap0052_m200c_bocquet16_input.npz
PL,0052,0.4150651322,5.9566214353e+10,1.0775000000e+01,1.9029112710e-02,1.0381232072e-03,203156,1130005,/project/tkcastrosim/HNHuang/project_big_sim/analysis/_used_by_article_nonlinear_evolution_pps/HALOMASS/output/m200c_bocquet16_lowhigh_cache/PL_snap0052_m200c_bocquet16_input.npz
PL,0052,0.4150651322,8.4139514165e+10,1.0925000000e+01,1.5234617021e-02,9.2887099350e-04,203156,1130005,/project/tkcastrosim/HNHuang/project_big_sim/analysis/_used_by_article_nonlinear_evolution_pps/HALOMASS/output/m200c_bocquet16_lowhigh_cache/PL_snap0052_m200c_bocquet16_input.npz
PL,0052,0.4150651322,1.1885022274e+11,1.1075000000e+01,1.0930412955e-02,7.8678834075e-04,203156,1130005,/project/tkcastrosim/HNHuang/project_big_sim/analysis/_used_by_article_nonlinear_evolution_pps/HALOMASS/output/m200c_bocquet16_lowhigh_cache/PL_snap0052_m200c_bocquet16_input.npz
PL,0052,0.4150651322,1.6788040181e+11,1.1225000000e+01,7.7022599064e-03,6.6046333818e-04,203156,1130005,/project/tkcastrosim/HNHuang/project_big_sim/analysis/_used_by_article_nonlinear_evolution_pps/HALOMASS/output/m200c_bocquet16_lowhigh_cache/PL_snap0052_m200c_bocquet16_input.npz
PL,0052,0.4150651322,2.3713737057e+11,1.1375000000e+01,5.9465977219e-03,5.8032851506e-04,203156,1130005,/project/tkcastrosim/HNHuang/project_big_sim/analysis/_used_by_article_nonlinear_evolution_pps/HALOMASS/output/m200c_bocquet16_lowhigh_cache/PL_snap0052_m200c_bocquet16_input.npz
PL,0052,0.4150651322,3.3496543916e+11,1.1525000000e+01,4.3042040654e-03,4.9372606719e-04,203156,1130005,/project/tkcastrosim/HNHuang/project_big_sim/analysis/_used_by_article_nonlinear_evolution_pps/HALOMASS/output/m200c_bocquet16_lowhigh_cache/PL_snap0052_m200c_bocquet16_input.npz
PL,0052,0.4150651322,4.7315125896e+11,1.1675000000e+01,2.8317132009e-03,4.0046472135e-04,203156,1130005,/project/tkcastrosim/HNHuang/project_big_sim/analysis/_used_by_article_nonlinear_evolution_pps/HALOMASS/output/m200c_bocquet16_lowhigh_cache/PL_snap0052_m200c_bocquet16_input.npz
PL,0052,0.4150651322,6.6834391757e+11,1.1825000000e+01,2.3220048247e-03,3.6263622860e-04,203156,1130005,/project/tkcastrosim/HNHuang/project_big_sim/analysis/_used_by_article_nonlinear_evolution_pps/HALOMASS/output/m200c_bocquet16_lowhigh_cache/PL_snap0052_m200c_bocquet16_input.npz
PL,0052,0.4150651322,9.4406087629e+11,1.1975000000e+01,2.3220048247e-03,3.6263622860e-04,203156,1130005,/project/tkcastrosim/HNHuang/project_big_sim/analysis/_used_by_article_nonlinear_evolution_pps/HALOMASS/output/m200c_bocquet16_lowhigh_cache/PL_snap0052_m200c_bocquet16_input.npz
PL,0052,0.4150651322,1.3335214322e+12,1.2125000000e+01,1.1893195444e-03,2.5953080179e-04,203156,1130005,/project/tkcastrosim/HNHuang/project_big_sim/analysis/_used_by_article_nonlinear_evolution_pps/HALOMASS/output/m200c_bocquet16_lowhigh_cache/PL_snap0052_m200c_bocquet16_input.npz
PL,0052,0.4150651322,1.8836490895e+12,1.2275000000e+01,1.1326852804e-03,2.5327612840e-04,203156,1130005,/project/tkcastrosim/HNHuang/project_big_sim/analysis/_used_by_article_nonlinear_evolution_pps/HALOMASS/output/m200c_bocquet16_lowhigh_cache/PL_snap0052_m200c_bocquet16_input.npz
PL,0052,0.4150651322,2.6607250598e+12,1.2425000000e+01,5.6634264018e-04,1.7909326790e-04,203156,1130005,/project/tkcastrosim/HNHuang/project_big_sim/analysis/_used_by_article_nonlinear_evolution_pps/HALOMASS/output/m200c_bocquet16_lowhigh_cache/PL_snap0052_m200c_bocquet16_input.npz
PL,0052,0.4150651322,3.7583740429e+12,1.2575000000e+01,3.9643984813e-04,1.4984017828e-04,203156,1130005,/project/tkcastrosim/HNHuang/project_big_sim/analysis/_used_by_article_nonlinear_evolution_pps/HALOMASS/output/m200c_bocquet16_lowhigh_cache/PL_snap0052_m200c_bocquet16_input.npz
PL,0052,0.4150651322,5.3088444423e+12,1.2725000000e+01,6.2297690420e-04,1.8783460403e-04,203156,1130005,/project/tkcastrosim/HNHuang/project_big_sim/analysis/_used_by_article_nonlinear_evolution_pps/HALOMASS/output/m200c_bocquet16_lowhigh_cache/PL_snap0052_m200c_bocquet16_input.npz
PL,0052,0.4150651322,7.4989420933e+12,1.2875000000e+01,2.2653705607e-04,1.1326852804e-04,203156,1130005,/project/tkcastrosim/HNHuang/project_big_sim/analysis/_used_by_article_nonlinear_evolution_pps/HALOMASS/output/m200c_bocquet16_lowhigh_cache/PL_snap0052_m200c_bocquet16_input.npz
PL,0052,0.4150651322,1.0592537252e+13,1.3025000000e+01,4.5307411214e-04,1.6018588854e-04,203156,1130005,/project/tkcastrosim/HNHuang/project_big_sim/analysis/_used_by_article_nonlinear_evolution_pps/HALOMASS/output/m200c_bocquet16_lowhigh_cache/PL_snap0052_m200c_bocquet16_input.npz
PL,0052,0.4150651322,1.4962356561e+13,1.3175000000e+01,2.2653705607e-04,1.1326852804e-04,203156,1130005,/project/tkcastrosim/HNHuang/project_big_sim/analysis/_used_by_article_nonlinear_evolution_pps/HALOMASS/output/m200c_bocquet16_lowhigh_cache/PL_snap0052_m200c_bocquet16_input.npz
PL,0052,0.4150651322,2.1134890398e+13,1.3325000000e+01,1.1326852804e-04,8.0092944269e-05,203156,1130005,/project/tkcastrosim/HNHuang/project_big_sim/analysis/_used_by_article_nonlinear_evolution_pps/HALOMASS/output/m200c_bocquet16_lowhigh_cache/PL_snap0052_m200c_bocquet16_input.npz
PL,0056,0,1.6788040181e+08,8.2250000000e+00,4.6785565505e-01,5.1474907179e-03,178792,1044921,/project/tkcastrosim/HNHuang/project_big_sim/analysis/_used_by_article_nonlinear_evolution_pps/HALOMASS/output/m200c_bocquet16_lowhigh_cache/PL_snap0056_m200c_bocquet16_input.npz
PL,0056,0,2.3713737057e+08,8.3750000000e+00,2.4983072886e+00,1.1894948280e-02,178792,1044921,/project/tkcastrosim/HNHuang/project_big_sim/analysis/_used_by_article_nonlinear_evolution_pps/HALOMASS/output/m200c_bocquet16_lowhigh_cache/PL_snap0056_m200c_bocquet16_input.npz
PL,0056,0,3.3496543916e+08,8.5250000000e+00,1.8876766540e+00,1.0339592739e-02,178792,1044921,/project/tkcastrosim/HNHuang/project_big_sim/analysis/_used_by_article_nonlinear_evolution_pps/HALOMASS/output/m200c_bocquet16_lowhigh_cache/PL_snap0056_m200c_bocquet16_input.npz
PL,0056,0,4.7315125896e+08,8.6750000000e+00,1.3799504771e+00,8.8403891119e-03,178792,1044921,/project/tkcastrosim/HNHuang/project_big_sim/analysis/_used_by_article_nonlinear_evolution_pps/HALOMASS/output/m200c_bocquet16_lowhigh_cache/PL_snap0056_m200c_bocquet16_input.npz
PL,0056,0,6.6834391757e+08,8.8250000000e+00,1.0284216003e+00,7.6317691549e-03,178792,1044921,/project/tkcastrosim/HNHuang/project_big_sim/analysis/_used_by_article_nonlinear_evolution_pps/HALOMASS/output/m200c_bocquet16_lowhigh_cache/PL_snap0056_m200c_bocquet16_input.npz
PL,0056,0,9.4406087629e+08,8.9750000000e+00,7.6393958734e-01,6.5776254289e-03,178792,1044921,/project/tkcastrosim/HNHuang/project_big_sim/analysis/_used_by_article_nonlinear_evolution_pps/HALOMASS/output/m200c_bocquet16_lowhigh_cache/PL_snap0056_m200c_bocquet16_input.npz
PL,0056,0,1.3335214322e+09,9.1250000000e+00,5.6220833891e-01,5.6427170316e-03,178792,1044921,/project/tkcastrosim/HNHuang/project_big_sim/analysis/_used_by_article_nonlinear_evolution_pps/HALOMASS/output/m200c_bocquet16_lowhigh_cache/PL_snap0056_m200c_bocquet16_input.npz
PL,0056,0,1.8836490895e+09,9.2750000000e+00,4.0159356615e-01,4.7690623872e-03,178792,1044921,/project/tkcastrosim/HNHuang/project_big_sim/analysis/_used_by_article_nonlinear_evolution_pps/HALOMASS/output/m200c_bocquet16_lowhigh_cache/PL_snap0056_m200c_bocquet16_input.npz
PL,0056,0,2.6607250598e+09,9.4250000000e+00,3.0027486782e-01,4.1238145136e-03,178792,1044921,/project/tkcastrosim/HNHuang/project_big_sim/analysis/_used_by_article_nonlinear_evolution_pps/HALOMASS/output/m200c_bocquet16_lowhigh_cache/PL_snap0056_m200c_bocquet16_input.npz
PL,0056,0,3.7583740429e+09,9.5750000000e+00,2.2749983856e-01,3.5894687519e-03,178792,1044921,/project/tkcastrosim/HNHuang/project_big_sim/analysis/_used_by_article_nonlinear_evolution_pps/HALOMASS/output/m200c_bocquet16_lowhigh_cache/PL_snap0056_m200c_bocquet16_input.npz
PL,0056,0,5.3088444423e+09,9.7250000000e+00,1.6072804128e-01,3.0170704873e-03,178792,1044921,/project/tkcastrosim/HNHuang/project_big_sim/analysis/_used_by_article_nonlinear_evolution_pps/HALOMASS/output/m200c_bocquet16_lowhigh_cache/PL_snap0056_m200c_bocquet16_input.npz
PL,0056,0,7.4989420933e+09,9.8750000000e+00,1.2085751941e-01,2.6162332968e-03,178792,1044921,/project/tkcastrosim/HNHuang/project_big_sim/analysis/_used_by_article_nonlinear_evolution_pps/HALOMASS/output/m200c_bocquet16_lowhigh_cache/PL_snap0056_m200c_bocquet16_input.npz
PL,0056,0,1.0592537252e+10,1.0025000000e+01,8.4385053387e-02,2.1861119351e-03,178792,1044921,/project/tkcastrosim/HNHuang/project_big_sim/analysis/_used_by_article_nonlinear_evolution_pps/HALOMASS/output/m200c_bocquet16_lowhigh_cache/PL_snap0056_m200c_bocquet16_input.npz
PL,0056,0,1.4962356561e+10,1.0175000000e+01,6.3260472908e-02,1.8928048829e-03,178792,1044921,/project/tkcastrosim/HNHuang/project_big_sim/analysis/_used_by_article_nonlinear_evolution_pps/HALOMASS/output/m200c_bocquet16_lowhigh_cache/PL_snap0056_m200c_bocquet16_input.npz
PL,0056,0,2.1134890398e+10,1.0325000000e+01,4.8365661471e-02,1.6550388639e-03,178792,1044921,/project/tkcastrosim/HNHuang/project_big_sim/analysis/_used_by_article_nonlinear_evolution_pps/HALOMASS/output/m200c_bocquet16_lowhigh_cache/PL_snap0056_m200c_bocquet16_input.npz
PL,0056,0,2.9853826189e+10,1.0475000000e+01,3.4150461203e-02,1.3907142899e-03,178792,1044921,/project/tkcastrosim/HNHuang/project_big_sim/analysis/_used_by_article_nonlinear_evolution_pps/HALOMASS/output/m200c_bocquet16_lowhigh_cache/PL_snap0056_m200c_bocquet16_input.npz
PL,0056,0,4.2169650343e+10,1.0625000000e+01,2.6334932768e-02,1.2212532642e-03,178792,1044921,/project/tkcastrosim/HNHuang/project_big_sim/analysis/_used_by_article_nonlinear_evolution_pps/HALOMASS/output/m200c_bocquet16_lowhigh_cache/PL_snap0056_m200c_bocquet16_input.npz
PL,0056,0,5.9566214353e+10,1.0775000000e+01,1.8236233014e-02,1.0162655338e-03,178792,1044921,/project/tkcastrosim/HNHuang/project_big_sim/analysis/_used_by_article_nonlinear_evolution_pps/HALOMASS/output/m200c_bocquet16_lowhigh_cache/PL_snap0056_m200c_bocquet16_input.npz
PL,0056,0,8.4139514165e+10,1.0925000000e+01,1.3195783516e-02,8.6448452131e-04,178792,1044921,/project/tkcastrosim/HNHuang/project_big_sim/analysis/_used_by_article_nonlinear_evolution_pps/HALOMASS/output/m200c_bocquet16_lowhigh_cache/PL_snap0056_m200c_bocquet16_input.npz
PL,0056,0,1.1885022274e+11,1.1075000000e+01,1.0590607371e-02,7.7446191254e-04,178792,1044921,/project/tkcastrosim/HNHuang/project_big_sim/analysis/_used_by_article_nonlinear_evolution_pps/HALOMASS/output/m200c_bocquet16_lowhigh_cache/PL_snap0056_m200c_bocquet16_input.npz
PL,0056,0,1.6788040181e+11,1.1225000000e+01,7.8721626985e-03,6.6770812535e-04,178792,1044921,/project/tkcastrosim/HNHuang/project_big_sim/analysis/_used_by_article_nonlinear_evolution_pps/HALOMASS/output/m200c_bocquet16_lowhigh_cache/PL_snap0056_m200c_bocquet16_input.npz
PL,0056,0,2.3713737057e+11,1.1375000000e+01,4.5307411214e-03,5.0655225680e-04,178792,1044921,/project/tkcastrosim/HNHuang/project_big_sim/analysis/_used_by_article_nonlinear_evolution_pps/HALOMASS/output/m200c_bocquet16_lowhigh_cache/PL_snap0056_m200c_bocquet16_input.npz
PL,0056,0,3.3496543916e+11,1.1525000000e+01,3.5679586331e-03,4.4952053483e-04,178792,1044921,/project/tkcastrosim/HNHuang/project_big_sim/analysis/_used_by_article_nonlinear_evolution_pps/HALOMASS/output/m200c_bocquet16_lowhigh_cache/PL_snap0056_m200c_bocquet16_input.npz
PL,0056,0,4.7315125896e+11,1.1675000000e+01,3.1148845210e-03,4.2001094313e-04,178792,1044921,/project/tkcastrosim/HNHuang/project_big_sim/analysis/_used_by_article_nonlinear_evolution_pps/HALOMASS/output/m200c_bocquet16_lowhigh_cache/PL_snap0056_m200c_bocquet16_input.npz
PL,0056,0,6.6834391757e+11,1.1825000000e+01,2.2653705607e-03,3.5818653581e-04,178792,1044921,/project/tkcastrosim/HNHuang/project_big_sim/analysis/_used_by_article_nonlinear_evolution_pps/HALOMASS/output/m200c_bocquet16_lowhigh_cache/PL_snap0056_m200c_bocquet16_input.npz
PL,0056,0,9.4406087629e+11,1.1975000000e+01,2.0954677687e-03,3.4449277910e-04,178792,1044921,/project/tkcastrosim/HNHuang/project_big_sim/analysis/_used_by_article_nonlinear_evolution_pps/HALOMASS/output/m200c_bocquet16_lowhigh_cache/PL_snap0056_m200c_bocquet16_input.npz
PL,0056,0,1.3335214322e+12,1.2125000000e+01,9.6278248830e-04,2.3350905257e-04,178792,1044921,/project/tkcastrosim/HNHuang/project_big_sim/analysis/_used_by_article_nonlinear_evolution_pps/HALOMASS/output/m200c_bocquet16_lowhigh_cache/PL_snap0056_m200c_bocquet16_input.npz
PL,0056,0,1.8836490895e+12,1.2275000000e+01,9.0614822429e-04,2.2653705607e-04,178792,1044921,/project/tkcastrosim/HNHuang/project_big_sim/analysis/_used_by_article_nonlinear_evolution_pps/HALOMASS/output/m200c_bocquet16_lowhigh_cache/PL_snap0056_m200c_bocquet16_input.npz
PL,0056,0,2.6607250598e+12,1.2425000000e+01,5.6634264018e-04,1.7909326790e-04,178792,1044921,/project/tkcastrosim/HNHuang/project_big_sim/analysis/_used_by_article_nonlinear_evolution_pps/HALOMASS/output/m200c_bocquet16_lowhigh_cache/PL_snap0056_m200c_bocquet16_input.npz
PL,0056,0,3.7583740429e+12,1.2575000000e+01,2.8317132009e-04,1.2663806420e-04,178792,1044921,/project/tkcastrosim/HNHuang/project_big_sim/analysis/_used_by_article_nonlinear_evolution_pps/HALOMASS/output/m200c_bocquet16_lowhigh_cache/PL_snap0056_m200c_bocquet16_input.npz
PL,0056,0,5.3088444423e+12,1.2725000000e+01,3.9643984813e-04,1.4984017828e-04,178792,1044921,/project/tkcastrosim/HNHuang/project_big_sim/analysis/_used_by_article_nonlinear_evolution_pps/HALOMASS/output/m200c_bocquet16_lowhigh_cache/PL_snap0056_m200c_bocquet16_input.npz
PL,0056,0,7.4989420933e+12,1.2875000000e+01,3.3980558411e-04,1.3872504880e-04,178792,1044921,/project/tkcastrosim/HNHuang/project_big_sim/analysis/_used_by_article_nonlinear_evolution_pps/HALOMASS/output/m200c_bocquet16_lowhigh_cache/PL_snap0056_m200c_bocquet16_input.npz
PL,0056,0,1.0592537252e+13,1.3025000000e+01,3.9643984813e-04,1.4984017828e-04,178792,1044921,/project/tkcastrosim/HNHuang/project_big_sim/analysis/_used_by_article_nonlinear_evolution_pps/HALOMASS/output/m200c_bocquet16_lowhigh_cache/PL_snap0056_m200c_bocquet16_input.npz
PL,0056,0,1.4962356561e+13,1.3175000000e+01,3.9643984813e-04,1.4984017828e-04,178792,1044921,/project/tkcastrosim/HNHuang/project_big_sim/analysis/_used_by_article_nonlinear_evolution_pps/HALOMASS/output/m200c_bocquet16_lowhigh_cache/PL_snap0056_m200c_bocquet16_input.npz
PL,0056,0,2.1134890398e+13,1.3325000000e+01,5.6634264018e-05,5.6634264018e-05,178792,1044921,/project/tkcastrosim/HNHuang/project_big_sim/analysis/_used_by_article_nonlinear_evolution_pps/HALOMASS/output/m200c_bocquet16_lowhigh_cache/PL_snap0056_m200c_bocquet16_input.npz
PL,0056,0,2.9853826189e+13,1.3475000000e+01,1.1326852804e-04,8.0092944269e-05,178792,1044921,/project/tkcastrosim/HNHuang/project_big_sim/analysis/_used_by_article_nonlinear_evolution_pps/HALOMASS/output/m200c_bocquet16_lowhigh_cache/PL_snap0056_m200c_bocquet16_input.npz
PL,0056,0,4.2169650343e+13,1.3625000000e+01,5.6634264018e-05,5.6634264018e-05,178792,1044921,/project/tkcastrosim/HNHuang/project_big_sim/analysis/_used_by_article_nonlinear_evolution_pps/HALOMASS/output/m200c_bocquet16_lowhigh_cache/PL_snap0056_m200c_bocquet16_input.npz
